id,index,c_rmsd,i_rmsd,l_rmsd,fnat,DockQ,ranking_energy,ranking_num_clashes
2HRK,0,14.41845703125,11.96013069152832,24.75564956665039,0.0,0.040315341699409105,-21.30449676513672,0
2HRK,1,14.171062469482422,11.752392768859863,24.088552474975586,0.0,0.0422519203454454,-22.19675636291504,1
2HRK,2,4.874888896942139,3.819124460220337,10.15101432800293,0.285714,0.277175108555976,-25.79379653930664,0
2HRK,3,13.714631080627441,11.437685012817383,24.01266860961914,0.0,0.042752582676779345,-22.725204467773438,0
2HRK,4,14.08205795288086,11.538885116577148,24.51869773864746,0.0,0.04130221967309567,-21.371265411376953,1
2HRK,5,4.938631057739258,3.929485559463501,11.149322509765625,0.0,0.16492048739436763,-21.142898559570312,0
2HRK,6,11.014208793640137,8.746771812438965,20.325525283813477,0.0,0.059140872635030095,-18.137619018554688,2
2HRK,7,13.306241035461426,9.877470970153809,28.96574592590332,0.142857,0.08156142274118708,-14.961309432983398,0
2HRK,8,14.35911750793457,11.859580039978027,24.147310256958008,0.0,0.0419976651819342,-20.13002586364746,0
2HRK,9,8.253686904907227,6.7673234939575195,16.577659606933594,0.0,0.08500048465677372,-20.554183959960938,0
2HRK,10,11.06029224395752,9.247486114501953,21.72597885131836,0.0,0.052794471865718735,-18.30820083618164,1
2HRK,11,13.997042655944824,11.547513008117676,24.104412078857422,0.0,0.042396842383560986,-20.140775680541992,1
2HRK,12,13.798681259155273,11.241156578063965,24.233993530273438,0.0,0.04234696661980891,-21.53031349182129,0
2HRK,13,13.867156028747559,11.432727813720703,23.754798889160156,0.0,0.0434756347589702,-22.233192443847656,1
2HRK,14,14.59456729888916,12.223876953125,24.650598526000977,0.0,0.040366614155797995,-19.813913345336914,1
1LFD,0,6.7619404792785645,7.481813430786133,18.956668853759766,0.0,0.06867994379180062,-14.050548553466797,3
1LFD,1,4.243355751037598,4.434309482574463,12.066224098205566,0.0,0.14477933857197997,-17.515398025512695,1
1LFD,2,7.328439712524414,7.007551670074463,13.976865768432617,0.0,0.10460057844598745,-15.385461807250977,4
1LFD,3,11.136741638183594,10.688755989074707,23.704721450805664,0.0,0.044414313054884996,-18.85272979736328,0
1LFD,4,6.620952606201172,7.42866325378418,19.129976272583008,0.0,0.06801716318431306,-15.77833080291748,0
1LFD,5,5.844771385192871,6.116617679595947,16.693246841430664,0.0,0.08753951012891205,-14.406183242797852,0
1LFD,6,5.839650630950928,6.324682712554932,15.524197578430176,0.0,0.09463277741331404,-14.475995063781738,4
1LFD,7,11.12114429473877,10.687711715698242,20.859451293945312,0.0,0.05390634042166433,-16.865663528442383,0
1LFD,8,10.078767776489258,9.897515296936035,20.40804100036621,0.0,0.0567607808991081,-16.401260375976562,0
1LFD,9,4.118977069854736,4.434533596038818,11.40649127960205,0.0,0.15323646913916691,-16.448036193847656,1
1LFD,10,3.6975574493408203,3.575057029724121,9.75462532043457,0.0,0.19376142286683548,-17.069467544555664,0
1LFD,11,7.153832912445068,7.883866310119629,19.274749755859375,0.0,0.06591534204437441,-14.876249313354492,1
1LFD,12,12.326704978942871,10.878011703491211,37.41524124145508,0.0,0.022579168255296045,-13.794578552246094,3
1LFD,13,4.971407413482666,4.944223403930664,13.130306243896484,0.0,0.12653274546910528,-15.185235977172852,0
1LFD,14,9.213936805725098,9.147611618041992,18.443506240844727,0.0,0.06712432214894647,-15.602412223815918,0
2YVJ,0,9.057548522949219,7.346614360809326,24.130178451538086,0.0,0.05013546220080842,-17.457910537719727,0
2YVJ,1,7.318490028381348,3.692239284515381,22.345205307006836,1.0,0.4226910037309843,-16.21271514892578,0
2YVJ,2,8.045248985290527,3.842141628265381,24.115835189819336,0.5,0.24758766746613892,-17.04401206970215,0
2YVJ,3,23.728261947631836,13.59779167175293,58.39277267456055,0.0,0.010924072756174852,-23.814062118530273,1
2YVJ,4,7.321844100952148,6.881136894226074,16.967670440673828,0.0,0.08199089789418941,-17.211755752563477,0
2YVJ,5,18.58020782470703,11.689559936523438,45.552772521972656,0.0,0.016615339443983707,-14.10263442993164,50
2YVJ,6,6.6068902015686035,6.0470428466796875,16.93902587890625,0.0,0.08637233068545297,-13.69442081451416,0
2YVJ,7,8.9829683303833,8.758744239807129,21.963031768798828,0.0,0.05292055807814089,-14.867362022399902,37
2YVJ,8,23.925682067871094,14.04839038848877,58.97996139526367,0.0,0.01053972326050124,-20.265987396240234,4
2YVJ,9,8.498967170715332,5.140264987945557,22.908660888671875,0.0,0.06649438630280231,-17.955686569213867,0
2YVJ,10,8.738121032714844,6.103862285614014,24.03007698059082,0.0,0.056052611402280676,-16.47881317138672,0
2YVJ,11,8.068526268005371,6.703846454620361,19.661638259887695,0.0,0.06838124708249803,-14.074769973754883,26
2YVJ,12,8.174756050109863,4.605929374694824,23.89272689819336,0.0,0.06941115573418281,-16.85161018371582,0
2YVJ,13,21.76154327392578,12.402915000915527,54.83757019042969,0.0,0.012625921740057345,-19.973840713500977,13
2YVJ,14,7.698225498199463,3.9242870807647705,22.824817657470703,0.5,0.24975699924217767,-16.32832908630371,0
1BUH,0,10.23949146270752,11.730254173278809,28.539348602294922,0.0,0.03252220494530703,-17.361225128173828,0
1BUH,1,10.877601623535156,15.872987747192383,28.427370071411133,0.0,0.03030647875012237,-19.16499137878418,0
1BUH,2,10.288247108459473,14.154940605163574,28.8734073638916,0.0,0.030285935929405178,-15.359036445617676,1
1BUH,3,8.14981460571289,10.046682357788086,24.80828285217285,0.0,0.04228850974340568,-17.106523513793945,0
1BUH,4,10.468481063842773,15.318276405334473,28.668066024780273,0.0,0.030101495583039446,-18.891279220581055,0
1BUH,5,10.97752857208252,16.16215705871582,30.82317352294922,0.0,0.026404249227382954,-18.165233612060547,0
1BUH,6,9.322592735290527,12.436453819274902,26.939817428588867,0.0,0.03495911948225307,-19.48192024230957,0
1BUH,7,10.663355827331543,12.090594291687012,28.32581329345703,0.0,0.03258914689614747,-20.506689071655273,0
1BUH,8,9.775593757629395,12.242561340332031,29.281885147094727,0.0,0.030834988482832153,-19.30008888244629,0
1BUH,9,10.876594543457031,14.230717658996582,29.668838500976562,0.0,0.028947370787776577,-17.422996520996094,1
1BUH,10,9.080764770507812,12.764784812927246,25.39333724975586,0.0,0.038125909358497995,-17.266403198242188,0
1BUH,11,9.210541725158691,12.58248233795166,26.301172256469727,0.0,0.03619351220342581,-19.34819221496582,0
1BUH,12,10.972387313842773,15.843714714050293,28.868165969848633,0.0,0.029554398044366662,-18.633981704711914,0
1BUH,13,10.971715927124023,14.349006652832031,30.27980613708496,0.0,0.02795159922972733,-18.19610023498535,0
1BUH,14,9.690934181213379,11.364007949829102,26.795406341552734,0.0,0.0361839945296173,-16.483251571655273,0
2J0T,0,7.856069087982178,6.988272666931152,20.90155601501465,0.142857,0.10960351482269247,-17.88214683532715,1
2J0T,1,8.621864318847656,8.670920372009277,32.667442321777344,0.0,0.030822197194735352,-17.57792091369629,2
2J0T,2,12.114869117736816,10.154967308044434,34.28534698486328,0.0,0.02641918939084741,-18.13083839416504,1
2J0T,3,16.434249877929688,13.881614685058594,52.64291763305664,0.0,0.012316684854600775,-18.3476505279541,2
2J0T,4,16.190025329589844,11.855490684509277,36.03296661376953,0.0,0.022823066527584285,-17.14659309387207,8
2J0T,5,6.774693965911865,6.132403373718262,26.1256046295166,0.035714,0.06262925985536126,-16.26140785217285,2
2J0T,6,8.85798454284668,8.118709564208984,30.480764389038086,0.0,0.03505438216471793,-17.125009536743164,4
2J0T,7,14.932673454284668,10.295397758483887,26.8381290435791,0.0,0.0373164282964941,-16.81834602355957,2
2J0T,8,11.16122817993164,8.653470993041992,31.901954650878906,0.035714,0.043723297921929645,-17.753522872924805,3
2J0T,9,16.79792594909668,12.784055709838867,47.782005310058594,0.0,0.014751603723389746,-15.855202674865723,8
2J0T,10,12.010990142822266,8.61588191986084,25.412729263305664,0.357143,0.16239330666724905,-16.014148712158203,10
2J0T,11,9.678445816040039,8.017431259155273,30.044095993041992,0.0,0.03597669131522813,-16.226381301879883,5
2J0T,12,9.509109497070312,6.944562911987305,25.447975158691406,0.428571,0.19117133592745675,-15.998968124389648,9
2J0T,13,16.53310775756836,12.742252349853516,47.47701644897461,0.0,0.01490864386223832,-15.910026550292969,5
2J0T,14,7.034378528594971,7.019683837890625,23.113197326660156,0.0,0.054266451821332475,-17.936317443847656,3
5GRJ,0,15.886210441589355,11.31489086151123,51.72966003417969,0.0,0.01452026192815794,-18.437192916870117,0
5GRJ,1,13.874669075012207,9.550285339355469,36.33063507080078,0.0,0.025324193577795775,-18.801443099975586,10
5GRJ,2,10.410290718078613,6.415202617645264,30.55418586730957,0.533333,0.21900111030997038,-15.558923721313477,1
5GRJ,3,20.268310546875,11.324617385864258,60.545135498046875,0.0,0.012190162702798699,-14.043387413024902,19
5GRJ,4,16.04191017150879,10.686542510986328,45.75860595703125,0.266667,0.10644770362857774,-15.646137237548828,7
5GRJ,5,15.223633766174316,9.8555269241333,36.00756072998047,0.0,0.025141241209545806,-17.822813034057617,6
5GRJ,6,17.075088500976562,11.597610473632812,41.142364501953125,0.0,0.019129657262891026,-18.19744873046875,10
5GRJ,7,20.116849899291992,12.166420936584473,80.32084655761719,0.0,0.008682630825246767,-15.499852180480957,10
5GRJ,8,15.491800308227539,9.946745872497559,37.52912521362305,0.066667,0.04589928931239145,-14.12683391571045,12
5GRJ,9,12.193388938903809,8.19344425201416,28.374319076538086,0.0,0.03825966211752537,-18.63753890991211,3
5GRJ,10,16.42084312438965,10.583560943603516,42.440521240234375,0.533333,0.19719662842908772,-16.70809555053711,10
5GRJ,11,12.065971374511719,7.696745872497559,34.497867584228516,0.6,0.2312752566083207,-15.969158172607422,3
5GRJ,12,14.458141326904297,9.018370628356934,36.86266326904297,0.6,0.22580180723341362,-15.524789810180664,12
5GRJ,13,19.86607551574707,10.661505699157715,66.37519836425781,0.0,0.011848352202485013,-14.581206321716309,51
5GRJ,14,21.682355880737305,13.839980125427246,49.30857849121094,0.0,0.013489603298465299,-18.474294662475586,3
3BIW,0,27.152694702148438,16.732749938964844,76.05379486083984,0.0,0.0067696500650296365,-13.314329147338867,9
3BIW,1,28.606830596923828,16.67643928527832,77.53313446044922,0.0,0.00663389932120254,-12.618188858032227,12
3BIW,2,28.44222068786621,17.10015106201172,78.56793212890625,0.0,0.0064015753459278285,-14.054208755493164,8
3BIW,3,27.94842529296875,17.13062286376953,77.31477355957031,0.0,0.006517115660448898,-13.113706588745117,11
3BIW,4,26.242631912231445,16.8587646484375,75.15270233154297,0.0,0.006828335418656832,-13.607775688171387,14
3BIW,5,30.496692657470703,17.52529525756836,77.76537322998047,0.0,0.006359532427532681,-12.36727523803711,9
3BIW,6,27.72639274597168,18.41824722290039,75.33372497558594,0.0,0.006386595991596089,-13.891985893249512,12
3BIW,7,28.98990249633789,18.282888412475586,80.4391098022461,0.0,0.0059096803644059955,-11.52896785736084,10
3BIW,8,30.35770606994629,16.94678497314453,76.97626495361328,0.0,0.006606677282232053,-13.43472671508789,13
3BIW,9,20.40444564819336,14.364540100097656,64.9158935546875,0.0,0.009214216145645581,-13.420071601867676,21
3BIW,10,23.013792037963867,9.91258716583252,53.81218338012695,0.0,0.015576317478901988,-12.494534492492676,102
3BIW,11,19.291032791137695,16.137832641601562,63.97861862182617,0.0,0.008636788823532558,-13.539483070373535,16
3BIW,12,23.776592254638672,17.480619430541992,72.94364929199219,0.0,0.006902116448626246,-13.187026023864746,4
3BIW,13,29.66680908203125,16.432605743408203,74.66241455078125,0.0,0.0070195202341416995,-13.611202239990234,19
3BIW,14,19.654376983642578,16.67144775390625,66.52409362792969,0.0,0.008031364743037478,-12.995321273803711,9
3F1P,0,12.02088737487793,10.649959564208984,23.506418228149414,0.0,0.04502943433803614,-18.427549362182617,1
3F1P,1,18.673667907714844,19.3781681060791,51.87242889404297,0.0,0.010701744312417423,-19.898462295532227,0
3F1P,2,16.955577850341797,18.65467071533203,48.831642150878906,0.0,0.011944154661866144,-17.86711883544922,1
3F1P,3,15.667716979980469,16.16695213317871,43.795047760009766,0.0,0.014945620114791247,-13.73322868347168,0
3F1P,4,17.427043914794922,18.296171188354492,52.09978103637695,0.0,0.010867956012923343,-17.730682373046875,1
3F1P,5,14.342072486877441,14.049003601074219,23.418060302734375,0.0,0.04256011197735815,-17.683048248291016,1
3F1P,6,18.67921257019043,18.8513126373291,50.89599609375,0.0,0.011142052110341041,-20.025924682617188,0
3F1P,7,17.962865829467773,18.119234085083008,50.841033935546875,0.0,0.011332800306937103,-14.756573677062988,0
3F1P,8,16.82143211364746,16.75240135192871,52.19649887084961,0.0,0.01126244366119313,-19.772722244262695,0
3F1P,9,16.598255157470703,18.051593780517578,49.529422760009766,0.0,0.011822209781834033,-17.513294219970703,0
3F1P,10,17.217992782592773,16.42676544189453,41.86219787597656,0.0,0.015955017699153317,-14.95094108581543,0
3F1P,11,16.13683319091797,16.013391494750977,40.43779373168945,0.0,0.017004078545779188,-19.403913497924805,1
3F1P,12,16.161365509033203,17.415489196777344,48.91423797607422,0.0,0.012225294894550487,-17.303730010986328,0
3F1P,13,13.708731651306152,11.902531623840332,21.063039779663086,0.0,0.05189324379921639,-18.28792381286621,2
3F1P,14,19.017887115478516,20.52129554748535,48.5151252746582,0.0,0.011698796441600642,-15.802963256835938,0
3G6D,0,9.538116455078125,14.056320190429688,22.280263900756836,0.0,0.04610419979999436,-18.84164047241211,0
3G6D,1,9.565302848815918,11.266947746276855,23.174470901489258,0.0,0.04533105461634635,-15.087507247924805,3
3G6D,2,7.912536144256592,10.582757949829102,18.323801040649414,0.0,0.06559093952934418,-17.70180320739746,1
3G6D,3,12.277946472167969,13.31144905090332,31.065454483032227,0.0,0.027396609276736584,-15.145031929016113,20
3G6D,4,7.634040832519531,11.784400939941406,17.97789764404297,0.0,0.06621488992898321,-18.166282653808594,0
3G6D,5,9.320022583007812,13.533597946166992,21.57832145690918,0.0,0.048820176968229545,-18.04157257080078,0
3G6D,6,17.38612174987793,19.3565616607666,47.81224060058594,0.0,0.012202108126883075,-15.28278923034668,4
3G6D,7,10.026782989501953,13.290959358215332,23.785493850708008,0.0,0.04194048362163313,-18.307750701904297,0
3G6D,8,12.131162643432617,17.120820999145508,31.365968704223633,0.0,0.025343755521368944,-18.189857482910156,2
3G6D,9,10.783260345458984,12.99052906036377,27.47844123840332,0.0,0.03349610979683783,-17.730451583862305,8
3G6D,10,11.833749771118164,12.339688301086426,29.752832412719727,0.0,0.030006610858326187,-14.2557373046875,30
3G6D,11,9.42109489440918,13.328994750976562,22.159259796142578,0.0,0.046924017378231264,-17.12017059326172,0
3G6D,12,17.293901443481445,19.20856285095215,47.12263488769531,0.0,0.012524300952912973,-15.679064750671387,8
3G6D,13,8.415655136108398,13.175406455993652,20.142377853393555,0.0,0.05465240007062452,-17.78984832763672,1
3G6D,14,9.28138256072998,13.706191062927246,21.8427734375,0.0,0.04778424175338101,-20.204105377197266,0
5X0T,0,8.148688316345215,11.333388328552246,21.98811149597168,0.0,0.04907514388863197,-17.481931686401367,0
5X0T,1,13.302062034606934,10.517224311828613,39.48474884033203,0.0,0.02140860163928357,-16.441755294799805,1
5X0T,2,12.104330062866211,8.817541122436523,35.771873474121094,0.0,0.02718985149213099,-16.027814865112305,2
5X0T,3,8.265030860900879,11.277482986450195,22.096561431884766,0.0,0.04876153850661569,-17.219951629638672,0
5X0T,4,6.404449939727783,9.55274772644043,17.873435974121094,0.0,0.06950356672078847,-15.293106079101562,1
5X0T,5,5.070274353027344,6.3860273361206055,13.249449729919434,0.0,0.11461856483918224,-19.136531829833984,0
5X0T,6,8.707602500915527,12.06944751739502,23.337970733642578,0.0,0.044108848742522404,-19.010894775390625,0
5X0T,7,7.613662242889404,10.894081115722656,20.19214630126953,0.0,0.05637834089103159,-15.68179988861084,0
5X0T,8,6.425020217895508,8.81068229675293,18.320514678955078,0.0,0.06843281861442181,-18.66266632080078,0
5X0T,9,5.520784378051758,5.5201735496521,15.21425724029541,0.2,0.16888038439145783,-16.588275909423828,0
5X0T,10,7.962270736694336,11.052490234375,21.852455139160156,0.0,0.04983399072457098,-13.425005912780762,2
5X0T,11,6.974002838134766,10.003472328186035,19.270112991333008,0.0,0.06162219618989049,-15.807791709899902,4
5X0T,12,7.810567378997803,10.169864654541016,21.207857131958008,0.0,0.05323175814407147,-17.61836051940918,2
5X0T,13,9.70355224609375,11.430671691894531,27.008474349975586,0.0,0.03568294835769643,-18.486021041870117,2
5X0T,14,5.042916774749756,6.2358012199401855,13.307662963867188,0.0,0.11481937074542432,-19.81277084350586,0
5WUX,0,27.310317993164062,21.219175338745117,54.17683410644531,0.0,0.009665525729108209,-17.79994773864746,20
5WUX,1,17.765701293945312,16.336986541748047,33.56859588623047,0.0,0.022871077249092667,-18.271577835083008,5
5WUX,2,22.751575469970703,20.734155654907227,32.757144927978516,0.0,0.022763814185910725,-19.31819725036621,5
5WUX,3,28.176841735839844,22.627063751220703,61.25732421875,0.0,0.007755254028565767,-16.95159149169922,18
5WUX,4,26.494855880737305,20.514474868774414,51.547706604003906,0.0,0.0105962782503928,-17.289052963256836,13
5WUX,5,21.900846481323242,19.6552791595459,40.96913528442383,0.0,0.015686349177330486,-16.041757583618164,8
5WUX,6,22.585844039916992,19.461885452270508,51.323062896728516,0.0,0.010867392983771491,-17.20205307006836,10
5WUX,7,24.145097732543945,19.22964859008789,40.55789566040039,0.0,0.01604079677557189,-16.212373733520508,15
5WUX,8,23.401081085205078,21.315908432006836,50.630489349365234,0.0,0.01077988084504084,-16.826805114746094,5
5WUX,9,27.482507705688477,21.511545181274414,57.57987594604492,0.0,0.008721983023036908,-17.008621215820312,13
5WUX,10,23.871828079223633,21.815383911132812,53.854312896728516,0.0,0.009670455074189796,-15.520597457885742,13
5WUX,11,17.81909942626953,14.394250869750977,33.41978073120117,0.3,0.12383377389952437,-18.422962188720703,3
5WUX,12,28.898452758789062,21.851377487182617,67.3304214477539,0.0,0.006792471464519073,-17.627098083496094,11
5WUX,13,22.499074935913086,17.909961700439453,70.42430114746094,0.0,0.007108056822188238,-15.151671409606934,17
5WUX,14,28.567861557006836,25.888568878173828,64.82707977294922,0.0,0.0067490861838534555,-15.605467796325684,9
3RVW,0,15.290424346923828,15.176924705505371,30.874042510986328,0.0,0.026710046804337154,-17.738256454467773,4
3RVW,1,17.900766372680664,12.233139991760254,37.22144317626953,0.0,0.02145908947682927,-15.426241874694824,98
3RVW,2,23.16281509399414,18.810747146606445,55.1606330871582,0.0,0.009837726797005628,-13.056205749511719,21
3RVW,3,13.583312034606934,10.526936531066895,30.082563400268555,0.0,0.03127824785073457,-23.2052001953125,1
3RVW,4,16.57562255859375,14.709237098693848,32.83245849609375,0.0,0.024368758557896403,-18.272117614746094,4
3RVW,5,17.204681396484375,17.949037551879883,42.4013557434082,0.0,0.015189759898024643,-19.206693649291992,11
3RVW,6,15.787854194641113,14.495716094970703,33.779937744140625,0.0,0.02338036307542388,-16.332073211669922,19
3RVW,7,15.347681999206543,14.345285415649414,31.06707191467285,0.0,0.026819923278145735,-17.007280349731445,6
3RVW,8,19.886444091796875,17.241310119628906,49.577884674072266,0.0,0.012022355831141918,-15.396475791931152,8
3RVW,9,13.460147857666016,13.229084014892578,27.113061904907227,0.0,0.034060537789570584,-19.619564056396484,4
3RVW,10,23.369850158691406,21.348222732543945,58.30706787109375,0.0,0.008574082219994948,-12.307028770446777,10
3RVW,11,16.90903663635254,15.119216918945312,33.18750762939453,0.0,0.023768837183741124,-16.871763229370117,8
3RVW,12,35.81307601928711,35.624935150146484,94.14563751220703,0.0,0.0032851036513242404,-11.672568321228027,14
3RVW,13,16.872966766357422,14.542829513549805,33.550628662109375,0.0,0.0236135889949538,-17.36785316467285,8
3RVW,14,15.22323989868164,12.569994926452637,32.87131118774414,0.0,0.025571698883973662,-18.95406723022461,3
1IB1,0,7.144973278045654,7.3435492515563965,16.277902603149414,0.0,0.08476774007115917,-15.525754928588867,6
1IB1,1,14.75544548034668,14.834992408752441,37.43423080444336,0.0,0.019716919825043176,-17.28156089782715,12
1IB1,2,7.667113780975342,8.218070983886719,17.925872802734375,0.0,0.07193639960595738,-16.92573356628418,9
1IB1,3,13.165672302246094,14.043434143066406,32.60141372680664,0.0,0.024976886666765227,-19.160446166992188,6
1IB1,4,14.334250450134277,14.999774932861328,34.492191314697266,0.0,0.02238447929628087,-16.161182403564453,9
1IB1,5,18.00210952758789,20.983226776123047,44.280426025390625,0.0,0.01354090840366553,-13.232758522033691,7
1IB1,6,14.72926139831543,15.076991081237793,37.379127502441406,0.0,0.01965640040542514,-19.541879653930664,5
1IB1,7,15.372957229614258,16.99343490600586,37.02494812011719,0.0,0.01926572935058456,-14.338767051696777,4
1IB1,8,17.426013946533203,20.808849334716797,40.7232780456543,0.0,0.015639006167262832,-16.117769241333008,0
1IB1,9,9.840712547302246,10.921114921569824,22.57850456237793,0.0,0.04754931988694721,-15.613956451416016,10
1IB1,10,13.04259204864502,15.291388511657715,28.1220703125,0.0,0.031080202660572553,-16.444091796875,8
1IB1,11,13.388625144958496,15.650238037109375,30.38036346435547,0.0,0.027233316738605306,-15.470975875854492,11
1IB1,12,15.990067481994629,17.955068588256836,37.944705963134766,0.0,0.01823788690064647,-16.53024673461914,5
1IB1,13,20.47127914428711,19.45351791381836,50.097755432128906,0.0,0.01129737821808371,-16.016904830932617,5
1IB1,14,13.068049430847168,14.517234802246094,31.474143981933594,0.0,0.02617986400314969,-15.523526191711426,7
3MXW,0,10.7134370803833,10.166572570800781,25.785669326782227,0.0,0.03977249330654333,-16.302370071411133,13
3MXW,1,13.769959449768066,15.63322639465332,36.84904861450195,0.0,0.0198810596457234,-14.792962074279785,7
3MXW,2,14.020813941955566,14.084039688110352,35.863990783691406,0.0,0.021466795535893663,-15.220206260681152,6
3MXW,3,11.344925880432129,11.133583068847656,25.690343856811523,0.0,0.038832409312717774,-17.49062728881836,8
3MXW,4,11.137810707092285,10.878778457641602,26.338253021240234,0.0,0.03766130653223497,-16.20138931274414,11
3MXW,5,12.547286033630371,14.964591026306152,28.077739715576172,0.0,0.03129985548726527,-15.76741886138916,6
3MXW,6,11.804133415222168,11.958956718444824,27.505029678344727,0.0,0.03422181386216281,-17.38446617126465,4
3MXW,7,11.3970308303833,10.949735641479492,28.38633918762207,0.0,0.03356885173209013,-16.34794044494629,2
3MXW,8,11.598539352416992,13.968838691711426,25.95375633239746,0.0,0.03608969769601964,-16.8770809173584,7
3MXW,9,12.108717918395996,14.869706153869629,28.18717384338379,0.0,0.03114308792573744,-19.93195343017578,2
3MXW,10,12.287250518798828,14.712162017822266,27.015853881835938,0.0,0.033454503182606614,-15.747840881347656,6
3MXW,11,11.19708251953125,13.957910537719727,26.767372131347656,0.0,0.034339537388939016,-17.246767044067383,4
3MXW,12,12.367751121520996,14.792682647705078,27.85030174255371,0.0,0.03179640238971016,-15.161561965942383,6
3MXW,13,16.741212844848633,15.897578239440918,40.16134262084961,0.0,0.01723259621455545,-15.922992706298828,2
3MXW,14,9.082877159118652,9.83624267578125,23.2910213470459,0.0,0.04675325162352631,-15.674904823303223,2
3U7Y,0,19.242597579956055,14.183671951293945,35.49781799316406,0.0,0.021762732031461007,-17.67913246154785,2
3U7Y,1,29.213022232055664,16.70979118347168,70.7184829711914,0.0,0.007411633804327618,-14.768006324768066,18
3U7Y,2,21.8466796875,22.966411590576172,40.52780532836914,0.0,0.01546066228682569,-13.85334587097168,2
3U7Y,3,29.17595863342285,23.5006046295166,68.9144058227539,0.0,0.006347544934004189,-16.54905891418457,21
3U7Y,4,29.299959182739258,26.93706703186035,72.82068634033203,0.0,0.0055109590242240275,-16.461994171142578,6
3U7Y,5,35.25430679321289,34.15353775024414,98.10444641113281,0.0,0.003125385445977938,-14.535902976989746,23
3U7Y,6,29.901296615600586,25.269582748413086,70.62416076660156,0.0,0.0059299399444737175,-15.387585639953613,22
3U7Y,7,18.328767776489258,13.612027168273926,33.362545013427734,0.0,0.02431738763392922,-17.09558868408203,4
3U7Y,8,29.582067489624023,25.921873092651367,71.61711120605469,0.0,0.0057427280158088775,-14.207634925842285,13
3U7Y,9,29.605134963989258,21.789169311523438,63.1039924621582,0.0,0.007512369658408562,-13.677616119384766,42
3U7Y,10,16.492515563964844,17.484195709228516,39.874454498291016,0.0,0.01692412048165082,-11.588024139404297,35
3U7Y,11,23.437419891357422,24.084638595581055,64.94712829589844,0.0,0.0069012861318878994,-14.367274284362793,27
3U7Y,12,18.24386215209961,12.587130546569824,32.93234634399414,0.0,0.02548660824420229,-16.128679275512695,5
3U7Y,13,23.170753479003906,20.871429443359375,47.1801872253418,0.0,0.012191974692617217,-12.903249740600586,9
3U7Y,14,29.562822341918945,21.725435256958008,64.64118957519531,0.0,0.007247151585223051,-15.456955909729004,25
1S78,0,16.69832420349121,13.886200904846191,49.72195053100586,0.0,0.013309419729021221,-13.272393226623535,40
1S78,1,26.731725692749023,19.49161148071289,66.21368408203125,0.0,0.007366551472500965,-13.415026664733887,41
1S78,2,16.336727142333984,13.317874908447266,54.11363983154297,0.0,0.012201923088081781,-15.951153755187988,1
1S78,3,17.622533798217773,13.284029006958008,44.616275787353516,0.0,0.015871334112064036,-14.22990894317627,6
1S78,4,18.766971588134766,21.28589630126953,60.51980972290039,0.0,0.008095314534742958,-14.779874801635742,8
1S78,5,18.733903884887695,14.816162109375,63.12158966064453,0.0,0.009318751631557433,-13.801563262939453,8
1S78,6,24.81743812561035,15.584020614624023,53.49767303466797,0.0,0.011267489000609024,-13.225905418395996,35
1S78,7,20.836368560791016,13.566922187805176,49.62009811401367,0.0,0.013528081401339006,-13.692978858947754,23
1S78,8,13.897381782531738,11.466959953308105,46.86819839477539,0.0,0.01622249121483996,-15.332274436950684,28
1S78,9,19.41166114807129,17.34239387512207,58.48960494995117,0.0,0.009369358618022383,-17.082576751708984,15
1S78,10,18.293529510498047,15.29396915435791,60.9898681640625,0.0,0.009526940159714212,-14.57925796508789,15
1S78,11,25.7081298828125,21.7852783203125,68.04009246826172,0.0,0.006695083264718987,-16.464384078979492,17
1S78,12,18.467615127563477,15.702473640441895,56.251773834228516,0.0,0.010455393418249666,-17.281511306762695,0
1S78,13,21.90587043762207,14.96731185913086,43.48239517211914,0.0,0.015583450036473703,-13.82970905303955,22
1S78,14,28.56755256652832,17.661170959472656,53.46192169189453,0.0,0.010605635475407597,-12.33728313446045,68
1OYV,0,13.765557289123535,12.934699058532715,28.336153030395508,0.0,0.031941216570911514,-13.818533897399902,0
1OYV,1,10.408454895019531,10.53797435760498,21.053325653076172,0.0,0.05333873224440394,-16.634353637695312,13
1OYV,2,14.164441108703613,13.251248359680176,28.715190887451172,0.0,0.031071519394094596,-13.304821968078613,0
1OYV,3,13.546513557434082,13.235526084899902,28.60078239440918,0.0,0.03127922101653616,-16.037940979003906,4
1OYV,4,9.868820190429688,9.540860176086426,23.60004425048828,0.054054,0.0643338624789418,-16.4832706451416,2
1OYV,5,14.824207305908203,13.654755592346191,29.987581253051758,0.0,0.028764228843808023,-13.599766731262207,1
1OYV,6,5.971224308013916,5.432044506072998,16.94232749938965,0.27027,0.18073664816570778,-17.8289737701416,4
1OYV,7,12.799821853637695,11.764213562011719,27.933631896972656,0.0,0.03358150179535492,-14.511357307434082,1
1OYV,8,11.957880973815918,11.916641235351562,24.530494689941406,0.0,0.04093128295511019,-15.250150680541992,2
1OYV,9,6.800826549530029,7.490006923675537,16.445215225219727,0.0,0.08312969465955981,-15.665911674499512,6
1OYV,10,14.93328857421875,14.806208610534668,29.192882537841797,0.0,0.02943724367074002,-15.649542808532715,2
1OYV,11,8.830886840820312,8.377872467041016,19.935548782348633,0.0,0.06163004629411232,-17.802213668823242,0
1OYV,12,7.845653057098389,7.698821067810059,18.138216018676758,0.0,0.07221232584040983,-15.66689682006836,1
1OYV,13,12.950608253479004,11.977272987365723,28.250099182128906,0.0,0.032819258921850794,-13.422682762145996,0
1OYV,14,7.342029571533203,7.979076862335205,20.015472412109375,0.0,0.06230840389300113,-15.954631805419922,2
1EER,0,15.806124687194824,17.42340087890625,56.80526351928711,0.0,0.009752381047685567,-16.702423095703125,14
1EER,1,14.183480262756348,15.212823867797852,51.177284240722656,0.0,0.012157890375248467,-17.80375862121582,0
1EER,2,15.540053367614746,16.06402587890625,43.464168548583984,0.0,0.015160003411143133,-17.082332611083984,20
1EER,3,15.536723136901855,15.174185752868652,51.55424118041992,0.0,0.012047168114388484,-20.64698028564453,6
1EER,4,3.839294195175171,4.375939846038818,13.999200820922852,0.083333,0.15261320413612883,-21.93606948852539,0
1EER,5,14.435009956359863,16.38054084777832,55.991302490234375,0.083333,0.03805853915452992,-16.79180145263672,44
1EER,6,14.972851753234863,15.567632675170898,52.2233772277832,0.0,0.011668846719696325,-17.605079650878906,7
1EER,7,11.643294334411621,13.670207023620605,60.67967224121094,0.0,0.010380553707696683,-17.02002716064453,25
1EER,8,16.165637969970703,12.984063148498535,47.30049514770508,0.041667,0.028706728511558668,-22.150997161865234,4
1EER,9,11.352079391479492,13.28634262084961,54.913700103759766,0.0,0.011994774693168259,-17.77358055114746,3
1EER,10,10.97832202911377,11.033781051635742,44.7646598815918,0.083333,0.04542646835493231,-17.672117233276367,14
1EER,11,9.927756309509277,11.115893363952637,50.92906951904297,0.0,0.014994664327034932,-17.384742736816406,15
1EER,12,13.152935981750488,11.178605079650879,23.151697158813477,0.0,0.045490101367158996,-18.389307022094727,0
1EER,13,10.827805519104004,12.89323616027832,57.4536018371582,0.0,0.011591102068396308,-20.93202018737793,7
1EER,14,9.751056671142578,10.173563957214355,34.70081329345703,0.0,0.02596032792481275,-19.44732666015625,5
2BTF,0,25.33697509765625,21.89132308959961,69.41309356689453,0.0,0.006482283473484833,-15.333858489990234,3
2BTF,1,18.658050537109375,20.952632904052734,50.68684768676758,0.0,0.010817284411089147,-16.479873657226562,0
2BTF,2,26.488746643066406,26.27849769592285,82.31855010986328,0.0,0.004599085789577325,-14.516008377075195,0
2BTF,3,24.553009033203125,19.416976928710938,66.8327865600586,0.0,0.007283506353963592,-17.389646530151367,0
2BTF,4,28.89363670349121,27.714618682861328,80.40034484863281,0.0,0.004658041462836427,-21.80240249633789,0
2BTF,5,17.878665924072266,20.668861389160156,48.349666595458984,0.0,0.011739744482488344,-16.97983169555664,0
2BTF,6,12.925370216369629,15.064894676208496,33.47835922241211,0.0,0.02345858431843122,-14.469932556152344,0
2BTF,7,25.999238967895508,23.59279441833496,78.17448425292969,0.0,0.005236767522737741,-20.01854133605957,0
2BTF,8,13.223973274230957,13.352737426757812,36.06565475463867,0.0,0.021694977437690527,-15.845314979553223,1
2BTF,9,25.834205627441406,23.159408569335938,73.70486450195312,0.0,0.0057675611936540685,-13.505806922912598,3
2BTF,10,24.194700241088867,17.848766326904297,67.29515075683594,0.0,0.0075721953906201555,-14.704121589660645,0
2BTF,11,18.216346740722656,13.324019432067871,52.5578727722168,0.0,0.012668038910700147,-15.119359970092773,1
2BTF,12,10.239131927490234,11.852209091186523,24.04762840270996,0.0,0.04227548166775452,-13.651786804199219,0
2BTF,13,18.489110946655273,13.560284614562988,53.954349517822266,0.0,0.012102070057795615,-15.342264175415039,0
2BTF,14,21.064302444458008,15.387372016906738,61.31927490234375,0.0,0.009422093778586126,-14.74026870727539,0
1IRA,0,14.05741024017334,13.74271297454834,32.5733642578125,0.0,0.025175508518663656,-13.828353881835938,0
1IRA,1,14.415072441101074,16.859825134277344,28.379619598388672,0.0,0.030058382788888297,-15.084301948547363,0
1IRA,2,14.089923858642578,16.13027572631836,27.267345428466797,0.0,0.03238048165109472,-14.360163688659668,2
1IRA,3,18.941604614257812,18.02828025817871,41.620384216308594,0.0,0.015637910308944306,-16.689237594604492,4
1IRA,4,7.766495227813721,6.458202362060547,17.40108871459961,0.0,0.08127561606355233,-16.223129272460938,0
1IRA,5,9.070169448852539,9.137682914733887,17.822235107421875,0.095238,0.10226345249782652,-14.652205467224121,7
1IRA,6,13.252616882324219,16.510894775390625,24.17041778564453,0.0,0.039415388863227416,-15.860315322875977,8
1IRA,7,54.84546661376953,54.70635986328125,124.07146453857422,0.0,0.0018075957405312443,0.0,0
1IRA,8,14.167890548706055,18.241296768188477,26.223432540893555,0.0,0.03393083861977567,-16.676658630371094,0
1IRA,9,25.612056732177734,22.182430267333984,56.83368682861328,0.0,0.008810123050145667,-19.245573043823242,1
1IRA,10,12.291788101196289,12.754636764526367,26.313371658325195,0.0,0.03604352076074578,-15.170018196105957,4
1IRA,11,13.246928215026855,17.504093170166016,23.791465759277344,0.0,0.040161374612446725,-15.526262283325195,11
1IRA,12,15.704045295715332,16.968454360961914,30.371915817260742,0.0,0.026796192026658634,-16.329824447631836,4
1IRA,13,14.388406753540039,18.170814514160156,26.571279525756836,0.0,0.0332003136536753,-15.801813125610352,3
1IRA,14,7.453297138214111,6.165561676025391,17.072898864746094,0.0,0.08483840318556485,-17.871686935424805,0
2HLE,0,18.539426803588867,15.916936874389648,46.894378662109375,0.0,0.013537457831110392,-14.276784896850586,0
2HLE,1,6.055516719818115,4.35421895980835,12.421762466430664,0.454545,0.2931816046803046,-15.90849494934082,1
2HLE,2,4.557831287384033,4.177478313446045,14.770733833312988,0.090909,0.15129607573087153,-18.431499481201172,0
2HLE,3,12.990370750427246,14.54012680053711,42.488975524902344,0.0,0.016337073696103793,-18.32118797302246,0
2HLE,4,11.060454368591309,10.711726188659668,39.148704528808594,0.0,0.021417142883853296,-13.287273406982422,10
2HLE,5,12.709959983825684,11.153218269348145,42.55022430419922,0.0,0.018713525328839613,-13.77815055847168,10
2HLE,6,11.659624099731445,9.84786605834961,40.98860549926758,0.0,0.02130188029357692,-14.103883743286133,13
2HLE,7,17.334619522094727,15.117249488830566,54.61827850341797,0.181818,0.07173803407547431,-14.478045463562012,9
2HLE,8,12.99434757232666,13.945350646972656,40.79093933105469,0.0,0.017684154491317574,-16.193805694580078,0
2HLE,9,13.554998397827148,12.367060661315918,46.410037994384766,0.0,0.015651074366634442,-14.490225791931152,6
2HLE,10,9.0039644241333,9.063285827636719,29.891490936279297,0.0,0.033824386107556725,-12.225003242492676,14
2HLE,11,20.35541534423828,15.965022087097168,57.236419677734375,0.0,0.010109586154934047,-14.334041595458984,4
2HLE,12,15.637110710144043,14.043974876403809,52.503883361816406,0.090909,0.042576011998160405,-14.87863826751709,7
2HLE,13,12.295751571655273,12.908824920654297,39.143951416015625,0.0,0.019450697201231094,-15.877634048461914,0
2HLE,14,18.1988582611084,15.36558723449707,49.48533630371094,0.0,0.01269951990463633,-12.765095710754395,9
1T6B,0,14.990669250488281,12.63761043548584,42.972694396972656,0.0,0.017181373082821822,-16.294662475585938,1
1T6B,1,21.185749053955078,15.844816207885742,61.810638427734375,0.0,0.009147447225524371,-15.608626365661621,0
1T6B,2,17.781404495239258,17.50543785095215,50.98568344116211,0.0,0.011443551428497905,-14.699490547180176,0
1T6B,3,30.37478256225586,28.635866165161133,84.24366760253906,0.0,0.00427137342979913,-13.632848739624023,0
1T6B,4,14.703629493713379,18.299898147583008,43.33818054199219,0.0,0.014572210971497386,-17.176963806152344,1
1T6B,5,42.757511138916016,36.42870330810547,110.73231506347656,0.0,0.0025168202298169015,-17.809410095214844,1
1T6B,6,18.56256103515625,13.655896186828613,49.673095703125,0.0,0.013456729929820608,-14.842883110046387,0
1T6B,7,41.98106002807617,38.416446685791016,108.57627868652344,0.0,0.00253787130540737,-17.259708404541016,0
1T6B,8,23.110475540161133,19.338857650756836,67.14958953857422,0.0,0.007250258623719294,-13.45888614654541,5
1T6B,9,18.5137996673584,22.843481063842773,54.73627471923828,0.0,0.00928014928415693,-15.49558162689209,0
1T6B,10,17.69463348388672,12.397318840026855,46.405723571777344,0.0,0.01562979935588022,-14.726727485656738,2
1T6B,11,10.010173797607422,12.377117156982422,22.498748779296875,0.0,0.04645962499110842,-13.696789741516113,0
1T6B,12,34.3085823059082,31.384170532226562,94.94522094726562,0.0,0.0034100635490613568,-17.398488998413086,0
1T6B,13,24.202590942382812,19.90511131286621,64.31878662109375,0.0,0.007603883676714243,-13.505459785461426,5
1T6B,14,42.29536056518555,39.990074157714844,108.6735610961914,0.0,0.0024951663000759637,-17.239341735839844,0
5KOV,0,25.113872528076172,20.753524780273438,34.085121154785156,0.0,0.021248024725059076,-16.491605758666992,8
5KOV,1,23.990497589111328,20.764780044555664,40.410888671875,0.0,0.015853119551422653,-18.453020095825195,12
5KOV,2,26.4482421875,21.903976440429688,35.55067443847656,0.0,0.01958099806120097,-18.21456527709961,25
5KOV,3,26.101377487182617,21.964950561523438,37.09449768066406,0.0,0.018176564992099225,-20.252336502075195,11
5KOV,4,19.857036590576172,16.893213272094727,31.346435546875,0.0,0.02543858207339002,-15.14891529083252,8
5KOV,5,27.60831069946289,22.446754455566406,58.17890548706055,0.0,0.008448371398212674,-13.506420135498047,19
5KOV,6,25.986881256103516,21.419626235961914,34.798336029052734,0.0,0.020395281452773664,-20.186748504638672,8
5KOV,7,26.166339874267578,20.66224479675293,36.09288787841797,0.0,0.019263357535727475,-20.245037078857422,15
5KOV,8,23.36073112487793,19.08230209350586,35.132591247558594,0.0,0.020479814001487864,-17.61846923828125,18
5KOV,9,26.359785079956055,20.89861297607422,34.81562423706055,0.0,0.02045939486867904,-18.97126579284668,19
5KOV,10,28.881153106689453,23.219970703125,39.707332611083984,0.0,0.015990753306000315,-17.66075325012207,7
5KOV,11,15.997654914855957,13.295464515686035,31.442869186401367,0.0,0.026890256025730596,-20.238609313964844,9
5KOV,12,27.032968521118164,22.198450088500977,37.44125747680664,0.0,0.0178527638315298,-18.41231346130371,6
5KOV,13,19.991886138916016,15.685111045837402,36.46405029296875,0.0,0.02020022050244873,-16.75760269165039,9
5KOV,14,16.38189697265625,13.299129486083984,32.03322982788086,0.0,0.02611348527137003,-14.5094575881958,36
2AJF,0,19.118438720703125,19.553030014038086,46.0194206237793,0.0,0.01294699483901416,-15.25212574005127,62
2AJF,1,20.65407371520996,22.370811462402344,48.70627975463867,0.0,0.011343774497305842,-13.650689125061035,66
2AJF,2,20.539390563964844,20.88413429260254,48.63544464111328,0.0,0.011590485528078369,-16.926326751708984,48
2AJF,3,19.16335678100586,18.96175765991211,45.96573257446289,0.0,0.013094601801585804,-16.53338623046875,52
2AJF,4,19.19658088684082,19.619569778442383,46.265296936035156,0.0,0.012821098221085308,-14.416905403137207,65
2AJF,5,17.919052124023438,15.678866386413574,42.88752365112305,0.0,0.015621845981374454,-15.499238014221191,52
2AJF,6,20.197603225708008,18.12814712524414,48.76206970214844,0.0,0.01209665905121683,-14.686999320983887,60
2AJF,7,20.861927032470703,16.862031936645508,48.56143569946289,0.0,0.012526036045751907,-16.41078758239746,48
2AJF,8,19.58999252319336,17.53800392150879,46.27656555175781,0.0,0.013299545213146512,-13.551654815673828,67
2AJF,9,18.947111129760742,17.731781005859375,45.659751892089844,0.0,0.013533298386758324,-14.365094184875488,49
2AJF,10,20.221176147460938,17.867347717285156,47.74015808105469,0.0,0.012575116349332309,-13.924453735351562,77
2AJF,11,21.55362892150879,16.770671844482422,50.31996154785156,0.111111,0.04892980614317926,-17.074237823486328,57
2AJF,12,18.757909774780273,18.88469123840332,45.16956329345703,0.0,0.013490007533843482,-14.04133129119873,60
2AJF,13,18.425739288330078,16.75628089904785,44.324928283691406,0.0,0.014473198482524555,-12.671697616577148,89
2AJF,14,17.53342056274414,14.502532005310059,42.025245666503906,0.0,0.016628556775740662,-14.722105026245117,66
4Y7M,0,12.507989883422852,10.902705192565918,30.086523056030273,0.076923,0.05647222815546887,-15.191137313842773,4
4Y7M,1,3.668952465057373,3.188278913497925,15.138361930847168,0.769231,0.3967201168799747,-19.290491104125977,8
4Y7M,2,9.053467750549316,7.771761417388916,31.048419952392578,0.461538,0.189057970470795,-16.967849731445312,15
4Y7M,3,10.593539237976074,8.172274589538574,24.747304916381836,0.0,0.046038514749896224,-17.3187255859375,3
4Y7M,4,14.547565460205078,11.774615287780762,49.7407112121582,0.0,0.014781082621063443,-19.892269134521484,0
4Y7M,5,12.74226188659668,11.988520622253418,42.480865478515625,0.153846,0.06925149934617546,-18.898141860961914,4
4Y7M,6,4.204992294311523,4.05421257019043,11.82070255279541,0.615385,0.35887583877691104,-16.603240966796875,13
4Y7M,7,9.364385604858398,8.371333122253418,20.993717193603516,0.0,0.05731658880833024,-17.838077545166016,12
4Y7M,8,9.489192962646484,7.59581184387207,21.01188087463379,0.0,0.05938879863991617,-17.029708862304688,6
4Y7M,9,9.765563011169434,8.547907829284668,22.760540008544922,0.153846,0.10203895159694758,-14.209117889404297,21
4Y7M,10,12.945560455322266,11.631731033325195,61.61488723754883,0.0,0.011677939289591564,-19.96869659423828,0
4Y7M,11,7.377917289733887,5.414801120758057,30.943811416625977,0.307692,0.14970778904758844,-19.051593780517578,8
4Y7M,12,5.702701091766357,5.835007667541504,11.398856163024902,0.230769,0.21670165254403884,-16.579357147216797,13
4Y7M,13,12.388874053955078,10.69385051727295,32.80647277832031,0.0,0.027400894261928103,-18.002824783325195,9
4Y7M,14,9.94124698638916,8.022306442260742,25.09751319885254,0.0,0.045560148252156325,-17.428495407104492,8
1HIA,0,12.470991134643555,13.513757705688477,36.27371597290039,0.0,0.02140756751199746,-16.584718704223633,0
1HIA,1,10.434894561767578,11.224137306213379,34.847862243652344,0.0,0.02456705244807242,-18.866064071655273,1
1HIA,2,11.993967056274414,14.047411918640137,36.80268096923828,0.0,0.02063849235439696,-21.663537979125977,0
1HIA,3,11.987105369567871,12.467242240905762,36.7197380065918,0.0,0.02170946463053304,-19.349817276000977,0
1HIA,4,14.999823570251465,16.3209285736084,43.051456451416016,0.0,0.015298438369882704,-19.54996681213379,1
1HIA,5,4.317484378814697,5.418499946594238,11.810076713562012,0.0,0.1374731776473219,-20.376972198486328,2
1HIA,6,9.347367286682129,10.510773658752441,30.725406646728516,0.0,0.030350336272416067,-20.746904373168945,1
1HIA,7,3.3307952880859375,4.269242763519287,8.435912132263184,0.033333,0.2156665004765601,-17.52754020690918,0
1HIA,8,11.71135139465332,13.108072280883789,37.455535888671875,0.0,0.02063440622391949,-20.553150177001953,1
1HIA,9,8.863815307617188,11.577834129333496,23.51777458190918,0.066667,0.06623769898051698,-18.13267707824707,0
1HIA,10,10.618776321411133,11.52467155456543,28.69022560119629,0.033333,0.043561117290687214,-18.287445068359375,7
1HIA,11,10.044626235961914,10.970209121704102,31.598356246948242,0.0,0.02861062482925361,-17.197521209716797,0
1HIA,12,9.312206268310547,12.399212837219238,25.928020477294922,0.0,0.03715578589230011,-15.237605094909668,3
1HIA,13,13.570212364196777,15.015091896057129,39.55813980102539,0.0,0.018004769251850388,-19.23462677001953,0
1HIA,14,8.825865745544434,9.675322532653809,25.9672908782959,0.066667,0.06230558727945714,-19.850046157836914,0
1BKD,0,25.90856170654297,24.96185302734375,63.24156951904297,0.0,0.007114083047472727,-15.625877380371094,4
1BKD,1,26.093955993652344,23.701534271240234,63.26812744140625,0.0,0.007239624021160427,-15.278512954711914,5
1BKD,2,24.605432510375977,22.256656646728516,61.18014144897461,0.0,0.007819578809854245,-17.756248474121094,3
1BKD,3,9.073808670043945,10.213814735412598,25.49683952331543,0.0,0.04037826596884349,-14.008172988891602,16
1BKD,4,12.268960952758789,14.008429527282715,23.93390655517578,0.0,0.041112363927232665,-16.39925193786621,6
1BKD,5,25.739582061767578,24.66204261779785,62.91195297241211,0.0,0.0072043392617626364,-16.260643005371094,0
1BKD,6,26.10213279724121,24.400829315185547,63.20172882080078,0.0,0.007176984284646119,-15.329967498779297,2
1BKD,7,23.269100189208984,19.464420318603516,62.82487106323242,0.0,0.007959966762589449,-16.95689582824707,5
1BKD,8,10.01113510131836,10.852083206176758,19.770030975341797,0.157895,0.11088488785434332,-14.384727478027344,4
1BKD,9,13.792586326599121,16.524028778076172,26.83587646484375,0.0,0.03311671687230856,-13.80941390991211,2
1BKD,10,23.408777236938477,20.216388702392578,55.83174133300781,0.0,0.009376004608699685,-14.011382102966309,25
1BKD,11,24.036348342895508,21.19402313232422,62.742225646972656,0.0,0.007668924107228427,-14.75948429107666,5
1BKD,12,11.4990816116333,13.102412223815918,22.580829620361328,0.0,0.045682319444155704,-13.913936614990234,18
1BKD,13,8.85722541809082,9.744819641113281,17.706188201904297,0.0,0.07014615374462611,-13.26135540008545,1
1BKD,14,26.340587615966797,23.72290802001953,64.50331115722656,0.0,0.0070168939689602035,-15.889361381530762,1
1EXB,0,29.361865997314453,34.913795471191406,75.84085083007812,0.0,0.004749266015179164,-15.371077537536621,29
1EXB,1,30.618370056152344,36.095882415771484,79.12518310546875,0.0,0.004377445934583089,-16.878915786743164,17
1EXB,2,31.29222297668457,38.22898864746094,81.11366271972656,0.0,0.004133039352926683,-18.245555877685547,5
1EXB,3,21.821449279785156,31.359962463378906,55.498252868652344,0.0,0.00840079229184474,-17.464313507080078,8
1EXB,4,29.97693634033203,37.519561767578125,78.0115737915039,0.0,0.004442793616855498,-19.080963134765625,6
1EXB,5,32.96921920776367,38.681427001953125,84.79830932617188,0.0,0.003816391417248006,-19.536243438720703,10
1EXB,6,34.22317123413086,37.873252868652344,80.7275390625,0.0,0.004177032662582658,-17.017305374145508,2
1EXB,7,33.05350112915039,40.17179870605469,85.03463745117188,0.0,0.0037617706920073865,-16.106843948364258,7
1EXB,8,31.265817642211914,39.50996780395508,80.28668975830078,0.0,0.004174539551198005,-18.19586753845215,7
1EXB,9,31.007671356201172,38.8907356262207,80.10364532470703,0.0,0.004206632983032123,-17.746036529541016,9
1EXB,10,22.5632381439209,29.64698028564453,58.22369384765625,0.0,0.007807098986294179,-16.39094352722168,19
1EXB,11,29.98410987854004,35.709381103515625,77.04135131835938,0.0,0.004595923398892925,-19.391572952270508,10
1EXB,12,32.947349548339844,39.5678596496582,83.40494537353516,0.0,0.0039048169199150207,-18.62666893005371,23
1EXB,13,24.92694854736328,29.458988189697266,65.56746673583984,0.0,0.006371355226886737,-15.437052726745605,33
1EXB,14,24.54291534423828,31.134267807006836,63.10153579711914,0.0,0.00671248435439708,-17.649024963378906,16
1D6R,0,13.962553977966309,15.254081726074219,41.382484436035156,0.0,0.016686222713575553,-15.422334671020508,1
1D6R,1,11.325775146484375,10.613237380981445,30.33839225769043,0.0,0.030789152874121678,-19.009078979492188,4
1D6R,2,15.817681312561035,17.443647384643555,46.652976989746094,0.0,0.013156388175806666,-17.0474910736084,5
1D6R,3,11.291032791137695,13.253239631652832,33.16831588745117,0.0,0.02475802343135516,-15.58837890625,3
1D6R,4,16.863327026367188,18.122732162475586,51.90657043457031,0.0,0.010973241608965636,-17.481006622314453,0
1D6R,5,14.98252010345459,15.068361282348633,44.111351013183594,0.0,0.015204641528083923,-17.052234649658203,6
1D6R,6,17.783205032348633,23.135299682617188,55.40675735473633,0.0,0.009059951322364554,-14.384632110595703,0
1D6R,7,9.594596862792969,10.725166320800781,23.1563777923584,0.0,0.04597528638919016,-17.563398361206055,0
1D6R,8,21.630701065063477,18.97154998779297,53.828697204589844,0.0,0.010180323219407178,-17.613414764404297,3
1D6R,9,13.982572555541992,13.56382942199707,39.594730377197266,0.0,0.018712357792093483,-14.466900825500488,1
1D6R,10,21.022863388061523,15.278966903686523,52.7634162902832,0.0,0.011613920091369948,-16.55154037475586,2
1D6R,11,16.8315486907959,18.147554397583008,51.48601531982422,0.0,0.01110608979114329,-16.440317153930664,0
1D6R,12,17.44363784790039,15.380684852600098,45.391475677490234,0.0,0.014433253593567326,-16.55199432373047,19
1D6R,13,16.477014541625977,18.006351470947266,49.35103225708008,0.0,0.01190070917339818,-15.48315715789795,2
1D6R,14,21.538480758666992,18.27029037475586,54.024723052978516,0.0,0.01028393449069722,-18.995697021484375,0
5E5M,0,7.920765399932861,6.247021198272705,16.477235794067383,0.0,0.08823143386273347,-18.36834716796875,3
5E5M,1,11.888036727905273,9.549426078796387,18.574541091918945,0.0,0.06574372402863854,-24.238094329833984,1
5E5M,2,17.127471923828125,15.996053695678711,25.211566925048828,0.0,0.0369276884951364,-17.4356689453125,0
5E5M,3,5.873490333557129,5.09529972076416,15.863547325134277,0.0625,0.12177142555653837,-19.779125213623047,1
5E5M,4,7.437920570373535,5.610558986663818,16.710886001586914,0.25,0.17408496620868483,-20.83953285217285,5
5E5M,5,16.311647415161133,16.75962257385254,25.865224838256836,0.0,0.03513864455898836,-17.37186622619629,0
5E5M,6,12.495658874511719,9.638932228088379,20.735580444335938,0.0,0.05583584104030568,-20.81381607055664,4
5E5M,7,11.434247016906738,8.933799743652344,17.461734771728516,0.0,0.07299339600066025,-21.23420524597168,4
5E5M,8,10.53515911102295,8.405797004699707,16.460771560668945,0.0625,0.10129180302802243,-19.172107696533203,2
5E5M,9,7.013937950134277,5.561398983001709,13.843732833862305,0.0,0.11386423386933714,-18.19752311706543,7
5E5M,10,11.957497596740723,9.825357437133789,17.337234497070312,0.0,0.0721881120394106,-20.50869369506836,0
5E5M,11,16.19191551208496,16.289398193359375,24.225465774536133,0.0,0.03934118845343824,-18.299997329711914,3
5E5M,12,12.081767082214355,8.633803367614746,20.975200653076172,0.0,0.056785134456512,-19.8509521484375,2
5E5M,13,7.476265907287598,7.3755035400390625,18.83633041381836,0.0,0.06963331885534445,-17.115793228149414,3
5E5M,14,9.831220626831055,7.231935977935791,35.989383697509766,0.0,0.03136002427247131,-18.068584442138672,11
2OOR,0,5.876505374908447,6.232240200042725,16.656566619873047,0.105263,0.12221020436023078,-16.31049919128418,15
2OOR,1,10.229570388793945,8.72658920288086,31.566328048706055,0.052632,0.04964544108264992,-15.022895812988281,25
2OOR,2,17.680566787719727,20.157608032226562,47.366458892822266,0.0,0.012235062401976396,-21.87405776977539,8
2OOR,3,11.408313751220703,16.137325286865234,28.320838928222656,0.0,0.030400585589232736,-17.809593200683594,13
2OOR,4,15.31943416595459,17.97574806213379,43.59056854248047,0.0,0.014515258139890892,-17.88357925415039,12
2OOR,5,24.364295959472656,22.92029571533203,70.63948059082031,0.0,0.006179055049864195,-12.172896385192871,17
2OOR,6,23.185102462768555,25.850358963012695,67.42793273925781,0.0,0.006332807165112819,-12.667251586914062,11
2OOR,7,16.218175888061523,18.09555435180664,44.92052459716797,0.0,0.013797356782076707,-20.609695434570312,6
2OOR,8,26.212392807006836,24.055103302001953,72.34280395507812,0.0,0.005830221146670434,-11.880494117736816,13
2OOR,9,22.92055892944336,24.93018913269043,67.28657531738281,0.0,0.006438188088886294,-12.874190330505371,15
2OOR,10,17.88559341430664,20.7137451171875,50.726844787597656,0.0,0.010842528756428445,-17.708728790283203,12
2OOR,11,24.32182502746582,24.610780715942383,71.24322509765625,0.0,0.00591200441377216,-11.881290435791016,13
2OOR,12,8.210158348083496,6.721565246582031,25.690828323364258,0.0,0.04870162138112066,-14.854574203491211,25
2OOR,13,9.286505699157715,8.316349983215332,28.344099044799805,0.210526,0.10818157430226755,-14.541790962219238,31
2OOR,14,17.357563018798828,19.095043182373047,47.71514892578125,0.0,0.012296970437522162,-19.245677947998047,8
7CEI,0,9.828446388244629,7.970972061157227,16.027740478515625,0.0,0.08457135937152689,-17.491193771362305,6
7CEI,1,19.039480209350586,12.514650344848633,37.308773040771484,0.0,0.021169124297302982,-16.998384475708008,37
7CEI,2,13.214923858642578,9.620715141296387,21.244182586669922,0.0,0.0539094314652075,-14.684915542602539,7
7CEI,3,15.161871910095215,11.01205062866211,38.015560150146484,0.0,0.021943227815277123,-18.745601654052734,9
7CEI,4,11.21947193145752,11.648773193359375,33.20023727416992,0.2,0.09260873789857327,-18.900711059570312,19
7CEI,5,7.900118827819824,5.757561206817627,15.622751235961914,0.0,0.09732262802375158,-17.3561954498291,2
7CEI,6,9.047647476196289,7.807196140289307,14.758193016052246,0.0,0.09489709599343892,-16.23656463623047,9
7CEI,7,13.12038803100586,9.646551132202148,20.118993759155273,0.0,0.05835603110145992,-18.26447868347168,6
7CEI,8,13.427861213684082,9.441397666931152,21.843238830566406,0.0,0.05204411622772149,-15.09451961517334,13
7CEI,9,13.106218338012695,10.662650108337402,23.111024856567383,0.0,0.046186004705942835,-14.564852714538574,21
7CEI,10,13.272554397583008,9.113798141479492,21.075796127319336,0.0,0.0554247663030323,-16.323339462280273,9
7CEI,11,8.465030670166016,7.798480033874512,14.228252410888672,0.2,0.1662324951614681,-14.117280006408691,13
7CEI,12,14.5964994430542,10.057565689086914,22.094192504882812,0.0,0.0502280597577594,-16.382909774780273,7
7CEI,13,14.891853332519531,10.352465629577637,22.540239334106445,0.0,0.048354736931867016,-16.912256240844727,4
7CEI,14,9.216811180114746,9.073851585388184,16.14887046813965,0.0,0.08118134390897273,-13.817605018615723,10
2VDB,0,8.713632583618164,15.663671493530273,32.48040771484375,0.0,0.024394187913622665,-16.811601638793945,0
2VDB,1,9.531975746154785,14.144475936889648,35.2384033203125,0.0,0.022035397001752634,-17.241825103759766,4
2VDB,2,9.583415985107422,14.89483642578125,33.78996276855469,0.0,0.023184440147525926,-16.791067123413086,24
2VDB,3,15.46886920928955,27.99808692932129,58.2205696105957,0.0,0.007910736573950595,-20.837167739868164,4
2VDB,4,6.709151268005371,11.99620532989502,23.906145095825195,0.0,0.04254218397604328,-15.202777862548828,4
2VDB,5,16.674575805664062,26.73041534423828,62.32781982421875,0.0,0.007132617581654259,-19.98299217224121,4
2VDB,6,13.807320594787598,20.0583553314209,49.66536331176758,0.0,0.01133948097238413,-17.32093620300293,29
2VDB,7,9.000316619873047,13.220001220703125,33.68186569213867,0.0,0.024194560163226343,-18.095121383666992,0
2VDB,8,10.40618896484375,14.707259178161621,36.78901672363281,0.0,0.020324157514182824,-17.42487907409668,24
2VDB,9,10.108878135681152,13.692841529846191,37.2724494934082,0.0,0.020431363457751178,-19.40746307373047,1
2VDB,10,12.261985778808594,20.465717315673828,45.71815490722656,0.0,0.0129183864725525,-14.820783615112305,20
2VDB,11,15.415621757507324,22.766990661621094,55.133201599121094,0.0,0.009179744004722717,-15.731395721435547,26
2VDB,12,12.403578758239746,20.558210372924805,44.500431060791016,0.0,0.013498601514169997,-16.60618019104004,34
2VDB,13,8.639284133911133,13.832199096679688,32.57156753540039,0.0,0.025127679098333456,-16.24493980407715,2
2VDB,14,15.063410758972168,22.933181762695312,53.691524505615234,0.0,0.009569914246142595,-19.95969009399414,10
1FAK,0,19.78042984008789,20.391860961914062,51.98175811767578,0.0,0.0104746257078742,-13.173297882080078,0
1FAK,1,15.525434494018555,15.98738956451416,32.262454986572266,0.0,0.024544665940634897,-12.566487312316895,7
1FAK,2,14.712197303771973,16.063125610351562,31.013092041015625,0.0,0.02617160973109221,-13.611467361450195,4
1FAK,3,10.36330795288086,9.40640640258789,28.879356384277344,0.0,0.03484044826567611,-17.227684020996094,0
1FAK,4,10.861376762390137,11.490467071533203,25.966527938842773,0.0,0.03784651799967432,-18.238643646240234,0
1FAK,5,11.356704711914062,11.971138000488281,31.545141220092773,0.0,0.027716336181358433,-14.403745651245117,1
1FAK,6,25.4910888671875,29.506349563598633,67.54400634765625,0.0,0.006055827279532539,-13.784299850463867,6
1FAK,7,14.500919342041016,15.486292839050293,30.099796295166016,0.0,0.02771705897206336,-13.172085762023926,7
1FAK,8,15.20958137512207,16.285194396972656,30.611724853515625,0.0,0.026664950539317594,-14.767102241516113,0
1FAK,9,20.932069778442383,22.922239303588867,56.13924026489258,0.0,0.008891649474111583,-13.195306777954102,2
1FAK,10,29.060340881347656,31.860933303833008,70.29048919677734,0.0,0.0055413686549941775,-14.727433204650879,0
1FAK,11,10.369903564453125,8.243983268737793,21.198543548583984,0.2,0.12351794400296867,-14.218233108520508,2
1FAK,12,15.31922721862793,16.852087020874023,29.221939086914062,0.0,0.028623250070145708,-13.11410140991211,0
1FAK,13,14.739843368530273,14.281360626220703,27.14015769958496,0.0,0.03341233629315605,-16.706941604614258,0
1FAK,14,11.968589782714844,12.246074676513672,27.25687026977539,0.0,0.03447052197078259,-13.39478588104248,6
1WEJ,0,16.278352737426758,16.589893341064453,42.93348693847656,0.0,0.01527559579269641,-17.289806365966797,18
1WEJ,1,17.99896240234375,18.74983787536621,50.93524169921875,0.0,0.011151113601496765,-20.629255294799805,1
1WEJ,2,8.776518821716309,11.64424991607666,20.160057067871094,0.0,0.05575333776263922,-19.614885330200195,0
1WEJ,3,8.725421905517578,11.379055976867676,19.954849243164062,0.0,0.05688589329951128,-21.08666229248047,0
1WEJ,4,8.850616455078125,10.870911598205566,20.298582077026367,0.0,0.055957787467104274,-22.720380783081055,0
1WEJ,5,7.963142395019531,10.22448444366455,18.178089141845703,0.0,0.06682882678082079,-22.673439025878906,0
1WEJ,6,20.113908767700195,20.854501724243164,55.27998733520508,0.0,0.009414580822054644,-16.214691162109375,2
1WEJ,7,22.21908187866211,21.050289154052734,58.38105773925781,0.0,0.008603322494745503,-16.092262268066406,15
1WEJ,8,25.15811538696289,27.301925659179688,69.17201232910156,0.0,0.005961611216628848,-17.13074493408203,5
1WEJ,9,17.21529197692871,20.482053756713867,49.0239143371582,0.0,0.011506547678000087,-17.4304141998291,0
1WEJ,10,8.859066009521484,10.917981147766113,21.379253387451172,0.0,0.05167367763413314,-19.55245018005371,9
1WEJ,11,8.444437980651855,9.469368934631348,19.380125045776367,0.0,0.06193609917644083,-23.533470153808594,0
1WEJ,12,12.205354690551758,16.108001708984375,35.542640686035156,0.0,0.020898483264933373,-15.825008392333984,1
1WEJ,13,8.464008331298828,10.27806568145752,19.530120849609375,0.0,0.06003653120361211,-19.80774688720703,0
1WEJ,14,8.605406761169434,9.954407691955566,19.652565002441406,0.0,0.059930223651048775,-25.680721282958984,0
1ML0,0,5.91100549697876,13.888006210327148,21.34052848815918,0.0,0.04948471491377498,-14.892038345336914,4
1ML0,1,5.892277240753174,13.388569831848145,21.266643524169922,0.0,0.05004712904192862,-19.93535614013672,1
1ML0,2,21.350746154785156,30.861867904663086,79.71234893798828,0.0,0.00453319852707679,-15.805490493774414,2
1ML0,3,19.20687484741211,31.77886390686035,73.73860168457031,0.0,0.00511213300247255,-14.783989906311035,8
1ML0,4,19.915102005004883,30.93377113342285,75.4636001586914,0.0,0.004957999418730446,-17.318357467651367,0
1ML0,5,7.804347038269043,16.920875549316406,30.62936782836914,0.0,0.026434310424412133,-16.368227005004883,2
1ML0,6,7.790347099304199,11.989470481872559,31.250783920288086,0.0,0.02809848245304605,-14.524381637573242,3
1ML0,7,9.571349143981934,18.061298370361328,37.20014190673828,0.0,0.018822988208934573,-17.40215301513672,1
1ML0,8,6.028773784637451,14.134946823120117,22.006786346435547,0.0,0.046984660195078604,-20.8204345703125,0
1ML0,9,19.758312225341797,30.441680908203125,74.4911880493164,0.0,0.005091752333409816,-16.66646957397461,2
1ML0,10,8.455214500427246,11.786140441894531,34.007930755615234,0.0,0.024912239578892947,-16.40155792236328,3
1ML0,11,20.578575134277344,31.29123306274414,75.98812866210938,0.0,0.004883533088128905,-19.56735610961914,1
1ML0,12,21.985708236694336,33.12424850463867,81.90515899658203,0.0,0.004233894139778655,-16.492046356201172,0
1ML0,13,19.63666534423828,30.887746810913086,75.73897552490234,0.0,0.004930391171841244,-16.733869552612305,0
1ML0,14,19.794578552246094,33.14109420776367,75.94697570800781,0.0,0.004805179633989376,-16.495962142944336,0
5VNW,0,19.665164947509766,13.326507568359375,54.92878341674805,0.0,0.011965658157340483,-14.372014999389648,15
5VNW,1,25.100696563720703,25.211393356323242,70.10272216796875,0.0,0.006005368253516778,-15.209349632263184,7
5VNW,2,25.125041961669922,20.95989418029785,58.564231872558594,0.0,0.008575480702322953,-15.42442798614502,2
5VNW,3,19.23870849609375,12.161346435546875,54.00405502319336,0.0,0.013053222514306913,-15.116496086120605,10
5VNW,4,19.279935836791992,14.913834571838379,54.32966232299805,0.0,0.011302357614008383,-19.27650260925293,1
5VNW,5,18.841110229492188,13.367094039916992,53.372474670410156,0.0,0.012390525090650797,-16.74468421936035,10
5VNW,6,22.24349021911621,22.17171287536621,61.978675842285156,0.0,0.007672470933003314,-16.481557846069336,7
5VNW,7,26.110010147094727,22.931842803955078,51.89411926269531,0.0,0.010129413426135601,-17.94626808166504,2
5VNW,8,21.801860809326172,14.532124519348145,56.669769287109375,0.0,0.010848167040539066,-15.038911819458008,11
5VNW,9,11.311503410339355,10.731941223144531,48.32554626464844,0.0,0.016390090288439352,-16.546724319458008,11
5VNW,10,23.832462310791016,19.336082458496094,64.22547149658203,0.0,0.007731975128595535,-20.159786224365234,1
5VNW,11,24.540998458862305,20.58889389038086,56.36827087402344,0.0,0.00917102880647619,-16.21194839477539,5
5VNW,12,22.145845413208008,20.224769592285156,62.996803283691406,0.0,0.007783496318854779,-17.282136917114258,3
5VNW,13,18.85322380065918,13.539325714111328,55.10173416137695,0.0,0.0117894423078316,-17.502187728881836,26
5VNW,14,23.356977462768555,21.032258987426758,59.81854248046875,0.0,0.008284142405710217,-17.373332977294922,5
3P57,0,24.706748962402344,18.720870971679688,57.66669464111328,0.0,0.009214459516045579,-19.093168258666992,16
3P57,1,20.579071044921875,15.612492561340332,46.164791107177734,0.0,0.01397867099860794,-18.410003662109375,14
3P57,2,24.065275192260742,20.829547882080078,62.5450325012207,0.0,0.0077645244020379785,-16.746295928955078,10
3P57,3,24.064058303833008,22.174163818359375,59.541419982910156,0.0,0.008175971909787536,-17.743759155273438,11
3P57,4,23.947723388671875,23.45185661315918,62.03849411010742,0.0,0.007500208046145315,-16.911771774291992,21
3P57,5,24.6014461517334,20.094602584838867,58.80946731567383,0.0,0.008668016326482116,-16.790138244628906,17
3P57,6,17.46438980102539,14.62238597869873,43.918251037597656,0.0,0.0155064622405151,-16.3492374420166,7
3P57,7,24.199052810668945,24.17169761657715,62.04229736328125,0.0,0.0074200893688971675,-17.70132827758789,10
3P57,8,22.644187927246094,18.12274169921875,54.225833892822266,0.0,0.010261988369638337,-13.740849494934082,10
3P57,9,24.107473373413086,22.9321231842041,62.05495834350586,0.0,0.007559001863285081,-14.472915649414062,16
3P57,10,24.025625228881836,24.802127838134766,52.67612838745117,0.0,0.00967390440221958,-18.309385299682617,6
3P57,11,22.497299194335938,17.110340118408203,53.04095458984375,0.0,0.010888315228842144,-14.48675537109375,11
3P57,12,22.5727596282959,19.775636672973633,54.98197555541992,0.0,0.00968751112552619,-15.107406616210938,8
3P57,13,24.421207427978516,23.10777473449707,61.5949592590332,0.0,0.00762789938362298,-16.13224983215332,15
3P57,14,24.1539249420166,23.580114364624023,62.582122802734375,0.0,0.007381212898696148,-17.582408905029297,16
1IBR,0,13.590405464172363,16.18681526184082,49.545555114746094,0.0,0.012368441468421025,-14.46072769165039,0
1IBR,1,15.163680076599121,18.633474349975586,53.61864471435547,0.0,0.010317763467712262,-16.15439224243164,0
1IBR,2,15.725797653198242,18.129680633544922,52.548370361328125,0.0,0.010765560263797769,-16.39419174194336,0
1IBR,3,13.980390548706055,18.016618728637695,58.89154815673828,0.0,0.009096949792019597,-16.57600212097168,0
1IBR,4,13.728275299072266,17.396589279174805,53.00562286376953,0.0,0.01081680474363724,-13.05603313446045,1
1IBR,5,13.706661224365234,18.2486515045166,61.731689453125,0.0,0.008439214728001574,-14.96835994720459,0
1IBR,6,15.779571533203125,20.266725540161133,60.00263977050781,0.0,0.008373653673426172,-14.488767623901367,0
1IBR,7,12.491223335266113,16.891376495361328,41.79372024536133,0.0,0.01584820311317899,-15.970511436462402,0
1IBR,8,12.649077415466309,17.266218185424805,57.65914535522461,0.0,0.00958685125989806,-15.810583114624023,0
1IBR,9,12.633124351501465,16.741252899169922,45.79883575439453,0.0,0.013754101966413393,-14.647611618041992,0
1IBR,10,9.236187934875488,11.475948333740234,34.603694915771484,0.0,0.024567460783089107,-16.07230567932129,1
1IBR,11,13.595401763916016,16.53829574584961,49.776371002197266,0.0,0.012164382141815118,-15.684289932250977,0
1IBR,12,13.718084335327148,17.819177627563477,59.39253616333008,0.0,0.009035742052537557,-14.321218490600586,1
1IBR,13,13.040252685546875,17.258642196655273,48.31458282470703,0.0,0.012506492436058766,-15.465081214904785,4
1IBR,14,14.559342384338379,16.990806579589844,48.70465850830078,0.0,0.012430350193938325,-14.847588539123535,1
2SIC,0,9.617924690246582,7.384503364562988,19.518396377563477,0.171429,0.12349021218666563,-18.718242645263672,4
2SIC,1,9.916570663452148,7.759951591491699,20.135303497314453,0.257143,0.1481379492910139,-20.01044464111328,5
2SIC,2,6.078579425811768,4.6105055809021,15.3865966796875,0.285714,0.20508396994223452,-18.16737937927246,3
2SIC,3,2.611046314239502,2.0074946880340576,8.683043479919434,0.514286,0.4539709688520051,-22.185531616210938,0
2SIC,4,4.729954719543457,3.5529282093048096,16.11277961730957,0.457143,0.27537514643007455,-19.418811798095703,3
2SIC,5,2.441479206085205,2.17604660987854,8.423760414123535,0.457143,0.42791945720225727,-21.02256202697754,4
2SIC,6,9.54175090789795,6.744133472442627,23.381277084350586,0.142857,0.10224226992050682,-17.00618553161621,2
2SIC,7,3.3810174465179443,2.651400327682495,9.196723937988281,0.485714,0.3962878662520432,-20.57724952697754,2
2SIC,8,4.239826679229736,3.2559611797332764,10.201047897338867,0.314286,0.2997173882210769,-19.91042137145996,1
2SIC,9,2.0309579372406006,1.2000547647476196,6.212904930114746,0.371429,0.5443146540716023,-22.660873413085938,0
2SIC,10,4.338496685028076,3.4215826988220215,10.587321281433105,0.371429,0.30819056180417154,-19.030559539794922,2
2SIC,11,6.679128170013428,4.751797199249268,20.222990036010742,0.257143,0.16596672498822526,-15.943443298339844,2
2SIC,12,9.938399314880371,7.824213981628418,20.157678604125977,0.171429,0.1192821890130628,-18.68482208251953,4
2SIC,13,12.044105529785156,8.323163986206055,35.992164611816406,0.057143,0.04714232089829168,-14.430475234985352,5
2SIC,14,10.993471145629883,7.825435638427734,31.008031845092773,0.142857,0.08272946153770606,-16.154077529907227,2
1BVN,0,11.611234664916992,16.65326499938965,37.61151885986328,0.0,0.01887985052485625,-16.920255661010742,0
1BVN,1,9.283247947692871,11.933670997619629,28.311922073364258,0.0,0.03274561833153767,-16.902006149291992,41
1BVN,2,13.938617706298828,21.09168243408203,45.24282455444336,0.0,0.013041991867921703,-14.833654403686523,1
1BVN,3,8.327037811279297,13.875515937805176,26.0080509185791,0.0,0.036018710424616594,-17.131656646728516,0
1BVN,4,3.4941070079803467,4.409088611602783,10.871147155761719,0.076923,0.18668599340125236,-18.57729721069336,0
1BVN,5,8.486059188842773,13.819106101989746,26.26949691772461,0.0,0.03547310690104082,-17.46466827392578,0
1BVN,6,7.3476338386535645,12.875274658203125,21.955364227294922,0.0,0.04791281475595451,-17.901710510253906,0
1BVN,7,7.81854772567749,13.291166305541992,23.649417877197266,0.0,0.04232616284757029,-16.997623443603516,0
1BVN,8,8.439958572387695,14.082541465759277,26.079532623291016,0.0,0.035748403378007575,-15.206225395202637,0
1BVN,9,9.092693328857422,14.24398136138916,27.065637588500977,0.0,0.03358068774098161,-16.25922393798828,36
1BVN,10,13.08105754852295,16.091941833496094,40.11111068725586,0.0,0.017196857509181224,-10.228041648864746,51
1BVN,11,8.014145851135254,12.811883926391602,24.45895767211914,0.0,0.04042633585709025,-17.226511001586914,0
1BVN,12,6.763530731201172,11.147428512573242,20.9644775390625,0.0,0.05298802557763791,-13.038594245910645,0
1BVN,13,12.27023983001709,16.43331527709961,38.1143913269043,0.0,0.01854707297287579,-11.729011535644531,23
1BVN,14,8.013976097106934,13.311710357666016,24.576181411743164,0.0,0.039793056852208124,-18.072223663330078,0
1E6J,0,27.860532760620117,22.69557762145996,52.376163482666016,0.0,0.010003526594003958,-17.676908493041992,4
1E6J,1,31.638717651367188,19.473024368286133,62.399925231933594,0.0,0.008038636616073845,-14.350334167480469,33
1E6J,2,30.456941604614258,20.44211196899414,60.200477600097656,0.0,0.008300602783010147,-17.781999588012695,24
1E6J,3,35.429771423339844,11.140715599060059,103.9289321899414,0.0,0.008150032592479673,-11.934724807739258,36
1E6J,4,28.869001388549805,26.329648971557617,53.8922233581543,0.0,0.009169187853705074,-14.2178316116333,13
1E6J,5,26.12738609313965,20.878097534179688,51.108646392822266,0.0,0.010683539235526176,-15.50075626373291,1
1E6J,6,36.287757873535156,12.972121238708496,76.2118911743164,0.0,0.008493613207413245,-13.508981704711914,19
1E6J,7,29.337909698486328,28.71257781982422,56.923973083496094,0.0,0.008177508597028317,-17.603559494018555,14
1E6J,8,29.205598831176758,21.995487213134766,56.84475326538086,0.0,0.008833126558586651,-20.27485466003418,6
1E6J,9,30.260982513427734,20.86433982849121,59.64692306518555,0.0,0.008348525985230918,-15.051363945007324,24
1E6J,10,20.619253158569336,12.62925910949707,48.521366119384766,0.0,0.01456167093300984,-14.442545890808105,0
1E6J,11,31.14833641052246,32.1938591003418,70.36801147460938,0.0,0.005515806008858618,-13.595788955688477,38
1E6J,12,32.920467376708984,20.623920440673828,64.24917602539062,0.0,0.007487836605334589,-16.070690155029297,35
1E6J,13,29.182689666748047,26.810636520385742,53.67067337036133,0.0,0.009196259810283562,-15.004374504089355,25
1E6J,14,28.042619705200195,20.19907569885254,53.04241180419922,0.0,0.010173755373918847,-15.676703453063965,13
2IDO,0,10.926494598388672,11.409358024597168,22.26360321044922,0.0,0.048070004131040976,-14.628584861755371,38
2IDO,1,18.508251190185547,14.670805931091309,41.25720977783203,0.0,0.017021159364448295,-18.8394775390625,7
2IDO,2,13.330991744995117,13.225199699401855,36.11167526245117,0.0,0.021732127172502936,-20.870990753173828,3
2IDO,3,12.512557983398438,12.174864768981934,33.319297790527344,0.0,0.02535187604811526,-21.790653228759766,6
2IDO,4,12.541933059692383,12.508281707763672,34.11775588989258,0.0,0.02420630823914255,-20.51504898071289,3
2IDO,5,14.707374572753906,11.380963325500488,32.97172164916992,0.0,0.026463979857929074,-19.581377029418945,25
2IDO,6,16.862119674682617,16.123727798461914,36.071937561035156,0.0,0.02039525732810481,-16.362985610961914,26
2IDO,7,12.789173126220703,12.629549980163574,35.10557556152344,0.0,0.023096218666184037,-20.20543670654297,2
2IDO,8,16.290435791015625,14.607906341552734,35.93966293334961,0.0,0.02113557991722109,-17.37735939025879,15
2IDO,9,12.148979187011719,12.161059379577637,33.334102630615234,0.0,0.02534604519524229,-20.395708084106445,4
2IDO,10,8.694275856018066,8.012691497802734,21.149690628051758,0.0,0.057639510881108504,-17.54178810119629,5
2IDO,11,12.736629486083984,12.038847923278809,32.55355453491211,0.0,0.026370999238123975,-17.796432495117188,0
2IDO,12,12.749762535095215,12.796647071838379,35.51123809814453,0.0,0.022580936870300727,-19.60666275024414,8
2IDO,13,18.380971908569336,14.572524070739746,41.41403579711914,0.0,0.016968892064902517,-19.557239532470703,6
2IDO,14,15.067907333374023,13.612555503845215,33.611324310302734,0.0,0.02403543047166846,-17.499773025512695,21
4GAM,0,15.99608325958252,29.939847946166992,68.70825958251953,0.0,0.0058592005500386875,-15.249372482299805,33
4GAM,1,13.340078353881836,27.653600692749023,56.841793060302734,0.0,0.008268694668340815,-19.80234718322754,0
4GAM,2,18.979524612426758,40.99378967285156,81.6978759765625,0.0,0.00401529866563571,-17.762062072753906,11
4GAM,3,18.533597946166992,37.80727005004883,79.9886474609375,0.0,0.004245933415224104,-16.73189353942871,5
4GAM,4,6.949425220489502,18.539752960205078,28.794334411621094,0.0,0.028886577281529,-14.22526741027832,15
4GAM,5,7.1638383865356445,19.338991165161133,29.675901412963867,0.0,0.02726685741314257,-13.585915565490723,29
4GAM,6,6.319780349731445,16.146928787231445,26.20209503173828,0.0,0.034590719740693596,-16.01803970336914,15
4GAM,7,14.99697494506836,31.729209899902344,64.48078155517578,0.0,0.006436746437002487,-15.05260944366455,38
4GAM,8,13.031763076782227,26.23397445678711,55.52072525024414,0.0,0.008720082233370034,-13.198741912841797,14
4GAM,9,13.278918266296387,26.66777801513672,56.51917266845703,0.0,0.008423722078118817,-13.991673469543457,28
4GAM,10,19.825345993041992,42.2196044921875,85.3799819946289,0.0,0.003691535041482716,-17.030195236206055,2
4GAM,11,14.058794975280762,28.143840789794922,60.23040771484375,0.0,0.007453290410925735,-14.96624755859375,7
4GAM,12,7.709003448486328,18.55367088317871,32.3175048828125,0.0,0.023731650867504495,-13.001347541809082,35
4GAM,13,15.4014253616333,30.04155731201172,66.82386016845703,0.0,0.006136375837044559,-18.307025909423828,2
4GAM,14,13.26737117767334,27.948421478271484,56.38382339477539,0.0,0.008364507619943711,-15.864934921264648,10
2A5T,0,18.30068588256836,13.200424194335938,31.43019676208496,0.0,0.02696708973779074,-10.764410018920898,21
2A5T,1,17.7198429107666,12.634235382080078,30.541208267211914,0.0,0.028596384512456986,-9.986172676086426,31
2A5T,2,15.681124687194824,11.921010971069336,28.1997127532959,0.0,0.032957932914126485,-10.379048347473145,27
2A5T,3,13.073344230651855,10.455804824829102,25.524478912353516,0.0,0.039997812622378955,-11.480125427246094,24
2A5T,4,17.051767349243164,12.156487464904785,29.940710067749023,0.0,0.029860591777101316,-11.333166122436523,23
2A5T,5,16.1882381439209,12.084012985229492,29.124767303466797,0.0,0.03122148274305381,-11.61218547821045,16
2A5T,6,16.48677635192871,12.925586700439453,31.056690216064453,0.0,0.02765870238285535,-10.516695976257324,20
2A5T,7,11.465106964111328,9.031593322753906,21.392288208007812,0.0,0.054398322256650554,-11.433449745178223,31
2A5T,8,18.697898864746094,13.749380111694336,32.5375862121582,0.0,0.02521552175168656,-10.519107818603516,29
2A5T,9,13.636685371398926,11.149496078491211,25.7070255279541,0.0,0.0387772936032403,-11.628171920776367,26
2A5T,10,19.383634567260742,13.568255424499512,32.21568298339844,0.0,0.025719475252592622,-10.190145492553711,23
2A5T,11,13.001616477966309,10.088956832885742,24.374496459960938,0.0,0.043350265780830344,-12.049936294555664,38
2A5T,12,17.652118682861328,12.194374084472656,30.418113708496094,0.0,0.029111852598151564,-11.040846824645996,20
2A5T,13,19.716554641723633,13.234502792358398,32.928688049316406,0.0,0.025051137804340384,-11.177377700805664,34
2A5T,14,15.172200202941895,11.611852645874023,28.059431076049805,0.0,0.03348855769372558,-11.875317573547363,34
4H03,0,34.777130126953125,36.723262786865234,90.3152084350586,0.0,0.0034818174468265553,-14.546839714050293,7
4H03,1,20.579586029052734,17.626670837402344,32.36026382446289,0.0,0.023910349570557946,-14.379070281982422,6
4H03,2,16.676836013793945,14.055974960327148,28.841333389282227,0.0,0.030392088635673675,-17.942337036132812,4
4H03,3,31.61504364013672,35.199745178222656,79.84024810791016,0.0,0.004339971499007208,-14.558122634887695,5
4H03,4,22.226186752319336,18.58972930908203,33.890602111816406,0.0,0.021883368779884404,-17.290380477905273,5
4H03,5,21.92905044555664,16.68635368347168,34.82508087158203,0.0,0.021413405042072915,-15.173069953918457,29
4H03,6,22.365942001342773,18.510990142822266,34.862648010253906,0.0,0.020877761953683127,-16.281770706176758,11
4H03,7,17.82745933532715,16.446760177612305,27.032615661621094,0.0,0.032741050034967085,-16.721303939819336,7
4H03,8,20.788583755493164,17.79103660583496,31.835481643676758,0.0,0.024534117263233814,-15.517609596252441,3
4H03,9,20.163410186767578,17.529903411865234,30.842670440673828,0.0,0.02595279387106816,-14.96617603302002,7
4H03,10,20.82740592956543,18.1568546295166,31.456119537353516,0.0,0.024942517243217475,-16.620269775390625,2
4H03,11,34.61598587036133,36.774227142333984,97.58389282226562,0.0,0.003063694380008135,-15.017905235290527,4
4H03,12,20.902509689331055,18.089025497436523,31.575803756713867,0.0,0.024799347388770137,-17.1406307220459,4
4H03,13,31.845726013183594,33.016971588134766,99.9922103881836,0.0,0.0030780081134410566,-13.57425594329834,14
4H03,14,34.16223907470703,39.681636810302734,95.54733276367188,0.0,0.0030929367663927974,-14.686206817626953,19
3BP8,0,15.104561805725098,19.210695266723633,56.62115478515625,0.0,0.009366425267509394,-20.310256958007812,0
3BP8,1,14.182771682739258,19.44047737121582,53.98316955566406,0.0,0.010036986623410397,-17.837308883666992,2
3BP8,2,19.80910301208496,25.57968521118164,72.23819732666016,0.0,0.005694392157669234,-18.010196685791016,5
3BP8,3,21.323537826538086,26.56070327758789,76.76416778564453,0.0,0.005097188821637992,-18.72726058959961,8
3BP8,4,15.195978164672852,22.124366760253906,57.30769729614258,0.0,0.008700502879667197,-20.232696533203125,2
3BP8,5,13.347661972045898,18.967790603637695,50.13131332397461,0.0,0.011386801902162009,-18.754138946533203,6
3BP8,6,15.276432037353516,22.118452072143555,57.6112060546875,0.0,0.0086275183593043,-19.34134864807129,2
3BP8,7,11.361238479614258,17.737417221069336,44.14007568359375,0.0,0.014285855269810481,-17.891178131103516,2
3BP8,8,13.55184555053711,16.771162033081055,50.31449508666992,0.0,0.011894606453312079,-19.107316970825195,10
3BP8,9,21.337318420410156,27.259140014648438,75.88703155517578,0.0,0.0051364503854087985,-17.64830780029297,18
3BP8,10,10.692495346069336,16.219083786010742,41.578147888183594,0.0,0.01619915303143793,-18.871858596801758,1
3BP8,11,13.950596809387207,15.872049331665039,51.196311950683594,0.0,0.011892659658906618,-15.854325294494629,9
3BP8,12,13.048327445983887,16.993261337280273,46.56513977050781,0.0,0.013325924361082419,-15.427078247070312,21
3BP8,13,16.580551147460938,20.357379913330078,59.47328567504883,0.0,0.008472510189090647,-15.991121292114258,25
3BP8,14,18.80384635925293,24.25215721130371,68.78730010986328,0.0,0.006283531647589616,-18.333229064941406,2
1XQS,0,13.156190872192383,12.244784355163574,38.007301330566406,0.0,0.02080589383904437,-16.986827850341797,0
1XQS,1,23.87967300415039,15.66706371307373,45.35589599609375,0.0,0.01433764848894229,-14.695944786071777,4
1XQS,2,21.100242614746094,12.445549964904785,40.45843505859375,0.0,0.018863710803654708,-16.003131866455078,0
1XQS,3,20.920455932617188,12.167601585388184,41.235172271728516,0.0,0.01857652894048559,-15.210657119750977,0
1XQS,4,14.923205375671387,13.035710334777832,29.124893188476562,0.0,0.0305189628603515,-18.013263702392578,0
1XQS,5,23.044384002685547,13.822358131408691,42.58384323120117,0.0,0.016651837505003198,-14.679389953613281,2
1XQS,6,15.362101554870605,11.217345237731934,39.90048599243164,0.0,0.020326327243521753,-15.855341911315918,25
1XQS,7,22.041912078857422,12.382098197937012,41.395347595214844,0.0,0.018306925879107216,-16.05548667907715,0
1XQS,8,21.363698959350586,11.157402038574219,42.62871551513672,0.0,0.018663901548264573,-16.32842445373535,2
1XQS,9,14.755415916442871,12.484532356262207,29.28584861755371,0.0,0.030641964316008224,-18.01038932800293,3
1XQS,10,20.651660919189453,11.46886157989502,40.18061447143555,0.0,0.019884123542001895,-19.606386184692383,0
1XQS,11,24.33903694152832,16.604543685913086,48.82217025756836,0.0,0.012504720714185591,-15.899175643920898,0
1XQS,12,12.14882755279541,12.356664657592773,21.442495346069336,0.0,0.05010749143268398,-17.713600158691406,0
1XQS,13,22.247499465942383,13.424798965454102,42.86534118652344,0.0,0.01672128550584227,-15.643213272094727,7
1XQS,14,21.553836822509766,11.355292320251465,42.161163330078125,0.0,0.018736112226964488,-18.65676498413086,0
2J7P,0,17.241933822631836,13.094633102416992,29.540328979492188,0.0,0.02980552417470639,-17.15236473083496,3
2J7P,1,11.633652687072754,8.894558906555176,21.107236862182617,0.066667,0.07795424551368087,-19.39956283569336,0
2J7P,2,22.259071350097656,16.93940544128418,35.246376037597656,0.0,0.020913913115254024,-15.819424629211426,0
2J7P,3,23.841623306274414,18.63656997680664,46.01179504394531,0.0,0.013145777061769776,-16.10877227783203,27
2J7P,4,9.597012519836426,7.302690505981445,17.666654586791992,0.466667,0.23170806219984053,-21.852760314941406,13
2J7P,5,16.68464469909668,12.761370658874512,28.857635498046875,0.0,0.031153662444996885,-19.390085220336914,1
2J7P,6,9.615865707397461,7.545900821685791,18.67226219177246,0.0,0.06988912632051962,-17.176727294921875,1
2J7P,7,5.4776129722595215,4.535676956176758,10.311188697814941,0.066667,0.18995211712135726,-18.463926315307617,0
2J7P,8,5.4337992668151855,5.885194778442383,19.633878707885742,0.0,0.07294684151129187,-17.224504470825195,0
2J7P,9,5.78903341293335,4.5724568367004395,10.775390625,0.0,0.16024576128889553,-17.069599151611328,0
2J7P,10,18.360687255859375,13.787500381469727,33.52770233154297,0.0,0.024029800595452035,-16.068496704101562,5
2J7P,11,13.687623977661133,10.599974632263184,24.196605682373047,0.0,0.04316003547742053,-19.089107513427734,0
2J7P,12,18.71355628967285,14.215928077697754,32.209049224853516,0.066667,0.04759573297086506,-20.16938018798828,2
2J7P,13,11.810595512390137,8.993735313415527,21.624088287353516,0.0,0.05363228297786482,-18.223873138427734,0
2J7P,14,18.388389587402344,13.939229011535645,31.361984252929688,0.0,0.02662576938885393,-18.275333404541016,1
3HI6,0,9.259300231933594,7.505320072174072,20.015274047851562,0.166667,0.11928979256248884,-17.84627914428711,1
3HI6,1,19.1951961517334,13.735182762145996,55.82965087890625,0.0,0.011480178831516717,-14.341650009155273,0
3HI6,2,26.837779998779297,23.34616470336914,76.84955596923828,0.0,0.005398970501343008,-18.441267013549805,0
3HI6,3,7.9509992599487305,8.023333549499512,16.703548431396484,0.0,0.07982020966523141,-16.125991821289062,0
3HI6,4,11.51872730255127,11.220256805419922,22.2484130859375,0.333333,0.1594206855606609,-19.21480941772461,0
3HI6,5,4.0353779792785645,2.955125331878662,9.721111297607422,0.666667,0.4349389250471581,-20.261545181274414,0
3HI6,6,25.46746826171875,20.56691551208496,68.18865203857422,0.0,0.006863979038110433,-16.354747772216797,3
3HI6,7,30.874980926513672,27.413043975830078,91.62544250488281,0.0,0.0038392756539392236,-14.10579776763916,3
3HI6,8,18.665145874023438,11.503043174743652,53.15540313720703,0.0,0.013884362345083799,-16.108020782470703,2
3HI6,9,44.32141876220703,62.42953872680664,142.29307556152344,0.0,0.0013775511501650706,0.0,0
3HI6,10,45.96379852294922,59.84626007080078,125.67134094238281,0.0,0.0017272389404985634,0.0,0
3HI6,11,19.38860321044922,12.055767059326172,55.96693801879883,0.0,0.012596952890656108,-14.809094429016113,0
3HI6,12,9.702385902404785,9.024368286132812,22.171112060546875,0.5,0.2183438651952373,-15.974687576293945,0
3HI6,13,34.451175689697266,28.302074432373047,97.97977447509766,0.0,0.003423630028432463,-16.26943588256836,2
3HI6,14,14.064868927001953,9.319103240966797,40.47909927368164,0.0,0.0224950893558734,-16.090578079223633,0
2MTA,0,8.926816940307617,11.269450187683105,22.732391357421875,1.0,0.3800237236527611,-20.793485641479492,0
2MTA,1,6.8922505378723145,8.389710426330566,17.358291625976562,1.0,0.4081283518367611,-22.28422737121582,0
2MTA,2,18.13048553466797,17.163841247558594,53.49849319458008,0.0,0.010733964351738984,-14.840291023254395,1
2MTA,3,19.099645614624023,17.471372604370117,57.90151596069336,0.0,0.009471001233420288,-15.53980541229248,0
2MTA,4,8.285584449768066,10.68592643737793,20.397281646728516,1.0,0.3890953366678073,-20.7628231048584,1
2MTA,5,19.57962417602539,17.8580379486084,58.713462829589844,0.0,0.009178075861523308,-15.937679290771484,1
2MTA,6,6.446772575378418,8.060515403747559,15.707775115966797,0.5,0.2533238259719158,-21.499114990234375,3
2MTA,7,19.173553466796875,17.5384578704834,57.075469970703125,0.0,0.00965308343926285,-14.953693389892578,2
2MTA,8,18.43924903869629,16.612506866455078,54.190284729003906,0.0,0.01069985644464818,-15.402923583984375,0
2MTA,9,7.563255786895752,9.493804931640625,18.754552841186523,0.0,0.06492099358301491,-22.67786407470703,0
2MTA,10,3.499562978744507,3.943788766860962,8.994109153747559,0.0,0.19938601862726554,-18.674108505249023,1
2MTA,11,19.10749053955078,16.699230194091797,56.71589660644531,0.0,0.009990468849036357,-16.164169311523438,1
2MTA,12,2.692068576812744,3.1239736080169678,7.122347354888916,0.0,0.2582868153780153,-21.26915168762207,2
2MTA,13,18.834457397460938,16.244617462158203,56.644832611083984,0.0,0.010158585600308344,-15.026657104492188,0
2MTA,14,19.304615020751953,16.821496963500977,57.70328903198242,0.0,0.009708952364946665,-15.627693176269531,2
6EY6,0,17.28034019470215,16.954181671142578,47.71251678466797,0.0,0.012842685965349135,-16.613906860351562,8
6EY6,1,23.324853897094727,20.183271408081055,43.74148178100586,0.0,0.013960185738520411,-14.104876518249512,5
6EY6,2,16.596515655517578,15.272919654846191,35.62431716918945,0.0,0.02113920580812423,-16.101409912109375,5
6EY6,3,28.435577392578125,21.006376266479492,46.86972427368164,0.0,0.012305000800012534,-16.89508628845215,5
6EY6,4,18.489303588867188,17.867168426513672,40.51463317871094,0.0,0.01638645023159882,-15.811223030090332,1
6EY6,5,27.642393112182617,18.094749450683594,45.667118072509766,0.0,0.01343639440669741,-14.318902015686035,21
6EY6,6,24.56675148010254,24.19344139099121,51.77579116821289,0.0,0.010024525891835844,-17.36979103088379,9
6EY6,7,27.62983512878418,21.223485946655273,46.09032440185547,0.0,0.012620849878217169,-16.57513427734375,3
6EY6,8,18.504505157470703,13.691682815551758,34.74845504760742,0.0,0.02277279674243021,-17.503419876098633,9
6EY6,9,26.15531349182129,24.178117752075195,53.13514709472656,0.0,0.009595284840495105,-15.2925443649292,0
6EY6,10,26.45302963256836,20.553176879882812,38.01713562011719,0.0,0.017635873581361854,-17.949310302734375,6
6EY6,11,19.386613845825195,16.630443572998047,44.314788818359375,0.0,0.014518347263117464,-17.585195541381836,20
6EY6,12,28.501754760742188,21.35001564025879,47.00800323486328,0.0,0.012190890013557722,-16.735170364379883,8
6EY6,13,26.73259735107422,19.28995132446289,46.037208557128906,0.0,0.012992014315231162,-17.492721557617188,0
6EY6,14,15.33514404296875,12.529037475585938,33.59223937988281,0.0,0.02476819835832504,-16.811498641967773,4
1GL1,0,9.262125968933105,12.85778522491455,29.52152442932129,0.0,0.029993883017672193,-20.66320037841797,0
1GL1,1,12.300670623779297,15.167398452758789,38.1085205078125,0.0,0.01902601657272401,-17.460458755493164,11
1GL1,2,9.491358757019043,12.092827796936035,30.876699447631836,0.0,0.028532683122241356,-16.94823455810547,2
1GL1,3,8.695213317871094,12.577086448669434,28.078210830688477,0.0,0.03265802959283557,-15.731760025024414,1
1GL1,4,13.066021919250488,15.719308853149414,39.31098175048828,0.0,0.017896142148667585,-18.072002410888672,13
1GL1,5,4.469522476196289,6.270702838897705,13.470728874206543,0.148148,0.16234823068193796,-24.031726837158203,0
1GL1,6,2.8815228939056396,4.307191371917725,8.565320014953613,0.037037,0.21379087299509694,-26.9482364654541,0
1GL1,7,4.5934014320373535,6.554974555969238,13.865256309509277,0.037037,0.11998600174799857,-20.337112426757812,1
1GL1,8,4.453900337219238,5.6957526206970215,15.770710945129395,0.0,0.09665313374132606,-18.185535430908203,1
1GL1,9,6.249645233154297,8.658992767333984,20.924148559570312,0.0,0.056927226298185536,-17.17919158935547,0
1GL1,10,9.874261856079102,12.437430381774902,32.33796310424805,0.0,0.02632046770708087,-16.634523391723633,0
1GL1,11,6.3715901374816895,9.239425659179688,20.20697021484375,0.111111,0.0957109130178001,-16.461530685424805,1
1GL1,12,5.211100101470947,8.03427791595459,15.228117942810059,0.0,0.09041118120047599,-18.23950958251953,2
1GL1,13,5.434077262878418,8.321377754211426,15.886507034301758,0.0,0.08467696646764696,-19.371355056762695,2
1GL1,14,5.507244110107422,8.960436820983887,16.027965545654297,0.222222,0.15632978859381627,-16.838123321533203,4
1E96,0,6.390038013458252,4.772350788116455,14.395155906677246,0.363636,0.23735649572244336,-14.79263973236084,7
1E96,1,17.455568313598633,14.011188507080078,35.09928894042969,0.0,0.022242969990197408,-11.548663139343262,3
1E96,2,18.339916229248047,12.926658630371094,34.48500061035156,0.0,0.02352029194856632,-12.375870704650879,2
1E96,3,20.65033721923828,12.27097225189209,33.19386672973633,0.272727,0.11632898355090206,-17.334856033325195,4
1E96,4,19.27942657470703,13.385686874389648,35.350460052490234,0.0,0.022352559192456826,-12.887938499450684,4
1E96,5,18.183034896850586,12.824257850646973,31.173919677734375,0.0,0.027565716467253445,-13.068424224853516,0
1E96,6,12.778006553649902,7.508976459503174,35.62055206298828,0.0,0.030749301634325443,-14.43309497833252,4
1E96,7,7.554957866668701,9.254362106323242,28.887216567993164,0.0,0.03509398165164606,-13.510623931884766,3
1E96,8,18.231468200683594,13.174662590026855,33.04203796386719,0.0,0.0249553661546445,-12.277711868286133,1
1E96,9,16.530555725097656,9.649723052978516,41.90367889404297,0.0,0.02103781993165753,-14.154380798339844,7
1E96,10,19.752687454223633,11.629834175109863,41.93675231933594,0.0,0.018607951138330057,-14.032050132751465,3
1E96,11,18.270442962646484,12.986907958984375,35.38746643066406,0.0,0.022570929618401344,-12.19284439086914,2
1E96,12,19.18402671813965,14.161564826965332,38.8343391418457,0.0,0.018937409733476213,-11.818793296813965,1
1E96,13,18.40656280517578,13.159252166748047,34.822181701660156,0.0,0.02301986285102477,-12.775371551513672,5
1E96,14,18.764034271240234,14.251301765441895,36.84136199951172,0.0,0.02049926683762685,-12.336583137512207,7
4POU,0,10.818160057067871,8.684852600097656,19.6895751953125,0.0,0.0620185217430613,-16.546438217163086,0
4POU,1,7.514906883239746,5.54937744140625,14.450270652770996,0.0,0.10838333613873617,-19.132667541503906,1
4POU,2,10.402573585510254,8.67031192779541,20.205936431884766,0.0,0.05980516618165901,-14.942216873168945,0
4POU,3,12.095797538757324,8.602411270141602,21.189220428466797,0.0,0.056040413657146855,-16.868492126464844,0
4POU,4,7.610274791717529,6.236652851104736,15.372747421264648,0.0,0.09627570170708726,-18.05402374267578,3
4POU,5,14.446233749389648,13.12109088897705,22.411174774169922,0.0,0.04621986337687758,-15.253284454345703,0
4POU,6,15.490626335144043,15.548296928405762,26.824478149414062,0.0,0.03348960531805272,-15.298090934753418,0
4POU,7,14.216383934020996,12.588788986206055,22.468069076538086,0.0,0.04640052075405058,-13.186004638671875,1
4POU,8,10.061050415039062,7.811607360839844,17.93769073486328,0.0,0.07297727657517832,-16.124553680419922,2
4POU,9,8.607300758361816,6.853992462158203,17.921342849731445,0.0,0.07645009630892836,-16.729076385498047,3
4POU,10,10.868448257446289,9.151646614074707,17.950990676879883,0.0,0.06977024947899658,-16.528099060058594,0
4POU,11,8.133234977722168,6.049361228942871,16.57707977294922,0.0,0.08870212272110488,-16.444660186767578,2
4POU,12,7.339293479919434,5.558408737182617,14.591919898986816,0.0,0.10707855446397004,-16.976892471313477,2
4POU,13,11.094011306762695,8.736562728881836,19.836055755615234,0.0,0.06125685704432579,-16.370899200439453,1
4POU,14,11.339371681213379,8.583056449890137,19.765382766723633,0.0,0.06190375631326254,-18.37409782409668,0
1RV6,0,15.830941200256348,18.30515480041504,43.965904235839844,0.0,0.014233486392409076,-17.43897819519043,3
1RV6,1,25.670185089111328,26.42214584350586,67.64400482177734,0.0,0.006252330663233795,-19.769922256469727,0
1RV6,2,23.195619583129883,22.90458106994629,67.64836883544922,0.0,0.006604326485249098,-19.86867904663086,0
1RV6,3,26.1429386138916,28.476282119750977,68.47425079345703,0.0,0.005980830362257533,-23.51712417602539,0
1RV6,4,12.312790870666504,12.032776832580566,24.36288833618164,0.0,0.04127273784083395,-21.693208694458008,0
1RV6,5,11.938250541687012,11.95849609375,22.599029541015625,0.0,0.04647503031563816,-21.017192840576172,0
1RV6,6,17.245201110839844,13.524409294128418,47.8668212890625,0.0,0.014240324134888812,-19.133596420288086,0
1RV6,7,16.131343841552734,13.730002403259277,41.54025650024414,0.0,0.017327263516082245,-23.52031898498535,0
1RV6,8,15.51951789855957,13.259111404418945,41.75743865966797,0.0,0.01747443619216038,-17.734533309936523,0
1RV6,9,16.42299461364746,17.758113861083984,42.828956604003906,0.0,0.014993218894798961,-16.690250396728516,0
1RV6,10,23.355173110961914,21.575176239013672,69.7326431274414,0.0,0.006483676329234227,-23.840070724487305,0
1RV6,11,22.84829330444336,22.804508209228516,68.0151596069336,0.0,0.006561922984295014,-22.64015769958496,0
1RV6,12,23.501506805419922,22.12086296081543,68.68877410888672,0.0,0.006553103031672017,-21.02646255493164,0
1RV6,13,11.935436248779297,11.146821975708008,22.500045776367188,0.0,0.04755928263549656,-23.254009246826172,0
1RV6,14,22.865755081176758,23.005264282226562,67.24404907226562,0.0,0.006653452647498345,-19.20575523376465,0
1AVX,0,21.989133834838867,21.672422409057617,64.81632232666016,0.0,0.007224802028427971,-17.667102813720703,2
1AVX,1,20.174560546875,17.339017868041992,63.09120559692383,0.0,0.008418600582286892,-17.505205154418945,0
1AVX,2,21.64992904663086,22.635982513427734,68.74817657470703,0.0,0.006476200803002287,-17.312788009643555,9
1AVX,3,19.19146728515625,17.847248077392578,70.1491470336914,0.0,0.007161364629075336,-14.513298988342285,5
1AVX,4,14.387166976928711,8.709044456481934,23.41243553161621,0.3,0.1484229193288431,-18.598461151123047,1
1AVX,5,21.04075813293457,24.955867767333984,58.60031509399414,0.0,0.008068605845659183,-14.9151611328125,1
1AVX,6,20.819929122924805,20.908910751342773,69.3656005859375,0.0,0.006637979047586986,-17.121801376342773,4
1AVX,7,21.461339950561523,23.15657615661621,68.54029083251953,0.0,0.006441711217992874,-15.08486270904541,0
1AVX,8,20.76792335510254,22.587549209594727,58.410980224609375,0.0,0.008375933783687253,-15.092911720275879,4
1AVX,9,20.014101028442383,21.644376754760742,60.83726119995117,0.0,0.007975631526683938,-15.2904634475708,1
1AVX,10,22.295148849487305,23.219356536865234,71.41251373291016,0.0,0.006041812982040612,-17.539846420288086,0
1AVX,11,22.386234283447266,22.112707138061523,64.30545806884766,0.0,0.007250789863716422,-16.139087677001953,3
1AVX,12,21.63378143310547,21.43681526184082,68.00543212890625,0.0,0.0067515237399052505,-16.024730682373047,3
1AVX,13,23.530553817749023,25.74416160583496,66.36722564697266,0.0,0.006507315585519914,-14.631281852722168,1
1AVX,14,19.905237197875977,21.039060592651367,53.64899444580078,0.0,0.009848358389897284,-13.44981861114502,4
6CWG,0,21.842390060424805,19.655115127563477,32.24631118774414,0.0,0.023586357830146953,-16.844114303588867,0
6CWG,1,23.599111557006836,22.308727264404297,34.45527267456055,0.0,0.020622834697576923,-18.49424171447754,0
6CWG,2,23.196563720703125,23.947301864624023,53.01646423339844,0.0,0.009656289190593968,-13.399840354919434,4
6CWG,3,25.039539337158203,20.77556610107422,46.89375305175781,0.0,0.012332058452689492,-13.52078628540039,2
6CWG,4,23.592208862304688,19.837936401367188,33.35686111450195,0.0,0.0222196119887091,-19.322898864746094,0
6CWG,5,22.93741798400879,21.132551193237305,42.62865447998047,0.0,0.01441719262354429,-15.230854988098145,0
6CWG,6,23.98406219482422,20.760128021240234,32.739013671875,0.0,0.022781323659713137,-17.70902442932129,0
6CWG,7,24.39000129699707,24.45879554748535,55.67519760131836,0.0,0.008841524605879036,-13.70221996307373,0
6CWG,8,22.720273971557617,19.142223358154297,31.97567367553711,0.0,0.024034379205712428,-19.6375789642334,2
6CWG,9,24.28487777709961,22.95685386657715,48.82758331298828,0.0,0.011221442748512023,-15.615626335144043,0
6CWG,10,21.4398136138916,21.21345329284668,40.83916091918945,0.0,0.015498639561484813,-16.60491180419922,0
6CWG,11,22.90540313720703,19.405881881713867,35.98334503173828,0.0,0.01959673216021635,-15.81445026397705,0
6CWG,12,24.508859634399414,17.238162994384766,37.53910446166992,0.0,0.01876174138696267,-16.00383949279785,4
6CWG,13,24.23917007446289,21.008811950683594,52.500186920166016,0.0,0.010205101142259873,-17.223173141479492,2
6CWG,14,24.284421920776367,20.164703369140625,38.03619384765625,0.0,0.017689052795285657,-15.149328231811523,4
1TMQ,0,13.497335433959961,16.088106155395508,40.12421798706055,0.0,0.017189259109387785,-21.2283992767334,0
1TMQ,1,13.338469505310059,15.264507293701172,39.497833251953125,0.0,0.017941999198604543,-22.719552993774414,1
1TMQ,2,8.856461524963379,11.044133186340332,20.275745391845703,0.0,0.05586280013301384,-18.577451705932617,0
1TMQ,3,7.976862907409668,10.566222190856934,18.122411727905273,0.0,0.06669239149867497,-21.160242080688477,5
1TMQ,4,8.820055961608887,13.021175384521484,20.875890731811523,0.0,0.05176872394660901,-18.011455535888672,0
1TMQ,5,8.342498779296875,9.888982772827148,19.57090950012207,0.0,0.06039580716704764,-19.997982025146484,2
1TMQ,6,8.053237915039062,11.163558006286621,19.080869674682617,0.0,0.06110660780428404,-22.535049438476562,3
1TMQ,7,8.716911315917969,10.339003562927246,20.048452377319336,0.0,0.057659907660587234,-21.0197696685791,0
1TMQ,8,8.090083122253418,10.295567512512207,18.480083465576172,0.0,0.06513404414251889,-19.942325592041016,1
1TMQ,9,8.559155464172363,9.429058074951172,19.803464889526367,0.0,0.06008354108452185,-19.440216064453125,14
1TMQ,10,8.801429748535156,10.492127418518066,20.25497055053711,0.0,0.056588687754311424,-22.2064266204834,1
1TMQ,11,8.340726852416992,11.831121444702148,19.488908767700195,0.0,0.058547065945107536,-21.71860122680664,0
1TMQ,12,8.838194847106934,10.868912696838379,19.944734573364258,0.0,0.05746661043516021,-22.45339584350586,2
1TMQ,13,8.938575744628906,10.767573356628418,20.37917709350586,0.0,0.05574122329274936,-20.891536712646484,1
1TMQ,14,7.462382793426514,10.023371696472168,16.987022399902344,0.0,0.07404970861172358,-18.20802879333496,1
1JMO,0,16.632719039916992,17.06125259399414,27.258277893066406,0.086957,0.06108300230621608,-13.767332077026367,3
1JMO,1,23.24342918395996,20.971952438354492,65.64374542236328,0.0,0.007193335257281945,-12.8262939453125,9
1JMO,2,21.939598083496094,19.648427963256836,57.53865432739258,0.0,0.00905048298378017,-13.08469295501709,13
1JMO,3,23.29506492614746,18.213176727294922,66.71170806884766,0.0,0.007570699881090651,-15.337326049804688,0
1JMO,4,18.268163681030273,14.683938980102539,56.776981353759766,0.086957,0.03973522938251118,-15.488791465759277,4
1JMO,5,22.94341278076172,18.242469787597656,67.9695816040039,0.0,0.0073712795306470616,-13.736600875854492,5
1JMO,6,27.381372451782227,20.900545120239258,70.02535247802734,0.0,0.006548198857969781,-15.536797523498535,0
1JMO,7,19.827163696289062,16.075057983398438,55.53474807739258,0.0,0.010507440517361131,-13.172953605651855,6
1JMO,8,19.541664123535156,18.079866409301758,59.9775390625,0.0,0.008841735592151909,-13.870304107666016,6
1JMO,9,17.452634811401367,18.313350677490234,27.956787109375,0.086957,0.05941321612938605,-17.239704132080078,1
1JMO,10,19.757448196411133,16.379024505615234,59.78510284423828,0.043478,0.023869571058380626,-12.325809478759766,9
1JMO,11,22.831235885620117,19.43761444091797,61.625267028808594,0.0,0.008196522771187856,-16.567007064819336,0
1JMO,12,23.70455551147461,18.16176986694336,67.63135528564453,0.0,0.00744174808208072,-14.899548530578613,4
1JMO,13,23.349517822265625,21.23847770690918,63.96495056152344,0.0,0.00743847784806708,-16.204360961914062,0
1JMO,14,21.07839012145996,16.895912170410156,60.06757354736328,0.0,0.00915042209444463,-13.391027450561523,4
5O1R,0,6.66191291809082,10.399640083312988,17.432039260864258,0.0,0.07082328639143014,-14.874114990234375,0
5O1R,1,5.273451805114746,8.55279541015625,13.195323944091797,0.0,0.10770097073343725,-15.378235816955566,3
5O1R,2,21.8100643157959,19.724092483520508,54.7990608215332,0.0,0.009748239699852782,-15.420233726501465,30
5O1R,3,9.297545433044434,11.516820907592773,22.066926956176758,0.0,0.048627736837539244,-16.19061279296875,5
5O1R,4,6.5121564865112305,10.160954475402832,15.967976570129395,0.0,0.08070775112435478,-14.854722023010254,0
5O1R,5,5.808780193328857,9.224812507629395,14.10623550415039,0.0,0.09737753063109834,-15.744871139526367,3
5O1R,6,6.051900386810303,7.878100395202637,19.370298385620117,0.0,0.06548395200642503,-14.938851356506348,5
5O1R,7,15.879149436950684,16.386411666870117,44.44477844238281,0.0,0.01453173923719678,-13.619524955749512,11
5O1R,8,16.573453903198242,15.334989547729492,43.94685745239258,0.0,0.015179239440370617,-15.265924453735352,8
5O1R,9,8.120058059692383,10.645157814025879,22.819440841674805,0.0,0.047103895180821954,-14.28812026977539,1
5O1R,10,10.032366752624512,12.818763732910156,23.926929473876953,0.0,0.04185569021598775,-13.24707317352295,8
5O1R,11,11.132183074951172,14.353656768798828,26.505794525146484,0.0,0.03468396944070493,-15.899364471435547,0
5O1R,12,11.75649356842041,13.437002182006836,31.937528610229492,0.0,0.026151947580744447,-13.352355003356934,0
5O1R,13,10.879362106323242,13.889180183410645,28.391746520996094,0.0,0.03126212094593222,-14.975114822387695,0
5O1R,14,13.112650871276855,13.306987762451172,39.32054901123047,0.0,0.01906368982472138,-13.543079376220703,0
1PPE,0,6.178643703460693,8.85034465789795,19.90033721923828,0.0,0.06073774889793163,-17.367855072021484,0
1PPE,1,12.466694831848145,15.212738037109375,39.308650970458984,0.0,0.018099521438078036,-22.094947814941406,1
1PPE,2,10.679874420166016,13.390013694763184,33.796566009521484,0.0,0.023961786575191768,-19.37003517150879,21
1PPE,3,8.048810958862305,9.792722702026367,27.954069137573242,0.0,0.03585276235599649,-21.25349998474121,0
1PPE,4,9.078468322753906,11.1104154586792,30.983251571655273,0.0,0.029298771705051154,-20.76439666748047,0
1PPE,5,9.573508262634277,12.341652870178223,32.45612716674805,0.0,0.026247325889923095,-19.46610450744629,1
1PPE,6,4.12498140335083,6.871895790100098,12.357545852661133,0.0,0.1222163728195812,-21.27590560913086,0
1PPE,7,6.150467872619629,8.94271183013916,20.02472686767578,0.0,0.06001198590244552,-14.08845043182373,0
1PPE,8,11.542572975158691,14.60227108001709,39.14945983886719,0.0,0.01848650552553158,-20.295488357543945,1
1PPE,9,7.570915699005127,9.209589958190918,26.342084884643555,0.0,0.040048105020880846,-16.069923400878906,1
1PPE,10,11.258308410644531,14.954426765441895,38.09503173828125,0.0,0.0191283663845973,-21.1436824798584,0
1PPE,11,8.918601036071777,10.673900604248047,30.375816345214844,0.0,0.030661189832745392,-19.221708297729492,5
1PPE,12,4.131742477416992,6.889147758483887,12.426809310913086,0.0,0.12133321675668546,-21.402402877807617,0
1PPE,13,12.16090202331543,15.198919296264648,39.53178787231445,0.0,0.01794509265215183,-17.825664520263672,5
1PPE,14,9.818102836608887,11.989041328430176,33.392433166503906,0.0,0.025421479367530617,-19.131601333618164,2
1SBB,0,22.80302619934082,10.779329299926758,57.689117431640625,0.0,0.013414850664728478,-15.802214622497559,20
1SBB,1,23.127342224121094,11.061691284179688,55.15235900878906,0.0,0.013752538345609225,-15.214327812194824,6
1SBB,2,24.52022933959961,12.105896949768066,54.805118560791016,0.0,0.012870041120793844,-15.328030586242676,17
1SBB,3,20.044754028320312,7.99828577041626,54.886138916015625,0.0,0.019132696436364546,-13.418299674987793,7
1SBB,4,25.832340240478516,14.814370155334473,56.998348236083984,0.0,0.010634409516186868,-16.660587310791016,12
1SBB,5,24.98235321044922,10.58920669555664,56.714691162109375,0.0,0.013879835224090436,-14.491988182067871,11
1SBB,6,16.959821701049805,12.71072769165039,56.32883834838867,0.0,0.01199964678828501,-15.225875854492188,5
1SBB,7,24.646238327026367,12.312024116516113,55.17103576660156,0.0,0.012604018578985377,-14.497241973876953,23
1SBB,8,21.777835845947266,12.403509140014648,60.25971984863281,0.0,0.011307589605629822,-14.483820915222168,4
1SBB,9,21.495943069458008,18.34827423095703,48.37049865722656,0.0,0.012197966271181616,-16.59061622619629,9
1SBB,10,22.364694595336914,16.79262924194336,48.79166793823242,0.0,0.012456995927516647,-16.040483474731445,12
1SBB,11,25.275907516479492,17.17437171936035,58.386207580566406,0.0,0.00944159041936047,-16.80767059326172,4
1SBB,12,23.363849639892578,15.1244535446167,53.64912033081055,0.0,0.011409284858947995,-18.702285766601562,1
1SBB,13,22.73016929626465,8.940189361572266,55.9508056640625,0.0,0.016646239623366647,-14.029044151306152,6
1SBB,14,20.6020450592041,20.072711944580078,53.51641845703125,0.0,0.010053155469979987,-14.192054748535156,7
1FQJ,0,25.41364860534668,23.68207359313965,62.11688995361328,0.0,0.007458827723864764,-11.270478248596191,5
1FQJ,1,14.909601211547852,15.439221382141113,33.282840728759766,0.0,0.023526601610471504,-12.370431900024414,2
1FQJ,2,23.82598304748535,21.304283142089844,59.75223922729492,0.0,0.00825590913359812,-13.47479248046875,7
1FQJ,3,16.001527786254883,13.311043739318848,43.22043228149414,0.0,0.016592265423845773,-13.024985313415527,4
1FQJ,4,19.476808547973633,15.908817291259766,52.11094665527344,0.0,0.011576083482991308,-15.177912712097168,0
1FQJ,5,14.960969924926758,12.6191987991333,34.722900390625,0.0,0.023489714041438126,-19.493749618530273,0
1FQJ,6,18.354862213134766,16.652484893798828,39.55918502807617,0.0,0.017393094507496893,-17.111112594604492,0
1FQJ,7,18.112197875976562,17.106515884399414,40.53541946411133,0.0,0.016583111687716486,-13.25852108001709,3
1FQJ,8,18.193164825439453,15.639402389526367,39.57008361816406,0.0,0.017740911324867766,-13.04171371459961,1
1FQJ,9,17.79561996459961,15.020600318908691,36.506900787353516,0.076923,0.046073489043944434,-12.489102363586426,37
1FQJ,10,13.89952564239502,12.309410095214844,31.402841567993164,0.0,0.027632084594260514,-13.159941673278809,7
1FQJ,11,9.051787376403809,8.17238998413086,18.438077926635742,0.0,0.06928811666091479,-12.547503471374512,24
1FQJ,12,17.81476402282715,15.625763893127441,39.030391693115234,0.0,0.018137039652648693,-16.68661880493164,1
1FQJ,13,17.019765853881836,15.294559478759766,38.42903137207031,0.0,0.01872288994976318,-16.128273010253906,0
1FQJ,14,11.272741317749023,13.651910781860352,25.996967315673828,0.0,0.03616914694487607,-11.681757926940918,7
1EFN,0,10.143153190612793,8.364086151123047,32.983070373535156,0.0,0.031145785142320456,-20.467390060424805,0
1EFN,1,12.407751083374023,10.023568153381348,33.018898010253906,0.0,0.028018153690213227,-20.857589721679688,0
1EFN,2,14.020655632019043,13.079160690307617,39.95522689819336,0.0,0.01876004525289215,-17.863874435424805,0
1EFN,3,12.206770896911621,9.801355361938477,36.016143798828125,0.0,0.025215034999938036,-19.389862060546875,0
1EFN,4,11.487325668334961,10.211216926574707,34.22084426879883,0.0,0.026411241000148317,-19.51593017578125,0
1EFN,5,7.9821977615356445,6.115034580230713,25.678300857543945,0.0,0.051836127589096746,-17.99563980102539,0
1EFN,6,16.947803497314453,16.25543785095215,50.06331253051758,0.0,0.012154119091183644,-17.739368438720703,0
1EFN,7,14.814960479736328,13.469796180725098,42.76585006713867,0.0,0.016750719689820233,-19.018089294433594,0
1EFN,8,12.821889877319336,14.043457984924316,37.88705062866211,0.0,0.019733772809982984,-18.52313804626465,0
1EFN,9,11.040853500366211,12.171936988830566,35.677398681640625,0.0,0.022890637974176526,-17.01331329345703,0
1EFN,10,7.261918067932129,7.679879188537598,16.628129959106445,0.0,0.08130598992729014,-14.182221412658691,0
1EFN,11,13.276790618896484,12.129717826843262,37.777469635009766,0.0,0.021082867946814677,-19.107288360595703,0
1EFN,12,15.386617660522461,13.324752807617188,45.4039306640625,0.0,0.015458092314721965,-19.88011932373047,0
1EFN,13,10.528938293457031,9.346843719482422,30.418359756469727,0.0,0.03251232438598217,-21.040163040161133,1
1EFN,14,10.78797435760498,9.388623237609863,29.064990997314453,0.0,0.034559302907785354,-15.937768936157227,0
6B0S,0,3.8205840587615967,4.762707233428955,12.132050514221191,0.5,0.30649755787799143,-17.265972137451172,2
6B0S,1,8.221365928649902,9.097256660461426,24.5321102142334,0.0,0.04455048632915648,-20.658409118652344,8
6B0S,2,13.56603717803955,15.377411842346191,42.34471893310547,0.0,0.016052888545592853,-18.182077407836914,5
6B0S,3,5.663697242736816,9.541106224060059,16.596261978149414,0.0,0.07730757375248391,-14.54659366607666,1
6B0S,4,8.49241828918457,11.56436824798584,24.49107551574707,0.0,0.041350275746836286,-14.260354995727539,30
6B0S,5,7.131775379180908,10.040840148925781,19.812564849853516,0.0,0.05909248485350518,-15.422073364257812,5
6B0S,6,13.424101829528809,15.730464935302734,41.85472869873047,0.0,0.01620672144672998,-18.774887084960938,2
6B0S,7,15.453350067138672,14.84271240234375,48.44767379760742,0.0,0.013324083813681822,-17.57227325439453,4
6B0S,8,13.519523620605469,16.836000442504883,42.17459487915039,0.0,0.015636484340038816,-17.378572463989258,5
6B0S,9,13.155390739440918,15.097733497619629,41.36589050292969,0.0,0.016762423278380137,-19.934606552124023,4
6B0S,10,13.74586296081543,11.17872142791748,42.98088836669922,0.0,0.018441558526488083,-20.000904083251953,1
6B0S,11,13.35184383392334,15.893081665039062,42.677101135253906,0.0,0.015661402678906197,-19.223892211914062,3
6B0S,12,13.161261558532715,15.64778995513916,40.97645568847656,0.0,0.016786700308442603,-17.606651306152344,2
6B0S,13,17.352746963500977,17.820362091064453,54.806270599365234,0.0,0.010174593477371425,-18.344554901123047,1
6B0S,14,6.774680137634277,9.84421157836914,18.826587677001953,0.0,0.06400582040996866,-16.866682052612305,0
2OUL,0,9.086946487426758,8.318050384521484,34.21653366088867,0.0,0.029873163358896778,-18.113292694091797,1
2OUL,1,14.274895668029785,12.561369895935059,43.591739654541016,0.0,0.01689599788093997,-16.63986587524414,1
2OUL,2,21.30299949645996,20.176498413085938,66.14031982421875,0.0,0.007248102286657597,-15.28748893737793,10
2OUL,3,8.154257774353027,7.459890842437744,19.5889949798584,0.0,0.0657701660467843,-16.910783767700195,1
2OUL,4,10.703224182128906,9.455718040466309,37.97578430175781,0.043478,0.0385778068368563,-19.329587936401367,7
2OUL,5,13.13851547241211,12.61302661895752,36.700660705566406,0.0,0.021618404993724843,-16.718660354614258,3
2OUL,6,12.262883186340332,11.40312385559082,37.548194885253906,0.043478,0.03641168527396511,-19.314359664916992,4
2OUL,7,11.309188842773438,9.493797302246094,41.852699279785156,0.043478,0.035815431957339626,-18.312950134277344,0
2OUL,8,7.521912574768066,7.0715532302856445,19.40932846069336,0.217391,0.14045690272755493,-19.890989303588867,2
2OUL,9,13.347410202026367,11.415777206420898,40.1382942199707,0.0,0.019964326253980983,-22.943010330200195,1
2OUL,10,8.349684715270996,7.811327934265137,28.231555938720703,0.0,0.03955976586178376,-13.634344100952148,0
2OUL,11,9.380999565124512,7.811516761779785,30.5782413482666,0.0,0.035763299055698784,-23.568204879760742,1
2OUL,12,10.63477897644043,8.711153984069824,39.11833190917969,0.173913,0.0825985276108423,-17.518545150756836,5
2OUL,13,14.855365753173828,12.088286399841309,43.33946228027344,0.0,0.017401591039954076,-16.249664306640625,0
2OUL,14,7.8691511154174805,6.671708106994629,21.924373626708984,0.173913,0.11756576046948171,-20.759281158447266,4
1YVB,0,6.435909748077393,5.256058692932129,24.378459930419922,0.0,0.06123445207442563,-17.945348739624023,2
1YVB,1,9.576098442077637,9.72846508026123,18.25597381591797,0.115385,0.10558938021954305,-20.776256561279297,1
1YVB,2,11.721128463745117,10.862256050109863,33.99428939819336,0.153846,0.0771336409908001,-20.472200393676758,3
1YVB,3,8.354002952575684,7.154298782348633,32.21723937988281,0.0,0.03572878744056494,-19.693584442138672,6
1YVB,4,11.401514053344727,9.002742767333984,42.83271789550781,0.0,0.0216332968708155,-20.977636337280273,0
1YVB,5,8.660321235656738,8.595845222473145,16.018800735473633,0.076923,0.10872603336026114,-16.440505981445312,4
1YVB,6,8.978947639465332,6.850743293762207,33.82466125488281,0.0,0.035048817939885325,-18.90393829345703,3
1YVB,7,6.165261268615723,5.988089084625244,26.449079513549805,0.076923,0.07652627212203973,-20.61005973815918,3
1YVB,8,9.103958129882812,8.864513397216797,25.18353843688965,0.230769,0.12029190841103814,-18.90618324279785,6
1YVB,9,19.983640670776367,17.44802474975586,63.67996597290039,0.0,0.008280523203331825,-15.100515365600586,0
1YVB,10,10.599038124084473,8.217320442199707,38.89815902709961,0.076923,0.051581430789628964,-21.669260025024414,3
1YVB,11,5.549543857574463,4.7284650802612305,18.54974365234375,0.423077,0.22934802229650297,-21.480878829956055,1
1YVB,12,48.78238296508789,58.703163146972656,143.58706665039062,0.0,0.0013815345102306516,0.0,0
1YVB,13,3.0042970180511475,2.8242347240448,9.513604164123535,0.384615,0.3495148892901922,-26.680360794067383,0
1YVB,14,11.64200496673584,8.527567863464355,41.248233795166016,0.0,0.02358235364856238,-20.816165924072266,0
2B42,0,20.790388107299805,18.21138572692871,62.0183219909668,0.0,0.008392175121718989,-17.79300880432129,1
2B42,1,24.26169776916504,20.79399871826172,65.36884307861328,0.0,0.007267905794673579,-15.582770347595215,2
2B42,2,12.950916290283203,12.110271453857422,31.928071975708008,0.0,0.027098013658330363,-13.034913063049316,6
2B42,3,23.923450469970703,21.169689178466797,64.36940002441406,0.0,0.007377978493174251,-16.72905731201172,4
2B42,4,11.301714897155762,10.933812141418457,37.551239013671875,0.0,0.022404498158870023,-19.529428482055664,4
2B42,5,22.072734832763672,19.828596115112305,59.606361389160156,0.0,0.008540071642617995,-16.55027198791504,1
2B42,6,8.056839942932129,10.215473175048828,16.9151554107666,0.0,0.07423721867767791,-17.383142471313477,5
2B42,7,14.511791229248047,14.534692764282227,26.004358291625977,0.0,0.035689226352925534,-12.628203392028809,1
2B42,8,20.351730346679688,18.87073516845703,64.61822509765625,0.0,0.007762546992119649,-16.9825439453125,0
2B42,9,13.370973587036133,13.701035499572754,43.80128479003906,0.0,0.01604532440695417,-20.204620361328125,2
2B42,10,22.24384117126465,19.97478675842285,66.19770050048828,0.0,0.00727585231752922,-17.12008285522461,0
2B42,11,20.00046157836914,18.909088134765625,64.622802734375,0.0,0.007753329116122004,-12.88430404663086,3
2B42,12,21.5126895904541,19.619853973388672,63.97911071777344,0.0,0.007718552676576497,-14.930150985717773,2
2B42,13,13.33922004699707,13.817692756652832,24.28608512878418,0.0,0.040258561626280547,-13.47834300994873,4
2B42,14,20.800134658813477,18.675273895263672,62.123775482177734,0.0,0.008262215383504695,-16.252164840698242,5
1MQ8,0,20.298927307128906,13.758262634277344,58.42777633666992,0.0,0.010824113113823556,-14.110396385192871,5
1MQ8,1,15.099973678588867,14.489583015441895,23.46818733215332,0.0,0.04219110948336485,-15.190526008605957,1
1MQ8,2,12.33895206451416,9.719137191772461,30.680124282836914,0.0,0.03151708325408228,-16.649578094482422,2
1MQ8,3,16.527992248535156,12.832728385925293,27.56889533996582,0.0,0.03342901977156016,-17.539958953857422,0
1MQ8,4,15.027169227600098,12.215129852294922,59.0333251953125,0.0,0.01172215982907337,-13.858501434326172,0
1MQ8,5,19.612552642822266,11.636219024658203,59.94551086425781,0.0,0.012018426768945526,-15.145930290222168,1
1MQ8,6,18.666175842285156,17.6275634765625,31.83316993713379,0.0,0.024580649908009577,-15.173036575317383,0
1MQ8,7,27.866687774658203,35.141727447509766,66.37811279296875,0.0,0.0059839920634565105,-17.506074905395508,2
1MQ8,8,18.272804260253906,13.268999099731445,60.279090881347656,0.0,0.010704797036344414,-15.021638870239258,0
1MQ8,9,15.349509239196777,12.561592102050781,56.51911163330078,0.0,0.012058687188291584,-14.574446678161621,0
1MQ8,10,15.817816734313965,11.139147758483887,23.318056106567383,0.0,0.045034282578832775,-16.97896957397461,0
1MQ8,11,16.754919052124023,12.452251434326172,35.99751663208008,0.0,0.022371559244833656,-16.99171257019043,3
1MQ8,12,16.06740951538086,11.711012840270996,23.910608291625977,0.0,0.042778670672586484,-16.705913543701172,0
1MQ8,13,11.614973068237305,10.374422073364258,56.97605895996094,0.0,0.014082961246541086,-14.705760955810547,0
1MQ8,14,14.799570083618164,12.365429878234863,59.61979675292969,0.0,0.0114743469356247,-16.488086700439453,0
2B4J,0,6.8715386390686035,8.188577651977539,15.091570854187012,0.0,0.09109837609129305,-18.885364532470703,5
2B4J,1,12.127821922302246,12.42038631439209,38.41822814941406,0.0,0.02034743854649904,-12.396809577941895,2
2B4J,2,17.703784942626953,13.269850730895996,56.69558334350586,0.0,0.011533122806334768,-16.495595932006836,5
2B4J,3,10.025288581848145,6.461489200592041,30.299440383911133,0.0,0.04136420846523714,-14.566600799560547,3
2B4J,4,18.261852264404297,15.81167221069336,57.62662124633789,0.0,0.010070919693736037,-20.69419288635254,1
2B4J,5,4.548059463500977,4.99481725692749,10.35302448272705,0.222222,0.23586685850552178,-20.783687591552734,2
2B4J,6,11.540454864501953,9.78216552734375,35.29719924926758,0.0,0.02592835306520082,-12.600966453552246,4
2B4J,7,17.267061233520508,12.99881362915039,56.191993713378906,0.0,0.011836975782326392,-18.677101135253906,3
2B4J,8,23.297107696533203,18.063804626464844,70.29486083984375,0.0,0.00708633450527379,-20.267261505126953,2
2B4J,9,23.641719818115234,17.52765464782715,68.24872589111328,0.0,0.007514973232113265,-20.3770694732666,2
2B4J,10,16.95595932006836,13.606701850891113,54.950443267822266,0.0,0.011791716586039296,-15.92107105255127,7
2B4J,11,15.977913856506348,12.669319152832031,53.2103271484375,0.0,0.012902298136528954,-18.693790435791016,2
2B4J,12,23.311071395874023,18.708585739135742,69.93629455566406,0.0,0.006981349959678304,-20.130767822265625,2
2B4J,13,6.632948875427246,6.942967891693115,14.799495697021484,0.0,0.09754722755748692,-22.517568588256836,1
2B4J,14,19.072242736816406,14.582850456237793,59.56928634643555,0.0,0.010141317298991655,-17.454336166381836,7
3D5S,0,14.656867027282715,16.517593383789062,46.0916748046875,0.0,0.013689923055599839,-14.515179634094238,0
3D5S,1,14.47445011138916,15.90701675415039,37.514564514160156,0.0,0.019214917505257532,-13.733290672302246,39
3D5S,2,16.949739456176758,19.456003189086914,48.24648666381836,0.0,0.012004443042786006,-17.056934356689453,1
3D5S,3,16.76663589477539,17.385698318481445,47.63536834716797,0.0,0.01274891713814442,-21.284685134887695,0
3D5S,4,15.814481735229492,15.66421127319336,46.18243408203125,0.0,0.013950678596363716,-22.67493438720703,1
3D5S,5,13.747852325439453,11.890092849731445,42.1561164855957,0.0,0.018244282113392195,-24.97724723815918,1
3D5S,6,17.563966751098633,21.44649887084961,50.20253372192383,0.0,0.01091212446415621,-16.88448715209961,4
3D5S,7,16.960054397583008,16.131200790405273,50.231353759765625,0.0,0.01213661545200311,-17.018802642822266,1
3D5S,8,17.700027465820312,21.316986083984375,51.49732971191406,0.0,0.010482780578831424,-16.908620834350586,0
3D5S,9,18.212120056152344,22.085298538208008,51.83830261230469,0.0,0.010258133907525686,-15.839838027954102,4
3D5S,10,17.380558013916016,21.478940963745117,49.585899353027344,0.0,0.011133091888731109,-16.640974044799805,1
3D5S,11,15.94302749633789,20.791107177734375,47.024757385253906,0.0,0.01227235805664124,-19.336158752441406,0
3D5S,12,16.023035049438477,15.29469108581543,46.760250091552734,0.0,0.013837717041660542,-16.27510643005371,2
3D5S,13,16.1487979888916,17.31780433654785,46.92720413208008,0.0,0.01307097379936735,-17.921024322509766,0
3D5S,14,16.888105392456055,16.749170303344727,48.52939224243164,0.0,0.012573843216634671,-15.650108337402344,0
1JIW,0,17.1610107421875,20.85729217529297,47.86182403564453,0.0,0.011906989787813705,-18.139820098876953,4
1JIW,1,52.86728286743164,74.01842498779297,143.22714233398438,0.0,0.0013067108134140375,0.0,0
1JIW,2,10.015823364257812,11.260802268981934,29.74526596069336,0.0,0.03097608210361984,-20.18923568725586,0
1JIW,3,14.719721794128418,15.67825698852539,47.145320892333984,0.0,0.013517630965902014,-17.130691528320312,0
1JIW,4,2.6070995330810547,3.6846251487731934,6.759870529174805,0.142857,0.2991977336862693,-16.716384887695312,2
1JIW,5,10.105609893798828,11.721835136413574,29.811885833740234,0.0,0.030431253523006806,-19.57456398010254,0
1JIW,6,13.581774711608887,15.280342102050781,41.38011932373047,0.0,0.01667684432433889,-14.562912940979004,0
1JIW,7,16.712486267089844,18.23292350769043,51.15241622924805,0.0,0.011197725058787697,-17.162416458129883,1
1JIW,8,10.387153625488281,12.667516708374023,30.028078079223633,0.0,0.02933711155263311,-19.647714614868164,1
1JIW,9,10.828603744506836,13.066871643066406,31.071352005004883,0.0,0.02754428123836808,-21.1529541015625,2
1JIW,10,6.344541072845459,6.812241077423096,20.206464767456055,0.0,0.06553019753104244,-22.13282585144043,0
1JIW,11,8.465119361877441,8.308006286621094,26.421144485473633,0.0,0.041786707931389666,-21.72095489501953,0
1JIW,12,11.990638732910156,15.575289726257324,32.41563034057617,0.0,0.024508321200808248,-17.498992919921875,4
1JIW,13,11.68382453918457,15.958955764770508,30.84779930114746,0.0,0.026441619998961025,-21.656890869140625,0
1JIW,14,10.136015892028809,12.97104263305664,29.619810104370117,0.0,0.029760885704542,-20.52564811706543,0
1OFU,0,20.133750915527344,14.770511627197266,42.2161750793457,0.0,0.01638936717149048,-13.042479515075684,18
1OFU,1,22.138748168945312,19.436866760253906,53.5853385925293,0.0,0.010154951844642095,-19.41422462463379,4
1OFU,2,33.073387145996094,34.24256896972656,88.67528533935547,0.0,0.003673268544980259,-15.767800331115723,2
1OFU,3,26.876712799072266,21.156301498413086,93.61458587646484,0.0,0.004392873400895659,-19.329870223999023,10
1OFU,4,20.339048385620117,19.34501075744629,42.12718200683594,0.0,0.015031660036525464,-16.816434860229492,2
1OFU,5,28.712373733520508,22.742923736572266,91.67371368408203,0.0,0.004284970831443057,-15.65850830078125,10
1OFU,6,21.991230010986328,15.138101577758789,53.20634841918945,0.0,0.011536513791118372,-15.147966384887695,11
1OFU,7,12.3753023147583,10.823118209838867,35.16658401489258,0.0,0.0246810700536233,-15.963339805603027,8
1OFU,8,24.500314712524414,18.732995986938477,63.347930908203125,0.0,0.008018841555315851,-14.1470947265625,1
1OFU,9,30.886484146118164,28.47275161743164,89.25507354736328,0.0,0.003918485823621792,-15.903398513793945,2
1OFU,10,31.480379104614258,32.53874588012695,87.1537094116211,0.0,0.0038476173085625655,-16.454952239990234,0
1OFU,11,29.874439239501953,29.765165328979492,85.93449401855469,0.0,0.004074023249204281,-15.648643493652344,7
1OFU,12,23.059852600097656,19.194063186645508,58.343666076660156,0.0,0.008951403135696806,-17.177513122558594,7
1OFU,13,21.144615173339844,21.127099990844727,50.14287567138672,0.0,0.01098281004360971,-14.789835929870605,4
1OFU,14,18.596956253051758,15.293367385864258,49.307552337646484,0.0,0.012796045424918905,-14.073502540588379,0
2I9B,0,27.007612228393555,22.62765121459961,63.08418273925781,0.0,0.007402170846863304,-16.703901290893555,10
2I9B,1,19.185440063476562,18.641345977783203,47.740814208984375,0.0,0.012386361521657391,-14.307229042053223,2
2I9B,2,13.66357421875,16.09660530090332,26.164928436279297,0.0,0.03469004494157049,-17.649473190307617,1
2I9B,3,15.329706192016602,15.525032043457031,30.388158798217773,0.0,0.027270487381116485,-17.650150299072266,4
2I9B,4,28.27878189086914,27.26657485961914,68.6749038696289,0.0,0.006035163374137036,-16.016555786132812,4
2I9B,5,21.986799240112305,24.199546813964844,56.99188232421875,0.0,0.008529103253642116,-19.736745834350586,0
2I9B,6,15.583043098449707,17.04709243774414,32.39712905883789,0.0,0.02402902323175027,-18.227510452270508,4
2I9B,7,27.26861000061035,20.308507919311523,64.97142791748047,0.0,0.007417806240648591,-18.387985229492188,4
2I9B,8,18.283052444458008,18.43498992919922,41.20890808105469,0.0,0.015795492365047185,-15.925086975097656,4
2I9B,9,18.45073890686035,22.640512466430664,43.168975830078125,0.0,0.013897711536397772,-18.42416763305664,2
2I9B,10,16.61098861694336,11.980767250061035,32.6178092956543,0.0,0.026341346292980784,-14.224808692932129,52
2I9B,11,14.967591285705566,16.398120880126953,28.96856689453125,0.0,0.029189753678768388,-18.22640037536621,1
2I9B,12,17.483253479003906,20.63505744934082,39.48076248168945,0.0,0.016518276669902437,-17.89377212524414,3
2I9B,13,17.31025505065918,17.917150497436523,37.79277420043945,0.0,0.01836974852578913,-18.54201316833496,20
2I9B,14,18.51889419555664,22.85442352294922,44.36897659301758,0.0,0.013230333159468609,-14.947927474975586,6
3H11,0,9.477633476257324,8.965612411499023,20.21490478515625,0.076923,0.08479786991759093,-11.61121654510498,36
3H11,1,10.150625228881836,10.803616523742676,18.83074188232422,0.038462,0.07554636282347757,-11.98962688446045,24
3H11,2,8.967732429504395,8.76850414276123,16.730789184570312,0.076923,0.10350394393243145,-14.27228832244873,55
3H11,3,10.342098236083984,11.12248420715332,18.625186920166016,0.038462,0.07623283782704761,-12.943889617919922,41
3H11,4,8.46377944946289,9.11828899383545,14.679521560668945,0.038462,0.10530229312560042,-11.797741889953613,30
3H11,5,8.518242835998535,6.935763359069824,24.18142318725586,0.269231,0.14129498168603738,-9.452911376953125,24
3H11,6,11.90336799621582,12.681748390197754,27.858295440673828,0.0,0.03298801651913667,-9.956480979919434,15
3H11,7,9.935483932495117,10.859895706176758,18.391929626464844,0.038462,0.07772734689632954,-12.290976524353027,51
3H11,8,9.882352828979492,10.014097213745117,18.321298599243164,0.153846,0.11763613600127343,-14.28630256652832,58
3H11,9,10.927689552307129,10.687383651733398,19.982410430908203,0.038462,0.0703331417977757,-12.511064529418945,42
3H11,10,9.041067123413086,8.900157928466797,17.34897804260254,0.076923,0.0993732267410088,-13.590193748474121,54
3H11,11,9.245691299438477,8.9755859375,17.70204734802246,0.153846,0.12279350809889332,-14.471588134765625,65
3H11,12,8.108715057373047,8.54529857635498,14.61971664428711,0.230769,0.17109839513419303,-11.261869430541992,20
3H11,13,7.848513126373291,7.995143890380859,14.390595436096191,0.192308,0.161652071493972,-13.156222343444824,43
3H11,14,9.928348541259766,8.471900939941406,27.138704299926758,0.115385,0.07837176157402863,-9.973854064941406,33
1FCC,0,12.26982593536377,16.667423248291016,40.23895263671875,0.0,0.016916566034830164,-27.10015106201172,0
1FCC,1,19.705209732055664,23.559419631958008,63.604496002197266,0.0,0.007194401297872909,-16.55180549621582,0
1FCC,2,12.528992652893066,16.861190795898438,40.964027404785156,0.0,0.01637688037202475,-23.971691131591797,0
1FCC,3,16.02494239807129,16.60101890563965,51.305145263671875,0.0,0.011604375298837242,-17.13369369506836,0
1FCC,4,12.00180435180664,14.205276489257812,39.88267517089844,0.0,0.018158676518569374,-24.245859146118164,1
1FCC,5,11.627365112304688,14.489242553710938,37.09147262573242,0.0,0.020166421129355617,-17.56951332092285,1
1FCC,6,20.848957061767578,25.399560928344727,65.48509979248047,0.0,0.006681507849306857,-18.91794204711914,0
1FCC,7,7.492874622344971,12.238265037536621,23.0965576171875,0.0,0.044694488823028795,-23.631729125976562,0
1FCC,8,11.884811401367188,13.593963623046875,39.683067321777344,0.0,0.018632295169418576,-20.46245002746582,1
1FCC,9,7.225708961486816,11.561295509338379,22.555953979492188,0.0,0.04696823134182709,-17.833030700683594,0
1FCC,10,13.13565731048584,15.912612915039062,43.45711135864258,0.0,0.015218452367255853,-23.42525863647461,1
1FCC,11,18.86823081970215,20.256399154663086,60.59397506713867,0.0,0.008250586551252324,-19.040287017822266,0
1FCC,12,14.893678665161133,17.31186866760254,46.04435729980469,0.0,0.013469102499374776,-19.660612106323242,2
1FCC,13,18.722932815551758,23.196008682250977,59.84244155883789,0.0,0.007980196403962947,-17.039749145507812,0
1FCC,14,20.156394958496094,24.582557678222656,65.15933227539062,0.0,0.006813939727484682,-16.31464195251465,0
3RJQ,0,16.010622024536133,14.566205978393555,23.87626075744629,0.0,0.04099168831757529,-13.59312629699707,19
3RJQ,1,21.472673416137695,16.96853256225586,40.8095817565918,0.0,0.016444132457006645,-11.610390663146973,7
3RJQ,2,17.659786224365234,14.2997465133667,31.79248809814453,0.0,0.02586523123698226,-11.867449760437012,15
3RJQ,3,16.54718780517578,14.061192512512207,24.493446350097656,0.0,0.03957937088157903,-15.02492618560791,22
3RJQ,4,17.161773681640625,12.827609062194824,35.7486572265625,0.0,0.022333114597515778,-14.885924339294434,13
3RJQ,5,11.130237579345703,12.373870849609375,27.626070022583008,0.0,0.03365420293853093,-15.55659294128418,0
3RJQ,6,16.87736701965332,13.818696022033691,24.73093032836914,0.0,0.03909816047514719,-15.530016899108887,18
3RJQ,7,23.027217864990234,17.46268653869629,42.125877380371094,0.0,0.015481738099148675,-12.587096214294434,11
3RJQ,8,22.192758560180664,15.280191421508789,31.39655113220215,0.0,0.02594476520655119,-12.207192420959473,9
3RJQ,9,22.809988021850586,15.371146202087402,31.791854858398438,0.0,0.025382548050422064,-11.335872650146484,11
3RJQ,10,21.011371612548828,15.791688919067383,29.103290557861328,0.0,0.029179447710157177,-14.116597175598145,9
3RJQ,11,12.225937843322754,11.519756317138672,26.928600311279297,0.0,0.03575975945426889,-14.797679901123047,11
3RJQ,12,12.45768928527832,11.310302734375,38.507476806640625,0.0,0.021248485304845785,-11.896262168884277,9
3RJQ,13,8.395495414733887,9.943077087402344,18.44209098815918,0.0,0.06582087138544589,-14.1986083984375,8
3RJQ,14,10.580517768859863,13.246131896972656,25.792625427246094,0.0,0.03687530419026696,-13.602866172790527,4
4FP8,0,33.318321228027344,27.741914749145508,75.89425659179688,0.0,0.005101056048660614,-15.28213882446289,8
4FP8,1,23.144899368286133,15.018889427185059,44.19186782836914,0.0,0.01518411430012251,-15.269867897033691,0
4FP8,2,31.91532325744629,24.842321395874023,77.7053451538086,0.0,0.005152253579733262,-14.196016311645508,9
4FP8,3,27.898395538330078,16.63743782043457,57.49598693847656,0.0,0.009817032485979057,-19.421300888061523,0
4FP8,4,23.23910140991211,18.504125595092773,54.36669158935547,0.0,0.010129682316829756,-13.38818645477295,0
4FP8,5,23.26521873474121,15.26134967803955,43.53291702270508,0.0,0.015430751082391815,-15.287104606628418,1
4FP8,6,19.136362075805664,15.479972839355469,32.90456008911133,0.0,0.023952808402195148,-16.632387161254883,0
4FP8,7,30.50098991394043,9.188688278198242,69.93435668945312,0.0,0.013504829042508803,-15.075514793395996,4
4FP8,8,30.001239776611328,18.485055923461914,65.09393310546875,0.0,0.007769034067302313,-15.842514038085938,4
4FP8,9,22.383268356323242,14.824990272521973,41.944549560546875,0.0,0.01652674619333679,-15.051684379577637,1
4FP8,10,29.07025909423828,18.43458366394043,66.75959014892578,0.0,0.007509918700680719,-15.97955322265625,2
4FP8,11,16.333297729492188,15.7301607131958,28.96395492553711,0.0,0.02943523789128535,-20.082853317260742,2
4FP8,12,25.6584415435791,15.754595756530762,52.17694091796875,0.0,0.011612076662113245,-16.959545135498047,1
4FP8,13,14.998539924621582,15.66829776763916,25.766420364379883,0.0,0.03574217818327501,-17.655292510986328,2
4FP8,14,29.673133850097656,16.922924041748047,71.72465515136719,0.0,0.007215039269154112,-12.302837371826172,8
2GTP,0,11.294221878051758,8.329536437988281,26.522245407104492,0.0,0.04151834781488812,-16.185556411743164,0
2GTP,1,21.550615310668945,15.201974868774414,53.640113830566406,0.0,0.01137924863475633,-15.749822616577148,4
2GTP,2,18.384977340698242,14.893593788146973,46.12152862548828,0.0,0.014296911213911764,-19.954301834106445,3
2GTP,3,7.899099349975586,6.485772609710693,17.129785537719727,0.0,0.08278331737054646,-11.879154205322266,9
2GTP,4,19.590646743774414,15.17379093170166,56.87818908691406,0.0,0.010507589470172995,-17.55954360961914,0
2GTP,5,8.43002700805664,7.613607406616211,17.722410202026367,0.0,0.0747930944455809,-12.054863929748535,9
2GTP,6,15.168993949890137,11.910884857177734,34.71791458129883,0.0,0.024054717189512395,-18.182830810546875,1
2GTP,7,15.948492050170898,14.852252006530762,32.748992919921875,0.0,0.024403788726345427,-11.078919410705566,22
2GTP,8,14.822542190551758,11.874926567077637,29.471757888793945,0.0,0.030832936939314045,-16.549196243286133,0
2GTP,9,11.59303092956543,8.886661529541016,30.858158111572266,0.0,0.032741820242740756,-17.33694839477539,0
2GTP,10,12.47203254699707,9.910840034484863,25.22688102722168,0.0,0.041449583314276846,-18.247791290283203,0
2GTP,11,15.942355155944824,14.031187057495117,31.02181053161621,0.230769,0.10396734927963269,-13.522177696228027,1
2GTP,12,8.859713554382324,6.858718395233154,18.586118698120117,0.076923,0.09851431051909881,-12.754765510559082,3
2GTP,13,18.746946334838867,14.486092567443848,40.72892379760742,0.0,0.01744831429651639,-14.803510665893555,1
2GTP,14,17.182937622070312,13.648107528686523,47.61013412475586,0.0,0.014274873617804945,-16.277315139770508,1
1ZM4,0,15.040115356445312,9.494951248168945,44.31450271606445,0.666667,0.24216745943242501,-15.624667167663574,2
1ZM4,1,29.57086944580078,22.068599700927734,82.5231704711914,0.0,0.005032188892213375,-17.42068862915039,8
1ZM4,2,37.626953125,31.989728927612305,101.8475341796875,0.0,0.003036975259420965,-16.040878295898438,4
1ZM4,3,26.138280868530273,19.34880828857422,73.23628234863281,0.0,0.0064218648739130845,-14.40378189086914,4
1ZM4,4,28.349241256713867,24.804269790649414,79.22222137451172,0.0,0.00500817195618409,-16.05596923828125,1
1ZM4,5,29.202404022216797,21.64231300354004,81.85909271240234,0.0,0.005149276353724495,-13.917162895202637,19
1ZM4,6,17.28537940979004,12.138326644897461,52.44635772705078,0.0,0.013545243546168739,-13.748249053955078,5
1ZM4,7,27.690336227416992,29.03465461730957,78.97256469726562,0.0,0.004704648602369097,-13.513824462890625,8
1ZM4,8,21.10504722595215,20.70829963684082,62.43107223510742,0.0,0.007806302215563574,-15.207589149475098,9
1ZM4,9,33.79316329956055,26.215848922729492,94.22501373291016,0.0,0.003778405917867888,-16.17194366455078,9
1ZM4,10,29.356523513793945,27.713523864746094,82.93067932128906,0.0,0.004439013704313304,-14.637207984924316,1
1ZM4,11,27.49540138244629,21.735260009765625,74.24248504638672,0.0,0.005892806027448267,-15.768040657043457,8
1ZM4,12,32.120506286621094,25.408639907836914,89.61585235595703,0.0,0.00412973537879957,-13.568875312805176,9
1ZM4,13,27.205856323242188,24.137800216674805,77.2108154296875,0.0,0.005273737295667615,-14.01986312866211,8
1ZM4,14,29.76398277282715,23.03679656982422,83.92588806152344,0.0,0.004791762197054065,-16.895296096801758,12
1FQ1,0,18.19704246520996,16.6436767578125,33.669647216796875,0.0,0.022656983145407872,-14.237412452697754,7
1FQ1,1,17.38556671142578,15.584358215332031,32.18592834472656,0.0,0.024791949893751646,-17.07549285888672,6
1FQ1,2,18.634197235107422,16.94107437133789,33.05427551269531,0.0,0.023268227787195863,-17.96819496154785,5
1FQ1,3,9.061199188232422,5.322323799133301,38.001983642578125,0.0,0.04041004073359713,-10.04040241241455,7
1FQ1,4,17.953327178955078,15.809338569641113,32.423404693603516,0.0,0.024409475291046204,-16.256370544433594,9
1FQ1,5,17.699344635009766,16.224218368530273,34.45661163330078,0.0,0.0219463436935918,-12.988473892211914,11
1FQ1,6,18.5184268951416,16.613672256469727,34.15644836425781,0.0,0.022134365266439745,-12.495511054992676,15
1FQ1,7,10.630874633789062,9.233963966369629,22.461654663085938,0.25,0.1336582802405091,-19.309383392333984,4
1FQ1,8,3.945096969604492,3.435492992401123,10.406970024108887,0.583333,0.38120020109685004,-18.647903442382812,1
1FQ1,9,11.252768516540527,9.572757720947266,23.456926345825195,0.25,0.13001109168989286,-19.582719802856445,3
1FQ1,10,18.334625244140625,16.268966674804688,33.025455474853516,0.0,0.02351890608485604,-15.433006286621094,7
1FQ1,11,9.661806106567383,8.184407234191895,20.088062286376953,0.166667,0.11700701987304181,-18.738628387451172,5
1FQ1,12,19.7186222076416,16.98652458190918,61.98624038696289,0.0,0.00873143340229395,-13.332059860229492,25
1FQ1,13,66.70732879638672,85.66845703125,181.13221740722656,0.0,0.0008345975620233022,0.0,0
1FQ1,14,2.2179434299468994,1.944168210029602,9.27677059173584,0.833333,0.5542892569793968,-16.273571014404297,0
1RKE,0,29.059412002563477,29.412456512451172,64.16569519042969,0.0,0.006613227046549568,-17.99627685546875,0
1RKE,1,26.361906051635742,29.490739822387695,67.32730865478516,0.0,0.006089714181637811,-20.193622589111328,0
1RKE,2,27.168067932128906,29.706207275390625,67.12455749511719,0.0,0.006108453881299702,-18.5819034576416,7
1RKE,3,8.450007438659668,6.236689567565918,19.866275787353516,0.0,0.06980690555776341,-18.645294189453125,0
1RKE,4,27.973621368408203,27.926803588867188,67.49130249023438,0.0,0.006163477376771625,-16.23923110961914,0
1RKE,5,26.31072235107422,28.954078674316406,66.54637145996094,0.0,0.00624328753578265,-18.440771102905273,2
1RKE,6,25.665775299072266,30.11170196533203,72.4264907836914,0.0,0.005353890162074162,-16.09709358215332,0
1RKE,7,5.98626708984375,4.624422073364258,13.961127281188965,0.0,0.12187691753577438,-17.58407974243164,0
1RKE,8,26.838563919067383,26.6747989654541,67.51962280273438,0.0,0.006251014819887382,-17.374774932861328,0
1RKE,9,6.245242118835449,5.048739433288574,12.054944038391113,0.0,0.1377284859675563,-18.890533447265625,4
1RKE,10,55.08024215698242,66.94515228271484,154.4018096923828,0.0,0.001174423026549933,0.0,0
1RKE,11,5.607094764709473,5.124000072479248,14.684761047363281,0.0,0.10996482103720928,-18.823165893554688,1
1RKE,12,24.072925567626953,24.10101890563965,69.34761810302734,0.0,0.00621996104687952,-17.61345863342285,0
1RKE,13,25.50528907775879,25.138742446899414,67.20964813232422,0.0,0.006430194992557967,-17.673233032226562,0
1RKE,14,22.129472732543945,22.44239044189453,71.12400817871094,0.0,0.006176281224592589,-17.47511863708496,0
4M76,0,23.256174087524414,21.17195701599121,73.33354949951172,0.0,0.0060837223676635035,-12.52539348602295,0
4M76,1,22.20652198791504,15.574947357177734,74.43513488769531,0.0,0.007354120452945566,-15.702754974365234,1
4M76,2,23.53807258605957,19.005077362060547,70.94348907470703,0.0,0.006780983358866766,-15.641593933105469,0
4M76,3,19.134971618652344,15.150131225585938,71.90571594238281,0.0,0.00782958106101169,-12.053750991821289,1
4M76,4,17.786840438842773,16.168428421020508,67.67147064208984,0.0,0.008021828651045974,-13.60915756225586,2
4M76,5,11.202705383300781,13.001249313354492,44.86801528930664,0.0,0.01592733735066566,-17.676782608032227,0
4M76,6,23.025833129882812,16.99786949157715,69.10938262939453,0.0,0.007543066594930703,-12.509637832641602,1
4M76,7,21.449079513549805,17.845720291137695,74.32300567626953,0.0,0.0066420372274115,-12.26410961151123,1
4M76,8,21.449005126953125,20.272417068481445,82.2529296875,0.0,0.005337100732022679,-14.045356750488281,1
4M76,9,21.33249855041504,19.2305965423584,62.966487884521484,0.0,0.007981381046962993,-14.459444046020508,3
4M76,10,19.23369789123535,15.329164505004883,72.71800231933594,0.0,0.007654471957176954,-13.039517402648926,1
4M76,11,18.932201385498047,14.852039337158203,72.61393737792969,0.0,0.007871488196303978,-15.03476619720459,0
4M76,12,21.455581665039062,18.67173194885254,74.57198333740234,0.0,0.006412686948439337,-11.937715530395508,0
4M76,13,24.221553802490234,22.86545181274414,75.58769226074219,0.0,0.005590883109357531,-15.152981758117676,0
4M76,14,23.638948440551758,18.871463775634766,70.90216064453125,0.0,0.006815547162276308,-14.875621795654297,0
2UUY,0,11.618882179260254,9.089685440063477,36.5395622253418,0.0,0.02594885546236533,-18.503440856933594,0
2UUY,1,12.887614250183105,10.513422012329102,39.3342399597168,0.0,0.021521460199415813,-18.583120346069336,0
2UUY,2,10.054618835449219,8.3156099319458,28.95415496826172,0.0,0.03695225865979692,-15.990716934204102,0
2UUY,3,4.847219467163086,4.768181324005127,15.681197166442871,0.0,0.10571540544061546,-22.78277587890625,0
2UUY,4,4.797637462615967,4.044698715209961,13.202509880065918,0.0,0.13798065920786526,-22.004602432250977,0
2UUY,5,9.469705581665039,6.5286359786987305,28.337665557861328,0.0,0.0442290198272375,-16.512651443481445,0
2UUY,6,12.616604804992676,10.637124061584473,40.140380859375,0.0,0.020804735905786645,-17.873828887939453,0
2UUY,7,11.100500106811523,6.081872940063477,30.628496170043945,0.181818,0.103556061570852,-15.329585075378418,24
2UUY,8,12.662149429321289,9.86666488647461,39.40567398071289,0.0,0.022350030821585824,-16.980710983276367,0
2UUY,9,12.163603782653809,9.951313972473145,38.30509567260742,0.0,0.023048610785741604,-18.652673721313477,0
2UUY,10,6.790090084075928,5.982139587402344,17.157596588134766,0.227273,0.16116365939512217,-17.185420989990234,4
2UUY,11,13.343669891357422,10.394135475158691,40.72779083251953,0.0,0.02071331004512816,-18.69455337524414,1
2UUY,12,4.673484802246094,6.021482467651367,13.724538803100586,0.0,0.11188668770501849,-18.262718200683594,0
2UUY,13,18.264230728149414,13.755559921264648,56.07341766357422,0.0,0.011404641647740318,-20.774410247802734,1
2UUY,14,9.206132888793945,6.4951043128967285,26.738475799560547,0.0,0.04747187985574473,-19.356008529663086,0
3HMX,0,37.93583297729492,19.564002990722656,104.18435668945312,0.0,0.004152146088869758,-15.545988082885742,14
3HMX,1,39.47201919555664,27.77106475830078,110.75812530517578,0.0,0.0029213502073721248,-17.277912139892578,4
3HMX,2,30.67782211303711,17.52822494506836,54.00283432006836,0.0,0.010481870072848037,-14.890690803527832,15
3HMX,3,31.34711265563965,22.011428833007812,56.61057662963867,0.0,0.008890007495439617,-20.381723403930664,9
3HMX,4,31.622066497802734,17.63976287841797,54.239654541015625,0.0,0.010383006884457915,-17.03920555114746,11
3HMX,5,37.446449279785156,21.904857635498047,97.5763931274414,0.0,0.004066187461917212,-14.707351684570312,12
3HMX,6,34.46303939819336,20.543214797973633,60.74562454223633,0.0,0.008168985626549512,-13.118902206420898,65
3HMX,7,38.87368392944336,25.335311889648438,102.90875244140625,0.0,0.0034230677897008183,-14.707586288452148,12
3HMX,8,38.5225715637207,23.711652755737305,101.159423828125,0.0,0.003665571673878601,-15.146516799926758,19
3HMX,9,41.1539421081543,15.821405410766602,94.27017974853516,0.0,0.005657647619314819,-15.417280197143555,7
3HMX,10,36.88264465332031,13.390565872192383,98.12332153320312,0.133333,0.05105796784942356,-13.913684844970703,60
3HMX,11,38.05830383300781,11.65905475616455,97.29853820800781,0.0,0.007952218683682335,-13.70084285736084,61
3HMX,12,29.4416561126709,27.67165184020996,49.16880416870117,0.0,0.010649315835488005,-16.734107971191406,6
3HMX,13,29.034452438354492,16.681642532348633,52.06547546386719,0.0,0.01132707036801926,-16.645851135253906,10
3HMX,14,37.808685302734375,21.889623641967773,102.73619079589844,0.0,0.0038241831967795992,-14.371273040771484,22
1IJK,0,16.704021453857422,15.055920600891113,54.34083557128906,0.0,0.011237068180903384,-14.625361442565918,4
1IJK,1,13.441923141479492,13.411834716796875,44.588287353515625,0.0,0.015806863879122404,-16.530668258666992,0
1IJK,2,16.229766845703125,14.303434371948242,58.607826232910156,0.0,0.010492990739070937,-20.525875091552734,0
1IJK,3,16.98087501525879,14.532222747802734,48.9984016418457,0.0,0.013252083772067089,-15.299275398254395,7
1IJK,4,17.79322052001953,15.665514945983887,49.03224563598633,0.0,0.012753460387610818,-13.513972282409668,3
1IJK,5,18.875680923461914,16.547807693481445,61.35082244873047,0.0,0.008994561892739122,-16.684242248535156,2
1IJK,6,20.629016876220703,18.311813354492188,67.46058654785156,0.0,0.007431001193090034,-15.241772651672363,5
1IJK,7,15.689631462097168,12.00064754486084,30.650768280029297,0.0,0.028932016124469315,-16.76512336730957,0
1IJK,8,9.71678352355957,12.374521255493164,37.45737075805664,0.0,0.021151226300457054,-15.043471336364746,0
1IJK,9,18.722135543823242,17.743209838867188,56.55171585083008,0.0,0.009729550376809075,-16.582033157348633,0
1IJK,10,7.840485572814941,6.399010181427002,14.660065650939941,0.0,0.10122728416065106,-16.141809463500977,2
1IJK,11,15.933990478515625,11.598172187805176,24.830738067626953,0.0,0.040447154460855034,-19.715103149414062,0
1IJK,12,9.314955711364746,7.1820831298828125,17.01656723022461,0.0,0.08049497805181054,-16.185117721557617,1
1IJK,13,17.18770408630371,15.782927513122559,48.90966033935547,0.0,0.012756351815660183,-14.662463188171387,2
1IJK,14,12.308964729309082,10.429449081420898,20.693578720092773,0.0,0.054876360823733955,-16.73404884338379,0
1JTG,0,15.487942695617676,12.47303581237793,42.47699737548828,0.0,0.017585917237607277,-15.60237979888916,0
1JTG,1,17.20734977722168,13.845980644226074,46.44422149658203,0.0,0.014669769150693563,-15.716177940368652,0
1JTG,2,19.089622497558594,15.474461555480957,33.00267028808594,0.0,0.023838904115406553,-17.746198654174805,2
1JTG,3,17.110584259033203,13.872241973876953,33.338050842285156,0.0,0.02419852300114134,-14.908910751342773,1
1JTG,4,5.277021884918213,4.749456882476807,17.11260986328125,0.0,0.0961982004635189,-16.378820419311523,1
1JTG,5,8.179890632629395,6.206851959228516,21.181337356567383,0.0,0.0646277846331935,-14.950124740600586,5
1JTG,6,12.851147651672363,9.481897354125977,34.46809387207031,0.0,0.027247555186985784,-15.01001262664795,7
1JTG,7,6.371074676513672,5.271507263183594,18.979352951049805,0.0,0.08065612404456017,-15.249713897705078,2
1JTG,8,17.692102432250977,12.884632110595703,44.04093933105469,0.0,0.0164280024051743,-15.739764213562012,10
1JTG,9,14.20284366607666,11.258027076721191,40.341976165771484,0.0,0.01998321952640304,-15.604945182800293,3
1JTG,10,11.454352378845215,9.766242980957031,33.701210021972656,0.0,0.027618282579712546,-16.982696533203125,0
1JTG,11,17.004663467407227,13.99421215057373,31.553363800048828,0.0,0.02633898980709354,-15.026569366455078,0
1JTG,12,4.845187187194824,4.662467002868652,16.438264846801758,1.0,0.43492135554423106,-15.514174461364746,4
1JTG,13,3.6687800884246826,3.6568710803985596,11.364691734313965,0.333333,0.2786939653993915,-16.1393985748291,4
1JTG,14,6.17681884765625,4.793024063110352,18.97960662841797,0.333333,0.19653283835826177,-15.292223930358887,6
2A9K,0,22.055198669433594,14.82335376739502,42.21587371826172,0.0,0.016365574763778167,-19.289100646972656,0
2A9K,1,19.14768409729004,15.897807121276855,41.05312728881836,0.0,0.016643613701802933,-19.85218048095703,0
2A9K,2,16.009674072265625,12.52962589263916,37.55552673339844,0.0,0.020953072086060443,-17.66547966003418,8
2A9K,3,20.630191802978516,14.664017677307129,41.426971435546875,0.0,0.0169177952219815,-18.009302139282227,3
2A9K,4,22.431760787963867,14.835553169250488,44.76527404785156,0.0,0.014972987518415201,-18.390321731567383,1
2A9K,5,18.284927368164062,15.780546188354492,40.15505599975586,0.0,0.01728027689197108,-17.80760955810547,1
2A9K,6,21.575679779052734,13.979392051696777,41.04670333862305,0.0,0.017500575058743455,-21.32475471496582,0
2A9K,7,22.05216407775879,13.266636848449707,43.02839279174805,0.0,0.01672681273512114,-19.356149673461914,3
2A9K,8,15.208893775939941,17.862491607666016,34.45667266845703,0.0,0.02145528971760909,-16.57114601135254,2
2A9K,9,16.63578987121582,15.994059562683105,37.20041275024414,0.0,0.019445681250012604,-17.103946685791016,1
2A9K,10,15.696751594543457,17.059057235717773,34.298099517822266,0.0,0.02184556580063886,-16.54088592529297,2
2A9K,11,15.471137046813965,17.29352569580078,31.74521255493164,0.0,0.024788287771152967,-17.155820846557617,0
2A9K,12,21.137409210205078,14.45370864868164,41.51953125,0.0,0.016960335660209266,-20.198162078857422,0
2A9K,13,15.047514915466309,17.35870933532715,31.210159301757812,0.0,0.02548764959201756,-16.1159610748291,4
2A9K,14,15.919174194335938,17.418657302856445,32.32561492919922,0.0,0.024010667261578123,-14.646100044250488,0
5HGG,0,12.650517463684082,9.013731002807617,32.63197708129883,0.0,0.030162006150202925,-19.170570373535156,5
5HGG,1,8.339912414550781,8.277154922485352,22.70717430114746,0.129032,0.0945770838777044,-18.451854705810547,0
5HGG,2,11.433558464050293,9.283031463623047,32.979087829589844,0.0,0.029245612600742835,-17.81096649169922,0
5HGG,3,10.463761329650879,6.723501682281494,30.4766902923584,0.0,0.03986167197555287,-15.893608093261719,3
5HGG,4,11.387582778930664,8.381321907043457,30.732511520385742,0.032258,0.04478486532647983,-16.260986328125,1
5HGG,5,11.31550121307373,8.472926139831543,32.64491653442383,0.064516,0.052798891629973844,-18.015113830566406,6
5HGG,6,10.126362800598145,8.401545524597168,29.709766387939453,0.0,0.03551736746363694,-18.496305465698242,0
5HGG,7,11.121297836303711,7.047816276550293,29.930124282836914,0.032258,0.05007536463610649,-16.348844528198242,4
5HGG,8,10.65958023071289,6.937291622161865,25.038421630859375,0.129032,0.09234418268197285,-17.880815505981445,5
5HGG,9,10.325278282165527,6.818047523498535,24.22784996032715,0.096774,0.08417914416694205,-19.231891632080078,2
5HGG,10,10.924934387207031,7.047557353973389,29.900251388549805,0.032258,0.0501223963273916,-15.98058795928955,6
5HGG,11,54.03196334838867,64.57466125488281,150.27711486816406,0.0,0.0012427895103377842,0.0,0
5HGG,12,11.760114669799805,9.3057861328125,33.6136474609375,0.096774,0.06073334513144041,-17.442176818847656,1
5HGG,13,10.28415298461914,6.528623580932617,28.10159683227539,0.0,0.0446543951829294,-16.096101760864258,5
5HGG,14,16.51140022277832,16.657625198364258,28.562911987304688,0.032258,0.04055198146992663,-18.22879981994629,5
3BX7,0,8.572063446044922,7.781748294830322,16.435768127441406,0.0,0.08228163662281289,-15.730927467346191,4
3BX7,1,16.737789154052734,14.198677062988281,47.490943908691406,0.0,0.014025807554832634,-19.039527893066406,0
3BX7,2,14.240772247314453,12.154662132263184,24.73710823059082,0.0,0.04020104317245147,-15.898412704467773,0
3BX7,3,12.279095649719238,11.238951683044434,21.696962356567383,0.0,0.050185364451006985,-14.318717956542969,1
3BX7,4,12.187952041625977,9.762955665588379,22.48539924621582,0.0,0.04936513357895947,-19.502628326416016,5
3BX7,5,7.539835453033447,7.916223526000977,12.746744155883789,0.0,0.11415366114258041,-15.021021842956543,4
3BX7,6,12.346272468566895,10.732281684875488,22.887592315673828,0.0,0.04678873074845935,-14.805245399475098,3
3BX7,7,16.535411834716797,13.041640281677246,35.1049690246582,0.0,0.022812199146997256,-15.592848777770996,1
3BX7,8,7.035476207733154,6.795723915100098,13.865718841552734,0.0,0.10653516431746575,-14.582427978515625,4
3BX7,9,17.550662994384766,18.672082901000977,32.78110122680664,0.0,0.023136919842392658,-16.579490661621094,4
3BX7,10,8.2183198928833,7.735383033752441,14.87182903289795,0.0,0.09415764781898196,-15.002482414245605,7
3BX7,11,12.128950119018555,9.48843765258789,23.219711303710938,0.0,0.047517546957021366,-16.22093963623047,32
3BX7,12,12.374048233032227,10.431350708007812,23.060047149658203,0.0,0.04662494640130962,-15.112892150878906,3
3BX7,13,8.823694229125977,8.262651443481445,14.756950378417969,0.0,0.09367601003185815,-15.239150047302246,2
3BX7,14,16.622758865356445,14.587525367736816,26.81204605102539,0.0,0.033929092784169564,-14.874162673950195,3
1DQJ,0,14.147627830505371,13.957660675048828,30.794904708862305,0.0,0.027403607614120685,-13.574349403381348,62
1DQJ,1,9.054986953735352,9.886594772338867,20.5601863861084,0.0,0.05615641654165059,-16.454593658447266,17
1DQJ,2,13.906620979309082,13.070865631103516,31.19712257385254,0.0,0.027367817460557522,-13.34201431274414,77
1DQJ,3,8.976734161376953,10.709134101867676,18.83394432067871,0.0,0.06281933694566495,-16.19112777709961,5
1DQJ,4,9.351173400878906,11.394826889038086,21.21705436706543,0.0,0.05177800250523946,-16.6082706451416,2
1DQJ,5,12.671445846557617,13.380663871765137,28.698637008666992,0.0,0.031019836313974345,-12.60593032836914,77
1DQJ,6,11.845231056213379,14.119356155395508,25.075557708740234,0.0,0.038074159341425634,-15.76559829711914,26
1DQJ,7,10.279267311096191,10.561429977416992,23.234466552734375,0.0,0.04593690620296473,-15.150083541870117,62
1DQJ,8,8.938657760620117,11.11635971069336,19.975500106811523,0.0,0.05706371516333641,-17.970996856689453,0
1DQJ,9,11.778704643249512,15.030166625976562,26.691125869750977,0.0,0.03397968249340217,-17.398448944091797,1
1DQJ,10,11.446858406066895,13.236053466796875,23.889568328857422,0.0,0.04168359069153927,-16.58582878112793,14
1DQJ,11,12.512994766235352,11.612211227416992,27.527870178222656,0.272727,0.125394609301282,-14.303492546081543,58
1DQJ,12,28.346574783325195,25.492063522338867,66.51426696777344,0.0,0.006506278121891095,-14.422240257263184,68
1DQJ,13,7.5852179527282715,8.301222801208496,17.886810302734375,0.090909,0.10225021149925036,-13.702014923095703,67
1DQJ,14,12.483651161193848,13.228981018066406,27.202510833740234,0.0,0.03388217307480594,-16.600948333740234,25
1GXD,0,35.75041580200195,31.70950698852539,98.75533294677734,0.0,0.0031955008343726356,-12.665803909301758,17
1GXD,1,36.04673767089844,33.10031509399414,96.06871032714844,0.0,0.0032723370822750515,-12.872140884399414,22
1GXD,2,10.387181282043457,13.276856422424316,23.762218475341797,0.0,0.042014875084738085,-14.983407974243164,10
1GXD,3,20.97620964050293,17.950185775756836,60.25639724731445,0.0,0.00881512814414685,-12.644153594970703,5
1GXD,4,9.85830020904541,12.109580039978027,21.569698333740234,0.0,0.04984325490428839,-13.909509658813477,9
1GXD,5,37.98472213745117,32.60675811767578,99.97577667236328,0.0,0.003096135903872005,-13.054758071899414,18
1GXD,6,36.61591339111328,30.978092193603516,96.79512023925781,0.0,0.003330496164949083,-13.617096900939941,13
1GXD,7,23.863449096679688,10.475808143615723,58.4664306640625,0.0,0.013596408429309148,-12.72067642211914,32
1GXD,8,38.35612869262695,36.04606628417969,98.74026489257812,0.0,0.0030282336958212135,-15.11984920501709,14
1GXD,9,39.241859436035156,36.235843658447266,101.54167175292969,0.0,0.002889723332339928,-13.444502830505371,16
1GXD,10,24.79031753540039,15.5519380569458,64.89373016357422,0.0,0.008694770367228077,-12.667989730834961,10
1GXD,11,23.53987693786621,21.411890029907227,64.04499053955078,0.0,0.007397720322106131,-16.925188064575195,3
1GXD,12,11.00850772857666,13.621204376220703,25.582521438598633,0.0,0.03713386143703997,-12.489718437194824,9
1GXD,13,37.961612701416016,35.70401382446289,97.21452331542969,0.0,0.0031162897041983315,-15.048891067504883,12
1GXD,14,38.73881530761719,38.47346496582031,100.96299743652344,0.0,0.0028518992413872814,-15.065896987915039,4
2VIS,0,29.38882064819336,19.888463973999023,71.5093765258789,0.0,0.006529420341850822,-17.448928833007812,1
2VIS,1,33.74178695678711,32.37921905517578,73.00460815429688,0.0,0.0051721234692187505,-13.486745834350586,48
2VIS,2,30.493453979492188,25.677040100097656,79.55108642578125,0.0,0.004896336534244422,-17.544189453125,1
2VIS,3,23.73995590209961,20.84274673461914,45.948974609375,0.0,0.01274694184679207,-15.853273391723633,0
2VIS,4,19.292125701904297,19.15487289428711,35.75870895385742,0.0,0.019858799748288688,-15.268434524536133,0
2VIS,5,15.02810287475586,13.164908409118652,34.60610580444336,0.0,0.023237681721899578,-13.549198150634766,7
2VIS,6,21.670169830322266,19.114797592163086,39.191165924072266,0.0,0.017015477853102992,-16.61517333984375,1
2VIS,7,30.503829956054688,35.14070129394531,75.01397705078125,0.0,0.00483187778801324,-16.204160690307617,1
2VIS,8,20.41521453857422,19.56841468811035,39.54777145385742,0.0,0.01666555652597349,-13.069822311401367,0
2VIS,9,21.841415405273438,15.879158020019531,43.44504928588867,0.0,0.01523729642357538,-13.353649139404297,0
2VIS,10,29.00399398803711,20.20918846130371,59.19538116455078,0.0,0.00856038927879514,-13.18628215789795,74
2VIS,11,30.594797134399414,23.625690460205078,67.98822021484375,0.0,0.006468229221443346,-15.816555976867676,9
2VIS,12,38.9903450012207,36.977325439453125,94.4626235961914,0.0,0.003224899329214697,-12.97118091583252,41
2VIS,13,21.394882202148438,19.78444480895996,39.044700622558594,0.0,0.01698795573547101,-16.809471130371094,0
2VIS,14,54.11256408691406,76.49297332763672,149.3064422607422,0.0,0.00120497766347759,0.0,0
2SNI,0,9.757058143615723,9.08116340637207,27.62312889099121,0.088235,0.06709701280422288,-16.205018997192383,3
2SNI,1,7.196777820587158,7.2542853355407715,18.008121490478516,0.264706,0.1626361510631575,-17.945293426513672,3
2SNI,2,1.0176255702972412,1.166191577911377,2.5028600692749023,0.470588,0.6713568831661049,-21.711673736572266,2
2SNI,3,5.793112277984619,5.97266149520874,13.84308910369873,0.176471,0.1698665933167541,-16.78521156311035,1
2SNI,4,1.675427794456482,1.8666865825653076,5.609782695770264,0.441176,0.5100419896182448,-22.9758243560791,1
2SNI,5,3.610057830810547,3.222571849822998,12.127459526062012,0.323529,0.2770085338609407,-23.032560348510742,0
2SNI,6,2.1962966918945312,1.3558533191680908,7.0989837646484375,0.911765,0.6837355779963962,-23.660518646240234,0
2SNI,7,5.811534404754639,5.105111122131348,19.038022994995117,0.323529,0.18973604690360202,-22.88662338256836,1
2SNI,8,2.401636838912964,2.2752301692962646,7.5211968421936035,0.382353,0.4153940466427654,-21.92282485961914,3
2SNI,9,2.2006890773773193,1.9118196964263916,7.415213584899902,0.588235,0.5123698828491191,-22.85894012451172,2
2SNI,10,3.498849630355835,2.882690906524658,11.402958869934082,0.529412,0.3665548985399876,-20.686777114868164,1
2SNI,11,7.81858491897583,7.511943817138672,21.0124454498291,0.264706,0.14789212025388182,-20.15345573425293,4
2SNI,12,2.161700963973999,2.2323238849639893,6.603507041931152,0.5,0.4782266555813795,-21.771717071533203,3
2SNI,13,3.7354917526245117,3.3549373149871826,11.9338960647583,0.441176,0.31477997781729455,-19.340076446533203,2
2SNI,14,7.209473133087158,7.265300750732422,16.719621658325195,0.147059,0.13110574264846794,-21.84214973449707,3
3A4S,0,14.876628875732422,17.0321044921875,43.89681625366211,0.0,0.014612086145868229,-17.9715518951416,0
3A4S,1,13.791486740112305,14.584590911865234,42.415950775146484,0.0,0.016358424960331772,-16.667037963867188,0
3A4S,2,15.105023384094238,17.60797119140625,43.11783218383789,0.0,0.014870991256213622,-14.264979362487793,0
3A4S,3,14.75680160522461,17.465702056884766,44.953304290771484,0.0,0.01394694267498113,-15.526066780090332,0
3A4S,4,15.266733169555664,17.290281295776367,45.294612884521484,0.0,0.013829467743084252,-18.86383819580078,0
3A4S,5,15.154218673706055,16.593463897705078,44.76191329956055,0.0,0.014303308599164823,-22.572845458984375,0
3A4S,6,14.6705904006958,17.395456314086914,43.83354187011719,0.0,0.014540356601796553,-17.06244659423828,0
3A4S,7,14.72081470489502,17.08102798461914,43.32050704956055,0.0,0.01490821512072432,-21.373384475708008,0
3A4S,8,14.576642036437988,16.78544807434082,38.660709381103516,0.0,0.018010880144720794,-15.152427673339844,0
3A4S,9,17.95952796936035,18.343847274780273,52.385250091552734,0.0,0.010764953316072233,-17.305116653442383,0
3A4S,10,15.04221248626709,16.397302627563477,46.20378875732422,0.0,0.013678337759015944,-17.33609962463379,0
3A4S,11,15.225279808044434,16.54996681213379,45.734317779541016,0.0,0.013845611799173768,-18.92202377319336,0
3A4S,12,15.18344497680664,17.561492919921875,45.372047424316406,0.0,0.013716344375936966,-19.69374656677246,0
3A4S,13,15.086077690124512,17.402891159057617,40.7349967956543,0.0,0.016366344371977967,-15.426127433776855,0
3A4S,14,8.95242977142334,11.032078742980957,21.632884979248047,0.0,0.050630133327549086,-20.304513931274414,0
4GXU,0,37.72386169433594,26.176677703857422,73.11360931396484,0.0,0.00553614200099619,-13.806075096130371,54
4GXU,1,38.878421783447266,31.32672691345215,76.78800964355469,0.0,0.004797467050996961,-12.716909408569336,118
4GXU,2,58.89960479736328,31.46087646484375,89.01454162597656,0.0,0.0037680037981366256,-11.720398902893066,178
4GXU,3,42.179779052734375,33.17920684814453,82.34357452392578,0.0,0.004194318593571534,-13.146827697753906,60
4GXU,4,39.95835876464844,17.478010177612305,95.66818237304688,0.0,0.005047952968448346,-14.069305419921875,100
4GXU,5,33.94949722290039,26.05068016052246,78.42906188964844,0.0,0.004971326115822062,-13.103804588317871,111
4GXU,6,46.59571838378906,19.80649757385254,94.65565490722656,0.0,0.004567374603087801,-13.196423530578613,117
4GXU,7,39.1376838684082,26.151683807373047,76.20137786865234,0.0,0.00518960998440542,-12.327794075012207,85
4GXU,8,46.37811279296875,27.946874618530273,86.65434265136719,0.0,0.004134222017282435,-14.362828254699707,47
4GXU,9,32.44548797607422,21.442455291748047,82.6108627319336,0.0,0.005115230392597662,-13.117159843444824,86
4GXU,10,42.85957717895508,32.594451904296875,80.28134155273438,0.0,0.0043997261973562985,-15.091780662536621,23
4GXU,11,43.580142974853516,32.98463439941406,81.16577911376953,0.0,0.004303967906443523,-15.346192359924316,48
4GXU,12,38.64979553222656,36.17790603637695,93.57994842529297,0.0,0.003299654853878455,-11.837109565734863,118
4GXU,13,33.61109924316406,21.469219207763672,75.50078582763672,0.0,0.005791244587664108,-13.987414360046387,60
4GXU,14,34.5219841003418,27.679288864135742,75.41780090332031,0.0,0.005157128513057801,-13.997880935668945,98
1FC2,0,7.541618347167969,11.869269371032715,38.07197189331055,0.0,0.021066344871837343,-17.97136878967285,13
1FC2,1,6.926235198974609,9.207768440246582,36.44758224487305,0.0,0.025811496594401642,-17.13931655883789,4
1FC2,2,6.530048370361328,10.2682523727417,34.334716796875,0.0,0.026214004984754995,-17.510549545288086,14
1FC2,3,11.973989486694336,15.650063514709473,39.750362396240234,0.0,0.017609571358007507,-13.204559326171875,21
1FC2,4,18.113840103149414,23.4317569732666,58.006874084472656,0.0,0.008367410746976778,-17.972566604614258,6
1FC2,5,10.179375648498535,11.919900894165039,30.808685302734375,0.0,0.028774448444567054,-14.046502113342285,24
1FC2,6,8.397171974182129,15.812561988830566,58.829689025878906,0.0,0.009789132488085085,-18.489961624145508,6
1FC2,7,8.047338485717773,12.229580879211426,42.64944839477539,0.0,0.01767454752928989,-19.519277572631836,8
1FC2,8,6.210054874420166,8.6472749710083,33.04621505737305,0.0,0.030421828661859208,-16.75324058532715,6
1FC2,9,13.021778106689453,14.1995849609375,33.85505676269531,0.0,0.023444785776660343,-15.061434745788574,2
1FC2,10,16.669231414794922,20.789873123168945,49.97789764404297,0.0,0.011097045889094529,-18.366443634033203,0
1FC2,11,10.054781913757324,11.785465240478516,34.46886444091797,0.5,0.19108867774667967,-16.839174270629883,15
1FC2,12,57.481101989746094,77.54488372802734,150.4634552001953,0.0,0.0011850812883124869,0.0,0
1FC2,13,7.060436725616455,8.652911186218262,26.166370391845703,0.0,0.04154190707118416,-15.946529388427734,11
1FC2,14,14.022276878356934,16.162784576416016,33.29677200317383,0.0,0.023240072860303485,-15.619889259338379,3
1ACB,0,13.638442993164062,13.806031227111816,46.2339973449707,0.0,0.014787163732471036,-15.652937889099121,0
1ACB,1,8.088174819946289,7.856081962585449,25.765024185180664,0.034483,0.05593701758097799,-15.018566131591797,3
1ACB,2,8.128870964050293,8.183805465698242,24.457448959350586,0.0,0.04675721337697684,-13.968066215515137,1
1ACB,3,11.930404663085938,12.214048385620117,39.097694396972656,0.0,0.019996498056759134,-19.27617073059082,0
1ACB,4,22.807331085205078,23.338056564331055,75.70840454101562,0.0,0.005520756779141565,8.366411209106445,0
1ACB,5,7.595186233520508,8.109400749206543,23.334365844726562,0.0,0.05007664790557762,-16.958335876464844,1
1ACB,6,8.254733085632324,7.3186750411987305,24.68686294555664,0.206897,0.11773219692829866,-17.746919631958008,5
1ACB,7,9.887702941894531,9.36416244506836,28.587499618530273,0.034483,0.04690873812004107,-16.520374298095703,4
1ACB,8,5.059688091278076,4.22639274597168,13.568778991699219,0.275862,0.22318720261445005,-22.242340087890625,2
1ACB,9,14.403831481933594,13.130533218383789,46.384788513183594,0.0,0.01512385246047413,-13.942329406738281,2
1ACB,10,7.281893730163574,8.089418411254883,16.166967391967773,0.103448,0.11775054203136275,-19.605173110961914,0
1ACB,11,4.587983131408691,3.864415168762207,14.187590599060059,0.37931,0.25812658682849116,-24.20453453063965,1
1ACB,12,4.128663063049316,3.5448241233825684,13.044146537780762,0.413793,0.28790649279492203,-21.238054275512695,1
1ACB,13,4.845883846282959,4.344416618347168,12.194509506225586,0.275862,0.23645474255594792,-22.290414810180664,5
1ACB,14,7.482442855834961,6.84883975982666,23.239103317260742,0.137931,0.10056654999435381,-15.082493782043457,0
3H2V,0,11.863412857055664,15.821249008178711,38.18208312988281,0.0,0.018709059933609586,-21.921226501464844,0
3H2V,1,18.500505447387695,18.71324920654297,49.908695220947266,0.0,0.011524119556393432,-22.196378707885742,0
3H2V,2,18.44921112060547,20.083728790283203,49.020572662353516,0.0,0.011578676239714378,-23.747386932373047,0
3H2V,3,11.461668014526367,13.165436744689941,34.51303482055664,0.0,0.023333913212494214,-22.75577735900879,0
3H2V,4,16.756624221801758,14.992732048034668,48.56116485595703,0.0,0.01321255471457849,-18.518186569213867,0
3H2V,5,18.784807205200195,21.1658992767334,51.09763717651367,0.0,0.01064129797629348,-21.493783950805664,0
3H2V,6,12.638888359069824,14.695390701293945,40.34536361694336,0.0,0.017603822844992373,-21.843536376953125,0
3H2V,7,12.85362720489502,14.710238456726074,40.793704986572266,0.0,0.01730015973788888,-19.789443969726562,0
3H2V,8,12.162137031555176,15.121831893920898,39.33501434326172,0.0,0.018118786811316245,-22.93402099609375,0
3H2V,9,12.734864234924316,14.200277328491211,40.72273254394531,0.0,0.017594560290913504,-21.44007682800293,0
3H2V,10,17.671483993530273,19.176403045654297,49.04221725463867,0.0,0.011748368285498948,-22.06649398803711,0
3H2V,11,19.46956443786621,19.895235061645508,54.006038665771484,0.0,0.009941673847755563,-18.701763153076172,0
3H2V,12,7.793674468994141,8.374682426452637,23.169620513916016,0.0,0.0499016427596019,-22.08551788330078,1
3H2V,13,12.962540626525879,13.212961196899414,41.765560150146484,0.0,0.017498585110000353,-22.274831771850586,0
3H2V,14,13.210990905761719,13.739096641540527,41.22441864013672,0.0,0.017519765520128627,-22.26844596862793,0
5CBA,0,8.146073341369629,10.463561058044434,19.813440322875977,0.0,0.05852414525252955,-17.59889793395996,0
5CBA,1,8.392090797424316,10.396693229675293,19.45901107788086,0.0,0.06020842308093103,-17.3819637298584,0
5CBA,2,9.068650245666504,11.826774597167969,21.079248428344727,0.0,0.0518974320848317,-19.27899169921875,1
5CBA,3,9.030106544494629,12.448779106140137,22.151893615722656,0.0,0.0475504263832511,-19.4570255279541,1
5CBA,4,9.173460960388184,12.080540657043457,21.822608947753906,0.0,0.048970615838589145,-18.07394027709961,2
5CBA,5,9.342204093933105,11.920702934265137,21.938871383666992,0.0,0.04870154527003024,-18.91489601135254,3
5CBA,6,9.767488479614258,12.171202659606934,24.343191146850586,0.0,0.0412112966703773,-16.751977920532227,3
5CBA,7,9.253185272216797,12.852482795715332,20.677059173583984,0.0,0.05266614538526127,-17.408554077148438,0
5CBA,8,9.39319896697998,12.335237503051758,22.071409225463867,0.0,0.04790956102893166,-16.74040985107422,1
5CBA,9,9.278631210327148,11.643071174621582,21.55206298828125,0.0,0.0503117584192028,-20.92791748046875,2
5CBA,10,7.912652969360352,10.30323600769043,18.237228393554688,0.0,0.06640596052274662,-18.383190155029297,1
5CBA,11,11.454517364501953,12.334728240966797,29.458295822143555,0.0,0.030477098555157397,-17.36452293395996,10
5CBA,12,9.548293113708496,9.950169563293457,22.273895263671875,0.166667,0.105334799301942,-16.611984252929688,20
5CBA,13,8.339356422424316,10.643335342407227,19.779804229736328,0.0,0.05845256160951357,-17.610902786254883,0
5CBA,14,8.59451961517334,10.387192726135254,20.112869262695312,0.0,0.05732201129212997,-17.851863861083984,2
6A0Z,0,30.85814666748047,22.79302406311035,68.8768081665039,0.0,0.006437826890061892,-14.387924194335938,25
6A0Z,1,21.50530242919922,14.1104097366333,39.22906494140625,0.0,0.018672523252803382,-12.27255630493164,57
6A0Z,2,35.04281234741211,17.928714752197266,77.50431823730469,0.0,0.00627865602766649,-15.090034484863281,60
6A0Z,3,25.364511489868164,20.863693237304688,57.25395584106445,0.0,0.008902599615475395,-15.844676971435547,23
6A0Z,4,19.636350631713867,19.42854118347168,37.77550506591797,0.0,0.01803885640817059,-14.06760311126709,8
6A0Z,5,20.72205352783203,17.75229835510254,36.31087112426758,0.0,0.01968004538049326,-14.959125518798828,24
6A0Z,6,21.346981048583984,13.70137882232666,42.917510986328125,0.0,0.016529484034940884,-15.914276123046875,12
6A0Z,7,28.804473876953125,14.959973335266113,55.65020751953125,0.0,0.010917032627604127,-14.032923698425293,106
6A0Z,8,25.866201400756836,22.618980407714844,64.53179931640625,0.0,0.007144103660411241,-15.44760799407959,4
6A0Z,9,20.985637664794922,17.502168655395508,51.19282150268555,0.0,0.011373608285025589,-13.686103820800781,36
6A0Z,10,24.685306549072266,22.897546768188477,57.27997970581055,0.0,0.008606467955934173,-12.73261547088623,37
6A0Z,11,30.571474075317383,12.31710433959961,72.0169448852539,0.0,0.009451082403665387,-12.664811134338379,31
6A0Z,12,27.22781753540039,12.56995964050293,50.995609283447266,0.0,0.013690592224145313,-14.977295875549316,86
6A0Z,13,19.82663345336914,15.980274200439453,34.86690902709961,0.0,0.02161022063456174,-14.054086685180664,32
6A0Z,14,18.29718780517578,15.325521469116211,36.74933624267578,0.0,0.020090082977369698,-14.564081192016602,17
5SV3,0,14.343878746032715,11.544914245605469,26.695032119750977,0.0625,0.05705125922258634,-16.945127487182617,0
5SV3,1,19.081205368041992,17.078020095825195,28.229171752929688,0.0,0.030261318600458654,-14.938826560974121,0
5SV3,2,15.39770221710205,13.123693466186523,29.62803840637207,0.0,0.029647445928939798,-14.06624698638916,0
5SV3,3,12.045365333557129,10.223289489746094,26.3632755279541,0.0,0.038412979668637055,-15.572572708129883,0
5SV3,4,18.76510238647461,19.03899383544922,41.48978042602539,0.0,0.01548328012293225,-15.575422286987305,0
5SV3,5,19.603830337524414,17.38686180114746,30.02897071838379,0.0,0.027189117930938696,-14.46845817565918,7
5SV3,6,17.920204162597656,17.0258731842041,26.645841598510742,0.0,0.03335457156638839,-16.736270904541016,5
5SV3,7,13.233946800231934,10.227158546447754,32.206947326660156,0.0625,0.04955860418058259,-17.005720138549805,0
5SV3,8,17.98873519897461,18.01341438293457,29.905742645263672,0.0,0.02721087422574529,-17.523229598999023,3
5SV3,9,19.671823501586914,16.24921226501465,30.287250518798828,0.0,0.027153741491049058,-17.02395248413086,6
5SV3,10,9.268331527709961,8.593134880065918,29.778352737426758,0.0,0.03496945103255757,-14.384427070617676,0
5SV3,11,18.660966873168945,14.949515342712402,32.730445861816406,0.0,0.02438291447521825,-19.61792755126953,0
5SV3,12,14.03159236907959,11.637187957763672,28.77666473388672,0.0,0.03219660891193877,-15.06692123413086,0
5SV3,13,14.794325828552246,14.47155475616455,25.611223220825195,0.0,0.03661626097678543,-17.1571102142334,0
5SV3,14,18.375118255615234,18.093029022216797,38.99923324584961,0.0,0.01739185305316238,-17.046119689941406,0
1M10,0,17.84307861328125,18.23077392578125,37.104190826416016,0.0,0.01886239872995006,-14.413793563842773,1
1M10,1,14.093405723571777,15.219388008117676,45.479270935058594,0.0,0.014457441479668301,-17.7012882232666,0
1M10,2,17.43427276611328,18.729604721069336,49.09858703613281,0.0,0.01182395259667455,-13.918232917785645,3
1M10,3,18.07158088684082,18.47744369506836,38.068748474121094,0.0,0.018011241904950185,-16.127878189086914,1
1M10,4,11.529528617858887,11.895160675048828,31.459091186523438,0.0,0.027896530719832103,-13.754125595092773,2
1M10,5,68.22931671142578,79.60128021240234,174.53439331054688,0.0,0.0009070476069111804,0.0,0
1M10,6,19.507707595825195,22.49508285522461,54.202816009521484,0.0,0.00947615667965132,-17.544912338256836,0
1M10,7,18.49424934387207,17.93840217590332,37.41132354736328,0.0,0.018677103967319152,-16.45992660522461,4
1M10,8,17.0928955078125,18.187849044799805,39.723873138427734,0.222222,0.09091980001598483,-13.359121322631836,2
1M10,9,18.635658264160156,20.484718322753906,43.89155578613281,0.0,0.013827169610982779,-20.920740127563477,1
1M10,10,17.79654884338379,18.299158096313477,41.31385803222656,0.444444,0.1639097206155379,-13.595852851867676,4
1M10,11,18.34017562866211,19.98850440979004,45.32228469848633,0.0,0.013192732676483238,-13.25321102142334,2
1M10,12,18.007091522216797,19.943626403808594,42.088069915771484,0.5,0.18160449044587926,-13.569485664367676,7
1M10,13,16.109193801879883,15.252073287963867,34.67578887939453,0.0,0.022087100123766804,-17.076902389526367,1
1M10,14,18.585691452026367,18.426589965820312,38.15378952026367,0.0,0.0179560742199352,-16.618465423583984,0
2FJU,0,8.075238227844238,10.304061889648438,22.20136260986328,0.0,0.049531324805270345,-12.640069007873535,9
2FJU,1,29.388486862182617,24.523818969726562,77.05004119873047,0.0,0.005250309909928374,-10.936522483825684,41
2FJU,2,25.13034439086914,19.955120086669922,63.79807662963867,0.0,0.007686658460361535,-11.937004089355469,76
2FJU,3,24.729894638061523,17.566024780273438,61.372459411621094,0.0,0.008686624079537408,-10.751211166381836,116
2FJU,4,21.701171875,13.159623146057129,57.3955078125,0.0,0.01142914630527043,-16.769245147705078,19
2FJU,5,18.631772994995117,16.164670944213867,51.99500274658203,0.0,0.011522191942478515,-14.427143096923828,12
2FJU,6,29.013521194458008,19.145830154418945,72.10820770263672,0.0,0.006601846247599542,-12.903658866882324,83
2FJU,7,26.699846267700195,22.496553421020508,71.20723724365234,0.0,0.006158370890493156,-10.038512229919434,47
2FJU,8,21.54184341430664,15.792967796325684,60.37112045288086,0.0,0.009459493828759193,-13.088003158569336,8
2FJU,9,20.97320556640625,13.967266082763672,56.97066116333008,0.0,0.011059246500430444,-14.3810453414917,12
2FJU,10,24.95815086364746,19.034284591674805,61.851776123046875,0.0,0.008235861369465865,-12.237298965454102,87
2FJU,11,24.42544937133789,15.576147079467773,68.57149505615234,0.0,0.008107264808031004,-11.301249504089355,49
2FJU,12,27.534997940063477,23.67817497253418,74.36793518066406,0.0,0.005630787221934064,-10.066225051879883,38
2FJU,13,25.732074737548828,23.084224700927734,73.7129135131836,0.0,0.005775665314243432,-14.08888053894043,15
2FJU,14,27.230056762695312,23.58902931213379,74.91531372070312,0.0,0.005579047039178306,-10.26372241973877,26
1AHW,0,19.74104881286621,18.54488182067871,39.564849853515625,0.0,0.016872847085029567,-16.383930206298828,4
1AHW,1,15.603901863098145,14.032936096191406,32.12389373779297,0.0,0.02557633504146112,-15.720742225646973,4
1AHW,2,15.150542259216309,15.27802848815918,29.651504516601562,0.0,0.028494371933012675,-13.74767780303955,6
1AHW,3,19.24498748779297,18.79559898376465,37.752967834472656,0.0,0.018191525657001044,-17.675981521606445,0
1AHW,4,18.057289123535156,20.39634132385254,37.028072357177734,0.0,0.018479112101267427,-16.527149200439453,2
1AHW,5,10.972952842712402,12.595247268676758,28.766948699951172,0.0,0.03142714640795058,-15.177196502685547,4
1AHW,6,15.029845237731934,16.15007781982422,39.51371383666992,0.0,0.017593537081457302,-11.430788040161133,17
1AHW,7,16.678091049194336,14.30239200592041,33.912269592285156,0.0,0.02332996495278547,-14.901826858520508,21
1AHW,8,21.566991806030273,19.453916549682617,49.280452728271484,0.0,0.011600231475531728,-16.32219123840332,5
1AHW,9,15.779197692871094,14.69411849975586,32.17852020263672,0.0,0.02517933819410728,-16.805965423583984,1
1AHW,10,17.766904830932617,14.419090270996094,39.125553131103516,0.0,0.0185920681754483,-15.386919021606445,7
1AHW,11,34.06871032714844,39.940879821777344,93.0811538696289,0.0,0.0032261575447741653,-16.318031311035156,11
1AHW,12,13.434500694274902,14.050615310668945,30.30809211730957,0.0,0.028062412063911288,-14.499239921569824,11
1AHW,13,18.697755813598633,18.222061157226562,38.49698257446289,0.0,0.017738508984371456,-16.91141700744629,4
1AHW,14,15.247821807861328,16.911697387695312,36.6523551940918,0.0,0.019614125493991146,-14.991066932678223,15
1OC0,0,19.615310668945312,26.46498680114746,69.82100677490234,0.0,0.005935445446024471,-13.992925643920898,1
1OC0,1,9.967632293701172,13.773675918579102,38.9770622253418,0.0,0.019039821367900143,-19.69125747680664,0
1OC0,2,7.21093225479126,10.755563735961914,27.410974502563477,0.0,0.03560072097982426,-20.68494415283203,0
1OC0,3,9.825982093811035,13.693183898925781,37.80514144897461,0.0,0.01999224410016263,-22.358259201049805,0
1OC0,4,10.118775367736816,15.631872177124023,38.900718688964844,0.0,0.018230883479537864,-20.071428298950195,0
1OC0,5,9.811319351196289,13.508224487304688,37.9993896484375,0.0,0.019944122838376793,-18.522180557250977,0
1OC0,6,3.057576894760132,5.680240154266357,10.324986457824707,0.0,0.15638217998635473,-22.217010498046875,0
1OC0,7,4.752588272094727,9.231922149658203,16.27759552001953,0.0,0.07999291424353892,-24.798643112182617,0
1OC0,8,10.537654876708984,15.050015449523926,39.93241500854492,0.0,0.017727076045602197,-22.767982482910156,0
1OC0,9,11.731136322021484,17.657442092895508,43.78313446044922,0.0,0.0144952332548713,-16.154268264770508,0
1OC0,10,4.473507881164551,8.641278266906738,15.419246673583984,0.0,0.08743755391768519,-19.95766258239746,0
1OC0,11,11.754175186157227,16.94733238220215,43.59952163696289,0.0,0.014796425736027215,-17.868635177612305,0
1OC0,12,7.897556781768799,11.500260353088379,29.92428970336914,0.0,0.0304628122162519,-17.131258010864258,5
1OC0,13,9.40768814086914,13.209600448608398,36.04370880126953,0.0,0.021804579733378463,-24.08281707763672,0
1OC0,14,2.1818268299102783,4.267309188842773,7.577211856842041,0.0,0.22239328873642206,-22.766324996948242,0
2O3B,0,7.785538673400879,7.523058891296387,14.927471160888672,0.5,0.26102816024195147,-20.28469467163086,1
2O3B,1,5.666045188903809,5.905986785888672,11.426570892333984,0.0,0.1389433647681452,-26.308712005615234,0
2O3B,2,4.395039081573486,3.9034981727600098,10.932294845581055,0.75,0.4184759681389835,-20.452499389648438,0
2O3B,3,7.538690090179443,7.42828893661499,14.68424129486084,0.0,0.09671792670646527,-15.272712707519531,12
2O3B,4,10.13387680053711,9.413405418395996,18.529682159423828,0.0,0.06620272774532439,-15.48288345336914,1
2O3B,5,7.673570156097412,6.979710578918457,14.932072639465332,0.0,0.0962940556079766,-16.419864654541016,0
2O3B,6,2.6910781860351562,2.294700860977173,6.8988566398620605,1.0,0.6340803870870402,-20.968666076660156,0
2O3B,7,9.86609172821045,9.525001525878906,17.699281692504883,1.0,0.4038705785182699,-14.585755348205566,4
2O3B,8,5.980570316314697,5.952129364013672,11.78056526184082,0.25,0.21736079646113113,-23.950214385986328,0
2O3B,9,6.9800567626953125,6.45097017288208,15.280303001403809,0.5,0.26253581034576245,-21.16098976135254,1
2O3B,10,17.703075408935547,12.694253921508789,59.55167770385742,0.0,0.011245461719952521,-16.435312271118164,8
2O3B,11,9.006941795349121,7.337978363037109,21.525253295898438,0.0,0.0583362338186732,-15.768205642700195,5
2O3B,12,6.455420017242432,6.527073383331299,13.456840515136719,0.25,0.19511931949346464,-22.840362548828125,0
2O3B,13,11.893627166748047,11.30975341796875,21.030000686645508,0.75,0.30257032136290923,-15.254100799560547,0
2O3B,14,6.730012893676758,4.816980838775635,25.119224548339844,0.0,0.06371268198444906,-14.82758903503418,0
1KXP,0,19.844144821166992,20.779052734375,89.19300079345703,0.0,0.004728085787336308,-16.156753540039062,1
1KXP,1,21.58913230895996,17.00543975830078,51.75499725341797,0.0,0.011328406993231704,-19.249143600463867,1
1KXP,2,19.045446395874023,16.56692123413086,54.34532928466797,0.0,0.010670073827216726,-18.227020263671875,9
1KXP,3,19.161624908447266,21.056398391723633,86.79058837890625,0.0,0.00484987722235947,-16.441347122192383,4
1KXP,4,34.49817657470703,31.678918838500977,69.04945373535156,0.0,0.005721488287292743,-16.129825592041016,13
1KXP,5,32.136573791503906,31.84923553466797,76.3497085571289,0.0,0.004818600052459686,-20.46773338317871,6
1KXP,6,32.94832229614258,32.07229232788086,80.90801239013672,0.0,0.00436640156524439,-16.597463607788086,17
1KXP,7,27.671947479248047,21.923280715942383,51.46552276611328,0.0,0.010404255340270167,-17.22437858581543,0
1KXP,8,29.069490432739258,21.116413116455078,55.1182861328125,0.0,0.009416687203256944,-20.81748390197754,2
1KXP,9,25.93791961669922,22.845233917236328,50.97566604614258,0.0,0.010448254721324773,-17.675817489624023,16
1KXP,10,13.029756546020508,12.799348831176758,36.53763198852539,0.0,0.0216298510732266,-16.27100944519043,2
1KXP,11,27.78971290588379,31.629554748535156,85.54473876953125,0.0,0.0040068375769915015,-16.028318405151367,4
1KXP,12,24.65760612487793,18.483964920043945,77.23210906982422,0.0,0.0061700785155606565,-14.990791320800781,21
1KXP,13,27.498096466064453,21.211889266967773,52.27754592895508,0.0,0.010243850781104546,-12.789913177490234,8
1KXP,14,25.992109298706055,22.594802856445312,82.1337661743164,0.0,0.004994839407033268,-13.190013885498047,7
1UDI,0,11.290050506591797,12.361419677734375,25.232837677001953,0.0,0.03880761554938537,-21.16866683959961,0
1UDI,1,11.335369110107422,13.2386474609375,25.927762985229492,0.0,0.036573451848538704,-16.299936294555664,0
1UDI,2,9.559157371520996,9.960831642150879,22.819894790649414,0.0,0.048004348973723694,-20.253938674926758,0
1UDI,3,9.78088092803955,10.43150806427002,22.688627243041992,0.0,0.04777888095154372,-22.355268478393555,0
1UDI,4,15.35827922821045,14.474204063415527,38.93202590942383,0.0,0.01870814876020635,-18.97940444946289,0
1UDI,5,8.907523155212402,9.44853401184082,21.566486358642578,0.0,0.053012097727242635,-20.982952117919922,0
1UDI,6,11.771292686462402,12.890913963317871,26.62087059020996,0.0,0.03529266680406855,-18.881237030029297,0
1UDI,7,10.561516761779785,11.37553882598877,30.023487091064453,0.0,0.03043165380728653,-14.883491516113281,0
1UDI,8,14.060844421386719,13.960888862609863,36.15737533569336,0.0,0.021260763628648507,-19.39786148071289,0
1UDI,9,12.10361385345459,14.517167091369629,26.543682098388672,0.0,0.0345237378963883,-17.826522827148438,0
1UDI,10,10.021860122680664,10.739051818847656,23.794023513793945,0.0,0.04410297726039139,-21.291444778442383,0
1UDI,11,11.041799545288086,12.302331924438477,25.144010543823242,0.0,0.03906929159301637,-18.377805709838867,1
1UDI,12,9.99393081665039,10.618464469909668,25.263900756835938,0.0,0.04041725449405595,-14.372097969055176,0
1UDI,13,14.269851684570312,13.91647720336914,35.78433609008789,0.0,0.021631119664276804,-19.09454917907715,0
1UDI,14,12.154175758361816,14.695280075073242,27.099271774291992,0.0,0.0332942733000214,-17.182525634765625,2
3SGQ,0,11.6608304977417,10.620256423950195,34.15275192260742,0.0,0.025962526958122113,-19.035341262817383,0
3SGQ,1,12.184133529663086,11.642830848693848,35.400569915771484,0.0,0.023612377817597865,-22.961566925048828,0
3SGQ,2,12.52540111541748,11.822807312011719,36.50143051147461,0.0,0.022426610036889838,-19.546968460083008,0
3SGQ,3,11.27027702331543,10.125811576843262,35.5109748840332,0.0,0.025220945332187564,-19.708904266357422,3
3SGQ,4,10.172635078430176,11.409491539001465,30.300922393798828,0.0,0.029980394213351563,-20.138864517211914,1
3SGQ,5,10.329405784606934,10.21633243560791,33.14883804321289,0.0,0.027598890912923627,-19.3897705078125,0
3SGQ,6,10.190427780151367,11.61371898651123,28.656349182128906,0.033333,0.04353617061708753,-17.181596755981445,1
3SGQ,7,11.692106246948242,11.618245124816895,35.89781951904297,0.0,0.02316171063536915,-20.162504196166992,3
3SGQ,8,9.998785018920898,9.997626304626465,27.400373458862305,0.133333,0.08104447965369817,-17.728593826293945,0
3SGQ,9,14.130013465881348,12.04338264465332,39.9610710144043,0.0,0.019520501615324218,-15.192434310913086,12
3SGQ,10,8.854591369628906,8.422043800354004,29.170530319213867,0.033333,0.047447238564621574,-18.288564682006836,0
3SGQ,11,10.812640190124512,11.644964218139648,31.490129470825195,0.0,0.028077793515935656,-20.592350006103516,0
3SGQ,12,10.91685962677002,11.461057662963867,32.47514343261719,0.0,0.026985126184666596,-23.151958465576172,0
3SGQ,13,9.590435981750488,9.862935066223145,28.20379638671875,0.0,0.03529084310871715,-21.920875549316406,0
3SGQ,14,10.243284225463867,10.085309028625488,31.78108787536621,0.0,0.029466323477908837,-26.588985443115234,0
3VLB,0,26.717693328857422,29.59966278076172,83.93191528320312,0.0,0.004237838562416295,-17.33083152770996,0
3VLB,1,29.1297550201416,32.936851501464844,85.43462371826172,0.0,0.003957082497477539,-15.444378852844238,0
3VLB,2,25.59807586669922,28.000612258911133,84.20397186279297,0.0,0.004316245847759908,-17.3033504486084,0
3VLB,3,16.023941040039062,20.52249526977539,40.11964797973633,0.0,0.016090945950447404,-17.247142791748047,0
3VLB,4,22.712158203125,25.454875946044922,73.25663757324219,0.0,0.005581562340552372,-15.658448219299316,0
3VLB,5,14.217557907104492,17.223981857299805,34.81821823120117,0.0,0.021257407669596603,-16.949569702148438,0
3VLB,6,26.681602478027344,29.638456344604492,85.65589141845703,0.0,0.004102078235111664,-15.352827072143555,0
3VLB,7,25.21674919128418,27.54739761352539,75.8758544921875,0.0,0.005116764522059214,-17.87289047241211,0
3VLB,8,10.92951774597168,13.460912704467773,30.269107818603516,0.0,0.028452673356193076,-14.800990104675293,0
3VLB,9,28.359670639038086,29.52695655822754,77.3621826171875,0.0,0.00483404660404945,-15.64993667602539,1
3VLB,10,24.027767181396484,27.949819564819336,71.4088134765625,0.0,0.00561427557514173,-14.404120445251465,0
3VLB,11,31.455799102783203,35.38001251220703,93.11618041992188,0.0,0.00335271298887573,-15.864082336425781,0
3VLB,12,25.137317657470703,27.704204559326172,80.06843566894531,0.0,0.004689040105690366,-17.733821868896484,0
3VLB,13,13.587431907653809,15.51366901397705,32.76198196411133,0.0,0.024109895618112945,-15.632448196411133,0
3VLB,14,21.779233932495117,23.732738494873047,70.46826171875,0.0,0.006106588181697477,-15.824773788452148,0
1JWH,0,32.59477615356445,20.907148361206055,85.0411376953125,0.0,0.005004202248934,-18.483617782592773,6
1JWH,1,34.22063064575195,18.40100860595703,79.58718872070312,0.0,0.0059596788251154165,-17.348955154418945,12
1JWH,2,32.77381896972656,15.112837791442871,76.43450164794922,0.0,0.007323635451711069,-16.537813186645508,22
1JWH,3,18.350034713745117,15.757040977478027,45.45284652709961,0.0,0.014256910232973692,-14.449515342712402,6
1JWH,4,12.414789199829102,12.482531547546387,22.926795959472656,0.0,0.045025604338150914,-18.163990020751953,3
1JWH,5,27.554269790649414,27.008874893188477,77.59921264648438,0.0,0.004977016555293551,-16.271162033081055,0
1JWH,6,27.923072814941406,14.93121337890625,55.56800842285156,0.0,0.010951682979697586,-14.871355056762695,5
1JWH,7,30.042312622070312,25.33074188232422,81.20613861083984,0.0,0.004777272509060937,-17.029104232788086,18
1JWH,8,28.142597198486328,22.759265899658203,79.16899871826172,0.0,0.005240303221532547,-15.226034164428711,4
1JWH,9,23.152442932128906,12.979272842407227,54.29096603393555,0.0,0.012368626665992977,-15.559956550598145,0
1JWH,10,13.233967781066895,13.807353019714355,28.97574234008789,0.0,0.030299857867516725,-17.30187225341797,1
1JWH,11,25.776411056518555,28.548492431640625,70.62991333007812,0.0,0.00567646047437647,-15.556976318359375,0
1JWH,12,32.77009582519531,18.138778686523438,79.13835144042969,0.0,0.006065600360350909,-13.344367027282715,17
1JWH,13,32.40284729003906,17.56492805480957,80.08779907226562,0.0,0.006126259139271712,-18.6787166595459,6
1JWH,14,27.150157928466797,29.407995223999023,73.33458709716797,0.0,0.005283760537255873,-15.9229154586792,7
5WHK,0,21.233150482177734,13.534494400024414,42.46229553222656,0.0,0.016887010939512195,-16.374393463134766,19
5WHK,1,30.667194366455078,20.339872360229492,76.06566619873047,0.0,0.005914077879084299,-16.721256256103516,8
5WHK,2,19.96626853942871,15.440709114074707,33.839866638183594,0.0,0.022899173586638576,-16.56277084350586,9
5WHK,3,32.29744338989258,33.46112823486328,86.12882995605469,0.0,0.003883726226118688,-18.495147705078125,2
5WHK,4,30.306188583374023,15.305468559265137,62.721866607666016,0.0,0.00918254017981236,-15.896163940429688,6
5WHK,5,20.0012264251709,12.64934253692627,37.13471984863281,0.0,0.021217362349771382,-14.552301406860352,11
5WHK,6,31.060049057006836,25.246122360229492,73.54237365722656,0.0,0.005566760194542799,-14.487028121948242,14
5WHK,7,32.09757995605469,20.95438575744629,64.66620635986328,0.0,0.007360765023513259,-14.711393356323242,7
5WHK,8,32.33305740356445,17.372663497924805,54.682472229003906,0.0,0.010330766895958389,-13.720935821533203,110
5WHK,9,28.255517959594727,14.877703666687012,55.80723571777344,0.0,0.01091172106248998,-17.542268753051758,1
5WHK,10,32.24040222167969,15.313480377197266,62.48013687133789,0.0,0.009225012476694952,-14.707221984863281,16
5WHK,11,32.75288391113281,26.433624267578125,79.8041763305664,0.0,0.0048090134099879655,-16.63112449645996,9
5WHK,12,25.230337142944336,13.845105171203613,57.05032730102539,0.4,0.14443934554823543,-18.487205505371094,2
5WHK,13,32.917118072509766,18.869775772094727,72.0455093383789,0.0,0.0066692500667759865,-14.966350555419922,1
5WHK,14,26.34747314453125,14.73033332824707,49.76932144165039,0.133333,0.05731263283031895,-16.5825252532959,4
2Z0E,0,16.699962615966797,15.94143295288086,46.796142578125,0.0,0.013571666520259781,-17.00827407836914,2
2Z0E,1,17.957706451416016,16.658695220947266,51.805442810058594,0.0,0.011419187943472945,-14.280133247375488,2
2Z0E,2,26.393070220947266,22.989898681640625,79.44208526611328,0.0,0.005185868985020169,-17.808269500732422,2
2Z0E,3,15.0432710647583,13.7954740524292,44.387874603271484,0.0,0.015685699454486928,-15.710264205932617,0
2Z0E,4,5.853625297546387,6.385554313659668,13.60739517211914,0.066667,0.13321370731388307,-17.055437088012695,0
2Z0E,5,8.55750846862793,9.319841384887695,20.03470802307129,0.0,0.059264005642201835,-20.52455711364746,0
2Z0E,6,17.947410583496094,16.318681716918945,51.264137268066406,0.0,0.011711670924275774,-16.825963973999023,1
2Z0E,7,15.793560981750488,15.685470581054688,43.9580192565918,0.0,0.015035023837601325,-18.132436752319336,0
2Z0E,8,14.178563117980957,13.550358772277832,38.902347564697266,0.0,0.019223620993304154,-15.389394760131836,0
2Z0E,9,16.784175872802734,15.698097229003906,50.34034729003906,0.0,0.012255994674091546,-14.944784164428711,1
2Z0E,10,9.60810375213623,11.01990795135498,23.404747009277344,0.0,0.04490569563908172,-17.00002098083496,0
2Z0E,11,9.398636817932129,9.296896934509277,21.81446647644043,0.066667,0.07461748064946006,-15.216206550598145,7
2Z0E,12,5.734875679016113,5.933042526245117,14.74463176727295,0.1,0.1365046344446397,-17.332311630249023,2
2Z0E,13,4.9553022384643555,5.9481892585754395,12.786338806152344,0.0,0.12209077315080379,-15.74683666229248,0
2Z0E,14,18.192188262939453,17.382349014282227,56.85829162597656,0.0,0.009750579966810226,-13.843731880187988,0
2W9E,0,10.025701522827148,9.548067092895508,25.500926971435547,0.0,0.041359791213368025,-18.481348037719727,5
2W9E,1,9.3607816696167,9.72137451171875,22.32347297668457,0.0,0.04995948976787998,-16.602005004882812,12
2W9E,2,18.943700790405273,15.641886711120605,52.08406448364258,0.0,0.011684955165916387,-17.598535537719727,19
2W9E,3,13.027304649353027,13.892526626586914,34.03408432006836,0.0,0.02341207795713023,-15.762738227844238,34
2W9E,4,20.964832305908203,14.272018432617188,52.451377868652344,0.0,0.01217174219157687,-15.262064933776855,53
2W9E,5,9.762041091918945,9.664416313171387,23.57428550720215,0.0,0.04619045395537429,-17.86366081237793,9
2W9E,6,9.397345542907715,9.283170700073242,22.636781692504883,0.0,0.04967260116892099,-18.51348876953125,6
2W9E,7,17.624521255493164,20.028745651245117,48.090728759765625,0.0,0.011957162173813818,-16.282075881958008,15
2W9E,8,8.251142501831055,9.414124488830566,20.924442291259766,0.0,0.055467632166901225,-17.831266403198242,4
2W9E,9,19.171836853027344,18.781293869018555,49.578922271728516,0.0,0.011630655421893815,-16.584095001220703,52
2W9E,10,9.554805755615234,10.533842086791992,22.726242065429688,0.0,0.04753186866873058,-17.901226043701172,6
2W9E,11,9.329777717590332,9.696834564208984,22.431079864501953,0.0,0.0496445912903501,-16.85072898864746,11
2W9E,12,13.192146301269531,14.780803680419922,33.77177810668945,0.0,0.023255845201924488,-17.18240737915039,34
2W9E,13,7.663712501525879,9.73308277130127,21.439512252807617,0.0,0.05301102787658311,-16.699033737182617,2
2W9E,14,9.409016609191895,9.318319320678711,22.87782859802246,0.0,0.04885165432567896,-16.846948623657227,11
3S9D,0,15.30355453491211,12.270683288574219,25.20883560180664,0.0,0.038936470653374015,-19.20810890197754,0
3S9D,1,19.964391708374023,23.7578182220459,62.760440826416016,0.0,0.007327626528989526,-18.760379791259766,0
3S9D,2,18.19870948791504,15.913564682006836,40.8551025390625,0.0,0.01676547077708501,-20.262020111083984,0
3S9D,3,10.853263854980469,9.710158348083496,29.460264205932617,0.111111,0.07042231218470364,-17.211322784423828,0
3S9D,4,12.472330093383789,12.106181144714355,20.465349197387695,0.0,0.05408151321464033,-18.907428741455078,0
3S9D,5,76.63677215576172,91.56783294677734,195.38726806640625,0.0,0.0007190803825871038,0.0,0
3S9D,6,16.321996688842773,20.727746963500977,35.9213981628418,0.0,0.019411139998780764,-13.380109786987305,0
3S9D,7,20.756561279296875,15.723607063293457,53.63965606689453,0.0,0.011171560083066454,-18.063220977783203,0
3S9D,8,15.90446949005127,12.527463912963867,28.45054054260254,0.0,0.03202660556967634,-17.742353439331055,0
3S9D,9,10.261518478393555,8.186256408691406,18.025789260864258,0.0,0.07146396822455724,-16.314571380615234,2
3S9D,10,14.764328956604004,15.945671081542969,24.347606658935547,0.0,0.039136304261080675,-18.092206954956055,0
3S9D,11,14.638340950012207,10.967863082885742,24.745914459228516,0.0,0.041298414448307626,-15.121764183044434,0
3S9D,12,15.438638687133789,16.559057235717773,24.57445526123047,0.0,0.03833107104827541,-19.04266929626465,0
3S9D,13,12.152985572814941,9.84350299835205,20.20836067199707,0.0,0.05767278188053914,-19.56841278076172,0
3S9D,14,12.569826126098633,9.257528305053711,21.661293029785156,0.0,0.05300577102097617,-15.089556694030762,0
1AY7,0,7.654147624969482,6.196942329406738,18.68305206298828,0.0,0.07561269360272647,-16.293962478637695,0
1AY7,1,8.306680679321289,6.5206685066223145,15.486998558044434,0.2,0.1605854356995409,-24.019699096679688,0
1AY7,2,34.11976623535156,36.608680725097656,92.33676147460938,0.0,0.0033596142029340592,0.0,0
1AY7,3,5.924032688140869,4.7044453620910645,11.977275848388672,0.4,0.27574330182249934,-22.32249641418457,0
1AY7,4,11.000072479248047,8.65643310546875,19.049942016601562,0.2,0.1317285905882176,-16.680889129638672,0
1AY7,5,13.537761688232422,10.236126899719238,20.80979347229004,0.2,0.12133585011526998,-19.448251724243164,0
1AY7,6,4.643605709075928,3.6954119205474854,15.253336906433105,0.0,0.12613575803513685,-19.416603088378906,0
1AY7,7,11.108746528625488,8.785798072814941,19.486509323120117,0.0,0.06272582875827838,-20.724870681762695,0
1AY7,8,4.045515537261963,3.5913045406341553,8.675847053527832,0.0,0.2127675680613954,-19.906349182128906,0
1AY7,9,10.462154388427734,8.279531478881836,18.335079193115234,0.0,0.06955946022094084,-22.260555267333984,0
1AY7,10,7.44364070892334,6.278513431549072,19.52808952331543,0.0,0.07109288009395935,-19.178821563720703,0
1AY7,11,10.388955116271973,9.534868240356445,21.732738494873047,0.0,0.052275495872593745,-19.396648406982422,0
1AY7,12,10.42666244506836,8.696619987487793,18.049705505371094,0.0,0.07013457483667906,-21.332761764526367,0
1AY7,13,9.294853210449219,7.416239261627197,18.487340927124023,0.0,0.07126813663852538,-18.456941604614258,0
1AY7,14,4.052340984344482,3.454063653945923,10.974523544311523,0.2,0.24454074531219297,-19.020652770996094,0
1F6M,0,9.310041427612305,10.963630676269531,23.284753799438477,0.0,0.045321124199895,-22.10095977783203,2
1F6M,1,19.303895950317383,17.90961456298828,56.98031997680664,0.0,0.009578137216599949,-19.75535774230957,0
1F6M,2,20.916584014892578,19.385499954223633,58.137264251708984,0.0,0.008960122025266129,-15.481236457824707,1
1F6M,3,23.123167037963867,23.413898468017578,62.09574890136719,0.0,0.007493483992991282,-16.741851806640625,0
1F6M,4,19.149564743041992,17.50006103515625,56.636837005615234,0.0,0.009773623002748862,-20.855426788330078,0
1F6M,5,8.659185409545898,10.444666862487793,21.32483673095703,0.0,0.052435099891449614,-21.82577896118164,1
1F6M,6,18.928985595703125,18.234060287475586,58.601341247558594,0.0,0.009109062738024693,-16.453733444213867,1
1F6M,7,19.354782104492188,17.480222702026367,57.198970794677734,0.0,0.009638595866436053,-16.26819610595703,0
1F6M,8,8.389936447143555,10.55254077911377,20.440805435180664,0.0,0.05574374220369315,-20.375688552856445,0
1F6M,9,23.50310516357422,21.312232971191406,61.72071838378906,0.0,0.007847405716949021,-21.103281021118164,0
1F6M,10,19.12409782409668,17.598833084106445,56.4657096862793,0.0,0.009790192001660786,-19.613691329956055,0
1F6M,11,21.553659439086914,19.006877899169922,59.311031341552734,0.0,0.008771567861947079,-17.828054428100586,2
1F6M,12,8.271904945373535,9.972272872924805,19.72507667541504,0.0,0.059579192132907015,-25.304309844970703,0
1F6M,13,19.60078239440918,17.51656723022461,57.29270935058594,0.0,0.009605528225315184,-16.504409790039062,0
1F6M,14,19.40663719177246,17.774099349975586,57.235443115234375,0.0,0.009550276425475512,-19.260730743408203,0
4FQI,0,34.432640075683594,16.472579956054688,79.7520751953125,0.0,0.006485194015973456,-12.788025856018066,37
4FQI,1,22.57846450805664,13.886659622192383,48.07320785522461,0.0,0.013949500190739728,-12.592652320861816,58
4FQI,2,36.746273040771484,17.514005661010742,86.05561828613281,0.0,0.0056478957667832905,-12.365513801574707,45
4FQI,3,24.84385108947754,18.550813674926758,68.0014419555664,0.0,0.007293226223871886,-13.921855926513672,36
4FQI,4,25.023611068725586,12.44076919555664,90.9527816772461,0.0,0.007662456069254811,-12.78180980682373,41
4FQI,5,35.2475471496582,16.91771125793457,80.15275573730469,0.0,0.006307025386341446,-13.115920066833496,37
4FQI,6,25.161808013916016,12.627434730529785,43.735511779785156,0.0,0.01677054510684216,-11.202315330505371,62
4FQI,7,35.997039794921875,13.119479179382324,89.73189544677734,0.0,0.0072656249075301995,-12.774924278259277,112
4FQI,8,35.508548736572266,13.01835823059082,88.28131866455078,0.0,0.007429142478356331,-12.62274169921875,97
4FQI,9,25.267108917236328,12.476201057434082,59.78639221191406,0.0,0.011353885386603787,-11.715136528015137,138
4FQI,10,22.037841796875,15.378854751586914,51.62275314331055,0.0,0.011939902415219103,-15.264862060546875,5
4FQI,11,28.418121337890625,14.65008544921875,88.05459594726562,0.0,0.006535616523163962,-12.503239631652832,136
4FQI,12,36.47045135498047,19.17365264892578,66.17623901367188,0.0,0.007437797530557084,-14.241503715515137,23
4FQI,13,22.776208877563477,17.43383026123047,56.353492736816406,0.0,0.009864368652180605,-12.706334114074707,63
4FQI,14,31.9161376953125,14.452816009521484,83.97938537597656,0.0,0.0069324662112041635,-12.688969612121582,89
1Z5Y,0,11.609445571899414,6.640030860900879,30.043903350830078,0.0,0.040888458069200516,-18.191452026367188,5
1Z5Y,1,17.480667114257812,12.735444068908691,56.74280548095703,0.0,0.01187661529867856,-13.789284706115723,0
1Z5Y,2,10.617518424987793,7.152551174163818,40.30427169799805,0.0,0.028236931523939676,-14.497621536254883,0
1Z5Y,3,8.925893783569336,7.304628849029541,27.65846061706543,0.0,0.04225249813759558,-23.88022804260254,0
1Z5Y,4,17.64491081237793,12.376179695129395,55.748172760009766,0.0,0.012398755473447653,-11.705480575561523,4
1Z5Y,5,16.854045867919922,11.978229522705078,59.57483673095703,0.0,0.011796837122476199,-18.34669303894043,1
1Z5Y,6,20.613569259643555,12.186728477478027,39.71514892578125,0.0,0.01957458768833203,-14.172025680541992,24
1Z5Y,7,11.827306747436523,7.755380630493164,42.573028564453125,0.0,0.024798266335670824,-15.662878036499023,0
1Z5Y,8,17.47890281677246,12.57018756866455,47.90808868408203,0.0,0.01485266033920237,-17.09228515625,0
1Z5Y,9,17.05693817138672,9.363572120666504,51.05609893798828,0.090909,0.0476329018942576,-12.578056335449219,34
1Z5Y,10,7.291040897369385,6.160360813140869,21.20508575439453,0.0,0.06480168879458875,-16.297800064086914,1
1Z5Y,11,11.717942237854004,7.468453407287598,39.83633804321289,0.0,0.027440009092066703,-14.524474143981934,1
1Z5Y,12,4.325503349304199,5.702443599700928,14.815023422241211,0.0,0.10412375576808332,-17.113113403320312,1
1Z5Y,13,17.34181022644043,12.234414100646973,57.364044189453125,0.0,0.012097967732559006,-12.263835906982422,1
1Z5Y,14,5.558018684387207,5.374940395355225,13.831574440002441,0.363636,0.23667298321371036,-13.97498893737793,3
2FD6,0,18.28789520263672,18.194042205810547,31.614948272705078,0.0,0.02472133875615089,-15.486989974975586,8
2FD6,1,22.780059814453125,23.0052547454834,54.390838623046875,0.0,0.009357808851228585,-19.541345596313477,0
2FD6,2,18.856781005859375,16.859920501708984,32.62567138671875,0.0,0.02380508993926558,-18.59777069091797,4
2FD6,3,18.131595611572266,17.706768035888672,34.03129959106445,0.0,0.02194898289280976,-16.602937698364258,0
2FD6,4,20.70221710205078,23.252948760986328,43.944618225097656,0.0,0.013402697375139971,-17.95669174194336,3
2FD6,5,19.64448356628418,19.094114303588867,36.74787139892578,0.0,0.018972944762040995,-17.16948699951172,0
2FD6,6,20.54212760925293,16.142684936523438,42.4800910949707,0.0,0.015685557335470512,-17.439645767211914,10
2FD6,7,24.157268524169922,19.59095573425293,56.350765228271484,0.0,0.009358324129206208,-17.85943603515625,8
2FD6,8,19.062564849853516,14.725336074829102,33.06541442871094,0.0,0.0240855714470527,-18.40729331970215,0
2FD6,9,22.612464904785156,21.25942611694336,52.76115798950195,0.0,0.01008377679184747,-17.5727481842041,13
2FD6,10,18.845272064208984,14.722196578979492,33.31963348388672,0.0,0.02379211719286946,-17.707992553710938,5
2FD6,11,19.558246612548828,20.37550926208496,39.21493148803711,0.0,0.016754815366606394,-15.994901657104492,4
2FD6,12,18.48177146911621,18.695798873901367,35.926605224609375,0.0,0.0198017300213203,-18.158336639404297,7
2FD6,13,17.633968353271484,16.694862365722656,32.39906692504883,0.0,0.0241349509373119,-18.061166763305664,1
2FD6,14,20.15270233154297,17.653827667236328,41.89760971069336,0.0,0.015566380933353016,-18.294004440307617,5
1GP2,0,4.799256801605225,4.066064357757568,11.185806274414062,0.222222,0.2360238277597004,-14.599114418029785,4
1GP2,1,10.087855339050293,8.98536491394043,20.462148666381836,0.0,0.05809218502387926,-12.688104629516602,17
1GP2,2,6.242128372192383,5.7254438400268555,13.449848175048828,0.222222,0.1906190198134725,-13.957755088806152,6
1GP2,3,26.134891510009766,19.823997497558594,54.77758026123047,0.0,0.009735077771825371,-13.409225463867188,10
1GP2,4,14.140924453735352,14.733534812927246,35.48562240600586,0.0,0.021507200885012664,-13.696634292602539,32
1GP2,5,18.586708068847656,15.574646949768066,32.66304397583008,0.0,0.02420544860125679,-15.03676700592041,4
1GP2,6,22.954574584960938,25.13625144958496,69.72042846679688,0.0,0.00606471435843309,-16.62286949157715,18
1GP2,7,5.810275554656982,5.473404884338379,14.405460357666016,0.0,0.10936947357918723,-13.245522499084473,9
1GP2,8,17.90939712524414,21.77408790588379,55.85895919799805,0.0,0.009118221814706645,-14.068548202514648,1
1GP2,9,15.54340648651123,14.0581636428833,27.814531326293945,0.0,0.03222293904220976,-13.873680114746094,6
1GP2,10,7.5669331550598145,6.884418487548828,23.493505477905273,0.111111,0.09072723590402597,-13.709342956542969,2
1GP2,11,8.498573303222656,7.628720760345459,20.385427474975586,0.0,0.061777228349187675,-12.228911399841309,11
1GP2,12,12.784628868103027,13.46438217163086,39.57966613769531,0.0,0.018782024467163854,-13.257816314697266,18
1GP2,13,16.76390838623047,16.313804626464844,54.30025100708008,0.0,0.01076702679588272,-14.146036148071289,14
1GP2,14,18.86679458618164,15.65680980682373,33.34996032714844,0.0,0.023364287659402797,-14.554404258728027,4
1AZS,0,27.921947479248047,15.451617240905762,67.58470153808594,0.0,0.008302439806737979,-14.949522018432617,12
1AZS,1,21.674835205078125,18.26126480102539,69.00142669677734,0.0,0.0072166208536471365,-13.702977180480957,23
1AZS,2,21.272907257080078,16.31978416442871,70.85508728027344,0.0,0.007521405697972175,-13.328948020935059,11
1AZS,3,22.125452041625977,11.17640209197998,70.5120849609375,0.0,0.010672446606899635,-14.057472229003906,14
1AZS,4,19.21171760559082,20.711320877075195,62.14680099487305,0.0,0.007860401425864305,-18.97205352783203,2
1AZS,5,25.743328094482422,16.51934051513672,75.31393432617188,0.0,0.006918359434174172,-16.453039169311523,11
1AZS,6,14.669004440307617,15.258275985717773,44.21858596801758,0.0,0.015068751188917663,-15.370041847229004,31
1AZS,7,28.196569442749023,13.8599853515625,67.78235626220703,0.0,0.009019713076027822,-16.20918846130371,11
1AZS,8,13.349099159240723,11.021886825561523,27.436620712280273,0.0,0.035252765028504184,-16.25725555419922,4
1AZS,9,20.387365341186523,17.035160064697266,60.299259185791016,0.0,0.009059096888777969,-16.29005241394043,31
1AZS,10,15.43921947479248,14.266216278076172,45.89966583251953,0.0,0.01469708073594117,-13.5786771774292,38
1AZS,11,10.404139518737793,9.709218978881836,19.194307327270508,0.0,0.06242194730747092,-14.444467544555664,4
1AZS,12,20.079235076904297,16.358888626098633,69.27476501464844,0.0,0.007723166549512377,-14.737370491027832,11
1AZS,13,13.556800842285156,9.033546447753906,33.86997985839844,0.0,0.028693751374320443,-20.208724975585938,0
1AZS,14,20.359193801879883,16.909393310546875,67.1506118774414,0.0,0.007859262032951784,-13.218704223632812,20
3CPH,0,27.37559700012207,23.578763961791992,75.1640396118164,0.0,0.005552572411363092,-20.80653190612793,6
3CPH,1,6.383275508880615,5.455912113189697,15.147497177124023,0.0,0.10325138681638953,-17.919635772705078,8
3CPH,2,5.25208044052124,5.091525077819824,10.896646499633789,0.0,0.15272003593805508,-20.58179473876953,4
3CPH,3,17.37127113342285,13.935868263244629,46.15337371826172,0.0,0.014752722098825033,-19.172765731811523,4
3CPH,4,17.481115341186523,14.287931442260742,49.28416061401367,0.0,0.013262603592514355,-14.891341209411621,4
3CPH,5,23.885461807250977,20.228666305541992,66.99766540527344,0.0,0.007103173955064703,-18.172327041625977,9
3CPH,6,12.779190063476562,10.673768043518066,35.47301483154297,0.0,0.024555348839773453,-18.202747344970703,7
3CPH,7,15.020865440368652,12.416401863098145,45.82901382446289,0.0,0.015880165575998643,-15.543288230895996,1
3CPH,8,20.461666107177734,17.669517517089844,57.789093017578125,0.0,0.009443801459020304,-16.257915496826172,8
3CPH,9,24.0980224609375,20.053159713745117,66.68982696533203,0.0,0.007183121613515499,-18.23894500732422,8
3CPH,10,18.158470153808594,14.813210487365723,47.67301559448242,0.0,0.013653462019423704,-15.47702407836914,9
3CPH,11,11.771045684814453,9.196660995483398,23.638648986816406,0.0,0.04680247955719449,-15.99988079071045,6
3CPH,12,24.727174758911133,20.540517807006836,68.553955078125,0.0,0.006815100795930961,-19.314300537109375,6
3CPH,13,20.547086715698242,16.907367706298828,54.83699035644531,0.0,0.010424106674278904,-17.31770133972168,6
3CPH,14,13.388989448547363,11.361956596374512,38.94530487060547,0.0,0.0208666025733686,-19.74605941772461,7
1MLC,0,13.989604949951172,12.375211715698242,32.93085479736328,0.0,0.02564726732136324,-15.966752052307129,33
1MLC,1,13.31021785736084,12.702486991882324,30.068941116333008,0.0,0.029249922553909614,-13.23495101928711,67
1MLC,2,10.963539123535156,12.637385368347168,25.78955841064453,0.0,0.037292910378019184,-14.36593246459961,61
1MLC,3,12.402278900146484,11.94189167022705,29.695331573486328,0.0,0.030420381100305094,-16.55804443359375,20
1MLC,4,11.257126808166504,11.41327953338623,24.848209381103516,0.0,0.040579222743972104,-19.361228942871094,1
1MLC,5,12.648139953613281,12.619524955749512,28.072803497314453,0.0,0.032636953250851405,-16.064252853393555,32
1MLC,6,12.244756698608398,13.244648933410645,28.87726402282715,0.0,0.030799043534935244,-14.533560752868652,37
1MLC,7,13.93129825592041,10.683513641357422,31.251073837280273,0.0,0.0294050010628291,-12.64404296875,58
1MLC,8,10.34825611114502,11.026335716247559,22.735265731811523,0.0,0.04693532168617198,-18.996475219726562,1
1MLC,9,13.121136665344238,12.984500885009766,30.9624080657959,0.0,0.027750880662216457,-16.014808654785156,24
1MLC,10,11.343071937561035,12.250720977783203,25.83527946472168,0.0,0.0374812468863771,-18.10512924194336,1
1MLC,11,14.76712417602539,12.036650657653809,33.009971618652344,0.0,0.02582489678166365,-14.350768089294434,67
1MLC,12,6.9049072265625,7.981633186340332,15.38907241821289,0.0,0.08929217931112614,-17.901758193969727,1
1MLC,13,12.764840126037598,11.648125648498535,30.78223419189453,0.0,0.02905342248664658,-16.097482681274414,7
1MLC,14,16.291248321533203,10.871387481689453,37.677642822265625,0.0,0.022370534474116365,-13.571374893188477,67
4G6M,0,28.671249389648438,26.504114151000977,75.16119384765625,0.0,0.005273557581280355,-19.64208984375,2
4G6M,1,19.35517120361328,21.861452102661133,50.93730163574219,0.0,0.010592536456429923,-15.425224304199219,4
4G6M,2,35.30613708496094,34.685333251953125,91.45053100585938,0.0,0.003477254965679246,-18.821596145629883,4
4G6M,3,13.563026428222656,16.786054611206055,32.9901008605957,0.0,0.02339146308216601,-17.7349853515625,0
4G6M,4,24.927778244018555,25.255746841430664,63.240535736083984,0.0,0.007086620205446491,-17.598419189453125,18
4G6M,5,10.559717178344727,12.786164283752441,21.100072860717773,0.0,0.0510664322322521,-19.472393035888672,2
4G6M,6,10.692078590393066,12.306204795837402,21.327247619628906,0.0,0.050569993778739074,-16.219533920288086,5
4G6M,7,13.071022033691406,16.11893081665039,30.081295013427734,0.0,0.02750873332174802,-13.876829147338867,5
4G6M,8,10.334806442260742,12.154035568237305,20.634780883789062,0.0,0.0533567978487317,-18.496742248535156,0
4G6M,9,22.25218391418457,24.56584930419922,57.306209564208984,0.0,0.00841383722846216,-18.64803123474121,7
4G6M,10,22.799631118774414,19.9472599029541,58.3008918762207,0.0,0.008812283723921852,-17.09723472595215,0
4G6M,11,10.988608360290527,14.581649780273438,22.642436981201172,0.0,0.044663430551745716,-16.19698715209961,1
4G6M,12,12.659525871276855,14.38846492767334,30.38022232055664,0.0,0.027783049756270207,-14.255219459533691,23
4G6M,13,19.656408309936523,22.196331024169922,51.288570404052734,0.0,0.010425994507614778,-15.19905948638916,7
4G6M,14,11.070048332214355,10.937224388122559,30.00925064086914,0.0,0.03091053894507734,-18.722917556762695,0
3FN1,0,21.833452224731445,19.8542423248291,58.252899169921875,0.0,0.008840985707576899,-18.305727005004883,0
3FN1,1,21.672998428344727,19.878494262695312,57.592437744140625,0.0,0.008993278873417823,-19.367815017700195,0
3FN1,2,13.589390754699707,15.026503562927246,28.10260009765625,0.0,0.031227515925671228,-19.770231246948242,2
3FN1,3,13.740872383117676,15.210759162902832,29.431461334228516,0.0,0.028872965455923008,-16.606760025024414,0
3FN1,4,21.659841537475586,20.48701286315918,58.8688850402832,0.0,0.008584827773970731,-22.205211639404297,0
3FN1,5,20.108190536499023,19.211759567260742,59.157352447509766,0.0,0.00876225527325506,-16.53756332397461,2
3FN1,6,21.281261444091797,19.285085678100586,55.97992706298828,0.0,0.009516417304852696,-19.55186653137207,0
3FN1,7,21.110515594482422,19.797582626342773,56.94919967651367,0.0,0.009166561489088097,-19.003515243530273,0
3FN1,8,13.48893928527832,13.867215156555176,28.451932907104492,0.0,0.031167778564216615,-15.590509414672852,0
3FN1,9,12.23462963104248,11.58895206451416,28.342132568359375,0.0,0.03299959903588697,-15.44114875793457,1
3FN1,10,21.343236923217773,18.781831741333008,55.212825775146484,0.0,0.009829903679859175,-16.045373916625977,2
3FN1,11,21.725706100463867,20.53529167175293,59.932796478271484,0.0,0.008341705193365271,-20.0994873046875,0
3FN1,12,21.128337860107422,19.459321975708008,57.65365219116211,0.0,0.0090602143062246,-14.982327461242676,0
3FN1,13,11.802382469177246,13.825017929077148,24.847946166992188,0.0,0.038798412552736715,-14.413631439208984,7
3FN1,14,14.025002479553223,14.633780479431152,31.392995834350586,0.0,0.026233864127814685,-17.76106071472168,2
1EZU,0,23.933500289916992,23.127058029174805,47.063995361328125,0.0,0.011925653299817282,-15.935111045837402,18
1EZU,1,15.053277015686035,14.139374732971191,50.62701416015625,0.243243,0.09392930397853494,-17.60797882080078,7
1EZU,2,15.390926361083984,14.007798194885254,53.107295989990234,0.0,0.012104681459841926,-17.900375366210938,6
1EZU,3,13.505038261413574,12.914942741394043,50.464454650878906,0.297297,0.11273160247175323,-16.579687118530273,11
1EZU,4,14.97309684753418,13.883712768554688,43.82493209838867,0.27027,0.10602072676912466,-16.449792861938477,11
1EZU,5,15.979886054992676,14.366201400756836,55.29452133178711,0.0,0.01128975691202217,-20.27691650390625,1
1EZU,6,24.691673278808594,25.369850158691406,50.163997650146484,0.0,0.010464545444323133,-18.424020767211914,1
1EZU,7,17.849328994750977,17.314680099487305,57.47560501098633,0.0,0.009617380806534183,-17.361738204956055,0
1EZU,8,12.871377944946289,12.411314010620117,44.22261047363281,0.297297,0.11577380885874154,-16.95975112915039,6
1EZU,9,15.977869033813477,14.348088264465332,60.7653694152832,0.0,0.010000910291352116,-20.97194480895996,9
1EZU,10,23.38841438293457,23.386707305908203,45.69621658325195,0.0,0.012513309226855104,-16.203062057495117,9
1EZU,11,14.320509910583496,14.121658325195312,49.26970672607422,0.0,0.01335320538446935,-17.867292404174805,5
1EZU,12,8.062784194946289,9.83533000946045,38.87833023071289,0.0,0.022783292620478648,-16.071935653686523,1
1EZU,13,25.627832412719727,25.339879989624023,55.25511169433594,0.0,0.0088696826296874,-15.760309219360352,0
1EZU,14,26.20733642578125,24.781190872192383,54.673152923583984,0.0,0.00908358824277582,-19.8771915435791,0
2HQS,0,23.026893615722656,19.311487197875977,60.4017219543457,0.0,0.008471960578267212,-16.283937454223633,0
2HQS,1,6.716048240661621,8.01760196685791,15.894307136535645,0.0,0.08540294442416436,-17.345006942749023,0
2HQS,2,8.548907279968262,9.94382095336914,20.74123764038086,0.0,0.055348130201715605,-17.952388763427734,1
2HQS,3,12.701615333557129,13.077922821044922,39.846317291259766,0.0,0.01883641891160444,-15.277807235717773,4
2HQS,4,6.334101676940918,7.713247299194336,15.128006935119629,0.0,0.09212964279815279,-17.13421630859375,1
2HQS,5,10.7896146774292,12.654333114624023,32.71624755859375,0.0,0.025696340847242313,-14.418355941772461,0
2HQS,6,8.352254867553711,7.478348255157471,21.286664962768555,0.0,0.05873250770421732,-17.954130172729492,0
2HQS,7,4.4512529373168945,5.848819732666016,11.757308959960938,0.0,0.13498988688754607,-16.68961524963379,0
2HQS,8,17.1380615234375,16.705909729003906,49.689815521240234,0.0,0.012142511488751125,-17.652137756347656,0
2HQS,9,4.651128768920898,5.520883560180664,13.049798965454102,0.0,0.12220801506724299,-17.180185317993164,2
2HQS,10,10.564624786376953,10.591204643249512,25.530229568481445,0.0,0.03981690539027528,-18.569820404052734,0
2HQS,11,20.427349090576172,17.241239547729492,56.563331604003906,0.0,0.009865282941096716,-19.47846221923828,1
2HQS,12,6.055568695068359,7.556436538696289,14.783138275146484,0.0,0.09545698418568503,-17.885101318359375,1
2HQS,13,7.131289482116699,8.203936576843262,17.085329055786133,0.0,0.07691711141309303,-18.829971313476562,0
2HQS,14,9.388346672058105,11.463550567626953,26.331035614013672,0.0,0.037069027788765696,-15.497525215148926,2
1FLE,0,9.766308784484863,10.589473724365234,32.70100784301758,0.0,0.02765270490023874,-20.489545822143555,2
1FLE,1,12.787772178649902,11.737716674804688,41.39966583251953,0.0,0.018839357589982418,-25.31972885131836,0
1FLE,2,11.442136764526367,11.144303321838379,38.677940368652344,0.0,0.021288395356430376,-19.004043579101562,1
1FLE,3,14.034806251525879,13.254833221435547,45.64121627807617,0.0,0.015388528635279957,-21.76799964904785,6
1FLE,4,8.487927436828613,9.563042640686035,27.522642135620117,0.0,0.037029069034766465,-19.533395767211914,6
1FLE,5,10.559523582458496,9.486655235290527,36.84361267089844,0.0,0.024975383146800114,-20.88045310974121,0
1FLE,6,11.86413288116455,10.85409164428711,40.09237289428711,0.0,0.02058512720993465,-19.692237854003906,3
1FLE,7,7.805975914001465,6.658493518829346,26.873376846313477,0.0,0.046414715860105905,-20.47536277770996,1
1FLE,8,13.48067569732666,12.054656028747559,44.84471130371094,0.0,0.01664271057482776,-18.481943130493164,3
1FLE,9,19.266952514648438,15.279817581176758,53.61790084838867,0.0,0.011353496869981647,-19.534137725830078,4
1FLE,10,3.580436944961548,3.6735105514526367,12.792397499084473,0.384615,0.27793339619728646,-16.87934684753418,1
1FLE,11,19.05499839782715,15.522006034851074,54.0774040222168,0.0,0.011120945670165793,-18.555543899536133,3
1FLE,12,19.442232131958008,16.15157127380371,54.46842575073242,0.0,0.010774976249056758,-22.803266525268555,4
1FLE,13,5.613987445831299,6.012878894805908,17.839815139770508,0.038462,0.09402116668574399,-22.045042037963867,0
1FLE,14,9.783437728881836,8.961904525756836,33.06376266479492,0.0,0.029747858861420905,-19.693016052246094,0
2NZ8,0,18.843992233276367,16.450227737426758,51.906253814697266,0.0,0.01145397718491066,-11.32767105102539,6
2NZ8,1,13.11288833618164,10.539356231689453,22.13955307006836,0.0,0.04943963749031388,-16.96797752380371,10
2NZ8,2,7.0282769203186035,5.815627098083496,13.033746719360352,1.0,0.4535904298788744,-16.795024871826172,2
2NZ8,3,23.56795883178711,16.102067947387695,53.91193771362305,0.0,0.010952832133008376,-13.067821502685547,1
2NZ8,4,13.424508094787598,11.123536109924316,22.38470458984375,0.0,0.047959606076137834,-15.721851348876953,6
2NZ8,5,24.7913875579834,18.761428833007812,55.049217224121094,0.0,0.00987934239848958,-12.221366882324219,4
2NZ8,6,20.425945281982422,16.55476951599121,54.667236328125,0.0,0.010582763253758426,-11.132566452026367,1
2NZ8,7,19.713716506958008,16.047744750976562,51.9508171081543,0.0,0.011577832657501466,-11.359969139099121,5
2NZ8,8,13.626567840576172,11.333596229553223,22.722000122070312,0.0,0.04665883360317826,-16.02648162841797,3
2NZ8,9,25.897048950195312,16.5977725982666,53.96959686279297,0.0,0.010768612127964155,-12.927311897277832,5
2NZ8,10,82.20799255371094,85.41535949707031,170.8074493408203,0.0,0.0009262014471567792,0.0,0
2NZ8,11,27.639741897583008,24.52867889404297,63.65932083129883,0.0,0.007080639730212154,-14.579264640808105,7
2NZ8,12,6.754809379577637,5.760284423828125,14.999911308288574,0.0,0.1021891681252474,-14.88990592956543,1
2NZ8,13,12.640762329101562,10.632824897766113,21.140060424804688,0.0,0.05289411695103111,-15.889252662658691,5
2NZ8,14,25.129337310791016,21.878089904785156,63.63923645019531,0.0,0.007401919273295751,-19.260913848876953,0
1N2C,0,51.6168327331543,45.85795211791992,132.04966735839844,0.0,0.0017317148269945083,-18.66543960571289,26
1N2C,1,6.354393005371094,6.061757564544678,15.16733169555664,0.428571,0.24175781951493425,-17.6984806060791,35
1N2C,2,52.906463623046875,42.561195373535156,131.52760314941406,0.0,0.0017998677202394379,-18.126041412353516,37
1N2C,3,50.40845489501953,43.97793960571289,126.24909210205078,0.0,0.0018915012302423405,-15.220778465270996,66
1N2C,4,10.437188148498535,10.40848445892334,23.86005973815918,0.183673,0.10554550111798539,-14.991905212402344,58
1N2C,5,16.810449600219727,18.182912826538086,36.86267852783203,0.081633,0.046292606921853295,-18.1795654296875,29
1N2C,6,16.92190170288086,18.352073669433594,36.967498779296875,0.040816,0.032555356573190225,-17.609872817993164,29
1N2C,7,17.363481521606445,19.236589431762695,37.76778030395508,0.020408,0.02488715322551795,-18.483461380004883,29
1N2C,8,4.350891590118408,4.603940963745117,10.420557022094727,0.571429,0.3556406408918485,-18.616884231567383,39
1N2C,9,52.409210205078125,41.58024597167969,129.66835021972656,0.0,0.0018594535369019776,-17.37433624267578,45
1N2C,10,16.347667694091797,16.313762664794922,37.458194732666016,0.0,0.019118082115324994,-13.538485527038574,171
1N2C,11,4.898245811462402,5.4555888175964355,11.492390632629395,0.367347,0.2637444050635333,-17.50666618347168,55
1N2C,12,51.698448181152344,45.254669189453125,132.36346435546875,0.0,0.0017347789901286917,-18.484272003173828,28
1N2C,13,9.500782012939453,9.812529563903809,21.91034507751465,0.142857,0.09883493626970354,-15.233607292175293,73
1N2C,14,4.828083515167236,4.871965408325195,11.437793731689453,0.510204,0.3175240321090597,-18.108108520507812,15
3MJ9,0,22.156044006347656,17.481260299682617,43.346134185791016,0.0,0.014779523341777427,-16.25066566467285,10
3MJ9,1,19.724040985107422,16.057924270629883,34.51662063598633,0.0,0.02194202056411453,-16.680984497070312,3
3MJ9,2,21.5872745513916,16.792783737182617,43.78233337402344,0.0,0.014745938211466634,-12.68425178527832,14
3MJ9,3,20.739805221557617,15.787128448486328,45.18679428100586,0.0,0.014374089821727033,-16.39519500732422,28
3MJ9,4,13.976000785827637,15.693944931030273,32.818565368652344,0.0,0.023972136597513755,-13.035521507263184,26
3MJ9,5,19.218753814697266,16.008583068847656,42.89137649536133,0.0,0.015497487916604368,-14.142585754394531,18
3MJ9,6,19.769258499145508,18.16496467590332,35.33110427856445,0.0,0.020495098871305826,-17.973520278930664,21
3MJ9,7,19.054746627807617,15.513047218322754,37.43678283691406,0.0,0.019429022951160137,-15.744487762451172,12
3MJ9,8,16.850149154663086,15.502052307128906,48.73637008666992,0.0,0.012932010267795517,-14.7379150390625,2
3MJ9,9,19.774505615234375,15.545807838439941,36.90406799316406,0.0,0.01986738940148719,-14.120967864990234,0
3MJ9,10,20.731609344482422,21.07052993774414,56.14738082885742,0.0,0.009149009173183006,-16.092941284179688,8
3MJ9,11,12.398110389709473,12.715620994567871,34.0693473815918,0.0,0.024107702142236037,-13.750988006591797,2
3MJ9,12,18.883441925048828,18.66431999206543,33.009483337402344,0.0,0.022867120515315517,-14.74736213684082,8
3MJ9,13,18.294584274291992,14.33321475982666,37.28999710083008,0.0,0.020075061163224425,-14.294897079467773,23
3MJ9,14,10.972457885742188,13.81017017364502,28.877586364746094,0.0,0.030463803953172417,-14.420557022094727,23
1F51,0,9.080977439880371,10.815149307250977,20.959566116333008,0.0,0.05336984968295629,-18.605981826782227,5
1F51,1,10.102097511291504,12.701653480529785,23.082902908325195,0.0,0.044387387020711884,-20.05364990234375,4
1F51,2,14.399757385253906,15.605167388916016,39.711910247802734,0.0,0.017653898163306505,-18.587963104248047,1
1F51,3,7.576511859893799,7.812073707580566,20.357799530029297,0.0,0.06133629641882666,-17.158903121948242,2
1F51,4,7.244311809539795,8.175088882446289,18.0030460357666,0.0,0.07161796272233818,-12.35175609588623,3
1F51,5,18.00223159790039,18.866857528686523,50.90214157104492,0.0,0.011136494760912857,-17.05144691467285,3
1F51,6,8.942163467407227,10.882205963134766,21.106943130493164,0.0,0.0527302710986709,-18.46584129333496,6
1F51,7,17.916973114013672,17.766786575317383,50.00299072265625,0.0,0.011720829221970435,-19.227519989013672,6
1F51,8,17.244421005249023,16.722734451293945,51.10173034667969,0.0,0.011634659570135835,-19.517074584960938,1
1F51,9,10.627235412597656,13.644379615783691,23.047931671142578,0.0,0.0438894249157657,-21.36488151550293,2
1F51,10,8.665313720703125,10.474457740783691,20.096059799194336,0.0,0.05728300484805459,-16.403892517089844,6
1F51,11,8.183170318603516,9.93521499633789,20.06609535217285,0.090909,0.08844441996999865,-17.16576385498047,6
1F51,12,18.660903930664062,19.795955657958984,51.72467041015625,0.0,0.010667859532877693,-18.499937057495117,1
1F51,13,4.773670673370361,5.899728775024414,14.670269966125488,0.0,0.10401698494156277,-17.480436325073242,1
1F51,14,3.4742162227630615,3.1714234352111816,10.572660446166992,0.181818,0.252407867228232,-19.609647750854492,1
2OOB,0,8.27772331237793,8.52843952178955,42.98845291137695,0.0,0.022543819818137124,-23.495115280151367,1
2OOB,1,8.794532775878906,9.115017890930176,46.65944290161133,0.0,0.019495819651369466,-21.056856155395508,0
2OOB,2,9.01245403289795,9.172048568725586,44.4259033203125,0.0,0.020454367614218844,-19.56820297241211,0
2OOB,3,9.980711936950684,9.490893363952637,41.0363883972168,0.0,0.021836341660299307,-21.229612350463867,0
2OOB,4,10.05591106414795,9.360791206359863,44.15938949584961,0.0,0.020253850828822063,-23.700241088867188,0
2OOB,5,5.181148052215576,4.714186668395996,10.622096061706543,0.0,0.16076998826576638,-20.946531295776367,5
2OOB,6,8.092367172241211,8.069649696350098,44.74824523925781,0.0,0.022741029377987724,-23.207286834716797,0
2OOB,7,9.067479133605957,9.128345489501953,46.19462203979492,0.0,0.01968030863121139,-23.078941345214844,2
2OOB,8,8.896066665649414,8.506292343139648,43.371368408203125,0.0,0.022382075115780456,-20.382427215576172,0
2OOB,9,8.641924858093262,7.543701648712158,34.17869567871094,0.0,0.032093294158023776,-22.4531307220459,8
2OOB,10,9.261954307556152,8.978119850158691,42.688720703125,0.0,0.02176350086496397,-26.215394973754883,2
2OOB,11,9.431753158569336,9.692461967468262,45.87376022338867,0.0,0.01886115245917684,-22.28023910522461,0
2OOB,12,8.656105041503906,8.872718811035156,44.03776550292969,0.0,0.021234479811499646,-24.28655433654785,0
2OOB,13,9.533708572387695,9.575780868530273,45.73833465576172,0.0,0.019111166090696675,-21.499267578125,0
2OOB,14,9.833634376525879,9.169257164001465,45.12901306152344,0.0,0.02010804507552848,-21.84242820739746,0
5WK3,0,5.743049621582031,8.596627235412598,16.5771484375,0.0,0.07924277328149638,-19.92256736755371,0
5WK3,1,6.756752967834473,10.865310668945312,19.59537696838379,0.0,0.059021997227951234,-17.353679656982422,1
5WK3,2,5.607202529907227,7.746786594390869,16.493865966796875,0.0,0.08199490755608119,-18.433486938476562,3
5WK3,3,6.213651180267334,9.927755355834961,18.05126190185547,0.0,0.06793569725913469,-18.34430694580078,0
5WK3,4,6.4865899085998535,10.458928108215332,18.888229370117188,0.0,0.06285438774473416,-16.960351943969727,3
5WK3,5,18.83916473388672,23.11911964416504,59.62040710449219,0.0,0.008037617218270515,-17.097991943359375,5
5WK3,6,5.888415813446045,9.255697250366211,17.219776153564453,0.0,0.07383775299505464,-19.439287185668945,0
5WK3,7,6.230929374694824,8.630144119262695,18.4803409576416,0.0,0.06797882847926227,-18.988895416259766,1
5WK3,8,15.219281196594238,13.363978385925293,47.778011322021484,0.0,0.014373695845511398,-14.555032730102539,10
5WK3,9,6.012418746948242,9.86988639831543,17.570621490478516,0.0,0.0707399432773176,-15.625807762145996,2
5WK3,10,7.240303993225098,11.238107681274414,23.611852645874023,0.0,0.044076029315662464,-14.306291580200195,15
5WK3,11,6.381898403167725,9.823356628417969,18.577611923217773,0.0,0.06529660309052843,-18.13107681274414,4
5WK3,12,27.26617431640625,31.042861938476562,82.96607208251953,0.0,0.004238898861915147,-14.810375213623047,22
5WK3,13,8.312494277954102,11.345379829406738,24.921876907348633,0.0,0.040461349819555216,-13.270111083984375,39
5WK3,14,17.963790893554688,22.639751434326172,56.81904602050781,0.0,0.008753386619263786,-16.820226669311523,2
1KTZ,0,16.748640060424805,12.734719276428223,33.523651123046875,0.0,0.024696535776261783,-14.421822547912598,2
1KTZ,1,16.82219886779785,11.863959312438965,28.973329544067383,0.0,0.03166036810441664,-16.348661422729492,0
1KTZ,2,13.93496036529541,11.765256881713867,27.68384552001953,0.0,0.03404852683849511,-14.709274291992188,2
1KTZ,3,14.013649940490723,11.859437942504883,21.539440155029297,0.0,0.05016360621241764,-13.940058708190918,0
1KTZ,4,14.975014686584473,11.8645658493042,32.94874572753906,0.0,0.026043787545106525,-15.07777214050293,1
1KTZ,5,22.90389633178711,13.267498970031738,46.920169830322266,0.0,0.01479883693862802,-16.00438117980957,13
1KTZ,6,15.195594787597656,11.043091773986816,23.996583938598633,0.0,0.043199357078398885,-16.9810848236084,0
1KTZ,7,21.652851104736328,23.505393981933594,71.56332397460938,0.0,0.0059891054832303505,-16.94257164001465,0
1KTZ,8,21.54700469970703,23.566919326782227,64.0822982788086,0.0,0.00710816035959418,-18.915611267089844,0
1KTZ,9,15.820167541503906,12.731139183044434,36.270198822021484,0.0,0.021917822992961772,-19.12427520751953,0
1KTZ,10,14.73648452758789,12.833216667175293,34.256282806396484,0.0,0.02382509987845075,-16.61371612548828,1
1KTZ,11,16.79814910888672,10.465550422668457,37.4951171875,0.0,0.023002810536595503,-15.974395751953125,3
1KTZ,12,13.11622428894043,11.47036075592041,29.768295288085938,0.0,0.030733227810910525,-14.034170150756836,2
1KTZ,13,16.201967239379883,12.738851547241211,28.505643844604492,0.0,0.03177677392989558,-14.52430534362793,2
1KTZ,14,23.06261444091797,22.75712013244629,72.21754455566406,0.0,0.005996590081774447,-21.055646896362305,0
2AYO,0,16.91240692138672,19.12246322631836,47.74901580810547,0.0,0.01227705565169875,-20.38090705871582,0
2AYO,1,14.199601173400879,15.002752304077148,40.51396942138672,0.0,0.017353103884098702,-17.93136978149414,0
2AYO,2,21.14522361755371,22.51140785217285,58.60258483886719,0.0,0.008341610168003654,-17.97753143310547,1
2AYO,3,14.383702278137207,15.397008895874023,41.09512710571289,0.0,0.01680938690435264,-20.023637771606445,1
2AYO,4,3.949202060699463,5.268730163574219,10.251978874206543,0.0,0.16078522790063246,-17.065279006958008,1
2AYO,5,17.115842819213867,19.476980209350586,47.86620330810547,0.04,0.025488748535632762,-21.256877899169922,0
2AYO,6,4.600856304168701,6.338402271270752,12.13910961151123,0.12,0.16734322182137082,-17.246274948120117,0
2AYO,7,20.06644058227539,21.270524978637695,56.42084884643555,0.0,0.009047088619114182,-17.477672576904297,5
2AYO,8,5.614727973937988,7.626067161560059,13.883767127990723,0.0,0.10329322039545892,-17.706390380859375,2
2AYO,9,20.18123435974121,21.83969497680664,55.050113677978516,0.0,0.009326929815628852,-17.907289505004883,1
2AYO,10,16.350191116333008,19.931018829345703,45.880069732666016,0.0,0.012938819482228366,-16.764616012573242,0
2AYO,11,22.090351104736328,24.9780330657959,61.72650909423828,0.0,0.007400980554039256,-12.832167625427246,0
2AYO,12,14.092547416687012,15.663619041442871,40.60906219482422,0.0,0.017020081636960744,-15.20654582977295,11
2AYO,13,16.589763641357422,18.746753692626953,46.91189193725586,0.0,0.012716005298277879,-19.634918212890625,0
2AYO,14,14.571003913879395,16.00953483581543,42.0977897644043,0.0,0.01595775485489218,-15.460564613342285,2
1Z0K,0,9.23953628540039,9.627257347106934,22.8389835357666,0.0,0.04845348266891439,-15.89513874053955,19
1Z0K,1,9.868959426879883,11.014461517333984,21.225248336791992,0.0,0.05213899132949401,-14.871788024902344,0
1Z0K,2,12.586441993713379,14.553360939025879,26.9044246673584,0.0,0.03375556598380704,-20.411455154418945,5
1Z0K,3,11.689850807189941,13.298810958862305,25.998802185058594,0.0,0.03637630063163992,-17.860342025756836,2
1Z0K,4,10.411652565002441,12.754762649536133,22.230249404907227,0.0,0.04706473229824373,-16.285619735717773,5
1Z0K,5,10.733963012695312,11.911620140075684,23.46223258972168,0.0,0.04387741666567745,-13.40060043334961,0
1Z0K,6,10.189366340637207,10.836487770080566,22.90475845336914,0.0,0.04661557918533434,-15.824785232543945,12
1Z0K,7,12.42773723602295,14.460479736328125,24.564701080322266,0.0,0.03919191741571006,-16.773685455322266,1
1Z0K,8,12.352892875671387,14.524971008300781,24.50472068786621,0.0,0.03931674809057774,-17.917661666870117,3
1Z0K,9,6.489869594573975,7.016337871551514,18.660606384277344,0.0,0.07184646336969369,-20.771753311157227,0
1Z0K,10,9.843321800231934,11.184062957763672,21.140169143676758,0.0,0.052279384530710314,-17.112567901611328,0
1Z0K,11,9.273069381713867,10.194235801696777,19.511537551879883,0.0,0.060233928261603925,-27.58164405822754,1
1Z0K,12,8.407590866088867,8.8928861618042,20.535593032836914,0.0,0.05797687853017892,-19.433168411254883,0
1Z0K,13,11.768421173095703,13.639007568359375,24.929975509643555,0.0,0.03869811766401212,-18.114837646484375,0
1Z0K,14,7.700567722320557,8.190180778503418,16.475414276123047,0.0,0.0808909589248548,-23.459667205810547,0
1B6C,0,12.636890411376953,13.900256156921387,62.13329315185547,0.0,0.009960680162189206,-15.354735374450684,8
1B6C,1,9.38996696472168,9.894535064697266,30.81317138671875,0.0,0.03106041986749683,-16.580215454101562,3
1B6C,2,10.598244667053223,11.11698055267334,30.50551986694336,0.0,0.02997528744988913,-15.783473014831543,7
1B6C,3,4.009027481079102,5.106202602386475,17.858200073242188,0.0,0.08804813322181905,-14.370089530944824,10
1B6C,4,14.115897178649902,15.837850570678711,56.28337860107422,0.0,0.010396371810237375,-16.75492286682129,1
1B6C,5,8.520646095275879,9.046454429626465,42.846309661865234,0.0,0.02154111163529307,-16.784252166748047,8
1B6C,6,8.801939010620117,11.262894630432129,61.977195739746094,0.0,0.011963357331298247,-16.121599197387695,7
1B6C,7,6.398962497711182,6.893569469451904,18.18057632446289,0.0,0.0748612006931663,-15.044656753540039,9
1B6C,8,10.749695777893066,11.749377250671387,60.620567321777344,0.0,0.011772956256700065,-15.167250633239746,22
1B6C,9,11.790871620178223,13.212519645690918,77.74675750732422,0.0,0.00817882395788123,-18.821683883666992,0
1B6C,10,11.145431518554688,12.52982234954834,73.91474914550781,0.0,0.009060277087783,-19.026275634765625,3
1B6C,11,6.134637832641602,6.945645809173584,19.199256896972656,0.0,0.06948173334289409,-14.895735740661621,10
1B6C,12,3.710535764694214,4.767809867858887,12.168822288513184,0.0,0.13932722375854323,-15.823330879211426,3
1B6C,13,6.957292556762695,7.869642734527588,19.418533325195312,0.0,0.06528403866279693,-15.725624084472656,2
1B6C,14,13.515460014343262,12.658166885375977,34.50551986694336,0.0,0.023686129824829278,-16.168638229370117,4
2FJG,0,13.307965278625488,11.21245288848877,29.669845581054688,0.0,0.031143809092729235,-16.54810333251953,4
2FJG,1,19.842697143554688,18.41322135925293,53.98213577270508,0.0,0.010262050818097381,-18.512256622314453,7
2FJG,2,18.85211181640625,20.694517135620117,36.08620834350586,0.0,0.019264083899057673,-15.96716022491455,2
2FJG,3,6.629883766174316,4.580502986907959,18.854206085205078,0.0,0.0885892837310614,-15.828990936279297,8
2FJG,4,13.22419261932373,11.090208053588867,32.702880859375,0.0,0.027082121877384208,-17.239286422729492,3
2FJG,5,16.383384704589844,15.226547241210938,35.869964599609375,0.0,0.020926400971094924,-17.551559448242188,2
2FJG,6,18.180444717407227,17.038955688476562,35.038082122802734,0.0,0.021090257470930254,-22.168657302856445,0
2FJG,7,4.92254638671875,2.9812092781066895,14.606428146362305,0.9,0.4516654729257021,-15.489880561828613,10
2FJG,8,19.6737003326416,18.983154296875,38.299564361572266,0.0,0.017715942518976475,-17.841997146606445,13
2FJG,9,15.322892189025879,16.517127990722656,28.65863800048828,0.0,0.029678512568888264,-17.007448196411133,6
2FJG,10,18.555517196655273,18.872800827026367,35.9669303894043,0.0,0.019724672001032992,-17.889080047607422,1
2FJG,11,14.042530059814453,11.539289474487305,29.36050796508789,0.0,0.03131609612599177,-21.9038028717041,1
2FJG,12,26.57398796081543,23.412267684936523,70.127685546875,0.0,0.006188865969180284,-19.885244369506836,2
2FJG,13,16.981689453125,15.96330451965332,46.41207504272461,0.0,0.013734913209380301,-16.91975212097168,11
2FJG,14,12.798222541809082,9.066487312316895,28.223817825317383,0.0,0.03660001508522261,-18.022029876708984,3
1JTD,0,6.3723015785217285,5.15064001083374,20.371320724487305,0.0,0.07548858466672619,-15.457836151123047,16
1JTD,1,10.276529312133789,9.146547317504883,25.154964447021484,0.0,0.04288981372830649,-17.183149337768555,3
1JTD,2,13.317723274230957,11.609545707702637,29.02618408203125,0.0,0.03180041105656888,-19.004714965820312,9
1JTD,3,16.3687686920166,15.141719818115234,29.451608657836914,0.0,0.028869622903219327,-20.977251052856445,0
1JTD,4,7.18639612197876,6.012912273406982,20.258546829223633,0.0,0.06942587961779445,-15.776247024536133,12
1JTD,5,19.549468994140625,17.25445556640625,33.53949737548828,0.0,0.022617539794118124,-20.817237854003906,0
1JTD,6,11.600659370422363,10.146966934204102,34.9923210144043,0.0,0.025701144256304067,-17.53675651550293,0
1JTD,7,18.525318145751953,14.510810852050781,39.640132904052734,0.0,0.01817709294690789,-14.319361686706543,3
1JTD,8,7.9857683181762695,6.989728927612305,21.63033103942871,0.0,0.05926404743535657,-15.565924644470215,5
1JTD,9,13.497754096984863,11.862918853759766,29.776275634765625,0.0,0.030361728282269785,-17.110599517822266,2
1JTD,10,11.340496063232422,9.770771026611328,28.613994598388672,0.0,0.034704380097926285,-15.299485206604004,3
1JTD,11,10.718326568603516,9.338046073913574,26.00146484375,0.0,0.040567592285953975,-15.982858657836914,5
1JTD,12,9.967010498046875,8.55202865600586,24.934803009033203,0.0,0.04465112864903592,-16.102848052978516,3
1JTD,13,8.600412368774414,7.54502010345459,22.960935592651367,0.0,0.052849183349249214,-15.625214576721191,7
1JTD,14,10.464455604553223,8.991497039794922,25.129348754882812,0.0,0.043247797169911784,-18.21097755432129,11
1HE8,0,5.590005397796631,8.739518165588379,13.75997257232666,0.0,0.10160474529334505,-13.888702392578125,4
1HE8,1,22.20745849609375,24.82125473022461,66.0075912475586,0.0,0.006650252056964823,-16.33492660522461,4
1HE8,2,10.651074409484863,16.274822235107422,25.32753562927246,0.0,0.036550455223540626,-15.852469444274902,5
1HE8,3,32.07074737548828,32.80253982543945,90.5985336303711,0.0,0.0036040614550141015,-16.45503044128418,8
1HE8,4,22.890626907348633,24.39483070373535,66.88880157470703,0.0,0.006552805050406965,-15.70001220703125,4
1HE8,5,26.198503494262695,24.247278213500977,72.58892059326172,0.0,0.00577960191711456,-17.348617553710938,4
1HE8,6,26.144161224365234,24.075542449951172,72.37980651855469,0.0,0.005823461621465883,-20.5692195892334,2
1HE8,7,26.352182388305664,24.17182731628418,72.88421630859375,0.0,0.005751545027002242,-20.50712776184082,1
1HE8,8,26.09491539001465,24.426912307739258,71.18119812011719,0.0,0.005938618935499276,-17.761960983276367,7
1HE8,9,32.913578033447266,29.99764633178711,91.31318664550781,0.0,0.0036949211883177675,-16.20499038696289,1
1HE8,10,25.862491607666016,23.97015380859375,72.30973815917969,0.0,0.0058434485225566345,-17.909639358520508,4
1HE8,11,25.770614624023438,24.19514274597168,71.1717758178711,0.0,0.005963855983762957,-19.72636604309082,3
1HE8,12,26.24420166015625,23.823118209838867,72.1047592163086,0.0,0.005884997519086628,-16.272672653198242,8
1HE8,13,33.218963623046875,34.99265670776367,93.91551208496094,0.0,0.0033196917933725075,-16.704301834106445,5
1HE8,14,30.971820831298828,34.63792419433594,88.7936782836914,0.0,0.003650791184502398,-17.114709854125977,4
3K75,0,19.18595314025879,9.31225872039795,38.782554626464844,0.0,0.02370802226926705,-17.43194007873535,8
3K75,1,20.315750122070312,12.690160751342773,47.30345153808594,0.0,0.015019338100405807,-15.486631393432617,5
3K75,2,8.548344612121582,7.448955059051514,25.880006790161133,0.0,0.04544619243068445,-14.247042655944824,5
3K75,3,14.58618450164795,6.302359104156494,32.55841827392578,0.0,0.0391394033206877,-17.766826629638672,0
3K75,4,13.72720718383789,8.30395221710205,33.165977478027344,0.0,0.031077727358848017,-14.054494857788086,0
3K75,5,27.483049392700195,20.5184383392334,68.95128631591797,0.0,0.00676175822591604,-15.321921348571777,8
3K75,6,17.696239471435547,12.837493896484375,52.189517974853516,0.0,0.013103148617858953,-13.457295417785645,1
3K75,7,15.294198989868164,8.26880931854248,30.271089553833008,0.0,0.03498106229567422,-16.081600189208984,1
3K75,8,22.860368728637695,19.726646423339844,65.58297729492188,0.0,0.00742304927034253,-17.12002944946289,2
3K75,9,7.0277485847473145,6.68417501449585,15.227046966552734,0.0,0.09517392844316065,-13.363356590270996,3
3K75,10,14.785063743591309,8.24197006225586,31.393402099609375,0.166667,0.08900993277425806,-16.116905212402344,0
3K75,11,24.529464721679688,20.302248001098633,68.01739501953125,0.0,0.006935331764880709,-14.11170768737793,2
3K75,12,19.151912689208984,14.397933959960938,53.734432220458984,0.0,0.011716342597590542,-13.166295051574707,0
3K75,13,15.65179443359375,7.0191545486450195,32.773681640625,0.0,0.03556631704086528,-18.887596130371094,0
3K75,14,15.840068817138672,7.738807201385498,32.17987060546875,0.0,0.03380958896861927,-17.2398681640625,1
5O14,0,17.99495506286621,13.714435577392578,36.81444549560547,0.0,0.020810760970486005,-18.280261993408203,0
5O14,1,25.017301559448242,17.065431594848633,61.42446517944336,0.0,0.008818745145487252,-17.63324737548828,11
5O14,2,30.59738540649414,26.223342895507812,80.34359741210938,0.0,0.004776699548224672,-17.418907165527344,2
5O14,3,14.317682266235352,10.109790802001953,31.87540626525879,0.0,0.029309415306173554,-17.318391799926758,1
5O14,4,27.42699432373047,26.70578956604004,70.49365234375,0.0,0.005825210375614929,-14.977950096130371,10
5O14,5,15.25629997253418,11.070243835449219,32.61343765258789,0.0,0.027211840178568994,-17.218181610107422,0
5O14,6,23.490936279296875,15.44815444946289,55.463836669921875,0.0,0.010762559746333696,-17.13283920288086,11
5O14,7,17.047977447509766,13.34150218963623,33.7279052734375,0.0,0.024067503706625,-14.067826271057129,5
5O14,8,22.757823944091797,22.16046142578125,56.983367919921875,0.0,0.008775689230084928,-15.712291717529297,14
5O14,9,13.389551162719727,9.301509857177734,31.59783172607422,0.0,0.030942623405201913,-13.584051132202148,1
5O14,10,25.076574325561523,18.589252471923828,62.252437591552734,0.0,0.0082570763198759,-16.786039352416992,4
5O14,11,17.067371368408203,13.423157691955566,32.673587799072266,0.0,0.025240330358279398,-16.252214431762695,1
5O14,12,22.872148513793945,21.031715393066406,55.910491943359375,0.0,0.00921717337847249,-17.78145408630371,3
5O14,13,21.08397674560547,17.786741256713867,51.84554672241211,0.0,0.011079094037197217,-17.44577980041504,7
5O14,14,18.918352127075195,15.663090705871582,49.66905212402344,0.0,0.012513667126677258,-13.285250663757324,2
1R8S,0,8.9988431930542,8.810805320739746,24.263851165771484,0.0,0.045824600254091824,-13.111360549926758,1
1R8S,1,11.135125160217285,9.258275985717773,23.738811492919922,0.214286,0.1178346293329617,-16.684951782226562,6
1R8S,2,16.507505416870117,15.37442684173584,39.65829849243164,0.0,0.01778308467658058,-14.695893287658691,0
1R8S,3,8.35802173614502,7.730370044708252,22.748559951782227,0.071429,0.07674148082381628,-17.006439208984375,0
1R8S,4,9.65181827545166,9.339107513427734,24.271821975708008,0.071429,0.06860670292666116,-13.22752857208252,3
1R8S,5,10.681354522705078,9.571317672729492,22.503387451171875,0.071429,0.07341996695271291,-13.181497573852539,1
1R8S,6,7.846054553985596,7.152474880218506,17.906259536743164,0.142857,0.12296068644475196,-13.533843040466309,0
1R8S,7,10.148398399353027,9.756105422973633,27.9296932220459,0.0,0.035953993127231354,-16.94911003112793,0
1R8S,8,16.66621971130371,18.07152557373047,49.47404861450195,0.0,0.011837951686846782,-14.761242866516113,1
1R8S,9,16.55100440979004,15.169990539550781,39.185455322265625,0.0,0.018207018610631422,-15.798931121826172,2
1R8S,10,15.728133201599121,14.696313858032227,34.19203567504883,0.0,0.02283770965010946,-14.193658828735352,3
1R8S,11,16.71136474609375,15.665675163269043,38.47785186767578,0.071429,0.04234763680414843,-15.3851318359375,1
1R8S,12,8.273531913757324,7.757699489593506,21.8458251953125,0.142857,0.10346060271897826,-12.245747566223145,1
1R8S,13,14.915853500366211,16.74225616455078,51.858543395996094,0.0,0.011375288800641814,-13.618075370788574,0
1R8S,14,9.211335182189941,9.250311851501465,27.815563201904297,0.0,0.03700915682205629,-14.690434455871582,2
1K74,0,24.316442489624023,24.3242130279541,47.145668029785156,0.0,0.011756793701382435,-17.237503051757812,9
1K74,1,20.74167251586914,21.390914916992188,56.07893371582031,0.0,0.009117114207521248,-12.267224311828613,30
1K74,2,22.878108978271484,24.68626594543457,48.48587417602539,0.0,0.011165103692944753,-15.309395790100098,16
1K74,3,19.705913543701172,17.933862686157227,65.58521270751953,0.0,0.007822155143047516,-18.807811737060547,18
1K74,4,20.2281436920166,19.24559783935547,64.55290222167969,0.0,0.0076935828942236795,-16.626651763916016,16
1K74,5,21.3930606842041,21.372854232788086,69.85911560058594,0.0,0.006496631549759696,-16.447696685791016,11
1K74,6,24.605804443359375,25.753421783447266,66.57843017578125,0.0,0.006472977558195176,-16.753034591674805,17
1K74,7,18.086898803710938,17.375429153442383,67.66275024414062,0.0,0.007644500748842128,-18.682476043701172,10
1K74,8,21.928508758544922,21.317861557006836,45.4643440246582,0.0,0.012900016475782908,-19.00733184814453,6
1K74,9,21.983572006225586,22.598482131958008,66.36226654052734,0.0,0.006842462537487783,-14.743714332580566,7
1K74,10,23.161779403686523,24.21506690979004,68.49273681640625,0.0,0.006329968853796795,-16.089004516601562,13
1K74,11,19.3148250579834,21.837018966674805,46.96006774902344,0.0,0.012139887313502703,-14.983633041381836,11
1K74,12,20.80439567565918,20.427194595336914,65.7503433227539,0.0,0.007267022161514278,-16.157203674316406,19
1K74,13,20.455167770385742,19.12995147705078,65.9424819946289,0.0,0.00748481185913134,-14.732965469360352,16
1K74,14,24.643352508544922,26.094594955444336,65.44129943847656,0.0,0.006628089419127366,-15.102350234985352,9
3V6Z,0,23.367916107177734,11.34530258178711,51.8284912109375,0.0,0.014457454216214432,-17.471235275268555,68
3V6Z,1,7.139559268951416,7.903617858886719,15.548428535461426,0.0,0.0882865136761239,-12.097539901733398,18
3V6Z,2,10.28708553314209,11.166068077087402,23.864952087402344,0.0,0.04343421089325408,-15.777820587158203,44
3V6Z,3,9.267767906188965,6.84891939163208,22.365306854248047,0.0,0.05732714200102219,-13.233572959899902,11
3V6Z,4,12.404219627380371,12.552403450012207,25.692222595214844,0.0,0.03757843022577623,-18.427471160888672,0
3V6Z,5,12.512892723083496,11.441275596618652,25.835336685180664,0.0,0.038190227882336905,-13.909140586853027,2
3V6Z,6,14.233262062072754,13.680145263671875,28.608535766601562,0.0,0.030998658858139887,-15.8345365524292,0
3V6Z,7,11.909811019897461,12.243635177612305,26.73847007751465,0.0,0.03552296138358468,-17.726476669311523,0
3V6Z,8,13.898042678833008,14.412900924682617,27.77577018737793,0.0,0.032115172428985046,-12.965912818908691,3
3V6Z,9,13.088615417480469,11.7230806350708,26.343278884887695,0.0,0.036800815646817864,-14.479158401489258,13
3V6Z,10,10.558097839355469,12.565731048583984,22.291654586791992,0.0,0.04699641440435204,-16.892868041992188,0
3V6Z,11,10.531347274780273,11.278685569763184,23.578950881958008,0.0,0.04412936606232742,-14.35204029083252,2
3V6Z,12,14.018638610839844,13.197958946228027,28.356380462646484,0.0,0.03173273183683504,-14.774100303649902,4
3V6Z,13,7.533304691314697,5.036795139312744,22.251392364501953,0.133333,0.1140462339813968,-14.607254981994629,9
3V6Z,14,16.076065063476562,14.113701820373535,34.50581741333008,0.133333,0.06723724872643085,-17.745359420776367,31
5HYS,0,19.556228637695312,13.40268611907959,30.503528594970703,0.0,0.028141670718215203,-15.91347885131836,27
5HYS,1,29.26057243347168,19.819820404052734,67.98568725585938,0.0,0.007028703735574303,-14.807670593261719,22
5HYS,2,21.713869094848633,17.205331802368164,55.54689407348633,0.0,0.010141312503660958,-16.240949630737305,15
5HYS,3,27.728214263916016,18.047758102416992,46.91877746582031,0.0,0.012879281668030781,-15.172041893005371,7
5HYS,4,18.434505462646484,13.003538131713867,45.61027526855469,0.0,0.01556550545821292,-15.293575286865234,32
5HYS,5,22.10117530822754,15.986013412475586,34.85913848876953,0.0,0.021616018360507278,-14.767386436462402,10
5HYS,6,26.132986068725586,17.50063133239746,38.18540573120117,0.0,0.01816782568554361,-14.977790832519531,17
5HYS,7,21.4488468170166,14.741630554199219,57.46954345703125,0.0,0.010551640319919819,-15.865153312683105,15
5HYS,8,12.746545791625977,10.875082969665527,30.669710159301758,0.0,0.03000022441065715,-17.84740447998047,12
5HYS,9,27.14646339416504,18.03032684326172,43.72926330566406,0.0,0.014426904743622094,-16.83704948425293,6
5HYS,10,21.40878677368164,14.88712215423584,32.57612609863281,0.0,0.024597800610644007,-14.455947875976562,37
5HYS,11,16.725791931152344,16.339609146118164,32.875301361083984,0.0,0.023672590747807032,-15.308014869689941,28
5HYS,12,23.548500061035156,17.696372985839844,57.422672271728516,0.0,0.009525055061697986,-14.69888687133789,26
5HYS,13,28.819128036499023,18.321226119995117,68.08454895019531,0.0,0.007335149526503972,-15.167228698730469,6
5HYS,14,26.342771530151367,19.95416259765625,51.04199981689453,0.0,0.010867628755170068,-16.1001033782959,9
1DE4,0,11.53519344329834,10.985057830810547,28.406129837036133,0.0,0.03349508356951453,-14.281180381774902,21
1DE4,1,9.809844017028809,7.321728706359863,28.177982330322266,0.0,0.04122884324707393,-14.869086265563965,27
1DE4,2,27.173233032226562,20.02535629272461,64.1492691040039,0.0,0.007611230058071127,-15.609354019165039,24
1DE4,3,31.57954978942871,21.479042053222656,71.9883041381836,0.0,0.006201092040012472,-15.134065628051758,25
1DE4,4,37.75446319580078,23.511096954345703,57.62982940673828,0.0,0.008448309848759897,-15.131681442260742,13
1DE4,5,39.00923156738281,22.874975204467773,59.11745834350586,0.0,0.008178643795974567,-14.517799377441406,24
1DE4,6,23.05626106262207,16.70597267150879,70.7996597290039,0.0,0.007402117543326227,-12.01142692565918,43
1DE4,7,4.548384666442871,4.334457874298096,10.696502685546875,0.0,0.16466947321576783,-14.793947219848633,21
1DE4,8,21.981897354125977,26.483112335205078,93.57001495361328,0.0,0.0037941251763213752,-20.199621200561523,0
1DE4,9,38.28083419799805,25.773338317871094,68.9024887084961,0.0,0.00612200251049306,-13.906028747558594,27
1DE4,10,36.71367263793945,22.61979103088379,58.75569152832031,0.0,0.00829257067467104,-15.409347534179688,35
1DE4,11,6.582467555999756,6.372973442077637,14.562446594238281,0.0,0.10220343905366053,-15.493829727172852,20
1DE4,12,37.99522399902344,24.57006072998047,55.91010665893555,0.0,0.008768051563800077,-14.762612342834473,38
1DE4,13,17.660112380981445,14.137838363647461,56.2864990234375,0.0,0.011142675579395626,-12.915438652038574,39
1DE4,14,38.31646728515625,24.484203338623047,57.60236740112305,0.0,0.008350049709420848,-15.2279052734375,18
1CGI,0,8.947711944580078,10.071807861328125,26.29291343688965,0.129032,0.08178422477394635,-19.737102508544922,1
1CGI,1,5.566974639892578,6.998569965362549,13.33835220336914,0.096774,0.1431689532173479,-22.925765991210938,2
1CGI,2,2.61928653717041,2.777731418609619,7.254339218139648,0.16129,0.32187962576420687,-20.62942123413086,4
1CGI,3,4.945435047149658,5.6027727127075195,12.40227222442627,0.16129,0.18258965921397152,-23.351852416992188,2
1CGI,4,4.016785621643066,4.6221232414245605,11.243940353393555,0.064516,0.17448514048349253,-25.380748748779297,1
1CGI,5,8.370424270629883,9.012369155883789,24.00693702697754,0.096774,0.0783751918611071,-18.067102432250977,2
1CGI,6,5.685619831085205,7.074954032897949,13.487654685974121,0.096774,0.14135101817073634,-20.83271026611328,2
1CGI,7,9.813968658447266,10.275954246520996,29.148387908935547,0.0,0.03307860423562777,-17.91741943359375,6
1CGI,8,7.822398662567139,6.804675579071045,23.55729866027832,0.16129,0.10760857366268238,-17.620189666748047,7
1CGI,9,10.198280334472656,10.486283302307129,32.017242431640625,0.0,0.028630503946156433,-19.455596923828125,2
1CGI,10,3.737027406692505,3.9910571575164795,10.215352058410645,0.16129,0.2313903551442833,-21.30800437927246,3
1CGI,11,3.1902949810028076,4.666016101837158,8.94410514831543,0.0,0.18940767493214808,-19.937692642211914,0
1CGI,12,8.338055610656738,8.39049243927002,23.424182891845703,0.0,0.049108553159222336,-13.426366806030273,26
1CGI,13,4.115915775299072,5.548755168914795,12.260876655578613,0.0,0.13090189809577266,-16.721811294555664,2
1CGI,14,4.312931537628174,4.439723968505859,11.838932991027832,0.225806,0.22280106057901836,-22.527482986450195,5
2CFH,0,5.225032806396484,4.6899824142456055,11.90764331817627,0.090909,0.1737528944116197,-17.64336395263672,0
2CFH,1,3.3382935523986816,2.724581718444824,8.64470386505127,0.090909,0.27168912207772083,-19.931068420410156,0
2CFH,2,15.116626739501953,16.02215003967285,30.485759735107422,0.0,0.026940312360957494,-11.589790344238281,2
2CFH,3,3.5740816593170166,2.850705146789551,11.915966987609863,0.454545,0.33620629756231746,-17.94343376159668,0
2CFH,4,15.535196304321289,19.019344329833984,56.94557571411133,0.0,0.009325372647331185,-11.673694610595703,0
2CFH,5,18.93097686767578,18.503854751586914,37.76468276977539,0.0,0.018248638844453786,-13.1475248336792,1
2CFH,6,19.427528381347656,19.886255264282227,47.78241729736328,0.0,0.012110472259375624,-17.770235061645508,0
2CFH,7,16.501888275146484,14.792826652526855,24.766822814941406,0.0,0.038517522734693894,-16.74241065979004,0
2CFH,8,3.925023317337036,3.373971462249756,10.049433708190918,0.363636,0.31523907836449133,-19.96072769165039,0
2CFH,9,5.8430070877075195,4.750636100769043,15.364734649658203,0.272727,0.19923854123865128,-17.40664291381836,0
2CFH,10,13.453386306762695,14.030425071716309,26.5904483795166,0.0,0.03467062320834246,-13.236285209655762,0
2CFH,11,5.314411640167236,4.648616790771484,11.10494613647461,0.0,0.15457825916453793,-16.476003646850586,0
2CFH,12,12.600744247436523,12.206621170043945,21.573740005493164,0.0,0.049750138666899875,-12.577115058898926,3
2CFH,13,13.654780387878418,13.03650188446045,22.36870002746582,0.0,0.04641436013782057,-12.649595260620117,3
2CFH,14,14.894847869873047,13.911805152893066,24.831764221191406,0.0,0.03879148060047722,-12.413179397583008,2
1DFJ,0,9.538185119628906,12.885048866271973,50.37427520751953,1.0,0.347018312705984,-17.012502670288086,3
1DFJ,1,9.9287109375,13.71129035949707,53.03282165527344,0.0,0.012290748719499854,-17.554054260253906,2
1DFJ,2,11.284008979797363,15.839189529418945,64.44491577148438,0.0,0.00866256676006437,-15.804405212402344,0
1DFJ,3,9.780452728271484,13.516672134399414,52.999176025390625,0.0,0.012414034732477632,-16.627351760864258,1
1DFJ,4,9.498857498168945,12.583837509155273,46.7441520690918,0.0,0.015339151599439152,-15.368885040283203,6
1DFJ,5,7.5706892013549805,10.684057235717773,42.58346939086914,0.0,0.01921557603674601,-20.158218383789062,0
1DFJ,6,6.647993564605713,7.839547634124756,31.243745803833008,0.666666,0.25696540589174227,-15.34907341003418,1
1DFJ,7,6.94635534286499,9.762359619140625,38.96183776855469,0.0,0.022832209208879618,-16.324298858642578,2
1DFJ,8,10.78742504119873,14.290766716003418,55.08552551269531,0.0,0.011384532969847589,-16.774879455566406,4
1DFJ,9,9.595459938049316,13.56750202178955,53.55674362182617,0.0,0.01221518791758454,-21.900224685668945,1
1DFJ,10,8.759201049804688,11.70311450958252,49.49579620361328,0.0,0.014936414234830086,-17.61322021484375,6
1DFJ,11,11.016188621520996,15.66689395904541,62.0380744934082,0.0,0.00917002052731146,-20.40746307373047,0
1DFJ,12,8.79361629486084,11.785910606384277,51.83017349243164,0.0,0.014043427232126702,-16.60393524169922,5
1DFJ,13,7.182068824768066,8.446721076965332,29.362646102905273,0.0,0.035964321276953766,-15.433638572692871,2
1DFJ,14,11.174066543579102,13.370707511901855,48.700923919677734,0.0,0.013996998864787821,-19.68019676208496,0
6DBG,0,7.0803751945495605,7.289768218994141,34.965457916259766,0.0,0.03213973766987031,-18.484989166259766,0
6DBG,1,9.737040519714355,9.581931114196777,46.35393142700195,0.0,0.018817117005138162,-16.489439010620117,0
6DBG,2,4.774852752685547,4.930717468261719,25.585163116455078,0.0,0.06136966877296867,-19.010494232177734,0
6DBG,3,3.1326839923858643,3.569298028945923,10.348526000976562,0.0,0.18432092578022574,-18.287498474121094,0
6DBG,4,10.832860946655273,9.02476978302002,47.11103439331055,0.0,0.019469891500784303,-18.406410217285156,0
6DBG,5,10.442543029785156,9.800268173217773,46.494911193847656,0.0,0.018410308100431965,-18.143552780151367,0
6DBG,6,5.407327175140381,5.907107353210449,28.884889602661133,0.0,0.0467565700377226,-16.76942253112793,0
6DBG,7,5.358863353729248,5.667525291442871,27.15435218811035,0.0,0.051567696031776494,-17.54332160949707,0
6DBG,8,9.975589752197266,9.456866264343262,48.94636535644531,0.0,0.01793867321470555,-17.493995666503906,0
6DBG,9,3.763479471206665,2.6441493034362793,15.478815078735352,0.0,0.15838428788263467,-17.66409683227539,0
6DBG,10,4.297309398651123,4.628882884979248,19.34357452392578,0.0,0.08562413748770431,-16.87556266784668,0
6DBG,11,7.2070488929748535,5.9595627784729,26.20351791381836,0.0,0.05159452888780286,-15.704237937927246,0
6DBG,12,6.657895565032959,7.051403999328613,31.568567276000977,0.0,0.03696330817376434,-16.499387741088867,0
6DBG,13,8.094375610351562,7.832225322723389,39.40970230102539,0.0,0.02661070795790636,-17.534381866455078,0
6DBG,14,6.350650310516357,6.978736877441406,31.8433895111084,0.0,0.03689056239652997,-17.13526153564453,0
4HX3,0,14.226439476013184,15.654659271240234,41.0538444519043,0.0,0.016734394608379586,-17.224491119384766,0
4HX3,1,20.477581024169922,18.636459350585938,63.62687683105469,0.0,0.007990083978255118,-21.314228057861328,0
4HX3,2,22.0294189453125,19.838788986206055,58.613304138183594,0.0,0.008760476168038893,-17.275976181030273,3
4HX3,3,21.01412582397461,18.390214920043945,61.843753814697266,0.0,0.008383092894765937,-20.21748924255371,1
4HX3,4,22.082063674926758,20.377134323120117,68.05388641357422,0.0,0.006916715371797495,-17.229591369628906,0
4HX3,5,19.705490112304688,19.295791625976562,53.86153793334961,0.0,0.010102080472926224,-17.45425033569336,0
4HX3,6,22.590158462524414,20.21770477294922,67.39407348632812,0.0,0.0070441753137976655,-19.69548988342285,0
4HX3,7,22.037967681884766,20.51656150817871,68.51973724365234,0.0,0.006824176077657298,-19.212360382080078,0
4HX3,8,16.203371047973633,17.07857894897461,48.815799713134766,0.0,0.01236063010628819,-18.9514217376709,0
4HX3,9,21.920608520507812,18.97075843811035,64.91162109375,0.0,0.007690397400965772,-19.681428909301758,0
4HX3,10,21.986955642700195,19.329055786132812,64.76078033447266,0.0,0.007640548315849589,-17.799415588378906,0
4HX3,11,22.449657440185547,19.617963790893555,66.73634338378906,0.0,0.007258531251789597,-17.758710861206055,0
4HX3,12,21.571834564208984,21.313566207885742,59.43899154663086,0.0,0.008322954907652115,-19.811717987060547,0
4HX3,13,22.42737579345703,18.65892219543457,64.78165435791016,0.0,0.007781939509166412,-17.876569747924805,0
4HX3,14,22.480745315551758,20.936872482299805,58.60943603515625,0.0,0.008568813323122926,-18.289419174194336,1
1ZHI,0,17.951637268066406,20.009113311767578,46.580589294433594,0.0,0.01260471447317798,-17.099164962768555,4
1ZHI,1,19.537260055541992,18.58907127380371,44.98527145385742,0.0,0.013646942631574286,-16.017147064208984,11
1ZHI,2,25.03200912475586,25.43697166442871,64.53350830078125,0.0,0.006839398439795054,-15.474355697631836,19
1ZHI,3,15.104974746704102,16.302480697631836,36.963905334472656,0.0,0.01953933158423726,-16.485877990722656,3
1ZHI,4,16.431440353393555,16.86810874938965,38.66435623168945,0.0,0.017982498159224286,-14.887242317199707,6
1ZHI,5,15.820939064025879,16.728673934936523,37.491111755371094,0.0,0.01895502396094867,-15.804170608520508,3
1ZHI,6,22.224275588989258,22.952993392944336,47.41374969482422,0.0,0.011796872317958016,-16.344541549682617,7
1ZHI,7,18.02700424194336,12.049221992492676,34.023773193359375,0.0,0.02466909153752381,-17.83846092224121,3
1ZHI,8,24.914337158203125,25.692209243774414,65.17378234863281,0.0,0.006707360587755037,-13.19714641571045,2
1ZHI,9,16.832475662231445,16.877161026000977,39.527992248535156,0.0,0.01734489527166125,-12.326339721679688,17
1ZHI,10,19.400245666503906,16.691076278686523,43.77378845214844,0.0,0.014782489413669471,-16.118804931640625,12
1ZHI,11,16.420246124267578,17.878398895263672,39.33580017089844,0.0,0.01720034744679346,-16.534475326538086,1
1ZHI,12,14.827545166015625,17.738588333129883,41.15975570678711,0.0,0.016000943695884434,-16.52341651916504,0
1ZHI,13,15.189092636108398,16.18027687072754,38.02421951293945,0.0,0.01870457615618207,-16.076377868652344,5
1ZHI,14,24.856739044189453,26.14359474182129,64.20179748535156,0.0,0.006835877820643832,-15.026244163513184,3
1GRN,0,6.550998687744141,6.203814506530762,23.374435424804688,0.0,0.05734174058848223,-15.839451789855957,0
1GRN,1,9.719378471374512,8.532687187194824,24.28717613220215,0.2,0.11303233888750623,-15.834854125976562,1
1GRN,2,9.626192092895508,8.266131401062012,25.017343521118164,0.0,0.04512393785357759,-17.45230484008789,0
1GRN,3,9.479265213012695,8.38125991821289,25.097736358642578,0.2,0.11131172485570147,-16.50091552734375,0
1GRN,4,17.13147735595703,13.473004341125488,31.48406219482422,0.0,0.026726582344359193,-13.334589958190918,0
1GRN,5,16.263437271118164,13.05778980255127,38.54691696166992,0.0,0.019798099335045057,-15.94886302947998,5
1GRN,6,11.34035873413086,11.71475601196289,47.85365676879883,0.0,0.015572103856011403,-18.628828048706055,0
1GRN,7,13.480213165283203,13.10050106048584,52.15473175048828,0.0,0.012938194988308805,-15.647390365600586,0
1GRN,8,7.709591388702393,7.171994209289551,26.446176528930664,0.0,0.045179899095533445,-15.857525825500488,0
1GRN,9,16.749828338623047,15.065751075744629,49.617958068847656,0.0,0.012775226640834164,-15.116872787475586,3
1GRN,10,9.10696792602539,8.259676933288574,21.972599029541016,0.0,0.05403235181055746,-14.293045043945312,1
1GRN,11,13.40326976776123,10.904789924621582,28.733610153198242,0.0,0.03301266398085136,-13.169193267822266,2
1GRN,12,66.43779754638672,76.64862060546875,175.77320861816406,0.0,0.0009052831295794792,0.0,0
1GRN,13,15.59386920928955,12.564369201660156,32.32681655883789,0.0,0.026239639422716277,-15.041055679321289,3
1GRN,14,12.395140647888184,10.491037368774414,30.733489990234375,0.0,0.03036331278642322,-15.133091926574707,0
1H1V,0,26.52390480041504,19.913257598876953,69.61752319335938,0.0,0.006776830659699092,-11.789087295532227,15
1H1V,1,21.59139060974121,20.549177169799805,75.3299331665039,0.0,0.005957409124369279,-11.205235481262207,21
1H1V,2,22.928892135620117,16.648889541625977,55.819366455078125,0.0,0.010238230424630965,-10.648715019226074,24
1H1V,3,10.696701049804688,11.784686088562012,20.41452407836914,0.0,0.05456418255578388,-14.29429817199707,12
1H1V,4,16.797636032104492,14.889110565185547,26.651376724243164,0.0,0.034124795258435495,-14.87514877319336,22
1H1V,5,26.9898681640625,25.21653938293457,80.14899444580078,0.0,0.004882666579579874,-14.866129875183105,1
1H1V,6,28.532855987548828,25.93560791015625,75.20091247558594,0.0,0.005316179279414107,-10.027204513549805,49
1H1V,7,16.69520378112793,15.88741683959961,35.9226188659668,0.0,0.02061855028266159,-10.067269325256348,37
1H1V,8,11.97790813446045,12.230473518371582,19.35492706298828,0.0,0.05883378620495444,-10.704254150390625,25
1H1V,9,23.825794219970703,23.47429847717285,73.42877960205078,0.0,0.005763130350038476,-9.417203903198242,18
1H1V,10,28.49837303161621,24.449111938476562,77.28504180908203,0.0,0.005233839863936656,-10.09089469909668,28
1H1V,11,24.671409606933594,17.89275550842285,47.43915557861328,0.0,0.01269487298479399,-12.6560640335083,1
1H1V,12,22.454002380371094,16.625789642333984,65.3937759399414,0.0,0.008229571539228677,-10.78206729888916,26
1H1V,13,18.997713088989258,16.38162612915039,34.80940246582031,0.0,0.021528840925885726,-10.744318008422852,25
1H1V,14,20.558860778808594,18.081966400146484,74.2506103515625,0.0,0.006590032729626091,-11.55782699584961,19
2VXT,0,12.217974662780762,11.102906227111816,24.111886978149414,0.0,0.04282026756363133,-18.948854446411133,3
2VXT,1,4.9166154861450195,3.3870553970336914,13.388300895690918,0.0,0.15041625584828147,-18.089893341064453,2
2VXT,2,22.426450729370117,17.114513397216797,57.673095703125,0.0,0.009627617486589947,-17.84992027282715,1
2VXT,3,7.885163307189941,6.9370436668396,18.620208740234375,0.0,0.07237236625184602,-20.469511032104492,5
2VXT,4,17.269916534423828,14.184798240661621,50.41521072387695,0.0,0.012899665562854138,-19.343793869018555,0
2VXT,5,6.2903618812561035,7.093614101409912,16.843122482299805,0.0,0.0819279344391939,-22.01495361328125,1
2VXT,6,2.9081854820251465,3.0766475200653076,6.435825824737549,0.0,0.2758872254324842,-18.36378288269043,3
2VXT,7,6.992213726043701,7.67543363571167,21.146007537841797,0.0,0.0586297386680798,-21.51075553894043,2
2VXT,8,8.050647735595703,7.3193678855896,18.788801193237305,0.0,0.07006610315226518,-19.345251083374023,1
2VXT,9,3.1576602458953857,4.735462665557861,8.03801155090332,0.0,0.20636667565171965,-19.199495315551758,4
2VXT,10,23.002099990844727,17.60944366455078,59.49195861816406,0.0,0.009069643128175991,-19.414230346679688,6
2VXT,11,23.654003143310547,18.465618133544922,59.95964050292969,0.0,0.008751982950253876,-18.825254440307617,7
2VXT,12,22.59284210205078,16.906631469726562,57.30967712402344,0.0,0.009778219773165715,-17.17295265197754,16
2VXT,13,18.48700714111328,15.17386245727539,47.70487976074219,0.0,0.01348279255418855,-16.708099365234375,5
2VXT,14,4.304934501647949,4.911829471588135,10.360372543334961,0.0,0.1625386187974474,-20.300121307373047,2
6A77,0,9.342100143432617,10.389128684997559,23.14365577697754,0.0,0.04642543932451118,-15.98160171508789,3
6A77,1,9.002734184265137,10.84141731262207,21.76761245727539,0.0,0.05036344040849682,-20.113107681274414,1
6A77,2,9.221550941467285,12.194738388061523,22.93007469177246,0.0,0.045238701136403,-16.70162582397461,0
6A77,3,7.677184104919434,10.174921989440918,19.477672576904297,0.0,0.060415645899067116,-17.43368148803711,2
6A77,4,6.585218906402588,8.454798698425293,16.112672805786133,0.0,0.08274071474051085,-17.744077682495117,0
6A77,5,16.36615753173828,13.960805892944336,43.985877990722656,0.0,0.015803754068729838,-14.165504455566406,25
6A77,6,10.67823314666748,14.090764999389648,32.57526779174805,0.0,0.024983852342369214,-15.015593528747559,1
6A77,7,9.40225601196289,11.3092679977417,22.811431884765625,0.0,0.04640193540654559,-17.394813537597656,1
6A77,8,11.3052339553833,11.788190841674805,32.595458984375,0.0,0.026535329295968847,-15.830544471740723,0
6A77,9,10.094383239746094,10.210522651672363,25.117626190185547,0.0,0.041292808455806,-13.64934253692627,23
6A77,10,11.333760261535645,14.448243141174316,33.58970260620117,0.0,0.023615256076099628,-16.402435302734375,1
6A77,11,6.785264492034912,9.112552642822266,17.49049949645996,0.0,0.0724779606104822,-16.208730697631836,4
6A77,12,9.90811538696289,12.285958290100098,23.891931533813477,0.0,0.04234603532008938,-17.094926834106445,2
6A77,13,28.053524017333984,30.573122024536133,77.65721893310547,0.0,0.00474667158725047,-14.741756439208984,4
6A77,14,7.803564548492432,10.262713432312012,19.32836151123047,0.0,0.06099041306050446,-14.644214630126953,4
1K5D,0,8.200061798095703,6.368249416351318,26.328901290893555,0.0625,0.06981733435048545,-13.036446571350098,2
1K5D,1,7.741619110107422,5.749792575836182,26.10304069519043,0.0625,0.07403062583411767,-13.164998054504395,1
1K5D,2,27.46440887451172,14.952231407165527,44.19153594970703,0.0,0.015213411788247073,-13.342265129089355,1
1K5D,3,12.002161979675293,9.10428237915039,41.17343521118164,0.0,0.022434866411737992,-12.10587215423584,0
1K5D,4,27.9143123626709,14.6972017288208,42.9547119140625,0.0,0.015996995824789844,-13.533669471740723,1
1K5D,5,29.117202758789062,14.716479301452637,54.09415054321289,0.0625,0.03229272225418901,-17.769149780273438,0
1K5D,6,17.513614654541016,15.710326194763184,60.658016204833984,0.0,0.009430676351971451,-14.497273445129395,7
1K5D,7,6.281724452972412,5.298906326293945,21.12338638305664,0.0625,0.09201541845508447,-14.910103797912598,0
1K5D,8,27.955209732055664,15.051824569702148,43.95478439331055,0.0,0.015293859753737234,-14.368130683898926,0
1K5D,9,29.144094467163086,17.37038230895996,54.73533248901367,0.0,0.010316585368536598,-14.162862777709961,2
1K5D,10,9.40632438659668,6.885894298553467,32.524749755859375,0.0,0.0364116358137581,-13.03020191192627,1
1K5D,11,28.146867752075195,15.28219223022461,46.3702278137207,0.0,0.014017122523750881,-14.62980842590332,0
1K5D,12,29.36996078491211,14.669276237487793,47.455562591552734,0.125,0.05547756090087432,-15.823716163635254,0
1K5D,13,28.305252075195312,14.885526657104492,44.97309875488281,0.0,0.014847333209687766,-14.014278411865234,5
1K5D,14,29.23061752319336,15.747537612915039,59.38752746582031,0.0,0.009688618207684971,-15.285682678222656,12
1I2M,0,12.447986602783203,13.457950592041016,53.684974670410156,0.0,0.012242056765205844,-18.060457229614258,3
1I2M,1,12.080717086791992,13.400457382202148,46.62377166748047,0.0,0.014847549391866688,-18.700902938842773,0
1I2M,2,9.778608322143555,10.580903053283691,48.112918853759766,0.0,0.01665604656531196,-18.5914363861084,3
1I2M,3,12.365714073181152,14.796591758728027,52.64025115966797,0.0,0.011861128959056097,-17.08614158630371,0
1I2M,4,10.564406394958496,11.886865615844727,45.0214729309082,0.666667,0.23891979928841445,-21.169342041015625,1
1I2M,5,14.200764656066895,15.958418846130371,43.773799896240234,0.0,0.015031126613925345,-17.698881149291992,3
1I2M,6,13.373394966125488,15.540584564208984,55.56535720825195,0.0,0.010698689265639204,-17.845685958862305,0
1I2M,7,14.990074157714844,19.370695114135742,65.42145538330078,0.0,0.007520471185255363,-16.077125549316406,1
1I2M,8,11.429112434387207,15.75229263305664,54.186519622802734,0.0,0.011000676251567983,-14.253172874450684,5
1I2M,9,11.203451156616211,13.259577751159668,47.57896041870117,0.0,0.014521525041276628,-18.968303680419922,0
1I2M,10,10.122801780700684,11.727640151977539,44.87582778930664,0.111111,0.05394700938995436,-19.210512161254883,1
1I2M,11,12.921575546264648,14.204353332519531,46.898685455322266,0.0,0.014277511811658651,-20.364017486572266,0
1I2M,12,10.58879566192627,11.664080619812012,44.6724853515625,0.666667,0.23929167928308648,-21.000818252563477,1
1I2M,13,9.107399940490723,10.675793647766113,45.114078521728516,0.0,0.01788041413732808,-19.23966407775879,0
1I2M,14,10.093575477600098,12.083381652832031,46.05272674560547,0.0,0.016040138276791148,-19.525754928588867,0
1ZHH,0,20.41299057006836,20.9687442779541,42.340606689453125,0.0,0.014610544610435887,-17.780750274658203,0
1ZHH,1,21.429187774658203,20.61419105529785,40.60614013671875,0.0,0.015748557971646805,-17.615724563598633,1
1ZHH,2,28.01062774658203,28.916410446166992,71.54766845703125,0.0,0.005533706779114036,-19.101404190063477,4
1ZHH,3,14.436628341674805,15.918456077575684,31.303056716918945,0.0,0.02582377424634855,-15.600924491882324,0
1ZHH,4,20.952255249023438,19.649185180664062,44.629337310791016,0.0,0.013599419723582867,-16.061260223388672,0
1ZHH,5,20.414236068725586,22.3891658782959,63.428863525390625,0.0,0.007369979683816076,-16.724790573120117,3
1ZHH,6,20.726966857910156,21.027414321899414,43.60600280761719,0.0,0.013889578208371512,-18.02199935913086,0
1ZHH,7,22.08901596069336,25.465831756591797,64.26026916503906,0.0,0.006884400587483357,-15.927691459655762,0
1ZHH,8,15.635663986206055,15.711004257202148,35.69732666015625,0.0,0.020896236793725792,-18.05936050415039,0
1ZHH,9,19.90550994873047,21.069578170776367,38.8822021484375,0.0,0.016884345320024922,-19.009071350097656,0
1ZHH,10,15.999011039733887,16.183910369873047,36.32722091674805,0.0,0.020141369265470475,-18.637773513793945,0
1ZHH,11,19.17534065246582,22.428462982177734,58.43545150756836,0.0,0.008391008613390658,-11.903104782104492,1
1ZHH,12,21.59075164794922,23.61384391784668,45.2655143737793,0.0,0.012693158377955469,-16.69449806213379,0
1ZHH,13,14.061591148376465,14.167749404907227,28.70115089416504,0.0,0.030573572460236,-16.06520652770996,2
1ZHH,14,20.894804000854492,21.407066345214844,41.135658264160156,0.0,0.015278267418124714,-20.287240982055664,0
3DAW,0,19.668542861938477,18.54001235961914,53.66177749633789,0.0,0.010326505473482595,-14.566383361816406,1
3DAW,1,24.56198501586914,21.592809677124023,69.69903564453125,0.0,0.006485709521193508,-17.0285587310791,0
3DAW,2,25.14308738708496,21.190204620361328,69.5848617553711,0.0,0.006562619697723326,-16.5835018157959,0
3DAW,3,17.81907844543457,16.755069732666016,51.85874938964844,0.0,0.011371195254717976,-12.587481498718262,1
3DAW,4,24.30918312072754,19.419612884521484,68.3041000366211,0.0,0.007060293216413961,-15.88028621673584,0
3DAW,5,24.263967514038086,20.88690185546875,67.13822174072266,0.0,0.0069689367670574915,-16.96161460876465,0
3DAW,6,27.557884216308594,22.82720375061035,77.45759582519531,0.0,0.005399466424360867,-18.237762451171875,0
3DAW,7,19.75905418395996,19.733156204223633,54.008453369140625,0.0,0.009971869380846892,-13.748616218566895,0
3DAW,8,26.362489700317383,24.6120662689209,80.02224731445312,0.0,0.004952513361621288,-15.387580871582031,4
3DAW,9,10.39042854309082,9.096765518188477,32.96721267700195,0.0,0.029601256623874247,-13.379071235656738,0
3DAW,10,19.80904197692871,19.455846786499023,54.69352340698242,0.0,0.009830682553544483,-14.328962326049805,0
3DAW,11,24.05780601501465,20.996591567993164,67.08363342285156,0.0,0.0069596303102476,-15.130646705627441,0
3DAW,12,25.96457290649414,20.61666488647461,70.51173400878906,0.0,0.00652972334511763,-14.821114540100098,0
3DAW,13,19.701601028442383,17.153766632080078,55.413387298583984,0.0,0.010192286538792249,-14.092763900756836,0
3DAW,14,19.203453063964844,16.931793212890625,61.58744430541992,0.0,0.008826443597424528,-14.604207038879395,4
2X9A,0,15.523040771484375,14.942925453186035,44.54583740234375,0.0,0.015035708167720721,-16.1346492767334,1
2X9A,1,13.005678176879883,13.112170219421387,49.731327056884766,0.0,0.013767223224863297,-12.573904991149902,0
2X9A,2,12.425966262817383,10.55844783782959,26.112709045410156,0.0,0.038530044936448085,-17.040109634399414,0
2X9A,3,12.809122085571289,11.983450889587402,34.7088623046875,0.0,0.024002128786948473,-16.923015594482422,13
2X9A,4,8.838134765625,9.516033172607422,22.62673568725586,0.0,0.04930458489669381,-13.774959564208984,0
2X9A,5,12.494237899780273,10.130342483520508,34.4937858581543,0.0,0.026233837710942603,-14.105464935302734,14
2X9A,6,12.341268539428711,13.67426586151123,46.94106674194336,0.0,0.014546074974936256,-14.919672966003418,0
2X9A,7,9.289535522460938,8.326353073120117,17.9899959564209,0.0,0.071311460566061,-15.866188049316406,0
2X9A,8,11.84571647644043,8.543233871459961,27.174402236938477,0.0,0.039675426062022345,-17.960477828979492,1
2X9A,9,11.37871265411377,11.791816711425781,40.04584884643555,0.0,0.019678186998444716,-13.225884437561035,0
2X9A,10,13.243892669677734,14.316558837890625,49.792423248291016,0.0,0.013058210212923652,-14.882984161376953,0
2X9A,11,15.219422340393066,16.2091121673584,51.32267761230469,0.0,0.011729442011539462,-16.28852081298828,0
2X9A,12,6.387030124664307,6.792922496795654,12.66353702545166,0.0,0.11903079814474889,-17.374643325805664,0
2X9A,13,13.059383392333984,13.576045036315918,50.98800277709961,0.0,0.01303331035737755,-15.106465339660645,0
2X9A,14,8.853853225708008,8.955378532409668,26.93741226196289,0.0,0.03928092882889186,-17.358633041381836,0
1XU1,0,6.9654693603515625,8.38744068145752,27.040393829345703,0.0,0.040306235817143106,-12.389084815979004,5
1XU1,1,7.383980751037598,11.341985702514648,28.832828521728516,0.0,0.03238315387670396,-13.827117919921875,1
1XU1,2,5.394808292388916,9.404572486877441,19.776334762573242,0.5,0.22691221593653943,-13.120899200439453,5
1XU1,3,9.613384246826172,13.88301944732666,36.07244873046875,0.0,0.02138102895999787,-18.544904708862305,1
1XU1,4,6.201498508453369,9.826590538024902,24.08414649963379,0.0,0.04451104014634404,-14.648946762084961,0
1XU1,5,6.63974142074585,10.391314506530762,25.470102310180664,0.0,0.04020777954283435,-16.20870590209961,3
1XU1,6,5.746591091156006,10.188071250915527,21.09397315979004,0.833333,0.3314143389231512,-14.99834156036377,3
1XU1,7,7.505791664123535,10.124491691589355,26.51824951171875,0.166667,0.09377173918899671,-13.835628509521484,27
1XU1,8,9.382588386535645,12.17922592163086,34.93730926513672,0.0,0.02360849499789613,-13.464398384094238,21
1XU1,9,6.7498250007629395,11.271265983581543,25.599027633666992,0.333333,0.15001334662873692,-15.351320266723633,3
1XU1,10,7.686946392059326,11.240777015686035,28.613489151000977,0.0,0.03286191561166799,-12.619836807250977,19
1XU1,11,7.126331329345703,11.96835994720459,26.98274803161621,0.0,0.035247114389463534,-13.354215621948242,6
1XU1,12,9.807477951049805,11.834174156188965,36.512638092041016,0.0,0.022406647754970033,-15.518560409545898,7
1XU1,13,9.439432144165039,11.570394515991211,35.94757080078125,0.0,0.023159900547139747,-16.025732040405273,5
1XU1,14,4.2110419273376465,7.787333965301514,14.480813980102539,0.333333,0.20845495886286888,-14.170256614685059,0
4LW4,0,24.618471145629883,25.605688095092773,75.19793701171875,0.0,0.0053452302791348215,-15.44857406616211,6
4LW4,1,10.466334342956543,13.062505722045898,30.008432388305664,0.0,0.02909612846090277,-18.34477424621582,8
4LW4,2,8.671977043151855,8.821353912353516,30.057266235351562,0.0,0.034050644017531044,-16.849794387817383,2
4LW4,3,26.21478843688965,25.579336166381836,77.02214050292969,0.0,0.005153104458751841,-19.612794876098633,3
4LW4,4,7.769045829772949,7.691878318786621,25.513830184936523,0.0,0.04551281655428171,-17.61969757080078,10
4LW4,5,25.43218231201172,24.80810546875,75.8604507446289,0.0,0.0053472147963257695,-16.05946159362793,10
4LW4,6,26.300416946411133,26.6007080078125,77.47161102294922,0.0,0.00502148648367226,-19.361894607543945,3
4LW4,7,10.226945877075195,13.371274948120117,29.194557189941406,0.0,0.03019079192984984,-17.66480255126953,2
4LW4,8,25.79743766784668,26.052810668945312,75.68177032470703,0.0,0.005253636205619534,-18.9085636138916,7
4LW4,9,25.896650314331055,24.39963150024414,76.40850067138672,0.0,0.0053297000314238485,-16.738727569580078,5
4LW4,10,18.633975982666016,15.936430931091309,58.3592414855957,0.0,0.00985154989430753,-15.890501976013184,0
4LW4,11,11.198567390441895,12.944082260131836,33.03929138183594,0.0,0.02510988864613083,-20.968175888061523,4
4LW4,12,15.426743507385254,12.700431823730469,50.734153747558594,0.0,0.013686812402979344,-14.311227798461914,3
4LW4,13,9.406689643859863,10.688843727111816,27.686138153076172,0.0,0.03515029357713207,-16.774633407592773,7
4LW4,14,8.591814041137695,9.176252365112305,26.071102142333984,0.125,0.0823695775686548,-16.971723556518555,11
3EO1,0,32.30363845825195,29.116239547729492,100.04989624023438,0.0,0.003271038044579004,-14.093766212463379,0
3EO1,1,12.989869117736816,10.27978801727295,38.61840057373047,0.0,0.022351517999960335,-16.737089157104492,18
3EO1,2,23.084991455078125,16.290851593017578,51.43571472167969,0.0,0.011663316513124718,-16.051551818847656,17
3EO1,3,16.291730880737305,14.212047576904297,39.06686019897461,0.0,0.01873878368288305,-16.776626586914062,34
3EO1,4,20.102005004882812,18.812786102294922,42.839263916015625,0.0,0.01473164546849585,-15.285123825073242,36
3EO1,5,17.420976638793945,19.685400009155273,39.928993225097656,0.0,0.016375035659035884,-19.008962631225586,0
3EO1,6,22.064579010009766,20.715932846069336,48.80887222290039,0.0,0.011550212449719521,-15.348830223083496,5
3EO1,7,24.76360321044922,10.701549530029297,53.826019287109375,0.315789,0.11979596680185799,-14.164933204650879,54
3EO1,8,21.74546241760254,15.693282127380371,49.92985153198242,0.0,0.012406090280759114,-15.52148151397705,2
3EO1,9,16.637601852416992,17.792390823364258,38.05116653442383,0.0,0.01819525643346601,-17.842464447021484,0
3EO1,10,23.2635555267334,17.57939338684082,51.325843811035156,0.0,0.011307394980693873,-13.246626853942871,87
3EO1,11,16.14775276184082,15.851862907409668,38.855262756347656,0.0,0.018181736161183154,-16.779083251953125,1
3EO1,12,16.680940628051758,17.781152725219727,40.21225357055664,0.0,0.016611990434489975,-15.392679214477539,0
3EO1,13,14.144476890563965,9.21419620513916,43.73644256591797,0.157895,0.0733692682942982,-15.898184776306152,15
3EO1,14,29.410564422607422,27.5242862701416,70.82086181640625,0.0,0.005720558900629222,-11.53432846069336,46
1AK4,0,17.911998748779297,14.92509651184082,35.56742858886719,0.0,0.02134223882884327,-14.998664855957031,72
1AK4,1,11.76831340789795,6.514786720275879,31.624757766723633,0.615385,0.24436762632487552,-14.804499626159668,18
1AK4,2,15.994126319885254,6.948657035827637,35.87934875488281,0.384615,0.16076037560104464,-16.810897827148438,4
1AK4,3,14.383906364440918,7.101777076721191,34.269893646240234,0.0,0.033553529929818755,-15.337667465209961,1
1AK4,4,13.087230682373047,8.220521926879883,29.65123176574707,0.0,0.036053195103672574,-13.77224349975586,11
1AK4,5,11.234343528747559,8.147822380065918,26.373090744018555,0.076923,0.06793513682714807,-14.078930854797363,26
1AK4,6,6.702136516571045,5.495288372039795,25.303281784057617,0.0,0.05691464860124563,-16.198314666748047,7
1AK4,7,18.770654678344727,10.356520652770996,37.198856353759766,0.0,0.023389539807244286,-16.832456588745117,3
1AK4,8,13.900096893310547,6.48146915435791,34.78895950317383,0.307692,0.13828764635067464,-14.065431594848633,9
1AK4,9,11.502104759216309,11.064787864685059,27.35064125061035,0.0,0.035374328433783964,-14.074667930603027,14
1AK4,10,16.53944969177246,7.793093681335449,34.378395080566406,0.0,0.031111416153312133,-15.262920379638672,19
1AK4,11,17.628036499023438,9.81352710723877,36.9506950378418,0.0,0.024362352487228695,-16.781835556030273,0
1AK4,12,14.684282302856445,9.237446784973145,33.46285629272461,0.0,0.028767480197631545,-12.578927040100098,8
1AK4,13,10.962063789367676,7.061112403869629,27.4998836517334,0.076923,0.06910264438734341,-13.213823318481445,27
1AK4,14,12.779351234436035,8.083198547363281,31.05916404724121,0.0,0.03432242621259792,-12.594441413879395,11
1E6E,0,7.359559059143066,5.929879665374756,21.122928619384766,0.3,0.16650078258267068,-11.637063026428223,2
1E6E,1,6.725425720214844,5.925577163696289,17.821626663208008,0.2,0.14851454125356323,-14.252477645874023,8
1E6E,2,6.942862510681152,6.919134140014648,17.559391021728516,0.0,0.07824300629478288,-13.880008697509766,7
1E6E,3,5.412316799163818,4.814979553222656,14.457610130310059,0.1,0.14844417021398698,-14.959684371948242,2
1E6E,4,5.809791088104248,4.484227180480957,16.102821350097656,0.5,0.27284969544864274,-12.707138061523438,7
1E6E,5,9.257129669189453,12.555464744567871,21.15410804748535,0.0,0.051027444488032626,-15.11563491821289,5
1E6E,6,6.711445331573486,7.245750904083252,16.314712524414062,0.0,0.08486247285955577,-16.638029098510742,1
1E6E,7,5.977758884429932,6.715251445770264,14.446776390075684,0.1,0.1348928457437398,-16.83681297302246,4
1E6E,8,6.102717876434326,4.582328796386719,16.96735191345215,0.4,0.2324664885490125,-12.058494567871094,5
1E6E,9,5.91393518447876,5.443747043609619,16.03085708618164,0.2,0.1633377757824147,-14.304757118225098,9
1E6E,10,6.4985671043396,5.147030830383301,18.156192779541016,0.3,0.1860183773187313,-12.017475128173828,8
1E6E,11,4.178136825561523,3.816667079925537,10.891958236694336,0.2,0.23743141125283776,-15.713248252868652,1
1E6E,12,16.528383255004883,14.021723747253418,45.92776870727539,0.0,0.014810769576829634,-12.092511177062988,24
1E6E,13,6.334116458892822,5.2014546394348145,17.098678588867188,0.3,0.1916442287163671,-13.470826148986816,6
1E6E,14,7.378256797790527,7.6032023429870605,18.405109405517578,0.0,0.07108498150823007,-16.770174026489258,4
2G77,0,4.427581787109375,4.328607082366943,10.242074012756348,0.0,0.1716854397486994,-23.171268463134766,0
2G77,1,22.830829620361328,18.543203353881836,62.341270446777344,0.0,0.008250672886010108,-14.366227149963379,3
2G77,2,5.602684497833252,5.479368209838867,10.958263397216797,0.0,0.14845540288562645,-17.487321853637695,6
2G77,3,22.347545623779297,17.618276596069336,61.80421829223633,0.0,0.008586709087403093,-16.678308486938477,4
2G77,4,8.223901748657227,7.160231113433838,15.709957122802734,0.0,0.08949759845311205,-17.61174774169922,2
2G77,5,3.160306930541992,3.054023265838623,7.070845127105713,0.5,0.428455720778348,-23.220996856689453,0
2G77,6,14.978672981262207,13.267635345458984,47.818145751953125,0.0,0.014416747418541686,-13.264378547668457,1
2G77,7,19.488191604614258,17.010595321655273,58.174041748046875,0.0,0.009539536428467612,-17.015233993530273,0
2G77,8,4.357743263244629,4.416651248931885,9.11831283569336,0.0,0.1894547269957231,-20.459369659423828,1
2G77,9,19.70454978942871,16.003067016601562,53.39056396484375,0.0,0.011142868417751752,-14.742432594299316,0
2G77,10,23.18870735168457,18.632558822631836,63.79345703125,0.0,0.007961024950870949,-14.723997116088867,1
2G77,11,15.869295120239258,13.930459976196289,49.40458297729492,0.0,0.013403792049431736,-13.564910888671875,0
2G77,12,15.547842979431152,13.504712104797363,48.445011138916016,0.0,0.014017447646026466,-14.133474349975586,0
2G77,13,5.4855122566223145,5.581052303314209,10.631987571716309,0.0,0.15243335992110976,-17.99825668334961,0
2G77,14,10.451178550720215,8.786452293395996,19.82849884033203,0.25,0.14451847283730457,-17.971715927124023,2
3SZK,0,18.578386306762695,13.59408187866211,53.396949768066406,0.0,0.01224753036432981,-15.820796012878418,1
3SZK,1,22.355342864990234,16.28795051574707,65.04462432861328,0.0,0.008400043570655281,-15.692992210388184,3
3SZK,2,19.268341064453125,13.720947265625,51.76497268676758,0.0,0.012688359254123217,-19.485980987548828,0
3SZK,3,16.040069580078125,12.179438591003418,43.537757873535156,0.0,0.0172192473002446,-17.230417251586914,25
3SZK,4,19.25895118713379,15.617008209228516,52.9298095703125,0.0,0.01142730116885083,-16.54446029663086,3
3SZK,5,22.088598251342773,15.059359550476074,64.06777954101562,0.0,0.00904041571755475,-16.796585083007812,1
3SZK,6,15.85062026977539,12.8770751953125,44.49306106567383,0.0,0.016199640581632244,-19.51915740966797,6
3SZK,7,21.021682739257812,17.970067977905273,68.78250885009766,0.0,0.0073203933690289555,-22.190900802612305,0
3SZK,8,16.91254997253418,12.541996955871582,42.314064025878906,0.0,0.017629723117747197,-18.000024795532227,2
3SZK,9,15.480843544006348,9.777148246765137,48.740936279296875,0.0,0.017503619399980918,-19.41242218017578,14
3SZK,10,18.85506820678711,15.709278106689453,64.7301025390625,0.0,0.008662066787157986,-15.222393035888672,0
3SZK,11,21.115821838378906,17.740297317504883,68.83822631835938,0.0,0.007372108191947019,-20.63043785095215,0
3SZK,12,17.744064331054688,12.306281089782715,45.30735778808594,0.0,0.016213106311706037,-17.86349105834961,1
3SZK,13,18.278785705566406,11.964021682739258,46.32219314575195,0.0,0.016016768730869553,-18.26936912536621,1
3SZK,14,20.035493850708008,16.78684425354004,67.4005355834961,0.0,0.007858794990330755,-18.72129249572754,0
4IZ7,0,20.98312759399414,23.934276580810547,64.10423278808594,0.0,0.007063476733595755,-14.358331680297852,2
4IZ7,1,10.33672046661377,14.10726261138916,30.453033447265625,0.0,0.0278185057758922,-13.677376747131348,0
4IZ7,2,14.68472671508789,20.571399688720703,46.81876754760742,0.0,0.012399266255035546,-16.259044647216797,0
4IZ7,3,12.698716163635254,18.64838981628418,35.308631896972656,0.0,0.02040226215188207,-15.360555648803711,3
4IZ7,4,18.660585403442383,27.142602920532227,54.55680847167969,0.0,0.00891447888250855,-16.304433822631836,0
4IZ7,5,14.60206127166748,17.700796127319336,46.364742279052734,0.0,0.013215545275584585,-18.744972229003906,0
4IZ7,6,10.94372272491455,14.113875389099121,28.93838119506836,0.0,0.030197494780150002,-14.749982833862305,0
4IZ7,7,13.327954292297363,19.08734130859375,42.92133331298828,0.0,0.014625454841218292,-18.03265380859375,0
4IZ7,8,9.428851127624512,14.879776954650879,23.963848114013672,0.0,0.04060428385453136,-14.148447036743164,0
4IZ7,9,14.12779426574707,20.14247703552246,47.03736114501953,0.0,0.012379216973848734,-19.59925651550293,0
4IZ7,10,9.999300003051758,14.19439697265625,25.86335563659668,0.0,0.03617529617738403,-13.593485832214355,0
4IZ7,11,11.8574857711792,18.97673225402832,34.01609802246094,0.0,0.021660107781766243,-12.805195808410645,0
4IZ7,12,10.678166389465332,15.927058219909668,29.19024085998535,0.0,0.02898577533090585,-13.317402839660645,0
4IZ7,13,10.02734375,13.35046100616455,25.889436721801758,0.0,0.03659037515751936,-16.458934783935547,0
4IZ7,14,9.21917724609375,12.124916076660156,21.23284149169922,0.0,0.0510657507893034,-15.448506355285645,0
1US7,0,22.85539436340332,19.03048324584961,40.54511642456055,0.0,0.016091422312646358,-15.903745651245117,0
1US7,1,79.45413208007812,94.08855438232422,197.32217407226562,0.0,0.0007020889357917153,0.0,0
1US7,2,22.32151222229004,22.718454360961914,45.571815490722656,0.0,0.012653372519353022,-16.266061782836914,0
1US7,3,22.86505889892578,19.26812744140625,46.80247116088867,0.0,0.012651500536622425,-13.870121955871582,0
1US7,4,24.24813461303711,21.8252010345459,43.50712966918945,0.0,0.013822504116936996,-15.764266014099121,1
1US7,5,28.908069610595703,35.237579345703125,85.7159652709961,0.0,0.0038488856030522447,0.0,0
1US7,6,27.82510757446289,20.554956436157227,60.586181640625,0.0,0.008200062469747861,-14.835721015930176,25
1US7,7,24.039724349975586,21.9412841796875,53.36851501464844,0.0,0.009797094760757404,-14.08845329284668,11
1US7,8,22.130027770996094,21.50859260559082,41.647216796875,0.0,0.014943068135975221,-16.123271942138672,0
1US7,9,25.980567932128906,21.502487182617188,47.48960494995117,0.0,0.011961508593246082,-15.854447364807129,10
1US7,10,21.021392822265625,20.925003051757812,46.44837188720703,0.0,0.012505283926880245,-14.404976844787598,0
1US7,11,22.4099178314209,23.329538345336914,60.889591217041016,0.0,0.007743928307638877,-16.41631317138672,3
1US7,12,35.7132568359375,36.497745513916016,85.75872802734375,0.0,0.003804833893446059,-13.422616958618164,35
1US7,13,20.368671417236328,23.06391143798828,62.152164459228516,0.0,0.007524052158776867,-13.84926700592041,23
1US7,14,22.222959518432617,20.565082550048828,44.49653625488281,0.0,0.01349941007330613,-14.173501968383789,11
4DN4,0,4.714939594268799,6.629237651824951,13.537389755249023,0.0,0.11049048628203172,-19.547828674316406,0
4DN4,1,6.814817428588867,7.5995001792907715,20.48359489440918,0.0,0.06146651630859351,-19.05442237854004,3
4DN4,2,6.779658317565918,8.615826606750488,20.181671142578125,0.0,0.06002687760501566,-17.5963191986084,0
4DN4,3,6.974545001983643,9.561768531799316,20.675800323486328,0.0,0.056198048403941665,-24.030941009521484,1
4DN4,4,5.4624857902526855,7.203234672546387,18.037250518798828,0.0,0.07442676721164766,-23.17546844482422,1
4DN4,5,6.756475925445557,8.46350383758545,19.477210998535156,0.0,0.0634789912346713,-21.610679626464844,1
4DN4,6,7.36582612991333,8.948575019836426,22.294649124145508,0.0,0.05141332411339324,-17.46776580810547,2
4DN4,7,7.029460430145264,7.670485496520996,21.38597869873047,0.0,0.057751408497540145,-19.622787475585938,4
4DN4,8,6.011066913604736,7.066143989562988,21.790061950683594,0.0,0.05839667578773359,-15.006193161010742,0
4DN4,9,5.542686462402344,8.306075096130371,18.333972930908203,0.0,0.0694998559118203,-21.030624389648438,1
4DN4,10,6.735976219177246,8.260534286499023,19.367971420288086,0.0,0.06447369231057519,-19.390094757080078,2
4DN4,11,6.903934478759766,8.051544189453125,20.852821350097656,0.999999,0.3920073172755502,-16.694786071777344,0
4DN4,12,6.36949348449707,8.388144493103027,19.289165496826172,0.0,0.0645314623475048,-22.38838768005371,0
4DN4,13,6.951300621032715,7.945243835449219,20.5020694732666,0.0,0.060363687653410734,-19.111230850219727,2
4DN4,14,6.969326972961426,8.002795219421387,20.918472290039062,0.0,0.05855085437305335,-18.338592529296875,1
1VFB,0,18.980249404907227,10.92909049987793,35.12861633300781,0.0,0.024599671133917273,-15.074358940124512,52
1VFB,1,17.83845329284668,10.619658470153809,32.22262191772461,0.0,0.028206202915679216,-13.310232162475586,54
1VFB,2,17.290027618408203,11.02335262298584,31.138195037841797,0.0,0.029176121470680594,-14.512378692626953,47
1VFB,3,18.439525604248047,10.319740295410156,33.59162139892578,0.0,0.02695536848597806,-14.997376441955566,66
1VFB,4,17.859609603881836,10.48204517364502,32.70535659790039,0.0,0.02777982461489606,-13.711860656738281,57
1VFB,5,14.57585334777832,9.814327239990234,27.055713653564453,0.0,0.037553377223830814,-18.503976821899414,7
1VFB,6,14.649667739868164,12.011170387268066,26.221969604492188,0.0,0.03681401619894338,-16.033981323242188,39
1VFB,7,17.10044288635254,10.403396606445312,30.52524757385254,0.0,0.030774928900913965,-13.945436477661133,48
1VFB,8,17.460405349731445,11.00399398803711,31.412660598754883,0.0,0.02882232418348632,-14.095690727233887,59
1VFB,9,13.375814437866211,10.5928955078125,26.135211944580078,0.0,0.038438354063324985,-14.640466690063477,67
1VFB,10,15.623492240905762,12.652337074279785,28.03375816345215,0.0,0.032684693131514946,-17.907976150512695,24
1VFB,11,14.581548690795898,11.43505573272705,27.362939834594727,0.0,0.03497349554600838,-15.327495574951172,49
1VFB,12,12.26430892944336,10.90145492553711,21.83437156677246,0.0,0.050062106875861656,-16.030399322509766,6
1VFB,13,15.623059272766113,11.654496192932129,28.295364379882812,0.0,0.03302247294689251,-14.229622840881348,37
1VFB,14,13.632416725158691,11.587616920471191,23.6761474609375,0.0,0.04355135124332129,-15.633127212524414,14
2H7V,0,26.928871154785156,29.786081314086914,62.44374084472656,0.0,0.00690729187778472,-11.93808650970459,3
2H7V,1,26.289342880249023,30.213321685791016,69.80351257324219,0.0,0.005690042830509054,-14.825653076171875,8
2H7V,2,30.361343383789062,32.93051528930664,73.76194763183594,0.0,0.005058585728594745,-10.340055465698242,1
2H7V,3,35.95010757446289,41.93794631958008,107.81430053710938,0.0,0.00248496238011709,-15.457693099975586,0
2H7V,4,31.372175216674805,37.465694427490234,100.73381042480469,0.0,0.0028900495601385245,-16.253124237060547,2
2H7V,5,15.729817390441895,14.59311294555664,28.342851638793945,0.0,0.030990963383853407,-17.163780212402344,0
2H7V,6,16.03439712524414,10.842310905456543,28.293376922607422,0.0,0.03385442351727939,-17.088932037353516,0
2H7V,7,32.462799072265625,41.01485061645508,90.73184204101562,0.0,0.003345272566420993,-13.878037452697754,5
2H7V,8,36.23250198364258,40.35736083984375,105.20330047607422,0.0,0.002621732148541348,-12.856292724609375,1
2H7V,9,30.65815544128418,34.0418586730957,84.8949966430664,0.0,0.003954358332926808,-11.713845252990723,1
2H7V,10,25.93701934814453,27.61673927307129,58.46079635620117,0.0,0.0078813135988489,-12.769108772277832,5
2H7V,11,27.918869018554688,32.51213836669922,73.67268371582031,0.0,0.005086878073313576,-14.37675952911377,8
2H7V,12,17.304601669311523,13.04836654663086,47.14494705200195,0.0,0.014841879912162235,-13.126572608947754,0
2H7V,13,35.30033493041992,36.66111755371094,102.6130599975586,0.0,0.002828737912445714,-12.7788667678833,0
2H7V,14,27.528121948242188,29.131574630737305,63.66295623779297,0.0,0.006719490730013939,-11.95022201538086,2
4CPA,0,6.9761481285095215,9.487211227416992,24.58458137512207,0.0,0.04372137216320845,-14.733060836791992,3
4CPA,1,5.772604942321777,8.29620361328125,20.58530616760254,0.0,0.059106572169686844,-16.089824676513672,0
4CPA,2,6.233245849609375,10.00920581817627,21.291479110717773,0.0,0.053144420694128745,-15.344056129455566,1
4CPA,3,1.7062581777572632,2.6825478076934814,5.439306735992432,0.222222,0.3899633778654643,-17.93179702758789,0
4CPA,4,7.171121597290039,10.211163520812988,25.588457107543945,0.0,0.04016720667346741,-16.03200912475586,2
4CPA,5,2.2773754596710205,2.684826135635376,7.71200704574585,0.333333,0.37323682440881073,-17.853046417236328,2
4CPA,6,8.423177719116211,10.490920066833496,27.71564483642578,0.0,0.03533473153129923,-8.556371688842773,35
4CPA,7,5.0622944831848145,7.154526233673096,17.70334243774414,0.0,0.07648248482984328,-14.196735382080078,0
4CPA,8,7.905818462371826,10.84207534790039,27.924768447875977,0.0,0.034525809624802874,-19.691913604736328,7
4CPA,9,4.680420875549316,6.453688144683838,15.457520484924316,0.222222,0.16855059581774698,-22.113407135009766,0
4CPA,10,6.550091743469238,9.417234420776367,23.32510757446289,0.0,0.04732432688886603,-17.071704864501953,0
4CPA,11,8.864681243896484,11.0901460647583,31.0482120513916,0.0,0.029229481723628433,-13.495016098022461,5
4CPA,12,8.59766674041748,11.184464454650879,30.841318130493164,0.0,0.029421460470901124,-16.64980697631836,3
4CPA,13,6.286749362945557,8.41303825378418,22.576648712158203,0.0,0.051653355685575754,-17.60318946838379,0
4CPA,14,4.016514301300049,6.293396472930908,12.480984687805176,0.0,0.1235353027228479,-20.365447998046875,0
1RLB,0,20.20844268798828,20.56902313232422,59.463993072509766,0.0,0.00843789822811276,-16.641571044921875,5
1RLB,1,28.384077072143555,21.26336097717285,75.95135498046875,0.0,0.005773851369526721,-15.845759391784668,2
1RLB,2,29.711088180541992,18.977481842041016,77.42093658447266,0.0,0.006039617980019161,-15.216102600097656,6
1RLB,3,29.76981544494629,18.42378044128418,75.72132110595703,0.0,0.0063430300994681875,-17.74198341369629,10
1RLB,4,29.6420955657959,18.80640983581543,77.96019744873047,0.0,0.006023111850705166,-16.643051147460938,0
1RLB,5,9.745214462280273,7.303789138793945,24.688283920288086,0.5,0.2154821730106382,-15.724064826965332,2
1RLB,6,9.581332206726074,9.99951457977295,23.038686752319336,0.0,0.047272793803851465,-17.856542587280273,2
1RLB,7,12.270035743713379,10.06238842010498,27.85089111328125,0.0,0.035649025743784916,-15.74059009552002,10
1RLB,8,13.716306686401367,12.261211395263672,29.002376556396484,0.1,0.06461559161528538,-16.793554306030273,8
1RLB,9,23.463539123535156,18.1046085357666,68.05030059814453,0.0,0.007393285510856243,-16.164968490600586,12
1RLB,10,9.449131965637207,9.652946472167969,22.808752059936523,0.0,0.04850693424049324,-16.49167251586914,3
1RLB,11,12.186588287353516,11.930187225341797,27.018827438354492,0.0,0.03520656087280871,-19.715267181396484,1
1RLB,12,10.669983863830566,11.695012092590332,33.10870361328125,0.0,0.026006372528593374,-15.406421661376953,2
1RLB,13,8.07332992553711,6.560731887817383,20.5502872467041,0.0,0.06525483641474035,-16.813884735107422,3
1RLB,14,11.814007759094238,11.312585830688477,27.057863235473633,0.0,0.035699600242206364,-16.263967514038086,0
3SE8,0,18.57063865661621,22.17345428466797,33.60589599609375,0.0,0.021561105532030566,-16.524288177490234,4
3SE8,1,18.68895721435547,22.9126033782959,34.98677444458008,0.0,0.02000067797255876,-17.045534133911133,0
3SE8,2,27.12137794494629,16.571752548217773,60.011287689208984,0.0,0.009264600475372994,-16.406341552734375,6
3SE8,3,22.84409523010254,23.662555694580078,47.17639923095703,0.0,0.01181487832193801,-16.494770050048828,13
3SE8,4,26.368038177490234,24.490550994873047,58.11500549316406,0.0,0.00822724838365948,-15.083420753479004,20
3SE8,5,25.366750717163086,23.55565071105957,55.65626525878906,0.0,0.008943790201604851,-14.344534873962402,35
3SE8,6,19.90766716003418,23.74095344543457,35.06829833984375,0.0,0.019822041418890653,-17.038204193115234,0
3SE8,7,27.542682647705078,19.611894607543945,68.31502532958984,0.0,0.007020341126478209,-15.06762409210205,10
3SE8,8,29.049264907836914,19.516128540039062,71.08472442626953,0.0,0.0066564867031036895,-14.476384162902832,14
3SE8,9,20.283815383911133,17.312612533569336,36.513206481933594,0.0,0.019619137049378232,-15.318833351135254,3
3SE8,10,29.363798141479492,24.310932159423828,63.07761764526367,0.0,0.007209158393369716,-15.30540943145752,20
3SE8,11,11.402463912963867,12.424044609069824,33.651119232177734,0.0,0.024781073119245864,-14.873154640197754,15
3SE8,12,27.44350242614746,19.39735984802246,57.70343017578125,0.0,0.009060768919075172,-15.281970024108887,21
3SE8,13,28.686132431030273,20.29445457458496,59.84598922729492,0.0,0.008402416609500746,-15.821300506591797,12
3SE8,14,27.589088439941406,17.60205078125,61.847965240478516,0.0,0.008582513309013962,-16.604053497314453,9
3EOA,0,17.89189338684082,19.63463592529297,47.23889923095703,0.0,0.012388049822341561,-16.995075225830078,0
3EOA,1,18.411380767822266,12.849430084228516,48.10043716430664,0.0,0.014575430950988748,-16.619590759277344,0
3EOA,2,9.901663780212402,11.272967338562012,22.878870010375977,0.0,0.0462282511348358,-15.889494895935059,2
3EOA,3,10.673306465148926,12.51080322265625,24.462806701660156,0.0,0.04063269557093127,-15.257712364196777,0
3EOA,4,19.336469650268555,13.619183540344238,48.86814498901367,0.0,0.013783651114010387,-17.617643356323242,0
3EOA,5,13.975930213928223,12.78265380859375,28.613218307495117,0.0,0.03155829962046879,-16.046648025512695,3
3EOA,6,24.09950065612793,12.855535507202148,56.44041061401367,0.0,0.011869799088267588,-14.968235969543457,34
3EOA,7,12.383813858032227,12.234344482421875,24.35739517211914,0.0,0.04112306192896,-16.690723419189453,2
3EOA,8,9.487143516540527,11.031293869018555,19.625675201416016,0.0,0.0587020453366472,-19.366683959960938,0
3EOA,9,16.28575325012207,14.36203384399414,45.4317512512207,0.0,0.014870228503720315,-14.990518569946289,0
3EOA,10,9.244047164916992,10.33455753326416,23.198287963867188,0.0,0.046331704216670926,-15.409158706665039,0
3EOA,11,20.605710983276367,17.26331329345703,52.26301193237305,0.0,0.011087659631435447,-15.755484580993652,1
3EOA,12,18.1810302734375,12.245198249816895,48.06608200073242,0.0,0.01503590517542644,-16.7603759765625,0
3EOA,13,18.604881286621094,12.670039176940918,49.17873001098633,0.0,0.014276373369225942,-16.737356185913086,0
3EOA,14,20.22133445739746,16.278289794921875,49.946537017822266,0.0,0.012188782538730717,-15.432207107543945,2
1WDW,0,35.12187576293945,34.91791915893555,100.65644073486328,0.0,0.002974186316990942,-16.933061599731445,6
1WDW,1,35.04902648925781,34.551910400390625,100.48220825195312,0.0,0.002995372564440477,-18.595233917236328,2
1WDW,2,35.25613021850586,33.58932876586914,99.99064636230469,0.0,0.0030549294625370573,-17.35367202758789,1
1WDW,3,3.735238552093506,4.388961315155029,9.353965759277344,0.25,0.2689555322926524,-16.824138641357422,6
1WDW,4,13.616579055786133,15.43920612335205,28.318492889404297,0.0,0.030666365340838785,-16.781400680541992,3
1WDW,5,13.620555877685547,16.168010711669922,28.423259735107422,0.0,0.030207960394846554,-15.468012809753418,5
1WDW,6,34.65959548950195,34.13994598388672,100.71170806884766,0.0,0.002999862343447472,-16.234025955200195,5
1WDW,7,9.001982688903809,8.669113159179688,29.68580436706543,0.0,0.034947383484171646,-12.649528503417969,6
1WDW,8,9.934349060058594,11.104283332824707,22.19536781311035,0.125,0.09027423460901325,-17.455812454223633,0
1WDW,9,33.516151428222656,35.87000274658203,100.98384094238281,0.0,0.002926909349423803,-18.669889450073242,8
1WDW,10,9.50457763671875,9.885011672973633,20.54159927368164,0.0,0.05623397929395165,-16.692947387695312,6
1WDW,11,6.990617752075195,7.250187873840332,15.690415382385254,0.25,0.1726449776159987,-17.324302673339844,4
1WDW,12,25.73554229736328,20.483144760131836,68.64208221435547,0.0,0.006812211913603372,-11.945594787597656,14
1WDW,13,13.363219261169434,15.028824806213379,27.864355087280273,0.0,0.03166546682573131,-16.067777633666992,5
1WDW,14,35.68506622314453,34.866661071777344,101.06700134277344,0.0,0.0029569875054665123,-14.277044296264648,6
2I25,0,17.298372268676758,12.838146209716797,26.38266372680664,0.0,0.03583565862187862,-17.62111473083496,0
2I25,1,15.641291618347168,13.417497634887695,30.20839500427246,0.0,0.028569687533637075,-16.26921844482422,2
2I25,2,16.425365447998047,12.130369186401367,29.537736892700195,0.0,0.03051256852636429,-17.83397674560547,1
2I25,3,7.374454021453857,5.513396263122559,27.19419288635254,0.0,0.052640165635831036,-17.186176300048828,0
2I25,4,17.0297908782959,12.967239379882812,35.606380462646484,0.0,0.02237320064701316,-15.261707305908203,0
2I25,5,15.517967224121094,13.259275436401367,31.49265480041504,0.0,0.026846019731053255,-16.825162887573242,0
2I25,6,16.364316940307617,12.365334510803223,31.05517578125,0.0,0.028065333121207608,-16.13429069519043,0
2I25,7,9.291595458984375,6.347873687744141,28.186201095581055,0.0,0.04541519638521524,-19.222137451171875,0
2I25,8,11.099830627441406,7.439565181732178,36.77901840209961,0.0,0.029922705080089085,-14.526315689086914,0
2I25,9,13.848881721496582,10.53226089477539,29.706079483032227,0.0,0.03185274305991997,-16.009275436401367,0
2I25,10,15.420574188232422,13.17030143737793,31.448368072509766,0.0,0.02696184141211214,-18.124311447143555,0
2I25,11,17.15842056274414,13.871557235717773,32.48784255981445,0.0,0.02520863666344873,-15.008989334106445,0
2I25,12,15.507997512817383,12.832427024841309,32.82679748535156,0.0,0.025437924336201123,-19.306415557861328,0
2I25,13,11.394331932067871,7.617352485656738,34.592979431152344,0.0,0.03142249534787655,-14.168638229370117,0
2I25,14,16.82758331298828,14.910442352294922,33.402286529541016,0.0,0.02361249854238176,-13.59948444366455,0
1GCQ,0,11.756829261779785,14.032988548278809,31.197107315063477,0.0,0.026800558153452062,-19.91900634765625,0
1GCQ,1,14.10394287109375,12.745906829833984,31.451839447021484,0.0,0.02724220868583393,-19.318416595458984,0
1GCQ,2,11.790239334106445,13.556490898132324,31.410552978515625,0.0,0.026775952671486487,-16.745569229125977,0
1GCQ,3,13.878067970275879,13.137072563171387,32.32909393310547,0.0,0.02584243408268228,-18.34191131591797,0
1GCQ,4,11.19558048248291,13.536994934082031,27.177885055541992,0.0,0.03374309262783957,-15.697953224182129,0
1GCQ,5,12.458771705627441,12.983440399169922,40.244361877441406,0.0,0.018625431275484813,-20.28961944580078,0
1GCQ,6,12.556429862976074,13.133467674255371,32.46906661987305,0.0,0.025671227430135307,-20.561115264892578,0
1GCQ,7,13.234183311462402,14.037246704101562,35.083431243896484,0.0,0.02224488886482175,-21.298294067382812,1
1GCQ,8,11.36711597442627,12.91430377960205,21.94048500061035,0.0,0.04793749215276052,-18.84951400756836,0
1GCQ,9,13.198033332824707,13.479955673217773,37.90351867675781,0.0,0.020037562641335185,-17.38750457763672,1
1GCQ,10,13.339215278625488,11.807706832885742,25.48820686340332,0.0,0.03865501914584344,-18.494762420654297,0
1GCQ,11,13.5171537399292,14.378381729125977,36.299800872802734,0.0,0.020915792410431705,-15.648635864257812,0
1GCQ,12,14.67613410949707,14.871828079223633,42.79691696166992,0.0,0.016006852073803313,-12.877631187438965,3
1GCQ,13,10.98235034942627,13.738399505615234,30.362808227539062,0.0,0.02815187958578816,-16.779937744140625,0
1GCQ,14,13.292228698730469,15.24001407623291,43.0750846862793,0.0,0.015691400444064692,-21.127321243286133,1
1ZLI,0,3.9694266319274902,4.498849391937256,11.144762992858887,0.0,0.15593778349548093,-17.690832138061523,0
1ZLI,1,7.466714859008789,9.592440605163574,22.803691864013672,0.0,0.04861986023248416,-14.639277458190918,0
1ZLI,2,13.952313423156738,16.660350799560547,38.14868927001953,0.0,0.018446075225018194,-13.28142261505127,15
1ZLI,3,15.749404907226562,18.762069702148438,41.72034454345703,0.0,0.015401942871319898,-15.939881324768066,1
1ZLI,4,3.784684181213379,4.4292988777160645,10.994654655456543,0.105263,0.19408182205811272,-17.89365577697754,0
1ZLI,5,5.130737781524658,6.04894495010376,14.136590003967285,0.631579,0.31834780079845326,-17.9340877532959,9
1ZLI,6,12.583555221557617,15.743620872497559,34.41709899902344,0.0,0.022161287238173736,-17.564014434814453,12
1ZLI,7,7.152876853942871,9.214486122131348,19.467681884765625,0.052632,0.07952056010565949,-15.877549171447754,7
1ZLI,8,13.707627296447754,16.45099639892578,35.2991943359375,0.0,0.02101711864493892,-16.582735061645508,1
1ZLI,9,11.4005765914917,16.159549713134766,26.31353187561035,0.0,0.034343395953199615,-24.506792068481445,0
1ZLI,10,10.604881286621094,15.328595161437988,24.401247024536133,0.0,0.03923234501776288,-16.35028648376465,0
1ZLI,11,11.04032039642334,15.456290245056152,26.28126335144043,0.052632,0.052220008892032044,-16.043081283569336,2
1ZLI,12,10.413484573364258,14.647665977478027,25.14960289001465,0.0,0.03763209595746481,-13.513551712036133,7
1ZLI,13,11.223870277404785,15.572491645812988,26.344091415405273,0.052632,0.05203798774783977,-15.002443313598633,0
1ZLI,14,9.56784725189209,12.025390625,22.755451202392578,0.0,0.0459219235101632,-15.648367881774902,1
3L89,0,20.822935104370117,18.380868911743164,51.96257400512695,0.0,0.010892138476241861,-15.357043266296387,15
3L89,1,23.707908630371094,24.615921020507812,64.65839385986328,0.0,0.006895885580539417,-17.54825210571289,4
3L89,2,19.543428421020508,17.28251838684082,47.361305236816406,0.0,0.012893854431563033,-15.858753204345703,21
3L89,3,20.78276824951172,20.10664176940918,53.666236877441406,0.0,0.0100023360595759,-12.827234268188477,60
3L89,4,13.029012680053711,13.310308456420898,35.5911979675293,0.0,0.022166551131379195,-17.772777557373047,5
3L89,5,21.7712345123291,21.270055770874023,62.48851776123047,0.0,0.007705119769004953,-14.507116317749023,4
3L89,6,24.345643997192383,26.09117317199707,70.17008209228516,0.0,0.005918533571582137,-17.929960250854492,2
3L89,7,22.370197296142578,20.09087371826172,57.848819732666016,0.0,0.008892290707258107,-12.548702239990234,63
3L89,8,22.29491424560547,20.99201202392578,55.58427047729492,0.0,0.00931015079773243,-12.184538841247559,66
3L89,9,28.963144302368164,27.331501007080078,75.59623718261719,0.0,0.005162583470940285,-19.249357223510742,1
3L89,10,23.048574447631836,19.64853286743164,59.03847122192383,0.0,0.00870060386017353,-13.874747276306152,11
3L89,11,26.099016189575195,26.704036712646484,70.29585266113281,0.0,0.005851880201849132,-19.34639549255371,4
3L89,12,12.42712688446045,13.218017578125,35.06769561767578,0.0,0.022735381852411363,-17.21541976928711,2
3L89,13,12.197868347167969,11.82291316986084,33.00935745239258,0.0625,0.04684198098572371,-18.299772262573242,6
3L89,14,22.5723819732666,23.05344009399414,59.296791076660156,0.0,0.008116771083729315,-15.863935470581055,17
1H9D,0,17.440258026123047,15.031402587890625,42.36808776855469,0.0,0.016184066841826467,-16.53849220275879,0
1H9D,1,10.969411849975586,10.161005973815918,40.75811004638672,0.0,0.021002378448825954,-21.81812286376953,0
1H9D,2,19.735557556152344,16.565282821655273,47.06392288208008,0.0,0.01324024727255156,-23.52460289001465,0
1H9D,3,11.026941299438477,9.869034767150879,42.53795623779297,0.0,0.02032502663504905,-20.6022891998291,3
1H9D,4,16.744718551635742,14.623465538024902,27.11656379699707,0.0,0.03329310197624749,-18.43105697631836,4
1H9D,5,2.917221784591675,2.5851173400878906,7.262253284454346,0.121212,0.317045522501146,-19.70749855041504,0
1H9D,6,10.87011432647705,10.472909927368164,41.49653625488281,0.0,0.020123293629775423,-23.791488647460938,0
1H9D,7,19.291221618652344,16.273853302001953,45.145652770996094,0.0,0.014219907125962784,-16.135499954223633,3
1H9D,8,10.180907249450684,9.422364234924316,39.07279586791992,0.0,0.023301080631723436,-20.953035354614258,1
1H9D,9,16.732070922851562,14.399530410766602,27.031404495239258,0.0,0.03357198828140003,-19.96370506286621,0
1H9D,10,12.088428497314453,10.53873348236084,44.328285217285156,0.0,0.018440232925592378,-21.17962074279785,2
1H9D,11,13.534002304077148,11.91427993774414,43.34880828857422,0.0,0.017542868835159976,-18.33975601196289,1
1H9D,12,7.018389701843262,5.923593521118164,20.23078155517578,0.0,0.07009997948798907,-19.738853454589844,1
1H9D,13,14.05834674835205,12.112302780151367,41.47085952758789,0.060606,0.0386757241562297,-21.14025115966797,2
1H9D,14,14.20391845703125,12.440938949584961,43.11891555786133,0.0,0.017245029047563466,-17.658843994140625,0
1GHQ,0,21.385848999023438,21.29694938659668,55.642822265625,0.0,0.009246587965096314,-14.819334983825684,6
1GHQ,1,22.892189025878906,23.427139282226562,61.865108489990234,0.0,0.007536901322851677,-15.665265083312988,1
1GHQ,2,22.80165672302246,22.04894256591797,60.10050964355469,0.0,0.00807231637859702,-18.11556625366211,0
1GHQ,3,21.969684600830078,20.440092086791992,59.116146087646484,0.0,0.008537277569209854,-17.12994956970215,0
1GHQ,4,23.157894134521484,20.39767074584961,61.51907730102539,0.0,0.008037213708693397,-15.959370613098145,0
1GHQ,5,17.089427947998047,14.027709007263184,52.277164459228516,0.0,0.012353733720084683,-13.91904067993164,0
1GHQ,6,19.91520118713379,19.104297637939453,57.73766326904297,0.0,0.009113437497957715,-15.347031593322754,4
1GHQ,7,22.787506103515625,21.641313552856445,60.857303619384766,0.0,0.007971957694173056,-17.449522018432617,0
1GHQ,8,21.85767936706543,19.467092514038086,57.81926345825195,0.0,0.009018945400445948,-17.117685317993164,0
1GHQ,9,16.728763580322266,16.214061737060547,51.54729080200195,0.0,0.011652392185505935,-14.004663467407227,0
1GHQ,10,20.26004409790039,19.96161460876465,55.10026931762695,0.0,0.009619747570018924,-15.929903984069824,0
1GHQ,11,20.10989761352539,18.103971481323242,58.58742141723633,0.0,0.00914435536925798,-17.547204971313477,3
1GHQ,12,23.39301300048828,23.596738815307617,61.89702606201172,0.0,0.007511236671536171,-14.390570640563965,0
1GHQ,13,21.51559829711914,20.295907974243164,57.315673828125,0.0,0.008984178823030922,-14.750443458557129,0
1GHQ,14,20.934104919433594,22.84901237487793,58.51374053955078,0.0,0.008319016921016444,-14.862489700317383,1
5Y9J,0,17.567211151123047,16.621084213256836,35.410362243652344,0.0,0.020853321608815673,-14.741917610168457,19
5Y9J,1,22.096942901611328,19.889211654663086,48.00858688354492,0.0,0.012016725492202755,-15.691363334655762,5
5Y9J,2,11.66200065612793,12.07999038696289,22.757850646972656,0.0,0.04586900983437272,-14.223470687866211,11
5Y9J,3,20.058393478393555,17.38139533996582,33.02949523925781,0.0,0.02316858586737947,-16.205896377563477,14
5Y9J,4,16.503814697265625,16.040576934814453,29.961755752563477,0.0,0.027718899731497233,-15.493624687194824,12
5Y9J,5,19.792699813842773,17.39653968811035,32.0453987121582,0.0,0.024370626301670053,-15.104304313659668,10
5Y9J,6,9.865062713623047,7.657741546630859,31.27971649169922,0.0,0.0352389571752283,-13.40615177154541,17
5Y9J,7,24.84251594543457,19.94743537902832,57.523250579833984,0.0,0.008997068095155375,-15.639842987060547,14
5Y9J,8,27.338348388671875,20.731121063232422,57.322357177734375,0.0,0.008907701587213428,-17.2520809173584,6
5Y9J,9,27.018842697143555,17.924692153930664,66.1562728881836,0.0,0.0077313932469646384,-14.525885581970215,6
5Y9J,10,20.77618408203125,18.183242797851562,47.88943862915039,0.0,0.012433498808939389,-16.089067459106445,5
5Y9J,11,21.075712203979492,17.14543342590332,67.58734130859375,0.0,0.007721976566134599,-13.762276649475098,7
5Y9J,12,27.968399047851562,25.44399642944336,76.00747680664062,0.0,0.005271714080542,-15.108477592468262,15
5Y9J,13,24.032699584960938,18.729005813598633,47.00832748413086,0.0,0.012677947481127293,-14.14164924621582,22
5Y9J,14,18.747896194458008,15.787577629089355,33.49839782714844,0.0,0.023145800658467542,-14.355807304382324,12
4ETQ,0,19.98923683166504,19.05673599243164,49.73562240600586,0.0,0.011512214013960638,-20.151430130004883,8
4ETQ,1,17.796083450317383,17.412931442260742,52.15313720703125,0.0,0.011080530571868112,-15.265517234802246,5
4ETQ,2,19.04767417907715,16.28836441040039,45.27298355102539,0.0,0.01415302909464479,-17.344633102416992,13
4ETQ,3,15.779906272888184,16.667030334472656,30.621917724609375,0.0,0.026524211206017043,-18.299274444580078,6
4ETQ,4,8.278483390808105,11.439617156982422,16.983158111572266,0.0,0.07240668930904333,-18.018667221069336,4
4ETQ,5,6.827908992767334,9.919088363647461,19.10730743408203,0.0,0.06252028927351895,-15.137609481811523,2
4ETQ,6,5.527530193328857,7.892980575561523,13.757098197937012,0.0,0.10371320178483756,-14.718154907226562,4
4ETQ,7,9.806736946105957,12.077528953552246,20.849376678466797,0.0,0.05257023062493086,-15.839142799377441,6
4ETQ,8,21.697587966918945,17.95458221435547,49.30815505981445,0.0,0.011930110737393645,-14.785073280334473,16
4ETQ,9,23.118505477905273,21.806983947753906,63.41787338256836,0.0,0.007452194597397383,-14.498726844787598,1
4ETQ,10,14.917367935180664,16.503103256225586,27.994285583496094,0.0,0.03086825670281025,-19.49734878540039,3
4ETQ,11,17.358489990234375,16.31066131591797,32.992557525634766,0.0,0.023543428070523467,-17.274253845214844,8
4ETQ,12,5.912717342376709,8.459321022033691,14.145456314086914,0.0,0.0985910595900027,-15.35737133026123,4
4ETQ,13,19.668624877929688,17.381193161010742,44.786109924316406,0.0,0.01405363553757051,-16.84482192993164,3
4ETQ,14,14.857007026672363,17.995037078857422,39.32121276855469,0.0,0.01718099092073885,-15.296140670776367,15
5JMO,0,10.469120025634766,12.711225509643555,25.14957618713379,0.0,0.0387508659639621,-14.951628684997559,2
5JMO,1,12.352415084838867,12.13736343383789,26.08177947998047,0.0,0.03701855986724583,-16.786680221557617,5
5JMO,2,15.294130325317383,15.438556671142578,57.598636627197266,0.0,0.010221755840569896,-15.668301582336426,2
5JMO,3,13.43940544128418,14.002397537231445,41.43128967285156,0.0,0.01724521007260614,-15.464749336242676,3
5JMO,4,10.290833473205566,14.169839859008789,34.144290924072266,0.0,0.023146077603784693,-13.989492416381836,2
5JMO,5,14.105931282043457,10.980362892150879,35.39555740356445,0.0,0.02428136928695938,-16.87047576904297,0
5JMO,6,10.89608097076416,11.267419815063477,34.3856086730957,0.0,0.02500045818849571,-13.102229118347168,9
5JMO,7,11.965167999267578,9.772080421447754,35.33384323120117,0.0,0.025907998597701803,-14.031792640686035,3
5JMO,8,12.042375564575195,10.871333122253418,28.495975494384766,0.0,0.03346263208219268,-14.873141288757324,7
5JMO,9,12.087106704711914,13.253496170043945,25.716995239257812,0.0,0.037044081070030196,-14.235493659973145,2
5JMO,10,14.377220153808594,17.597055435180664,38.340476989746094,0.0,0.018020360028634,-17.913597106933594,3
5JMO,11,10.428725242614746,10.834360122680664,44.010223388671875,0.0,0.018255982743721227,-13.56001091003418,8
5JMO,12,14.874100685119629,16.620088577270508,47.685909271240234,0.0,0.012958060436133735,-13.565814018249512,2
5JMO,13,11.188138008117676,10.273088455200195,28.206321716308594,0.0,0.034708890231833975,-16.14139175415039,4
5JMO,14,10.38407039642334,9.443609237670898,29.40920639038086,0.0,0.03390128337169946,-14.770333290100098,4
1GPW,0,14.304044723510742,13.460432052612305,24.344511032104492,0.0,0.040309382574720935,-17.839738845825195,0
1GPW,1,4.416528701782227,4.740268707275391,8.525046348571777,0.0,0.19651591023712942,-20.26131248474121,2
1GPW,2,16.069360733032227,16.956161499023438,57.086952209472656,0.0,0.009818028184378429,-14.984567642211914,7
1GPW,3,7.098152160644531,7.7534661293029785,14.039852142333984,0.0,0.10143272975804725,-21.939533233642578,0
1GPW,4,11.42582893371582,10.680959701538086,20.707475662231445,0.0,0.0545127873785665,-18.495559692382812,0
1GPW,5,15.919119834899902,15.109189987182617,26.039642333984375,0.0,0.03535098192403973,-18.173583984375,0
1GPW,6,16.0098934173584,15.925104141235352,51.550926208496094,0.0,0.01175385090528544,-14.969003677368164,1
1GPW,7,6.904308795928955,7.820196151733398,14.231487274169922,0.0,0.09947283894767206,-18.253067016601562,1
1GPW,8,7.469913482666016,8.032489776611328,16.154033660888672,0.0,0.08351074284791811,-18.97797393798828,0
1GPW,9,6.508870601654053,6.893269062042236,15.489762306213379,0.0,0.09221516694419,-18.19622802734375,4
1GPW,10,18.888729095458984,18.566953659057617,64.74323272705078,0.0,0.007809642672918879,-12.734851837158203,4
1GPW,11,17.243663787841797,16.42510223388672,61.951393127441406,0.0,0.008916074177403832,-16.884910583496094,0
1GPW,12,19.45208168029785,19.133882522583008,61.528106689453125,0.0,0.008278584832466756,-15.900715827941895,3
1GPW,13,5.580164432525635,5.992093563079834,10.622980117797852,0.0,0.14976803079469683,-20.376365661621094,2
1GPW,14,19.92769432067871,18.631746292114258,62.53419494628906,0.0,0.008193458117103003,-17.38005828857422,8
2C0L,0,7.840886116027832,7.512747764587402,16.068878173828125,0.0,0.08565717282417673,-15.861236572265625,8
2C0L,1,17.6356143951416,19.720367431640625,47.983192443847656,0.0,0.012059359853517986,-18.222270965576172,0
2C0L,2,11.49245548248291,10.18945026397705,22.735410690307617,0.0,0.047948653488816224,-17.840919494628906,5
2C0L,3,11.253536224365234,10.475165367126465,23.817991256713867,0.0,0.04435455858943447,-20.680578231811523,1
2C0L,4,11.242156028747559,10.551197052001953,22.30200958251953,0.0,0.04888233904750095,-20.23002815246582,0
2C0L,5,10.073565483093262,9.542839050292969,20.737730026245117,0.0,0.055983011653889046,-16.006301879882812,1
2C0L,6,16.828351974487305,18.453048706054688,47.3593635559082,0.0,0.012590539865150923,-18.6834659576416,3
2C0L,7,7.922021389007568,8.025382041931152,16.317920684814453,0.0,0.08239373405176785,-16.875350952148438,2
2C0L,8,12.540201187133789,11.781373977661133,24.309688568115234,0.0,0.04163046615924059,-18.45782470703125,0
2C0L,9,11.009207725524902,10.229567527770996,21.826696395874023,0.0,0.05091154163414391,-20.562559127807617,0
2C0L,10,7.940998077392578,8.35183048248291,16.55694007873535,0.0,0.07994441626929352,-16.88797378540039,3
2C0L,11,7.835278511047363,6.501193046569824,17.622142791748047,0.0,0.07976333619788739,-17.193092346191406,21
2C0L,12,10.993223190307617,11.361800193786621,22.13292121887207,0.0,0.04855439579131979,-18.504117965698242,0
2C0L,13,11.59656047821045,11.582962036132812,23.13359260559082,0.0,0.045146946937916994,-18.157365798950195,1
2C0L,14,16.338998794555664,16.9589786529541,47.19865036010742,0.0,0.013058667959897782,-15.779438972473145,0
1NW9,0,10.552458763122559,11.431573867797852,32.457183837890625,0.0,0.027035768420544105,-16.747671127319336,5
1NW9,1,17.58535385131836,21.45602798461914,52.26166915893555,0.0,0.010211586210000833,-16.538307189941406,3
1NW9,2,7.43678617477417,8.54308795928955,19.36355209350586,0.0,0.06382280129751385,-17.745075225830078,0
1NW9,3,16.299545288085938,20.386384963989258,51.092899322509766,0.0,0.01077204147872983,-16.74078369140625,1
1NW9,4,11.875435829162598,12.762567520141602,38.746253967285156,0.0,0.01984715614858448,-12.338658332824707,0
1NW9,5,10.671088218688965,11.059225082397461,27.059328079223633,0.185185,0.09768706835660608,-18.686527252197266,0
1NW9,6,8.467543601989746,8.518919944763184,24.603065490722656,0.074074,0.07025928755149209,-16.583587646484375,0
1NW9,7,10.759623527526855,11.186729431152344,26.877887725830078,0.259259,0.12261301279630236,-15.4248046875,5
1NW9,8,16.76123809814453,18.224332809448242,52.54924774169922,0.0,0.01074196169904025,-18.109384536743164,0
1NW9,9,9.564614295959473,9.892927169799805,25.820266723632812,0.0,0.04008290945109225,-16.175752639770508,1
1NW9,10,16.03679847717285,20.233963012695312,49.87179946899414,0.0,0.01123146439997568,-15.887521743774414,0
1NW9,11,13.150533676147461,15.307817459106445,34.37877655029297,0.037037,0.03471876012330731,-18.639158248901367,6
1NW9,12,15.784636497497559,16.556102752685547,44.84174728393555,0.0,0.014275575750426083,-17.37380027770996,0
1NW9,13,16.174480438232422,19.700687408447266,51.50937271118164,0.0,0.01075767962205608,-16.042882919311523,0
1NW9,14,15.71740436553955,19.789995193481445,49.67359924316406,0.0,0.01138675183846307,-16.827768325805664,0
1WQ1,0,14.542325973510742,13.25676441192627,24.91312599182129,0.0,0.0389702828672183,-20.804027557373047,0
1WQ1,1,4.863868713378906,4.291051864624023,9.188719749450684,0.333333,0.3011153414698544,-19.9748477935791,3
1WQ1,2,14.414755821228027,13.187710762023926,24.837932586669922,0.0,0.039202625697622534,-20.24886131286621,3
1WQ1,3,12.301286697387695,10.831159591674805,21.600879669189453,0.0,0.050966902858494006,-16.70905303955078,7
1WQ1,4,13.525094032287598,11.987654685974121,23.46627426147461,0.0,0.04380085708688483,-16.895017623901367,8
1WQ1,5,5.181878566741943,4.636327743530273,9.916974067687988,0.166667,0.22831197720012172,-20.302196502685547,4
1WQ1,6,13.748403549194336,11.991267204284668,24.172210693359375,0.0,0.04181744238237131,-16.21010971069336,3
1WQ1,7,3.3352253437042236,3.042783737182617,6.407205104827881,0.666667,0.49994961604914917,-20.394149780273438,4
1WQ1,8,14.42981243133545,13.191825866699219,24.79532241821289,0.0,0.03930757138422229,-19.200767517089844,4
1WQ1,9,4.009114742279053,3.7100577354431152,7.790483474731445,0.0,0.2279896702568429,-19.543758392333984,2
1WQ1,10,14.416263580322266,13.182622909545898,24.786300659179688,0.0,0.03933627430642085,-21.238920211791992,0
1WQ1,11,4.734585285186768,4.013524532318115,9.261553764343262,0.0,0.19325399675632493,-18.977619171142578,4
1WQ1,12,5.0202131271362305,4.7408905029296875,9.08073616027832,0.0,0.18600021647275525,-17.05824851989746,5
1WQ1,13,9.190632820129395,8.028240203857422,16.536148071289062,0.0,0.08091051605355064,-17.24540138244629,15
1WQ1,14,8.715391159057617,7.855947494506836,15.687996864318848,0.0,0.08737233724002243,-26.242450714111328,1
1ATN,0,20.215044021606445,22.945354461669922,53.46584701538086,0.0,0.009635661290064506,-15.982771873474121,6
1ATN,1,19.282501220703125,20.50075912475586,44.08470153808594,0.0,0.013722828342601433,-13.008008003234863,9
1ATN,2,18.86810874938965,19.241138458251953,35.96134567260742,0.0,0.01965099295482663,-12.454195022583008,3
1ATN,3,19.669469833374023,17.72468376159668,36.71502685546875,0.0,0.01932749892293194,-12.468147277832031,6
1ATN,4,15.566149711608887,16.001707077026367,31.863574981689453,0.0,0.0250483805007715,-13.333531379699707,10
1ATN,5,24.751686096191406,25.441951751708984,69.58602142333984,0.0,0.006055158261613058,-15.980341911315918,1
1ATN,6,25.725528717041016,27.2998104095459,85.4603271484375,0.0,0.004268523735988273,-15.196422576904297,0
1ATN,7,18.1221866607666,12.822965621948242,36.4146728515625,0.0,0.021723242969381953,-15.691911697387695,3
1ATN,8,19.569822311401367,18.45301055908203,48.87734603881836,0.0,0.01197311789446979,-14.45685863494873,0
1ATN,9,26.08677864074707,28.67049789428711,87.9753646850586,0.0,0.003992818519284571,-15.400863647460938,0
1ATN,10,17.95500946044922,14.379977226257324,29.826303482055664,0.0,0.028626273487169656,-19.80800437927246,5
1ATN,11,14.25181770324707,13.454906463623047,27.777694702148438,0.0,0.03263181532875163,-16.619522094726562,5
1ATN,12,25.834430694580078,27.937885284423828,85.2017593383789,0.0,0.004243001104185943,-14.172046661376953,1
1ATN,13,16.323667526245117,16.060754776000977,29.212533950805664,0.0,0.028900958434348107,-14.913145065307617,7
1ATN,14,19.0603084564209,19.58134651184082,35.38945770263672,0.0,0.02012533655373876,-13.45905590057373,4
5C7X,0,14.872560501098633,13.622676849365234,42.19087219238281,0.0,0.016994744543742786,-14.803967475891113,3
5C7X,1,8.28167724609375,7.783027648925781,21.81623649597168,0.058824,0.07547762548782526,-20.413084030151367,8
5C7X,2,5.81362247467041,6.9805908203125,14.220417976379395,0.0,0.10245681571355943,-18.07117462158203,4
5C7X,3,10.629569053649902,13.7253999710083,23.849349975585938,0.0,0.04150325761221551,-19.528827667236328,4
5C7X,4,4.559737205505371,6.005034446716309,10.76816177368164,0.058824,0.16714936258667726,-19.793325424194336,4
5C7X,5,10.967719078063965,12.212936401367188,29.68265724182129,0.117647,0.06943209360141323,-19.541545867919922,2
5C7X,6,8.986043930053711,11.617711067199707,23.71687889099121,0.0,0.043407651273373676,-18.827743530273438,2
5C7X,7,11.837743759155273,12.866938591003418,31.067222595214844,0.0,0.027683980237434267,-17.55524253845215,3
5C7X,8,8.464089393615723,10.305281639099121,20.578155517578125,0.235294,0.1339305030111225,-16.82581329345703,10
5C7X,9,18.563669204711914,14.605530738830566,50.71614456176758,0.0,0.012586497675292812,-17.18521499633789,5
5C7X,10,9.813949584960938,12.17335319519043,22.16611671447754,0.0,0.04771761632942049,-22.11334800720215,0
5C7X,11,9.158239364624023,7.937612533569336,24.25238800048828,0.0,0.04795948344915441,-20.32666015625,2
5C7X,12,8.347773551940918,9.702970504760742,24.267715454101562,0.0,0.04420548963149331,-16.947429656982422,6
5C7X,13,19.834566116333008,19.104318618774414,55.426918029785156,0.0,0.009701479985123785,-17.991628646850586,2
5C7X,14,9.688369750976562,11.41573429107666,22.845577239990234,0.0,0.04619013636290014,-18.023849487304688,0
1E4K,0,29.48627281188965,40.078773498535156,79.13517761230469,0.0,0.004268111486650755,-19.41893768310547,3
1E4K,1,21.831998825073242,27.856380462646484,60.41463088989258,0.0,0.007433954711911092,-19.892494201660156,0
1E4K,2,6.811103820800781,5.127912521362305,15.853561401367188,0.083333,0.1284780343027694,-17.27436637878418,0
1E4K,3,24.702341079711914,26.03272247314453,67.26213836669922,0.0,0.006342574218084128,-17.843900680541992,0
1E4K,4,24.959083557128906,21.50513458251953,64.88167572021484,0.0,0.007238346250241821,-18.145002365112305,0
1E4K,5,18.239505767822266,19.652137756347656,35.718223571777344,0.0,0.019796142356178683,-19.498037338256836,1
1E4K,6,21.83543586730957,20.86924934387207,67.00762939453125,0.0,0.006992008765485041,-16.516712188720703,0
1E4K,7,17.363100051879883,18.184734344482422,43.98289489746094,0.0,0.014253887306462265,-14.964179992675781,2
1E4K,8,32.37556076049805,43.6802864074707,86.58536529541016,0.0,0.0035743478602725926,-20.6607666015625,1
1E4K,9,30.276029586791992,27.901554107666016,85.32847595214844,0.0,0.004235837403566547,-15.466176986694336,0
1E4K,10,25.94503402709961,32.94291687011719,70.8245620727539,0.0,0.005422680857738153,-17.945220947265625,3
1E4K,11,24.967771530151367,20.107131958007812,65.67330169677734,0.0,0.0073367232862189755,-15.977863311767578,0
1E4K,12,20.82013511657715,10.979324340820312,45.426231384277344,0.0,0.017383776745939612,-16.785099029541016,8
1E4K,13,22.719432830810547,22.731430053710938,63.677490234375,0.0,0.0072806276493317425,-14.723224639892578,0
1E4K,14,24.779172897338867,31.05800437927246,67.5901870727539,0.0,0.005965324469772384,-20.06098747253418,0
2OT3,0,4.534361362457275,4.851349830627441,11.992437362670898,0.0,0.14054754493856153,-20.726755142211914,4
2OT3,1,7.656800746917725,7.605906963348389,18.330326080322266,0.0,0.07147074606680028,-18.834882736206055,5
2OT3,2,7.605607032775879,7.802439212799072,14.21393871307373,0.0,0.09968432342124134,-17.806514739990234,1
2OT3,3,6.148301601409912,6.102765083312988,12.085079193115234,0.0,0.1293129722488907,-18.207298278808594,2
2OT3,4,18.167598724365234,16.474857330322266,55.27532196044922,0.0,0.01044075009025186,-14.211925506591797,2
2OT3,5,18.190990447998047,16.893081665039062,56.72286605834961,0.0,0.009928306012255821,-14.991509437561035,0
2OT3,6,16.285694122314453,15.759965896606445,51.53446960449219,0.0,0.0118205350182116,-13.178816795349121,0
2OT3,7,6.0078125,6.082959175109863,14.091784477233887,0.05,0.12469848240920252,-22.184741973876953,0
2OT3,8,12.99682903289795,11.828182220458984,23.989755630493164,0.0,0.042455399267718595,-17.096832275390625,4
2OT3,9,22.87612533569336,20.044862747192383,62.51997375488281,0.0,0.0079057950547464,-14.077792167663574,3
2OT3,10,6.432633399963379,5.812782287597656,12.06175708770752,0.1,0.16475240769203853,-22.355947494506836,3
2OT3,11,8.691143035888672,8.451126098632812,20.321834564208984,0.0,0.059813454190889064,-18.193891525268555,2
2OT3,12,18.054519653320312,16.83781623840332,56.00397872924805,0.0,0.010130207120282767,-14.633170127868652,0
2OT3,13,17.560083389282227,16.050243377685547,46.92490768432617,0.0,0.013475984628872596,-14.10375690460205,1
2OT3,14,23.614091873168945,22.006303787231445,65.11519622802734,0.0,0.007126416357764547,-14.590652465820312,1
1R6Q,0,9.338661193847656,9.59704303741455,29.982511520385742,0.0,0.03274632896168254,-19.46356964111328,0
1R6Q,1,15.191567420959473,19.46612548828125,30.846134185791016,0.0,0.025492565485440405,-14.351863861083984,0
1R6Q,2,15.171321868896484,19.22574234008789,31.8455810546875,0.0,0.024184983786042086,-20.322769165039062,0
1R6Q,3,15.614238739013672,20.63640785217285,30.93045425415039,0.0,0.025157777222244604,-19.69291114807129,0
1R6Q,4,9.728586196899414,10.865462303161621,21.184980392456055,0.0,0.05245445642493849,-22.43904685974121,0
1R6Q,5,14.760039329528809,18.097183227539062,30.652650833129883,0.0,0.02607603572156472,-18.906709671020508,0
1R6Q,6,15.616867065429688,19.729297637939453,34.03818893432617,0.0,0.021482183589042355,-17.97344970703125,0
1R6Q,7,16.036029815673828,21.275985717773438,34.00318145751953,0.0,0.021253040267879737,-19.001657485961914,0
1R6Q,8,17.77096939086914,21.50719451904297,47.17600631713867,0.0,0.012094487751814022,-21.52407455444336,0
1R6Q,9,12.907833099365234,14.107821464538574,41.8184700012207,0.0,0.016951225018511294,-17.44823455810547,0
1R6Q,10,14.85193157196045,18.613933563232422,30.377511978149414,0.0,0.026353973525916684,-19.490087509155273,0
1R6Q,11,15.951837539672852,18.71818733215332,30.951839447021484,0.0,0.02550276414239849,-18.519977569580078,0
1R6Q,12,6.703403472900391,7.173594951629639,15.95036792755127,0.0,0.08768879746549767,-17.936187744140625,0
1R6Q,13,18.601417541503906,18.196273803710938,60.92643356323242,0.0,0.0086139037789985,-18.86907196044922,1
1R6Q,14,13.554661750793457,16.228256225585938,25.8005313873291,0.0,0.03546062317708556,-17.89115333557129,0
1Y64,0,37.772396087646484,36.83381652832031,82.33421325683594,0.0,0.004067097790303614,-15.471231460571289,10
1Y64,1,22.824832916259766,21.310182571411133,37.76251220703125,0.142857,0.06533661969679454,-15.598523139953613,0
1Y64,2,20.140403747558594,16.998929977416992,33.916316986083984,0.0,0.022274424661730408,-13.179363250732422,20
1Y64,3,8.956427574157715,8.27155876159668,16.526704788208008,0.0,0.08034246583732198,-13.069350242614746,10
1Y64,4,8.047245979309082,8.76432991027832,15.835087776184082,0.0,0.08404745095512696,-13.18336296081543,19
1Y64,5,40.028446197509766,39.014827728271484,83.4113998413086,0.0,0.0039179294121317685,-14.881096839904785,11
1Y64,6,11.76964282989502,8.999397277832031,21.53287124633789,0.0,0.05394893990539334,-14.493953704833984,6
1Y64,7,35.94147872924805,24.130849838256836,65.30369567871094,0.0,0.006836263493494715,-12.227252960205078,5
1Y64,8,36.27476501464844,34.73572540283203,77.17535400390625,0.0,0.00461549480510038,-15.633594512939453,9
1Y64,9,21.893070220947266,20.425283432006836,35.52436065673828,0.0,0.01983844744973518,-13.18385124206543,15
1Y64,10,38.96764373779297,39.113914489746094,75.4731674194336,0.0,0.0046645189343372875,-14.374907493591309,3
1Y64,11,17.869840621948242,17.064048767089844,28.626846313476562,0.0,0.029562893481894864,-12.679494857788086,15
1Y64,12,37.1470947265625,36.79536819458008,80.15977478027344,0.0,0.004259396673505763,-17.3809871673584,4
1Y64,13,28.90443229675293,24.61872673034668,51.521976470947266,0.0,0.010065082873919995,-13.106634140014648,12
1Y64,14,21.78653907775879,18.13810157775879,34.4827766418457,0.0,0.021358090794874062,-14.029476165771484,19
3AAD,0,21.722719192504883,17.909969329833984,65.59627532958984,0.0,0.00782646844984061,-20.516111373901367,1
3AAD,1,18.466236114501953,19.379716873168945,54.91688537597656,0.0,0.009783772502378935,-21.17923355102539,0
3AAD,2,17.000333786010742,14.602356910705566,45.45857620239258,0.0,0.014741185827620506,-20.600643157958984,2
3AAD,3,18.658218383789062,19.328750610351562,56.38777542114258,0.0,0.009401557175022847,-18.8586483001709,0
3AAD,4,19.012571334838867,20.551498413085938,57.105995178222656,0.0,0.008991285140240762,-20.089664459228516,0
3AAD,5,21.045530319213867,17.288564682006836,65.0316162109375,0.0,0.00808950191054656,-19.52471351623535,0
3AAD,6,21.404088973999023,18.676576614379883,64.45181274414062,0.0,0.00783482199661791,-18.77095603942871,2
3AAD,7,22.09368324279785,19.50245475769043,67.32947540283203,0.0,0.0071895391428407444,-20.7496395111084,1
3AAD,8,19.758865356445312,16.884811401367188,51.204864501953125,0.0,0.011549080586424959,-14.788918495178223,28
3AAD,9,20.767471313476562,17.614730834960938,64.06568145751953,0.0,0.008165947568704812,-20.216312408447266,0
3AAD,10,18.40934944152832,18.900468826293945,53.12625503540039,0.0,0.010406309684384581,-19.409650802612305,1
3AAD,11,23.094274520874023,20.243906021118164,70.2298583984375,0.0,0.006632449870510617,-20.38252067565918,1
3AAD,12,19.350526809692383,17.681949615478516,55.589256286621094,0.0,0.009997185281666036,-20.652956008911133,0
3AAD,13,21.154308319091797,16.839672088623047,64.46710968017578,0.0,0.008319792036790983,-20.094318389892578,0
3AAD,14,21.461181640625,18.158021926879883,65.8033218383789,0.0,0.0077298742047364685,-19.362695693969727,0
1F34,0,18.244539260864258,16.373613357543945,46.593746185302734,0.108696,0.04974225136027765,-15.914956092834473,5
1F34,1,19.863561630249023,17.962875366210938,50.67069625854492,0.043478,0.02592423490031483,-16.76778793334961,0
1F34,2,17.960498809814453,18.904325485229492,47.67864227294922,0.0,0.012353390348944544,-19.05154800415039,0
1F34,3,16.933975219726562,15.838521957397461,45.96610641479492,0.0,0.013984602820520128,-18.332021713256836,0
1F34,4,18.857955932617188,17.66651153564453,46.8834228515625,0.0,0.012993803950679174,-18.054948806762695,0
1F34,5,19.60292625427246,17.683860778808594,47.98357009887695,0.0,0.012522934471785223,-19.345149993896484,0
1F34,6,17.554777145385742,16.16227912902832,43.168888092041016,0.0,0.01528763671725436,-18.864912033081055,0
1F34,7,15.682788848876953,16.08611488342285,43.88752746582031,0.0,0.014924937463412521,-19.35733413696289,0
1F34,8,16.31507682800293,15.305595397949219,48.57524871826172,0.0,0.013074577842703836,-17.768375396728516,1
1F34,9,16.549747467041016,14.91916561126709,42.730735778808594,0.173913,0.07399451848395405,-16.3151798248291,18
1F34,10,16.61447525024414,15.076404571533203,42.539207458496094,0.0,0.016065088722247045,-17.477827072143555,0
1F34,11,16.55160140991211,15.454904556274414,48.30933380126953,0.0,0.013120214217625428,-17.628389358520508,1
1F34,12,19.28976821899414,17.17073631286621,47.571022033691406,0.0,0.012837484712637001,-18.397947311401367,0
1F34,13,14.989943504333496,14.356966972351074,46.213687896728516,0.0,0.014506852631404875,-16.6140193939209,1
1F34,14,15.576057434082031,15.976419448852539,42.120216369628906,0.0,0.01595633063446474,-21.343008041381836,0
1MAH,0,10.664754867553711,15.932122230529785,38.63669967651367,0.0,0.01831701668053334,-15.401476860046387,6
1MAH,1,5.464184761047363,10.329567909240723,17.283828735351562,0.0,0.07180190937120665,-17.655105590820312,2
1MAH,2,6.480889320373535,11.105981826782227,21.69078826904297,0.0,0.050345264634801774,-16.063766479492188,3
1MAH,3,5.946295738220215,11.517005920410156,19.183319091796875,0.0,0.060263827420836545,-19.091562271118164,2
1MAH,4,5.553130626678467,10.664115905761719,17.569204330444336,0.0,0.06968997402750915,-17.006330490112305,4
1MAH,5,4.825376033782959,9.033964157104492,16.010705947875977,0.0,0.0822355651795866,-15.364596366882324,3
1MAH,6,6.467828750610352,10.379719734191895,21.33107566833496,0.0,0.05249486464308283,-13.42658805847168,31
1MAH,7,4.932431697845459,9.52940559387207,15.639331817626953,0.0,0.08407069121665924,-17.261932373046875,2
1MAH,8,2.859804630279541,5.698423862457275,9.348078727722168,0.0,0.1724636215614794,-15.294374465942383,1
1MAH,9,1.5413025617599487,2.6169846057891846,5.078118324279785,0.222222,0.40215902353965677,-15.414932250976562,2
1MAH,10,2.4151196479797363,3.2412784099578857,9.216961860656738,0.222222,0.28606992823881283,-16.782052993774414,1
1MAH,11,5.345407485961914,10.589433670043945,16.73324203491211,0.0,0.07492647317924156,-17.390640258789062,1
1MAH,12,4.177587032318115,7.913542747497559,13.11225414276123,0.0,0.11018978170286736,-16.657638549804688,0
1MAH,13,3.6877129077911377,5.011767387390137,13.779889106750488,0.0,0.11927811521853686,-18.424957275390625,5
1MAH,14,5.623353958129883,11.05295467376709,17.849037170410156,0.0,0.06764778918704,-17.295549392700195,2
4DW2,0,15.064132690429688,15.178342819213867,35.69928741455078,0.0,0.02110733997458567,-16.99639129638672,5
4DW2,1,13.64872932434082,11.322989463806152,24.821990966796875,0.0,0.04073434333292867,-18.613731384277344,12
4DW2,2,12.36175537109375,10.734387397766113,22.866390228271484,0.055556,0.06537079742908129,-17.002429962158203,14
4DW2,3,13.72343921661377,13.270719528198242,26.658016204833984,0.0,0.034966636338940885,-14.618019104003906,6
4DW2,4,18.811983108520508,10.941701889038086,46.37098693847656,0.0,0.016985066312377343,-14.2061767578125,14
4DW2,5,14.045843124389648,13.15604305267334,28.238317489624023,0.0,0.03197066329499974,-15.903670310974121,8
4DW2,6,21.95186996459961,16.512435913085938,50.855960845947266,0.0,0.011786885041917007,-15.44107723236084,27
4DW2,7,21.82141876220703,17.256668090820312,52.129058837890625,0.0,0.011132627229338195,-16.366966247558594,21
4DW2,8,14.343181610107422,12.902791976928711,27.895641326904297,0.0,0.0327643641357838,-15.578253746032715,5
4DW2,9,12.471428871154785,11.387247085571289,24.201059341430664,0.0,0.04228936728337204,-15.426278114318848,20
4DW2,10,10.487350463867188,10.722776412963867,22.497365951538086,0.0,0.0480369777081301,-18.267595291137695,15
4DW2,11,23.175870895385742,15.365286827087402,52.43418884277344,0.0,0.011682102244249176,-15.202966690063477,13
4DW2,12,14.022034645080566,12.894648551940918,26.033687591552734,0.0,0.03656144592290538,-16.768028259277344,7
4DW2,13,14.171353340148926,12.459664344787598,25.463708877563477,0.0,0.03818099173192043,-15.433317184448242,20
4DW2,14,15.854009628295898,14.96155834197998,37.20684814453125,0.0,0.01985108491815397,-16.80282974243164,15
1S1Q,0,9.536406517028809,10.684208869934082,26.73233413696289,0.0,0.0370497562857495,-19.75064468383789,0
1S1Q,1,17.32166290283203,20.0220947265625,55.718875885009766,0.0,0.009441323324823817,-14.481657981872559,0
1S1Q,2,18.440380096435547,18.693437576293945,54.915523529052734,0.0,0.00993162798183974,-16.268938064575195,0
1S1Q,3,14.258912086486816,15.173213958740234,50.21858596801758,0.0,0.012509819656214614,-13.254014015197754,0
1S1Q,4,14.11266803741455,15.48164176940918,38.371681213378906,0.0,0.0186916466732201,-16.582368850708008,2
1S1Q,5,10.524231910705566,10.729256629943848,35.05666732788086,0.0,0.024898487543365166,-21.847126007080078,0
1S1Q,6,18.50873565673828,19.182861328125,56.45737075805664,0.0,0.009413996006879534,-16.438629150390625,0
1S1Q,7,18.133216857910156,17.436927795410156,51.70530319213867,0.0,0.01121993618900373,-16.041845321655273,0
1S1Q,8,14.227439880371094,16.10895538330078,39.1561393737793,0.0,0.017866302401864934,-15.109611511230469,0
1S1Q,9,16.948604583740234,20.338958740234375,53.299957275390625,0.0,0.01007036926642871,-16.176319122314453,0
1S1Q,10,14.454816818237305,16.420682907104492,37.94662094116211,0.0,0.01868454598885133,-17.283212661743164,1
1S1Q,11,13.827262878417969,15.580801963806152,37.75832748413086,0.0,0.019138703798104274,-16.177709579467773,0
1S1Q,12,14.629409790039062,16.437030792236328,38.8521728515625,0.0,0.01797887685605264,-15.603127479553223,0
1S1Q,13,14.213494300842285,16.19237518310547,36.99541091918945,0.0,0.019550119550861184,-16.481243133544922,0
1S1Q,14,17.33273696899414,16.345727920532227,53.14464569091797,0.0,0.011097961127587354,-18.081926345825195,0
1GLA,0,16.48848533630371,11.132170677185059,48.88605499267578,0.0,0.01572575181554212,-17.15544319152832,0
1GLA,1,13.716675758361816,8.53250789642334,43.26976776123047,0.0,0.022378061504322967,-16.415973663330078,5
1GLA,2,16.73918342590332,13.032231330871582,54.844947814941406,0.0,0.01217691854548083,-14.212786674499512,0
1GLA,3,28.549644470214844,21.09333610534668,78.34844970703125,0.0,0.005554879322143887,-16.640195846557617,1
1GLA,4,26.727508544921875,21.026765823364258,78.08097839355469,0.0,0.005591762535569324,-19.246463775634766,3
1GLA,5,28.502187728881836,22.10138511657715,79.5221939086914,0.0,0.005293719598485082,-17.105730056762695,1
1GLA,6,16.818603515625,13.254966735839844,54.850929260253906,0.0,0.012031850499728129,-14.324376106262207,0
1GLA,7,16.202816009521484,13.158967971801758,53.788570404052734,0.0,0.012397014963654187,-14.181907653808594,0
1GLA,8,17.181673049926758,11.561199188232422,54.9133186340332,0.0,0.013318011531610404,-15.947399139404297,6
1GLA,9,17.368438720703125,14.046147346496582,55.6898307800293,0.0,0.011347195401401293,-15.301722526550293,0
1GLA,10,15.33687973022461,12.687660217285156,50.160621643066406,0.0,0.013899391044705134,-15.561315536499023,0
1GLA,11,18.018354415893555,13.189465522766113,49.754905700683594,0.0,0.013708834036125666,-15.305806159973145,5
1GLA,12,28.046659469604492,22.051815032958984,81.9157943725586,0.0,0.005086042218675359,-18.220415115356445,0
1GLA,13,29.532394409179688,21.729278564453125,80.98977661132812,0.0,0.005212511431082101,-18.4835147857666,0
1GLA,14,17.40545082092285,10.518131256103516,49.79233169555664,0.0,0.016082954963038732,-15.874673843383789,4
1KLU,0,12.985512733459473,7.739046573638916,40.449337005615234,0.0,0.02616598870420314,-18.866695404052734,4
1KLU,1,30.017982482910156,17.293325424194336,77.36798858642578,0.0,0.006464561118896487,-19.081153869628906,1
1KLU,2,29.945037841796875,17.527795791625977,73.79347229003906,0.0,0.006788190192340702,-15.651217460632324,4
1KLU,3,28.72681999206543,24.571781158447266,82.83859252929688,0.0,0.004710560063269643,-17.008758544921875,1
1KLU,4,30.44478988647461,18.980037689208984,76.67333221435547,0.0,0.006115917118988606,-15.754206657409668,1
1KLU,5,25.51044464111328,21.761518478393555,74.20468139648438,0.0,0.005893351726649306,-13.853529930114746,2
1KLU,6,8.151533126831055,6.283157825469971,27.612096786499023,0.0,0.04682695774508914,-18.581384658813477,2
1KLU,7,19.180892944335938,15.637191772460938,40.60892105102539,0.0,0.017030328523633006,-18.614280700683594,2
1KLU,8,30.3372745513916,16.434846878051758,72.55642700195312,0.0,0.007266555961683696,-17.299177169799805,6
1KLU,9,24.031957626342773,21.545166015625,64.42881774902344,0.0,0.007310370719812723,-14.798521041870117,4
1KLU,10,14.0794038772583,8.27194881439209,39.2295036315918,0.0,0.025559350020444422,-17.518186569213867,1
1KLU,11,21.304759979248047,16.938987731933594,51.133079528808594,0.0,0.011556982071197182,-15.030241012573242,2
1KLU,12,19.98654556274414,25.46437644958496,67.79576110839844,0.0,0.006311303235745295,-16.241954803466797,0
1KLU,13,18.58329200744629,13.933862686157227,43.35999298095703,0.0,0.016154319065730338,-17.45085334777832,11
1KLU,14,30.47289276123047,16.897506713867188,73.71208953857422,0.0,0.006980433090014239,-17.494226455688477,0
6AL0,0,13.201541900634766,10.739827156066895,27.618680953979492,0.0,0.03521876319264445,-16.610042572021484,7
6AL0,1,12.57132339477539,6.858866214752197,27.603221893310547,0.15,0.09408521473786725,-13.989574432373047,14
6AL0,2,17.448566436767578,9.27413558959961,35.32216262817383,0.0,0.02674392033612535,-12.498390197753906,15
6AL0,3,14.153800964355469,9.141098976135254,31.138755798339844,0.0,0.031855712574651085,-13.927955627441406,36
6AL0,4,14.19786262512207,10.776416778564453,28.905839920043945,0.0,0.03286487665050047,-18.792348861694336,7
6AL0,5,11.704740524291992,7.632948875427246,25.440425872802734,0.0,0.04586818916819003,-16.7720890045166,3
6AL0,6,15.782711029052734,10.500396728515625,32.0484733581543,0.0,0.02857296480547176,-13.077057838439941,11
6AL0,7,19.9620304107666,10.014172554016113,40.68244934082031,0.0,0.021257339670683353,-13.390865325927734,57
6AL0,8,13.543304443359375,11.321784019470215,27.410146713256836,0.0,0.03499283102655757,-19.036731719970703,1
6AL0,9,19.069000244140625,15.434947967529297,41.89891052246094,0.0,0.016295020884342284,-13.94481086730957,68
6AL0,10,15.208708763122559,10.490964889526367,34.26323699951172,0.0,0.026003039441527886,-14.019482612609863,42
6AL0,11,17.63947105407715,11.084550857543945,34.71753692626953,0.0,0.024845454188848353,-16.638565063476562,5
6AL0,12,16.534297943115234,10.597164154052734,35.122501373291016,0.0,0.024990154513263113,-18.29823875427246,5
6AL0,13,21.141416549682617,12.280904769897461,44.0802001953125,0.0,0.01684986314073724,-14.512533187866211,46
6AL0,14,12.308979034423828,9.690901756286621,26.040773391723633,0.0,0.039894407804072864,-14.268054962158203,40
1KAC,0,16.20655632019043,15.360684394836426,34.24695587158203,0.0,0.02249103364234498,-14.050821304321289,0
1KAC,1,11.533447265625,13.92358112335205,24.17028045654297,0.0,0.04051135959374858,-13.907876014709473,0
1KAC,2,7.04595422744751,8.998128890991211,20.845930099487305,0.0,0.0565327814951532,-16.809410095214844,0
1KAC,3,17.212312698364258,14.87517261505127,45.86751174926758,0.0,0.014422701418575158,-15.893675804138184,0
1KAC,4,15.512998580932617,12.762002944946289,47.43124008178711,0.0,0.014914114988676211,-18.6500186920166,1
1KAC,5,9.854690551757812,12.718368530273438,26.67987823486328,0.0,0.035288933833698126,-14.430904388427734,0
1KAC,6,11.683661460876465,10.244455337524414,30.98027229309082,0.0,0.03033228935924545,-16.337139129638672,0
1KAC,7,15.34174919128418,13.090025901794434,44.97108459472656,0.0,0.0158178607501085,-17.87299919128418,0
1KAC,8,12.878817558288574,12.025053024291992,44.407325744628906,0.0,0.01688813702134732,-19.798503875732422,0
1KAC,9,7.933900356292725,7.38242244720459,28.458467483520508,0.0,0.04051702878244854,-15.772683143615723,0
1KAC,10,12.255165100097656,10.833977699279785,42.38517379760742,0.0,0.019156970716118268,-20.995769500732422,2
1KAC,11,11.79597282409668,10.075178146362305,33.726627349853516,0.0,0.027136208488281174,-18.148408889770508,0
1KAC,12,11.262482643127441,13.735846519470215,26.1955509185791,0.0,0.03568134361522017,-13.770506858825684,0
1KAC,13,12.908968925476074,10.836800575256348,32.56708526611328,0.0,0.027525168233854497,-17.493297576904297,0
1KAC,14,17.629140853881836,13.834461212158203,47.962886810302734,0.0,0.014023350030654256,-18.678600311279297,0
4G6J,0,34.458274841308594,32.28664779663086,87.78086853027344,0.0,0.0038143720654383365,-18.9291934967041,6
4G6J,1,24.238866806030273,26.660005569458008,64.28762817382812,0.0,0.006778990347966987,-21.775632858276367,0
4G6J,2,9.107537269592285,9.248294830322266,18.273900985717773,0.0,0.06783546550118465,-19.529550552368164,0
4G6J,3,35.0232048034668,31.197275161743164,88.30033874511719,0.0,0.0038292759259348223,-18.46497344970703,10
4G6J,4,10.461648941040039,11.828238487243652,20.97793197631836,0.0,0.052283895705493,-19.375469207763672,5
4G6J,5,34.38779067993164,32.069969177246094,88.0715103149414,0.0,0.0038038698699767483,-19.300823211669922,5
4G6J,6,20.619325637817383,23.109634399414062,53.154205322265625,0.0,0.009709877546239639,-14.256497383117676,5
4G6J,7,21.975543975830078,20.58812141418457,55.58835220336914,0.0,0.009375793527883012,-16.197307586669922,1
4G6J,8,29.268177032470703,26.99237060546875,79.2119369506836,0.0,0.004820793642901767,-16.153165817260742,4
4G6J,9,13.497177124023438,18.32050323486328,31.83730125427246,0.0,0.024398616039665196,-20.30120086669922,2
4G6J,10,12.047163009643555,16.709402084350586,23.972070693969727,0.0,0.03989298222211279,-19.87713050842285,2
4G6J,11,9.587024688720703,9.40053653717041,19.277013778686523,0.0,0.0625359850230479,-17.703039169311523,5
4G6J,12,12.483933448791504,16.863603591918945,26.50676727294922,0.0,0.03369753859470683,-16.66973876953125,1
4G6J,13,12.646785736083984,17.352340698242188,27.79226303100586,0.0,0.03098482380988984,-17.572885513305664,2
4G6J,14,22.51921844482422,23.069490432739258,57.641109466552734,0.0,0.00849760114081662,-17.04814910888672,0
2GAF,0,21.973642349243164,20.28957176208496,53.24571228027344,0.0,0.010095544994981111,-15.19987678527832,9
2GAF,1,19.644058227539062,17.918170928955078,50.755558013916016,0.0,0.01141336980224384,-13.969064712524414,18
2GAF,2,17.317489624023438,16.898645401000977,30.092248916625977,0.0,0.02723613481537418,-15.76303768157959,5
2GAF,3,18.1268310546875,17.789640426635742,30.0577392578125,0.0,0.027035838987996077,-17.170673370361328,3
2GAF,4,14.344393730163574,14.928298950195312,25.652406692504883,0.222222,0.1103832889604996,-18.999828338623047,6
2GAF,5,17.519664764404297,16.125022888183594,39.158233642578125,0.0,0.017859111634613588,-17.480911254882812,0
2GAF,6,25.07468032836914,29.242572784423828,71.44799041748047,0.0,0.005526687601530758,-15.170492172241211,4
2GAF,7,18.67929458618164,17.627397537231445,31.28108787536621,0.0,0.025316351962170497,-17.016109466552734,8
2GAF,8,19.172452926635742,19.662715911865234,37.289886474609375,0.0,0.01839267418289171,-14.490334510803223,7
2GAF,9,18.502134323120117,18.06414794921875,31.81977081298828,0.0,0.024484445106613545,-15.565340042114258,5
2GAF,10,18.60438346862793,17.70024299621582,32.253021240234375,0.0,0.024024609424500774,-15.866389274597168,3
2GAF,11,24.442550659179688,24.517457962036133,66.33990478515625,0.0,0.0066269241326580046,-15.97949504852295,11
2GAF,12,14.722713470458984,14.957564353942871,34.42974090576172,0.0,0.022468260826902398,-16.223304748535156,14
2GAF,13,17.064455032348633,19.919893264770508,40.41061019897461,0.0,0.01600236072716202,-15.764116287231445,4
2GAF,14,18.08247184753418,16.984346389770508,30.535383224487305,0.0,0.026551453839651212,-18.941530227661133,3
1PVH,0,9.044151306152344,8.998698234558105,14.384223937988281,0.0,0.09528352974843862,-18.980070114135742,0
1PVH,1,9.899767875671387,9.996573448181152,22.426387786865234,0.0,0.049209895629561844,-15.949435234069824,1
1PVH,2,63.40175247192383,73.60081481933594,172.32012939453125,0.0,0.0009474691970389158,0.0,0
1PVH,3,23.918989181518555,12.535346984863281,52.18478775024414,0.0,0.01332061902611574,-18.8287410736084,0
1PVH,4,8.63947582244873,8.855011940002441,13.623739242553711,0.0,0.10269643100018322,-19.370466232299805,0
1PVH,5,8.1130952835083,8.494213104248047,15.746615409851074,0.0,0.08529244392253049,-17.994407653808594,0
1PVH,6,10.829419136047363,10.283262252807617,18.850765228271484,0.0,0.06326666504235205,-21.23905372619629,0
1PVH,7,12.254944801330566,11.379889488220215,19.991748809814453,0.0,0.05672517687442418,-16.635147094726562,7
1PVH,8,19.507015228271484,12.97293758392334,43.410682678222656,0.0,0.016705514693995838,-16.791711807250977,0
1PVH,9,16.14556121826172,14.473527908325195,52.431800842285156,0.0,0.012078318477471225,-18.30727767944336,3
1PVH,10,22.1466064453125,11.545101165771484,48.7607536315918,0.0,0.015363937280860808,-16.171016693115234,3
1PVH,11,10.098803520202637,10.214813232421875,20.345760345458984,0.0,0.05656995149786726,-15.423535346984863,0
1PVH,12,23.169700622558594,13.879819869995117,59.20181655883789,0.0,0.01058077142808699,-15.739180564880371,4
1PVH,13,8.717299461364746,9.4544038772583,13.308149337768555,0.0,0.10476638238871555,-18.19305992126465,0
1PVH,14,9.880510330200195,9.675597190856934,17.469175338745117,0.0,0.07163340319588127,-16.4335994720459,1
1OPH,0,10.502079010009766,7.660043239593506,35.06237030029297,0.0,0.030812549049718464,-15.306563377380371,5
1OPH,1,18.19661521911621,12.641709327697754,39.22040939331055,0.0,0.01958187134809181,-16.423519134521484,8
1OPH,2,10.60887336730957,9.462156295776367,32.794517517089844,0.0,0.029154942688623158,-15.148542404174805,1
1OPH,3,18.14949607849121,13.459848403930664,39.91251754760742,0.0,0.01855124572040064,-14.841053009033203,7
1OPH,4,17.496309280395508,13.352508544921875,35.43999481201172,0.0,0.022285935129819284,-14.926647186279297,10
1OPH,5,30.571744918823242,30.52597427368164,99.50016021728516,0.0,0.0032178914891045976,-13.741514205932617,5
1OPH,6,17.75038719177246,11.46291732788086,34.39158248901367,0.0,0.024801170227250115,-15.54233169555664,13
1OPH,7,30.719646453857422,29.855192184448242,97.51512145996094,0.0,0.00335285586567215,-15.057401657104492,5
1OPH,8,17.892738342285156,12.990324974060059,39.51344299316406,0.0,0.019128834648264596,-16.14444923400879,8
1OPH,9,10.328483581542969,7.101041793823242,32.41236877441406,0.0,0.03568743923680706,-11.821325302124023,9
1OPH,10,8.2557954788208,6.978460788726807,16.16861915588379,0.096774,0.11915481032400661,-13.64232063293457,10
1OPH,11,21.600704193115234,11.257925033569336,56.434837341308594,0.0,0.013208375096575298,-12.884772300720215,11
1OPH,12,12.489945411682129,8.989931106567383,40.46039962768555,0.0,0.02311829221630447,-20.143877029418945,1
1OPH,13,18.580942153930664,13.540739059448242,42.68992614746094,0.0,0.01675194398743755,-15.99172592163086,7
1OPH,14,17.378171920776367,13.123127937316895,37.96978759765625,0.0,0.020206384484269358,-16.49176597595215,10
1J2J,0,12.104564666748047,14.158955574035645,34.686336517333984,0.0,0.022582658516819926,-14.279526710510254,0
1J2J,1,2.4503180980682373,2.701051712036133,8.020702362060547,0.2,0.32156541732277577,-16.697879791259766,0
1J2J,2,5.481016635894775,5.747130870819092,17.605669021606445,0.0,0.08426960147553257,-19.45612144470215,0
1J2J,3,7.470261096954346,7.320705413818359,20.45022201538086,0.0,0.06253398042386303,-17.608396530151367,0
1J2J,4,8.151107788085938,7.978543758392334,20.405561447143555,0.4,0.19399974074976933,-23.21755599975586,0
1J2J,5,8.34738826751709,8.153800010681152,21.95309066772461,0.0,0.05436851697085499,-24.201190948486328,0
1J2J,6,5.959939956665039,5.944291114807129,17.51254653930664,0.0,0.08350957945316016,-24.107324600219727,0
1J2J,7,4.231216907501221,4.079428195953369,12.984150886535645,0.0,0.1396978917339892,-21.06601333618164,0
1J2J,8,2.737806558609009,2.932640552520752,9.225765228271484,0.0,0.22216347924131866,-17.150915145874023,0
1J2J,9,7.182932376861572,7.416977405548096,22.721397399902344,0.0,0.05402021709603364,-16.723590850830078,0
1J2J,10,5.9579973220825195,6.035365581512451,15.453635215759277,0.4,0.23014761475547219,-23.01164436340332,0
1J2J,11,5.526062488555908,5.671779632568359,16.262638092041016,0.0,0.09331283827116506,-23.380504608154297,0
1J2J,12,10.371225357055664,10.562267303466797,25.69752311706543,0.2,0.10612972419742102,-22.630691528320312,0
1J2J,13,15.243337631225586,12.93449592590332,42.81804656982422,0.0,0.017061399322678347,-19.229368209838867,0
1J2J,14,9.454447746276855,10.791609764099121,21.641063690185547,0.0,0.05086842912133372,-19.060625076293945,0
4FZA,0,20.60017204284668,16.140493392944336,31.297374725341797,0.0,0.025752040968482503,-16.483760833740234,4
4FZA,1,18.542673110961914,14.208083152770996,46.396270751953125,0.0,0.014498947917675592,-15.263822555541992,29
4FZA,2,11.509105682373047,9.19533634185791,25.373165130615234,0.0,0.042273842597531024,-16.383987426757812,16
4FZA,3,8.783538818359375,7.854203224182129,18.875871658325195,0.0,0.06792746725863152,-16.225643157958984,12
4FZA,4,20.02436637878418,15.695839881896973,31.022268295288086,0.0,0.026293997667328622,-16.612672805786133,3
4FZA,5,20.610061645507812,15.470027923583984,31.24030113220215,0.0,0.026080422058622484,-16.29137420654297,9
4FZA,6,11.416218757629395,9.850991249084473,23.70476722717285,0.0,0.045529863929452095,-16.358522415161133,14
4FZA,7,20.028308868408203,14.604077339172363,30.858078002929688,0.0,0.026987876851434497,-16.02602767944336,7
4FZA,8,8.5357027053833,7.8520402908325195,18.449871063232422,0.0,0.07009919089735547,-16.217344284057617,13
4FZA,9,16.110897064208984,11.081332206726074,29.229738235473633,0.0,0.03198810089748392,-15.926399230957031,9
4FZA,10,20.83075714111328,16.2445125579834,31.70025634765625,0.0,0.025176381444487056,-15.802562713623047,6
4FZA,11,8.288456916809082,6.912630558013916,16.486949920654297,0.0,0.0849852135331051,-14.099860191345215,7
4FZA,12,11.286043167114258,12.218935012817383,27.165176391601562,0.0,0.03467407211400835,-19.197484970092773,2
4FZA,13,20.63037109375,15.371597290039062,32.26620864868164,0.0,0.024775432438433817,-15.786033630371094,5
4FZA,14,11.626920700073242,11.748739242553711,25.96875762939453,0.0,0.037602545422787646,-19.695905685424805,8
2PCC,0,24.78142547607422,25.129362106323242,66.60304260253906,0.0,0.006525559478485071,-16.11285400390625,7
2PCC,1,14.638975143432617,13.044748306274414,49.394615173339844,0.0,0.013936974493660681,-14.72622013092041,0
2PCC,2,24.560504913330078,19.691452026367188,67.07892608642578,0.0,0.007190824647412373,-21.679292678833008,0
2PCC,3,13.437594413757324,10.608567237854004,36.276676177978516,0.5,0.19054825478219262,-15.52151870727539,1
2PCC,4,19.024642944335938,15.312472343444824,53.32856369018555,0.0,0.011426780579288781,-13.801645278930664,1
2PCC,5,16.469482421875,13.123498916625977,52.21500778198242,0.0,0.01290389780430965,-15.789302825927734,0
2PCC,6,21.921533584594727,17.669677734375,64.80793762207031,0.0,0.008022047808559182,-14.357361793518066,0
2PCC,7,16.895652770996094,15.16236686706543,46.99237823486328,0.0,0.013791100377586263,-17.974868774414062,0
2PCC,8,17.733266830444336,14.069723129272461,54.54658126831055,0.0,0.011648566948470185,-15.57567024230957,1
2PCC,9,17.489154815673828,13.636430740356445,51.71749496459961,0.0,0.012752376478929085,-14.280478477478027,1
2PCC,10,21.375638961791992,17.39899253845215,59.0626106262207,0.0,0.009222980007429583,-16.180925369262695,3
2PCC,11,24.469131469726562,19.488086700439453,67.10003662109375,0.0,0.0072276703869140315,-21.480745315551758,1
2PCC,12,17.686071395874023,13.99644660949707,52.39078140258789,0.0,0.012334152114474167,-15.307453155517578,0
2PCC,13,17.935009002685547,14.377143859863281,53.97860336303711,0.0,0.01165491600998661,-14.974968910217285,0
2PCC,14,24.82716178894043,24.78782844543457,66.17962646484375,0.0,0.006625739535548778,-16.384675979614258,5
4JCV,0,18.819690704345703,15.349215507507324,46.06584548950195,0.0,0.014128614187287026,-17.868085861206055,2
4JCV,1,34.49500274658203,36.410526275634766,84.24925994873047,0.0,0.003923583921980767,-13.31039047241211,15
4JCV,2,34.310054779052734,27.08477783203125,83.31180572509766,0.0,0.004453296173471241,-16.21137809753418,0
4JCV,3,31.383407592773438,28.64889907836914,75.69583129882812,0.0,0.005062079319032291,-13.547216415405273,24
4JCV,4,33.76247024536133,27.57972526550293,81.81153106689453,0.0,0.004542894086241474,-18.777942657470703,0
4JCV,5,21.54720115661621,21.037296295166016,54.29787826538086,0.0,0.009659351776674817,-18.791353225708008,2
4JCV,6,14.12127685546875,17.594879150390625,30.894941329956055,0.0,0.02586110613435162,-13.21473503112793,19
4JCV,7,25.85940933227539,18.37721824645996,66.11517333984375,0.0,0.007626006075064189,-18.173479080200195,2
4JCV,8,25.49681282043457,19.825876235961914,65.10293579101562,0.0,0.00748416725926563,-17.199073791503906,6
4JCV,9,33.055816650390625,26.531349182128906,79.3072509765625,0.0,0.004847641145397134,-17.51769256591797,0
4JCV,10,17.48908233642578,17.52007293701172,38.43463897705078,0.0,0.017968525617781214,-15.630793571472168,8
4JCV,11,33.12662124633789,34.87797164916992,88.21812438964844,0.0,0.0036815079819188107,-19.14129638671875,3
4JCV,12,34.24085235595703,28.492053985595703,83.3281021118164,0.0,0.004354039540141305,-17.011810302734375,0
4JCV,13,32.34455871582031,23.5198917388916,77.73463439941406,0.0,0.005288744445653578,-17.792146682739258,2
4JCV,14,21.724843978881836,21.315757751464844,54.16294479370117,0.0,0.009654622622876486,-17.37611961364746,5
1JZD,0,10.881741523742676,15.103389739990234,25.79281997680664,0.0,0.03591024097500783,-13.069741249084473,2
1JZD,1,25.941112518310547,27.78430938720703,62.69843292236328,0.0,0.006984524480722802,-16.929534912109375,5
1JZD,2,10.667238235473633,13.541797637939453,25.090364456176758,0.0,0.03835796306032596,-15.23826789855957,1
1JZD,3,11.637858390808105,15.063343048095703,27.097490310668945,0.1,0.06646689090930759,-16.207462310791016,0
1JZD,4,11.278746604919434,15.314533233642578,25.713178634643555,0.0,0.03600456912825955,-14.58161449432373,5
1JZD,5,26.181875228881836,23.692426681518555,63.177005767822266,0.0,0.0072573993224159805,-17.842418670654297,5
1JZD,6,26.503833770751953,29.120943069458008,63.7230339050293,0.0,0.006709322079899298,-19.747507095336914,6
1JZD,7,8.535086631774902,8.822759628295898,21.168397903442383,0.0,0.055647193252556175,-13.072315216064453,12
1JZD,8,9.331103324890137,12.602105140686035,21.755922317504883,0.0,0.04879998287044938,-17.06827735900879,0
1JZD,9,8.939019203186035,11.389768600463867,24.360868453979492,0.0,0.0418601691559635,-13.69246768951416,3
1JZD,10,10.590322494506836,13.359275817871094,24.896940231323242,0.0,0.038947153168682656,-15.35159683227539,0
1JZD,11,9.747504234313965,13.121105194091797,21.43587303161621,0.0,0.04959112017158165,-14.694474220275879,2
1JZD,12,9.161712646484375,11.431333541870117,21.94675064086914,0.0,0.0491210579312717,-17.610309600830078,0
1JZD,13,26.42225456237793,24.966846466064453,63.25996017456055,0.0,0.007110227541030779,-17.389976501464844,4
1JZD,14,9.406532287597656,11.969971656799316,22.115066528320312,0.0,0.04805791691623152,-15.433860778808594,0
1I4D,0,17.786806106567383,10.950796127319336,49.491676330566406,0.0,0.0156895162331506,-14.429193496704102,8
1I4D,1,21.500211715698242,18.202617645263672,49.769840240478516,0.0,0.011695386515636735,-16.0197696685791,2
1I4D,2,18.076671600341797,15.844460487365723,40.869537353515625,0.0,0.016781542096163456,-15.41429615020752,6
1I4D,3,24.63511085510254,16.1763973236084,59.260684967041016,0.0,0.009561239808134675,-13.36816120147705,8
1I4D,4,17.88876724243164,17.4060001373291,46.591548919677734,0.0,0.01319425395408136,-13.018797874450684,3
1I4D,5,18.22593879699707,9.74167251586914,52.32181167602539,0.0,0.016291130279290102,-14.791524887084961,6
1I4D,6,17.495386123657227,16.391611099243164,46.03615951538086,0.0,0.013757230324002835,-14.513253211975098,1
1I4D,7,17.695493698120117,18.800399780273438,43.48806381225586,0.0,0.01437424014441365,-13.018186569213867,13
1I4D,8,19.796110153198242,17.57744789123535,44.31055450439453,0.0,0.014240532852217325,-16.531749725341797,6
1I4D,9,22.579320907592773,22.98688507080078,46.743446350097656,0.0,0.012082931432155478,-13.448108673095703,2
1I4D,10,19.50829315185547,16.657365798950195,44.02166748046875,0.0,0.014662094254084379,-13.741978645324707,6
1I4D,11,22.88205909729004,19.252134323120117,51.71940231323242,0.0,0.010777963923268269,-13.391632080078125,9
1I4D,12,19.435270309448242,16.13821029663086,44.28837966918945,0.0,0.014697121678814101,-15.607316017150879,6
1I4D,13,23.168752670288086,22.910945892333984,49.23681640625,0.0,0.01106949853252969,-11.988971710205078,4
1I4D,14,23.744367599487305,19.692630767822266,54.186378479003906,0.0,0.009928158391788636,-16.445167541503906,6
2DD8,0,13.70279312133789,11.460805892944336,25.96728515625,0.0,0.037873278665882026,-17.265010833740234,9
2DD8,1,12.403767585754395,11.318150520324707,26.29844856262207,0.0,0.037282247732461436,-15.86778450012207,0
2DD8,2,21.82607078552246,17.199825286865234,49.089881896972656,0.0,0.012219005740095538,-15.175376892089844,9
2DD8,3,14.080427169799805,13.689875602722168,26.749774932861328,0.0,0.03452473554501502,-14.735081672668457,26
2DD8,4,11.17525863647461,13.241828918457031,21.617143630981445,0.0,0.048858955014236705,-19.0941219329834,1
2DD8,5,16.192886352539062,14.741291046142578,31.569385528564453,0.0,0.025947444807684062,-17.23816680908203,4
2DD8,6,16.712242126464844,14.359840393066406,31.9783992767334,0.0,0.025594461501524748,-14.64319133758545,22
2DD8,7,11.679450035095215,13.24657154083252,22.46539306640625,0.0,0.04596302102149153,-16.956727981567383,0
2DD8,8,12.78250503540039,10.167810440063477,29.02743148803711,0.133333,0.07786943027198652,-17.331880569458008,2
2DD8,9,10.58838176727295,7.74674654006958,22.672096252441406,0.0,0.053124489467599734,-17.84331703186035,4
2DD8,10,14.008755683898926,14.50983715057373,27.981443405151367,0.0,0.03168536430764505,-15.615604400634766,7
2DD8,11,9.182441711425781,7.986387252807617,19.594335556030273,0.0,0.06415062756065935,-19.805091857910156,3
2DD8,12,15.086311340332031,14.485570907592773,30.039579391479492,0.0,0.028246696899288156,-16.572612762451172,11
2DD8,13,15.267828941345215,14.585707664489746,30.53669548034668,0.0,0.027458210154134344,-16.50509262084961,7
2DD8,14,19.01018524169922,16.348478317260742,37.71565246582031,0.0,0.018894962516377147,-13.496373176574707,41
3AAA,0,28.57900047302246,24.32555389404297,76.37273406982422,0.0,0.005341097145312849,-18.278188705444336,0
3AAA,1,18.832393646240234,17.207735061645508,54.091285705566406,0.0,0.010546593463789338,-20.9030818939209,0
3AAA,2,18.66777229309082,20.263212203979492,59.19095993041992,0.0,0.008551702652025291,-20.38996696472168,1
3AAA,3,7.24923849105835,7.2873382568359375,20.580747604370117,0.0,0.06212185019714004,-15.603511810302734,9
3AAA,4,10.89969539642334,9.908858299255371,29.42612648010254,0.0,0.03313865570768775,-16.748077392578125,3
3AAA,5,12.236424446105957,14.22559928894043,32.183475494384766,0.0,0.02540072101507687,-18.475173950195312,0
3AAA,6,28.807937622070312,25.12980079650879,74.21806335449219,0.0,0.005498987092941079,-20.159860610961914,1
3AAA,7,24.63931655883789,21.846254348754883,65.6187973022461,0.0,0.0070649941031556245,-19.659561157226562,0
3AAA,8,10.309382438659668,12.301640510559082,25.474374771118164,0.0,0.03827714378772149,-19.18909454345703,0
3AAA,9,28.547630310058594,24.852590560913086,76.52593231201172,0.0,0.005272189755284709,-19.01515007019043,0
3AAA,10,19.6405029296875,19.573457717895508,58.586273193359375,0.0,0.008818098299611906,-19.23219108581543,0
3AAA,11,22.14872932434082,19.10672950744629,63.99814224243164,0.0,0.007819966515049251,-21.409101486206055,0
3AAA,12,11.200343132019043,13.243931770324707,32.395957946777344,0.0,0.025691210062259554,-18.218706130981445,0
3AAA,13,7.090752601623535,6.021848201751709,20.802927017211914,0.0,0.06716277519189195,-15.302850723266602,1
3AAA,14,19.527090072631836,16.866233825683594,58.584957122802734,0.0,0.009488014178148764,-16.979700088500977,5
1QA9,0,10.243051528930664,9.522235870361328,35.72872543334961,0.0,0.025926686714023494,-17.328998565673828,2
1QA9,1,9.924229621887207,8.521419525146484,19.759811401367188,0.0,0.062067634885192714,-20.247190475463867,1
1QA9,2,10.948677062988281,10.869756698608398,32.50700378417969,0.0,0.027561559100789574,-19.74793243408203,2
1QA9,3,5.957068920135498,7.440430164337158,10.287629127502441,0.0,0.1482533821296342,-16.09804916381836,0
1QA9,4,9.76618766784668,10.701991081237793,32.546966552734375,0.0,0.027705584441102427,-17.419267654418945,4
1QA9,5,8.080639839172363,8.195751190185547,18.737743377685547,0.0,0.06769086778180444,-19.099231719970703,0
1QA9,6,9.170516967773438,8.321943283081055,30.62944221496582,0.0,0.03432395954672566,-17.95805549621582,2
1QA9,7,6.850352764129639,7.224366664886475,10.604818344116211,0.0,0.1441592954483034,-17.518630981445312,0
1QA9,8,6.2437872886657715,7.303954601287842,12.930563926696777,0.0,0.11406768362692392,-16.668119430541992,0
1QA9,9,9.54769515991211,9.10428524017334,21.479461669921875,0.0,0.053941448508817984,-18.179443359375,6
1QA9,10,13.057700157165527,11.546917915344238,46.833675384521484,0.0,0.016161535666014578,-18.13182258605957,1
1QA9,11,9.006072044372559,9.822270393371582,22.039533615112305,0.0,0.0507574948753495,-22.51235580444336,1
1QA9,12,15.5040864944458,15.028071403503418,60.395362854003906,0.0,0.009762409129868874,-18.191492080688477,0
1QA9,13,12.352948188781738,10.395570755004883,27.184221267700195,0.0,0.03648589494974949,-18.849145889282227,0
1QA9,14,17.541786193847656,18.364246368408203,62.911190032958984,0.0,0.00818507271620487,-16.89269256591797,0
1M27,0,11.086631774902344,7.813962459564209,30.999555587768555,0.0,0.03515579514654119,-17.953962326049805,0
1M27,1,17.38103485107422,13.242820739746094,47.244380950927734,0.0,0.014674001309362257,-19.799697875976562,5
1M27,2,11.543281555175781,8.36950969696045,32.46541976928711,0.0,0.031757213284811084,-19.90152931213379,0
1M27,3,8.684422492980957,9.133675575256348,29.66828155517578,0.0,0.034039594219133995,-19.237199783325195,0
1M27,4,11.859840393066406,9.51904296875,30.949207305908203,0.0,0.03145601428642506,-19.77237892150879,0
1M27,5,12.017610549926758,9.187505722045898,37.761173248291016,0.0,0.024729801059571805,-17.249338150024414,0
1M27,6,14.393388748168945,11.64748477935791,45.27264404296875,0.0,0.016788267977465816,-18.842002868652344,2
1M27,7,11.463019371032715,8.174317359924316,31.698158264160156,0.0,0.03321964904339034,-18.543607711791992,0
1M27,8,12.377236366271973,12.792137145996094,41.1087760925293,0.0,0.018187874155120454,-17.715797424316406,0
1M27,9,8.612672805786133,6.4546051025390625,24.021488189697266,0.0,0.0541719028885582,-19.685606002807617,0
1M27,10,11.777665138244629,8.3253812789917,34.7940673828125,0.0,0.029253333750718803,-19.22254180908203,0
1M27,11,13.507771492004395,10.141927719116211,39.80366134643555,0.0,0.02167344147316255,-19.090906143188477,0
1M27,12,15.224196434020996,12.003220558166504,45.023990631103516,0.0,0.016596974300094002,-18.174602508544922,0
1M27,13,10.649752616882324,10.344120979309082,29.155376434326172,0.0,0.032977588524011246,-23.523330688476562,0
1M27,14,10.445018768310547,10.169379234313965,26.596113204956055,0.0,0.037989600263981904,-20.121910095214844,0
1KKL,0,25.105968475341797,28.915172576904297,73.34649658203125,0.0,0.005312000852911101,-16.659961700439453,2
1KKL,1,11.721160888671875,12.886107444763184,37.314571380615234,0.111111,0.05793660055963179,-11.905908584594727,7
1KKL,2,18.494890213012695,24.136791229248047,57.126625061035156,0.0,0.008502284761749185,-20.27400016784668,1
1KKL,3,6.9093098640441895,11.15048885345459,18.555782318115234,0.0,0.06373876852315229,-22.736827850341797,0
1KKL,4,20.514142990112305,20.82230567932129,61.39884948730469,0.0,0.007989224672721515,-15.838584899902344,2
1KKL,5,7.190079689025879,11.901639938354492,19.23016357421875,0.0,0.059693103932625204,-22.38116455078125,0
1KKL,6,23.2802677154541,27.377683639526367,67.91122436523438,0.0,0.006139036701770818,-17.03156089782715,2
1KKL,7,18.28508186340332,24.3085880279541,56.08182144165039,0.0,0.008749711734861004,-17.943824768066406,0
1KKL,8,10.624709129333496,11.437102317810059,33.36276626586914,0.0,0.025954598713465605,-12.887187957763672,3
1KKL,9,17.477741241455078,23.41826057434082,54.06061935424805,0.0,0.009403705008095746,-24.0196533203125,0
1KKL,10,19.275693893432617,21.53076934814453,60.154666900634766,0.0,0.008135223941384979,-12.511983871459961,2
1KKL,11,20.58840560913086,24.579084396362305,61.8326416015625,0.0,0.007419151922498951,-16.119203567504883,1
1KKL,12,10.672514915466309,13.340819358825684,34.082340240478516,0.0,0.02368016462679259,-16.96308708190918,0
1KKL,13,21.654685974121094,24.63665199279785,65.75069427490234,0.0,0.0067103016191997,-11.901714324951172,15
1KKL,14,16.725313186645508,20.579620361328125,52.99907302856445,0.0,0.010120436926946173,-18.542037963867188,0
1XD3,0,8.7167329788208,9.252670288085938,20.01835060119629,0.0,0.05945394410660513,-16.46146583557129,3
1XD3,1,5.866771221160889,5.9747209548950195,12.824301719665527,0.090909,0.1518080247651851,-20.551551818847656,2
1XD3,2,20.001081466674805,17.932209014892578,52.680641174316406,0.0,0.010773855171694616,-15.613189697265625,1
1XD3,3,7.448944091796875,7.2312188148498535,20.47541618347168,0.0,0.06275163451187318,-21.572359085083008,1
1XD3,4,5.603324890136719,5.96178674697876,11.94876766204834,0.272727,0.2227574934688834,-19.904491424560547,3
1XD3,5,5.956370830535889,6.387305736541748,12.723505020141602,0.045455,0.13543396222827328,-16.158620834350586,4
1XD3,6,12.213997840881348,12.191802024841309,33.99386978149414,0.0,0.024585006598833517,-17.702238082885742,0
1XD3,7,10.160977363586426,10.355965614318848,25.1684627532959,0.0,0.04097636207797484,-17.681520462036133,1
1XD3,8,2.9282078742980957,2.9641294479370117,7.641491889953613,0.0,0.2523044777342316,-19.827566146850586,0
1XD3,9,6.933717727661133,7.4203386306762695,14.686083793640137,0.045455,0.11188077049996469,-18.92502784729004,1
1XD3,10,6.947317600250244,7.537343502044678,14.792895317077637,0.045455,0.11058820462683656,-16.57659339904785,0
1XD3,11,63.27695083618164,71.99122619628906,165.31199645996094,0.0,0.0010235923453740736,0.0,0
1XD3,12,5.603773593902588,5.690621376037598,13.51260757446289,0.0,0.11615907097957796,-19.360897064208984,1
1XD3,13,23.215917587280273,20.68393898010254,69.97425079345703,0.0,0.006590942376992595,-13.318747520446777,0
1XD3,14,9.247840881347656,9.597480773925781,21.3322811126709,0.0,0.053619665570463236,-18.165117263793945,0
1CLV,0,10.666821479797363,19.6441707611084,44.13335418701172,0.0,0.013854700144263621,-13.290060997009277,26
1CLV,1,1.2703577280044556,2.6301724910736084,5.235148906707764,0.3,0.4234707603366566,-20.735803604125977,0
1CLV,2,4.72349739074707,10.234817504882812,19.407554626464844,0.1,0.09399186405963948,-23.378021240234375,2
1CLV,3,9.014776229858398,16.816667556762695,38.211097717285156,0.0,0.018347838565779095,-19.47371482849121,7
1CLV,4,3.3800742626190186,8.238255500793457,13.519367218017578,0.0,0.10513194397313853,-21.124826431274414,0
1CLV,5,4.668821811676025,10.144097328186035,19.34145736694336,0.0,0.061089617041274,-16.51191520690918,1
1CLV,6,4.706419944763184,9.977764129638672,19.77826690673828,0.0,0.05933456181328255,-22.53986358642578,2
1CLV,7,9.710618019104004,18.001951217651367,40.44097137451172,0.0,0.016400961973198534,-16.21436309814453,4
1CLV,8,8.34665584564209,16.010515213012695,35.261085510253906,0.0,0.021206433112783692,-14.97041130065918,7
1CLV,9,3.900146007537842,8.576703071594238,16.246002197265625,0.0,0.08153083372782921,-18.771923065185547,4
1CLV,10,6.0018744468688965,12.604153633117676,25.684961318969727,0.0,0.03755727023914516,-19.86217498779297,6
1CLV,11,10.907397270202637,20.528343200683594,44.9654655456543,0.0,0.013270603912729028,-14.398360252380371,27
1CLV,12,8.752113342285156,17.288713455200195,37.06298828125,0.0,0.019146575019599068,-19.53419303894043,5
1CLV,13,10.12999153137207,18.729991912841797,41.86090850830078,0.0,0.015323612943171068,-14.030693054199219,26
1CLV,14,5.692806243896484,12.1236572265625,24.30697250366211,0.0,0.041346159247540086,-20.017915725708008,4
1PXV,0,16.455577850341797,16.451644897460938,41.219337463378906,0.0,0.016344734214093118,-13.621403694152832,0
1PXV,1,14.67784595489502,13.115290641784668,33.419776916503906,0.0,0.02455676935177072,-16.157472610473633,0
1PXV,2,16.181116104125977,16.254127502441406,35.59428024291992,0.0,0.020798158036002868,-18.525768280029297,3
1PXV,3,17.248254776000977,16.38422966003418,39.634212493896484,0.0,0.017427734611014385,-16.362770080566406,0
1PXV,4,15.2388277053833,13.769909858703613,34.00397872924805,0.0,0.02351261658401484,-15.637075424194336,0
1PXV,5,14.392654418945312,15.613726615905762,40.94501495361328,0.0,0.01682009093223829,-15.906947135925293,0
1PXV,6,13.404074668884277,11.138678550720215,23.382144927978516,0.0,0.04484572375380443,-17.993894577026367,0
1PXV,7,17.21144676208496,16.506820678710938,39.481807708740234,0.0,0.017495422077608333,-17.006174087524414,0
1PXV,8,15.123238563537598,12.775327682495117,26.805625915527344,0.0,0.03498756147997931,-17.800125122070312,0
1PXV,9,10.493775367736816,9.350048065185547,22.701698303222656,0.0,0.049348422674095,-15.881180763244629,1
1PXV,10,13.378643989562988,11.58057689666748,25.395029067993164,0.0,0.03908180787268545,-17.919599533081055,0
1PXV,11,15.714527130126953,14.093481063842773,34.17543411254883,0.0,0.023152392456331435,-16.121809005737305,0
1PXV,12,16.469646453857422,14.501643180847168,32.43292999267578,0.0,0.0249523108454394,-16.6103572845459,0
1PXV,13,15.602860450744629,12.998430252075195,32.525962829589844,0.054054,0.0437077402602671,-20.43307876586914,1
1PXV,14,13.275238990783691,12.384162902832031,29.93236541748047,0.0,0.029693936850059627,-15.764274597167969,0
6OC3,0,14.192523002624512,8.837815284729004,32.28371810913086,0.0,0.030942668482677824,-15.98165225982666,1
6OC3,1,14.290337562561035,8.723808288574219,35.052223205566406,0.0,0.028084546803558014,-15.500434875488281,2
6OC3,2,11.731565475463867,7.929409027099609,26.199872970581055,0.0,0.04325981193418458,-15.085389137268066,8
6OC3,3,20.477201461791992,12.543815612792969,45.4926872253418,0.0,0.015943581866543908,-14.036212921142578,52
6OC3,4,16.161300659179688,12.099517822265625,36.730865478515625,0.0,0.021988777227645164,-16.388011932373047,2
6OC3,5,15.810157775878906,11.804427146911621,34.24903869628906,0.0,0.024637027173638148,-17.18629264831543,0
6OC3,6,17.026653289794922,8.823982238769531,47.65674591064453,0.0,0.019638838519991833,-15.95841121673584,6
6OC3,7,13.365272521972656,12.998126983642578,24.61371421813965,0.0,0.039897499444992914,-16.68006706237793,0
6OC3,8,17.690074920654297,10.9535551071167,47.88734817504883,0.0,0.016317253111198214,-16.83171844482422,15
6OC3,9,11.241586685180664,8.5928955078125,24.895231246948242,0.0,0.04465839800809231,-15.248468399047852,6
6OC3,10,9.859909057617188,6.905096054077148,24.27561378479004,0.0,0.0514250289812496,-16.920883178710938,2
6OC3,11,18.896522521972656,10.278670310974121,47.482791900634766,0.0,0.017300930185699063,-19.74607276916504,0
6OC3,12,16.03302001953125,8.057612419128418,44.026458740234375,0.0,0.023143155284617207,-14.311436653137207,4
6OC3,13,15.0935697555542,9.107830047607422,36.62245178222656,0.0,0.025841191499342747,-15.370643615722656,2
6OC3,14,9.817051887512207,9.802098274230957,18.720060348510742,0.0,0.06460355049785603,-16.614334106445312,1
3WD5,0,11.883941650390625,9.70382308959961,20.832199096679688,0.0,0.05535278566547248,-12.667916297912598,40
3WD5,1,27.671646118164062,18.306020736694336,67.25922393798828,0.0,0.00746314497477452,-15.132501602172852,24
3WD5,2,28.184200286865234,20.755882263183594,64.50614929199219,0.0,0.007420905220977546,-17.154436111450195,11
3WD5,3,29.314186096191406,21.231971740722656,66.50975036621094,0.0,0.00701231403586568,-17.809246063232422,16
3WD5,4,29.430206298828125,19.233728408813477,63.43882369995117,0.0,0.007893785895086788,-17.44736671447754,14
3WD5,5,29.443571090698242,18.564682006835938,67.8014144897461,0.0,0.0073198463412230364,-16.07723617553711,15
3WD5,6,27.647695541381836,22.03889274597168,72.31229400634766,0.0,0.006079897980986606,-14.600876808166504,17
3WD5,7,48.17992401123047,66.91460418701172,146.6585693359375,0.0,0.0012833691408144475,0.0,0
3WD5,8,27.87140464782715,20.510887145996094,62.83334732055664,0.0,0.007763736344964651,-17.32052230834961,9
3WD5,9,30.693035125732422,17.670007705688477,72.79094696044922,0.0,0.006869043058092439,-16.548484802246094,17
3WD5,10,28.432607650756836,20.393999099731445,63.38005447387695,0.0,0.00768292997838774,-18.234189987182617,5
3WD5,11,19.28422737121582,14.912252426147461,45.58699417114258,0.0,0.014538235691864654,-15.069808959960938,10
3WD5,12,25.63433074951172,16.97654151916504,63.35997009277344,0.0,0.008475222445985671,-15.289183616638184,20
3WD5,13,25.405288696289062,18.871517181396484,65.53295135498047,0.0,0.007607802819853703,-16.572317123413086,10
3WD5,14,22.512989044189453,17.849180221557617,37.02884292602539,0.0,0.019022902747531666,-17.103252410888672,0
4M5Z,0,12.266345024108887,11.951728820800781,24.692224502563477,0.0,0.0404841555727546,-15.19007682800293,2
4M5Z,1,6.35248327255249,6.395998001098633,16.164012908935547,0.0,0.08958610041611954,-14.610574722290039,2
4M5Z,2,15.346866607666016,14.36600399017334,30.597412109375,0.0,0.02747634103047204,-14.812196731567383,2
4M5Z,3,8.874781608581543,5.950479507446289,24.78915786743164,0.0,0.05498441749941429,-15.064286231994629,5
4M5Z,4,9.289236068725586,7.7852702140808105,30.149351119995117,0.0,0.03647513410410629,-13.8410062789917,4
4M5Z,5,7.413400173187256,9.198254585266113,16.33721351623535,0.0,0.0796447031723699,-16.152719497680664,5
4M5Z,6,14.336186408996582,13.420713424682617,31.85186195373535,0.0,0.026272657840992603,-15.541654586791992,7
4M5Z,7,16.479663848876953,11.252083778381348,50.86802291870117,0.0,0.014874843554521705,-13.507865905761719,3
4M5Z,8,19.828325271606445,11.687654495239258,54.90779113769531,0.0,0.013202704470782695,-13.15060043334961,14
4M5Z,9,11.807181358337402,10.746896743774414,24.819538116455078,0.0,0.04136130272222117,-12.211636543273926,55
4M5Z,10,14.549384117126465,11.442668914794922,45.96183776855469,0.0,0.016654708206833322,-13.991288185119629,5
4M5Z,11,17.044397354125977,13.688809394836426,40.07126998901367,0.0,0.018307771553003966,-16.284873962402344,9
4M5Z,12,7.603061676025391,7.205996036529541,15.004558563232422,0.0,0.09482687312027067,-14.599713325500488,7
4M5Z,13,21.978574752807617,16.576995849609375,65.38201904296875,0.0,0.0082472687955618,-15.134376525878906,0
4M5Z,14,23.39841079711914,12.921558380126953,53.08706283569336,0.0,0.012764118909603375,-15.633912086486816,30
1HE1,0,6.586480140686035,6.463576793670654,17.713726043701172,0.0,0.07942252043223155,-13.869730949401855,1
1HE1,1,15.951971054077148,14.822549819946289,45.3991813659668,0.0,0.014668068050123906,-14.903942108154297,6
1HE1,2,8.668926239013672,8.697214126586914,21.204795837402344,0.0,0.055774854901832226,-14.479460716247559,1
1HE1,3,16.472427368164062,15.43215560913086,44.29239273071289,0.0,0.014959777518578245,-14.103548049926758,4
1HE1,4,10.604888916015625,9.810443878173828,25.17888641357422,0.0,0.0417160528150043,-14.97736644744873,1
1HE1,5,12.354291915893555,10.16914176940918,23.857250213623047,0.0,0.0446451381309023,-16.261987686157227,3
1HE1,6,11.642230033874512,9.409730911254883,31.008098602294922,0.0,0.03155755399434054,-14.36744499206543,5
1HE1,7,14.675264358520508,13.778127670288086,46.16108703613281,0.0,0.014836070995527808,-14.282109260559082,2
1HE1,8,4.788255214691162,4.958037376403809,11.938342094421387,0.0,0.14008492728081245,-14.460095405578613,0
1HE1,9,11.223686218261719,10.709554672241211,25.855730056762695,0.0,0.038924564748270024,-13.142488479614258,2
1HE1,10,16.43294906616211,15.835469245910645,47.01308059692383,0.0,0.013515674985253094,-15.631783485412598,1
1HE1,11,5.850820064544678,5.492384433746338,15.239119529724121,0.0,0.10223292130660548,-14.504744529724121,2
1HE1,12,10.273658752441406,8.969096183776855,19.20672607421875,0.0,0.06366187807143792,-14.787883758544922,2
1HE1,13,14.515913009643555,10.21225643157959,24.205333709716797,0.0,0.04363216752803701,-15.215861320495605,0
1HE1,14,12.26107120513916,10.952825546264648,20.27356719970703,0.0,0.055971128227083916,-14.338430404663086,3
1EAW,0,7.178779125213623,8.954666137695312,21.159868240356445,0.0,0.055412952974831724,-18.116073608398438,4
1EAW,1,5.806180000305176,5.532601356506348,19.00643539428711,0.0,0.07838057541968953,-22.24136734008789,0
1EAW,2,9.801308631896973,10.814532279968262,30.869274139404297,0.0,0.02978394952736865,-18.883163452148438,0
1EAW,3,7.654980659484863,8.770919799804688,23.637983322143555,0.0,0.047638877853769517,-21.59432029724121,1
1EAW,4,7.110325813293457,6.566553115844727,23.443214416503906,0.0,0.05526038848738587,-24.750856399536133,0
1EAW,5,6.312277317047119,5.897599697113037,20.420127868652344,0.0,0.06947978156701175,-28.71803855895996,0
1EAW,6,7.1942057609558105,6.627273082733154,23.733928680419922,0.0,0.05413777654807939,-28.346969604492188,0
1EAW,7,7.664893627166748,7.232107162475586,24.81978416442871,0.0,0.04873903119553164,-28.185081481933594,0
1EAW,8,3.991462469100952,4.251354217529297,11.391294479370117,0.0,0.15611974381671098,-19.8441162109375,0
1EAW,9,4.494419097900391,5.958085060119629,11.597634315490723,0.0,0.13635059566762922,-21.61433982849121,1
1EAW,10,16.85700798034668,15.802854537963867,49.287940979003906,0.0,0.012603784235838314,-19.574787139892578,1
1EAW,11,5.368597507476807,6.429677486419678,14.52800464630127,0.0,0.10221160883096746,-19.429393768310547,1
1EAW,12,6.809196949005127,6.275751113891602,21.8708438873291,0.0,0.06175511613482712,-21.063804626464844,0
1EAW,13,8.215517044067383,7.6201372146606445,26.884172439575195,0.0,0.04272757879572084,-28.15736961364746,1
1EAW,14,6.16116189956665,8.382871627807617,20.599393844604492,0.0,0.05883951764118008,-14.364473342895508,0
1AKJ,0,14.515576362609863,17.1408748626709,33.36140441894531,0.0,0.022852761292151146,-16.353206634521484,7
1AKJ,1,27.758607864379883,32.934879302978516,64.50675964355469,0.0,0.00637892451957759,-19.848934173583984,1
1AKJ,2,11.55611515045166,12.926810264587402,28.502429962158203,0.0,0.03165256046838826,-17.434324264526367,1
1AKJ,3,14.697324752807617,17.96282386779785,32.47153091430664,0.0,0.023684359720094184,-16.60223388671875,0
1AKJ,4,28.333513259887695,31.05756187438965,64.10140991210938,0.0,0.006535590592545593,-19.59583282470703,6
1AKJ,5,28.355140686035156,30.37227439880371,64.34037017822266,0.0,0.006528932964004825,-20.578439712524414,5
1AKJ,6,15.198653221130371,19.197507858276367,32.085174560546875,0.0,0.02388267308784563,-18.34986114501953,0
1AKJ,7,13.382923126220703,15.94704818725586,32.862709045410156,0.0,0.02382521541240532,-22.34177017211914,0
1AKJ,8,28.589887619018555,31.14481544494629,65.02875518798828,0.0,0.006370894214890887,-19.804325103759766,3
1AKJ,9,24.705005645751953,31.529455184936523,59.66539764404297,0.0,0.007383233519965279,-21.365962982177734,4
1AKJ,10,25.156190872192383,31.694419860839844,61.02644729614258,0.0,0.007088544652522784,-19.837533950805664,4
1AKJ,11,24.967201232910156,31.701494216918945,61.10334014892578,0.0,0.007072560242436256,-21.23172378540039,5
1AKJ,12,20.182649612426758,19.413110733032227,38.92882537841797,0.0,0.01714693110377816,-19.91075897216797,2
1AKJ,13,27.0892333984375,31.068042755126953,62.63487243652344,0.0,0.006803014800802628,-17.245088577270508,9
1AKJ,14,25.519241333007812,31.85804557800293,62.16905975341797,0.0,0.006854131878985501,-21.109399795532227,2
3L5W,0,9.953818321228027,13.168996810913086,24.124134063720703,0.0,0.04108137755691802,-20.242773056030273,1
3L5W,1,15.032318115234375,15.251300811767578,39.465538024902344,0.0,0.017970555624032,-15.687601089477539,40
3L5W,2,12.46432876586914,6.584255695343018,30.850616455078125,0.0,0.03996513272990206,-15.146319389343262,34
3L5W,3,8.791492462158203,10.52205753326416,20.45441246032715,0.0,0.055725550788947274,-17.075031280517578,2
3L5W,4,18.963151931762695,7.907830238342285,47.41868209838867,0.0,0.021954223962070835,-15.64841079711914,60
3L5W,5,7.871814727783203,9.07718276977539,18.469139099121094,0.0,0.06712300647246792,-17.676969528198242,4
3L5W,6,9.39341926574707,12.441564559936523,21.799367904663086,0.0,0.048766617633308,-16.853252410888672,3
3L5W,7,7.929982662200928,9.225507736206055,18.782888412475586,0.0,0.06524557993182785,-18.286968231201172,1
3L5W,8,15.150224685668945,16.667495727539062,42.330467224121094,0.0,0.015597463614381668,-14.891622543334961,11
3L5W,9,9.901982307434082,11.484393119812012,23.030994415283203,0.0,0.045551737489959825,-17.804702758789062,1
3L5W,10,8.292440414428711,9.638261795043945,19.34181785583496,0.0,0.06183806258265737,-17.599885940551758,3
3L5W,11,10.493284225463867,11.807942390441895,25.582843780517578,0.0,0.038432939795315216,-17.065021514892578,7
3L5W,12,17.692171096801758,10.004109382629395,44.23242950439453,0.0,0.019200046058299596,-14.62741756439209,51
3L5W,13,9.302791595458984,12.890726089477539,21.547122955322266,0.0,0.049340463328833774,-17.67105484008789,2
3L5W,14,9.928924560546875,10.870692253112793,23.19637680053711,0.0,0.0456881517076917,-17.840526580810547,11
2O8V,0,22.195585250854492,19.721912384033203,66.89628601074219,0.0,0.007213268766942896,-16.527482986450195,4
2O8V,1,22.924148559570312,20.593008041381836,67.73837280273438,0.0,0.006926513599598387,-16.858152389526367,0
2O8V,2,15.30905818939209,13.150650024414062,48.344940185546875,0.0,0.014276303715097818,-15.628552436828613,1
2O8V,3,19.67421531677246,19.72906494140625,63.36799240112305,0.0,0.007807360407581513,-18.512351989746094,1
2O8V,4,19.15353012084961,19.38558006286621,62.25435256958008,0.0,0.00808422086532189,-17.76396369934082,2
2O8V,5,18.371376037597656,14.83202075958252,55.696632385253906,0.0,0.010961567177181686,-13.51396369934082,3
2O8V,6,19.029685974121094,18.979087829589844,61.224456787109375,0.0,0.008372626631709039,-18.311647415161133,0
2O8V,7,19.83139419555664,19.44078826904297,61.5689582824707,0.0,0.008207057573745985,-15.00786018371582,2
2O8V,8,21.142581939697266,20.535785675048828,66.8995361328125,0.0,0.007064602583940206,-17.21780776977539,1
2O8V,9,19.58039093017578,18.32290267944336,58.646236419677734,0.0,0.009077235980900522,-14.575045585632324,0
2O8V,10,11.820075988769531,12.233686447143555,30.718374252319336,0.0,0.028644169843029633,-15.880751609802246,0
2O8V,11,20.95840835571289,20.16798973083496,62.688568115234375,0.0,0.007851414823240603,-16.601747512817383,2
2O8V,12,13.036107063293457,13.395421028137207,34.29966735839844,0.0,0.02341443091518772,-16.608821868896484,0
2O8V,13,4.271303653717041,3.923252582550049,10.080711364746094,0.0,0.18102525964779445,-20.087678909301758,0
2O8V,14,15.922172546386719,11.356730461120605,46.91038131713867,0.0,0.016311529776904202,-15.541535377502441,2
3PC8,0,11.058375358581543,9.04085636138916,17.647308349609375,0.0,0.07169967650665014,-18.268651962280273,3
3PC8,1,9.516667366027832,7.4669647216796875,18.677738189697266,0.2,0.13678687037538564,-22.00234603881836,0
3PC8,2,7.857456684112549,5.795137405395508,23.395143508911133,0.0,0.05980031225939678,-22.226341247558594,0
3PC8,3,10.996166229248047,8.497495651245117,19.259817123413086,0.2,0.1310803451747431,-21.427295684814453,0
3PC8,4,8.728803634643555,8.347583770751953,28.18797492980957,0.0,0.03821029612185632,-16.82767105102539,3
3PC8,5,8.052799224853516,6.4084248542785645,21.953004837036133,0.0,0.06077110937088725,-24.331539154052734,0
3PC8,6,5.272294521331787,4.0798187255859375,13.876911163330078,0.0,0.13063594104416607,-25.47650718688965,0
3PC8,7,3.6068074703216553,3.8163604736328125,9.9210786819458,0.0,0.1857081493739515,-28.94675064086914,1
3PC8,8,10.776398658752441,10.943045616149902,34.928157806396484,0.0,0.024784616351935445,-16.653453826904297,0
3PC8,9,16.532989501953125,14.841964721679688,55.229923248291016,0.0,0.011082876482118776,-16.44194793701172,0
3PC8,10,12.331658363342285,12.374580383300781,40.56699752807617,0.0,0.018845667545324473,-17.74824333190918,0
3PC8,11,75.37600708007812,86.20883178710938,165.92074584960938,0.0,0.0009734080146978023,0.0,0
3PC8,12,3.58912992477417,3.5166525840759277,5.951016426086426,0.0,0.2749991725662649,-20.683074951171875,0
3PC8,13,11.27387523651123,8.591297149658203,25.38411521911621,0.0,0.04346820865126457,-20.757749557495117,0
3PC8,14,12.870646476745605,10.482220649719238,40.552330017089844,0.0,0.020717361823851196,-18.03798484802246,0
1JPS,0,14.676806449890137,14.528735160827637,30.877704620361328,0.0,0.026995908868428533,-14.645315170288086,6
1JPS,1,16.851972579956055,20.841304779052734,44.69354248046875,0.0,0.01335357445557909,-13.897226333618164,2
1JPS,2,17.895042419433594,18.22926902770996,34.33714294433594,0.0,0.021488588906705616,-15.432745933532715,6
1JPS,3,26.043296813964844,25.724905014038086,52.146724700927734,0.0,0.009756768046549858,-14.757164001464844,6
1JPS,4,19.865833282470703,21.051008224487305,38.80396270751953,0.0,0.016945857668425986,-15.211329460144043,4
1JPS,5,25.254701614379883,24.273941040039062,50.709686279296875,0.0,0.010377648659208077,-13.795951843261719,5
1JPS,6,20.143890380859375,18.12698745727539,46.08854675292969,0.0,0.013231864377381004,-15.459290504455566,2
1JPS,7,18.649919509887695,16.10625457763672,42.85507583618164,0.0,0.01548325154625107,-14.79064655303955,6
1JPS,8,22.62950897216797,18.397750854492188,41.5638313293457,0.0,0.015582275188326703,-15.755963325500488,5
1JPS,9,15.081995964050293,17.66033363342285,43.47959899902344,0.0,0.014657842543874831,-11.685378074645996,20
1JPS,10,20.208019256591797,19.89156150817871,39.076358795166016,0.0,0.016944282843632034,-16.497589111328125,3
1JPS,11,23.192989349365234,19.35858726501465,41.259037017822266,0.0,0.015560817622616213,-20.7027530670166,3
1JPS,12,16.028905868530273,18.022192001342773,37.52093505859375,0.0,0.018564978182269144,-16.18456268310547,8
1JPS,13,22.4873046875,21.77557945251465,41.308372497558594,0.0,0.015114593456642162,-15.665329933166504,1
1JPS,14,18.313425064086914,15.92689323425293,35.305049896240234,0.0,0.021193633467303196,-14.543962478637695,5
4M3K,0,11.604970932006836,11.532364845275879,24.808927536010742,0.0,0.04056391431329127,-14.172842979431152,9
4M3K,1,10.416881561279297,10.856086730957031,30.82444190979004,0.0,0.029800328913933447,-18.31478500366211,0
4M3K,2,15.524412155151367,12.98056411743164,30.683252334594727,0.0,0.028150084154664023,-13.92218017578125,14
4M3K,3,15.575800895690918,12.638494491577148,26.748807907104492,0.0,0.03520251174478289,-15.703880310058594,9
4M3K,4,15.624870300292969,13.676135063171387,30.879228591918945,0.0,0.02744038705476039,-16.314165115356445,3
4M3K,5,15.393122673034668,13.288914680480957,28.8590030670166,0.0,0.030802280868981555,-15.003857612609863,8
4M3K,6,11.63891315460205,12.125868797302246,34.88640594482422,0.0,0.023703113219986954,-19.71385955810547,0
4M3K,7,12.178319931030273,12.892763137817383,37.91693878173828,0.0,0.020401559178377802,-19.77704620361328,0
4M3K,8,14.385750770568848,12.919487953186035,29.73939323425293,0.0,0.029607414646352238,-15.533628463745117,4
4M3K,9,15.146430015563965,13.202424049377441,29.946651458740234,0.0,0.029100461297543123,-13.929521560668945,6
4M3K,10,14.844217300415039,12.911895751953125,27.611806869506836,0.0,0.033292734581241996,-15.368114471435547,2
4M3K,11,12.647062301635742,13.67012882232666,40.3938102722168,0.0,0.018099844116562593,-16.77286720275879,2
4M3K,12,12.470364570617676,12.954662322998047,41.969810485839844,0.0,0.017543493410663937,-18.150100708007812,0
4M3K,13,13.989091873168945,13.831586837768555,31.98477554321289,0.0,0.025863083699334686,-16.548694610595703,13
4M3K,14,11.849762916564941,14.032328605651855,55.23955154418945,0.0,0.01147586491520266,-15.411161422729492,6
1HCF,0,11.877986907958984,12.3378324508667,28.4935245513916,0.333333,0.14320580032289715,-15.674055099487305,5
1HCF,1,16.176006317138672,15.638741493225098,45.78512954711914,0.0,0.014144492142147276,-14.814125061035156,18
1HCF,2,16.590579986572266,15.814155578613281,46.936580657958984,0.0,0.013556928852111383,-16.46571922302246,9
1HCF,3,9.436073303222656,10.394878387451172,27.727779388427734,0.0,0.035433250326493575,-16.303831100463867,15
1HCF,4,12.684318542480469,16.941797256469727,26.590559005737305,0.0,0.03349618527630086,-15.042859077453613,7
1HCF,5,23.149425506591797,22.209747314453125,59.770973205566406,0.0,0.00812110491594306,-14.028657913208008,6
1HCF,6,58.170677185058594,71.12698364257812,140.5839080810547,0.0,0.0013623005927542208,0.0,0
1HCF,7,11.1754150390625,14.083155632019043,21.524206161499023,0.0,0.048709122182688976,-15.990328788757324,16
1HCF,8,10.859498023986816,10.88674545288086,30.434917449951172,0.0,0.03032877495676563,-15.72874641418457,13
1HCF,9,12.104789733886719,13.337016105651855,29.551610946655273,0.0,0.029633998671721173,-17.380910873413086,6
1HCF,10,18.761323928833008,14.69102668762207,51.11588668823242,0.0,0.012408467748315936,-13.994861602783203,17
1HCF,11,16.766220092773438,17.595508575439453,47.38220977783203,0.0,0.012797723072144518,-15.437483787536621,12
1HCF,12,22.66550064086914,19.669466018676758,57.08750534057617,0.0,0.009156892124856668,-14.98410415649414,8
1HCF,13,67.78827667236328,79.51686096191406,159.94581604003906,0.0,0.0010573152104891052,0.0,0
1HCF,14,13.329597473144531,13.767838478088379,31.422008514404297,0.555555,0.2118241153979846,-14.694700241088867,8
1A2K,0,18.632858276367188,15.546361923217773,33.868839263916016,0.0,0.02282552265876783,-21.87906265258789,1
1A2K,1,18.612293243408203,15.135357856750488,33.05916213989258,0.0,0.02391171715195051,-22.860929489135742,3
1A2K,2,16.401735305786133,15.825472831726074,30.19753074645996,0.0,0.02743942704837904,-19.344907760620117,3
1A2K,3,18.697175979614258,16.177658081054688,33.79282760620117,0.0,0.022675916854567768,-24.089529037475586,0
1A2K,4,18.161401748657227,14.208426475524902,33.28874969482422,0.0,0.02407698673957517,-21.056474685668945,7
1A2K,5,16.88410186767578,16.990694046020508,33.33521270751953,0.0,0.022927387385702283,-19.52936553955078,6
1A2K,6,16.974607467651367,17.126100540161133,32.41404342651367,0.0,0.023984669786384583,-19.07558250427246,4
1A2K,7,16.476274490356445,16.499513626098633,29.163921356201172,0.0,0.028830951186589345,-17.42544174194336,3
1A2K,8,16.554283142089844,17.231847763061523,30.913837432861328,0.0,0.025936093395651397,-19.17720603942871,4
1A2K,9,18.559354782104492,14.81125545501709,33.132442474365234,0.0,0.02396801263849131,-23.44980239868164,0
1A2K,10,18.880006790161133,15.73098087310791,34.00285720825195,0.0,0.02260818066645139,-21.532909393310547,8
1A2K,11,17.380205154418945,17.622840881347656,32.10337448120117,0.0,0.02423441994614407,-17.683109283447266,4
1A2K,12,16.661527633666992,16.261613845825195,32.891326904296875,0.0,0.023680076301437758,-21.71739387512207,3
1A2K,13,17.078147888183594,16.443845748901367,30.7108211517334,0.0,0.026468747781726754,-19.650522232055664,0
1A2K,14,18.498857498168945,14.693976402282715,33.974945068359375,0.0,0.023072866798528834,-22.692834854125977,4
6BPC,0,12.281655311584473,11.79333209991455,24.99097442626953,0.0,0.039869450720998734,-16.93738555908203,0
6BPC,1,24.678197860717773,14.489039421081543,48.95181655883789,0.0,0.01329083926294864,-17.22190284729004,2
6BPC,2,21.031326293945312,14.970893859863281,42.25284957885742,0.0,0.01627813107139921,-15.826905250549316,5
6BPC,3,13.121061325073242,11.026590347290039,28.468570709228516,0.0,0.03333983075369678,-18.07525062561035,0
6BPC,4,21.922271728515625,14.853361129760742,43.01383590698242,0.0,0.01589263710313168,-14.236783981323242,10
6BPC,5,21.40726661682129,18.103649139404297,38.12900924682617,0.0,0.01805404463929759,-16.54340934753418,15
6BPC,6,20.625755310058594,17.151531219482422,36.032073974609375,0.0,0.020102038971873674,-15.770963668823242,2
6BPC,7,21.574954986572266,18.911128997802734,37.64052963256836,0.0,0.018257543509493712,-16.329944610595703,17
6BPC,8,23.313791275024414,19.11326026916504,43.32719802856445,0.0,0.014394065614066198,-17.41642189025879,0
6BPC,9,20.80975341796875,19.41375732421875,39.64751052856445,0.0,0.01662580986937272,-17.628562927246094,9
6BPC,10,20.656936645507812,16.63453483581543,42.865840911865234,0.0,0.015299434828640416,-14.406782150268555,6
6BPC,11,24.311065673828125,15.593218803405762,47.37067413330078,0.0,0.013453893590612075,-15.45946979522705,0
6BPC,12,22.79310417175293,16.5340633392334,42.30267333984375,0.0,0.01565683143850514,-16.19697380065918,1
6BPC,13,23.44733238220215,17.175537109375,46.52743911743164,0.0,0.013288790156061112,-17.655786514282227,1
6BPC,14,24.959354400634766,17.407865524291992,41.86650085449219,0.0,0.015652687914012458,-16.982601165771484,41
1FFW,0,13.865884780883789,11.46225357055664,43.19800567626953,0.0,0.018037239161311665,-21.946170806884766,0
1FFW,1,15.056175231933594,12.049861907958984,43.945404052734375,0.0,0.01710743789031483,-20.06138801574707,0
1FFW,2,5.572618007659912,5.138080596923828,13.251269340515137,0.0,0.12334862751068498,-17.5235652923584,1
1FFW,3,11.700238227844238,9.233831405639648,40.82270431518555,0.0,0.02242109320789921,-18.0904483795166,0
1FFW,4,8.22761058807373,7.876797199249268,22.396148681640625,0.0,0.05363408503702185,-20.4045467376709,0
1FFW,5,8.716414451599121,8.30456256866455,24.487926483154297,0.0,0.04637454860841586,-17.924057006835938,0
1FFW,6,13.04808521270752,12.998600006103516,41.53514099121094,0.0,0.017779343087538677,-19.625017166137695,0
1FFW,7,13.261737823486328,12.521801948547363,48.19751739501953,0.0,0.01477025010525466,-16.12729835510254,0
1FFW,8,14.9264497756958,11.709329605102539,43.98164749145508,0.0,0.017383655554211824,-20.135417938232422,1
1FFW,9,8.96385383605957,8.057741165161133,16.911479949951172,0.0,0.07838978587111149,-20.50609588623047,0
1FFW,10,5.872694492340088,4.418691158294678,20.75644302368164,0.0,0.08231521869016085,-17.357999801635742,0
1FFW,11,12.90992546081543,9.849977493286133,41.358646392822266,0.0,0.02106380270036921,-19.32691192626953,0
1FFW,12,14.357173919677734,15.285319328308105,41.393611907958984,0.0,0.01666635200128112,-22.93423080444336,0
1FFW,13,15.062712669372559,11.755880355834961,42.85904312133789,0.0,0.017954656072224916,-19.24961280822754,2
1FFW,14,8.333450317382812,8.500020980834961,15.107016563415527,0.2,0.15688541852855722,-17.683847427368164,0
1SYX,0,18.145978927612305,15.164031028747559,56.156307220458984,0.0,0.010695896855977728,-17.823028564453125,0
1SYX,1,4.208613395690918,4.190502166748047,12.900511741638184,0.25,0.22209746843620293,-21.838157653808594,0
1SYX,2,14.687479972839355,12.082535743713379,48.06205368041992,0.0,0.015169098534809348,-17.78582191467285,0
1SYX,3,14.761826515197754,12.606393814086914,44.71295928955078,0.0,0.01627948087333476,-20.447111129760742,0
1SYX,4,11.2128324508667,9.22069263458252,33.50153350830078,0.0,0.02875402190780321,-21.621753692626953,0
1SYX,5,12.401666641235352,9.580554962158203,40.830596923828125,0.0,0.02182145016581792,-21.88050079345703,0
1SYX,6,6.235870361328125,5.179574966430664,20.346893310546875,0.0,0.07532180497490423,-16.844802856445312,0
1SYX,7,6.615261554718018,6.536300182342529,23.741287231445312,0.0,0.05454949849150225,-20.60643196105957,0
1SYX,8,6.239560127258301,5.712301254272461,20.922407150268555,0.0,0.0687245446610641,-19.937129974365234,0
1SYX,9,5.4065165519714355,5.139303207397461,15.90673542022705,0.25,0.18354007423136864,-20.74971580505371,0
1SYX,10,16.585590362548828,14.147231101989746,49.950809478759766,0.0,0.013086320958502484,-20.382328033447266,0
1SYX,11,12.049866676330566,10.61096477508545,35.11549377441406,0.0,0.02498042214757611,-19.485214233398438,1
1SYX,12,14.207066535949707,10.073310852050781,43.091712951660156,0.0,0.019714832414266834,-21.854812622070312,0
1SYX,13,18.495359420776367,14.870800971984863,55.085166931152344,0.0,0.011109594603602009,-16.028812408447266,0
1SYX,14,17.917051315307617,15.091670989990234,53.84001541137695,0.0,0.011366893167973612,-16.40306854248047,1
2A1A,0,13.983757972717285,12.217777252197266,28.4597110748291,0.0,0.03224872509212364,-15.237168312072754,11
2A1A,1,18.929994583129883,12.609484672546387,44.77685546875,0.0,0.016245228081410452,-15.231707572937012,3
2A1A,2,10.040274620056152,11.003972053527832,23.351871490478516,0.0,0.045078447002010004,-17.599706649780273,3
2A1A,3,9.807234764099121,10.261820793151855,21.526493072509766,0.0,0.05193497703462447,-16.623903274536133,0
2A1A,4,10.204963684082031,10.763090133666992,23.582469940185547,0.0,0.044676756955040954,-15.16784954071045,2
2A1A,5,8.817151069641113,9.418975830078125,18.413728713989258,0.0,0.06679672327482385,-16.188932418823242,0
2A1A,6,12.015283584594727,12.274354934692383,31.31074333190918,0.0,0.02778443089623496,-15.191662788391113,6
2A1A,7,15.378808975219727,9.98891830444336,38.806640625,0.0,0.022610837103101203,-14.514341354370117,0
2A1A,8,9.527338027954102,10.288639068603516,21.15877914428711,0.0,0.053256725834317654,-15.882570266723633,0
2A1A,9,14.105100631713867,10.192399978637695,33.93138122558594,0.0,0.026749011726684282,-16.567188262939453,1
2A1A,10,14.016012191772461,11.08749008178711,34.01944351196289,0.0,0.025578008622338142,-17.093339920043945,0
2A1A,11,14.360222816467285,11.64901065826416,42.759254455566406,0.0,0.01810818562753555,-17.534961700439453,3
2A1A,12,11.881244659423828,10.782910346984863,28.39695930480957,0.0,0.03373785332009433,-14.82735538482666,3
2A1A,13,9.412786483764648,10.019920349121094,22.518638610839844,0.0,0.04887682434502625,-16.464258193969727,0
2A1A,14,14.01403522491455,11.3580904006958,32.618080139160156,0.0,0.026910603021416606,-17.110164642333984,0
3R9A,0,15.996620178222656,11.316031455993652,37.54501724243164,0.0,0.022007731050853296,-17.619041442871094,13
3R9A,1,16.66460609436035,10.625449180603027,40.6591682434082,0.0,0.020471204646437674,-19.068161010742188,7
3R9A,2,35.23133850097656,25.76368522644043,91.65628051757812,0.0,0.003968417073496736,-16.525287628173828,14
3R9A,3,16.27643585205078,10.596972465515137,38.47698974609375,0.0,0.022057926672725586,-15.643755912780762,15
3R9A,4,17.527177810668945,12.727315902709961,47.1121826171875,0.0,0.015075083009862234,-14.638274192810059,8
3R9A,5,21.889583587646484,18.398889541625977,66.78033447265625,0.0,0.007515127065408254,-17.116796493530273,9
3R9A,6,20.883745193481445,17.489595413208008,64.24332427978516,0.0,0.00816886214092599,-18.006946563720703,8
3R9A,7,37.295902252197266,22.5340576171875,88.60153198242188,0.0,0.004510363388113842,-12.15689754486084,57
3R9A,8,28.51679229736328,15.061471939086914,71.69221496582031,0.0,0.00789443508993297,-17.074115753173828,17
3R9A,9,15.270752906799316,11.529784202575684,37.42041015625,0.0,0.021902907509004286,-15.608392715454102,9
3R9A,10,16.91348648071289,12.950085639953613,37.90228271484375,0.0,0.02037450301525751,-13.584431648254395,74
3R9A,11,35.746681213378906,22.628665924072266,89.00444793701172,0.0,0.004470934772477811,-15.777199745178223,25
3R9A,12,22.892776489257812,18.511220932006836,65.91276550292969,0.0,0.00762718325679274,-15.436964988708496,21
3R9A,13,17.094970703125,11.950542449951172,38.80653762817383,0.0,0.020430105942432508,-15.92660140991211,15
3R9A,14,16.03752899169922,13.35960865020752,45.73591613769531,0.0,0.01527881483677758,-17.904504776000977,9
3LVK,0,26.23113441467285,33.08176803588867,93.65917205810547,0.0,0.0034069362086107196,-16.913562774658203,0
3LVK,1,21.035234451293945,24.955062866210938,75.27295684814453,0.0,0.005396959137719262,-19.978065490722656,0
3LVK,2,8.219830513000488,12.233296394348145,30.56829833984375,0.0,0.028861085091931037,-16.05950355529785,0
3LVK,3,21.81926727294922,26.849498748779297,77.97689056396484,0.0,0.0049514409573073685,-16.639759063720703,0
3LVK,4,23.527572631835938,29.748510360717773,84.82394409179688,0.0,0.004159241308850433,-18.94700813293457,0
3LVK,5,5.33114767074585,9.466651916503906,19.246082305908203,0.0,0.06256966474080451,-20.254192352294922,0
3LVK,6,6.462920188903809,10.018327713012695,23.48301124572754,0.0,0.04592227556820649,-19.714521408081055,0
3LVK,7,21.343721389770508,26.03477668762207,75.80200958251953,0.0,0.00524215830271317,-15.92238998413086,0
3LVK,8,6.857236385345459,12.711928367614746,24.115568161010742,0.0,0.04141288421645025,-17.181442260742188,0
3LVK,9,20.996810913085938,25.171154022216797,74.66407775878906,0.0,0.00544436822035442,-15.26074504852295,1
3LVK,10,6.979351043701172,11.052555084228516,25.085865020751953,0.0,0.04035722174807234,-19.87782096862793,1
3LVK,11,21.377281188964844,26.580791473388672,76.05887603759766,0.0,0.005169890276743926,-16.435022354125977,0
3LVK,12,4.668307304382324,8.472728729248047,17.295589447021484,0.0,0.07497698114529351,-19.675315856933594,0
3LVK,13,22.130769729614258,26.530338287353516,78.59918975830078,0.0,0.0049154415740866285,-16.35445785522461,0
3LVK,14,5.237293720245361,8.544692039489746,19.301284790039062,0.0,0.06411067108885714,-20.496349334716797,0
2OZA,0,17.824596405029297,17.11490249633789,55.786376953125,0.0,0.010103892052916579,-12.688445091247559,15
2OZA,1,8.98900032043457,10.478983879089355,32.373783111572266,0.0,0.028189887634947047,-13.44692611694336,1
2OZA,2,25.768056869506836,22.444377899169922,39.53178787231445,0.0,0.01621197024805369,-16.427587509155273,6
2OZA,3,11.375362396240234,12.25722599029541,34.817283630371094,0.0,0.02366765628948626,-13.51944637298584,8
2OZA,4,21.625097274780273,24.512908935546875,63.01762390136719,0.0,0.007199611431133139,-14.197415351867676,5
2OZA,5,9.47892951965332,10.470161437988281,32.73600769042969,0.0,0.02775772883705956,-12.204913139343262,2
2OZA,6,10.762578010559082,12.397311210632324,35.02130889892578,0.0,0.02335302398681585,-13.814114570617676,1
2OZA,7,20.82661247253418,17.16039276123047,38.61991882324219,0.0,0.01792858907861936,-14.313047409057617,14
2OZA,8,8.980635643005371,10.374442100524902,27.289506912231445,0.0,0.03630463515598421,-13.536272048950195,1
2OZA,9,26.075191497802734,21.619504928588867,40.130584716796875,0.0,0.015909121604892083,-13.93763256072998,10
2OZA,10,9.825539588928223,10.326555252075195,33.100379943847656,0.0,0.027509147461080474,-13.598825454711914,3
2OZA,11,10.324702262878418,11.282369613647461,33.076263427734375,0.0,0.02643917226011604,-13.945292472839355,0
2OZA,12,26.003339767456055,21.343990325927734,39.86426544189453,0.0,0.016133935479738123,-15.879534721374512,9
2OZA,13,20.558324813842773,21.861291885375977,62.008941650390625,0.0,0.007709809236166286,-13.040118217468262,12
2OZA,14,21.38548469543457,17.225000381469727,41.0722541809082,0.0,0.01619886534194818,-14.362860679626465,9
1R0R,0,5.435627460479736,6.869517803192139,13.812362670898438,0.03125,0.11714717633558062,-20.318275451660156,1
1R0R,1,3.699906826019287,4.310302734375,10.351062774658203,0.03125,0.18067254900779997,-19.093578338623047,2
1R0R,2,2.7728214263916016,3.4542956352233887,7.362171649932861,0.1875,0.3058383414453194,-20.80967903137207,1
1R0R,3,5.498679161071777,6.741976261138916,16.69634246826172,0.0625,0.10516520077062542,-18.289813995361328,2
1R0R,4,3.399066925048828,3.998065710067749,9.164300918579102,0.25,0.278612802773292,-20.682456970214844,1
1R0R,5,4.759175777435303,6.086614608764648,12.63231372833252,0.1875,0.18547116243613915,-18.699026107788086,3
1R0R,6,5.2577643394470215,4.941892623901367,16.73127555847168,0.15625,0.14858489823666157,-16.987958908081055,0
1R0R,7,2.1176438331604004,2.321000337600708,6.120124340057373,0.21875,0.3906485047735839,-21.618247985839844,0
1R0R,8,5.635125637054443,5.650284767150879,18.865795135498047,0.21875,0.1511094347863164,-20.443613052368164,2
1R0R,9,10.769554138183594,11.458975791931152,35.86333465576172,0.0,0.023344348199198218,-15.71053695678711,1
1R0R,10,4.141735553741455,5.285830020904541,11.236326217651367,0.03125,0.156582874472388,-18.81797981262207,3
1R0R,11,7.183488845825195,8.43895435333252,20.908233642578125,0.15625,0.10956959452519423,-20.685911178588867,22
1R0R,12,6.011754512786865,7.737733364105225,15.299448013305664,0.0625,0.11152693741345267,-20.90186882019043,0
1R0R,13,10.168876647949219,11.698417663574219,32.05258560180664,0.0,0.027293229458479035,-12.915014266967773,3
1R0R,14,7.904059886932373,8.251872062683105,26.268310546875,0.03125,0.052672706845184956,-16.2999267578125,1
2ABZ,0,6.317612171173096,6.859934329986572,20.573017120361328,0.0,0.06381449628974224,-16.49530601501465,7
2ABZ,1,7.420189380645752,10.044546127319336,21.327390670776367,0.0,0.05296106133537826,-19.55018424987793,3
2ABZ,2,7.3815484046936035,9.656288146972656,22.245622634887695,0.0,0.05032010216585575,-17.379493713378906,4
2ABZ,3,8.55835247039795,9.119166374206543,24.757266998291016,0.0,0.0439305671165564,-18.462383270263672,3
2ABZ,4,6.875255107879639,8.76388931274414,21.490581512451172,0.0,0.054578820539540746,-15.985088348388672,2
2ABZ,5,7.267428398132324,7.063553810119629,20.27289581298828,0.0,0.06422048217637007,-18.20894432067871,2
2ABZ,6,7.715943336486816,9.796123504638672,20.229244232177734,0.0,0.057656565382916136,-17.374774932861328,1
2ABZ,7,8.82362174987793,9.527186393737793,25.79351806640625,0.0,0.04071592459288569,-17.004770278930664,5
2ABZ,8,8.628331184387207,9.878891944885254,25.115097045898438,0.0,0.04176889083949811,-18.091707229614258,1
2ABZ,9,8.256044387817383,8.74086856842041,24.67443084716797,0.0,0.044896214879538175,-15.96036434173584,2
2ABZ,10,8.286704063415527,8.609204292297363,23.90105438232422,0.0,0.047245748670506967,-17.106082916259766,2
2ABZ,11,8.332355499267578,11.095050811767578,24.000713348388672,0.0,0.043132582157227456,-20.008947372436523,1
2ABZ,12,8.584322929382324,9.415914535522461,25.613265991210938,0.0,0.041318324217008845,-15.215143203735352,1
2ABZ,13,6.6661152839660645,8.813888549804688,20.296422958374023,0.0,0.05912160247627457,-17.099584579467773,1
2ABZ,14,8.675209999084473,8.42164421081543,24.777713775634766,0.0,0.04534695914975134,-19.40143585205078,7
1JK9,0,22.67705535888672,23.362714767456055,59.95610046386719,0.0,0.007936060675524737,-14.360401153564453,0
1JK9,1,22.009674072265625,19.65460968017578,51.65846252441406,0.0,0.010717057511759115,-13.20167350769043,4
1JK9,2,10.185943603515625,9.07406997680664,18.55521583557129,0.205882,0.135310499943575,-13.255658149719238,14
1JK9,3,14.606672286987305,13.837533950805664,24.65435028076172,0.117647,0.07849922370658995,-15.360367774963379,4
1JK9,4,14.071619987487793,13.008451461791992,23.96286392211914,0.117647,0.08084327865809492,-15.691134452819824,4
1JK9,5,18.9918155670166,20.040225982666016,45.520782470703125,0.0,0.013087922674491667,-14.06048583984375,5
1JK9,6,15.17457389831543,14.54227066040039,25.264375686645508,0.058824,0.0570116110507185,-14.237039566040039,12
1JK9,7,14.535103797912598,13.387628555297852,24.924400329589844,0.088235,0.06827282969548777,-15.561036109924316,4
1JK9,8,9.792557716369629,8.58436393737793,18.26938819885254,0.117647,0.1084072685334924,-12.629703521728516,13
1JK9,9,11.512147903442383,10.35030746459961,21.05254364013672,0.058824,0.07318695915807394,-11.445601463317871,9
1JK9,10,14.779168128967285,14.01132869720459,24.76021385192871,0.058824,0.05852688342987663,-14.407440185546875,4
1JK9,11,15.585844039916992,14.485504150390625,27.566143035888672,0.0,0.03247777036136947,-14.309855461120605,0
1JK9,12,13.790245056152344,12.684115409851074,23.44176483154297,0.117647,0.08254677191885858,-14.927762031555176,6
1JK9,13,18.52651596069336,19.993133544921875,45.346256256103516,0.0,0.013180308041847092,-13.762284278869629,9
1JK9,14,7.53672981262207,6.902021408081055,13.678994178771973,0.029412,0.11769273362411747,-12.959394454956055,3
1EWY,0,10.039397239685059,10.156679153442383,22.92095947265625,0.0,0.04741391532370907,-18.225675582885742,3
1EWY,1,13.702661514282227,12.360297203063965,37.42445373535156,0.0,0.02118950057557258,-14.582481384277344,7
1EWY,2,9.968850135803223,7.530857086181641,28.354902267456055,0.0,0.04020419760435021,-16.475616455078125,4
1EWY,3,8.433244705200195,7.838952541351318,18.478145599365234,0.0,0.06998972440646348,-19.373214721679688,0
1EWY,4,13.932994842529297,11.897686958312988,40.32185745239258,0.0,0.019397896920399702,-12.519122123718262,9
1EWY,5,5.305795192718506,6.01986837387085,14.773452758789062,0.0,0.10238782103713982,-16.233226776123047,1
1EWY,6,9.201589584350586,9.789132118225098,22.984390258789062,0.0,0.04775036197653909,-17.38289451599121,9
1EWY,7,9.178182601928711,9.73337173461914,21.954360961914062,0.0,0.05118545911031453,-17.30006217956543,7
1EWY,8,11.216277122497559,9.399348258972168,33.8375244140625,0.0,0.02806374270815663,-12.452391624450684,13
1EWY,9,12.560043334960938,9.043288230895996,31.90233612060547,0.0,0.031019888766062858,-12.249943733215332,43
1EWY,10,7.096597194671631,6.019943714141846,16.92525291442871,0.0,0.08662366632525813,-18.839136123657227,0
1EWY,11,9.945409774780273,10.525394439697266,24.673357009887695,0.0,0.041998561105307974,-16.947736740112305,6
1EWY,12,18.645219802856445,12.133291244506836,43.90564727783203,0.0,0.01705977061464466,-12.172483444213867,42
1EWY,13,15.957919120788574,13.85537338256836,45.49139404296875,0.0,0.015106445244512032,-15.102524757385254,5
1EWY,14,13.249604225158691,10.20487117767334,32.81088638305664,0.0,0.028013401298999457,-11.058489799499512,36
