id,index,c_rmsd,i_rmsd,l_rmsd,fnat,DockQ,ranking_energy,ranking_num_clashes
2HRK,0,8.18238639831543,6.409767150878906,15.891200065612793,0.0,0.09145968588234704,-22.329198837280273,1
2HRK,1,12.607961654663086,10.156537055969238,22.524198532104492,0.0,0.04866779161998203,-22.746185302734375,0
2HRK,2,6.057469844818115,5.304178714752197,12.854540824890137,0.0,0.12609190260847414,-20.847131729125977,0
2HRK,3,12.092774391174316,9.763029098510742,21.785655975341797,0.0,0.05172596215461019,-22.235212326049805,0
2HRK,4,11.456934928894043,9.177735328674316,21.127437591552734,0.0,0.0551099063890604,-20.244205474853516,0
2HRK,5,7.994629859924316,6.153229713439941,16.84671401977539,0.0,0.08633561277348432,-18.503509521484375,2
2HRK,6,6.943595886230469,5.50067138671875,13.693765640258789,0.0,0.1157821772964507,-23.09291648864746,0
2HRK,7,9.042704582214355,6.503819942474365,26.20655059814453,0.0,0.048564095214190854,-16.13602066040039,0
2HRK,8,5.528232097625732,4.538886547088623,11.700973510742188,0.0,0.14796219653642229,-19.08810043334961,0
2HRK,9,9.520544052124023,7.620116710662842,19.2698974609375,0.0,0.06672770355886531,-18.841218948364258,2
2HRK,10,14.433555603027344,12.010702133178711,25.26329803466797,0.0,0.03901628014809105,-20.145050048828125,0
2HRK,11,13.998598098754883,11.766548156738281,24.488786697387695,0.0,0.0411713521289038,-23.93526840209961,0
2HRK,12,6.202269077301025,4.867420673370361,12.528498649597168,0.142857,0.1815994258267959,-22.454805374145508,0
2HRK,13,14.668811798095703,12.417579650878906,25.0554141998291,0.0,0.03919757083891042,-21.69717788696289,1
2HRK,14,7.405523777008057,6.164668560028076,15.904126167297363,0.0,0.0926910755423745,-20.27852439880371,0
1LFD,0,5.84627628326416,4.259443759918213,14.396943092346191,0.4,0.25626990889457724,-15.781852722167969,8
1LFD,1,4.89804220199585,5.379601001739502,12.878389358520508,0.0,0.12519282600007617,-16.544809341430664,1
1LFD,2,3.67386531829834,3.8166441917419434,7.87042236328125,0.0,0.22406547850726655,-15.651067733764648,0
1LFD,3,5.6565937995910645,5.918542861938477,14.151507377624512,0.0,0.10849277269271666,-16.097307205200195,0
1LFD,4,4.531926155090332,4.691001892089844,9.951720237731934,0.0,0.1715232657495321,-13.982681274414062,2
1LFD,5,4.586269378662109,4.12367582321167,11.297078132629395,0.133333,0.20388844987071056,-16.038532257080078,1
1LFD,6,12.151936531066895,12.38426685333252,26.622493743896484,0.0,0.03565568106147148,-16.944005966186523,0
1LFD,7,3.399064779281616,3.708477735519409,7.98171329498291,0.0,0.22400514467127378,-15.694599151611328,0
1LFD,8,4.5253586769104,5.1970601081848145,12.166536331176758,0.0,0.13496598460777498,-16.490964889526367,0
1LFD,9,6.560501575469971,6.376003265380859,14.606040000915527,0.0,0.10181053602442057,-16.0402889251709,2
1LFD,10,9.414238929748535,8.944853782653809,17.660215377807617,0.0,0.07181265247233508,-15.951833724975586,4
1LFD,11,9.403475761413574,9.296708106994629,19.147323608398438,0.0,0.06333327032149105,-15.519939422607422,1
1LFD,12,13.615506172180176,11.770713806152344,34.3459358215332,0.0,0.024564244383893454,-15.920432090759277,13
1LFD,13,5.031295299530029,5.313073635101318,14.236186027526855,0.0,0.11220886977009838,-15.627646446228027,0
1LFD,14,9.895173072814941,9.550397872924805,21.8366641998291,0.0,0.051885270518517566,-18.613248825073242,0
2YVJ,0,9.56884479522705,6.022769451141357,27.913986206054688,0.0,0.047753902465049465,-19.201175689697266,0
2YVJ,1,7.315876007080078,4.118338108062744,22.28152847290039,0.0,0.0813875408845501,-15.972105026245117,0
2YVJ,2,8.647819519042969,4.685320854187012,25.960107803344727,0.0,0.06326450025263974,-18.513803482055664,0
2YVJ,3,22.60519790649414,12.889191627502441,55.88288879394531,0.0,0.01199164946336713,-19.28754234313965,10
2YVJ,4,7.4610700607299805,5.447518825531006,19.689538955688477,0.0,0.07585549599489137,-16.598438262939453,0
2YVJ,5,4.111301422119141,2.7886335849761963,11.600574493408203,0.0,0.19124593354994687,-16.74957847595215,0
2YVJ,6,6.12730598449707,4.776970386505127,15.688603401184082,0.0,0.10555971583690595,-13.648872375488281,4
2YVJ,7,21.590576171875,13.425293922424316,55.10658264160156,0.0,0.011856211754071493,-22.755910873413086,2
2YVJ,8,20.06975555419922,12.405069351196289,48.554771423339844,0.0,0.014715100434767819,-14.57259464263916,43
2YVJ,9,8.902238845825195,6.0472917556762695,24.589752197265625,0.0,0.05489862241034998,-17.629121780395508,0
2YVJ,10,6.719222068786621,4.195611476898193,20.159095764160156,0.0,0.08809363343181963,-15.526721954345703,0
2YVJ,11,21.324140548706055,14.240381240844727,55.64848709106445,0.0,0.01125750391107014,-22.283594131469727,2
2YVJ,12,9.934897422790527,7.454320907592773,26.18802261352539,0.0,0.0447415725054946,-20.075708389282227,0
2YVJ,13,21.8002986907959,13.75832748413086,56.117584228515625,0.0,0.011391567424485155,-22.752696990966797,7
2YVJ,14,8.414999008178711,5.244134426116943,23.526521682739258,0.0,0.06369660211136302,-16.8459415435791,1
1BUH,0,9.027589797973633,11.645354270935059,26.418508529663086,0.0,0.036709571207045384,-19.79984474182129,0
1BUH,1,9.626808166503906,13.014726638793945,26.379976272583008,0.0,0.035722041178920326,-17.206491470336914,0
1BUH,2,9.316197395324707,10.579266548156738,25.55397605895996,0.0,0.039775780091564975,-17.279430389404297,0
1BUH,3,10.723298072814941,12.605676651000977,28.16141128540039,0.0,0.032485825758721,-21.363473892211914,0
1BUH,4,10.112741470336914,14.831013679504395,28.3335018157959,0.0,0.030897836811549447,-19.095186233520508,0
1BUH,5,9.835637092590332,13.888402938842773,27.33091926574707,0.0,0.03324099334116624,-16.701826095581055,0
1BUH,6,9.570058822631836,11.825087547302246,26.88446044921875,0.0,0.035571194486372804,-15.475642204284668,0
1BUH,7,10.277117729187012,15.070748329162598,28.150257110595703,0.0,0.031121802683773996,-18.022584915161133,0
1BUH,8,8.910512924194336,11.409666061401367,25.684738159179688,0.0,0.03856606531688934,-20.02971839904785,0
1BUH,9,10.907864570617676,15.018251419067383,29.434850692749023,0.0,0.028949522976282466,-19.61039924621582,0
1BUH,10,10.366432189941406,11.365105628967285,27.812501907348633,0.0,0.03418160856421848,-18.971439361572266,0
1BUH,11,9.393899917602539,11.276450157165527,25.898273468017578,0.0,0.03821053085708973,-16.861753463745117,0
1BUH,12,10.55419635772705,13.228806495666504,29.752883911132812,0.0,0.029384004170807405,-20.53558349609375,0
1BUH,13,10.87592887878418,16.22548484802246,29.10527992248535,0.0,0.029020235532883073,-17.851844787597656,0
1BUH,14,9.121062278747559,12.741536140441895,25.647504806518555,0.0,0.03754544725322923,-19.139442443847656,0
2J0T,0,9.51391887664795,7.852787017822266,29.400861740112305,0.0,0.03744601097040273,-15.95009708404541,7
2J0T,1,4.697709560394287,5.430436611175537,14.435526847839355,0.035714,0.12135187903459603,-16.57903289794922,5
2J0T,2,6.224389553070068,5.766956329345703,22.382465362548828,0.0,0.0631358988924811,-15.016084671020508,5
2J0T,3,9.709073066711426,9.813143730163574,38.22916793823242,0.0,0.02331309007477798,-15.558332443237305,4
2J0T,4,15.821027755737305,12.009271621704102,33.08150863647461,0.0,0.025763807417037408,-14.741095542907715,7
2J0T,5,11.915641784667969,9.585823059082031,30.895719528198242,0.0,0.0314218760832824,-16.944311141967773,3
2J0T,6,8.896956443786621,7.601030349731445,27.384159088134766,0.0,0.04178804856292292,-16.60702896118164,7
2J0T,7,8.594987869262695,7.6704254150390625,31.515953063964844,0.0,0.03488062216751008,-17.76336097717285,5
2J0T,8,9.396089553833008,7.285133361816406,23.54515266418457,0.25,0.13532349537688607,-16.59183120727539,8
2J0T,9,8.47202205657959,7.603734970092773,31.91575050354004,0.0,0.03456338036895237,-17.566986083984375,2
2J0T,10,6.319688320159912,5.475883960723877,23.513351440429688,0.035714,0.07369654412046243,-16.642650604248047,2
2J0T,11,9.560213088989258,9.297518730163574,38.23250961303711,0.0,0.024156007522290034,-14.486135482788086,3
2J0T,12,16.13791275024414,13.068689346313477,50.826637268066406,0.0,0.013403137843972611,-17.30239486694336,3
2J0T,13,7.243730068206787,6.458562850952148,27.256900787353516,0.035714,0.05850771786359978,-15.833686828613281,2
2J0T,14,10.822441101074219,8.131404876708984,25.15945816040039,0.285714,0.14035649210984907,-15.335579872131348,7
5GRJ,0,13.67248249053955,8.771265029907227,36.4043083190918,0.0,0.026704342655070535,-19.007198333740234,1
5GRJ,1,14.393516540527344,9.76076889038086,38.83026123046875,0.0,0.022932762327297046,-19.781713485717773,8
5GRJ,2,11.467902183532715,7.0481085777282715,34.055763244628906,0.2,0.10065779003915921,-19.689659118652344,1
5GRJ,3,21.743043899536133,10.411858558654785,67.7290267944336,0.0,0.011946396743767393,-14.347929000854492,36
5GRJ,4,15.987994194030762,9.768893241882324,46.81791687011719,0.533333,0.19609242763718845,-15.700342178344727,6
5GRJ,5,11.840864181518555,7.577013969421387,30.009883880615234,0.0,0.03732661508539651,-17.6570987701416,2
5GRJ,6,14.399993896484375,10.513727188110352,35.841129302978516,0.0,0.024399236623293973,-18.690649032592773,7
5GRJ,7,14.874890327453613,9.389185905456543,48.874271392822266,0.2,0.08474871765339635,-18.994749069213867,10
5GRJ,8,11.938621520996094,7.645720481872559,26.642309188842773,0.0,0.043149049994572274,-15.100589752197266,8
5GRJ,9,10.287272453308105,7.200462818145752,23.185667037963867,0.0,0.05335626491601583,-17.87499237060547,7
5GRJ,10,14.78425121307373,8.651616096496582,44.741024017333984,0.533333,0.19911720513209744,-15.076432228088379,4
5GRJ,11,18.930103302001953,12.090522766113281,49.724674224853516,0.4,0.14784996324559685,-17.682437896728516,5
5GRJ,12,17.833396911621094,11.522261619567871,46.30389404296875,0.2,0.08308816349306533,-18.437524795532227,5
5GRJ,13,25.57161521911621,32.531768798828125,91.06788635253906,0.0,0.00358601924597869,-5.495006561279297,0
5GRJ,14,17.10292625427246,10.678458213806152,48.78070068359375,0.6,0.21627266601352016,-16.773208618164062,4
3BIW,0,28.784149169921875,17.22457504272461,80.26834869384766,0.0,0.006205349672956399,-15.816210746765137,6
3BIW,1,29.14088249206543,18.50218391418457,78.36560821533203,0.0,0.006052577458889961,-12.284375190734863,8
3BIW,2,30.0634822845459,16.781328201293945,77.21113586425781,0.0,0.006633517530100191,-13.667964935302734,13
3BIW,3,27.519014358520508,17.275680541992188,77.93403625488281,0.0,0.0064127481452349215,-14.161995887756348,4
3BIW,4,28.587491989135742,17.463045120239258,79.45323944091797,0.0,0.006213164513106405,-14.519987106323242,5
3BIW,5,28.919775009155273,16.917234420776367,77.7232437133789,0.0,0.006539761737358952,-12.06190013885498,15
3BIW,6,29.868358612060547,17.90726661682129,78.34439086914062,0.0,0.00620065032402235,-12.889965057373047,11
3BIW,7,26.51479721069336,17.590490341186523,77.07807159423828,0.0,0.0064113750861027885,-14.078798294067383,12
3BIW,8,29.090818405151367,17.745506286621094,79.21809387207031,0.0,0.006158780708061716,-13.164608001708984,11
3BIW,9,23.691783905029297,16.94399642944336,70.71971893310547,0.0,0.007338886032485257,-13.385191917419434,10
3BIW,10,24.160280227661133,10.396757125854492,54.979496002197266,0.0,0.014578395173683157,-11.483376502990723,106
3BIW,11,22.808609008789062,18.073516845703125,71.12718200683594,0.0,0.0069737081463839175,-12.544381141662598,12
3BIW,12,28.9818115234375,15.658965110778809,76.0697250366211,0.0,0.007141464663449025,-13.63037395477295,22
3BIW,13,30.703079223632812,18.059165954589844,76.97733306884766,0.0,0.006299303266455646,-12.843191146850586,11
3BIW,14,21.124305725097656,17.29033088684082,68.9575424194336,0.0,0.007478884517613611,-12.233450889587402,12
3F1P,0,12.560959815979004,12.468777656555176,44.43269729614258,0.0,0.016523225337739575,-13.98552417755127,4
3F1P,1,18.938814163208008,19.818267822265625,52.252803802490234,0.0,0.010491862321003584,-19.08017921447754,0
3F1P,2,17.153873443603516,17.5367431640625,51.364891052246094,0.0,0.011305880567805121,-17.638002395629883,1
3F1P,3,14.171385765075684,13.416438102722168,30.201963424682617,0.0,0.02857998154974624,-12.70163631439209,9
3F1P,4,16.947969436645508,17.754858016967773,52.668006896972656,0.0,0.010823983261108457,-18.495397567749023,0
3F1P,5,10.080682754516602,10.133647918701172,24.808547973632812,0.0,0.04216628502293734,-16.117191314697266,1
3F1P,6,16.124271392822266,16.911706924438477,51.154415130615234,0.0,0.011558016349801985,-16.517148971557617,0
3F1P,7,16.04817771911621,17.77109146118164,46.147926330566406,0.0,0.013295650623582947,-15.418185234069824,0
3F1P,8,18.705778121948242,19.895126342773438,48.69650650024414,0.0,0.011739787866200987,-15.80160140991211,0
3F1P,9,17.47085189819336,18.017478942871094,51.11893844604492,0.0,0.011262685004381765,-15.881830215454102,0
3F1P,10,14.349359512329102,14.83718204498291,37.99897766113281,0.0,0.01925672233541745,-13.940251350402832,0
3F1P,11,15.720817565917969,15.882203102111816,35.89080047607422,0.0,0.02065015221716079,-13.797426223754883,0
3F1P,12,17.53605079650879,18.226091384887695,53.26156997680664,0.0,0.010521328936474042,-17.233970642089844,0
3F1P,13,18.446252822875977,18.306865692138672,40.739097595214844,0.0,0.01612847442104458,-15.599684715270996,1
3F1P,14,18.433879852294922,19.073579788208008,52.74578857421875,0.0,0.010486252734198129,-17.136205673217773,0
3G6D,0,9.427032470703125,14.243464469909668,22.43914794921875,0.0,0.04548466611114068,-20.350162506103516,1
3G6D,1,8.727570533752441,9.266679763793945,20.485645294189453,0.0,0.05746964529253293,-17.868539810180664,3
3G6D,2,9.451362609863281,13.562799453735352,22.38327407836914,0.0,0.04603905438518683,-17.56342124938965,1
3G6D,3,13.26618480682373,15.351558685302734,34.78631591796875,0.0,0.021933118571472957,-15.935188293457031,11
3G6D,4,9.414925575256348,13.497227668762207,22.048744201660156,0.0,0.04719609134801489,-19.333986282348633,0
3G6D,5,8.95698070526123,13.993844985961914,20.930198669433594,0.0,0.05097870670134531,-20.89568519592285,0
3G6D,6,17.820236206054688,18.892667770385742,46.877933502197266,0.0,0.012698449189856457,-14.925661087036133,17
3G6D,7,8.443222045898438,10.347983360290527,19.58795928955078,0.0,0.059681409660443586,-19.409860610961914,0
3G6D,8,8.894518852233887,10.57747745513916,21.0091552734375,0.0,0.05345934530307927,-16.880237579345703,2
3G6D,9,12.801207542419434,15.23208236694336,34.591331481933594,0.0,0.0221825211321042,-18.104562759399414,5
3G6D,10,10.742181777954102,11.164514541625977,25.563356399536133,0.0,0.03909507348359926,-18.618091583251953,13
3G6D,11,9.931036949157715,12.279518127441406,23.04791831970215,0.0,0.0448097668819149,-19.898441314697266,0
3G6D,12,12.275135040283203,14.755538940429688,33.22611999511719,0.0,0.02388457058726338,-15.749513626098633,14
3G6D,13,8.200714111328125,9.726106643676758,19.414953231811523,0.0,0.06135913851735702,-16.988895416259766,4
3G6D,14,8.158267974853516,13.127129554748535,18.862180709838867,0.0,0.06056151508533061,-17.717529296875,0
5X0T,0,7.699623107910156,10.738519668579102,20.47096824645996,0.0,0.05539796214179404,-16.362794876098633,1
5X0T,1,7.91717529296875,10.28420639038086,20.503883361816406,0.2,0.12249451722672632,-20.12630844116211,0
5X0T,2,11.070419311523438,8.227348327636719,33.24896240234375,0.0,0.031172298977507052,-16.80034637451172,3
5X0T,3,5.116786003112793,6.677206516265869,13.66627025604248,0.0,0.1089933959286099,-19.09185791015625,0
5X0T,4,7.531657695770264,9.714635848999023,25.703872680664062,0.0,0.04062060954357266,-17.182313919067383,0
5X0T,5,4.250913619995117,5.406431674957275,11.429750442504883,0.0,0.14252692822590063,-21.15761947631836,0
5X0T,6,5.872519493103027,8.402329444885254,17.01331901550293,0.0,0.07687841684179998,-18.196514129638672,0
5X0T,7,8.338302612304688,11.424774169921875,22.059532165527344,0.0,0.04874131348779634,-18.619047164916992,0
5X0T,8,8.118088722229004,11.243712425231934,21.451610565185547,0.0,0.05106239325929022,-17.339771270751953,0
5X0T,9,7.696783542633057,10.826852798461914,20.190526962280273,0.0,0.05646098216094291,-16.845149993896484,1
5X0T,10,8.246014595031738,11.44308853149414,21.7213077545166,0.0,0.04989639976226099,-18.45533561706543,0
5X0T,11,8.344223022460938,11.40573787689209,23.95932388305664,0.0,0.04293062695921502,-14.139740943908691,1
5X0T,12,7.603840351104736,10.583756446838379,21.032665252685547,0.0,0.053361649254030426,-17.437477111816406,0
5X0T,13,12.15139389038086,9.004473686218262,36.12026596069336,0.0,0.02649098320505072,-16.666940689086914,3
5X0T,14,7.873974800109863,10.744233131408691,20.87936782836914,0.0,0.053762418351391235,-17.125972747802734,1
5WUX,0,23.32949447631836,19.989688873291016,50.34730911254883,0.0,0.011104014690926723,-16.959867477416992,14
5WUX,1,17.20090103149414,16.69359588623047,27.382966995239258,0.0,0.03196545986631664,-19.582765579223633,2
5WUX,2,23.28809356689453,20.94886589050293,33.955406188964844,0.0,0.021356615607623284,-20.423871994018555,3
5WUX,3,27.928394317626953,22.380910873413086,61.719242095947266,0.0,0.00769521608197649,-16.273338317871094,22
5WUX,4,27.35324478149414,21.080280303955078,55.16614532470703,0.0,0.009409282434478724,-18.260021209716797,16
5WUX,5,28.13955307006836,23.39073944091797,61.81156539916992,0.0,0.0075516285695310425,-15.050848960876465,12
5WUX,6,19.936038970947266,15.853636741638184,37.59605407714844,0.0,0.019167502399791845,-18.749807357788086,2
5WUX,7,22.128610610961914,17.115633010864258,51.307655334472656,0.0,0.011444863512670225,-18.072792053222656,18
5WUX,8,27.422386169433594,23.034069061279297,62.63630294799805,0.0,0.007435138456353613,-14.40346908569336,13
5WUX,9,15.682528495788574,15.807348251342773,23.95620346069336,0.0,0.04024681273421118,-16.83103370666504,12
5WUX,10,23.958961486816406,20.952192306518555,55.089622497558594,0.0,0.009450762017478067,-17.109844207763672,11
5WUX,11,21.714885711669922,20.929584503173828,51.65106964111328,0.0,0.010492665183534429,-15.787418365478516,10
5WUX,12,19.765169143676758,19.54538917541504,62.047935485839844,0.0,0.008092008520173938,-16.412702560424805,15
5WUX,13,27.41111946105957,18.681316375732422,64.94495391845703,0.0,0.007748986125698187,-15.513655662536621,20
5WUX,14,28.795408248901367,25.776472091674805,65.27467346191406,0.0,0.0066830609146413394,-15.407164573669434,7
3RVW,0,14.900673866271973,12.636946678161621,33.903831481933594,0.0,0.024343924656994517,-16.18463134765625,1
3RVW,1,17.37953758239746,12.08598518371582,35.68843078613281,0.0,0.02295026202833728,-13.673593521118164,56
3RVW,2,20.91322898864746,11.325651168823242,42.308284759521484,0.0,0.018678676746551545,-13.220046997070312,96
3RVW,3,14.30191707611084,13.036428451538086,29.89225196838379,0.0,0.02929167361534778,-16.89116859436035,0
3RVW,4,16.643354415893555,14.345353126525879,40.354248046875,0.0,0.017765798612237572,-13.42127513885498,6
3RVW,5,16.602310180664062,10.940669059753418,32.36571502685547,0.0,0.02765716846802099,-13.251111030578613,78
3RVW,6,17.716604232788086,15.545510292053223,42.419193267822266,0.0,0.01594238529400684,-16.801782608032227,1
3RVW,7,23.484540939331055,18.197330474853516,54.45927047729492,0.0,0.010176800772747963,-13.070101737976074,28
3RVW,8,15.847564697265625,13.540434837341309,36.79170608520508,0.0,0.020931251198221198,-16.758270263671875,2
3RVW,9,15.225822448730469,13.735064506530762,33.792789459228516,0.0,0.023763408056225913,-17.482919692993164,1
3RVW,10,32.778175354003906,31.533571243286133,89.06353759765625,0.0,0.003761246835557981,-13.315227508544922,13
3RVW,11,16.539531707763672,18.16832160949707,38.72126770019531,0.0,0.017580956018765605,-21.168376922607422,0
3RVW,12,36.81986618041992,30.41560935974121,95.7000961303711,0.0,0.0034177788680422295,-13.2490873336792,21
3RVW,13,16.264877319335938,14.710515022277832,36.8181037902832,0.0,0.020297324022997654,-15.090957641601562,10
3RVW,14,14.007514953613281,13.612893104553223,30.552034378051758,0.0,0.027946090789029637,-17.882572174072266,4
1IB1,0,12.023172378540039,17.341869354248047,23.789478302001953,0.0,0.040212301480802196,-13.894853591918945,9
1IB1,1,11.034364700317383,13.903704643249512,24.28412628173828,0.0,0.04021645406697036,-13.67526912689209,9
1IB1,2,12.788342475891113,14.638175964355469,28.49053192138672,0.0,0.0307085940603915,-14.769006729125977,10
1IB1,3,12.390522003173828,14.558842658996582,27.5789794921875,0.0,0.03241800665956203,-20.212112426757812,3
1IB1,4,13.139338493347168,14.235319137573242,32.564151763916016,0.0,0.02492279380981247,-16.51768684387207,12
1IB1,5,19.635433197021484,18.104244232177734,49.04804992675781,0.0,0.011991644671881156,-17.344520568847656,5
1IB1,6,10.54712200164795,11.127944946289062,23.90384864807129,0.0,0.04336571489669155,-16.2061710357666,5
1IB1,7,9.020833969116211,11.54474925994873,18.688053131103516,0.0,0.06267189228715313,-13.945786476135254,6
1IB1,8,12.152091026306152,13.566624641418457,28.55453872680664,0.0,0.03115842938169887,-15.52744197845459,6
1IB1,9,15.69473648071289,15.993809700012207,34.97097396850586,0.0,0.0215004153711419,-17.526620864868164,1
1IB1,10,8.978018760681152,12.511459350585938,18.440465927124023,0.0,0.06313536844711111,-16.7331485748291,6
1IB1,11,10.620954513549805,11.943704605102539,23.192672729492188,0.0,0.04464707302016588,-14.76012134552002,14
1IB1,12,10.84488582611084,12.427102088928223,24.74126434326172,0.0,0.039976732445677315,-14.225123405456543,12
1IB1,13,22.33000373840332,21.93585205078125,56.72710418701172,0.0,0.008871093920501208,-16.931596755981445,3
1IB1,14,12.328080177307129,13.846563339233398,30.06285285949707,0.0,0.02854134278940655,-15.695013999938965,8
3MXW,0,14.043839454650879,12.647880554199219,35.54218292236328,0.0,0.02265662256705307,-16.293745040893555,4
3MXW,1,14.153485298156738,14.548542022705078,32.085105895996094,0.0,0.025366221960878312,-12.485404014587402,46
3MXW,2,14.590890884399414,14.788594245910645,38.739051818847656,0.0,0.0187051906317357,-13.264297485351562,7
3MXW,3,11.933806419372559,14.406256675720215,26.13753890991211,0.0,0.03545567972612231,-15.763664245605469,2
3MXW,4,9.974723815917969,10.36771297454834,21.573631286621094,0.0,0.051626272798804156,-14.774224281311035,6
3MXW,5,11.56268310546875,12.07654094696045,25.72442626953125,0.0,0.037875645511492376,-17.085084915161133,6
3MXW,6,11.022597312927246,11.498224258422852,26.455141067504883,0.0,0.03676889975227372,-17.202869415283203,5
3MXW,7,11.347519874572754,12.117484092712402,26.204065322875977,0.0,0.03676514142925529,-16.483341217041016,4
3MXW,8,10.981963157653809,10.778265953063965,26.822412490844727,0.0,0.036753421660724754,-16.65578842163086,5
3MXW,9,11.456367492675781,14.146527290344238,26.378889083862305,0.0,0.03506060159528807,-19.644123077392578,2
3MXW,10,12.549802780151367,15.019691467285156,28.014633178710938,0.0,0.03139138879465738,-15.834789276123047,7
3MXW,11,11.93746566772461,14.31638240814209,27.06031036376953,0.0,0.033554928347179595,-15.514490127563477,5
3MXW,12,12.074384689331055,14.532451629638672,28.552425384521484,0.0,0.030650258228320227,-16.896875381469727,5
3MXW,13,17.98403549194336,19.473621368408203,44.0827751159668,0.0,0.013914886654141046,-17.849956512451172,5
3MXW,14,10.648143768310547,12.762794494628906,24.913721084594727,0.0,0.03929674908526516,-16.67832374572754,6
3U7Y,0,18.224210739135742,13.808619499206543,33.2140007019043,0.0,0.02437659403148459,-16.960254669189453,5
3U7Y,1,22.865886688232422,16.08208656311035,51.2929801940918,0.0,0.011783975073368024,-17.409006118774414,2
3U7Y,2,20.641483306884766,16.338834762573242,44.733184814453125,0.0,0.01440185339602352,-17.121315002441406,2
3U7Y,3,18.324724197387695,16.199499130249023,40.09332275390625,0.0,0.017171345489900007,-17.255781173706055,1
3U7Y,4,30.42620277404785,26.825485229492188,72.2397689819336,0.0,0.005590884610354683,-15.694281578063965,15
3U7Y,5,18.2270565032959,21.801538467407227,32.847198486328125,0.0,0.022490902030338464,-14.758444786071777,2
3U7Y,6,26.1314697265625,20.653547286987305,51.990577697753906,0.0,0.010426823422935536,-14.161341667175293,46
3U7Y,7,19.517093658447266,22.743135452270508,36.60289764404297,0.0,0.018499613213283993,-13.208476066589355,7
3U7Y,8,29.60973358154297,26.200639724731445,71.94818878173828,0.0,0.005677328544564663,-14.807291984558105,25
3U7Y,9,29.682931900024414,25.733505249023438,69.16051483154297,0.0,0.00608881627247421,-16.18105125427246,13
3U7Y,10,20.84156036376953,12.26860237121582,44.785518646240234,0.0,0.016499096074024704,-14.081743240356445,42
3U7Y,11,29.07132911682129,25.87669563293457,80.98307800292969,0.0,0.004748514819024217,-17.141414642333984,11
3U7Y,12,22.51400375366211,23.579483032226562,39.132991790771484,0.0,0.016361411077418033,-13.59214973449707,9
3U7Y,13,21.824535369873047,16.570011138916016,51.0573844909668,0.0,0.011698703482390127,-20.313230514526367,2
3U7Y,14,28.91584587097168,19.5395565032959,67.02738952636719,0.0,0.00722863927357571,-13.674129486083984,25
1S78,0,17.240060806274414,16.20298194885254,50.8709602355957,0.0,0.011885998074930385,-15.561868667602539,21
1S78,1,20.164470672607422,16.682233810424805,53.51224136352539,0.0,0.010876650710458955,-13.653153419494629,9
1S78,2,17.409425735473633,13.511164665222168,55.923221588134766,0.0,0.01158525619249008,-17.164316177368164,5
1S78,3,25.690927505493164,18.475757598876953,60.142757415771484,0.0,0.00871045544430979,-14.291227340698242,48
1S78,4,18.320077896118164,16.447969436645508,54.15414810180664,0.0,0.01076404009188929,-14.661270141601562,22
1S78,5,21.42350196838379,18.90949821472168,67.98687744140625,0.0,0.007214535103327864,-14.544595718383789,7
1S78,6,27.281389236450195,18.759822845458984,53.8317756652832,0.0,0.010226127570061933,-12.357123374938965,54
1S78,7,28.063562393188477,13.763169288635254,55.775245666503906,0.0,0.011478809826207961,-13.858925819396973,31
1S78,8,15.846928596496582,13.243483543395996,47.017967224121094,0.0,0.014771291484799354,-15.74880599975586,4
1S78,9,19.97203254699707,17.218053817749023,58.776092529296875,0.0,0.009339296110112695,-17.596023559570312,6
1S78,10,28.564943313598633,24.629911422729492,69.16178131103516,0.0,0.006191671471963648,-14.690397262573242,18
1S78,11,20.924320220947266,14.40014362335205,42.17863845825195,0.0,0.016586967143530723,-14.338109970092773,18
1S78,12,12.904870986938477,10.63805866241455,48.56013870239258,0.0,0.01640756563040438,-15.654535293579102,26
1S78,13,23.706275939941406,17.64133071899414,50.27812194824219,0.0,0.011654923175491211,-12.478218078613281,83
1S78,14,27.028640747070312,17.0137939453125,55.492496490478516,0.0,0.010212423973912895,-12.72931957244873,25
1OYV,0,15.614999771118164,14.706669807434082,30.85845375061035,0.0,0.026939462491718663,-12.252864837646484,0
1OYV,1,14.82594108581543,13.844276428222656,29.36705207824707,0.0,0.02963426068879445,-15.24628734588623,0
1OYV,2,6.83262825012207,6.689092636108398,16.531164169311523,0.0,0.085659309367002,-18.27072525024414,1
1OYV,3,10.049790382385254,8.812471389770508,30.0450496673584,0.324324,0.14219559417933375,-17.726320266723633,4
1OYV,4,8.581792831420898,9.353650093078613,21.078428268432617,0.0,0.05498082405831169,-16.77313995361328,0
1OYV,5,4.893733501434326,5.707157135009766,13.727278709411621,0.0,0.11392200864580156,-14.289429664611816,2
1OYV,6,14.195231437683105,13.044487953186035,29.016571044921875,0.0,0.030693416548458727,-14.205690383911133,1
1OYV,7,7.9485182762146,7.939364910125732,18.2673397064209,0.0,0.07081484153542497,-16.218971252441406,1
1OYV,8,4.21311092376709,4.750309467315674,12.481705665588379,0.162162,0.18988586761062923,-15.24830436706543,1
1OYV,9,14.329856872558594,13.256744384765625,29.010591506958008,0.0,0.030566978960338803,-15.326634407043457,0
1OYV,10,9.868706703186035,10.510127067565918,24.991214752197266,0.0,0.041216308497148475,-18.950241088867188,1
1OYV,11,15.322395324707031,14.18886661529541,29.998332977294922,0.0,0.02845743449584055,-15.503145217895508,0
1OYV,12,10.809821128845215,10.23075008392334,25.360490798950195,0.0,0.04067864448085587,-15.322515487670898,0
1OYV,13,13.716343879699707,12.70981502532959,28.532320022583008,0.0,0.03175061497697908,-14.358867645263672,1
1OYV,14,14.071542739868164,12.971020698547363,31.037874221801758,0.0,0.027654342477976098,-14.618762969970703,0
1EER,0,16.267324447631836,17.08150291442871,52.98714065551758,0.0,0.010913376133747842,-18.51332664489746,1
1EER,1,16.957763671875,13.515630722045898,37.30337905883789,0.0,0.02050845888488615,-18.000802993774414,4
1EER,2,15.954408645629883,16.48274040222168,53.32204818725586,0.0,0.010998391476909675,-18.53856658935547,1
1EER,3,17.086700439453125,17.78050994873047,54.00681686401367,0.0,0.010412911586412993,-16.17556381225586,7
1EER,4,15.641764640808105,14.27641773223877,49.264225006103516,0.0,0.01327597231093093,-18.000574111938477,12
1EER,5,11.319587707519531,15.577465057373047,68.06263732910156,0.0,0.008181297213501698,-18.260530471801758,11
1EER,6,12.977151870727539,13.112896919250488,49.3172721862793,0.0,0.013921685961708683,-17.815187454223633,19
1EER,7,12.28740119934082,13.595010757446289,53.47038650512695,0.0,0.012224933949107876,-21.679412841796875,6
1EER,8,10.736066818237305,13.799599647521973,63.99260330200195,0.0,0.009671602421050656,-18.320287704467773,12
1EER,9,15.683106422424316,16.314224243164062,51.238525390625,0.0,0.011721864143513214,-19.247364044189453,2
1EER,10,17.26140594482422,17.634788513183594,50.62758255004883,0.0,0.01153275297064487,-16.7611141204834,9
1EER,11,15.872445106506348,16.387197494506836,53.82952880859375,0.0,0.010878897827981113,-21.092153549194336,1
1EER,12,18.385332107543945,18.208776473999023,48.62017822265625,0.0,0.012132519107663891,-15.023575782775879,9
1EER,13,16.240459442138672,16.968244552612305,54.127567291259766,0.0,0.010606993082285271,-21.21485137939453,2
1EER,14,16.560440063476562,15.360998153686523,47.258575439453125,0.208333,0.08303829005752461,-18.02423095703125,32
2BTF,0,19.703197479248047,17.796754837036133,55.33322525024414,0.0,0.010035781684732778,-18.60751724243164,1
2BTF,1,16.793371200561523,18.14950180053711,45.49063491821289,0.0,0.013506624970767026,-17.789653778076172,0
2BTF,2,27.961273193359375,27.638938903808594,78.21014404296875,0.0,0.004870170956894041,-21.634666442871094,0
2BTF,3,19.416994094848633,15.068768501281738,55.35538101196289,0.0,0.010949058537583925,-14.11374282836914,0
2BTF,4,27.026233673095703,24.333005905151367,75.72232055664062,0.0,0.00540981516901816,-17.85446548461914,0
2BTF,5,12.83797836303711,15.907857894897461,27.86908721923828,0.0,0.03130644962419013,-14.211071968078613,0
2BTF,6,14.803197860717773,14.885787963867188,37.80094528198242,0.0,0.019393790429906802,-21.000581741333008,0
2BTF,7,27.73322105407715,25.51601791381836,78.02909851074219,0.0,0.0050571181496102645,-16.826528549194336,3
2BTF,8,5.483479022979736,5.291125297546387,18.17840576171875,0.0,0.08460065480698013,-18.621938705444336,0
2BTF,9,11.666213989257812,13.585084915161133,23.713993072509766,0.0,0.04196509948412802,-15.602378845214844,0
2BTF,10,23.55424690246582,18.606338500976562,63.550987243652344,0.0,0.00801071271491374,-15.956358909606934,0
2BTF,11,13.938077926635742,16.18683433532715,35.67196273803711,0.0,0.020747375620316904,-16.142868041992188,0
2BTF,12,18.757905960083008,21.236953735351562,51.08486557006836,0.0,0.010634592844072777,-16.809518814086914,0
2BTF,13,14.305549621582031,13.848388671875,38.11760330200195,0.0,0.019655685561403357,-15.998944282531738,0
2BTF,14,24.505046844482422,18.911312103271484,66.62936401367188,0.0,0.007421930189563519,-16.917827606201172,0
1IRA,0,13.336085319519043,15.886690139770508,24.89923095703125,0.0,0.03773672857131852,-14.839581489562988,9
1IRA,1,8.17847728729248,7.993597507476807,16.98533058166504,0.428571,0.2209540771654094,-15.017627716064453,5
1IRA,2,14.066853523254395,16.0113582611084,26.996063232421875,0.0,0.032965258092386145,-14.870735168457031,7
1IRA,3,8.271336555480957,7.378115177154541,19.124786376953125,0.0,0.06821448745556255,-17.45698356628418,0
1IRA,4,25.902915954589844,29.017024993896484,54.98645782470703,0.0,0.008667831480429022,-16.27342987060547,0
1IRA,5,11.306425094604492,11.034017562866211,23.649879455566406,0.0,0.04418108732774934,-15.540377616882324,1
1IRA,6,13.54321002960205,15.73367691040039,25.58417510986328,0.0,0.036138539959969164,-16.973716735839844,7
1IRA,7,26.01487922668457,24.084692001342773,56.73908996582031,0.0,0.008604607298531014,-17.80278968811035,0
1IRA,8,23.361234664916992,24.86331558227539,48.0860595703125,0.0,0.011308700404240535,-16.744298934936523,5
1IRA,9,20.368635177612305,20.549354553222656,44.06210708618164,0.0,0.013726304279573512,-15.147087097167969,3
1IRA,10,15.214038848876953,17.43512725830078,28.998035430908203,0.0,0.02882342007450692,-14.706069946289062,6
1IRA,11,13.98859977722168,18.273365020751953,25.640422821044922,0.0,0.035236319149198246,-15.693650245666504,1
1IRA,12,10.768905639648438,12.570810317993164,22.277755737304688,0.0,0.047038786288700084,-16.347570419311523,3
1IRA,13,13.111279487609863,16.212717056274414,24.819381713867188,0.0,0.0378211405948064,-17.89751625061035,0
1IRA,14,12.922825813293457,15.90773868560791,23.54541778564453,0.0,0.041370338524053744,-15.052340507507324,7
2HLE,0,16.56721305847168,14.442276954650879,53.191871643066406,0.090909,0.04216032550479501,-14.454774856567383,11
2HLE,1,12.67171573638916,11.571152687072754,41.91139602661133,0.181818,0.07928378905097773,-13.513958930969238,15
2HLE,2,11.614059448242188,10.204268455505371,39.64797592163086,0.0,0.021697730694046388,-14.502269744873047,7
2HLE,3,14.143582344055176,11.846418380737305,43.74047088623047,0.0,0.017389659243098404,-14.06935977935791,4
2HLE,4,13.604750633239746,14.22728443145752,44.48288345336914,0.0,0.015406885506824406,-17.00274658203125,0
2HLE,5,12.327240943908691,10.036649703979492,40.84960174560547,0.090909,0.05141918401951568,-14.30908203125,7
2HLE,6,12.52740478515625,10.850872039794922,43.556861877441406,0.0,0.018478901689608005,-14.068770408630371,7
2HLE,7,15.95159912109375,13.813894271850586,51.967586517333984,0.181818,0.07317584129443293,-14.50594711303711,12
2HLE,8,14.047725677490234,13.082581520080566,45.52705383300781,0.0,0.015553018092997776,-14.683359146118164,8
2HLE,9,15.252934455871582,13.508630752563477,44.17374801635742,0.0,0.015961319678837894,-13.26716136932373,7
2HLE,10,16.635677337646484,15.038558006286621,51.6981086730957,0.0,0.012057299718786621,-14.07270336151123,3
2HLE,11,14.729259490966797,12.228575706481934,46.65185546875,0.0,0.015651250635731223,-13.456839561462402,10
2HLE,12,17.09393310546875,14.695572853088379,51.06046676635742,0.0,0.01242531760976148,-11.722090721130371,8
2HLE,13,16.530235290527344,13.975200653076172,50.57170104980469,0.0,0.012954429556290122,-13.957222938537598,5
2HLE,14,14.80468463897705,13.493261337280273,50.33955383300781,0.181818,0.07391540924808805,-15.083440780639648,9
1T6B,0,18.0638427734375,16.480337142944336,51.7607421875,0.0,0.011491752354028426,-14.572821617126465,0
1T6B,1,17.71602439880371,13.260798454284668,50.8675422668457,0.0,0.013265858679134513,-17.362512588500977,0
1T6B,2,18.991830825805664,18.790061950683594,53.63125991821289,0.0,0.010278617770049644,-15.777533531188965,0
1T6B,3,39.19552230834961,36.832279205322266,104.98992919921875,0.0,0.002722551461467698,-16.655941009521484,0
1T6B,4,42.9847526550293,37.40492248535156,111.57036590576172,0.0,0.0024587461488549665,-17.604082107543945,0
1T6B,5,41.462799072265625,38.78205108642578,107.56781768798828,0.0,0.0025663762189455023,-16.680694580078125,2
1T6B,6,18.120193481445312,13.258047103881836,48.804054260253906,0.0,0.014026438708218666,-14.141060829162598,0
1T6B,7,41.042911529541016,37.16749954223633,107.08036041259766,0.0,0.002629259234149229,-17.50702667236328,1
1T6B,8,23.809797286987305,21.54684829711914,69.03305053710938,0.0,0.0065858052875204035,-13.009244918823242,0
1T6B,9,16.38865852355957,14.935321807861328,52.11729049682617,0.0,0.011965470641502175,-17.43397331237793,0
1T6B,10,18.96232795715332,14.460241317749023,50.22599411010742,0.0,0.012829663768532937,-16.3928279876709,0
1T6B,11,9.31271743774414,15.151742935180664,22.1640625,0.0,0.045974357925329924,-15.456777572631836,0
1T6B,12,36.41181945800781,33.95151138305664,99.03081512451172,0.0,0.003087120024302227,-19.09835433959961,0
1T6B,13,22.320138931274414,15.884780883789062,59.39460372924805,0.0,0.009635944501425233,-15.394615173339844,2
1T6B,14,42.7622184753418,36.23487091064453,110.75435638427734,0.0,0.0025220897232591123,-17.59602928161621,1
5KOV,0,24.330429077148438,21.5556697845459,35.900596618652344,0.0,0.019300335457398003,-15.137762069702148,8
5KOV,1,23.094430923461914,20.881065368652344,47.321964263916016,0.0,0.012129664886516922,-13.600647926330566,46
5KOV,2,21.54549217224121,14.894450187683105,35.1253776550293,0.0,0.021786735841173077,-17.37095069885254,7
5KOV,3,28.212764739990234,23.782560348510742,36.6971321105957,0.0,0.018293636902904146,-16.40131187438965,13
5KOV,4,21.185449600219727,15.449284553527832,37.7213249206543,0.0,0.019220586937359275,-14.317533493041992,7
5KOV,5,24.15384864807129,25.004562377929688,59.26414489746094,0.0,0.007914024359062527,-15.982818603515625,8
5KOV,6,21.516204833984375,19.126750946044922,30.559818267822266,0.0,0.025973652979072864,-16.76544189453125,5
5KOV,7,13.716850280761719,12.00029468536377,31.01795768737793,0.0,0.028411192387656787,-17.00401496887207,13
5KOV,8,22.595136642456055,14.520952224731445,32.835731506347656,0.0,0.024453447056407132,-18.19084358215332,11
5KOV,9,27.151351928710938,22.66714096069336,35.927433013916016,0.0,0.019122311743419294,-16.928874969482422,15
5KOV,10,27.426149368286133,22.51674461364746,37.80855941772461,0.0,0.01750972605785955,-19.30042839050293,7
5KOV,11,27.896203994750977,21.025876998901367,37.06595230102539,0.0,0.018341494034360552,-17.6653995513916,41
5KOV,12,17.15744972229004,13.981743812561035,34.02253341674805,0.0,0.023376279680580998,-17.084566116333008,28
5KOV,13,13.522086143493652,9.441309928894043,29.050853729248047,0.0,0.034492785807005995,-19.87936019897461,16
5KOV,14,12.5707368850708,10.386975288391113,29.092092514038086,0.0,0.033026997879212074,-14.154584884643555,33
2AJF,0,18.0609188079834,16.730701446533203,43.33977127075195,0.0,0.015004724765647182,-14.587709426879883,44
2AJF,1,21.382802963256836,16.426305770874023,50.046695709228516,0.0,0.01210238378487437,-15.123370170593262,41
2AJF,2,19.24834632873535,15.770990371704102,45.7214469909668,0.0,0.014124123687034383,-13.58910083770752,60
2AJF,3,18.947914123535156,17.457176208496094,45.47187042236328,0.0,0.013697177222623555,-12.146526336669922,75
2AJF,4,20.963254928588867,17.531917572021484,49.28838348388672,0.0,0.01204953090112462,-17.69383430480957,52
2AJF,5,19.933507919311523,17.637556076049805,48.049503326416016,0.0,0.012508394072524473,-12.770111083984375,55
2AJF,6,21.012723922729492,20.863792419433594,52.79952621459961,0.0,0.01013472654562459,-15.345487594604492,36
2AJF,7,20.27007293701172,17.68790626525879,48.25718688964844,0.0,0.01241062331129252,-15.481833457946777,44
2AJF,8,19.30831527709961,18.560556411743164,46.18386459350586,0.0,0.013084136721823998,-16.877574920654297,47
2AJF,9,20.753707885742188,18.234386444091797,48.96929168701172,0.0,0.011989909872122765,-15.02656078338623,64
2AJF,10,21.541719436645508,16.55654525756836,50.49479293823242,0.0,0.011898952361413142,-16.235858917236328,50
2AJF,11,21.574012756347656,17.312999725341797,50.3089714050293,0.111111,0.048771809004070556,-16.492036819458008,56
2AJF,12,19.37220001220703,19.56561279296875,46.480587005615234,0.0,0.012734397492948224,-16.073219299316406,50
2AJF,13,19.5594539642334,17.982524871826172,46.88959884643555,0.0,0.012908555551160187,-14.369546890258789,56
2AJF,14,18.49844741821289,12.671747207641602,43.19086456298828,0.0,0.017035043371581546,-13.806821823120117,68
4Y7M,0,5.796815395355225,5.090391159057617,24.747766494750977,0.461538,0.21565100892505906,-20.10493278503418,7
4Y7M,1,14.812925338745117,11.004281997680664,36.374359130859375,0.0,0.02334032626632783,-14.4850492477417,3
4Y7M,2,5.028847694396973,5.773582458496094,16.0009822845459,0.153846,0.1457205878309694,-16.2277889251709,21
4Y7M,3,6.339034080505371,6.058419227600098,11.142802238464355,0.076923,0.1675106381640388,-20.76075553894043,12
4Y7M,4,9.993535995483398,8.827676773071289,32.27019119262695,0.461538,0.1848264618179235,-18.06898307800293,7
4Y7M,5,12.503515243530273,11.3142728805542,42.49201583862305,0.0,0.018582738646833814,-21.355398178100586,9
4Y7M,6,14.278117179870605,12.421875953674316,38.556968688964844,0.0,0.020239738192967784,-16.624540328979492,3
4Y7M,7,13.653265953063965,11.82479190826416,39.270931243896484,0.0,0.020196180944690546,-16.64548110961914,11
4Y7M,8,4.626314163208008,5.184842109680176,20.038965225219727,0.461538,0.23041944697646632,-18.221471786499023,13
4Y7M,9,13.459156036376953,10.620360374450684,26.260255813598633,0.0,0.03813095918517447,-15.014619827270508,21
4Y7M,10,9.043627738952637,8.779130935668945,44.282371520996094,0.0,0.021300161059628096,-17.47140884399414,0
4Y7M,11,5.336478233337402,5.355881214141846,25.776208877563477,0.0,0.0569364929687819,-19.71449089050293,0
4Y7M,12,8.807968139648438,7.085822105407715,16.467805862426758,0.307692,0.18698503832292626,-18.36758804321289,2
4Y7M,13,7.437671184539795,6.636837005615234,19.665630340576172,0.0,0.06867016190799337,-20.038673400878906,5
4Y7M,14,10.007431030273438,7.140272617340088,35.61440658569336,0.153846,0.08333498559780007,-19.36334800720215,8
1HIA,0,14.57735538482666,15.740368843078613,41.873802185058594,0.0,0.016191427483977387,-19.201929092407227,1
1HIA,1,13.488035202026367,14.055619239807129,43.217891693115234,0.0,0.016167415715832092,-16.11539077758789,0
1HIA,2,11.563796043395996,14.092890739440918,35.513248443603516,0.0,0.021794996121947376,-18.500530242919922,0
1HIA,3,9.340065002441406,10.7119722366333,24.69422149658203,0.0,0.041720436320909195,-21.061952590942383,0
1HIA,4,12.609678268432617,14.416702270507812,39.422428131103516,0.0,0.018377833584223475,-19.024307250976562,0
1HIA,5,14.4128999710083,15.592350006103516,41.372615814208984,0.0,0.016556646288714068,-18.98676109313965,0
1HIA,6,11.571808815002441,13.068340301513672,34.31600570678711,0.0,0.023603630566251543,-17.817750930786133,0
1HIA,7,7.9648823738098145,10.389264106750488,19.8645076751709,0.0,0.05839364648112056,-16.051939010620117,0
1HIA,8,12.9217529296875,14.113157272338867,40.810611724853516,0.0,0.017582224612364715,-20.938953399658203,2
1HIA,9,8.319814682006836,9.335712432861328,22.137739181518555,0.0,0.05121653985543112,-21.912691116333008,0
1HIA,10,2.9898908138275146,4.431159496307373,8.241305351257324,0.0,0.20608603773014755,-19.42938995361328,0
1HIA,11,8.035308837890625,10.118147850036621,23.66550636291504,0.0,0.045256414678141656,-20.716838836669922,0
1HIA,12,8.532729148864746,9.88158130645752,28.19482421875,0.0,0.03527926639389875,-21.953401565551758,1
1HIA,13,11.054282188415527,11.44301986694336,36.568721771240234,0.0,0.02271711678930548,-22.890853881835938,0
1HIA,14,6.76171875,9.126249313354492,16.90413475036621,0.033333,0.08715091292715309,-21.50928497314453,0
1BKD,0,23.3085994720459,20.05459976196289,63.14640426635742,0.0,0.007786696870062751,-17.25524139404297,6
1BKD,1,24.60063934326172,21.81863784790039,63.32999038696289,0.0,0.00746657454350982,-16.180753707885742,4
1BKD,2,23.799467086791992,22.577136993408203,59.332828521728516,0.0,0.008168439203682666,-16.47581672668457,4
1BKD,3,11.88611125946045,13.211374282836914,24.258495330810547,0.0,0.04069219322382386,-12.233222007751465,6
1BKD,4,12.300492286682129,14.249527931213379,24.356229782104492,0.0,0.03984284596210307,-19.14756202697754,2
1BKD,5,24.204248428344727,20.219480514526367,62.05887985229492,0.0,0.007962615518673135,-15.767361640930176,5
1BKD,6,25.893972396850586,23.491315841674805,63.326263427734375,0.0,0.007252778774443633,-16.025630950927734,4
1BKD,7,23.138195037841797,19.36396026611328,62.529815673828125,0.0,0.008035970311372048,-16.894529342651367,2
1BKD,8,4.5066819190979,4.961350440979004,10.372343063354492,0.315789,0.26709904910133425,-13.817183494567871,5
1BKD,9,13.77473258972168,16.48992919921875,26.77928924560547,0.0,0.03324471447805469,-14.440322875976562,4
1BKD,10,13.234320640563965,15.661356925964355,25.831180572509766,0.0,0.03559701367639847,-14.795724868774414,4
1BKD,11,25.718791961669922,23.54785919189453,62.918846130371094,0.0,0.007321584160249993,-16.133485794067383,2
1BKD,12,10.181595802307129,11.11501693725586,20.074020385742188,0.210526,0.12681615828839019,-13.33520221710205,12
1BKD,13,8.167963981628418,8.371792793273926,17.077861785888672,0.0,0.0765487239288254,-14.841985702514648,0
1BKD,14,25.157514572143555,23.112825393676758,62.951717376708984,0.0,0.007366431390121886,-16.561016082763672,5
1EXB,0,30.77445411682129,38.12409973144531,80.24459838867188,0.0,0.004213832588165732,-17.0566463470459,15
1EXB,1,30.112123489379883,37.557186126708984,77.12187957763672,0.0,0.004531394531605092,-18.64356803894043,19
1EXB,2,28.764263153076172,36.93851852416992,74.34368133544922,0.0,0.00484994981828728,-18.52618980407715,7
1EXB,3,22.600759506225586,30.720542907714844,58.23459243774414,0.0,0.007746241828314924,-17.529888153076172,9
1EXB,4,26.388561248779297,33.96137237548828,67.82575988769531,0.0,0.0058031786769764,-17.488941192626953,24
1EXB,5,29.23797035217285,37.402957916259766,76.38300323486328,0.0,0.00461259424317426,-18.46747589111328,10
1EXB,6,28.90062141418457,37.47394561767578,74.50747680664062,0.0,0.004815757490999348,-18.612438201904297,19
1EXB,7,34.47161102294922,37.58831787109375,81.079345703125,0.0,0.004153659464152736,-16.988922119140625,10
1EXB,8,30.477205276489258,38.690975189208984,78.13091278076172,0.0,0.004399321075781777,-17.56547737121582,15
1EXB,9,30.489748001098633,38.482967376708984,78.07251739501953,0.0,0.004410501940101106,-18.148448944091797,14
1EXB,10,32.49018096923828,38.33155822753906,83.5525131225586,0.0,0.0039241545053379885,-18.6221923828125,9
1EXB,11,29.673751831054688,37.507991790771484,76.95639038085938,0.0,0.004549802360858566,-18.921361923217773,10
1EXB,12,33.798099517822266,40.15530014038086,85.18216705322266,0.0,0.003750851354532899,-17.422277450561523,13
1EXB,13,28.547937393188477,36.725379943847656,73.41769409179688,0.0,0.004964065505969147,-16.366065979003906,23
1EXB,14,25.13749885559082,32.12487030029297,66.51280212402344,0.0,0.006081529671142408,-17.942834854125977,23
1D6R,0,15.619620323181152,14.528973579406738,43.77505111694336,0.0,0.01562677307032684,-15.320181846618652,4
1D6R,1,9.899429321289062,10.415044784545898,24.895626068115234,0.0,0.04157403346987019,-17.172414779663086,0
1D6R,2,14.383095741271973,13.636849403381348,41.836063385009766,0.0,0.017199237012688107,-17.30893325805664,0
1D6R,3,9.235506057739258,10.655013084411621,23.196392059326172,0.0,0.04593784718015961,-21.884098052978516,0
1D6R,4,14.943424224853516,14.779311180114746,42.67799758911133,0.0,0.016116482602818137,-17.087989807128906,5
1D6R,5,10.389857292175293,7.593969345092773,25.992307662963867,0.0,0.04472045445324833,-14.071483612060547,18
1D6R,6,17.843271255493164,23.701065063476562,55.576290130615234,0.0,0.00894876925019896,-15.438389778137207,0
1D6R,7,13.494861602783203,13.045110702514648,38.72792434692383,0.0,0.01966891085196669,-19.358230590820312,0
1D6R,8,21.272212982177734,16.857250213623047,51.928321838378906,0.0,0.011316671092020092,-16.973377227783203,10
1D6R,9,13.711562156677246,14.169787406921387,38.623268127441406,0.0,0.019092466425411857,-12.916718482971191,11
1D6R,10,20.220523834228516,17.964757919311523,55.80842590332031,0.0,0.009864959467061715,-15.478083610534668,1
1D6R,11,10.076224327087402,9.283427238464355,26.678020477294922,0.0,0.03920092999859962,-15.908403396606445,0
1D6R,12,9.532447814941406,9.77464771270752,22.70699119567871,0.0,0.048637184606008826,-15.980295181274414,12
1D6R,13,12.999347686767578,14.018362045288086,39.785179138183594,0.0,0.01832420180616744,-16.08328628540039,0
1D6R,14,6.820430278778076,7.4954657554626465,17.422090530395508,0.0,0.07692447828216749,-22.427383422851562,0
5E5M,0,9.314427375793457,9.111351013183594,17.916179656982422,0.0,0.0700393538630523,-16.203248977661133,3
5E5M,1,17.432498931884766,17.07834815979004,25.271160125732422,0.0,0.03642983976613863,-20.12825584411621,0
5E5M,2,8.058154106140137,6.31347131729126,15.103540420532227,0.0,0.0979902392350094,-25.801733016967773,2
5E5M,3,5.830207824707031,5.299943923950195,15.792798042297363,0.0625,0.1204251025723707,-18.920719146728516,2
5E5M,4,9.38550090789795,7.114487171173096,17.988948822021484,0.0,0.07502602456129524,-24.108280181884766,4
5E5M,5,17.386533737182617,16.641481399536133,26.059326171875,0.0,0.0347402595925257,-19.139638900756836,0
5E5M,6,16.956268310546875,17.00926399230957,26.922306060791016,0.0,0.03278751085553192,-17.857208251953125,2
5E5M,7,5.939023971557617,6.282499313354492,12.119483947753906,0.0,0.12788044675075808,-17.879474639892578,1
5E5M,8,4.520327091217041,4.6483917236328125,12.121798515319824,0.125,0.18297849855558368,-20.226776123046875,1
5E5M,9,7.164336204528809,6.140743255615234,17.3929443359375,0.0,0.08303194330706247,-17.479040145874023,6
5E5M,10,11.411185264587402,8.272299766540527,21.397851943969727,0.0,0.05604119492418432,-24.96595001220703,1
5E5M,11,17.766246795654297,16.853246688842773,26.618867874145508,0.0,0.03346367017063669,-19.04039192199707,0
5E5M,12,11.862859725952148,9.171330451965332,18.56854820251465,0.0,0.06643236565594185,-22.28119659423828,0
5E5M,13,7.26805305480957,7.536489486694336,16.44518280029297,0.0,0.08297787382360881,-16.663022994995117,5
5E5M,14,14.398983001708984,10.757888793945312,34.95301818847656,0.0,0.024968958386813938,-15.95120620727539,14
2OOR,0,8.190829277038574,10.053084373474121,20.73882484436035,0.0,0.05520083875886062,-20.293201446533203,13
2OOR,1,24.08601951599121,25.743940353393555,70.16388702392578,0.0,0.005949093560711097,-12.309097290039062,5
2OOR,2,16.07261085510254,18.15106201171875,44.60904312133789,0.0,0.013939375582381078,-19.893070220947266,13
2OOR,3,10.237436294555664,11.374960899353027,27.528934478759766,0.0,0.03471020808845335,-17.2269229888916,22
2OOR,4,16.66376495361328,19.422069549560547,44.56423568725586,0.0,0.013677500427000914,-17.71460723876953,13
2OOR,5,24.608285903930664,24.276958465576172,72.0400161743164,0.0,0.005844532217159311,-13.114958763122559,10
2OOR,6,19.75088882446289,21.94347381591797,56.64302444458008,0.0,0.008891288986808523,-14.55375862121582,8
2OOR,7,16.584396362304688,18.11731719970703,45.67281723022461,0.0,0.01342807673466894,-18.813472747802734,12
2OOR,8,24.836410522460938,22.88644027709961,71.25369262695312,0.0,0.006102725351963416,-11.511164665222168,11
2OOR,9,24.701093673706055,23.201879501342773,71.82500457763672,0.0,0.005991297886769384,-13.221073150634766,9
2OOR,10,16.79022979736328,18.013702392578125,46.37583541870117,0.0,0.013129242283672788,-18.271440505981445,11
2OOR,11,24.195388793945312,25.995718002319336,70.1390609741211,0.0,0.0059307890831970305,-12.495081901550293,7
2OOR,12,6.389902591705322,7.110912799835205,17.27404022216797,0.052632,0.09672175347180804,-15.855812072753906,18
2OOR,13,6.585427284240723,7.491250038146973,18.21023941040039,0.0,0.0724817842703653,-16.700664520263672,20
2OOR,14,17.78598976135254,19.85389518737793,47.5053825378418,0.0,0.012232480777014075,-19.58306312561035,17
7CEI,0,9.207666397094727,8.0678071975708,15.870564460754395,0.0,0.08544024338863805,-16.5214786529541,5
7CEI,1,13.409951210021973,9.719511985778809,35.37816619873047,0.0,0.025946118152978204,-13.948497772216797,17
7CEI,2,12.979166030883789,9.806715965270996,21.04031753540039,0.0,0.05438902465268399,-15.171375274658203,13
7CEI,3,13.078857421875,11.630294799804688,29.548786163330078,0.2,0.0975954108561039,-16.997922897338867,12
7CEI,4,9.484731674194336,8.075605392456055,16.00127410888672,0.0,0.0844765721710957,-15.811518669128418,10
7CEI,5,12.47047233581543,9.417149543762207,19.05962562561035,0.0,0.0635458241877594,-17.231468200683594,7
7CEI,6,15.95258617401123,10.763020515441895,22.12041473388672,0.0,0.04923722078120355,-17.197065353393555,4
7CEI,7,12.524965286254883,9.313365936279297,19.303083419799805,0.0,0.06256502843079369,-16.961442947387695,6
7CEI,8,13.314752578735352,9.50715446472168,20.2091064453125,0.0,0.05820113306939464,-18.17070960998535,6
7CEI,9,8.695968627929688,6.400169372558594,17.351383209228516,0.0,0.08186736871043893,-15.08658218383789,0
7CEI,10,13.567831039428711,9.414435386657715,20.990869522094727,0.0,0.05521077568913269,-17.98317527770996,5
7CEI,11,12.394854545593262,9.005475044250488,19.680988311767578,0.0,0.06139998364501201,-16.267290115356445,7
7CEI,12,14.111212730407715,10.660640716552734,29.567821502685547,0.0,0.03191559445854152,-15.661040306091309,12
7CEI,13,14.469447135925293,9.972228050231934,22.155855178833008,0.0,0.050141739910072626,-16.354490280151367,5
7CEI,14,9.669075012207031,7.940962314605713,15.798364639282227,0.0,0.08631442238637094,-17.570348739624023,9
2VDB,0,10.547056198120117,17.960796356201172,38.500648498535156,0.0,0.01780098557959711,-16.006351470947266,34
2VDB,1,8.259389877319336,15.666722297668457,29.911767959594727,0.0,0.02793403874447566,-16.576120376586914,0
2VDB,2,7.879359722137451,11.996487617492676,28.038949966430664,0.0,0.03318616633731092,-15.805277824401855,26
2VDB,3,7.402588844299316,12.814212799072266,27.359159469604492,0.0,0.03384798454942276,-18.41993522644043,2
2VDB,4,16.2552547454834,24.776721954345703,60.449161529541016,0.0,0.007680243954946137,-17.16722869873047,6
2VDB,5,13.720993995666504,20.768747329711914,50.9111328125,0.0,0.01076937512075203,-17.678363800048828,2
2VDB,6,9.634145736694336,16.39771842956543,36.19562530517578,0.0,0.020187877317570425,-21.32504653930664,0
2VDB,7,9.81235122680664,13.797622680664062,35.548030853271484,0.0,0.021921215737854115,-16.594390869140625,20
2VDB,8,8.95183277130127,12.336028099060059,32.53817367553711,0.0,0.0261508102448201,-17.53089141845703,11
2VDB,9,13.031036376953125,21.557409286499023,48.21755599975586,0.0,0.011652607922792694,-15.681751251220703,39
2VDB,10,13.85989761352539,25.688671112060547,51.76813888549805,0.0,0.009883266927437196,-17.222227096557617,20
2VDB,11,6.815695285797119,10.842157363891602,23.62505340576172,0.0,0.04446398229204557,-17.366273880004883,28
2VDB,12,15.880707740783691,21.291215896606445,57.564186096191406,0.0,0.008759165250062982,-14.376664161682129,19
2VDB,13,7.913735866546631,13.273601531982422,27.639907836914062,0.0,0.03300355409386928,-16.158666610717773,29
2VDB,14,10.525457382202148,13.662939071655273,38.6657829284668,0.0,0.019336009776554516,-19.722436904907227,1
1FAK,0,26.514251708984375,30.24817657470703,67.90001678466797,0.0,0.005960789797266113,-12.317937850952148,0
1FAK,1,13.688982963562012,11.080411911010742,27.24718475341797,0.0,0.035561243439422,-17.29488754272461,1
1FAK,2,14.270345687866211,14.74943733215332,27.60872459411621,0.0,0.03227214104395035,-14.382381439208984,0
1FAK,3,9.766986846923828,8.998469352722168,27.018823623657227,0.1,0.07236443101683067,-17.042665481567383,0
1FAK,4,22.101364135742188,21.68235206604004,47.829383850097656,0.0,0.011792958526339761,-15.53605842590332,1
1FAK,5,18.683454513549805,17.025758743286133,34.449466705322266,0.0,0.021696080173425027,-16.02072525024414,0
1FAK,6,28.40040397644043,30.439241409301758,73.7874755859375,0.0,0.005172916307157284,-16.28000259399414,0
1FAK,7,17.060665130615234,18.52028465270996,48.144596099853516,0.0,0.01224840007091238,-13.83894157409668,1
1FAK,8,12.877782821655273,11.706149101257324,25.415624618530273,0.0,0.0389174052473042,-15.811881065368652,0
1FAK,9,22.24224090576172,21.600515365600586,54.56793212890625,0.0,0.009496129154447972,-14.877046585083008,1
1FAK,10,30.044353485107422,33.59041213989258,74.43109130859375,0.0,0.004954602549300694,-16.764734268188477,1
1FAK,11,10.030156135559082,8.198636054992676,20.966772079467773,0.0,0.05784743147487679,-15.68719482421875,1
1FAK,12,16.04805564880371,15.213970184326172,29.095361709594727,0.0,0.029421046815752843,-17.476408004760742,0
1FAK,13,18.026643753051758,18.73311996459961,47.299896240234375,0.0,0.012551370625184478,-14.639636039733887,2
1FAK,14,12.049749374389648,10.374667167663574,25.135704040527344,0.0,0.041032072030623964,-16.756778717041016,1
1WEJ,0,14.487828254699707,15.489901542663574,39.32724380493164,0.0,0.017973300763200792,-15.532600402832031,21
1WEJ,1,18.31774139404297,18.535932540893555,50.01856994628906,0.0,0.011524684813534858,-17.768878936767578,3
1WEJ,2,8.781749725341797,11.575602531433105,20.246702194213867,0.0,0.055451684704398034,-18.334524154663086,2
1WEJ,3,52.01152038574219,72.36849212646484,145.39566040039062,0.0,0.0012785005382213923,0.0,0
1WEJ,4,9.24004077911377,11.368896484375,22.770673751831055,0.0,0.04647048249292479,-19.64484214782715,3
1WEJ,5,8.075277328491211,10.259876251220703,19.37147331237793,0.0,0.06079279310504129,-20.272785186767578,2
1WEJ,6,17.265169143676758,17.997493743896484,47.203857421875,0.0,0.012768433764710473,-17.328819274902344,1
1WEJ,7,22.844301223754883,25.864788055419922,64.6361312866211,0.0,0.0067839003521150965,-15.457140922546387,0
1WEJ,8,23.936176300048828,22.6641845703125,62.58197021484375,0.0,0.007491537255951301,-16.06130599975586,25
1WEJ,9,7.991189002990723,11.538016319274902,23.954689025878906,0.0,0.04281638394356782,-19.942018508911133,1
1WEJ,10,14.152252197265625,14.573019981384277,37.735923767089844,0.0,0.019590296761606223,-14.186779022216797,33
1WEJ,11,8.255714416503906,9.66531753540039,19.022769927978516,0.0,0.06331633447916658,-19.968955993652344,0
1WEJ,12,8.446613311767578,10.986356735229492,19.2943115234375,0.0,0.060278272936028075,-18.75881004333496,3
1WEJ,13,9.86998176574707,11.673721313476562,24.96625518798828,0.0,0.04003834045075199,-20.61246681213379,4
1WEJ,14,8.180990219116211,10.660940170288086,19.06235694885254,0.0,0.061755529834423444,-19.584392547607422,1
1ML0,0,8.741266250610352,16.215370178222656,34.62156677246094,0.0,0.021777962372039602,-19.29932403564453,0
1ML0,1,4.457202434539795,10.285162925720215,15.973834991455078,0.0,0.08049856689855278,-18.76348114013672,0
1ML0,2,21.80832862854004,31.23980712890625,80.5218734741211,0.0,0.0044402009148075345,-20.407737731933594,1
1ML0,3,7.549088954925537,15.0377836227417,30.024248123168945,0.0,0.028017623431531375,-20.817855834960938,0
1ML0,4,22.084482192993164,31.851377487182617,81.5450668334961,0.0,0.004320481143720323,-18.092931747436523,0
1ML0,5,9.70744800567627,19.536701202392578,38.46610641479492,0.0,0.017472165562248787,-15.661529541015625,2
1ML0,6,6.04392147064209,12.154251098632812,22.807167053222656,0.0,0.04565348602209341,-14.611547470092773,2
1ML0,7,8.915818214416504,17.269887924194336,35.107418060302734,0.0,0.020953610187605762,-18.977378845214844,0
1ML0,8,4.662707805633545,9.842957496643066,17.371061325073242,0.0,0.07195882173384355,-17.356412887573242,3
1ML0,9,19.618473052978516,31.217390060424805,74.11344146728516,0.0,0.005095434980941493,-16.97954559326172,1
1ML0,10,10.464895248413086,18.602617263793945,41.69526672363281,0.0,0.015453503205245323,-15.785819053649902,6
1ML0,11,20.344144821166992,31.754831314086914,76.71599578857422,0.0,0.004784578844291748,-16.866823196411133,0
1ML0,12,21.332828521728516,33.9835319519043,78.90200805664062,0.0,0.004472255860883068,-14.950865745544434,2
1ML0,13,20.59426498413086,31.25484275817871,78.51813507080078,0.0,0.004627147535623201,-19.610977172851562,0
1ML0,14,19.909767150878906,30.688310623168945,76.42658233642578,0.0,0.004867231596683823,-18.621904373168945,1
5VNW,0,19.515541076660156,21.656715393066406,52.72559356689453,0.0,0.010035128206375385,-15.264791488647461,10
5VNW,1,21.948328018188477,15.941057205200195,72.80602264404297,0.0,0.0074078056207521545,-16.817270278930664,1
5VNW,2,20.240781784057617,14.728262901306152,56.501182556152344,0.0,0.010799014345242754,-15.225417137145996,8
5VNW,3,20.321773529052734,14.383955001831055,53.811737060546875,0.0,0.011700433635822684,-14.346515655517578,14
5VNW,4,23.81028938293457,18.760452270507812,57.22177505493164,0.0,0.009313818641539887,-15.940352439880371,7
5VNW,5,22.700782775878906,20.22268295288086,60.85338592529297,0.0,0.008202940413652694,-17.882488250732422,1
5VNW,6,13.584521293640137,12.519168853759766,61.72701644897461,0.0,0.010920675250439561,-17.82608413696289,7
5VNW,7,22.893085479736328,16.34449577331543,55.73126983642578,0.0,0.01036164767801751,-13.807036399841309,11
5VNW,8,21.278541564941406,21.146209716796875,58.357479095458984,0.0,0.008593632153976521,-18.087718963623047,8
5VNW,9,20.46753692626953,21.91004753112793,58.09623336791992,0.0,0.008540943977942974,-14.629047393798828,4
5VNW,10,24.038898468017578,20.170263290405273,53.12968826293945,0.0,0.01015224067271432,-15.04503059387207,7
5VNW,11,28.171798706054688,25.166301727294922,52.3778076171875,0.0,0.009733278556801695,-15.940104484558105,13
5VNW,12,21.936290740966797,19.9768123626709,60.637290954589844,0.0,0.008292529448813245,-17.254478454589844,2
5VNW,13,27.347841262817383,24.826416015625,61.39143753051758,0.0,0.0074822229703151435,-14.505903244018555,5
5VNW,14,21.923341751098633,17.060001373291016,56.97706604003906,0.0,0.009814161587216307,-14.829723358154297,3
3P57,0,24.649934768676758,21.834131240844727,60.37228012084961,0.0,0.0080449608105201,-14.167763710021973,9
3P57,1,24.709993362426758,15.41795825958252,53.62675857543945,0.0,0.011294636957685173,-13.874238967895508,20
3P57,2,20.2325439453125,15.716444969177246,47.560001373291016,0.0,0.013326526724660469,-16.956314086914062,11
3P57,3,21.18657112121582,17.031831741333008,52.7191276550293,0.0,0.011011244888779905,-18.123884201049805,7
3P57,4,23.716571807861328,20.42501449584961,60.986515045166016,0.0,0.008139887485314337,-21.02676010131836,6
3P57,5,24.690570831298828,19.08960723876953,57.74458312988281,0.0,0.009114904093378222,-17.37827491760254,14
3P57,6,21.780244827270508,18.68706512451172,49.64038848876953,0.0,0.011628994220566556,-18.50788116455078,9
3P57,7,24.73353385925293,18.36840057373047,55.185394287109375,0.0,0.009932934289272208,-16.851455688476562,6
3P57,8,22.669679641723633,17.735441207885742,56.58308029174805,0.0,0.00972362669877472,-15.846012115478516,12
3P57,9,22.362350463867188,19.518266677856445,51.82002639770508,0.0,0.010690687591320755,-17.083608627319336,10
3P57,10,24.53310775756836,24.43431854248047,64.76565551757812,0.0,0.006895791205946356,-17.025405883789062,3
3P57,11,21.432483673095703,17.02375030517578,50.565059661865234,0.0,0.011728364287027485,-15.25466537475586,17
3P57,12,21.89875602722168,24.98025131225586,51.1084098815918,0.0,0.01016943779508864,-15.714447975158691,6
3P57,13,24.32455825805664,19.570432662963867,54.82536315917969,0.0,0.009770944271911969,-13.990009307861328,16
3P57,14,16.468584060668945,13.775368690490723,37.62270736694336,0.0,0.020094133196869885,-18.61406898498535,16
1IBR,0,7.447706699371338,8.550341606140137,21.167619705200195,0.0,0.05623823430882896,-17.010330200195312,0
1IBR,1,13.79427433013916,16.636045455932617,50.64567565917969,0.0,0.01182013591841812,-15.398736953735352,0
1IBR,2,11.885848999023438,16.946165084838867,62.33173370361328,0.0,0.00867686652281107,-16.24697494506836,0
1IBR,3,12.697269439697266,17.148672103881836,57.753997802734375,0.0,0.009598162014440864,-16.6745548248291,0
1IBR,4,12.319534301757812,14.907703399658203,53.83397674560547,0.0,0.011448830709979272,-16.570266723632812,3
1IBR,5,13.68320083618164,17.857912063598633,60.243778228759766,0.0,0.008841581659950857,-14.456034660339355,0
1IBR,6,13.99777603149414,15.887480735778809,46.79262161254883,0.0,0.013592943868936357,-13.48318862915039,0
1IBR,7,6.794186592102051,9.292716979980469,33.29868698120117,0.0,0.02885598834932999,-15.355198860168457,1
1IBR,8,9.396659851074219,12.585482597351074,30.26084327697754,0.0,0.029045314924363474,-13.699324607849121,0
1IBR,9,13.026105880737305,17.437345504760742,46.34621810913086,0.0,0.013295755695559274,-17.12735939025879,2
1IBR,10,10.078178405761719,11.486963272094727,40.05068588256836,0.0,0.019955555292877913,-17.430986404418945,2
1IBR,11,14.15892219543457,17.895374298095703,57.89329147338867,0.0,0.009359545372626071,-15.23381519317627,0
1IBR,12,12.837553977966309,17.613616943359375,61.83749771118164,0.0,0.008581434253252033,-16.478282928466797,0
1IBR,13,13.240528106689453,16.972042083740234,51.83158874511719,0.0,0.011313288497938855,-15.446046829223633,1
1IBR,14,14.358154296875,18.55087661743164,55.98835372924805,0.0,0.009674962047993757,-14.556068420410156,0
2SIC,0,9.906432151794434,7.84792423248291,21.013900756835938,0.228571,0.13480833811231363,-19.697206497192383,4
2SIC,1,9.829334259033203,7.626461982727051,19.18096351623535,0.257143,0.15284392734285074,-21.595661163330078,5
2SIC,2,9.818045616149902,7.571589946746826,18.93927574157715,0.228571,0.14466345075031542,-19.64417839050293,1
2SIC,3,6.133213520050049,4.822540760040283,14.832216262817383,0.314286,0.21657393604394745,-18.56021499633789,2
2SIC,4,4.643261432647705,3.3942387104034424,14.298311233520508,0.342857,0.2557888261906403,-18.338546752929688,3
2SIC,5,9.777191162109375,7.357680320739746,20.003219604492188,0.085714,0.09285573063230985,-18.068147659301758,4
2SIC,6,8.792673110961914,7.078939914703369,18.003755569458008,0.314286,0.17984292674966937,-20.384260177612305,5
2SIC,7,4.7422685623168945,3.288733959197998,15.396769523620605,0.371429,0.25907290807281486,-19.48401641845703,1
2SIC,8,4.203874588012695,3.3749372959136963,9.73669147491455,0.2,0.2658168754099017,-18.685293197631836,2
2SIC,9,9.737645149230957,7.605776309967041,20.213027954101562,0.257143,0.14828239331785933,-18.5112247467041,5
2SIC,10,3.6550076007843018,3.1471660137176514,12.50833797454834,0.4,0.30033951977938184,-19.78710174560547,2
2SIC,11,10.0528564453125,8.146112442016602,22.546510696411133,0.257143,0.13812624517962055,-19.680116653442383,3
2SIC,12,10.032716751098633,7.639179706573486,23.533946990966797,0.228571,0.1270309668858226,-16.640094757080078,2
2SIC,13,5.441921710968018,3.7555124759674072,18.256372451782227,0.057143,0.12429344760104773,-17.818845748901367,0
2SIC,14,4.375637054443359,2.8480122089385986,13.568593978881836,0.085714,0.19490156276836845,-19.226865768432617,0
1BVN,0,6.392115592956543,11.672380447387695,18.104454040527344,0.0,0.06562051287908492,-18.316001892089844,3
1BVN,1,8.522778511047363,14.134714126586914,26.50642204284668,0.0,0.03479380282944351,-16.225515365600586,0
1BVN,2,8.071074485778809,13.56238842010498,25.03155517578125,0.0,0.03849060305387673,-15.401459693908691,1
1BVN,3,7.194782257080078,10.04648208618164,23.769641876220703,0.153846,0.0963435666321912,-17.256710052490234,1
1BVN,4,7.791471004486084,13.376303672790527,23.68464469909668,0.0,0.04217321109758021,-16.165695190429688,0
1BVN,5,5.702857494354248,8.060054779052734,17.500646591186523,0.0,0.07478286277044785,-17.619693756103516,1
1BVN,6,11.292990684509277,16.71261978149414,36.52583312988281,0.0,0.01978797884263716,-18.8756046295166,0
1BVN,7,8.485496520996094,14.111849784851074,26.303606033325195,0.0,0.03524137527463065,-14.884844779968262,0
1BVN,8,6.61397123336792,10.560896873474121,19.625812530517578,0.0,0.059241603433595476,-15.727348327636719,4
1BVN,9,5.9814252853393555,9.887579917907715,19.812469482421875,0.0,0.05931512246271545,-17.796167373657227,1
1BVN,10,6.695781230926514,12.133810043334961,19.04191017150879,0.0,0.060401218361660534,-18.624053955078125,0
1BVN,11,7.43808650970459,11.352019309997559,22.78456687927246,0.0,0.04644353312957261,-17.133087158203125,0
1BVN,12,7.664514541625977,13.21772289276123,23.137075424194336,0.0,0.04387679082460671,-17.676424026489258,0
1BVN,13,11.191161155700684,14.696303367614746,34.1103401184082,0.307692,0.1254893181637464,-13.969327926635742,47
1BVN,14,7.722548961639404,11.910137176513672,24.516080856323242,0.0,0.040974392825613125,-15.165438652038574,0
1E6J,0,31.15325355529785,22.663249969482422,59.906368255615234,0.0,0.00803215358769746,-16.327226638793945,35
1E6J,1,28.506837844848633,25.123676300048828,52.94075393676758,0.0,0.009560883103235504,-18.626972198486328,4
1E6J,2,12.982084274291992,7.197093963623047,44.27641296386719,0.0,0.025724752444185057,-15.299052238464355,11
1E6J,3,43.37934112548828,56.26472854614258,133.62225341796875,0.0,0.0015801441962616442,-14.397029876708984,10
1E6J,4,30.035472869873047,20.27226448059082,57.42290115356445,0.0,0.00896219114714569,-14.791337013244629,33
1E6J,5,28.59610939025879,21.936246871948242,55.95745849609375,0.0,0.009069202299285822,-18.934123992919922,0
1E6J,6,37.70839309692383,17.863353729248047,107.70506286621094,0.0,0.0043971391621825465,-17.129108428955078,0
1E6J,7,28.948078155517578,25.801095962524414,53.282169342041016,0.0,0.009395380051493298,-14.940285682678223,19
1E6J,8,22.413272857666016,16.312625885009766,46.640377044677734,0.0,0.013510092555001754,-11.5608491897583,0
1E6J,9,18.78939437866211,13.390933990478516,38.03496170043945,0.0,0.0199863900515638,-13.954379081726074,56
1E6J,10,30.08037757873535,22.537744522094727,61.50969696044922,0.0,0.00771618728674461,-14.040836334228516,25
1E6J,11,37.13068771362305,43.66802215576172,97.23473358154297,0.0,0.0029207904753576906,-16.666351318359375,3
1E6J,12,30.3138427734375,24.148571014404297,58.29307556152344,0.0,0.00822094423159914,-12.90836238861084,48
1E6J,13,6.802867412567139,5.635604381561279,14.007568359375,0.333333,0.22287186057067077,-14.360785484313965,8
1E6J,14,25.192134857177734,20.097293853759766,51.31129455566406,0.0,0.010749542735757163,-17.875642776489258,1
2IDO,0,15.599827766418457,15.199938774108887,36.888343811035156,0.0,0.02002114348726153,-20.721654891967773,3
2IDO,1,17.36399269104004,14.211634635925293,38.9580192565918,0.0,0.018819467097645433,-18.0430908203125,9
2IDO,2,13.143457412719727,13.153636932373047,36.29534912109375,0.0,0.021610253970529385,-18.841461181640625,3
2IDO,3,13.718833923339844,13.411637306213379,35.19717025756836,0.0,0.02248704699194271,-14.796947479248047,10
2IDO,4,16.771894454956055,13.571184158325195,37.52322006225586,0.0,0.02029288326309422,-21.96623420715332,2
2IDO,5,18.818429946899414,14.996270179748535,40.703460693359375,0.0,0.017230834152829177,-17.972841262817383,6
2IDO,6,12.197636604309082,12.42056655883789,31.39544677734375,0.0,0.02755641397840319,-17.477821350097656,8
2IDO,7,16.360692977905273,13.535526275634766,35.937171936035156,0.0,0.021703882656809254,-20.022167205810547,3
2IDO,8,21.180130004882812,17.27968406677246,47.00190734863281,0.0,0.013049288375617094,-17.523983001708984,1
2IDO,9,20.507394790649414,16.450916290283203,46.15610885620117,0.0,0.013682301227714128,-19.834808349609375,2
2IDO,10,9.427970886230469,9.517435073852539,20.514915466308594,0.111111,0.09395565148294986,-15.281818389892578,30
2IDO,11,20.632034301757812,16.406143188476562,44.64265441894531,0.0,0.014424739357568495,-18.259349822998047,0
2IDO,12,16.279735565185547,13.56871223449707,35.63628005981445,0.0,0.021967721788765854,-19.764930725097656,6
2IDO,13,17.822763442993164,13.766939163208008,39.77475357055664,0.0,0.018468946836849978,-20.11975860595703,7
2IDO,14,15.81793212890625,14.681763648986816,33.853546142578125,0.0,0.023211238507868163,-17.85803985595703,0
4GAM,0,7.696535110473633,17.866024017333984,32.764991760253906,0.0,0.02335210620188456,-16.03533172607422,18
4GAM,1,13.199076652526855,27.825546264648438,56.33783721923828,0.0,0.00838478529572355,-16.86332893371582,1
4GAM,2,19.407974243164062,40.729705810546875,83.46669006347656,0.0,0.0038729360107499153,-17.083646774291992,5
4GAM,3,18.871963500976562,38.73868179321289,81.49382019042969,0.0,0.004086326530150601,-15.376425743103027,4
4GAM,4,1.2198032140731812,2.6075685024261475,5.18252420425415,0.139535,0.3723895013251046,-18.23504066467285,0
4GAM,5,1.7077100276947021,3.681791305541992,7.275880813598633,0.209302,0.30959556040510744,-16.743804931640625,9
4GAM,6,7.325934410095215,19.571691513061523,30.392616271972656,0.046512,0.04163152695318788,-13.006136894226074,29
4GAM,7,7.141414165496826,19.105655670166016,29.637964248657227,0.093023,0.058383033124956095,-16.086997985839844,12
4GAM,8,19.273202896118164,40.05984115600586,82.97003173828125,0.0,0.003928797664049635,-17.304393768310547,3
4GAM,9,19.020099639892578,40.82065200805664,81.92986297607422,0.0,0.003999111116846542,-16.735824584960938,6
4GAM,10,13.099846839904785,26.78620147705078,55.74635696411133,0.0,0.008615626014605299,-14.467510223388672,20
4GAM,11,16.682941436767578,35.613548278808594,71.88526153564453,0.0,0.005186567324657429,-16.526844024658203,11
4GAM,12,3.2525572776794434,6.3072710037231445,14.218648910522461,0.0,0.10560454952185878,-17.499164581298828,14
4GAM,13,7.197775363922119,19.348487854003906,29.836997985839844,0.0,0.027013166324610385,-13.770462036132812,44
4GAM,14,14.854104042053223,28.54690933227539,64.48440551757812,0.0,0.006610596817926054,-16.494098663330078,10
2A5T,0,17.670066833496094,12.310494422912598,30.467317581176758,0.0,0.028947636369288054,-11.154440879821777,16
2A5T,1,14.983575820922852,10.691383361816406,27.105398178100586,0.0,0.03627948559099237,-11.1019926071167,19
2A5T,2,17.523906707763672,12.381143569946289,30.56747055053711,0.0,0.02874677064402741,-10.743977546691895,13
2A5T,3,23.237974166870117,13.774724960327148,34.039302825927734,0.0,0.023471637277160767,-9.923934936523438,35
2A5T,4,10.663893699645996,8.034178733825684,20.51543426513672,0.0,0.060065271624533734,-11.401055335998535,20
2A5T,5,12.108713150024414,9.327200889587402,22.653825759887695,0.0,0.049540415633080655,-10.865250587463379,35
2A5T,6,18.92001724243164,13.242575645446777,32.384944915771484,0.0,0.025705727134732233,-10.54214859008789,20
2A5T,7,14.276034355163574,11.057552337646484,27.297521591186523,0.0,0.035486324926989755,-11.27440071105957,33
2A5T,8,17.139015197753906,12.40960693359375,30.56243133544922,0.0,0.028732318718882145,-11.274078369140625,13
2A5T,9,14.451740264892578,10.92579174041748,26.838638305664062,0.0,0.03655326805755539,-11.357404708862305,35
2A5T,10,14.809003829956055,11.917891502380371,28.04834747314453,0.0,0.03323579332613467,-11.531402587890625,27
2A5T,11,18.726247787475586,12.721346855163574,31.489822387695312,0.0,0.0272085802730406,-10.140230178833008,16
2A5T,12,12.071524620056152,10.020660400390625,24.421667098999023,0.0,0.043322297358173945,-11.082676887512207,27
2A5T,13,18.336395263671875,12.061941146850586,31.386301040649414,0.0,0.027853541903206172,-10.509368896484375,20
2A5T,14,13.001236915588379,9.965310096740723,24.340232849121094,0.0,0.0436170369569133,-11.86298656463623,29
4H03,0,32.57149124145508,34.84006881713867,99.43521881103516,0.0,0.003034834914799105,-12.132735252380371,14
4H03,1,19.803939819335938,17.52924156188965,30.505260467529297,0.0,0.0264386603812823,-15.96584701538086,10
4H03,2,13.428914070129395,12.342720985412598,20.975597381591797,0.0,0.051868491815228616,-14.647502899169922,18
4H03,3,30.733186721801758,32.94178009033203,94.35171508789062,0.0,0.00337324210975702,-11.692949295043945,14
4H03,4,18.920881271362305,16.356712341308594,29.276891708374023,0.0,0.028693073735952052,-16.167715072631836,8
4H03,5,14.92284870147705,13.5397310256958,23.961761474609375,0.0,0.041298216619008905,-14.774446487426758,10
4H03,6,19.255264282226562,16.460735321044922,31.210206985473633,0.0,0.02576220646372965,-16.22489356994629,8
4H03,7,21.204364776611328,17.81293296813965,32.69610595703125,0.0,0.023448984928432556,-14.016468048095703,13
4H03,8,20.45291519165039,16.637670516967773,32.35261917114258,0.0,0.024210882691435166,-15.64557933807373,8
4H03,9,21.268024444580078,19.23601722717285,32.69734191894531,0.0,0.023115087544703344,-16.088544845581055,0
4H03,10,33.227073669433594,33.84347152709961,92.16177368164062,0.0,0.0034650092946073925,-13.962967872619629,23
4H03,11,32.19330978393555,38.45977783203125,88.55970001220703,0.0,0.0035489950559475666,-13.89838981628418,11
4H03,12,20.94508934020996,18.32404136657715,31.78229331970215,0.0,0.024469475377516123,-17.702207565307617,2
4H03,13,34.848106384277344,38.02816390991211,90.73184967041016,0.0,0.0034178435290351905,-14.218884468078613,12
4H03,14,35.25005340576172,39.68189239501953,94.1200942993164,0.0,0.0031722634564585617,-14.003554344177246,4
3BP8,0,12.096465110778809,16.674930572509766,45.24394607543945,0.0,0.014039677623076974,-13.875204086303711,8
3BP8,1,13.780904769897461,19.365840911865234,52.522586822509766,0.0,0.010495272996179777,-17.99457359313965,0
3BP8,2,20.59348487854004,23.823331832885742,72.08939361572266,0.0,0.005886895121050943,-14.5012845993042,48
3BP8,3,24.103206634521484,29.489957809448242,84.37947082519531,0.0,0.0042087434284514775,-17.069780349731445,14
3BP8,4,15.715246200561523,22.277761459350586,58.95512390136719,0.0,0.008292311380713934,-20.875686645507812,0
3BP8,5,13.796456336975098,19.14626121520996,51.113426208496094,0.0,0.011003605143350907,-17.15375328063965,17
3BP8,6,13.422191619873047,18.071508407592773,49.74835205078125,0.0,0.011735835104867124,-19.203123092651367,15
3BP8,7,11.127973556518555,17.79935073852539,42.89217758178711,0.0,0.01494656308762999,-20.203392028808594,1
3BP8,8,13.759565353393555,16.274606704711914,50.76456832885742,0.0,0.011898283383423774,-17.45340347290039,12
3BP8,9,11.556889533996582,14.598403930664062,41.46603775024414,0.0,0.016924229203130508,-16.49117088317871,12
3BP8,10,10.175287246704102,14.492305755615234,39.851985931396484,0.0,0.01803738885175155,-20.432811737060547,2
3BP8,11,11.789850234985352,18.455997467041016,45.41223907470703,0.0,0.013470172202388594,-20.03474998474121,1
3BP8,12,23.75254249572754,29.309432983398438,83.20759582519531,0.0,0.004313348299809638,-16.939163208007812,20
3BP8,13,23.138317108154297,29.22907829284668,82.0639419555664,0.0,0.004413725173245284,-18.238964080810547,11
3BP8,14,20.40414810180664,26.333415985107422,73.94390869140625,0.0,0.005425262782987304,-16.689672470092773,6
1XQS,0,15.02678108215332,15.433037757873535,30.53260612487793,0.0,0.027095110154055867,-15.989716529846191,1
1XQS,1,21.20562744140625,12.088743209838867,40.435142517089844,0.0,0.019160827222000795,-17.876731872558594,0
1XQS,2,21.793027877807617,13.893990516662598,44.68295669555664,0.0,0.01548149952435833,-14.999235153198242,10
1XQS,3,24.024442672729492,16.286161422729492,46.223724365234375,0.0,0.01370680113324882,-17.269451141357422,0
1XQS,4,23.346712112426758,13.33810043334961,43.72654724121094,0.0,0.01630026417831067,-13.732185363769531,0
1XQS,5,21.469562530517578,13.634793281555176,43.333370208740234,0.0,0.01633625166796888,-15.051695823669434,2
1XQS,6,22.441028594970703,14.578986167907715,44.05793380737305,0.0,0.01545348392643503,-14.438828468322754,2
1XQS,7,23.774839401245117,14.917712211608887,43.56449508666992,0.0,0.015560802251092189,-16.131120681762695,0
1XQS,8,12.62051010131836,13.722926139831543,28.189254760742188,0.0,0.03171708064850914,-15.667251586914062,0
1XQS,9,15.299654006958008,13.6158447265625,30.42308235168457,0.0,0.02813308570513898,-18.554075241088867,1
1XQS,10,24.09307289123535,15.92898178100586,47.26590347290039,0.0,0.013372228828765008,-16.796724319458008,0
1XQS,11,21.896034240722656,14.76229476928711,43.91033935546875,0.0,0.015445827916888949,-16.063058853149414,4
1XQS,12,17.552892684936523,14.30725383758545,31.22315216064453,0.0,0.02662336534511232,-15.822141647338867,8
1XQS,13,11.052204132080078,11.634961128234863,33.930625915527344,0.0,0.025133062867646067,-17.26676368713379,0
1XQS,14,23.683452606201172,16.214588165283203,45.606292724609375,0.0,0.014018633885389575,-15.11417007446289,3
2J7P,0,18.721267700195312,14.310441970825195,31.462263107299805,0.0,0.026297201132544048,-20.097824096679688,2
2J7P,1,24.58555030822754,19.00089454650879,37.12849807739258,0.0,0.018664819125742322,-17.29228401184082,0
2J7P,2,5.064242362976074,3.9569010734558105,9.88709831237793,0.066667,0.20576798045213543,-18.018383026123047,0
2J7P,3,16.485794067382812,13.64443302154541,56.73760223388672,0.0,0.01129749371996084,-14.533432960510254,4
2J7P,4,26.830007553100586,23.816322326660156,68.36689758300781,0.0,0.006391166948172986,-12.95545482635498,6
2J7P,5,6.378901958465576,4.806906700134277,12.705693244934082,0.2,0.19930417347543716,-21.043323516845703,5
2J7P,6,9.07621955871582,7.720693111419678,17.94249725341797,0.0,0.07322112914180608,-17.54627799987793,5
2J7P,7,13.992498397827148,10.657512664794922,24.775806427001953,0.0,0.041577127227086,-19.469654083251953,3
2J7P,8,5.737669467926025,4.946499347686768,13.599285125732422,0.066667,0.14393348585695628,-17.876888275146484,0
2J7P,9,3.014265298843384,2.7591960430145264,5.9826579093933105,0.266667,0.3878362544887346,-21.55914306640625,1
2J7P,10,18.73550796508789,13.81902027130127,34.797950744628906,0.0,0.022650633171752404,-16.910402297973633,8
2J7P,11,21.852153778076172,16.755863189697266,34.52947998046875,0.0,0.021695302018164022,-16.766523361206055,0
2J7P,12,22.60779571533203,17.820039749145508,37.31135940551758,0.0,0.018791198587398687,-16.651569366455078,7
2J7P,13,24.155858993530273,18.8151798248291,36.26770782470703,0.0,0.01946134681164124,-17.923826217651367,0
2J7P,14,19.943452835083008,15.122647285461426,33.15188980102539,0.0,0.023808772519577175,-17.663585662841797,0
3HI6,0,7.898852825164795,6.951927661895752,16.74398422241211,0.5,0.24979487194555058,-20.98725128173828,0
3HI6,1,22.713956832885742,19.188840866088867,58.896728515625,0.0,0.008825638150255426,-17.164287567138672,2
3HI6,2,22.819379806518555,17.444366455078125,60.736122131347656,0.0,0.00884975906197835,-18.475086212158203,0
3HI6,3,9.349571228027344,8.510814666748047,21.30489158630371,0.5,0.22248187327018099,-15.349187850952148,0
3HI6,4,5.054922580718994,4.280186176300049,11.691883087158203,0.0,0.15171963857238605,-18.71852684020996,0
3HI6,5,4.880017280578613,5.20623779296875,10.135221481323242,0.166667,0.21874556161746894,-16.551124572753906,0
3HI6,6,24.162708282470703,16.740434646606445,62.840885162353516,0.0,0.008643992174502105,-17.76970672607422,3
3HI6,7,35.3018798828125,28.66779327392578,99.6560287475586,0.0,0.0033175650392455046,-17.377948760986328,5
3HI6,8,18.547374725341797,11.541563987731934,52.65418243408203,0.0,0.014002781617739761,-16.877683639526367,1
3HI6,9,12.183505058288574,9.358438491821289,31.403703689575195,0.0,0.031102625605435405,-15.518972396850586,3
3HI6,10,60.943111419677734,84.56488037109375,164.87973022460938,0.0,0.0009883906622286517,0.0,0
3HI6,11,20.806081771850586,15.014689445495605,55.684425354003906,0.0,0.0108840097843439,-17.351709365844727,2
3HI6,12,5.5458245277404785,5.668429851531982,14.229424476623535,0.0,0.10947724836075175,-16.744922637939453,0
3HI6,13,21.004377365112305,13.231131553649902,55.91393280029297,0.0,0.011759105729555935,-16.385679244995117,4
3HI6,14,18.995010375976562,11.716838836669922,54.06361389160156,0.0,0.013415867913296381,-16.135204315185547,2
2MTA,0,7.555859565734863,9.243941307067871,19.37782859802246,1.0,0.39567259760567675,-18.479337692260742,1
2MTA,1,18.11356544494629,16.588838577270508,54.81698989868164,0.0,0.010529791503607876,-15.211565971374512,5
2MTA,2,16.93082046508789,15.69459056854248,50.21233367919922,0.0,0.012303190343587038,-14.004219055175781,0
2MTA,3,8.237715721130371,10.701102256774902,20.14559555053711,1.0,0.39013009749480204,-20.29693603515625,0
2MTA,4,8.122820854187012,10.33561897277832,20.114118576049805,0.5,0.22405007367979116,-21.870250701904297,0
2MTA,5,20.87793731689453,17.874069213867188,61.49747085571289,0.0,0.008579742773675056,-16.355606079101562,4
2MTA,6,8.230438232421875,10.790060997009277,20.03105354309082,0.5,0.2238495383596877,-17.484106063842773,2
2MTA,7,21.1900577545166,19.693172454833984,62.132179260253906,0.0,0.008046659956225163,-12.799581527709961,0
2MTA,8,18.42929458618164,16.79071617126465,54.21488952636719,0.0,0.010636300407394203,-14.770373344421387,0
2MTA,9,7.133304595947266,8.879857063293457,17.733388900756836,1.0,0.4048563599314505,-22.576997756958008,1
2MTA,10,8.30638313293457,10.913281440734863,20.219491958618164,1.0,0.38957501484894674,-18.474435806274414,1
2MTA,11,17.65797233581543,17.071630477905273,55.036407470703125,0.0,0.010319378653403329,-18.725116729736328,0
2MTA,12,8.287222862243652,10.885807037353516,20.131370544433594,0.5,0.22331177397103463,-16.74004554748535,1
2MTA,13,17.93617820739746,17.62506103515625,55.620887756347656,0.0,0.010004012476849162,-17.756248474121094,0
2MTA,14,18.718013763427734,16.470922470092773,55.26728057861328,0.0,0.010444238026743297,-13.620882034301758,0
6EY6,0,27.7878360748291,21.22845458984375,44.80486297607422,0.0,0.013236057133382563,-17.174495697021484,9
6EY6,1,22.164600372314453,20.177690505981445,49.36507034301758,0.0,0.011430162552511412,-16.927780151367188,16
6EY6,2,25.80687713623047,22.106565475463867,42.83141326904297,0.0,0.014158018108291747,-16.688493728637695,0
6EY6,3,27.815414428710938,21.72261619567871,48.2192268371582,0.0,0.011627711453296415,-17.88812255859375,6
6EY6,4,17.32049560546875,17.58109474182129,47.463844299316406,0.0,0.012767030744305375,-16.38096809387207,5
6EY6,5,18.293729782104492,17.598424911499023,47.72239685058594,0.0,0.012653831335399936,-17.058401107788086,12
6EY6,6,23.960908889770508,18.068910598754883,35.147117614746094,0.0,0.02069986030471697,-17.40129852294922,9
6EY6,7,20.4231014251709,16.204456329345703,34.91244888305664,0.0,0.02148488279737505,-17.359970092773438,9
6EY6,8,21.65353012084961,21.758764266967773,47.08161926269531,0.0,0.012098305259707634,-18.775428771972656,10
6EY6,9,18.666425704956055,23.02663230895996,59.06056594848633,0.0,0.008172735120844505,-16.170886993408203,0
6EY6,10,18.870471954345703,15.152044296264648,38.710716247558594,0.0,0.018567254666245456,-16.29258155822754,9
6EY6,11,19.709510803222656,16.742860794067383,42.78184127807617,0.0,0.015312720908361256,-15.465777397155762,15
6EY6,12,21.711782455444336,18.51533317565918,45.877906799316406,0.0,0.013235947511176427,-14.215888977050781,31
6EY6,13,28.340553283691406,21.065567016601562,39.955318450927734,0.0,0.01611417107943517,-13.83082103729248,15
6EY6,14,17.306589126586914,14.920148849487305,38.00188446044922,0.0,0.019217380500736726,-16.990158081054688,7
1GL1,0,4.873714447021484,7.3131279945373535,14.583708763122559,0.0,0.09797962922858909,-18.637054443359375,1
1GL1,1,7.940658092498779,9.897492408752441,26.996660232543945,0.0,0.037548225165146325,-16.905601501464844,1
1GL1,2,4.250520706176758,5.292626857757568,14.127107620239258,0.037037,0.12572792044381087,-19.961885452270508,0
1GL1,3,4.958004951477051,7.199749946594238,16.639793395996094,0.0,0.082847154935988,-17.006601333618164,0
1GL1,4,4.655098915100098,6.107670307159424,15.004831314086914,0.0,0.09994256665664585,-23.0507869720459,0
1GL1,5,2.4623289108276367,3.6334497928619385,7.387355804443359,0.0,0.23843470719744117,-21.786022186279297,0
1GL1,6,7.470942974090576,11.132835388183594,23.529766082763672,0.0,0.04442134930052193,-19.72260856628418,1
1GL1,7,5.876352310180664,8.362313270568848,18.781984329223633,0.037037,0.07940154575840434,-18.172229766845703,0
1GL1,8,4.59218168258667,5.853762626647949,15.59668254852295,0.0,0.09687092726081308,-18.54207992553711,0
1GL1,9,4.309540271759033,5.659298419952393,13.940606117248535,0.074074,0.1369097774776604,-15.827125549316406,0
1GL1,10,6.741536617279053,10.412517547607422,20.079090118408203,0.0,0.057433850250268655,-19.84442710876465,0
1GL1,11,6.266181945800781,9.558136940002441,18.38605308532715,0.0,0.06670946234098186,-22.073068618774414,0
1GL1,12,5.969974517822266,9.007353782653809,17.96208381652832,0.0,0.06998269700401606,-18.289579391479492,0
1GL1,13,5.611698150634766,8.909483909606934,16.541202545166016,0.0,0.0788208287585551,-19.07792091369629,0
1GL1,14,5.453989505767822,8.733062744140625,16.069215774536133,0.037037,0.0947738850317571,-16.6632080078125,1
1E96,0,19.475109100341797,11.169937133789062,30.32036781311035,0.363636,0.15140466501095215,-14.134921073913574,8
1E96,1,13.120552062988281,8.224224090576172,37.591670989990234,0.0,0.026945020513899267,-16.02463150024414,4
1E96,2,17.217288970947266,14.333613395690918,35.664249420166016,0.0,0.02152756585326192,-12.191859245300293,1
1E96,3,20.515342712402344,11.550342559814453,32.11848449707031,0.363636,0.14855814660897124,-17.468584060668945,14
1E96,4,18.596294403076172,13.317100524902344,33.65049362182617,0.0,0.024168769345066742,-13.001551628112793,2
1E96,5,7.704561710357666,9.410664558410645,28.28958511352539,0.0,0.035860019852474875,-13.678037643432617,0
1E96,6,17.128568649291992,9.841902732849121,41.32353591918945,0.0,0.0210979561980522,-13.817728996276855,6
1E96,7,14.879681587219238,8.19408893585205,36.669403076171875,0.0,0.02780525098883782,-14.989026069641113,6
1E96,8,17.883440017700195,13.737428665161133,32.90346145629883,0.0,0.02478077827378213,-12.638856887817383,4
1E96,9,13.523715019226074,8.345065116882324,37.17472839355469,0.0,0.02699369530728871,-14.532293319702148,1
1E96,10,10.13264274597168,6.460104465484619,34.17942810058594,0.0,0.03646653831339957,-14.284090995788574,4
1E96,11,18.189298629760742,12.507721900939941,32.706199645996094,0.0,0.025815842965882407,-12.194226264953613,0
1E96,12,19.093109130859375,14.60562801361084,36.37926483154297,0.0,0.020734446154209166,-12.922541618347168,4
1E96,13,18.096750259399414,13.120512008666992,34.52387237548828,0.0,0.023351555035131425,-12.70199966430664,5
1E96,14,7.74418306350708,9.781530380249023,26.377235412597656,0.0,0.03901681961391138,-14.293323516845703,2
4POU,0,13.747513771057129,12.07133674621582,22.666059494018555,0.0,0.04616651260807978,-15.146512031555176,0
4POU,1,8.744386672973633,6.434330940246582,16.355274200439453,0.0,0.08806838806398559,-17.78676986694336,2
4POU,2,7.9834513664245605,6.779030799865723,17.997474670410156,0.0,0.07635054342560763,-16.552553176879883,1
4POU,3,16.356517791748047,11.959541320800781,24.896257400512695,0.0,0.03996122463263373,-15.040952682495117,0
4POU,4,17.031387329101562,13.902177810668945,24.42300796508789,0.0,0.03984927337546178,-16.170486450195312,0
4POU,5,11.322470664978027,8.74139404296875,20.434593200683594,0.0,0.05870192813161704,-17.24838638305664,0
4POU,6,49.51333999633789,54.04056930541992,106.34660339355469,0.0,0.0023725597997732973,0.0,0
4POU,7,9.803051948547363,7.552396297454834,17.300662994384766,0.0,0.07746626304722713,-15.541211128234863,2
4POU,8,8.01366901397705,6.4432692527771,14.994035720825195,0.0,0.09820595517414077,-16.981191635131836,4
4POU,9,14.87767505645752,12.814136505126953,23.489065170288086,0.0,0.043101741032240105,-15.107832908630371,0
4POU,10,9.043402671813965,7.642117500305176,16.441383361816406,0.0,0.08266775585386592,-18.398441314697266,0
4POU,11,16.144073486328125,13.395337104797363,24.78742218017578,0.0,0.0392008568486887,-11.907052040100098,0
4POU,12,10.378218650817871,8.911130905151367,19.79279136657715,0.0,0.06108784178062526,-15.38762378692627,3
4POU,13,16.127010345458984,13.607165336608887,24.541736602783203,0.0,0.03970501050925373,-17.289766311645508,0
4POU,14,7.68684196472168,6.3587727546691895,13.680325508117676,0.076923,0.13605398003183425,-17.428010940551758,2
1RV6,0,16.3343448638916,14.441214561462402,45.62640380859375,0.0,0.014738548877284792,-18.558042526245117,0
1RV6,1,16.562671661376953,13.232760429382324,45.550228118896484,0.0,0.01544560345699853,-19.09358024597168,0
1RV6,2,26.391096115112305,29.445592880249023,69.26713562011719,0.0,0.005807824189172064,-21.260833740234375,2
1RV6,3,23.726842880249023,23.13640022277832,69.5606918334961,0.0,0.00629925434782011,-19.62704086303711,0
1RV6,4,10.440464973449707,10.816537857055664,22.04802703857422,0.0,0.0494212842289519,-19.223121643066406,0
1RV6,5,10.546769142150879,8.587455749511719,27.898067474365234,0.0,0.03818408839530205,-15.824296951293945,1
1RV6,6,25.695316314697266,28.430465698242188,74.38079833984375,0.0,0.0052222555573905845,-16.48270606994629,0
1RV6,7,25.6109676361084,25.8516902923584,69.1539306640625,0.0,0.006079484566535918,-20.010440826416016,0
1RV6,8,16.47320556640625,18.106826782226562,43.843719482421875,0.0,0.014346730348452056,-17.182682037353516,2
1RV6,9,10.334159851074219,10.887960433959961,20.9692440032959,0.0,0.05325023796987968,-18.442541122436523,0
1RV6,10,23.57425308227539,22.16054916381836,69.90399169921875,0.0,0.0063769179872785325,-21.708568572998047,0
1RV6,11,24.71786880493164,23.675886154174805,68.60919189453125,0.0,0.006371540002732099,-20.317527770996094,0
1RV6,12,24.111406326293945,23.083450317382812,69.12521362304688,0.0,0.00636669614087539,-19.84697151184082,0
1RV6,13,12.68274211883545,12.371474266052246,25.246553421020508,0.0,0.038766726710354346,-18.36394691467285,0
1RV6,14,25.453388214111328,28.214683532714844,67.77562713623047,0.0,0.006101163590259087,-19.008895874023438,0
1AVX,0,17.005817413330078,15.910578727722168,27.559207916259766,0.0,0.031891278616807205,-16.34060287475586,1
1AVX,1,23.034587860107422,24.62729835510254,70.4200210571289,0.0,0.0060187942284605596,-17.34798240661621,1
1AVX,2,21.390146255493164,22.407093048095703,68.6498031616211,0.0,0.006520169643585426,-16.621417999267578,6
1AVX,3,23.32818031311035,26.55367660522461,67.40595245361328,0.0,0.006277870781414151,-16.0124568939209,0
1AVX,4,16.66674041748047,14.028273582458496,61.784690856933594,0.0,0.009959768338683561,-15.873930931091309,6
1AVX,5,20.355817794799805,24.197757720947266,55.57865524291992,0.0,0.008894310380320783,-14.93063735961914,1
1AVX,6,22.127540588378906,21.225051879882812,66.247314453125,0.0,0.007055225502510572,-20.267271041870117,8
1AVX,7,21.009111404418945,21.488889694213867,68.95186614990234,0.0,0.006606000975029708,-15.600507736206055,3
1AVX,8,21.95613670349121,25.019878387451172,62.889041900634766,0.0,0.007173850117439752,-15.245774269104004,0
1AVX,9,21.45208168029785,22.7916259765625,69.32319641113281,0.0,0.006374762867582124,-18.639129638671875,6
1AVX,10,23.286705017089844,26.510942459106445,66.2439956665039,0.0,0.006462933672030488,-15.861356735229492,0
1AVX,11,22.797550201416016,23.7392578125,67.09384155273438,0.0,0.006591010239618791,-14.273731231689453,4
1AVX,12,21.44533920288086,20.53504753112793,57.522037506103516,0.0,0.008892191675245175,-15.187689781188965,8
1AVX,13,19.008466720581055,16.76054573059082,69.61166381835938,0.0,0.00754556756409334,-20.07767677307129,0
1AVX,14,14.067809104919434,14.105241775512695,55.875,0.0,0.011267041331822625,-15.610931396484375,3
6CWG,0,21.406675338745117,23.8834228515625,42.82594680786133,0.0,0.013943130345754224,-15.019882202148438,0
6CWG,1,24.628271102905273,19.64573097229004,31.93555450439453,0.0,0.02398368679024474,-16.888290405273438,0
6CWG,2,23.261693954467773,19.251731872558594,34.12106704711914,0.0,0.021488437685341203,-17.079580307006836,7
6CWG,3,21.598247528076172,20.52828025817871,40.03647994995117,0.0,0.016146938956233082,-16.66189956665039,0
6CWG,4,23.136098861694336,19.731252670288086,39.30023956298828,0.0,0.01681141296013744,-17.096471786499023,0
6CWG,5,23.673343658447266,20.187816619873047,32.670677185058594,0.0,0.022962887136850296,-18.009645462036133,0
6CWG,6,25.003185272216797,19.869943618774414,37.74694061279297,0.0,0.017975716064976024,-15.098776817321777,0
6CWG,7,22.42206382751465,20.44316864013672,31.829681396484375,0.0,0.02397385606305366,-17.304582595825195,0
6CWG,8,25.057645797729492,21.558879852294922,43.58944320678711,0.0,0.013816725024521427,-14.73226547241211,0
6CWG,9,24.22210121154785,23.761747360229492,54.375389099121094,0.0,0.00927414810825501,-15.136791229248047,0
6CWG,10,22.31501007080078,19.7178955078125,36.12488555908203,0.0,0.01940437963218886,-15.094327926635742,1
6CWG,11,22.63731575012207,21.212797164916992,39.10451889038086,0.0,0.016697236457000764,-14.701279640197754,0
6CWG,12,22.907732009887695,18.42690658569336,30.72185707092285,0.0,0.025896403527262662,-15.924488067626953,9
6CWG,13,22.63028907775879,21.744953155517578,41.49087905883789,0.0,0.015004938934543459,-16.832223892211914,0
6CWG,14,23.814861297607422,23.904094696044922,46.181392669677734,0.0,0.01222969446779295,-19.98930549621582,1
1TMQ,0,7.632254600524902,10.022825241088867,17.287715911865234,0.0,0.07219683251022542,-19.156221389770508,1
1TMQ,1,8.248671531677246,8.924055099487305,19.216354370117188,0.058824,0.08331339466696702,-22.830352783203125,5
1TMQ,2,12.418512344360352,18.24415397644043,36.65415573120117,0.0,0.01924882463598108,-18.086729049682617,2
1TMQ,3,10.409993171691895,13.592620849609375,24.061721801757812,0.0,0.040992566025775314,-20.962696075439453,1
1TMQ,4,9.753286361694336,13.258501052856445,22.344932556152344,0.0,0.04634976071317481,-22.99679946899414,2
1TMQ,5,10.001274108886719,13.534722328186035,23.09930419921875,0.0,0.04379722968161503,-17.56121063232422,2
1TMQ,6,11.97789192199707,11.199820518493652,28.3621768951416,0.058824,0.052953380401438044,-14.48189640045166,31
1TMQ,7,7.893578052520752,10.52939510345459,18.25731658935547,0.0,0.06601027488768703,-18.55909538269043,8
1TMQ,8,8.124638557434082,10.967070579528809,18.694541931152344,0.0,0.06322636664859291,-19.157217025756836,10
1TMQ,9,7.776871681213379,11.041378021240234,17.822322845458984,0.0,0.06781081481953045,-22.351598739624023,2
1TMQ,10,8.649591445922852,10.119207382202148,20.332979202270508,0.0,0.05675368791072959,-20.3317813873291,0
1TMQ,11,10.533387184143066,13.440828323364258,24.98670768737793,0.0,0.038673872920236434,-17.614290237426758,5
1TMQ,12,10.086209297180176,13.643230438232422,22.79971694946289,0.0,0.044657160146620294,-18.0361385345459,7
1TMQ,13,8.128179550170898,10.044989585876465,18.840055465698242,0.0,0.06364598541304414,-19.59783363342285,8
1TMQ,14,7.8534016609191895,11.511361122131348,18.097797393798828,0.0,0.0658068158076988,-22.95183753967285,0
1JMO,0,5.889791965484619,6.004089832305908,10.48575496673584,0.173913,0.20973369507246606,-14.534261703491211,2
1JMO,1,25.073591232299805,18.758853912353516,61.138057708740234,0.0,0.00843867789491446,-14.369168281555176,4
1JMO,2,22.33213996887207,19.189409255981445,69.30815887451172,0.0,0.0069636706171327,-14.433730125427246,4
1JMO,3,21.956335067749023,17.311279296875,60.60956573486328,0.0,0.008913491857771313,-12.814284324645996,7
1JMO,4,13.493586540222168,12.986616134643555,24.44321060180664,0.108696,0.07658074742684855,-13.988083839416504,6
1JMO,5,26.817983627319336,19.362213134765625,67.67353057861328,0.0,0.007165656446804484,-12.72804069519043,11
1JMO,6,24.722461700439453,19.94110870361328,67.62464904785156,0.0,0.007059882608761341,-13.295926094055176,6
1JMO,7,22.716861724853516,20.50245475769043,52.01237869262695,0.0,0.01044547504432092,-13.562384605407715,12
1JMO,8,22.245161056518555,18.3541316986084,51.24291229248047,0.0,0.011137659930599729,-14.03485107421875,10
1JMO,9,8.041239738464355,7.672430038452148,23.941444396972656,0.0,0.04958459673444954,-16.518625259399414,2
1JMO,10,19.919248580932617,17.08454132080078,58.38430404663086,0.0,0.009468435249750797,-14.875397682189941,3
1JMO,11,14.812806129455566,14.4957857131958,45.3459587097168,0.0,0.014846108113652223,-16.934894561767578,2
1JMO,12,23.91082000732422,17.704092025756836,62.08624267578125,0.0,0.008508618763445037,-15.450704574584961,8
1JMO,13,19.9920597076416,14.936283111572266,61.8212890625,0.0,0.00951280141237256,-15.981822967529297,4
1JMO,14,22.73703384399414,18.54584312438965,65.12300872802734,0.0,0.007749950367798793,-15.270840644836426,3
5O1R,0,5.862872123718262,8.872854232788086,13.433762550354004,0.0,0.10455985180295425,-14.707775115966797,1
5O1R,1,5.4784417152404785,8.754772186279297,13.781035423278809,0.0,0.10136876894553191,-16.509523391723633,3
5O1R,2,25.99062728881836,23.780349731445312,67.5057144165039,0.0,0.006523394712617766,-14.663784980773926,18
5O1R,3,12.83045482635498,12.881266593933105,30.262855529785156,0.0,0.02883319915626051,-17.767621994018555,15
5O1R,4,10.899744033813477,13.584033966064453,25.853322982788086,0.0,0.03653223876997485,-13.009902000427246,5
5O1R,5,9.641779899597168,12.66037654876709,25.135618209838867,0.0,0.038821271645921814,-13.491868019104004,2
5O1R,6,9.353720664978027,10.699145317077637,21.795867919921875,0.0,0.050428645136295754,-13.763978004455566,11
5O1R,7,6.557432651519775,10.227080345153809,16.03412437438965,0.0,0.08014498622038696,-14.03821849822998,5
5O1R,8,17.342926025390625,16.012453079223633,47.242271423339844,0.0,0.013352149157568986,-13.920452117919922,14
5O1R,9,5.282103538513184,8.103898048400879,16.122329711914062,0.0,0.0835428472498203,-16.00575828552246,5
5O1R,10,6.603835105895996,9.747878074645996,15.488527297973633,0.0,0.08486485025142985,-15.828970909118652,11
5O1R,11,5.7253241539001465,8.251029968261719,13.0015230178833,0.0,0.11047499363883134,-16.186534881591797,8
5O1R,12,10.420741081237793,13.529212951660156,28.15114974975586,0.0,0.031898181872638466,-13.643610000610352,0
5O1R,13,6.533315658569336,9.14891529083252,19.520694732666016,0.0,0.06185375919692421,-13.313309669494629,8
5O1R,14,6.653902053833008,9.095778465270996,19.98358154296875,0.0,0.05989326430482472,-13.458015441894531,4
1PPE,0,9.423476219177246,11.292548179626465,32.117637634277344,0.0,0.02759809423405861,-19.444032669067383,0
1PPE,1,12.484292984008789,15.370835304260254,40.49085235595703,0.0,0.017213835389307822,-17.28568458557129,2
1PPE,2,13.367415428161621,15.577323913574219,42.13325500488281,0.0,0.01609834438200187,-23.860261917114258,1
1PPE,3,7.37160587310791,9.335814476013184,25.27230453491211,0.0,0.04226393285552321,-16.530471801757812,0
1PPE,4,5.5424394607543945,7.046761512756348,18.362897872924805,0.0,0.07326827319660019,-16.650896072387695,0
1PPE,5,9.520763397216797,11.396483421325684,32.31845474243164,0.0,0.027242127502539834,-22.265483856201172,0
1PPE,6,9.988663673400879,11.984554290771484,33.57727813720703,0.0,0.025215965476872243,-19.67748260498047,0
1PPE,7,5.654746055603027,6.769230365753174,19.2974853515625,0.0,0.0697647516502208,-19.95330810546875,0
1PPE,8,13.077704429626465,15.577493667602539,41.39715576171875,0.0,0.016547072216286575,-26.991817474365234,4
1PPE,9,10.139344215393066,13.305342674255371,34.74436950683594,0.0,0.023006966034427714,-20.790199279785156,0
1PPE,10,13.239547729492188,16.609722137451172,41.45292663574219,0.0,0.016146457348944345,-25.575698852539062,5
1PPE,11,7.098882675170898,9.254451751708984,24.009563446044922,0.0,0.045657930718979806,-14.533106803894043,0
1PPE,12,9.360189437866211,11.205901145935059,32.2210807800293,0.0,0.027555466872579083,-17.305469512939453,0
1PPE,13,11.289122581481934,13.898134231567383,35.95603942871094,0.0,0.021480466798144613,-18.122310638427734,18
1PPE,14,4.000480651855469,5.495917320251465,13.239520072937012,0.0,0.1204015250142672,-24.997737884521484,0
1SBB,0,27.37387466430664,17.907115936279297,74.23565673828125,0.0,0.0066361432502276005,-13.36777400970459,20
1SBB,1,24.49722671508789,10.708331108093262,55.61244583129883,0.0,0.014024014880956484,-15.681357383728027,8
1SBB,2,23.522506713867188,9.191732406616211,55.9172477722168,0.0,0.016175155871782587,-14.355094909667969,7
1SBB,3,23.821908950805664,10.298215866088867,56.74872970581055,0.0,0.014239229911433171,-14.901086807250977,4
1SBB,4,23.63045883178711,11.805951118469238,55.62522888183594,0.0,0.012901335239751352,-15.696764945983887,1
1SBB,5,20.820791244506836,7.730155944824219,55.20002746582031,0.0,0.019816504630187,-17.60133934020996,5
1SBB,6,23.071290969848633,11.626863479614258,55.9156608581543,0.0,0.012986005502252774,-15.799108505249023,3
1SBB,7,24.82063865661621,16.08013343811035,55.80023956298828,0.0,0.010434849075628446,-17.180355072021484,15
1SBB,8,25.5385684967041,13.711331367492676,56.677894592285156,0.0,0.011274290154048053,-17.248567581176758,4
1SBB,9,23.075551986694336,15.768320083618164,47.115966796875,0.0,0.01349616810015676,-15.780614852905273,12
1SBB,10,24.49949073791504,12.56815242767334,56.11936950683594,0.0,0.012156904299681963,-14.892860412597656,17
1SBB,11,25.68267059326172,12.006400108337402,57.1479377746582,0.0,0.012337426809638142,-15.671927452087402,4
1SBB,12,23.686853408813477,13.167189598083496,55.81404495239258,0.0,0.011826121532395295,-16.531982421875,2
1SBB,13,22.12810516357422,13.124238967895508,56.70311737060547,0.0,0.011623844662673377,-15.681243896484375,8
1SBB,14,25.126293182373047,16.656612396240234,58.561920166015625,0.0,0.009559030623378473,-17.641374588012695,3
1FQJ,0,9.4879789352417,12.827705383300781,24.12446403503418,0.0,0.04130757543946007,-15.661267280578613,2
1FQJ,1,11.259591102600098,9.697346687316895,28.431461334228516,0.0,0.03513792916580314,-16.322546005249023,0
1FQJ,2,17.194368362426758,15.28842544555664,37.62346267700195,0.0,0.01936563943244513,-17.227571487426758,0
1FQJ,3,18.12091064453125,16.453275680541992,38.902462005615234,0.0,0.017935941091321423,-18.521699905395508,0
1FQJ,4,23.088455200195312,18.789731979370117,56.289710998535156,0.0,0.009542203232948661,-10.546156883239746,7
1FQJ,5,17.107866287231445,14.954451560974121,38.048194885253906,0.0,0.01916544738309287,-18.31944465637207,0
1FQJ,6,10.512710571289062,10.37822437286377,27.47977066040039,0.0,0.035928487505366404,-14.684383392333984,5
1FQJ,7,17.40496826171875,15.245369911193848,38.17295837402344,0.0,0.018942620740474998,-17.503271102905273,0
1FQJ,8,14.489825248718262,11.837406158447266,35.30011749267578,0.0,0.023535616774919086,-19.78326416015625,5
1FQJ,9,19.546133041381836,15.894144058227539,53.616458892822266,0.0,0.011114855337419564,-14.955127716064453,1
1FQJ,10,24.349002838134766,22.200347900390625,58.81757736206055,0.0,0.008333907981005794,-12.786406517028809,5
1FQJ,11,9.013710021972656,7.925717353820801,18.823986053466797,0.076923,0.09362271355959645,-13.178908348083496,36
1FQJ,12,16.982940673828125,14.834680557250977,36.518829345703125,0.0,0.020504045152625244,-17.970237731933594,3
1FQJ,13,11.015493392944336,13.646268844604492,26.8308048248291,0.0,0.034382194164976225,-14.768420219421387,0
1FQJ,14,15.521166801452637,15.47424030303955,35.44072341918945,0.0,0.02123400739632458,-13.211928367614746,5
1EFN,0,9.383270263671875,7.7165398597717285,28.3892765045166,0.0,0.03956039268958525,-17.862506866455078,0
1EFN,1,12.3762788772583,10.735843658447266,31.54207992553711,0.0,0.02895036533056396,-22.89043617248535,0
1EFN,2,11.963116645812988,11.462316513061523,30.985965728759766,0.0,0.028940286691641646,-19.709136962890625,0
1EFN,3,14.633625030517578,16.03919792175293,47.99373245239258,0.0,0.013027691438757599,-17.48749351501465,0
1EFN,4,12.487398147583008,11.48865032196045,31.533172607421875,0.0,0.028166773659815292,-19.64869499206543,0
1EFN,5,13.871771812438965,13.868102073669434,44.42335891723633,0.0,0.0156273182831969,-19.41375732421875,0
1EFN,6,16.64043426513672,15.04691219329834,50.93464660644531,0.0,0.012311500893601187,-18.553133010864258,0
1EFN,7,15.66226577758789,14.590539932250977,49.19091033935547,0.0,0.013150477433394777,-21.854717254638672,0
1EFN,8,15.16668701171875,15.788289070129395,45.75482177734375,0.0,0.014101939567563887,-17.692712783813477,0
1EFN,9,12.121810913085938,11.209728240966797,31.377164840698242,0.0,0.028653018996596443,-19.503244400024414,0
1EFN,10,2.4923973083496094,1.9416948556900024,6.3741774559021,0.5,0.5046008341339476,-15.101480484008789,0
1EFN,11,14.090108871459961,13.56016731262207,40.360843658447266,0.0,0.018185758893181313,-20.06078338623047,0
1EFN,12,14.170600891113281,12.365372657775879,43.71736145019531,0.0,0.016976051339986167,-19.721288681030273,0
1EFN,13,15.788461685180664,14.183832168579102,47.59376907348633,0.0,0.013990148815250238,-22.020503997802734,0
1EFN,14,9.86123275756836,8.77026081085205,29.427478790283203,0.0,0.03514258442707114,-21.327651977539062,0
6B0S,0,6.889404296875,8.231982231140137,19.842805862426758,0.0,0.06239432973685499,-19.645845413208008,2
6B0S,1,7.789577484130859,10.103904724121094,22.708370208740234,0.0,0.04815173329204819,-21.492246627807617,1
6B0S,2,14.797658920288086,13.6279878616333,46.48497009277344,0.0,0.014774651866967144,-18.254690170288086,1
6B0S,3,7.090453624725342,9.766112327575684,19.64668083190918,0.0,0.060238224680400236,-17.130016326904297,7
6B0S,4,13.299893379211426,12.736395835876465,40.85930633544922,0.0,0.018387444435829445,-17.19112205505371,11
6B0S,5,7.1491804122924805,9.392824172973633,21.490497589111328,0.0,0.05338171920721537,-16.3968563079834,0
6B0S,6,14.07888412475586,11.73728084564209,43.95262908935547,0.0,0.01737374638243411,-20.60492515563965,1
6B0S,7,13.544838905334473,15.361153602600098,42.53487777709961,0.0,0.015948719167082823,-17.66168212890625,7
6B0S,8,7.8710737228393555,10.772907257080078,24.738882064819336,0.0,0.0415355730664166,-17.605941772460938,10
6B0S,9,13.714832305908203,9.786564826965332,42.96549987792969,0.0,0.020205587225421293,-17.217464447021484,0
6B0S,10,15.510319709777832,16.192630767822266,48.48564147949219,0.0,0.012775089331776233,-18.279672622680664,3
6B0S,11,12.874086380004883,14.47819709777832,40.653289794921875,0.0,0.017501775287649794,-17.431659698486328,8
6B0S,12,13.982168197631836,11.96039867401123,43.763580322265625,0.0,0.017279088521717455,-20.369606018066406,0
6B0S,13,9.021388053894043,11.813455581665039,27.091712951660156,0.083333,0.06293876721012602,-14.925335884094238,17
6B0S,14,9.072280883789062,9.777791976928711,27.91475486755371,0.0,0.03594835267847284,-18.8017635345459,1
2OUL,0,6.953875541687012,6.379656791687012,25.724214553833008,0.130435,0.09375223198395259,-20.6140079498291,2
2OUL,1,11.477814674377441,11.069129943847656,35.57818603515625,0.0,0.024009519410774168,-17.132444381713867,0
2OUL,2,14.296549797058105,12.888262748718262,41.61582565307617,0.0,0.01780383453813722,-13.885848999023438,1
2OUL,3,5.548679828643799,5.5123209953308105,13.12681770324707,0.217391,0.19391947630033854,-19.660200119018555,2
2OUL,4,10.801652908325195,9.19655704498291,40.749698638916016,0.086957,0.05152217041708287,-16.257408142089844,7
2OUL,5,10.771546363830566,10.976757049560547,22.794235229492188,0.0,0.046803704580109594,-18.353235244750977,0
2OUL,6,13.894566535949707,12.610980987548828,38.81964111328125,0.0,0.019900297711902687,-20.89040184020996,1
2OUL,7,12.406118392944336,12.007331848144531,31.885047912597656,0.0,0.027239034224902346,-22.3030948638916,1
2OUL,8,11.426484107971191,10.828764915466309,36.39263153076172,0.0,0.023518863382334623,-20.535268783569336,1
2OUL,9,12.180289268493652,11.115689277648926,38.40994644165039,0.0,0.02152343069649934,-21.868803024291992,2
2OUL,10,6.046920299530029,5.774356842041016,20.002212524414062,0.0,0.07205888688186961,-23.714014053344727,1
2OUL,11,13.717087745666504,12.561931610107422,41.32529830932617,0.043478,0.032708372428296016,-20.047809600830078,3
2OUL,12,9.133832931518555,9.052483558654785,30.942508697509766,0.0,0.03229657493275282,-17.843673706054688,4
2OUL,13,6.806149959564209,6.200450420379639,25.63292121887207,0.173913,0.10942320211260574,-20.995637893676758,1
2OUL,14,6.4775238037109375,5.783774375915527,20.168684005737305,0.0,0.07128284760839793,-26.49286460876465,1
1YVB,0,10.905050277709961,7.883151054382324,37.80804443359375,0.0,0.027684433928122244,-15.230841636657715,0
1YVB,1,7.972704887390137,5.358380317687988,24.10433578491211,0.153846,0.11237092877260697,-20.785757064819336,1
1YVB,2,9.518016815185547,9.044981002807617,28.97336196899414,0.269231,0.12508137454697088,-18.29413604736328,7
1YVB,3,9.865378379821777,10.061771392822266,20.572397232055664,0.038462,0.06867449706617888,-22.102245330810547,0
1YVB,4,7.386751174926758,6.489880084991455,30.67786407470703,0.076923,0.06631018932113066,-20.849077224731445,2
1YVB,5,11.50119686126709,8.65951919555664,38.95432662963867,0.0,0.024860046091025833,-12.640938758850098,5
1YVB,6,12.199338912963867,11.277865409851074,35.05025863647461,0.038462,0.03712951158209152,-26.888872146606445,1
1YVB,7,6.530856132507324,6.264772415161133,22.757259368896484,0.307692,0.161446761111376,-18.487306594848633,8
1YVB,8,12.38723087310791,10.934609413146973,37.72697448730469,0.153846,0.07354190655585768,-21.025405883789062,5
1YVB,9,7.459222793579102,7.200184345245361,24.37566566467285,0.115385,0.08846496981980334,-16.1878604888916,10
1YVB,10,15.084794998168945,12.424986839294434,48.80962371826172,0.153846,0.06588173858772547,-18.552949905395508,1
1YVB,11,7.499658107757568,6.463269233703613,27.8437557220459,0.0,0.04545230367149352,-19.351253509521484,1
1YVB,12,30.718290328979492,43.61175537109375,85.97132110595703,0.0,0.0036207525184667054,0.0,0
1YVB,13,8.415263175964355,6.201521396636963,32.37656784057617,0.076923,0.06555803595583524,-19.35732078552246,4
1YVB,14,7.824105262756348,6.830290794372559,21.6464900970459,0.230769,0.1367906225963752,-17.318700790405273,2
2B42,0,21.596256256103516,19.648210525512695,64.17633819580078,0.0,0.007678128632235655,-16.154075622558594,3
2B42,1,20.520910263061523,19.45070457458496,65.14968872070312,0.0,0.007549743026437549,-14.081911087036133,5
2B42,2,12.6561861038208,13.078651428222656,40.23009490966797,0.0,0.018572231486617803,-18.255136489868164,2
2B42,3,21.043943405151367,19.858001708984375,65.59928894042969,0.0,0.007395232549267597,-15.710428237915039,1
2B42,4,11.325929641723633,10.740798950195312,37.23968505859375,0.0,0.02288299092591367,-20.260589599609375,2
2B42,5,22.592632293701172,20.75837516784668,60.34101104736328,0.0,0.008217178453467519,-16.005863189697266,3
2B42,6,14.734601020812988,15.047815322875977,26.815776824951172,0.0,0.03371336408994741,-14.815505981445312,0
2B42,7,19.997713088989258,19.052831649780273,64.04074096679688,0.0,0.007823912294006372,-12.62060546875,3
2B42,8,20.365764617919922,18.7504825592041,63.970245361328125,0.0,0.007902745714211868,-16.581876754760742,0
2B42,9,13.354599952697754,12.814977645874023,36.687503814697266,0.0,0.021486562695710757,-18.264888763427734,4
2B42,10,20.823469161987305,17.820375442504883,62.992156982421875,0.0,0.008305934825376822,-17.233978271484375,1
2B42,11,21.020587921142578,19.98036766052246,63.60502624511719,0.0,0.0077166796234567694,-13.796622276306152,8
2B42,12,22.436729431152344,20.026142120361328,63.6492805480957,0.0,0.007700209261993495,-15.85114574432373,0
2B42,13,14.62218952178955,15.197837829589844,25.678468704223633,0.0,0.036132986969394605,-15.908855438232422,4
2B42,14,21.12367820739746,19.297544479370117,64.24755859375,0.0,0.007736022578733355,-16.444499969482422,1
1MQ8,0,16.87409019470215,13.590245246887207,58.47893524169922,0.0,0.010908525642076498,-15.447908401489258,0
1MQ8,1,14.462685585021973,14.331945419311523,21.231225967407227,0.0,0.049658887512210065,-17.700664520263672,3
1MQ8,2,16.466611862182617,13.131872177124023,31.379718780517578,0.0,0.027079144506161043,-20.542633056640625,0
1MQ8,3,7.424759387969971,5.036617279052734,26.458999633789062,0.0,0.058339433015687114,-15.514513969421387,0
1MQ8,4,21.113309860229492,21.683061599731445,57.06080627441406,0.0,0.0088237951947786,-15.825323104858398,0
1MQ8,5,20.826942443847656,20.923830032348633,55.33251190185547,0.0,0.009389015965591276,-15.376592636108398,0
1MQ8,6,16.516864776611328,12.492323875427246,25.993183135986328,0.0,0.03693906089585499,-15.734341621398926,0
1MQ8,7,16.631860733032227,10.015228271484375,31.97989273071289,0.0,0.029307807584320448,-16.438079833984375,0
1MQ8,8,17.189584732055664,13.164284706115723,52.18218231201172,0.0,0.012888193993741887,-15.3905668258667,0
1MQ8,9,14.546475410461426,12.188162803649902,60.20857620239258,0.0,0.011487153907771233,-18.050296783447266,1
1MQ8,10,15.101165771484375,10.071379661560059,22.7007999420166,0.0,0.04822119212997311,-15.637192726135254,0
1MQ8,11,17.904253005981445,18.151121139526367,59.079933166503906,0.0,0.009020865553894508,-16.466306686401367,0
1MQ8,12,16.21560287475586,12.022064208984375,24.329816818237305,0.0,0.041369392544363635,-16.545671463012695,0
1MQ8,13,10.98255443572998,9.401190757751465,58.30644989013672,0.0,0.01521184699027354,-13.683349609375,0
1MQ8,14,13.540714263916016,11.52399730682373,59.503360748291016,0.0,0.012219324009725882,-16.1342830657959,0
2B4J,0,8.138192176818848,7.63271427154541,19.72393226623535,0.0,0.06460438462178303,-18.470035552978516,3
2B4J,1,10.496434211730957,9.637396812438965,31.082557678222656,0.0,0.031077278618649704,-13.558699607849121,1
2B4J,2,18.62836265563965,15.630546569824219,58.55806350708008,0.0,0.009920210592334154,-21.711795806884766,1
2B4J,3,11.252201080322266,7.118778705596924,34.351627349853516,0.0,0.03340198064390381,-13.13729476928711,2
2B4J,4,18.511571884155273,15.018187522888184,57.2710075378418,0.0,0.01047671758768147,-18.924835205078125,2
2B4J,5,12.09511947631836,12.78722095489502,37.624168395996094,0.0,0.02071143786632865,-16.450969696044922,1
2B4J,6,14.612655639648438,15.245993614196777,48.774078369140625,0.0,0.013020977712067823,-14.426615715026855,5
2B4J,7,17.759262084960938,15.55312728881836,56.397911071777344,0.0,0.010475365758465138,-21.201446533203125,1
2B4J,8,22.55133628845215,16.746858596801758,68.73387145996094,0.0,0.007673843522487502,-20.238210678100586,3
2B4J,9,23.429397583007812,16.907474517822266,69.6466064453125,0.0,0.00749525115590453,-23.42201042175293,3
2B4J,10,17.622028350830078,15.854952812194824,56.41108322143555,0.0,0.010357169423101815,-23.805622100830078,1
2B4J,11,15.846776962280273,12.407222747802734,53.24984359741211,0.0,0.013084202184637609,-19.221847534179688,2
2B4J,12,15.418590545654297,11.216429710388184,48.15635299682617,0.0,0.015928004073251362,-14.720858573913574,3
2B4J,13,7.344402313232422,8.160155296325684,16.507259368896484,0.0,0.0807546134509165,-22.57196807861328,2
2B4J,14,18.945981979370117,16.710237503051758,58.616905212402344,0.0,0.009529353878367083,-17.019865036010742,7
3D5S,0,17.0638427734375,20.527345657348633,49.17273712158203,0.0,0.011441659876814841,-15.98852252960205,2
3D5S,1,15.066879272460938,18.63945960998535,47.03768539428711,0.0,0.012685524453299915,-18.8630428314209,0
3D5S,2,17.245624542236328,20.817707061767578,50.37049102783203,0.0,0.0109509805245393,-17.92776107788086,2
3D5S,3,16.968997955322266,17.860422134399414,48.11857604980469,0.0,0.012421306489994538,-20.28366470336914,0
3D5S,4,18.37602424621582,21.54165267944336,51.984947204589844,0.0,0.010288096204033266,-17.869037628173828,0
3D5S,5,14.046465873718262,16.799917221069336,42.83094787597656,0.0,0.015266954757006101,-14.433218955993652,0
3D5S,6,15.972623825073242,16.025432586669922,47.83096694946289,0.0,0.013099612059065716,-21.678396224975586,1
3D5S,7,16.118967056274414,15.411663055419922,47.33662414550781,0.0,0.013540142229895668,-17.405160903930664,0
3D5S,8,17.506587982177734,20.217002868652344,51.47453689575195,0.0,0.01067297650280237,-19.25881576538086,0
3D5S,9,17.413129806518555,17.85148811340332,51.531715393066406,0.0,0.011165943269618622,-16.10291862487793,0
3D5S,10,17.718032836914062,21.84635353088379,50.61284255981445,0.0,0.010707654244155903,-17.312355041503906,0
3D5S,11,16.553871154785156,21.021514892578125,49.1818733215332,0.0,0.011356327831501504,-17.399660110473633,0
3D5S,12,15.303447723388672,15.106879234313965,47.31180953979492,0.0,0.01367697028869611,-17.755714416503906,0
3D5S,13,17.341745376586914,21.02103614807129,50.20539474487305,0.0,0.01097710889891257,-18.175575256347656,3
3D5S,14,17.9908390045166,20.99821662902832,51.15255355834961,0.0,0.010649128628473252,-18.12765884399414,0
1JIW,0,16.30240821838379,17.300479888916016,49.37720489501953,0.0,0.012080679058376934,-18.791902542114258,6
1JIW,1,12.836268424987793,15.748910903930664,37.34734344482422,0.0,0.019412560080307822,-14.437775611877441,4
1JIW,2,11.636002540588379,15.32498550415039,30.863611221313477,0.0,0.026663386990458938,-17.070486068725586,4
1JIW,3,15.271982192993164,15.367998123168945,45.76557159423828,0.0,0.014260659468450123,-17.25075340270996,0
1JIW,4,2.9727330207824707,3.308007001876831,7.709105491638184,0.785714,0.5016458262806153,-18.50597381591797,2
1JIW,5,10.490635871887207,12.462112426757812,31.284866333007812,0.0,0.027675105299783034,-19.802536010742188,0
1JIW,6,14.648118019104004,15.606568336486816,44.60987854003906,0.0,0.01472902485391382,-15.802160263061523,0
1JIW,7,17.06507110595703,18.178741455078125,51.80497360229492,0.0,0.01099266353440735,-17.624353408813477,0
1JIW,8,12.050293922424316,15.39332103729248,32.60000991821289,0.0,0.024353991565651045,-16.57834815979004,3
1JIW,9,12.35418701171875,15.987176895141602,33.4300537109375,0.0,0.02314996520731281,-16.344898223876953,6
1JIW,10,16.928037643432617,17.53944969177246,49.646183013916016,0.0,0.011913137475696693,-17.025897979736328,0
1JIW,11,11.128661155700684,14.802062034606934,29.05957794189453,0.0,0.029659795142656747,-18.888442993164062,3
1JIW,12,11.584792137145996,14.093621253967285,31.80185890197754,0.0,0.025958698902061806,-20.282520294189453,0
1JIW,13,11.570511817932129,15.611550331115723,30.479774475097656,0.0,0.02710201281139488,-18.247604370117188,2
1JIW,14,10.397483825683594,12.311563491821289,30.721466064453125,0.0,0.028578387224975164,-20.201641082763672,0
1OFU,0,21.535202026367188,20.19512367248535,48.45918273925781,0.0,0.011778414015614122,-19.949466705322266,0
1OFU,1,17.32098960876465,18.596202850341797,50.67501449584961,0.0,0.011276505856085238,-15.234007835388184,11
1OFU,2,29.68094825744629,27.24424171447754,91.86630249023438,0.0,0.003836838745266302,-15.875694274902344,3
1OFU,3,30.400894165039062,23.851276397705078,87.88249206542969,0.0,0.004402534872701597,-16.414886474609375,17
1OFU,4,14.880287170410156,12.701391220092773,52.12635040283203,0.0,0.013218899262248307,-16.25575065612793,4
1OFU,5,32.88798141479492,33.43366622924805,87.24144744873047,0.0,0.0038041025785903217,-19.28130531311035,2
1OFU,6,20.70454216003418,20.02182960510254,47.41768264770508,0.0,0.012238147044530044,-14.681400299072266,3
1OFU,7,21.772876739501953,19.3277530670166,53.28556442260742,0.0,0.010267186231273156,-16.16067123413086,2
1OFU,8,23.81169319152832,15.015127182006836,59.52248001098633,0.0,0.009955481741530681,-12.904102325439453,17
1OFU,9,32.598915100097656,34.54869842529297,87.97479248046875,0.0,0.0037100996997644128,-16.924318313598633,0
1OFU,10,28.952266693115234,21.489072799682617,84.43258666992188,0.0,0.004960664967732371,-13.450128555297852,21
1OFU,11,30.569494247436523,31.207801818847656,88.94627380371094,0.0,0.0037848702066435925,-14.93758487701416,1
1OFU,12,20.92885398864746,16.50275993347168,69.44001770019531,0.0,0.007652158839707902,-13.771048545837402,7
1OFU,13,25.8138484954834,17.56057357788086,67.89382934570312,0.0,0.007558505361870675,-13.675467491149902,7
1OFU,14,18.274295806884766,15.458540916442871,48.188385009765625,0.0,0.013167555672319876,-15.409957885742188,0
2I9B,0,26.516616821289062,20.81418228149414,66.4764175415039,0.0,0.007084379095601817,-19.984376907348633,1
2I9B,1,18.562910079956055,21.611526489257812,43.002689361572266,0.0,0.01413183028407059,-16.230571746826172,6
2I9B,2,16.761770248413086,18.121864318847656,36.52182388305664,0.0,0.01939607660421637,-17.637849807739258,1
2I9B,3,14.897223472595215,15.753815650939941,29.494380950927734,0.0,0.028556415215286148,-17.537208557128906,5
2I9B,4,27.589372634887695,22.218656539916992,63.318580627441406,0.0,0.0074129637277804035,-18.171762466430664,3
2I9B,5,17.7940731048584,14.01839828491211,42.73622131347656,0.0,0.01645784485372607,-15.864603042602539,5
2I9B,6,16.69972038269043,15.893166542053223,40.440120697021484,0.0,0.017046165889592638,-16.5258731842041,1
2I9B,7,28.206939697265625,26.8078556060791,64.02584075927734,0.0,0.006813572462243252,-19.144426345825195,0
2I9B,8,17.19828987121582,18.301088333129883,38.444766998291016,0.0,0.01775945995650099,-14.570230484008789,5
2I9B,9,27.44816017150879,19.65296745300293,63.928749084472656,0.0,0.007721022852013377,-18.051122665405273,10
2I9B,10,23.46356964111328,24.1922607421875,59.74807357788086,0.0,0.00788907972237058,-17.10971450805664,7
2I9B,11,14.972638130187988,15.858198165893555,29.073165893554688,0.0,0.029204763461722013,-18.314868927001953,3
2I9B,12,18.1212158203125,22.183900833129883,42.17177963256836,0.0,0.014530096484255274,-16.81821060180664,1
2I9B,13,14.131854057312012,13.410794258117676,26.970970153808594,0.0,0.03423472112632831,-14.183585166931152,12
2I9B,14,18.23138427734375,20.11893653869629,42.31623458862305,0.0,0.014770431190630479,-15.323954582214355,15
3H11,0,9.872302055358887,9.192046165466309,21.80990219116211,0.038462,0.06542078457920344,-11.486994743347168,38
3H11,1,9.7479887008667,10.431126594543457,17.495323181152344,0.076923,0.0960500865214657,-12.479462623596191,40
3H11,2,8.140214920043945,6.876297950744629,22.27191162109375,0.115385,0.09598168619788117,-10.060079574584961,29
3H11,3,11.988712310791016,13.043662071228027,22.73065948486328,0.0,0.04524384463595099,-11.887765884399414,52
3H11,4,9.240314483642578,9.286505699157715,16.81158447265625,0.153846,0.1276210470217424,-13.992685317993164,58
3H11,5,6.020410537719727,5.731226444244385,13.14087963104248,0.423077,0.2607213632785805,-10.52854061126709,19
3H11,6,9.494195938110352,9.491798400878906,17.656187057495117,0.076923,0.0964812780121836,-14.266125679016113,65
3H11,7,9.160558700561523,9.34857177734375,17.801902770996094,0.0,0.07025204722322254,-13.714227676391602,57
3H11,8,7.190521717071533,7.836925983428955,13.563667297363281,0.038462,0.11859425172789899,-12.733546257019043,44
3H11,9,8.42198657989502,8.903202056884766,15.14101791381836,0.115385,0.1275404744064158,-13.022931098937988,43
3H11,10,7.086061954498291,6.655826091766357,17.19021987915039,0.038462,0.09442004551581028,-10.501317024230957,30
3H11,11,10.010168075561523,10.97183609008789,17.273330688476562,0.038462,0.08391812759409412,-11.919756889343262,35
3H11,12,8.725301742553711,8.859089851379395,15.851733207702637,0.192308,0.14783234000861004,-11.571619033813477,26
3H11,13,8.100727081298828,8.099828720092773,15.567522048950195,0.307692,0.19016940306092436,-13.486945152282715,36
3H11,14,7.984720706939697,7.724834442138672,17.51956558227539,0.076923,0.10126618584338438,-10.551953315734863,30
1FCC,0,7.100986480712891,12.187784194946289,21.988609313964844,0.0,0.04830865139972698,-18.086528778076172,0
1FCC,1,11.897608757019043,13.41262435913086,38.482688903808594,0.0,0.019623468472657793,-21.983158111572266,0
1FCC,2,5.465092182159424,9.93254566192627,16.74894142150879,0.0,0.07570055918094536,-18.52791976928711,0
1FCC,3,19.64605140686035,23.3038387298584,64.45504760742188,0.0,0.00707324235373075,-15.55235767364502,0
1FCC,4,12.814154624938965,17.324321746826172,42.193763732910156,0.0,0.015480308189736716,-24.90557098388672,0
1FCC,5,15.917611122131348,18.1296329498291,49.4978141784668,0.0,0.01181454148567195,-17.349178314208984,3
1FCC,6,19.171735763549805,23.6722354888916,61.134742736816406,0.0,0.007654609129311215,-17.468616485595703,0
1FCC,7,6.325558662414551,12.122048377990723,18.49545669555664,0.0,0.06315271120977274,-19.121912002563477,0
1FCC,8,10.3739595413208,14.781012535095215,33.883174896240234,0.0,0.02313311013894952,-20.395763397216797,0
1FCC,9,15.150092124938965,20.043380737304688,49.75521469116211,0.0,0.01130897804402934,-21.264535903930664,1
1FCC,10,12.376126289367676,16.44842529296875,40.5859489440918,0.0,0.016755519822378214,-23.225553512573242,0
1FCC,11,19.282983779907227,20.05602264404297,60.9041748046875,0.0,0.00822277776879294,-19.242414474487305,0
1FCC,12,15.34574031829834,16.017702102661133,47.81570816040039,0.0,0.013108697245411785,-18.508045196533203,6
1FCC,13,11.557438850402832,13.39704418182373,37.017215728759766,0.0,0.020822254510684875,-20.374765396118164,0
1FCC,14,18.91948890686035,22.61800765991211,61.120182037353516,0.0,0.007784169582295427,-17.208982467651367,0
3RJQ,0,17.354164123535156,14.170313835144043,24.646820068359375,0.0,0.039125189729348475,-15.203986167907715,12
3RJQ,1,20.54047393798828,16.291555404663086,38.56612777709961,0.0,0.01824404348673531,-11.03886604309082,10
3RJQ,2,16.47286033630371,13.4008150100708,32.766456604003906,0.0,0.025141820069254275,-13.795398712158203,10
3RJQ,3,19.081314086914062,15.186802864074707,27.017858505249023,0.0,0.033241476508500394,-14.111652374267578,18
3RJQ,4,18.60385513305664,13.663427352905273,35.39948654174805,0.0,0.022140506399975574,-15.584776878356934,15
3RJQ,5,16.617616653442383,14.88019847869873,23.54963493347168,0.0,0.041773661531881334,-13.365500450134277,15
3RJQ,6,9.657184600830078,11.8209228515625,24.672868728637695,0.0,0.04064691363023001,-14.92949390411377,4
3RJQ,7,49.67399597167969,57.871421813964844,148.6131591796875,0.0,0.0013106754912300097,0.0,0
3RJQ,8,13.58624267578125,12.564640998840332,20.42976951599121,0.0,0.053871235797936234,-17.361326217651367,7
3RJQ,9,16.314393997192383,15.383249282836914,28.963401794433594,0.0,0.029571881196080136,-14.809196472167969,13
3RJQ,10,18.978588104248047,14.331319808959961,33.884254455566406,0.0,0.023346162781289623,-14.35916805267334,15
3RJQ,11,14.529213905334473,12.925599098205566,27.033273696899414,0.0,0.03441936290164585,-15.964577674865723,6
3RJQ,12,19.82782554626465,15.859294891357422,35.768497467041016,0.0,0.020773385557590493,-11.909213066101074,11
3RJQ,13,16.177812576293945,15.712199211120605,24.59086799621582,0.0,0.03858622815063189,-14.23299789428711,8
3RJQ,14,19.512086868286133,14.725547790527344,26.279251098632812,0.0,0.03499347126460894,-13.316814422607422,16
4FP8,0,28.31662368774414,17.760282516479492,70.1247329711914,0.0,0.007187466084843229,-17.404178619384766,0
4FP8,1,17.68117904663086,15.98055648803711,29.960189819335938,0.0,0.027742858668424047,-18.87312889099121,3
4FP8,2,30.454832077026367,17.210247039794922,68.86853790283203,0.0,0.007514646358749117,-16.26841163635254,5
4FP8,3,28.384521484375,17.303022384643555,59.6234245300293,0.0,0.009126013398265093,-18.293628692626953,4
4FP8,4,28.426942825317383,20.753705978393555,67.85928344726562,0.0,0.00688140291349026,-14.303823471069336,2
4FP8,5,22.562376022338867,15.71552848815918,41.13885498046875,0.0,0.016656907399332014,-15.697463989257812,1
4FP8,6,16.934160232543945,15.906675338745117,29.0739803314209,0.0,0.029185578080575,-14.492143630981445,1
4FP8,7,15.919313430786133,16.67566680908203,27.79631996154785,0.0,0.03118029059087953,-15.534409523010254,2
4FP8,8,30.4946231842041,16.795948028564453,64.97036743164062,0.0,0.008246945333816945,-13.557671546936035,0
4FP8,9,24.50469970703125,16.49733543395996,46.346805572509766,0.0,0.013580113779272013,-16.51291275024414,3
4FP8,10,22.966814041137695,14.629714965820312,43.529449462890625,0.0,0.015711045669160525,-14.760597229003906,0
4FP8,11,14.281208038330078,15.570684432983398,27.019695281982422,0.0,0.03308236895735065,-16.843399047851562,1
4FP8,12,29.570634841918945,18.018640518188477,63.46034622192383,0.0,0.008168878917148542,-15.228075981140137,16
4FP8,13,15.264309883117676,15.825655937194824,26.673900604248047,0.0,0.03369638455819787,-17.370433807373047,2
4FP8,14,26.288869857788086,16.333106994628906,55.197750091552734,0.0,0.010509281738944285,-17.96523094177246,2
2GTP,0,12.9138822555542,10.278573036193848,25.0648250579834,0.0,0.041331368438481376,-11.870573997497559,7
2GTP,1,14.539481163024902,11.056320190429688,31.89301109313965,0.0,0.02813115596544333,-17.502666473388672,0
2GTP,2,22.721988677978516,15.686158180236816,54.059104919433594,0.0,0.011062626993373821,-18.502424240112305,2
2GTP,3,12.845418930053711,11.990752220153809,26.497554779052734,0.0,0.036236530550724004,-12.02239990234375,6
2GTP,4,19.286264419555664,14.712653160095215,56.01462173461914,0.0,0.010932022759154439,-17.88035011291504,2
2GTP,5,9.781341552734375,9.271990776062012,22.11655616760254,0.0,0.051400804216146144,-13.214710235595703,10
2GTP,6,22.9721736907959,16.44449234008789,54.60166549682617,0.0,0.010637450983036626,-17.490436553955078,1
2GTP,7,12.37087345123291,11.611355781555176,29.747886657714844,0.0,0.030632051235732816,-14.268416404724121,12
2GTP,8,17.97072982788086,13.754018783569336,41.57544708251953,0.0,0.01729194871737562,-15.287069320678711,1
2GTP,9,14.442889213562012,11.054545402526855,30.75068473815918,0.076923,0.05532825020581702,-14.978740692138672,0
2GTP,10,11.933453559875488,9.56530475616455,22.995317459106445,0.0,0.04807021552455942,-11.714153289794922,10
2GTP,11,17.313129425048828,12.727252960205078,38.679805755615234,0.0,0.01992225664797076,-16.319116592407227,1
2GTP,12,16.5130672454834,12.87862491607666,38.36073303222656,0.0,0.020061468255163247,-16.923019409179688,0
2GTP,13,11.614046096801758,11.178544044494629,25.550722122192383,0.0,0.03911006509905722,-13.520713806152344,2
2GTP,14,11.021184921264648,8.62852954864502,29.415861129760742,0.0,0.03546587698320488,-16.269407272338867,0
1ZM4,0,18.71299934387207,13.251051902770996,56.82965850830078,0.0,0.0115111335431475,-14.03094482421875,11
1ZM4,1,30.228981018066406,23.849170684814453,85.2183609008789,0.0,0.004597014110937326,-17.366046905517578,6
1ZM4,2,28.042381286621094,25.53107452392578,81.17546081542969,0.0,0.004761828986847781,-14.8139066696167,19
1ZM4,3,27.601585388183594,30.54433822631836,79.89788055419922,0.0,0.004532387308953821,-22.198413848876953,0
1ZM4,4,35.97830581665039,29.741147994995117,99.40055084228516,0.0,0.003265525090215266,-16.590974807739258,5
1ZM4,5,26.358579635620117,31.899412155151367,74.96505737304688,0.0,0.004966499356901604,-13.424567222595215,7
1ZM4,6,13.448050498962402,11.866528511047363,33.521400451660156,0.0,0.025380063465340514,-18.813488006591797,4
1ZM4,7,28.45173454284668,28.58509635925293,81.79605102539062,0.0,0.00447647618867287,-13.98265552520752,12
1ZM4,8,20.42763328552246,16.99393653869629,61.68788146972656,0.0,0.008787745849233697,-14.042745590209961,3
1ZM4,9,30.3067569732666,27.757299423217773,85.55001068115234,0.0,0.0042290438497411525,-13.357407569885254,1
1ZM4,10,28.31186866760254,22.11589813232422,78.17894744873047,0.0,0.005420700848772668,-16.508872985839844,5
1ZM4,11,25.966745376586914,19.05113410949707,69.81932830810547,0.0,0.006921974887707449,-17.759944915771484,23
1ZM4,12,30.665433883666992,24.130638122558594,83.90230560302734,0.0,0.004669433609222913,-15.46537971496582,6
1ZM4,13,26.88640594482422,17.460195541381836,74.48185729980469,0.0,0.006727579585442396,-14.312230110168457,9
1ZM4,14,36.68175506591797,29.680252075195312,100.00955200195312,0.0,0.0032398206564466,-18.058677673339844,5
1FQ1,0,3.048401355743408,2.970198154449463,7.378118991851807,0.5,0.42450623756086747,-16.41287612915039,3
1FQ1,1,18.462207794189453,16.650075912475586,34.22862243652344,0.0,0.02204555215347154,-12.370460510253906,13
1FQ1,2,2.3239526748657227,2.1783607006073,8.494492530822754,0.833333,0.5517678866276322,-16.87256622314453,0
1FQ1,3,10.188995361328125,9.201162338256836,40.25410461425781,0.0,0.022857720983022797,-12.640617370605469,15
1FQ1,4,9.361446380615234,7.8658127784729,19.318265914916992,0.25,0.14909570353583992,-17.520219802856445,5
1FQ1,5,16.426074981689453,14.637581825256348,31.049875259399414,0.0,0.02670278991119289,-14.871115684509277,10
1FQ1,6,16.55735969543457,14.710587501525879,30.701358795166016,0.0,0.02716166808460226,-17.193153381347656,11
1FQ1,7,11.025131225585938,9.473134994506836,22.958871841430664,0.166667,0.10389046446101007,-19.701587677001953,3
1FQ1,8,17.276552200317383,15.16977310180664,33.32084274291992,0.0,0.02359354648406935,-11.466315269470215,8
1FQ1,9,4.501376628875732,4.101253509521484,10.63247299194336,0.5,0.3359646595127678,-15.395914077758789,5
1FQ1,10,10.173209190368652,8.668270111083984,20.941221237182617,0.166667,0.11239665025134137,-18.57151222229004,4
1FQ1,11,3.362114429473877,3.8458003997802734,8.999506950378418,0.583333,0.39561767746184767,-17.77885627746582,5
1FQ1,12,22.662073135375977,17.29564666748047,55.675682067871094,0.0,0.010080875351349378,-12.117820739746094,62
1FQ1,13,82.02005004882812,96.26353454589844,199.3920135498047,0.0,0.0006855774297928567,0.0,0
1FQ1,14,10.236285209655762,8.4918851852417,21.498146057128906,0.25,0.13848352166282932,-20.923538208007812,4
1RKE,0,24.080615997314453,23.051029205322266,69.75196075439453,0.0,0.006283099511102005,-16.855070114135742,0
1RKE,1,25.317842483520508,25.315671920776367,69.36421203613281,0.0,0.006097592785422014,-16.001157760620117,0
1RKE,2,29.06854820251465,28.21137809753418,68.53511810302734,0.0,0.005989339095870212,-17.6102294921875,0
1RKE,3,18.49553871154785,14.198404312133789,41.34164810180664,0.0,0.01719873877058777,-18.72248077392578,0
1RKE,4,26.547380447387695,26.402822494506836,69.87352752685547,0.0,0.005933252685271646,-17.18189811706543,0
1RKE,5,27.90037727355957,26.023178100585938,71.70077514648438,0.0,0.005723462599101903,-17.669376373291016,0
1RKE,6,25.754287719726562,23.747175216674805,68.31199645996094,0.0,0.0064068522776038065,-18.266605377197266,0
1RKE,7,25.954206466674805,27.369077682495117,69.3853988647461,0.0,0.00592670819428271,-16.70900535583496,0
1RKE,8,28.894636154174805,29.003826141357422,67.46965789794922,0.0,0.006097059420659102,-18.16465187072754,0
1RKE,9,7.40994119644165,4.832921504974365,17.98758888244629,0.0,0.09013543097883982,-20.385883331298828,0
1RKE,10,70.71817779541016,77.62295532226562,172.844482421875,0.0,0.0009286142250516127,0.0,0
1RKE,11,31.009033203125,36.879249572753906,72.30248260498047,0.0,0.005094639549961108,-15.102640151977539,7
1RKE,12,28.02171516418457,26.15664291381836,71.67420959472656,0.0,0.005715641197804509,-18.049293518066406,0
1RKE,13,29.188108444213867,30.221399307250977,66.33772277832031,0.0,0.0062033750706926745,-18.910764694213867,0
1RKE,14,27.148353576660156,25.245527267456055,71.49856567382812,0.0,0.005818072836296539,-17.859315872192383,0
4M76,0,23.105451583862305,21.652362823486328,71.64065551757812,0.0,0.006219390846923615,-13.591758728027344,0
4M76,1,23.22867202758789,16.64951515197754,70.19915008544922,0.0,0.00750028449091589,-13.910283088684082,2
4M76,2,21.93128776550293,14.331563949584961,71.5962905883789,0.0,0.008244899741236458,-12.55256462097168,4
4M76,3,20.22076416015625,14.435956001281738,73.52873992919922,0.0,0.007956253035572888,-13.090500831604004,2
4M76,4,21.99278450012207,21.2685604095459,70.18962860107422,0.0,0.006467586203394191,-14.477736473083496,0
4M76,5,13.935098648071289,14.245096206665039,52.21269226074219,0.0,0.012261517316060783,-17.30040740966797,0
4M76,6,23.22087860107422,17.1610107421875,69.51982879638672,0.0,0.007437076467863814,-13.66161060333252,3
4M76,7,21.62455177307129,19.20155143737793,73.2336654663086,0.0,0.00645265201425823,-11.849853515625,2
4M76,8,20.658536911010742,16.98717498779297,77.37071228027344,0.0,0.00655411335976944,-11.64696979522705,7
4M76,9,21.429813385009766,19.17940330505371,62.30754089355469,0.0,0.008116621658783464,-15.681977272033691,2
4M76,10,23.192594528198242,22.545507431030273,70.75822448730469,0.0,0.006210773446720069,-15.630376815795898,0
4M76,11,22.280527114868164,20.047866821289062,71.38557434082031,0.0,0.006515621000861072,-11.536972045898438,0
4M76,12,23.038127899169922,16.62373161315918,75.27470397949219,0.0,0.006888823218408249,-16.00234031677246,0
4M76,13,22.754087448120117,21.92014503479004,75.18861389160156,0.0,0.005759893838286359,-12.881630897521973,1
4M76,14,19.743234634399414,15.156841278076172,72.20594024658203,0.0,0.007789144614152927,-12.817482948303223,4
2UUY,0,14.968650817871094,13.22025203704834,46.373592376708984,0.0,0.015071565821937936,-18.311357498168945,4
2UUY,1,8.118562698364258,5.684627056121826,20.628393173217773,0.0,0.070079680883031,-20.03295135498047,0
2UUY,2,6.467630386352539,6.916324615478516,16.83358383178711,0.0,0.08269656706676248,-17.19529151916504,0
2UUY,3,7.723161697387695,8.429606437683105,25.014684677124023,0.0,0.04473488165544262,-17.664033889770508,1
2UUY,4,13.15085506439209,10.495508193969727,40.118988037109375,0.0,0.020992377631619447,-18.4456787109375,0
2UUY,5,11.087929725646973,9.163354873657227,36.854774475097656,0.0,0.025534291248119494,-18.5123291015625,0
2UUY,6,12.803523063659668,10.81240177154541,38.89948654174805,0.0,0.02148466867407844,-19.212936401367188,0
2UUY,7,15.252687454223633,9.737048149108887,44.375770568847656,0.0,0.019524288797540198,-13.586950302124023,7
2UUY,8,12.598907470703125,12.043404579162598,38.73175048828125,0.0,0.020408175117564927,-18.78584861755371,1
2UUY,9,12.672927856445312,9.902173042297363,40.79130554199219,0.0,0.02134878606540172,-17.304262161254883,0
2UUY,10,7.95142936706543,8.629277229309082,19.804439544677734,0.0,0.06162819843233606,-21.16205406188965,0
2UUY,11,8.242709159851074,4.9134697914123535,23.543819427490234,0.0,0.06685480838964229,-21.043859481811523,0
2UUY,12,11.72146224975586,9.563350677490234,37.88106918334961,0.0,0.02398220100112002,-20.63509750366211,0
2UUY,13,19.175552368164062,14.469524383544922,57.043514251708984,0.0,0.010784603836611931,-16.78484535217285,0
2UUY,14,12.609417915344238,9.801689147949219,39.68977737426758,0.0,0.022245767686542215,-17.897052764892578,0
3HMX,0,34.67981719970703,33.63816833496094,94.87834167480469,0.0,0.003315565621455163,-15.343058586120605,25
3HMX,1,34.45056915283203,30.600849151611328,98.44429779052734,0.0,0.003265672240978651,-13.248978614807129,49
3HMX,2,34.5096549987793,30.20575523376465,53.860633850097656,0.0,0.008920087170984022,-14.023918151855469,10
3HMX,3,31.535680770874023,24.84017562866211,55.72819519042969,0.0,0.008789498780317958,-17.85850715637207,10
3HMX,4,30.649290084838867,30.62819480895996,59.9963264465332,0.0,0.0073565697845953655,-15.200796127319336,8
3HMX,5,46.711212158203125,44.89768981933594,107.977294921875,0.0,0.002424549916600708,-15.119940757751465,48
3HMX,6,25.74263572692871,20.26898765563965,51.73196029663086,0.0,0.010578149043150138,-14.13559341430664,61
3HMX,7,42.347774505615234,14.41650676727295,86.954833984375,0.0,0.006724969346838851,-14.096104621887207,73
3HMX,8,39.45909118652344,15.475188255310059,94.2723159790039,0.0,0.005790632697581537,-16.143333435058594,0
3HMX,9,34.66973114013672,31.19186019897461,85.32122802734375,0.0,0.00404485667612502,-14.352144241333008,26
3HMX,10,39.42241287231445,12.921857833862305,95.41167449951172,0.133333,0.05150102211921548,-16.875261306762695,37
3HMX,11,37.58242416381836,34.84561538696289,100.62670135498047,0.0,0.0029781176766488448,-16.263093948364258,38
3HMX,12,32.94063186645508,22.665903091430664,59.6942024230957,0.0,0.008077728303500136,-17.58262825012207,7
3HMX,13,31.789182662963867,20.97402000427246,55.00289535522461,0.0,0.009471135926716763,-14.73868179321289,6
3HMX,14,41.605751037597656,16.262863159179688,101.4195327758789,0.0,0.005136881028691529,-15.314196586608887,7
1IJK,0,19.126123428344727,18.2083683013916,57.54832458496094,0.0,0.00936358903783135,-14.034509658813477,2
1IJK,1,15.778176307678223,13.374045372009277,41.639713287353516,0.0,0.017475337940423833,-16.047056198120117,1
1IJK,2,18.106412887573242,16.8540096282959,51.183067321777344,0.0,0.011565965337365583,-13.819809913635254,2
1IJK,3,17.424938201904297,15.720032691955566,46.72138214111328,0.0,0.013686905025237324,-13.841594696044922,5
1IJK,4,14.759370803833008,12.032110214233398,34.88917922973633,0.0,0.0237777082737208,-14.399267196655273,4
1IJK,5,18.025863647460938,16.3173828125,52.6856575012207,0.0,0.011249365408881837,-16.956562042236328,5
1IJK,6,17.277725219726562,15.382984161376953,52.737735748291016,0.0,0.011579442251986045,-16.022249221801758,3
1IJK,7,17.22203254699707,15.528315544128418,45.320404052734375,0.0,0.014408614143491377,-15.677199363708496,0
1IJK,8,20.440221786499023,19.318344116210938,65.98955535888672,0.0,0.00743787170221086,-14.906828880310059,6
1IJK,9,17.77268409729004,16.567441940307617,56.92145919799805,0.0,0.009981095386324126,-13.573958396911621,6
1IJK,10,10.406403541564941,7.3915581703186035,19.798412322998047,0.0,0.06506280530026139,-15.168587684631348,0
1IJK,11,13.789606094360352,10.936041831970215,22.146137237548828,0.0,0.04895475084216352,-13.538773536682129,0
1IJK,12,8.390324592590332,6.614335060119629,14.518394470214844,0.0,0.10139451218228025,-14.713685989379883,4
1IJK,13,7.195643901824951,5.099804401397705,14.074701309204102,0.0,0.11562412302560902,-15.251089096069336,5
1IJK,14,10.288204193115234,7.464416027069092,18.343687057495117,0.0,0.07185907109312782,-15.934216499328613,0
1JTG,0,18.54459571838379,14.254140853881836,35.15535354614258,0.0,0.022061108008694996,-16.13543701171875,4
1JTG,1,17.29914665222168,14.308791160583496,38.4923095703125,0.0,0.019121896192715444,-15.759353637695312,1
1JTG,2,8.959349632263184,8.025117874145508,30.790393829345703,0.0,0.034856595111537984,-15.526439666748047,0
1JTG,3,15.23386001586914,12.378951072692871,29.549060821533203,0.0,0.030297817066666583,-15.000807762145996,1
1JTG,4,5.646978855133057,4.651439666748047,18.46800422668457,0.0,0.08966769544660673,-15.843562126159668,3
1JTG,5,9.988396644592285,7.494009017944336,24.827266693115234,0.0,0.04781238096863464,-15.699548721313477,10
1JTG,6,7.222598552703857,6.575002670288086,25.434722900390625,0.0,0.04997796491893223,-15.524948120117188,3
1JTG,7,3.831148624420166,3.498305559158325,11.726659774780273,0.666666,0.3887997382299277,-16.168235778808594,3
1JTG,8,18.433069229125977,14.114157676696777,34.024723052978516,0.0,0.023303865458665803,-16.89571189880371,4
1JTG,9,7.961636543273926,7.178601264953613,28.72953987121582,0.0,0.04077482239160302,-16.93364143371582,1
1JTG,10,11.95478343963623,10.668252944946289,37.54225540161133,0.0,0.022716255823949857,-14.977945327758789,0
1JTG,11,6.8240532875061035,6.0537428855896,17.383337020874023,0.333333,0.19471221352969673,-15.761127471923828,1
1JTG,12,7.522846698760986,6.836257457733154,26.60887908935547,0.0,0.046175883827134855,-15.149234771728516,2
1JTG,13,7.656129837036133,5.86590576171875,20.35793685913086,0.0,0.06994226687315533,-15.091227531433105,5
1JTG,14,14.50859546661377,11.417799949645996,28.450061798095703,0.0,0.03297143950647463,-15.204636573791504,3
2A9K,0,21.694995880126953,14.116777420043945,42.20256042480469,0.0,0.016716262641629728,-21.29770278930664,0
2A9K,1,15.876294136047363,17.561132431030273,33.9337158203125,0.0,0.022094336774592046,-15.54236125946045,0
2A9K,2,16.327524185180664,13.727128982543945,36.380950927734375,0.0,0.0211870591984107,-15.679497718811035,36
2A9K,3,16.00302505493164,17.034770965576172,34.61180877685547,0.0,0.02152454745617513,-15.264349937438965,1
2A9K,4,15.975393295288086,15.903356552124023,34.2537956237793,0.0,0.022274405980113373,-16.513452529907227,3
2A9K,5,14.899896621704102,16.917892456054688,32.2759895324707,0.0,0.024218962939769672,-17.491424560546875,1
2A9K,6,15.174150466918945,17.237224578857422,33.07733154296875,0.0,0.023153532189638486,-16.97105598449707,2
2A9K,7,15.441266059875488,17.348363876342773,33.97313690185547,0.0,0.022110522854504985,-16.314350128173828,1
2A9K,8,15.580280303955078,17.657306671142578,32.65856170654297,0.0,0.023535707457756624,-15.870458602905273,3
2A9K,9,15.618008613586426,17.404172897338867,34.70625686645508,0.0,0.02132040547637433,-15.732540130615234,2
2A9K,10,15.2433443069458,16.689401626586914,32.89237976074219,0.0,0.023537643134539713,-17.0324649810791,4
2A9K,11,21.844158172607422,14.233527183532715,42.4959831237793,0.0,0.01648417872322441,-21.343217849731445,2
2A9K,12,16.372697830200195,17.517078399658203,31.457290649414062,0.0,0.025107786630889972,-16.17899513244629,2
2A9K,13,15.161179542541504,17.239051818847656,31.5949764251709,0.0,0.025002150283320163,-16.55674934387207,5
2A9K,14,15.170772552490234,17.627111434936523,32.097591400146484,0.0,0.024240620467660613,-14.853102684020996,2
5HGG,0,12.022640228271484,8.568882942199707,33.6489372253418,0.0,0.02990515290525668,-17.21817970275879,12
5HGG,1,7.9155097007751465,6.955650329589844,21.988052368164062,0.129032,0.1011605303488053,-16.048782348632812,1
5HGG,2,7.53894567489624,5.26653528213501,19.08873748779297,0.16129,0.13393199297236227,-17.87282943725586,1
5HGG,3,11.19241714477539,6.969296932220459,30.87763786315918,0.064516,0.059743374912798484,-16.3675537109375,7
5HGG,4,11.515975952148438,8.567458152770996,29.781320571899414,0.064516,0.056527565100867906,-17.05658721923828,0
5HGG,5,9.958285331726074,6.156984806060791,24.370336532592773,0.290323,0.1516026440599962,-17.956443786621094,8
5HGG,6,9.492366790771484,6.0965166091918945,23.625648498535156,0.096774,0.08948704317375834,-15.865846633911133,5
5HGG,7,10.85824203491211,6.699477672576904,28.169666290283203,0.032258,0.054482001561292154,-16.0599308013916,5
5HGG,8,11.158945083618164,7.027939319610596,28.977142333984375,0.0,0.04093242400220314,-15.288524627685547,7
5HGG,9,11.101216316223145,7.119359016418457,28.00214195251465,0.129032,0.08530149421439877,-21.17555046081543,2
5HGG,10,11.578835487365723,10.35651969909668,33.398014068603516,0.129032,0.07013718606309084,-18.477867126464844,0
5HGG,11,52.74842834472656,62.065582275390625,145.78189086914062,0.0,0.0013239515670717087,0.0,0
5HGG,12,8.36682415008545,6.068620204925537,18.93902587890625,0.129032,0.11808898812331414,-15.871489524841309,3
5HGG,13,10.776902198791504,6.725341320037842,26.558990478515625,0.129032,0.08977689056570859,-17.650182723999023,5
5HGG,14,14.490156173706055,14.758532524108887,26.396543502807617,0.096774,0.06698270347552454,-17.70125389099121,7
3BX7,0,14.126453399658203,11.210990905761719,23.991743087768555,0.0,0.04303632023601706,-16.464431762695312,0
3BX7,1,11.297957420349121,10.633360862731934,27.439128875732422,0.0,0.035690141962984305,-15.359471321105957,3
3BX7,2,8.501668930053711,8.714178085327148,14.261580467224121,0.0,0.09696396923439278,-15.002740859985352,0
3BX7,3,12.291115760803223,10.701714515686035,20.862430572509766,0.0,0.053878199140547235,-16.491601943969727,0
3BX7,4,11.288405418395996,8.960250854492188,19.042131423950195,0.0,0.06446966298484001,-16.47621726989746,8
3BX7,5,10.142287254333496,8.779118537902832,18.947460174560547,0.0,0.06529962397501206,-15.531115531921387,6
3BX7,6,14.572285652160645,12.372177124023438,25.483379364013672,0.0,0.03820119069867189,-15.26712417602539,0
3BX7,7,12.55920124053955,11.018547058105469,24.50531005859375,0.0,0.04186289274464903,-15.297625541687012,3
3BX7,8,14.796504974365234,12.16096019744873,24.617713928222656,0.0,0.04050175342019768,-17.404544830322266,0
3BX7,9,14.854371070861816,12.131014823913574,25.131040573120117,0.0,0.039237761349572055,-16.297924041748047,0
3BX7,10,16.39910888671875,14.54610538482666,26.310039520263672,0.0,0.03501069091425703,-16.49376106262207,3
3BX7,11,14.405009269714355,12.132224082946777,37.08836364746094,0.0,0.021653179256301974,-15.314934730529785,0
3BX7,12,15.29693603515625,12.364640235900879,25.853450775146484,0.0,0.03735096293269901,-17.157947540283203,0
3BX7,13,10.085970878601074,9.358382225036621,16.72264862060547,0.0,0.07678775842747092,-16.774032592773438,0
3BX7,14,14.110806465148926,11.2516450881958,24.432552337646484,0.0,0.041809009023200394,-19.785890579223633,0
1DQJ,0,10.484271049499512,13.449461936950684,22.060468673706055,0.0,0.047184765649251004,-16.662517547607422,10
1DQJ,1,11.953323364257812,15.103726387023926,25.56020736694336,0.0,0.03644769882612266,-16.586484909057617,3
1DQJ,2,9.069352149963379,10.945613861083984,20.163341522216797,0.0,0.05644297030228657,-21.504329681396484,2
1DQJ,3,8.766862869262695,9.755263328552246,19.41761016845703,0.0,0.06130167142485934,-18.35747528076172,16
1DQJ,4,11.794449806213379,14.493444442749023,24.998706817626953,0.0,0.03807623129378213,-16.088314056396484,4
1DQJ,5,11.711054801940918,10.944937705993652,26.820070266723633,0.272727,0.1274793572967071,-13.954205513000488,88
1DQJ,6,11.416508674621582,12.607318878173828,23.94550895690918,0.0,0.041954403738090916,-17.533327102661133,18
1DQJ,7,10.955636978149414,11.483857154846191,25.425140380859375,0.0,0.03910178099516757,-13.49109172821045,66
1DQJ,8,14.075785636901855,14.307095527648926,30.451414108276367,0.0,0.027718636679648318,-14.446602821350098,68
1DQJ,9,12.043540000915527,15.050759315490723,25.905750274658203,0.0,0.035676357659890974,-17.36789321899414,4
1DQJ,10,13.0787353515625,13.822678565979004,28.42495346069336,0.0,0.031239985364408432,-13.275646209716797,48
1DQJ,11,10.430655479431152,9.558064460754395,22.66325569152832,0.0,0.04911899199757994,-14.528666496276855,45
1DQJ,12,25.18114471435547,20.546009063720703,59.24734115600586,0.0,0.008489747107503888,-13.929276466369629,77
1DQJ,13,9.641575813293457,12.488348007202148,21.046043395996094,0.0,0.051487445527144786,-22.147127151489258,9
1DQJ,14,12.272283554077148,13.558748245239258,25.950952529907227,0.0,0.03632650793858935,-16.245695114135742,23
1GXD,0,33.41472244262695,31.754119873046875,92.01004791259766,0.0,0.0035628427480266576,-15.488021850585938,6
1GXD,1,38.01221466064453,34.2928581237793,99.20075988769531,0.0,0.0030659969034675006,-13.918155670166016,19
1GXD,2,15.417197227478027,16.123302459716797,34.05699920654297,0.368421,0.1452134036373143,-12.896739959716797,11
1GXD,3,23.667407989501953,20.72381019592285,63.375789642333984,0.0,0.007627370814988231,-12.864416122436523,17
1GXD,4,18.139148712158203,15.53660774230957,45.84577178955078,0.0,0.014155818698946327,-12.192611694335938,7
1GXD,5,38.41940689086914,35.554161071777344,99.03359985351562,0.0,0.0030298621444680234,-14.950946807861328,14
1GXD,6,37.87507247924805,32.53055953979492,91.35348510742188,0.0,0.003568253787073901,-15.519522666931152,50
1GXD,7,10.13386058807373,10.81774616241455,21.683731079101562,0.0,0.05068668887931672,-12.6691312789917,7
1GXD,8,37.02552032470703,33.07121276855469,98.39608001708984,0.0,0.003153397351597182,-13.345342636108398,22
1GXD,9,37.649391174316406,37.262542724609375,96.91737365722656,0.0,0.0030836794420473486,-16.155086517333984,8
1GXD,10,38.92546081542969,33.03467559814453,92.84556579589844,0.0,0.003456418124165774,-14.609257698059082,51
1GXD,11,35.60335922241211,29.49985122680664,84.02578735351562,0.0,0.004236130920367824,-12.54271411895752,95
1GXD,12,11.642940521240234,14.960381507873535,24.571887969970703,0.0,0.038942433125397365,-11.284459114074707,1
1GXD,13,17.134017944335938,17.451494216918945,51.28985595703125,0.0,0.011354737373169242,-14.6350736618042,12
1GXD,14,39.355499267578125,35.57429122924805,102.01101684570312,0.0,0.002889942687925946,-14.01505184173584,17
2VIS,0,29.830610275268555,20.49563217163086,73.9827651977539,0.0,0.006118604894596265,-14.6884126663208,9
2VIS,1,26.385791778564453,16.210975646972656,51.116878509521484,0.0,0.011798665592597393,-16.698841094970703,7
2VIS,2,20.798768997192383,20.955568313598633,49.41252517700195,0.0,0.011279461277108813,-14.968734741210938,1
2VIS,3,19.42076873779297,21.01816749572754,33.24958419799805,0.0,0.022137128778919306,-15.40371322631836,0
2VIS,4,23.390092849731445,18.40120506286621,47.01118087768555,0.0,0.012752568832449967,-13.270886421203613,0
2VIS,5,27.2244815826416,18.3452205657959,59.33773422241211,0.0,0.008916158118803674,-20.962570190429688,1
2VIS,6,22.262937545776367,19.1912784576416,39.17855453491211,0.0,0.017008557342403457,-16.11050033569336,2
2VIS,7,40.93351745605469,35.23457336425781,85.05889892578125,0.0,0.003898833291685762,-13.803258895874023,59
2VIS,8,20.388675689697266,18.48922348022461,34.57475280761719,0.0,0.021177796512315338,-15.628389358520508,0
2VIS,9,32.920310974121094,26.54703140258789,67.0319595336914,0.0,0.006335859508533219,-15.319279670715332,55
2VIS,10,38.78776931762695,36.89574432373047,88.22388458251953,0.0,0.0036157494741970195,-16.263856887817383,21
2VIS,11,26.8012752532959,15.464112281799316,55.97172927856445,0.0,0.01062112362304498,-15.801719665527344,8
2VIS,12,22.208236694335938,21.16354751586914,55.327877044677734,0.0,0.00935207491502572,-13.84469985961914,21
2VIS,13,15.769659042358398,15.780464172363281,28.874982833862305,0.0,0.02956641708053771,-14.921910285949707,0
2VIS,14,16.24286460876465,17.75545310974121,33.04570007324219,0.0,0.02304754031413123,-15.506501197814941,0
2SNI,0,3.9225270748138428,3.932960033416748,9.450321197509766,0.264706,0.2796334949002889,-17.833297729492188,0
2SNI,1,5.552464962005615,5.8149943351745605,13.051647186279297,0.088235,0.1494815586696413,-17.718975067138672,0
2SNI,2,5.906013488769531,5.25626277923584,17.381996154785156,0.323529,0.19727275862899105,-15.897963523864746,3
2SNI,3,3.5921471118927,2.8411545753479004,12.080787658691406,0.529412,0.35950494049958,-21.056110382080078,2
2SNI,4,1.9831334352493286,2.1618845462799072,6.472949504852295,0.352941,0.43695129762538265,-22.46375846862793,1
2SNI,5,7.571242809295654,7.616366386413574,18.709012985229492,0.323529,0.1773213179417247,-19.949125289916992,3
2SNI,6,4.237110137939453,3.883924961090088,13.323455810546875,0.323529,0.2475325620302041,-18.23335838317871,1
2SNI,7,3.7121803760528564,3.6394171714782715,9.789087295532227,0.5,0.35835641850735955,-17.893394470214844,3
2SNI,8,7.784932613372803,7.72788667678833,19.868148803710938,0.264706,0.1519089609683298,-19.15581512451172,2
2SNI,9,3.9160664081573486,3.926377773284912,9.578499794006348,0.323529,0.29714805939929073,-19.67703628540039,3
2SNI,10,9.569852828979492,8.769628524780273,28.802593231201172,0.176471,0.09500326299536373,-19.66427993774414,1
2SNI,11,2.7271246910095215,1.8291592597961426,8.0782470703125,0.323529,0.41701275670142146,-21.05460548400879,1
2SNI,12,3.779353380203247,3.6830356121063232,11.211383819580078,0.470588,0.3259534594688129,-19.484312057495117,6
2SNI,13,4.822062015533447,4.672536373138428,12.297189712524414,0.352941,0.25655927205239754,-20.806352615356445,0
2SNI,14,7.114265441894531,7.162200927734375,16.453025817871094,0.147059,0.1332496366607504,-21.66106605529785,1
3A4S,0,15.113375663757324,16.266077041625977,44.86159133911133,0.0,0.014362521868326483,-20.088815689086914,0
3A4S,1,15.562743186950684,16.17592430114746,45.114261627197266,0.0,0.014269061230485743,-21.541229248046875,0
3A4S,2,14.952901840209961,17.355958938598633,40.3012809753418,0.0,0.016667706562622082,-15.353789329528809,0
3A4S,3,15.428799629211426,16.783735275268555,45.42802047729492,0.0,0.013916574138288805,-24.682174682617188,0
3A4S,4,15.265276908874512,17.03723907470703,45.87307357788086,0.0,0.013628662979184013,-22.2650089263916,0
3A4S,5,14.633304595947266,17.341169357299805,44.51447296142578,0.0,0.014201821878533675,-15.507177352905273,0
3A4S,6,15.628600120544434,17.089828491210938,46.34109115600586,0.0,0.013397900145262239,-23.163007736206055,0
3A4S,7,14.887309074401855,16.51161003112793,43.785770416259766,0.0,0.014833992605171672,-22.782421112060547,0
3A4S,8,14.890791893005371,17.47209930419922,40.548011779785156,0.0,0.01647020931531309,-13.797264099121094,0
3A4S,9,17.820192337036133,20.074562072753906,52.05718231201172,0.0,0.010506982630996711,-17.462852478027344,0
3A4S,10,15.095674514770508,16.15668296813965,44.86464309692383,0.0,0.014398869148382462,-18.877540588378906,0
3A4S,11,14.824029922485352,17.51051139831543,45.29421615600586,0.0,0.01376787311907647,-14.688363075256348,0
3A4S,12,14.627251625061035,16.996660232543945,43.5806884765625,0.0,0.014791688916667428,-20.9239559173584,0
3A4S,13,15.198942184448242,16.521272659301758,45.23373794555664,0.0,0.014094225812700714,-21.889814376831055,0
3A4S,14,11.321549415588379,12.306098937988281,28.984216690063477,0.0,0.031277423491347656,-14.770048141479492,0
4GXU,0,50.79306411743164,30.96363067626953,84.45326232910156,0.0,0.004123210063720591,-12.849895477294922,32
4GXU,1,34.862972259521484,28.16892433166504,75.5164566040039,0.0,0.005112805773898916,-13.544209480285645,100
4GXU,2,34.3652229309082,27.148895263671875,76.45354461669922,0.0,0.005084377866896307,-13.85048770904541,38
4GXU,3,42.04947280883789,26.09314727783203,78.30552673339844,0.0,0.004979832823595787,-13.713852882385254,61
4GXU,4,37.791847229003906,30.84564971923828,81.95318603515625,0.0,0.004334034792933727,-13.916349411010742,63
4GXU,5,34.534385681152344,21.553955078125,80.66740417480469,0.0,0.005266974984615193,-14.823843002319336,69
4GXU,6,52.98025131225586,29.540145874023438,90.15399169921875,0.0,0.00379426466586838,-11.755670547485352,168
4GXU,7,48.01884460449219,32.88669967651367,81.88380432128906,0.0,0.004245596894920088,-14.828193664550781,37
4GXU,8,31.199159622192383,31.600536346435547,80.7992172241211,0.0,0.004397935434436988,-13.642546653747559,40
4GXU,9,37.31044006347656,23.046630859375,78.81363677978516,0.0,0.00523866423893742,-14.44063949584961,54
4GXU,10,40.57297134399414,33.24187088012695,79.28863525390625,0.0,0.004464660591187009,-14.081886291503906,85
4GXU,11,43.71613693237305,29.869365692138672,78.09947204589844,0.0,0.004740695116874708,-15.530586242675781,26
4GXU,12,33.76424789428711,26.00408172607422,79.46009063720703,0.0,0.0048766193519143,-13.804062843322754,107
4GXU,13,36.60730743408203,20.7724609375,82.27991485595703,0.0,0.005248931397155332,-13.348465919494629,43
4GXU,14,38.40025329589844,26.21828269958496,76.03121185302734,0.0,0.005202213167973424,-12.674903869628906,96
1FC2,0,15.167505264282227,20.934123992919922,55.0984001159668,0.0,0.009451270389193583,-18.508190155029297,16
1FC2,1,10.029877662658691,12.401028633117676,34.843727111816406,0.0,0.023529036213232418,-14.330085754394531,17
1FC2,2,8.003631591796875,11.916696548461914,41.78438186645508,0.0,0.018444844101022234,-19.319101333618164,11
1FC2,3,9.912225723266602,12.609190940856934,37.986488342285156,0.0,0.02054564932007882,-16.270179748535156,14
1FC2,4,13.963324546813965,15.659364700317383,38.89945983886719,0.0,0.018221249233017555,-17.05536460876465,1
1FC2,5,8.232367515563965,10.251702308654785,42.44428634643555,0.0,0.019839555449146413,-16.335037231445312,27
1FC2,6,14.902691841125488,18.7916259765625,47.462345123291016,0.0,0.012469206119289936,-17.60381507873535,0
1FC2,7,18.90053367614746,19.3579158782959,29.6352481842041,0.0,0.027327097924755225,-17.649526596069336,6
1FC2,8,16.826051712036133,21.34038543701172,48.330047607421875,0.0,0.011639967395319079,-15.693527221679688,2
1FC2,9,18.287033081054688,20.112712860107422,38.82839584350586,0.0,0.017087423850773782,-16.404417037963867,0
1FC2,10,3.9956867694854736,5.120358943939209,8.900019645690918,0.0,0.185352811919507,-18.875404357910156,0
1FC2,11,5.248174667358398,7.038114070892334,23.6948299407959,0.0,0.052487559691637965,-19.939176559448242,0
1FC2,12,55.99821090698242,79.47310638427734,149.2412567138672,0.0,0.0011964896358305393,0.0,0
1FC2,13,9.056868553161621,11.249409675598145,32.13756561279297,0.0,0.027616446330129524,-15.5440034866333,3
1FC2,14,6.719944953918457,9.273680686950684,39.958377838134766,0.0,0.022928945523912777,-20.041948318481445,7
1ACB,0,10.982833862304688,10.66253662109375,36.61199951171875,0.0,0.02351675298992685,-17.13909912109375,1
1ACB,1,7.478854656219482,8.375638961791992,16.698959350585938,0.206897,0.1479175111440456,-19.670913696289062,0
1ACB,2,7.525869846343994,8.540994644165039,17.22345733642578,0.137931,0.12123521501578984,-18.395606994628906,1
1ACB,3,5.222982406616211,4.497652530670166,16.046567916870117,0.103448,0.14088414465305388,-22.256271362304688,2
1ACB,4,8.423785209655762,8.4221773147583,27.187427520751953,0.0,0.03992925388184415,-16.46057891845703,3
1ACB,5,4.956556797027588,5.07333517074585,14.665661811828613,0.0,0.11061370046197454,-20.2027645111084,0
1ACB,6,7.409262180328369,8.360224723815918,17.252803802490234,0.137931,0.1214790281093786,-18.908723831176758,0
1ACB,7,9.739541053771973,8.933992385864258,29.973962783813477,0.034483,0.0454438642467338,-13.766501426696777,0
1ACB,8,7.698011875152588,8.381367683410645,17.651294708251953,0.0,0.07309192913857047,-20.58403968811035,0
1ACB,9,13.314872741699219,12.602823257446289,43.882286071777344,0.0,0.01671033151185436,-13.674654960632324,3
1ACB,10,4.132121562957764,4.326318740844727,11.962854385375977,0.206897,0.21656442167040849,-18.323450088500977,1
1ACB,11,4.826208591461182,4.276343822479248,14.054195404052734,0.241379,0.20625235578052506,-20.10230827331543,1
1ACB,12,9.255800247192383,8.432732582092285,27.467182159423828,0.034483,0.05084977942265267,-17.214340209960938,1
1ACB,13,10.93164348602295,11.535459518432617,35.67861557006836,0.0,0.023445528703381607,-16.414669036865234,0
1ACB,14,4.503565788269043,3.5669236183166504,13.693563461303711,0.275862,0.23475682284152563,-21.83423614501953,1
3H2V,0,17.00594139099121,16.557777404785156,51.085208892822266,0.0,0.011693150065693839,-15.914544105529785,0
3H2V,1,17.95473861694336,21.196819305419922,49.40591812133789,0.0,0.011243683213762732,-20.78097915649414,2
3H2V,2,14.463231086730957,14.876680374145508,45.06922149658203,0.0,0.014803974910862753,-21.50697135925293,0
3H2V,3,12.320927619934082,13.731949806213379,33.653839111328125,0.0,0.02391945288312514,-19.014944076538086,0
3H2V,4,18.676137924194336,19.057554244995117,50.84490203857422,0.0,0.011114877050458688,-21.975341796875,0
3H2V,5,18.58237648010254,20.059528350830078,50.00515365600586,0.0,0.011214398045563628,-29.110530853271484,0
3H2V,6,14.10708236694336,12.48674488067627,44.19907760620117,0.0,0.016630027466789175,-23.02139663696289,0
3H2V,7,12.929235458374023,14.654620170593262,41.243228912353516,0.0,0.017037530684844357,-20.7636775970459,0
3H2V,8,13.728053092956543,15.213998794555664,43.264774322509766,0.0,0.015596994214958049,-22.000150680541992,0
3H2V,9,13.718901634216309,15.098636627197266,44.56132507324219,0.0,0.014960287836684622,-21.37816047668457,0
3H2V,10,16.698118209838867,20.15016746520996,46.77225875854492,0.0,0.012493819128840395,-23.558704376220703,1
3H2V,11,18.779375076293945,20.07379150390625,50.66886520385742,0.0,0.010974818149063264,-26.254226684570312,0
3H2V,12,13.54517650604248,14.246744155883789,45.023441314697266,0.0,0.015126368220553887,-21.818437576293945,0
3H2V,13,13.253308296203613,14.712202072143555,42.609004974365234,0.0,0.01618688029976555,-21.183277130126953,0
3H2V,14,13.06637954711914,14.021100044250488,43.460166931152344,0.0,0.016052776175406576,-21.04622459411621,0
5CBA,0,9.079967498779297,11.752726554870605,20.642000198364258,0.0,0.05366967353985594,-22.82301902770996,0
5CBA,1,9.429710388183594,12.405017852783203,22.355026245117188,0.0,0.046907487594676334,-17.981937408447266,2
5CBA,2,9.180835723876953,11.701414108276367,21.136966705322266,0.0,0.051790402663721785,-20.489748001098633,2
5CBA,3,7.708830833435059,10.1431303024292,18.172046661376953,0.0,0.06697215562861047,-18.567312240600586,7
5CBA,4,9.314502716064453,12.201175689697266,21.32008934020996,0.0,0.05067958974640562,-20.164350509643555,0
5CBA,5,8.073019027709961,10.143888473510742,18.925521850585938,0.0,0.0630851722250185,-16.556564331054688,0
5CBA,6,13.955655097961426,13.288106918334961,34.25035095214844,0.0,0.023532888236366224,-16.06793785095215,34
5CBA,7,9.273599624633789,11.923577308654785,24.872488021850586,0.0,0.040051511573201894,-18.11070442199707,7
5CBA,8,9.084782600402832,11.736945152282715,21.498762130737305,0.0,0.0504190915239901,-17.733362197875977,4
5CBA,9,9.31519603729248,12.107959747314453,21.665754318237305,0.0,0.04950104195097806,-20.665008544921875,0
5CBA,10,9.353327751159668,12.47866153717041,21.988521575927734,0.0,0.04808304363090945,-17.94245147705078,0
5CBA,11,11.640785217285156,11.605579376220703,28.352535247802734,0.0,0.03296561385367103,-15.947592735290527,28
5CBA,12,15.209627151489258,14.844780921936035,36.65433883666992,0.0,0.02037952690522456,-16.204193115234375,39
5CBA,13,9.332974433898926,12.04500675201416,21.860340118408203,0.0,0.048868508749634686,-19.688669204711914,1
5CBA,14,8.20337200164795,9.920513153076172,19.24638557434082,0.0,0.06185463559802645,-17.52410125732422,2
6A0Z,0,27.511686325073242,11.21290111541748,51.390830993652344,0.0,0.014736466230842724,-13.143254280090332,97
6A0Z,1,17.90540313720703,17.92180061340332,32.79716873168945,0.0,0.02329907868194254,-15.464715003967285,11
6A0Z,2,38.384586334228516,32.91855239868164,81.48680877685547,0.0,0.0042785971769615586,-13.448614120483398,74
6A0Z,3,30.452613830566406,13.08856201171875,56.01431655883789,0.0,0.011824198945598047,-13.478646278381348,114
6A0Z,4,21.446392059326172,20.8145751953125,36.888282775878906,0.0,0.018528460003575112,-17.206106185913086,0
6A0Z,5,17.61000633239746,15.982288360595703,32.12110137939453,0.0,0.02472486087221594,-16.323619842529297,0
6A0Z,6,17.955984115600586,16.316865921020508,35.37314224243164,0.0,0.02098997323270053,-15.394781112670898,7
6A0Z,7,18.776453018188477,15.629919052124023,32.84444046020508,0.0,0.0239657509885768,-13.646498680114746,16
6A0Z,8,26.59625816345215,16.74530792236328,48.00733184814453,0.0,0.012785423508998297,-13.9127836227417,68
6A0Z,9,30.076236724853516,21.655534744262695,68.3232421875,0.0,0.0066721735831506606,-12.972705841064453,8
6A0Z,10,31.970029830932617,12.627093315124512,65.76183319091797,0.0,0.010115788663516484,-13.838594436645508,84
6A0Z,11,21.357458114624023,14.995162963867188,38.88444900512695,0.0,0.01850416019779509,-15.638651847839355,19
6A0Z,12,25.389066696166992,14.340442657470703,44.33637619018555,0.0,0.015424881445509133,-12.67327880859375,40
6A0Z,13,26.725095748901367,11.341775894165039,50.382293701171875,0.0,0.014955302506561644,-15.33840560913086,84
6A0Z,14,21.784961700439453,16.76274299621582,37.79838943481445,0.0,0.018693133709908483,-15.835798263549805,15
5SV3,0,19.513202667236328,16.42934799194336,28.363401412963867,0.0,0.030225014312576712,-16.725305557250977,4
5SV3,1,16.362661361694336,15.13036823272705,26.195232391357422,0.0,0.03499801966260223,-15.958272933959961,4
5SV3,2,13.176389694213867,11.84913158416748,23.092655181884766,0.0,0.045030482799372135,-16.478979110717773,0
5SV3,3,17.10780143737793,15.683016777038574,27.55820655822754,0.0,0.031978261150706074,-16.74771499633789,0
5SV3,4,18.8221435546875,18.19036293029785,37.91792297363281,0.0,0.0182003383935227,-15.42860221862793,4
5SV3,5,9.98633098602295,8.498947143554688,24.51768684387207,0.0,0.045835073286788326,-16.374467849731445,0
5SV3,6,14.219961166381836,14.581539154052734,24.534774780273438,0.0,0.03921153640874923,-14.699752807617188,0
5SV3,7,16.4381046295166,13.151772499084473,29.29088592529297,0.0,0.030170677345239445,-18.508441925048828,0
5SV3,8,18.71607780456543,15.902632713317871,28.836721420288086,0.0,0.029586078701961217,-18.01536750793457,2
5SV3,9,15.02248764038086,12.122810363769531,25.80638885498047,0.125,0.07931658499373394,-18.987159729003906,0
5SV3,10,19.33365821838379,16.762531280517578,27.3739070892334,0.0,0.03196141017042039,-17.748435974121094,5
5SV3,11,9.71090316772461,7.749714374542236,28.890804290771484,0.125,0.08025845937257406,-14.111726760864258,0
5SV3,12,18.495826721191406,15.893561363220215,29.19829750061035,0.0,0.028984778490481866,-16.938579559326172,7
5SV3,13,17.41104507446289,17.793067932128906,28.19112205505371,0.0,0.030130371495134655,-18.73317527770996,2
5SV3,14,16.970073699951172,14.72458553314209,48.752899169921875,0.0,0.013257229750251197,-21.643451690673828,0
1M10,0,19.31032371520996,21.69337272644043,46.025020599365234,0.0,0.012580300667501704,-14.897895812988281,2
1M10,1,19.341678619384766,22.58281135559082,51.5505256652832,0.0,0.010286858087117436,-16.38254165649414,0
1M10,2,10.805291175842285,12.496805191040039,43.39529037475586,0.0,0.017050559432493614,-18.993772506713867,0
1M10,3,19.773033142089844,21.86391830444336,46.09169387817383,0.0,0.012525029613817969,-16.831274032592773,0
1M10,4,18.410356521606445,18.288063049316406,37.790916442871094,0.222222,0.0923527199365733,-17.63939666748047,4
1M10,5,96.84786987304688,106.09307861328125,225.43495178222656,0.0,0.0005398328328900575,0.0,0
1M10,6,13.344256401062012,13.67713737487793,40.01861572265625,0.0,0.018350607094842954,-14.443690299987793,5
1M10,7,12.0924654006958,12.057111740112305,32.19307327270508,0.0,0.02680371158458521,-15.851035118103027,2
1M10,8,6.431402683258057,8.256787300109863,25.556142807006836,0.0,0.04385130713801599,-16.368120193481445,1
1M10,9,17.336816787719727,18.578105926513672,49.07974624633789,0.0,0.011865747021542037,-14.49164867401123,3
1M10,10,14.370710372924805,14.76961898803711,29.423078536987305,0.0,0.02907911650997355,-13.751062393188477,0
1M10,11,19.047527313232422,21.368682861328125,45.441978454589844,0.0,0.012902962365920133,-14.182329177856445,0
1M10,12,18.528945922851562,18.052112579345703,37.275630950927734,0.0,0.01876168169999329,-17.632762908935547,1
1M10,13,18.36468505859375,20.392562866210938,47.759029388427734,0.0,0.012028200933941684,-14.166314125061035,5
1M10,14,7.9487175941467285,9.664294242858887,28.789804458618164,0.0,0.034567712609072425,-19.837533950805664,2
2FJU,0,8.082016944885254,9.536684036254883,20.057043075561523,0.0,0.05879879326408479,-12.94515609741211,11
2FJU,1,26.907939910888672,17.22360610961914,72.68903350830078,0.0,0.007005739002215529,-11.225954055786133,29
2FJU,2,21.6663818359375,13.574505805969238,57.4357795715332,0.0,0.011165094743734552,-15.414594650268555,21
2FJU,3,25.22322654724121,19.106571197509766,62.565364837646484,0.0,0.008082823537686473,-12.57835578918457,98
2FJU,4,23.75000762939453,21.46662712097168,68.78787994384766,0.0,0.006632799307995708,-13.844683647155762,19
2FJU,5,20.034576416015625,15.648544311523438,56.29658889770508,0.0,0.010464437281351406,-11.661788940429688,7
2FJU,6,25.825517654418945,15.410640716552734,64.97135925292969,0.0,0.008737635520922122,-11.049101829528809,74
2FJU,7,25.73308753967285,24.003374099731445,69.11663055419922,0.0,0.006262946166339135,-9.83668327331543,29
2FJU,8,20.823638916015625,19.34665298461914,61.317420959472656,0.0,0.008276474367551495,-12.695111274719238,15
2FJU,9,24.418668746948242,15.486181259155273,66.85955810546875,0.0,0.008400091444530045,-11.920495986938477,17
2FJU,10,20.291948318481445,15.437795639038086,55.47107696533203,0.0,0.01076474937715407,-12.66314697265625,13
2FJU,11,22.539443969726562,13.202309608459473,61.14264678955078,0.0,0.010568032881259687,-10.814483642578125,54
2FJU,12,27.746248245239258,23.426971435546875,75.00922393798828,0.0,0.005587140470698158,-11.841758728027344,33
2FJU,13,24.96148109436035,18.809171676635742,63.04511642456055,0.0,0.008057538042678291,-11.959077835083008,85
2FJU,14,25.658771514892578,24.176578521728516,70.95673370361328,0.0,0.005993862233635618,-9.504661560058594,16
1AHW,0,15.731473922729492,16.75052833557129,31.457992553710938,0.0,0.02533219645659344,-16.92493438720703,3
1AHW,1,16.12845802307129,14.564123153686523,34.293846130371094,0.0,0.02279135561295703,-15.830876350402832,1
1AHW,2,21.894441604614258,18.700197219848633,42.89749526977539,0.0,0.014723954484054037,-17.352449417114258,0
1AHW,3,19.114938735961914,17.304004669189453,37.99342727661133,0.0,0.01837480822798804,-15.634927749633789,16
1AHW,4,17.764827728271484,20.10039710998535,35.34508514404297,0.0,0.020069930632390487,-18.484378814697266,2
1AHW,5,23.280183792114258,18.829315185546875,42.1640625,0.0,0.015119667253780568,-15.540682792663574,8
1AHW,6,14.942506790161133,17.885282516479492,41.834877014160156,0.0,0.015543352337656345,-11.582036972045898,19
1AHW,7,22.477924346923828,22.18269157409668,47.82030487060547,0.0,0.011726221846243888,-14.774136543273926,8
1AHW,8,19.35190773010254,15.729002952575684,42.485504150390625,0.0,0.015833113575048314,-15.844773292541504,6
1AHW,9,25.879793167114258,20.680402755737305,58.258827209472656,0.0,0.008692242030238122,-15.535160064697266,34
1AHW,10,22.243135452270508,18.602075576782227,42.65934371948242,0.0,0.014881961394558435,-15.573078155517578,17
1AHW,11,21.214570999145508,24.23044776916504,60.48085021972656,0.0,0.007728897471911924,-12.99727725982666,10
1AHW,12,15.717151641845703,14.869613647460938,31.801179885864258,0.0,0.02558389244464222,-14.359591484069824,3
1AHW,13,15.520330429077148,14.980132102966309,31.976299285888672,0.0,0.025308264758728674,-16.822744369506836,5
1AHW,14,16.880550384521484,20.938961029052734,46.14780044555664,0.0,0.012639551487636633,-15.256903648376465,1
1OC0,0,19.113697052001953,26.89371681213379,68.5141830444336,0.0,0.006086422806267978,-16.346851348876953,0
1OC0,1,6.660763740539551,10.555419921875,25.47489356994629,0.0,0.03999071050059005,-19.19841194152832,1
1OC0,2,3.6243338584899902,6.882895469665527,12.490257263183594,0.0,0.12062352254891873,-22.04460334777832,0
1OC0,3,3.5541088581085205,5.737709999084473,14.146712303161621,0.0,0.10974250865302426,-21.252838134765625,0
1OC0,4,10.762866973876953,14.913836479187012,40.8848991394043,0.0,0.017148828738971715,-22.43569564819336,1
1OC0,5,10.68165111541748,14.62712287902832,40.5440559387207,0.0,0.017502966665425845,-21.38821029663086,0
1OC0,6,7.94911527633667,10.263708114624023,30.924516677856445,0.0,0.030384921975542146,-21.53660774230957,0
1OC0,7,2.878262519836426,5.223649024963379,10.061166763305664,0.0,0.16421948328997657,-26.52197265625,0
1OC0,8,3.0921759605407715,4.937742233276367,11.54074478149414,0.0,0.1453911057826472,-26.001022338867188,0
1OC0,9,19.389545440673828,25.702457427978516,69.31282806396484,0.0,0.006070082846065292,-14.904976844787598,2
1OC0,10,3.6443474292755127,7.320174694061279,12.046187400817871,0.0,0.12423141189734949,-23.08394432067871,0
1OC0,11,4.856250286102295,8.474671363830566,18.335695266723633,0.0,0.06908862376721496,-21.94654083251953,0
1OC0,12,12.191811561584473,18.944828033447266,44.9427375793457,0.0,0.013588223226319167,-16.248807907104492,0
1OC0,13,9.01580810546875,11.406595230102539,34.42698669433594,0.0,0.02481859915116989,-22.524843215942383,0
1OC0,14,2.481257677078247,4.805558204650879,8.264586448669434,0.0,0.20094003019812248,-26.2214298248291,0
2O3B,0,8.012798309326172,7.66328239440918,14.977702140808105,0.0,0.09350301218339481,-14.33798885345459,4
2O3B,1,6.401771068572998,6.602735996246338,12.108671188354492,0.0,0.12639398889633463,-15.431736946105957,12
2O3B,2,15.760933876037598,13.85099983215332,38.87326431274414,0.0,0.019074055229135575,-12.057539939880371,10
2O3B,3,13.194486618041992,13.18100357055664,22.560585021972656,1.0,0.3790300845575754,-16.141315460205078,1
2O3B,4,12.12065601348877,11.605969429016113,21.11004638671875,1.0,0.3853131736401887,-14.856122016906738,2
2O3B,5,5.249382972717285,5.136235237121582,10.881150245666504,0.0,0.1525180709621952,-18.851661682128906,0
2O3B,6,6.929529666900635,6.926767826080322,13.421074867248535,0.0,0.11035796668105942,-23.037160873413086,0
2O3B,7,13.45495319366455,13.351153373718262,22.643136978149414,1.0,0.3786591720913466,-16.630876541137695,2
2O3B,8,2.1323747634887695,2.152625560760498,5.272407531738281,1.0,0.6830019474065213,-18.585432052612305,0
2O3B,9,6.156996250152588,6.326452255249023,11.462101936340332,0.25,0.21934492775003755,-16.771465301513672,10
2O3B,10,9.035640716552734,6.323199272155762,28.836124420166016,0.0,0.044406262447417584,-12.836827278137207,9
2O3B,11,13.065474510192871,9.591178894042969,44.2634162902832,0.0,0.01981329495816427,-13.751564025878906,5
2O3B,12,9.25304126739502,8.996099472045898,16.636587142944336,1.0,0.4113514838933843,-14.106009483337402,5
2O3B,13,8.624805450439453,7.797519683837891,16.50906753540039,0.5,0.2484091341298963,-15.176558494567871,4
2O3B,14,17.551021575927734,14.958334922790527,46.09224319458008,0.0,0.014281748700315922,-13.008005142211914,1
1KXP,0,33.810367584228516,34.570709228515625,79.48444366455078,0.0,0.004395259466853452,-15.482614517211914,4
1KXP,1,26.99519920349121,20.74884605407715,51.236328125,0.0,0.01066135702326261,-13.390568733215332,27
1KXP,2,31.35117530822754,35.31455993652344,86.87727355957031,0.0,0.003760882932151066,-18.68480110168457,17
1KXP,3,25.571516036987305,22.339038848876953,82.06407928466797,0.0,0.0050343095899236115,-16.96611976623535,6
1KXP,4,29.796554565429688,22.055418014526367,57.95705795288086,0.0,0.00855349069312923,-17.775352478027344,12
1KXP,5,13.22431755065918,13.192720413208008,52.61520767211914,0.0,0.012732389347151866,-15.187570571899414,12
1KXP,6,33.86492156982422,33.690616607666016,78.67708587646484,0.0,0.0045051962588213,-14.35683822631836,8
1KXP,7,28.344369888305664,31.37765121459961,74.74110412597656,0.0,0.005016173933077089,-17.64599609375,16
1KXP,8,12.584582328796387,11.776226043701172,38.61134338378906,0.0,0.020729366329205107,-18.086172103881836,5
1KXP,9,24.51799964904785,22.258602142333984,46.58989715576172,0.0,0.012244683385637022,-19.193004608154297,9
1KXP,10,20.46778106689453,17.65163803100586,53.45124816894531,0.0,0.010611397778590008,-17.28058624267578,5
1KXP,11,30.799039840698242,28.83415985107422,74.84586334228516,0.0,0.005144041124828115,-20.35664176940918,7
1KXP,12,24.03786849975586,20.62232780456543,72.98218536376953,0.0,0.006215253503795042,-18.113788604736328,14
1KXP,13,30.031112670898438,23.36886215209961,62.0787467956543,0.0,0.007502016023070822,-16.088947296142578,10
1KXP,14,30.943496704101562,29.171846389770508,75.56163787841797,0.0,0.00504435705166448,-20.563920974731445,19
1UDI,0,8.88201904296875,9.588835716247559,22.076601028442383,0.0,0.05099681028322197,-16.616775512695312,0
1UDI,1,9.486812591552734,10.194512367248535,23.218935012817383,0.0,0.0464560756341669,-15.432205200195312,0
1UDI,2,9.935257911682129,10.68293285369873,23.335664749145508,0.0,0.04549008619577286,-18.386754989624023,0
1UDI,3,16.185537338256836,14.797794342041016,41.830589294433594,0.0,0.016607943616612702,-19.14697265625,0
1UDI,4,13.928540229797363,13.953604698181152,35.38814163208008,0.0,0.02199000688845101,-18.531963348388672,0
1UDI,5,11.879264831542969,13.185768127441406,26.500240325927734,0.0,0.035353412526994955,-18.010862350463867,0
1UDI,6,10.96487808227539,12.337325096130371,24.908756256103516,0.0,0.039623168298758324,-19.031879425048828,1
1UDI,7,9.872118949890137,10.449789047241211,23.579959869384766,0.0,0.04506270173210131,-21.766891479492188,0
1UDI,8,11.717645645141602,12.469198226928711,34.942665100097656,0.0,0.023377413897441874,-18.630645751953125,0
1UDI,9,10.662272453308105,11.676219940185547,25.37252426147461,0.0,0.03904711213483492,-13.944012641906738,0
1UDI,10,10.769939422607422,12.221431732177734,24.722034454345703,0.0,0.040185762136032054,-16.57731056213379,2
1UDI,11,11.29295539855957,12.037430763244629,25.612733840942383,0.0,0.03816644327428658,-21.27355194091797,0
1UDI,12,9.442543029785156,10.10983943939209,22.962570190429688,0.0,0.04735024101318474,-20.97162437438965,0
1UDI,13,16.566635131835938,15.048970222473145,42.39924621582031,0.0,0.016158256241266284,-19.08498191833496,0
1UDI,14,13.008415222167969,13.581557273864746,39.12836837768555,0.0,0.0190382497278578,-17.40465545654297,0
3SGQ,0,13.37941837310791,12.807562828063965,39.38454818725586,0.0,0.019345551850581465,-22.2533016204834,0
3SGQ,1,12.657458305358887,11.704349517822266,36.978858947753906,0.033333,0.0332254982892547,-20.1553897857666,0
3SGQ,2,11.630489349365234,10.495753288269043,37.0726432800293,0.0,0.023319831850202966,-21.085956573486328,4
3SGQ,3,8.228347778320312,8.460095405578613,25.005523681640625,0.033333,0.05579718473992903,-23.64179229736328,0
3SGQ,4,11.083486557006836,11.168766021728516,34.62159729003906,0.0,0.024855665834120026,-19.656108856201172,0
3SGQ,5,8.565912246704102,9.130887031555176,24.165891647338867,0.0,0.04545827273646843,-20.48324966430664,0
3SGQ,6,10.998613357543945,11.247270584106445,33.723411560058594,0.0,0.02573669808878448,-22.438234329223633,1
3SGQ,7,12.650081634521484,11.445149421691895,39.66819763183594,0.0,0.020261945562348272,-20.0320987701416,2
3SGQ,8,11.956765174865723,11.491491317749023,36.34157180786133,0.0,0.022873653972786193,-18.01101303100586,3
3SGQ,9,9.490565299987793,9.285536766052246,29.708538055419922,0.0,0.033699520419623624,-26.35630226135254,0
3SGQ,10,9.747309684753418,10.11197280883789,30.709686279296875,0.0,0.030896493850446946,-16.833921432495117,0
3SGQ,11,10.02546215057373,10.135893821716309,30.285869598388672,0.0,0.03148307405543207,-28.272817611694336,0
3SGQ,12,10.672280311584473,11.595747947692871,31.965742111206055,0.0,0.027498845744643775,-21.610307693481445,1
3SGQ,13,12.395264625549316,11.15845775604248,39.38331985473633,0.0,0.02075270913240308,-19.80745506286621,4
3SGQ,14,12.057979583740234,12.78739070892334,36.200748443603516,0.0,0.021941469251886173,-21.085739135742188,2
3VLB,0,27.399290084838867,30.524417877197266,82.90309143066406,0.0,0.004270642800257644,-15.711885452270508,0
3VLB,1,28.750473022460938,32.40031051635742,85.68233489990234,0.0,0.003961392268364984,-16.504728317260742,0
3VLB,2,25.841594696044922,28.31260108947754,85.41439819335938,0.0,0.0042017030569638765,-17.92238998413086,0
3VLB,3,16.72308921813965,18.46173667907715,34.94213104248047,0.0,0.020809060201619288,-15.848381996154785,0
3VLB,4,21.62041473388672,23.767173767089844,69.70171356201172,0.0,0.006206935441944297,-15.97092056274414,0
3VLB,5,19.2486515045166,21.476367950439453,38.56570816040039,0.0,0.017060529161545584,-13.819257736206055,0
3VLB,6,26.590625762939453,28.82820701599121,86.11052703857422,0.0,0.004116588711241385,-16.562421798706055,0
3VLB,7,16.270692825317383,18.878868103027344,38.40555953979492,0.0,0.017656488171507844,-17.303218841552734,0
3VLB,8,14.125304222106934,16.012516021728516,33.44554138183594,0.0,0.023123241663444326,-18.007692337036133,0
3VLB,9,22.128232955932617,24.139934539794922,71.12757110595703,0.0,0.005975424097090742,-16.320798873901367,1
3VLB,10,24.901559829711914,26.416101455688477,80.68938446044922,0.0,0.004729734315960256,-16.83452033996582,0
3VLB,11,27.905197143554688,33.43769836425781,91.92561340332031,0.0,0.0034952762602422443,-17.392772674560547,0
3VLB,12,26.43103790283203,27.076526641845703,73.17280578613281,0.0,0.0054579585920451965,-13.185888290405273,0
3VLB,13,13.222765922546387,17.483863830566406,34.078514099121094,0.0,0.021958458086058046,-15.275006294250488,0
3VLB,14,22.796875,26.791990280151367,70.13848114013672,0.0,0.005866296430961933,-13.825837135314941,0
1JWH,0,32.60774612426758,21.28826904296875,84.59214782714844,0.0,0.004978670003253757,-19.67345428466797,4
1JWH,1,33.69066619873047,19.86064910888672,81.10789489746094,0.0,0.005511770027554219,-13.596539497375488,23
1JWH,2,34.08501434326172,16.068998336791992,80.0606460571289,0.0,0.0065949325873830246,-15.82410717010498,30
1JWH,3,14.159794807434082,16.012088775634766,38.256893157958984,0.0,0.01858070544779904,-16.861101150512695,1
1JWH,4,20.329666137695312,17.173095703125,42.4301643371582,0.0,0.015384968925645703,-15.126876831054688,5
1JWH,5,29.227209091186523,15.235527992248535,61.37211990356445,0.0,0.009473733325961069,-12.913508415222168,4
1JWH,6,15.73213005065918,12.746350288391113,28.481094360351562,0.0,0.031814588282226025,-15.84472370147705,6
1JWH,7,33.801265716552734,16.02297019958496,78.81586456298828,0.0,0.006728282628915887,-16.729516983032227,18
1JWH,8,27.686861038208008,29.243654251098633,79.03852081298828,0.0,0.004685748772904807,-16.548681259155273,0
1JWH,9,30.902685165405273,14.118327140808105,71.00460815429688,0.0,0.008430042401014635,-15.305736541748047,3
1JWH,10,20.235292434692383,13.0346097946167,35.67729187011719,0.0,0.022260876944162847,-17.95734977722168,4
1JWH,11,29.513656616210938,16.515705108642578,77.49971008300781,0.0,0.006689170449630518,-20.56837272644043,0
1JWH,12,33.67036056518555,17.46816062927246,80.51364135742188,0.0,0.006114134224576674,-17.363435745239258,12
1JWH,13,33.34465408325195,17.70745849609375,78.91061401367188,0.0,0.006198166367568203,-18.50485610961914,13
1JWH,14,24.77170181274414,28.274620056152344,67.06947326660156,0.0,0.006204732634113087,-17.120849609375,1
5WHK,0,19.585784912109375,14.125178337097168,34.295841217041016,0.0,0.0230076054069724,-16.66506004333496,6
5WHK,1,28.70389747619629,14.670936584472656,59.87080383300781,0.0,0.010034462056304993,-16.580665588378906,2
5WHK,2,19.92508888244629,14.652640342712402,36.509700775146484,0.0,0.02059564204209676,-16.343402862548828,13
5WHK,3,28.653234481811523,21.162334442138672,59.42055892944336,0.0,0.008350463728792883,-15.29636001586914,29
5WHK,4,32.43843078613281,23.76995277404785,65.97663116455078,0.0,0.006764500734174014,-17.566181182861328,0
5WHK,5,31.233566284179688,16.674070358276367,70.32313537597656,0.0,0.007475724690123098,-19.5119571685791,8
5WHK,6,30.493831634521484,19.716936111450195,72.44396209716797,0.0,0.006444742463792799,-15.911197662353516,10
5WHK,7,29.199581146240234,25.963655471801758,81.71724700927734,0.0,0.004676797817712237,-17.531373977661133,1
5WHK,8,27.365497589111328,10.966243743896484,50.73434066772461,0.0,0.015223044829119388,-15.647852897644043,48
5WHK,9,27.719928741455078,20.287490844726562,70.79167175292969,0.0,0.006549681545971436,-15.599000930786133,14
5WHK,10,30.966726303100586,15.235600471496582,62.624595642089844,0.0,0.009229762492225688,-17.889230728149414,10
5WHK,11,29.130708694458008,16.340553283691406,69.0566635131836,0.0,0.007760166449619826,-18.53237533569336,1
5WHK,12,29.43604850769043,23.882957458496094,85.79165649414062,0.0,0.004550002190568233,-14.83819580078125,5
5WHK,13,33.42203903198242,17.516189575195312,73.34745025634766,0.0,0.006843918534548952,-16.43332862854004,10
5WHK,14,27.41339683532715,19.497783660888672,47.3947639465332,0.0,0.012348629491692053,-15.26792049407959,4
2Z0E,0,6.226983547210693,6.054398059844971,16.79946517944336,0.0,0.08721878386430514,-18.003894805908203,0
2Z0E,1,9.635506629943848,9.74974536895752,22.022216796875,0.033333,0.06203841066877402,-15.852192878723145,6
2Z0E,2,22.84372329711914,19.819738388061523,64.48234558105469,0.0,0.007591547425737478,-16.381935119628906,0
2Z0E,3,11.239809036254883,10.60639476776123,24.65195083618164,0.066667,0.06417682909359472,-14.275068283081055,6
2Z0E,4,6.245178699493408,6.605705738067627,14.419496536254883,0.033333,0.11341522480384802,-17.225614547729492,0
2Z0E,5,11.964286804199219,12.620108604431152,26.43215560913086,0.0,0.03588365271517849,-22.792766571044922,9
2Z0E,6,18.889053344726562,17.776573181152344,52.84725570678711,0.0,0.010762397497093809,-15.116780281066895,1
2Z0E,7,9.790459632873535,10.396333694458008,22.67902183532715,0.0,0.04785419663472749,-20.15782356262207,0
2Z0E,8,16.780683517456055,16.262649536132812,46.776554107666016,0.0,0.013466844468778055,-17.82617950439453,0
2Z0E,9,17.017047882080078,15.744647979736328,48.922542572021484,0.0,0.012765752935951911,-16.503448486328125,3
2Z0E,10,8.39603042602539,8.321799278259277,18.600637435913086,0.033333,0.07918360054993777,-15.817107200622559,0
2Z0E,11,16.478532791137695,16.070743560791016,52.986549377441406,0.0,0.011241649317712083,-15.85608196258545,0
2Z0E,12,10.386548042297363,10.597143173217773,28.713985443115234,0.066667,0.055626175341096144,-14.808233261108398,2
2Z0E,13,11.024646759033203,11.615669250488281,24.799352645874023,0.0,0.04051016106552969,-21.03998374938965,0
2Z0E,14,9.889809608459473,9.853922843933105,21.588403701782227,0.0,0.05228793435725759,-16.040983200073242,1
2W9E,0,8.723114967346191,9.133983612060547,21.50075340270996,0.0,0.05380849194119397,-18.83506965637207,4
2W9E,1,7.423368453979492,8.661127090454102,18.683069229125977,0.0,0.06687021020203367,-18.77403450012207,3
2W9E,2,20.367321014404297,20.700841903686523,55.4400749206543,0.0,0.009396632633274254,-14.929121017456055,42
2W9E,3,14.625667572021484,12.150151252746582,39.547489166259766,0.0,0.01972271053724843,-16.109590530395508,25
2W9E,4,25.76021957397461,19.917207717895508,72.43286895751953,0.0,0.006407946431183728,-18.259273529052734,11
2W9E,5,9.69247817993164,9.294244766235352,23.734439849853516,0.0,0.04635413967107047,-17.124629974365234,6
2W9E,6,8.559781074523926,10.294694900512695,24.414369583129883,0.0,0.042965732276896734,-16.97793197631836,3
2W9E,7,17.376953125,12.48119831085205,43.72030258178711,0.0,0.016886446695891743,-14.870899200439453,39
2W9E,8,9.005929946899414,8.683647155761719,21.51253318786621,0.0,0.05467030058951463,-16.98048973083496,8
2W9E,9,16.217151641845703,18.240190505981445,46.159427642822266,0.0,0.013171456146001197,-14.857300758361816,8
2W9E,10,7.57074499130249,7.388972282409668,18.631017684936523,0.0,0.07062144922409543,-20.266454696655273,8
2W9E,11,7.807370662689209,8.403502464294434,19.11136817932129,0.0,0.06534078773207265,-19.377050399780273,3
2W9E,12,7.206142425537109,9.244444847106934,21.58513832092285,0.0,0.05330149935476914,-19.291683197021484,4
2W9E,13,8.165026664733887,9.848464965820312,21.112300872802734,0.0,0.05405204839279656,-17.974092483520508,0
2W9E,14,6.572209358215332,7.862766265869141,17.049592971801758,0.0,0.07806187255352325,-18.392032623291016,7
3S9D,0,15.074616432189941,11.717455863952637,27.826210021972656,0.0,0.033823335483214444,-18.07328987121582,1
3S9D,1,19.459976196289062,16.30876922607422,55.49028015136719,0.0,0.010438204764323883,-16.807588577270508,0
3S9D,2,17.99910545349121,16.097156524658203,43.5495719909668,0.0,0.015101911387292324,-21.084362030029297,0
3S9D,3,10.886269569396973,10.5084810256958,32.17930603027344,0.0,0.028396738913477035,-16.955074310302734,0
3S9D,4,14.143879890441895,15.708955764770508,24.194238662719727,0.0,0.03963424159251945,-16.68462371826172,0
3S9D,5,87.1444320678711,97.41777801513672,222.89720153808594,0.0,0.0005630444079281777,0.0,0
3S9D,6,14.456554412841797,16.601211547851562,28.86018943786621,0.0,0.02930599438833649,-14.303961753845215,0
3S9D,7,16.477542877197266,14.890253067016602,55.053810119628906,0.0,0.011109544257563284,-18.230239868164062,0
3S9D,8,15.382469177246094,15.301775932312012,24.837020874023438,0.0,0.03812023192873218,-18.661802291870117,0
3S9D,9,16.03520393371582,12.74531078338623,25.554651260375977,0.0,0.03775902863437672,-16.09625816345215,0
3S9D,10,15.085613250732422,15.693763732910156,27.276844024658203,0.0,0.03252147335625952,-17.938390731811523,0
3S9D,11,9.211859703063965,7.575430393218994,15.810236930847168,0.0,0.08731943584356318,-20.048629760742188,1
3S9D,12,15.508688926696777,16.019662857055664,25.290067672729492,0.0,0.036729726588519,-18.263809204101562,0
3S9D,13,12.778057098388672,9.305846214294434,21.02547836303711,0.0,0.05526682411217537,-17.1160888671875,0
3S9D,14,7.923245906829834,7.88641357421875,19.59186363220215,0.222222,0.1385155129002897,-16.911413192749023,0
1AY7,0,10.533533096313477,8.152928352355957,18.207275390625,0.0,0.07056221736437969,-22.645225524902344,0
1AY7,1,8.330379486083984,6.7340617179870605,16.461570739746094,0.0,0.08592317353409368,-22.569969177246094,0
1AY7,2,22.91912078857422,27.035036087036133,81.09422302246094,0.0,0.004645350965389912,0.0,0
1AY7,3,10.995810508728027,8.471562385559082,19.005531311035156,0.0,0.06569341078771415,-22.03145980834961,0
1AY7,4,4.777040481567383,3.7881059646606445,13.251103401184082,0.0,0.14235363655568264,-24.41775894165039,0
1AY7,5,13.837800025939941,10.539928436279297,22.23175048828125,0.0,0.04912970138203615,-19.861309051513672,0
1AY7,6,11.678191184997559,9.221338272094727,20.579620361328125,0.2,0.12383695498516746,-20.11034393310547,0
1AY7,7,13.531851768493652,12.8263521194458,50.15822219848633,0.0,0.013802758775040586,-19.179004669189453,0
1AY7,8,7.260042667388916,5.6694722175598145,13.821195602416992,0.0,0.11328262100208208,-22.39541244506836,0
1AY7,9,12.549509048461914,10.067146301269531,20.901409149169922,0.0,0.054543507841717576,-18.64438247680664,0
1AY7,10,13.75743579864502,10.435763359069824,22.911462783813477,0.2,0.11374207824421532,-17.872638702392578,0
1AY7,11,12.921433448791504,11.822478294372559,36.93564987182617,0.0,0.022046286083505517,-17.069456100463867,0
1AY7,12,13.903179168701172,13.520227432250977,49.013851165771484,0.0,0.013785216926939093,-17.391584396362305,0
1AY7,13,5.499692440032959,4.441856861114502,11.703092575073242,0.0,0.1492360719506479,-23.845380783081055,0
1AY7,14,7.034630298614502,6.177971839904785,13.952873229980469,0.0,0.10877889515949639,-18.616317749023438,0
1F6M,0,9.278929710388184,11.307259559631348,22.418323516845703,0.071429,0.07147063562743929,-20.272232055664062,2
1F6M,1,19.441789627075195,18.028921127319336,56.97328186035156,0.0,0.009549472240210032,-18.382043838500977,0
1F6M,2,19.64096450805664,17.762733459472656,57.56660079956055,0.0,0.009472514098940005,-19.514787673950195,0
1F6M,3,19.775907516479492,18.546728134155273,58.164939880371094,0.0,0.009135929560204639,-14.385112762451172,0
1F6M,4,19.25429344177246,17.572294235229492,56.89872360229492,0.0,0.009687858733460428,-19.33329200744629,0
1F6M,5,8.451859474182129,10.27920913696289,20.984573364257812,0.0,0.05393258843513699,-22.020023345947266,1
1F6M,6,5.669198989868164,5.1225690841674805,17.403013229370117,0.214286,0.16195558903266752,-13.942770004272461,2
1F6M,7,19.058881759643555,17.4119930267334,56.49372482299805,0.0,0.009834519389724478,-20.14600372314453,0
1F6M,8,10.736085891723633,12.945882797241211,24.877534866333008,0.071429,0.06307115714462035,-13.415876388549805,4
1F6M,9,21.86138153076172,19.55904197692871,60.663516998291016,0.0,0.008367298079353378,-14.262556076049805,3
1F6M,10,19.48336410522461,17.670745849609375,57.29928207397461,0.0,0.009562059373240306,-19.499608993530273,0
1F6M,11,18.000097274780273,19.232547760009766,53.4382438659668,0.0,0.010240840292421812,-13.916202545166016,0
1F6M,12,8.986139297485352,10.562901496887207,22.353153228759766,0.0,0.04869916928912451,-22.041357040405273,1
1F6M,13,20.206003189086914,19.103809356689453,56.22745132446289,0.0,0.009489886240509351,-15.09012222290039,0
1F6M,14,21.217029571533203,21.686603546142578,57.44096374511719,0.0,0.008729860369965104,-15.90395450592041,0
4FQI,0,19.18900489807129,10.548369407653809,77.55012512207031,0.0,0.01056386874512027,-13.182202339172363,31
4FQI,1,39.12412643432617,16.46630096435547,87.22064971923828,0.0,0.005879319624214799,-12.281455993652344,51
4FQI,2,25.948646545410156,12.006237983703613,90.2725830078125,0.0,0.008052310371245815,-12.180179595947266,55
4FQI,3,38.37622833251953,17.875654220581055,85.76032257080078,0.0,0.005573356642806952,-12.67111587524414,38
4FQI,4,29.993019104003906,11.996877670288086,87.18122863769531,0.0,0.008269620246135133,-12.587531089782715,74
4FQI,5,40.2738151550293,17.343402862548828,94.16368103027344,0.0,0.005169063022933612,-13.425347328186035,39
4FQI,6,24.915987014770508,13.14974594116211,43.356231689453125,0.0,0.016619349427976906,-12.174943923950195,105
4FQI,7,21.742528915405273,11.474655151367188,91.0911636352539,0.0,0.008477845393796332,-12.876777648925781,51
4FQI,8,27.836002349853516,16.306549072265625,92.40851593017578,0.0,0.005593525732529009,-13.870373725891113,84
4FQI,9,24.13023567199707,12.534799575805664,80.17301940917969,0.0,0.00841114381913975,-11.462453842163086,145
4FQI,10,19.214488983154297,12.30494213104248,63.13871765136719,0.0,0.010814540831499771,-13.857076644897461,56
4FQI,11,24.754295349121094,13.306640625,86.59344482421875,0.0,0.007363678779685083,-11.607144355773926,110
4FQI,12,24.161731719970703,18.608434677124023,67.13027954101562,0.0,0.007411767760933871,-15.01333236694336,31
4FQI,13,17.99734115600586,13.251120567321777,59.285614013671875,0.0,0.010931218209819252,-11.925239562988281,78
4FQI,14,29.205354690551758,12.513794898986816,85.99173736572266,0.0,0.007946958418817998,-11.445414543151855,133
1Z5Y,0,15.75326919555664,6.815303802490234,37.0688591003418,0.0,0.032052034079948076,-14.679973602294922,20
1Z5Y,1,11.548837661743164,9.340229034423828,22.15797996520996,0.0,0.051140456669644264,-18.556819915771484,0
1Z5Y,2,78.27446746826172,95.96221160888672,196.0737762451172,0.0,0.0007066866005193164,0.0,0
1Z5Y,3,5.358020305633545,4.330192565917969,19.31487464904785,0.363636,0.2110069630324237,-14.750783920288086,2
1Z5Y,4,10.37854290008545,7.798317909240723,28.48723602294922,0.0,0.03914332447636844,-16.50855827331543,0
1Z5Y,5,17.405181884765625,13.618370056152344,59.96148681640625,0.0,0.010561981756189562,-15.338586807250977,0
1Z5Y,6,20.670198440551758,8.449808120727539,45.12749481201172,0.636364,0.23372545315994098,-18.469972610473633,39
1Z5Y,7,7.239027976989746,5.872291564941406,32.251953125,0.0,0.04206629615400485,-14.651683807373047,0
1Z5Y,8,9.45014762878418,6.959944248199463,38.8853759765625,0.0,0.02999660723143952,-14.798048973083496,3
1Z5Y,9,10.188444137573242,8.909640312194824,18.143882751464844,0.0,0.06917840285479959,-15.769123077392578,4
1Z5Y,10,6.676825046539307,7.265641689300537,19.996553421020508,0.0,0.06463845581601328,-16.656957626342773,1
1Z5Y,11,12.28475284576416,7.916462421417236,34.20437240600586,0.0,0.03094042891418836,-18.145381927490234,2
1Z5Y,12,10.876714706420898,7.723300457000732,38.42770004272461,0.0,0.02766472614988826,-15.348396301269531,0
1Z5Y,13,11.969542503356934,7.8898186683654785,34.87313461303711,0.0,0.03032068941446539,-14.451849937438965,0
1Z5Y,14,9.22445011138916,6.912557601928711,25.10883331298828,0.0,0.04926236743714485,-16.371850967407227,0
2FD6,0,17.898954391479492,15.723177909851074,31.87474250793457,0.0,0.025136741352921,-18.230619430541992,0
2FD6,1,24.43965721130371,24.5029354095459,58.201751708984375,0.0,0.008205632953274726,-16.66527557373047,3
2FD6,2,18.5546932220459,17.74900245666504,32.64324188232422,0.0,0.023529861979384045,-18.362037658691406,5
2FD6,3,19.021270751953125,19.670822143554688,35.71448516845703,0.0,0.019796037301619843,-15.632131576538086,9
2FD6,4,17.80888557434082,19.444597244262695,39.63296890258789,0.0,0.016629855013035467,-17.121604919433594,1
2FD6,5,18.51211929321289,16.306636810302734,31.372310638427734,0.0,0.025592875664112415,-20.40758514404297,1
2FD6,6,17.539522171020508,17.184354782104492,31.011123657226562,0.0,0.025813348635069677,-14.362488746643066,1
2FD6,7,21.6896915435791,23.217281341552734,54.56578826904297,0.0,0.009282589086837713,-15.811205863952637,11
2FD6,8,19.916719436645508,15.816451072692871,33.452186584472656,0.0,0.023187385761121438,-20.108463287353516,7
2FD6,9,24.191452026367188,22.733034133911133,55.143192291259766,0.0,0.009181293523209963,-18.76040267944336,20
2FD6,10,19.44672393798828,16.692398071289062,32.31382751464844,0.0,0.024241790404979948,-20.22196388244629,6
2FD6,11,19.59733009338379,14.964530944824219,33.07014846801758,0.0,0.023972539796604967,-14.831902503967285,12
2FD6,12,17.526527404785156,17.868022918701172,35.357994079589844,0.0,0.020544014333385024,-21.422306060791016,5
2FD6,13,18.031076431274414,17.01285171508789,33.68093490600586,0.0,0.022529998515839676,-15.978020668029785,15
2FD6,14,18.20613670349121,16.69378089904785,38.06243133544922,0.0,0.018503577111703712,-25.099348068237305,0
1GP2,0,10.041714668273926,7.731679439544678,20.59409523010254,0.0,0.060610375451915714,-14.853137969970703,10
1GP2,1,19.70111846923828,16.13518714904785,33.39534378051758,0.0,0.023136836287332443,-13.09424877166748,15
1GP2,2,8.027775764465332,6.820560455322266,20.447589874267578,0.0,0.06449247639104928,-14.230179786682129,12
1GP2,3,18.956947326660156,13.615965843200684,37.36896896362305,0.0,0.02039475391694114,-14.068534851074219,9
1GP2,4,6.493908405303955,3.7666289806365967,17.29859161376953,0.111111,0.14749319334132294,-15.790165901184082,0
1GP2,5,5.495213031768799,4.230268478393555,15.993147850036621,0.222222,0.18472167266241266,-14.785791397094727,0
1GP2,6,17.054790496826172,18.54348373413086,46.313289642333984,0.0,0.013029127499858795,-14.444515228271484,23
1GP2,7,7.6743268966674805,6.771085739135742,18.86941146850586,0.0,0.0718227341552927,-12.35554027557373,8
1GP2,8,16.874711990356445,18.381025314331055,54.266883850097656,0.0,0.010187315928767511,-13.81071949005127,4
1GP2,9,6.4927978515625,5.613607406616211,16.18979835510254,0.0,0.09424218259254481,-14.53689193725586,6
1GP2,10,12.381387710571289,13.865227699279785,32.224143981933594,0.0,0.025540236985566983,-14.295475006103516,9
1GP2,11,21.330299377441406,17.51235580444336,35.223201751708984,0.0,0.020770995371907804,-14.907858848571777,1
1GP2,12,21.71783447265625,22.413516998291016,60.54222106933594,0.0,0.007929790095931963,-14.482269287109375,43
1GP2,13,14.349383354187012,10.188097953796387,32.992408752441406,0.0,0.027820409972189732,-14.048274993896484,12
1GP2,14,19.090120315551758,16.528282165527344,33.5135498046875,0.0,0.022869512462499037,-15.091598510742188,3
1AZS,0,24.370267868041992,20.2255802154541,77.313720703125,0.0,0.005804318736283782,-13.862161636352539,14
1AZS,1,28.237319946289062,14.420158386230469,69.0843276977539,0.0,0.008539052414615866,-17.599472045898438,1
1AZS,2,28.647300720214844,15.602192878723145,68.20719146728516,0.0,0.008150343657578248,-15.440193176269531,14
1AZS,3,18.588098526000977,16.344261169433594,66.03446197509766,0.0,0.008217104906646164,-16.825511932373047,4
1AZS,4,15.713510513305664,13.59207820892334,65.19283294677734,0.0,0.009582618887901751,-14.343734741210938,3
1AZS,5,24.661130905151367,15.56578254699707,74.9690933227539,0.0,0.007297565422116505,-16.404916763305664,8
1AZS,6,22.48380470275879,15.866495132446289,69.20758056640625,0.0,0.007906248157307096,-13.199504852294922,17
1AZS,7,24.230422973632812,23.36001205444336,67.40258026123047,0.0,0.006586848438997266,-14.539194107055664,13
1AZS,8,18.44559097290039,17.321317672729492,62.5872802734375,0.0,0.008517963574292195,-14.983694076538086,11
1AZS,9,23.513355255126953,12.668867111206055,64.25138854980469,0.0,0.010341746251588431,-15.151920318603516,62
1AZS,10,25.70741081237793,16.162017822265625,65.20689392089844,0.0,0.0084161681936393,-15.69104290008545,38
1AZS,11,15.054698944091797,11.928829193115234,28.750776290893555,0.0,0.03198190763269647,-14.393622398376465,8
1AZS,12,16.960786819458008,18.786645889282227,63.80899429321289,0.0,0.007923400177643725,-18.42433738708496,1
1AZS,13,10.267708778381348,9.066427230834961,21.69761085510254,0.0,0.05323038111328513,-13.297955513000488,7
1AZS,14,21.065919876098633,17.3489933013916,73.37845611572266,0.0,0.006886884950955182,-13.748231887817383,10
3CPH,0,17.33516502380371,14.10503101348877,45.77109146118164,0.0,0.014840028661228933,-14.894511222839355,11
3CPH,1,6.546160697937012,5.438185214996338,14.279314041137695,0.0,0.11077865676428712,-19.52764129638672,12
3CPH,2,7.506429195404053,6.033998966217041,15.382559776306152,0.0,0.09737192632803399,-20.69037437438965,3
3CPH,3,21.906505584716797,18.574325561523438,59.43227767944336,0.0,0.008841356339624983,-18.45499610900879,8
3CPH,4,16.478872299194336,14.338228225708008,45.082794189453125,0.0,0.015051234459566874,-16.578594207763672,6
3CPH,5,26.889755249023438,22.710071563720703,73.4149398803711,0.0,0.005857132911347109,-15.948408126831055,10
3CPH,6,5.130151271820068,5.358635902404785,11.094385147094727,0.0,0.14751313358631443,-19.966415405273438,6
3CPH,7,14.979046821594238,12.526778221130371,28.39555549621582,0.0,0.03212429455664571,-15.112308502197266,3
3CPH,8,20.45734214782715,17.050457000732422,54.90058898925781,0.0,0.010363246210533552,-16.201562881469727,9
3CPH,9,23.87771224975586,19.937612533569336,66.4471206665039,0.0,0.007242928795771634,-18.293848037719727,9
3CPH,10,18.638309478759766,15.205339431762695,49.42888641357422,0.0,0.012786755689943674,-15.546730995178223,8
3CPH,11,4.67356538772583,4.700647354125977,10.375053405761719,0.0,0.1646825944677988,-20.189058303833008,13
3CPH,12,25.92939567565918,23.024675369262695,73.51067352294922,0.0,0.005806676700535335,-16.46971893310547,6
3CPH,13,25.997886657714844,21.746736526489258,72.15320587158203,0.0,0.006141056718762555,-20.815139770507812,6
3CPH,14,17.81672477722168,15.151389122009277,48.951480865478516,0.0,0.01299161641557847,-15.424909591674805,6
1MLC,0,12.757736206054688,12.111642837524414,31.457000732421875,0.0,0.02771728244243264,-17.182340621948242,2
1MLC,1,13.140857696533203,12.889900207519531,29.98365592956543,0.0,0.029249418039537872,-13.970993995666504,56
1MLC,2,12.549710273742676,11.75372314453125,30.711572647094727,0.0,0.02905877094526729,-15.806204795837402,8
1MLC,3,9.530972480773926,10.087491989135742,21.227434158325195,0.0,0.05327231915652944,-18.083484649658203,3
1MLC,4,13.674882888793945,12.462273597717285,31.807910919189453,0.0,0.026977380466265837,-16.195140838623047,41
1MLC,5,12.821410179138184,13.208624839782715,29.583282470703125,0.0,0.02966395154017618,-14.113261222839355,48
1MLC,6,11.78758716583252,13.259239196777344,27.89246940612793,0.0,0.032537464887510005,-14.084561347961426,41
1MLC,7,14.245187759399414,10.74065113067627,33.933597564697266,0.0,0.026057044444943184,-13.940529823303223,41
1MLC,8,10.606069564819336,9.549189567565918,27.893312454223633,0.0,0.03635057087151714,-21.03157615661621,4
1MLC,9,14.665278434753418,11.462839126586914,34.054176330566406,0.0,0.02516097267348598,-14.2993803024292,56
1MLC,10,11.923467636108398,10.82150650024414,30.83729362487793,0.0,0.029821304284205475,-18.25625991821289,4
1MLC,11,14.09585952758789,11.827536582946777,33.06601333618164,0.0,0.025938013572757407,-14.411108016967773,54
1MLC,12,12.165814399719238,12.261215209960938,26.931724548339844,0.0,0.035111186305865225,-19.501745223999023,0
1MLC,13,8.072221755981445,9.452265739440918,18.389892578125,0.0,0.0668653223129614,-13.302796363830566,2
1MLC,14,14.4935884475708,13.628531455993652,34.361122131347656,0.0,0.02321114855473486,-16.122819900512695,47
4G6M,0,24.308805465698242,26.60072898864746,63.046138763427734,0.0,0.007007376717335967,-16.398914337158203,7
4G6M,1,20.276504516601562,22.56379508972168,52.646514892578125,0.0,0.009935035823477564,-15.298975944519043,1
4G6M,2,22.705018997192383,25.678640365600586,60.531044006347656,0.0,0.007579386996285795,-19.592235565185547,3
4G6M,3,12.924426078796387,17.870824813842773,32.042789459228516,0.0,0.02424602416237152,-19.295251846313477,0
4G6M,4,24.354259490966797,25.539020538330078,60.32857131958008,0.0,0.0076342677780705,-18.738950729370117,6
4G6M,5,10.838508605957031,13.83652114868164,21.76447868347168,0.0,0.04798529272875073,-19.407398223876953,0
4G6M,6,10.5796480178833,13.288948059082031,21.233779907226562,0.0,0.050231123987143876,-18.38450813293457,2
4G6M,7,13.446795463562012,11.420755386352539,28.069032669067383,0.0,0.033652492195788884,-13.949015617370605,54
4G6M,8,11.085583686828613,14.354228019714355,22.113372802734375,0.0,0.04651075686166734,-17.737224578857422,0
4G6M,9,22.871431350708008,19.292875289916992,58.519283294677734,0.0,0.008890192150804952,-17.961305618286133,3
4G6M,10,12.732802391052246,17.66014862060547,31.203153610229492,0.0,0.025414251447217692,-20.468284606933594,1
4G6M,11,17.594463348388672,19.710451126098633,45.849212646484375,0.0,0.012995227357011767,-14.53689193725586,10
4G6M,12,18.223840713500977,20.1783447265625,47.51613998413086,0.0,0.012167925102931488,-16.04598617553711,3
4G6M,13,21.877056121826172,18.450754165649414,57.470069885253906,0.0,0.009324306558906387,-18.237136840820312,4
4G6M,14,10.508795738220215,13.332883834838867,21.29326057434082,0.0,0.04998233533389888,-18.827333450317383,0
3FN1,0,21.678905487060547,19.079265594482422,56.47245407104492,0.0,0.009432060214657237,-17.660932540893555,1
3FN1,1,12.028072357177734,13.52690315246582,29.701818466186523,0.0,0.029281817674213145,-13.37739086151123,7
3FN1,2,13.61532211303711,14.622583389282227,28.269777297973633,0.0,0.03110765514646585,-18.305118560791016,1
3FN1,3,12.365875244140625,13.857745170593262,28.979209899902344,0.0,0.030266138777688176,-14.3374662399292,6
3FN1,4,21.64302635192871,21.138736724853516,62.868736267089844,0.0,0.007653862073807479,-18.82073402404785,0
3FN1,5,21.14910316467285,19.305992126464844,57.72538375854492,0.0,0.00907418611351749,-19.921968460083008,0
3FN1,6,21.787471771240234,19.97154998779297,57.86001968383789,0.0,0.008911642874152852,-19.755308151245117,0
3FN1,7,18.18802261352539,17.500925064086914,55.76914596557617,0.0,0.009998413715840827,-18.541566848754883,0
3FN1,8,13.240317344665527,15.413982391357422,27.148332595825195,0.0,0.0328859641250973,-15.468220710754395,3
3FN1,9,13.538776397705078,13.409151077270508,29.451520919799805,0.0,0.029749953059211288,-16.075212478637695,0
3FN1,10,21.060651779174805,19.58146858215332,56.740238189697266,0.0,0.009260968891539482,-16.046207427978516,0
3FN1,11,21.44378089904785,19.365436553955078,56.90498733520508,0.0,0.009262957219642806,-21.35393714904785,0
3FN1,12,21.43572998046875,17.927791595458984,54.28370666503906,0.0,0.010294609491823179,-19.63494110107422,1
3FN1,13,8.152617454528809,7.521259307861328,24.661420822143555,0.0,0.04814489746515926,-22.741188049316406,0
3FN1,14,9.002676963806152,7.574383735656738,24.362680435180664,0.0,0.04875195545546526,-18.54129981994629,0
1EZU,0,17.29274559020996,15.507460594177246,72.9962387084961,0.081081,0.03457613371209838,-14.850050926208496,16
1EZU,1,12.35480785369873,12.218255996704102,39.69548797607422,0.054054,0.03758116100651023,-16.84531021118164,6
1EZU,2,10.73241901397705,11.941564559936523,47.904563903808594,0.0,0.015351940951770136,-19.37885093688965,3
1EZU,3,13.089430809020996,13.00745964050293,42.24638366699219,0.027027,0.026352504035716803,-16.83867835998535,4
1EZU,4,12.348666191101074,12.096543312072754,42.11138153076172,0.054054,0.03611483249473325,-17.071083068847656,6
1EZU,5,23.69327163696289,24.6050968170166,52.21269607543945,0.0,0.009840301409935246,-19.465110778808594,4
1EZU,6,14.922364234924316,14.258890151977539,57.98575973510742,0.0,0.010660443753045331,-23.698001861572266,0
1EZU,7,23.278230667114258,23.86031723022461,51.679298400878906,0.0,0.01009211234670359,-18.218807220458984,6
1EZU,8,23.32476043701172,25.029232025146484,55.055870056152344,0.0,0.008953223006866115,-17.580671310424805,4
1EZU,9,25.035194396972656,23.54603385925293,53.76934051513672,0.0,0.009474255977744508,-18.905078887939453,13
1EZU,10,24.24685287475586,25.261205673217773,53.355735778808594,0.0,0.009421485810098058,-17.95294952392578,4
1EZU,11,25.311561584472656,25.428335189819336,58.65928268432617,0.0,0.008011064877505854,-21.101303100585938,11
1EZU,12,24.666501998901367,25.258604049682617,49.2518310546875,0.0,0.010812496478853741,-17.13846778869629,1
1EZU,13,12.30253791809082,11.901071548461914,43.505428314208984,0.378378,0.14359479992985638,-16.460084915161133,7
1EZU,14,26.79853057861328,24.896251678466797,53.83235549926758,0.0,0.009314041112771449,-19.474912643432617,0
2HQS,0,16.997318267822266,15.502923011779785,48.268795013427734,0.0,0.013117466778546555,-16.40035057067871,0
2HQS,1,6.947661876678467,8.843475341796875,17.997766494750977,0.0,0.07011220599312976,-15.317551612854004,0
2HQS,2,6.736499309539795,8.1854248046875,16.493549346923828,0.0,0.08078143530070891,-18.275047302246094,1
2HQS,3,7.551187038421631,8.587726593017578,18.13161849975586,0.0,0.06992589540639063,-17.059293746948242,0
2HQS,4,10.284110069274902,9.65277099609375,27.313514709472656,0.0,0.037291216453085,-16.885286331176758,0
2HQS,5,3.562260150909424,4.012471675872803,9.888091087341309,0.0,0.18251847463834314,-20.18187141418457,0
2HQS,6,7.301571369171143,8.494153022766113,17.346784591674805,0.0,0.07461929027805812,-16.983884811401367,0
2HQS,7,7.829835891723633,9.537384986877441,20.434335708618164,0.0,0.0572147160475003,-14.319737434387207,3
2HQS,8,19.157018661499023,16.807392120361328,55.884681701660156,0.0,0.010170995809093157,-16.33528709411621,0
2HQS,9,9.942153930664062,9.472352981567383,24.58349609375,0.0,0.043749078363197656,-19.1468563079834,0
2HQS,10,4.777952194213867,6.285017013549805,11.7815580368042,0.0,0.13207266983085073,-16.6076717376709,2
2HQS,11,18.760173797607422,17.1680965423584,53.046958923339844,0.0,0.010869526244733233,-14.0639009475708,9
2HQS,12,8.744346618652344,10.020745277404785,20.630586624145508,0.0,0.055677916703069735,-18.324316024780273,3
2HQS,13,8.026262283325195,9.372340202331543,19.336917877197266,0.0,0.062303305081606836,-18.091474533081055,0
2HQS,14,4.5159220695495605,6.132502555847168,11.834219932556152,0.0,0.1322577566502924,-17.080520629882812,1
1FLE,0,12.243742942810059,12.89472484588623,40.76646041870117,0.0,0.018338059704526163,-19.127695083618164,5
1FLE,1,11.15003490447998,9.973590850830078,37.56476593017578,0.0,0.023608644261343875,-17.410476684570312,0
1FLE,2,8.81779670715332,7.734032154083252,30.859210968017578,0.076923,0.06123151956985031,-21.673030853271484,0
1FLE,3,8.30757999420166,7.765411376953125,28.871980667114258,0.076923,0.06421780196342275,-20.678468704223633,4
1FLE,4,5.210998058319092,5.733695983886719,16.383525848388672,0.192308,0.1561488572073655,-19.429367065429688,2
1FLE,5,8.60609245300293,7.750662326812744,30.5694580078125,0.038462,0.04877684876957463,-18.912635803222656,1
1FLE,6,6.025412559509277,5.205817222595215,19.6567325592041,0.115385,0.11652551374612745,-23.888158798217773,0
1FLE,7,11.048260688781738,10.972043991088867,36.796138763427734,0.0,0.023001967545605292,-19.778806686401367,3
1FLE,8,9.378535270690918,8.00429916381836,32.34476852416992,0.0,0.03284209262260085,-20.425045013427734,0
1FLE,9,18.88134765625,15.234930992126465,53.48688888549805,0.0,0.011411186748802413,-18.775056838989258,3
1FLE,10,14.479911804199219,13.26438045501709,46.18446350097656,0.0,0.015129786226512851,-21.862548828125,8
1FLE,11,12.722426414489746,12.368158340454102,41.08626174926758,0.0,0.01851294970632379,-21.3442325592041,1
1FLE,12,19.939409255981445,16.272708892822266,55.236183166503906,0.0,0.01051934785243735,-21.871545791625977,2
1FLE,13,5.992819309234619,5.655307769775391,21.12703514099121,0.038462,0.08116865392482465,-18.363019943237305,6
1FLE,14,11.15014934539795,10.960412979125977,37.725833892822266,0.0,0.022232410208015987,-20.522701263427734,3
2NZ8,0,21.01404571533203,16.65096092224121,51.35665512084961,0.0,0.011570958951266483,-16.840312957763672,2
2NZ8,1,14.371026992797852,11.324261665344238,24.06451416015625,0.0,0.0427220563132219,-16.17921257019043,9
2NZ8,2,5.479702949523926,5.037618637084961,10.010831832885742,0.0,0.1667872043149209,-15.840282440185547,3
2NZ8,3,23.697357177734375,15.506630897521973,55.87413024902344,0.0,0.01062994543683239,-13.786590576171875,0
2NZ8,4,23.228763580322266,15.88232135772705,52.47315979003906,0.0,0.011469991098463977,-14.965527534484863,1
2NZ8,5,3.8842294216156006,4.619759559631348,7.354679584503174,0.0,0.22241140394548375,-15.422945976257324,0
2NZ8,6,18.729887008666992,16.319047927856445,51.34883117675781,0.0,0.01168293360689889,-11.63339614868164,7
2NZ8,7,26.432214736938477,15.791422843933105,56.98868179321289,0.0,0.010234800371731523,-12.576581954956055,0
2NZ8,8,16.29707908630371,13.277031898498535,26.780359268188477,0.0,0.0347079328853479,-14.69968318939209,2
2NZ8,9,17.931692123413086,15.523551940917969,49.45289611816406,0.0,0.012648573776313739,-12.420278549194336,6
2NZ8,10,12.57357406616211,12.669957160949707,22.632549285888672,0.0,0.04581206383678846,-14.347874641418457,0
2NZ8,11,24.7673282623291,23.96274185180664,60.13793182373047,0.0,0.00782977242689183,-15.86021900177002,3
2NZ8,12,6.0812907218933105,5.1246466636657715,10.951628684997559,0.0,0.15161592634498056,-15.774052619934082,2
2NZ8,13,14.250932693481445,11.43175220489502,23.897659301757812,0.0,0.04307622955026882,-14.916299819946289,10
2NZ8,14,24.4155216217041,22.60350227355957,58.61759567260742,0.0,0.00832623584801963,-17.009986877441406,10
1N2C,0,51.661380767822266,46.02470779418945,132.4912872314453,0.0,0.0017200241253932087,-18.81244468688965,24
1N2C,1,7.776453018188477,8.43273639678955,18.697532653808594,0.102041,0.10132718678419726,-16.041868209838867,81
1N2C,2,51.77022933959961,45.097434997558594,131.62220764160156,0.0,0.0017527298752719603,-18.22841453552246,28
1N2C,3,52.742225646972656,42.213417053222656,131.16839599609375,0.0,0.0018142724485646598,-18.443584442138672,37
1N2C,4,17.00506019592285,18.463544845581055,37.19068908691406,0.020408,0.02553588396842871,-17.19520378112793,51
1N2C,5,18.387788772583008,20.222604751586914,40.673519134521484,0.0,0.015772448252113058,-14.597587585449219,126
1N2C,6,3.2075860500335693,3.577808380126953,8.209977149963379,0.673469,0.44677154079014575,-19.592323303222656,18
1N2C,7,3.7235665321350098,3.764442205429077,10.219725608825684,0.693878,0.41326641917318924,-19.89575958251953,32
1N2C,8,17.459413528442383,20.079545974731445,37.70869827270508,0.061224,0.03837577248171028,-17.49190330505371,16
1N2C,9,51.27177810668945,45.264766693115234,128.15008544921875,0.0,0.001825714144184602,-16.2828311920166,61
1N2C,10,11.721129417419434,11.463603019714355,28.523889541625977,0.0,0.03279739416908301,-13.988884925842285,130
1N2C,11,4.0541558265686035,4.456884384155273,9.639375686645508,0.55102,0.36340029763477694,-18.993213653564453,34
1N2C,12,51.42048263549805,45.145259857177734,131.13589477539062,0.0,0.0017621944359437738,-17.777416229248047,37
1N2C,13,4.3814311027526855,4.426229476928711,11.51053524017334,0.530612,0.3288364274118276,-19.16485023498535,33
1N2C,14,16.77627944946289,18.41530990600586,36.46243667602539,0.081633,0.04658879717337294,-16.698760986328125,22
3MJ9,0,19.076091766357422,16.868995666503906,40.334617614746094,0.0,0.016788852979760474,-13.947503089904785,7
3MJ9,1,16.89534568786621,15.804464340209961,32.65129470825195,0.0,0.024132044381346363,-17.923358917236328,1
3MJ9,2,18.84082794189453,15.994220733642578,40.310970306396484,0.0,0.017096078562676826,-13.926790237426758,11
3MJ9,3,19.596920013427734,16.885719299316406,41.82771682739258,0.0,0.015829276697018176,-17.67531394958496,8
3MJ9,4,18.869220733642578,16.792123794555664,39.32883834838867,0.0,0.017514118959888695,-14.928180694580078,7
3MJ9,5,16.915250778198242,18.02792739868164,37.856258392333984,0.0,0.018290316225559853,-17.302997589111328,10
3MJ9,6,13.427488327026367,15.845934867858887,26.241474151611328,0.0,0.034612978032506826,-14.755407333374023,19
3MJ9,7,19.61658477783203,15.990666389465332,37.691627502441406,0.0,0.019039342673685237,-14.882773399353027,11
3MJ9,8,17.68445587158203,16.847698211669922,52.32414627075195,0.0,0.011191886534672067,-14.073824882507324,0
3MJ9,9,15.171539306640625,16.761255264282227,31.43561553955078,0.0,0.0253589306073804,-15.231608390808105,31
3MJ9,10,21.123260498046875,21.796926498413086,58.926578521728516,0.0,0.008365543080905515,-16.670238494873047,6
3MJ9,11,20.317983627319336,17.007123947143555,42.28128433227539,0.0,0.015521295057403711,-13.554024696350098,6
3MJ9,12,16.731277465820312,18.2425537109375,35.61531448364258,0.0,0.020201778207415068,-15.44406795501709,1
3MJ9,13,20.04987907409668,17.105545043945312,43.252479553222656,0.0,0.014938418890944766,-13.589235305786133,3
3MJ9,14,17.188671112060547,15.674071311950684,51.27043533325195,0.0,0.011941845893059489,-15.410449028015137,0
1F51,0,8.663115501403809,10.129161834716797,20.915485382080078,0.0,0.05440239974705546,-18.643285751342773,5
1F51,1,11.319028854370117,13.511609077453613,28.638864517211914,0.0,0.031044248987012035,-17.11897850036621,3
1F51,2,21.06154441833496,21.724336624145508,56.868141174316406,0.0,0.008865837785338984,-21.471471786499023,0
1F51,3,10.844073295593262,12.29110336303711,28.849281311035156,0.0,0.03151690587269535,-14.497314453125,5
1F51,4,10.161020278930664,12.270284652709961,22.186656951904297,0.0,0.047571353440584975,-14.715603828430176,1
1F51,5,17.96550750732422,18.73667335510254,51.05598449707031,0.0,0.011112559165645415,-16.934833526611328,5
1F51,6,9.45876693725586,11.428707122802734,22.165876388549805,0.0,0.04837787816487546,-17.475725173950195,7
1F51,7,17.49983024597168,16.76226043701172,49.43457794189453,0.0,0.01222005397925585,-20.192615509033203,7
1F51,8,19.923803329467773,24.177845001220703,52.20960235595703,0.0,0.009885132784393862,-16.513172149658203,1
1F51,9,10.196388244628906,12.810405731201172,22.456836700439453,0.0,0.04627915757520387,-20.274993896484375,3
1F51,10,18.163759231567383,18.512569427490234,51.29035568237305,0.0,0.011084148313215579,-18.829879760742188,5
1F51,11,8.283135414123535,10.101399421691895,19.618322372436523,0.090909,0.0901785424514564,-18.139095306396484,6
1F51,12,17.971338272094727,19.156883239746094,50.9558219909668,0.0,0.011055434322709846,-17.48826789855957,7
1F51,13,12.126472473144531,13.88375473022461,28.823965072631836,0.0,0.03051424566565616,-15.913744926452637,4
1F51,14,6.358858108520508,6.947525501251221,17.174570083618164,0.090909,0.1107327484571813,-17.162887573242188,7
2OOB,0,9.6806640625,9.455039978027344,43.642982482910156,0.0,0.020365508031370952,-19.309246063232422,0
2OOB,1,8.353002548217773,9.101316452026367,46.19936752319336,0.0,0.01972889324026919,-21.34711265563965,0
2OOB,2,9.056846618652344,9.214940071105957,39.96181869506836,0.0,0.02303245479253077,-19.338275909423828,0
2OOB,3,9.444916725158691,9.102496147155762,43.256492614746094,0.0,0.02120513362286248,-23.42458152770996,1
2OOB,4,9.677718162536621,9.360536575317383,44.98642349243164,0.0,0.01983540556991434,-18.546138763427734,0
2OOB,5,8.734223365783691,8.048199653625488,24.06252098083496,0.0,0.04816998921845381,-17.461938858032227,8
2OOB,6,10.158001899719238,9.480961799621582,40.557430267333984,0.0,0.022165043037359024,-20.952392578125,0
2OOB,7,9.875442504882812,9.402569770812988,42.91278076171875,0.0,0.020857143676989973,-21.144556045532227,0
2OOB,8,9.702375411987305,9.146055221557617,44.42115783691406,0.0,0.0205049237397348,-26.79132652282715,2
2OOB,9,7.415304660797119,7.677504062652588,43.29745101928711,0.0,0.024626060017570155,-20.318016052246094,0
2OOB,10,9.174041748046875,8.615751266479492,44.01778030395508,0.0,0.02178919623124946,-19.05497932434082,0
2OOB,11,9.408868789672852,9.289891242980957,43.42647171020508,0.0,0.020768876945061087,-18.898290634155273,0
2OOB,12,9.481033325195312,9.142308235168457,43.79719543457031,0.0,0.020837496166878095,-25.587976455688477,3
2OOB,13,9.014164924621582,9.00265884399414,45.127777099609375,0.0,0.020424411833695633,-24.280296325683594,1
2OOB,14,8.956128120422363,9.893033981323242,47.20907211303711,0.0,0.017957559331619497,-20.588590621948242,0
5WK3,0,6.3258819580078125,10.516507148742676,18.824867248535156,0.0,0.06309691381353466,-21.261653900146484,3
5WK3,1,6.644733428955078,10.48082160949707,19.283557891845703,0.0,0.06091944036726132,-18.594892501831055,1
5WK3,2,6.127719879150391,10.26248550415039,17.851287841796875,0.0,0.06857934211664826,-20.198755264282227,2
5WK3,3,6.4512715339660645,10.578692436218262,18.79288673400879,0.0,0.0631801766403685,-18.90682601928711,0
5WK3,4,6.086830139160156,9.262350082397461,18.127418518066406,0.0,0.06859891281645658,-17.304109573364258,0
5WK3,5,20.391849517822266,18.0007381439209,64.21573638916016,0.0,0.008038378624157254,-22.430030822753906,1
5WK3,6,5.786746501922607,8.655930519104004,16.761911392211914,0.0,0.07790201065517027,-19.707963943481445,0
5WK3,7,6.7991485595703125,10.20503044128418,19.72185707092285,0.0,0.059268022363121176,-18.172592163085938,4
5WK3,8,26.440738677978516,29.66895866394043,80.45323944091797,0.0,0.004529529587036965,-14.941685676574707,25
5WK3,9,5.987392425537109,8.627663612365723,17.328493118286133,0.0,0.07442868303438223,-19.84821128845215,0
5WK3,10,7.391892433166504,10.679374694824219,22.50238800048828,0.0,0.04807181408645909,-15.555554389953613,11
5WK3,11,6.585336208343506,10.531171798706055,19.06414794921875,0.0,0.06190412723149902,-19.553720474243164,3
5WK3,12,15.009851455688477,17.525300979614258,47.70665740966797,0.0,0.012680346026548465,-17.911697387695312,4
5WK3,13,8.563283920288086,7.950594902038574,25.992645263671875,0.0,0.04365970503469311,-13.737783432006836,31
5WK3,14,5.832491874694824,8.764846801757812,16.96392822265625,0.0,0.07637849023546446,-18.007980346679688,1
1KTZ,0,13.554826736450195,11.041552543640137,20.270645141601562,0.0,0.055886897649191906,-14.019784927368164,2
1KTZ,1,23.817914962768555,23.748655319213867,77.01787567138672,0.0,0.005335719142961634,-25.990171432495117,0
1KTZ,2,14.057887077331543,12.413277626037598,20.86475372314453,0.0,0.052243874995186707,-12.860605239868164,0
1KTZ,3,14.362136840820312,11.809409141540527,28.904794692993164,0.0,0.031823593669019316,-15.046548843383789,1
1KTZ,4,13.606215476989746,9.536044120788574,29.43800163269043,0.0,0.03370046842506102,-17.385814666748047,3
1KTZ,5,24.04784393310547,28.910322189331055,80.05621337890625,0.0,0.004610776026163499,-16.01738166809082,0
1KTZ,6,15.417337417602539,11.760985374450684,33.640869140625,0.0,0.02533885565787496,-13.557472229003906,0
1KTZ,7,23.616622924804688,28.99013328552246,82.87507629394531,0.0,0.0043599766664503894,-19.934362411499023,0
1KTZ,8,23.3721866607666,28.211647033691406,77.16670227050781,0.0,0.004935616988952006,-22.462167739868164,0
1KTZ,9,13.669828414916992,12.014978408813477,33.42985916137695,0.0,0.02535702698497393,-15.206360816955566,0
1KTZ,10,14.254562377929688,11.640265464782715,35.98873519897461,0.0,0.023056810401563016,-19.303993225097656,1
1KTZ,11,15.597697257995605,13.00922966003418,36.01421356201172,0.0,0.021961832822381715,-16.389375686645508,0
1KTZ,12,14.916141510009766,12.468159675598145,33.794761657714844,0.0,0.02458822802619369,-16.71294593811035,1
1KTZ,13,15.751082420349121,11.67006778717041,26.241558074951172,0.0,0.03706987958749586,-14.935315132141113,0
1KTZ,14,19.72119140625,20.910879135131836,55.270877838134766,0.0,0.00940786908486379,-15.276398658752441,0
2AYO,0,16.866113662719727,19.054183959960938,47.23244857788086,0.0,0.012509714313913877,-19.981273651123047,0
2AYO,1,15.85698413848877,17.215639114379883,44.33022689819336,0.0,0.014331994648469177,-17.230131149291992,2
2AYO,2,18.056686401367188,21.560300827026367,52.997161865234375,0.0,0.009965177140890237,-16.34309196472168,0
2AYO,3,16.85561752319336,17.676990509033203,46.81261444091797,0.0,0.013022086661914052,-14.93992805480957,0
2AYO,4,4.886754035949707,6.654682159423828,12.740777969360352,0.12,0.15878385736120296,-17.200298309326172,0
2AYO,5,16.877243041992188,19.360488891601562,47.37881088256836,0.0,0.0123831557791421,-18.474599838256836,0
2AYO,6,8.209622383117676,9.441274642944336,22.981962203979492,0.0,0.04831756879090469,-18.84366798400879,0
2AYO,7,22.881736755371094,24.259017944335938,62.51913070678711,0.0,0.007319306037953557,-15.14680290222168,0
2AYO,8,21.152498245239258,23.39702606201172,57.19581985473633,0.0,0.008567242870073745,-20.295011520385742,1
2AYO,9,20.946414947509766,22.978036880493164,56.671607971191406,0.0,0.008748165777783106,-19.101152420043945,2
2AYO,10,3.12686824798584,3.763347625732422,8.670053482055664,0.2,0.27572838199512834,-20.839818954467773,1
2AYO,11,20.521282196044922,22.863121032714844,55.68201446533203,0.0,0.009019359593959641,-20.416900634765625,3
2AYO,12,13.879998207092285,15.959887504577637,39.57581329345703,0.0,0.01761709912919767,-16.954017639160156,0
2AYO,13,16.880592346191406,19.624727249145508,47.4053955078125,0.0,0.012318972327228854,-17.56806182861328,0
2AYO,14,14.008731842041016,15.404509544372559,40.265750885009766,0.0,0.017351248215552183,-16.22582244873047,0
1Z0K,0,13.626112937927246,15.888925552368164,28.429031372070312,0.0,0.030297680246643893,-17.086585998535156,33
1Z0K,1,4.4365339279174805,4.886628150939941,12.280023574829102,0.583333,0.33112122007525546,-20.381731033325195,1
1Z0K,2,10.684857368469238,13.100367546081543,20.916175842285156,0.0,0.05156021794294768,-17.625322341918945,1
1Z0K,3,8.413578033447266,8.880433082580566,18.70749282836914,0.0,0.06628619855046587,-19.709373474121094,0
1Z0K,4,10.183652877807617,13.061716079711914,19.94306182861328,0.0,0.055582593261862046,-16.940702438354492,0
1Z0K,5,4.737717628479004,5.495273590087891,13.889396667480469,0.083333,0.14171538531726321,-18.37127685546875,0
1Z0K,6,10.057905197143555,12.43841552734375,24.99967384338379,0.0,0.03931942461782655,-16.670446395874023,0
1Z0K,7,9.968586921691895,13.03768539428711,19.857437133789062,0.0,0.05597268814778869,-19.859264373779297,0
1Z0K,8,6.012456893920898,6.280929088592529,13.782416343688965,0.0,0.10983483394227757,-19.768239974975586,2
1Z0K,9,10.148460388183594,11.463981628417969,19.95818519592285,0.0,0.05678878268387794,-15.51264476776123,0
1Z0K,10,12.571993827819824,14.614179611206055,26.725425720214844,0.0,0.034096007123152694,-19.85741424560547,5
1Z0K,11,12.49727725982666,14.61926555633545,25.318870544433594,0.0,0.03723614440601003,-17.385435104370117,2
1Z0K,12,8.980781555175781,9.499327659606934,21.255447387695312,0.0,0.054065924980715406,-19.457426071166992,0
1Z0K,13,9.146284103393555,10.339014053344727,18.47013282775879,0.0,0.06512890323203568,-17.284685134887695,0
1Z0K,14,9.77273941040039,11.488485336303711,21.489826202392578,0.0,0.0506817903925891,-16.50448226928711,0
1B6C,0,8.208723068237305,9.332271575927734,48.8918571472168,0.0,0.018174158183265714,-14.818995475769043,12
1B6C,1,5.120004177093506,5.7929511070251465,20.32937240600586,0.0,0.07054668238255579,-17.01249122619629,2
1B6C,2,5.2854695320129395,6.082663059234619,19.22083282470703,0.0,0.07363423952868309,-15.883198738098145,11
1B6C,3,5.203990936279297,6.100494384765625,19.136716842651367,0.0,0.07393028490807799,-15.383696556091309,5
1B6C,4,9.77999496459961,11.778749465942383,36.4476203918457,0.0,0.0225136076863362,-16.234729766845703,2
1B6C,5,4.485970973968506,5.059261322021484,20.88377571105957,0.285714,0.1695442350871538,-16.335844039916992,6
1B6C,6,8.42271614074707,10.475919723510742,64.11548614501953,0.0,0.012454102026008057,-16.049793243408203,5
1B6C,7,13.356191635131836,13.601484298706055,34.879608154296875,0.0,0.022691428591565584,-15.551480293273926,5
1B6C,8,6.093671798706055,5.3329243659973145,26.697710037231445,0.0,0.055116575088839916,-16.112762451171875,4
1B6C,9,11.401183128356934,13.1907958984375,74.97440338134766,0.0,0.008485425104121888,-19.34783363342285,1
1B6C,10,11.11983871459961,9.750163078308105,33.79249954223633,0.0,0.027541887971503268,-16.042160034179688,3
1B6C,11,4.155481338500977,5.198969841003418,18.677021026611328,0.0,0.08280942517837,-14.866657257080078,7
1B6C,12,10.549555778503418,10.550374984741211,28.54507064819336,0.0,0.03375368607653209,-15.444162368774414,3
1B6C,13,11.44243049621582,11.848318099975586,29.382482528686523,0.0,0.030999863409856682,-16.062467575073242,3
1B6C,14,7.3484039306640625,9.367374420166016,50.16948318481445,0.0,0.01763490616216287,-15.986798286437988,3
2FJG,0,17.72842025756836,16.603281021118164,34.84315872192383,0.0,0.021421643178344038,-20.333295822143555,4
2FJG,1,15.298588752746582,15.005929946899414,31.14995765686035,0.0,0.026397718707592988,-16.747838973999023,11
2FJG,2,20.01470184326172,21.876422882080078,38.11692810058594,0.0,0.017350604106236293,-16.199893951416016,3
2FJG,3,17.921480178833008,16.42739486694336,35.766109466552734,0.0,0.02057641879952433,-16.928850173950195,6
2FJG,4,27.951204299926758,14.362421035766602,72.20989990234375,0.0,0.008152231862420103,-16.24551010131836,3
2FJG,5,16.837156295776367,14.859272956848145,35.86429214477539,0.0,0.02109042445196596,-15.85507869720459,11
2FJG,6,13.502095222473145,10.871173858642578,28.15747833251953,0.0,0.0340665508345502,-19.435596466064453,0
2FJG,7,13.703136444091797,9.719178199768066,29.64775276184082,0.0,0.03307280068755792,-17.49955177307129,0
2FJG,8,22.207170486450195,21.045211791992188,48.856788635253906,0.0,0.011477836905184636,-16.429147720336914,32
2FJG,9,13.448909759521484,11.570082664489746,26.94258689880371,0.0,0.03568380418777722,-20.711801528930664,0
2FJG,10,6.472259521484375,4.194076061248779,17.801225662231445,0.0,0.09969151863781227,-16.101253509521484,5
2FJG,11,13.945161819458008,10.751111030578613,29.301462173461914,0.0,0.03223784353297716,-20.555164337158203,0
2FJG,12,21.74444580078125,23.008724212646484,64.3589096069336,0.0,0.007125342638103588,-15.939696311950684,15
2FJG,13,23.06658935546875,16.410253524780273,52.072086334228516,0.0,0.01141335143377469,-14.52886962890625,4
2FJG,14,16.013208389282227,16.312028884887695,30.638126373291016,0.0,0.026617641995999985,-15.932602882385254,4
1JTD,0,7.1865715980529785,5.709322452545166,22.47125244140625,0.0,0.06324694695558601,-13.597969055175781,19
1JTD,1,15.805841445922852,13.713285446166992,31.726104736328125,0.0,0.02626533452724707,-19.722570419311523,4
1JTD,2,14.427703857421875,12.559091567993164,30.079429626464844,0.0,0.029337795880525302,-18.518938064575195,6
1JTD,3,8.1312894821167,7.098714351654053,22.639236450195312,0.0,0.055430472931109497,-15.42747974395752,10
1JTD,4,10.178272247314453,8.963719367980957,25.452913284301758,0.0,0.042524485991074536,-16.41155433654785,4
1JTD,5,8.72487735748291,7.6432037353515625,23.02025032043457,0.0,0.05235570192116095,-15.189990043640137,5
1JTD,6,11.840956687927246,9.939240455627441,27.54958152770996,0.0,0.03639606059942651,-20.120914459228516,1
1JTD,7,11.9231595993042,10.647297859191895,26.409910202026367,0.0,0.03777494119190827,-18.49056053161621,5
1JTD,8,9.539538383483887,8.372900009155273,24.707183837890625,0.0,0.04564235322035556,-15.300262451171875,3
1JTD,9,12.97687816619873,11.610363960266113,27.796138763427734,0.0,0.03397762509535486,-18.999685287475586,0
1JTD,10,8.400206565856934,7.169914245605469,19.482303619384766,0.0,0.0672815976947531,-17.392492294311523,0
1JTD,11,12.457836151123047,10.851819038391113,27.504100799560547,0.0,0.03531006232660131,-15.22789478302002,2
1JTD,12,10.626944541931152,9.640215873718262,25.714183807373047,0.0,0.04071431874159744,-17.413246154785156,3
1JTD,13,12.161445617675781,10.363598823547363,28.028409957885742,0.0,0.03491401513811722,-19.35924530029297,13
1JTD,14,16.047590255737305,12.468206405639648,36.968238830566406,0.0,0.02149299402855007,-17.039939880371094,3
1HE8,0,4.984453201293945,6.769388198852539,13.712972640991211,0.0,0.10812375539462997,-15.070233345031738,12
1HE8,1,23.6298828125,18.627248764038086,63.7353630065918,0.0,0.007972660419597542,-14.254056930541992,30
1HE8,2,4.503283977508545,5.176429748535156,12.583183288574219,0.0,0.130265435007944,-16.362838745117188,6
1HE8,3,34.694725036621094,36.07880783081055,98.52043914794922,0.0,0.0030380635668276223,-19.63685417175293,4
1HE8,4,23.218036651611328,26.318117141723633,67.70829772949219,0.0,0.006251102540219788,-16.12944221496582,7
1HE8,5,26.772611618041992,24.06089973449707,74.02989959716797,0.0,0.005627732940852916,-18.929698944091797,2
1HE8,6,25.854703903198242,23.756572723388672,71.82160949707031,0.0,0.005927948598619126,-20.687620162963867,2
1HE8,7,32.016361236572266,30.992088317871094,89.94247436523438,0.0,0.00372971302885932,-17.499168395996094,0
1HE8,8,26.078157424926758,24.119915008544922,72.4389877319336,0.0,0.005811436227424698,-20.237194061279297,1
1HE8,9,25.592994689941406,24.63339614868164,71.65912628173828,0.0,0.005856352497596518,-21.39529800415039,1
1HE8,10,33.267913818359375,37.169647216796875,93.78033447265625,0.0,0.0032580359976552473,-16.50494384765625,17
1HE8,11,25.945768356323242,24.561574935913086,72.22735595703125,0.0,0.005792043378625512,-20.98891258239746,1
1HE8,12,25.99615478515625,23.95513343811035,71.72114562988281,0.0,0.005918911471860397,-19.3864688873291,3
1HE8,13,33.61671447753906,36.975955963134766,95.21166229248047,0.0,0.0031833124418963084,-18.019025802612305,6
1HE8,14,35.367794036865234,36.40138244628906,99.76019287109375,0.0,0.002967536576689956,-15.877809524536133,3
3K75,0,18.946584701538086,8.700769424438477,42.90171432495117,0.0,0.02221170494735171,-18.240188598632812,0
3K75,1,21.984298706054688,13.484058380126953,56.42184066772461,0.0,0.011471882167724422,-11.930668830871582,1
3K75,2,15.28720474243164,6.84834623336792,31.98357582092285,0.0,0.037249370664109376,-20.92341423034668,1
3K75,3,13.732253074645996,7.9330644607543945,32.08390426635742,0.0,0.03336758302296367,-15.32383918762207,0
3K75,4,14.06214714050293,8.651384353637695,34.0759391784668,0.0,0.02925373502090786,-14.49673843383789,0
3K75,5,21.32524299621582,13.207966804504395,48.113800048828125,0.0,0.01433305232600232,-15.940722465515137,5
3K75,6,18.00608253479004,11.197736740112305,43.15345764160156,0.0,0.01832550404876496,-15.544342041015625,5
3K75,7,14.21622085571289,8.3922700881958,32.51115036010742,0.0,0.031646492917095224,-14.306004524230957,0
3K75,8,19.566448211669922,15.258460998535156,47.446495056152344,0.0,0.013555997885070658,-17.777280807495117,5
3K75,9,12.291722297668457,8.17784309387207,27.69377899169922,0.0,0.03954770100333714,-15.214582443237305,1
3K75,10,13.406671524047852,8.6262845993042,31.86585807800293,0.0,0.03192497363097513,-14.848033905029297,0
3K75,11,13.690964698791504,7.787224769592285,32.06085968017578,0.0,0.03381639911995789,-16.05356216430664,0
3K75,12,18.782289505004883,13.069249153137207,50.710731506347656,0.0,0.01344314075668393,-12.951904296875,0
3K75,13,16.2747859954834,7.254310131072998,33.62356185913086,0.0,0.033690248210911815,-18.86517333984375,1
3K75,14,15.867164611816406,7.800501346588135,32.66548538208008,0.0,0.033025314795156045,-16.412635803222656,3
5O14,0,13.978300094604492,9.901671409606934,31.813154220581055,0.0,0.029688483635600893,-16.22391128540039,3
5O14,1,24.635906219482422,17.76889419555664,61.8442268371582,0.0,0.008538645676671704,-18.99873161315918,2
5O14,2,18.248844146728516,9.16158390045166,40.84531021118164,0.0,0.022538558360514386,-17.261173248291016,21
5O14,3,23.210020065307617,18.133607864379883,56.644020080566406,0.0,0.009606029448467064,-14.603302955627441,1
5O14,4,26.469223022460938,20.561115264892578,65.396484375,0.0,0.0073024015464915005,-18.449100494384766,1
5O14,5,14.696943283081055,10.582257270812988,35.658016204833984,0.0,0.02448802021604041,-14.728936195373535,0
5O14,6,21.486026763916016,19.16667938232422,52.080718994140625,0.0,0.010677756447404804,-18.44676399230957,4
5O14,7,11.940446853637695,8.537836074829102,27.521894454956055,0.0,0.03900714339796869,-13.276183128356934,3
5O14,8,31.785743713378906,24.870256423950195,81.93522644042969,0.0,0.00475732434632545,-16.039352416992188,6
5O14,9,15.011938095092773,13.737086296081543,32.43861770629883,0.0,0.02534423563959808,-16.388118743896484,0
5O14,10,24.08229637145996,22.58827781677246,60.5882453918457,0.0,0.007897384869169148,-17.009416580200195,5
5O14,11,24.103557586669922,16.534473419189453,59.349178314208984,0.0,0.009420863362708561,-18.073652267456055,5
5O14,12,22.53337287902832,21.367778778076172,55.621192932128906,0.0,0.00924152895904227,-17.377473831176758,4
5O14,13,24.362512588500977,16.97231101989746,59.50420379638672,0.0,0.00924919471908993,-20.65155601501465,5
5O14,14,21.80906867980957,15.831478118896484,55.1922721862793,0.0,0.010688652942286611,-16.049148559570312,1
1R8S,0,16.89255714416504,15.985020637512207,37.48710632324219,0.071429,0.04301891802483707,-15.13298225402832,1
1R8S,1,15.617703437805176,14.397297859191895,31.92478370666504,0.071429,0.04945468261195976,-12.776752471923828,1
1R8S,2,10.883009910583496,10.023857116699219,28.268449783325195,0.071429,0.0587494578829593,-15.707457542419434,0
1R8S,3,13.873211860656738,14.275680541992188,34.32900619506836,0.0,0.02289539182887698,-12.973775863647461,4
1R8S,4,10.068535804748535,9.690312385559082,25.477609634399414,0.071429,0.06499588066741772,-13.597976684570312,2
1R8S,5,9.539168357849121,9.152728080749512,23.218923568725586,0.071429,0.07192082801282247,-13.282090187072754,1
1R8S,6,16.994487762451172,16.234085083007812,40.10500717163086,0.0,0.017151392300524752,-13.180879592895508,0
1R8S,7,12.793010711669922,13.09609317779541,35.01370620727539,0.0,0.022867546532747803,-14.646069526672363,0
1R8S,8,10.85550308227539,10.936965942382812,34.56877517700195,0.0,0.025158641419857464,-15.75306510925293,0
1R8S,9,9.79387378692627,9.120712280273438,22.711652755737305,0.0,0.04973159003741123,-12.379356384277344,0
1R8S,10,9.369088172912598,8.907357215881348,23.048015594482422,0.071429,0.07291053636121002,-13.709859848022461,3
1R8S,11,16.479026794433594,15.469588279724121,35.18047332763672,0.071429,0.04529991596612548,-12.7970609664917,5
1R8S,12,15.14516830444336,12.99480152130127,30.36103630065918,0.285714,0.12384868974663309,-16.7948055267334,5
1R8S,13,13.44725513458252,15.45498275756836,46.54700469970703,0.0,0.013867555725018445,-16.809419631958008,0
1R8S,14,14.603337287902832,12.138687133789062,28.80251121520996,0.214286,0.10314693329255392,-14.775735855102539,7
1K74,0,26.020084381103516,27.319278717041016,62.55365753173828,0.0,0.007045057416757687,-11.868133544921875,29
1K74,1,26.93863868713379,27.642227172851562,63.617591857910156,0.0,0.006824926942650341,-13.500079154968262,23
1K74,2,25.109655380249023,26.557762145996094,66.09912872314453,0.0,0.006482505453033502,-16.453197479248047,10
1K74,3,20.333847045898438,19.1944522857666,65.56798553466797,0.0,0.007532606645613407,-17.307483673095703,20
1K74,4,20.200634002685547,19.133413314819336,64.08057403564453,0.0,0.007799710810390483,-16.73232078552246,11
1K74,5,19.97743034362793,18.698280334472656,65.73426818847656,0.0,0.007613336599011211,-17.531110763549805,20
1K74,6,26.142337799072266,26.821447372436523,61.467620849609375,0.0,0.007293868378035361,-12.759843826293945,41
1K74,7,20.011842727661133,18.08783721923828,64.70176696777344,0.0,0.007931994585933288,-17.462190628051758,21
1K74,8,19.295873641967773,16.738527297973633,65.13093566894531,0.0,0.00823776689615611,-19.616846084594727,14
1K74,9,22.143795013427734,24.506383895874023,50.042423248291016,0.0,0.010591494329059906,-14.859471321105957,9
1K74,10,26.97368049621582,29.44523048400879,67.22650909423828,0.0,0.006107815417884579,-14.339546203613281,14
1K74,11,49.89685821533203,59.75578308105469,113.02747344970703,0.0,0.0020844673643302656,0.0,0
1K74,12,20.642135620117188,20.409971237182617,68.33061981201172,0.0,0.006870212189499909,-16.071842193603516,9
1K74,13,20.379430770874023,18.70209312438965,64.11181640625,0.0,0.007888587021274972,-14.190130233764648,26
1K74,14,21.903371810913086,24.384309768676758,67.36454772949219,0.0,0.0064804957563033005,-18.27467918395996,13
3V6Z,0,20.813533782958984,14.313634872436523,53.191627502441406,0.0,0.011920932462238886,-14.90567398071289,35
3V6Z,1,11.00503921508789,10.529735565185547,24.099184036254883,0.0,0.04350970915627377,-17.580141067504883,0
3V6Z,2,8.20981216430664,6.520224094390869,18.4515323638916,0.266667,0.1639980542073268,-13.459820747375488,10
3V6Z,3,12.761898040771484,12.246066093444824,27.579185485839844,0.0,0.03384357776115895,-19.13909149169922,2
3V6Z,4,12.586552619934082,12.197271347045898,26.07110023498535,0.0,0.03699385905492975,-15.481569290161133,0
3V6Z,5,6.250313758850098,6.964984893798828,14.527957916259766,0.066667,0.12200398386264537,-12.918745994567871,20
3V6Z,6,7.15194845199585,8.87918472290039,15.244584083557129,0.133333,0.13274647872579945,-13.402593612670898,10
3V6Z,7,14.36782455444336,13.001580238342285,36.48780822753906,0.0,0.02153664713497171,-16.51581382751465,11
3V6Z,8,11.711204528808594,12.833083152770996,25.368404388427734,0.0,0.03813774457425276,-18.605703353881836,0
3V6Z,9,11.658008575439453,11.8740816116333,25.741352081298828,0.0,0.038008189107376016,-16.719520568847656,3
3V6Z,10,10.331025123596191,11.708952903747559,22.25226402282715,0.0,0.047826227233958,-15.415053367614746,4
3V6Z,11,13.643386840820312,11.898822784423828,27.395326614379883,0.0,0.03448602917709686,-13.080431938171387,10
3V6Z,12,9.633512496948242,10.349475860595703,21.433452606201172,0.133333,0.09660214466248979,-13.252969741821289,6
3V6Z,13,11.78370189666748,12.128396034240723,26.003936767578125,0.066667,0.05942157013769813,-17.134021759033203,5
3V6Z,14,11.76986026763916,11.30766773223877,26.681655883789062,0.333333,0.14758744465767662,-16.13276481628418,19
5HYS,0,11.310894012451172,9.319220542907715,26.183351516723633,0.0,0.04019755191778166,-15.904842376708984,14
5HYS,1,22.548192977905273,16.425691604614258,76.07929992675781,0.0,0.006866378805665423,-15.844491004943848,10
5HYS,2,17.929101943969727,13.042654991149902,48.3013801574707,0.0,0.014364058265575047,-17.299707412719727,5
5HYS,3,27.151874542236328,18.29878044128418,45.3635368347168,0.0,0.013531085619759275,-15.405256271362305,4
5HYS,4,13.026995658874512,11.023859977722168,29.43372917175293,0.0,0.03171829333316333,-15.796542167663574,10
5HYS,5,14.565577507019043,13.497368812561035,33.28663635253906,0.0,0.024471884958472412,-16.631200790405273,12
5HYS,6,7.423365592956543,7.83169412612915,20.421052932739258,0.0,0.06101820657379305,-18.25829315185547,10
5HYS,7,26.397165298461914,17.138063430786133,40.260047912597656,0.0,0.016758319404372207,-16.14179039001465,13
5HYS,8,12.94241714477539,13.321840286254883,33.38011932373047,0.0,0.024471221380869042,-17.4515380859375,17
5HYS,9,18.865766525268555,10.889451026916504,34.00514221191406,0.0,0.02580932254949847,-14.058836936950684,30
5HYS,10,25.59813117980957,19.116331100463867,37.31629180908203,0.0,0.01848167233181336,-17.78441047668457,5
5HYS,11,13.388143539428711,14.214747428894043,30.545833587646484,0.0,0.027627322903007318,-15.764986038208008,12
5HYS,12,20.005245208740234,14.477090835571289,57.58230972290039,0.0,0.010648951852711872,-17.0013484954834,20
5HYS,13,26.350954055786133,18.297109603881836,76.34121704101562,0.0,0.006307054128319905,-16.788284301757812,19
5HYS,14,21.200448989868164,13.734294891357422,53.953739166259766,0.0,0.012001987577418627,-15.781365394592285,13
1DE4,0,37.430747985839844,24.825790405273438,49.19694519042969,0.0,0.010874447868190544,-13.715422630310059,18
1DE4,1,15.46640682220459,13.767759323120117,26.4429931640625,0.0,0.035127277145375224,-14.973217010498047,17
1DE4,2,28.307998657226562,28.201271057128906,80.68985748291016,0.0,0.004598721919407731,-14.052079200744629,70
1DE4,3,22.91793441772461,17.73432159423828,52.91057586669922,0.0,0.010753958833515195,-15.664381980895996,28
1DE4,4,33.71591567993164,21.095685958862305,58.94707107543945,0.0,0.0084665712650833,-11.401545524597168,65
1DE4,5,18.639427185058594,15.662477493286133,58.09821319580078,0.0,0.010014959122043693,-13.118329048156738,22
1DE4,6,37.89378356933594,31.668169021606445,86.52313995361328,0.0,0.003932434102777911,-12.863784790039062,5
1DE4,7,28.112693786621094,25.739879608154297,48.51089096069336,0.0,0.011057166191480007,-13.524564743041992,46
1DE4,8,33.80632400512695,32.202476501464844,93.07813262939453,0.0,0.003478533113423334,-13.857782363891602,24
1DE4,9,16.19830894470215,17.982627868652344,81.05307006835938,0.0,0.005929261312658735,-13.263050079345703,34
1DE4,10,6.902568817138672,5.075928211212158,19.803577423095703,0.0,0.07862681965181194,-14.877240180969238,19
1DE4,11,22.198347091674805,17.355667114257812,58.1826171875,0.0,0.009437021110102499,-16.200593948364258,35
1DE4,12,16.604923248291016,14.776837348937988,54.228572845458984,0.0,0.011392915190633781,-13.530694961547852,25
1DE4,13,34.01546859741211,29.59424591064453,65.92463684082031,0.0,0.006304951481046311,-13.994946479797363,39
1DE4,14,13.698716163635254,10.756105422973633,31.93075180053711,0.0,0.028416872266617533,-16.7318058013916,16
1CGI,0,11.148772239685059,11.095856666564941,33.593605041503906,0.0,0.02603878894595953,-16.920413970947266,7
1CGI,1,5.334665298461914,6.718381881713867,12.6159029006958,0.225806,0.19516759249247684,-23.810714721679688,1
1CGI,2,5.551066875457764,6.804185390472412,13.539838790893555,0.129032,0.15269076926725408,-20.375635147094727,4
1CGI,3,2.864576816558838,2.9989230632781982,7.74100923538208,0.16129,0.3026786859489225,-24.303205490112305,0
1CGI,4,5.562661647796631,6.859655857086182,13.271875381469727,0.225806,0.18743683974066128,-20.965591430664062,5
1CGI,5,5.268741607666016,6.430398941040039,12.732576370239258,0.290323,0.21673456108589062,-20.105388641357422,3
1CGI,6,6.624697208404541,8.122300148010254,16.552833557128906,0.064516,0.10205439002952078,-19.686525344848633,2
1CGI,7,6.2600321769714355,7.908085346221924,15.07007122039795,0.225806,0.1672951146201587,-21.03196144104004,1
1CGI,8,9.43020248413086,8.627547264099121,28.66042709350586,0.096774,0.06898712124688702,-16.16902732849121,7
1CGI,9,6.372837543487549,6.171472072601318,18.02603530883789,0.129032,0.12223858887582023,-17.626577377319336,4
1CGI,10,6.08590030670166,7.724215507507324,14.224564552307129,0.096774,0.13207875694538362,-21.376667022705078,6
1CGI,11,5.470965385437012,7.0927629470825195,13.332098007202148,0.096774,0.1428634659333123,-22.767669677734375,3
1CGI,12,7.715409278869629,7.672878742218018,22.099958419799805,0.129032,0.09823646037939877,-13.498449325561523,21
1CGI,13,7.082660675048828,8.435534477233887,18.544004440307617,0.0,0.06809136483419605,-16.462085723876953,6
1CGI,14,2.399783134460449,2.390044689178467,7.208086967468262,0.258065,0.3741128947836608,-21.67827796936035,5
2CFH,0,16.649518966674805,15.032630920410156,32.431663513183594,0.0,0.024711414916899804,-12.456480979919434,6
2CFH,1,4.4870452880859375,3.7933740615844727,11.099098205566406,0.454545,0.3198142004129252,-19.40910530090332,0
2CFH,2,19.274394989013672,19.386470794677734,40.91287612915039,0.0,0.015776216149320992,-13.758964538574219,1
2CFH,3,14.980887413024902,14.047125816345215,24.427867889404297,0.0,0.03975862563729432,-13.479391098022461,3
2CFH,4,15.12411880493164,16.61014175415039,59.45980453491211,0.0,0.009371920394677748,-10.84133243560791,0
2CFH,5,15.909856796264648,15.792869567871094,30.193212509155273,0.0,0.027458070723830153,-12.571258544921875,4
2CFH,6,19.92188262939453,20.201889038085938,44.65892028808594,0.0,0.013480847104296284,-11.676993370056152,5
2CFH,7,16.6798152923584,15.074494361877441,26.468280792236328,0.0,0.03443104247027509,-16.22899627685547,0
2CFH,8,8.012487411499023,6.894595146179199,17.321531295776367,0.0,0.07975514919335083,-15.367339134216309,0
2CFH,9,8.365031242370605,6.535159111022949,23.27444839477539,0.0,0.055908991338291004,-19.491487503051758,0
2CFH,10,14.213210105895996,13.419663429260254,23.114883422851562,0.0,0.04381883407571537,-12.04037094116211,0
2CFH,11,4.62613582611084,4.026018142700195,11.003910064697266,0.090909,0.1955012020166705,-16.623804092407227,0
2CFH,12,4.455010890960693,3.548631191253662,12.070971488952637,0.0,0.16102472182895897,-18.59609031677246,0
2CFH,13,15.969146728515625,14.560458183288574,24.94903564453125,0.0,0.038167493905867204,-14.466418266296387,2
2CFH,14,4.892556667327881,4.3321943283081055,11.659832000732422,0.090909,0.1816599531189047,-16.86292839050293,0
1DFJ,0,11.399967193603516,14.814380645751953,65.11376190185547,0.0,0.008967829009554529,-18.128345489501953,7
1DFJ,1,8.287650108337402,10.498497009277344,46.037261962890625,0.0,0.017657066313449488,-16.005495071411133,1
1DFJ,2,9.80069637298584,13.972288131713867,52.76667022705078,0.0,0.01222880493386202,-18.937379837036133,0
1DFJ,3,8.632262229919434,11.80005931854248,48.93313980102539,0.0,0.0150640485048405,-20.6622257232666,2
1DFJ,4,4.885752201080322,5.40382194519043,22.653926849365234,0.333333,0.17609381696614657,-17.488550186157227,0
1DFJ,5,10.522209167480469,14.617635726928711,58.11799621582031,0.0,0.01045419835824417,-18.246047973632812,3
1DFJ,6,11.474308967590332,16.406858444213867,62.60696792602539,0.0,0.008796169222072561,-19.04645347595215,0
1DFJ,7,7.104628562927246,10.31868839263916,36.28380584716797,0.0,0.024239668832609345,-18.66887664794922,0
1DFJ,8,11.549144744873047,16.691335678100586,63.98307418823242,0.0,0.008451266821131856,-19.011608123779297,0
1DFJ,9,8.905433654785156,12.920312881469727,47.308349609375,0.0,0.014857227119836539,-16.798137664794922,1
1DFJ,10,11.766669273376465,16.3167781829834,59.92334747314453,0.0,0.009368081974506717,-19.475868225097656,0
1DFJ,11,4.767880916595459,5.671964168548584,21.731550216674805,0.0,0.06601825774157342,-20.278352737426758,0
1DFJ,12,9.972001075744629,14.307846069335938,58.87025833129883,0.0,0.010430940016065185,-19.62229347229004,1
1DFJ,13,11.48917007446289,16.42405891418457,61.9279899597168,0.0,0.00892099148555428,-14.314058303833008,0
1DFJ,14,6.970449447631836,7.553722858428955,25.530595779418945,0.0,0.04590714875086852,-22.17954444885254,0
6DBG,0,2.804074764251709,2.138378143310547,13.599217414855957,0.0,0.20356849010302425,-17.94211196899414,0
6DBG,1,10.432831764221191,9.150946617126465,46.41088104248047,0.0,0.01954000120119689,-19.43602180480957,0
6DBG,2,2.690105438232422,3.0668325424194336,15.28534984588623,0.0,0.1430790264056436,-18.686296463012695,0
6DBG,3,9.244717597961426,7.528335094451904,40.27981948852539,0.0,0.026938720249359255,-18.898590087890625,0
6DBG,4,3.9650347232818604,2.914062738418579,12.727518081665039,0.0,0.1726358510514534,-17.496479034423828,0
6DBG,5,5.278446197509766,4.977304458618164,26.498584747314453,0.0,0.05885190259877562,-17.510665893554688,0
6DBG,6,4.129367351531982,3.6515703201293945,19.98600196838379,0.0,0.09918390409893936,-16.99228858947754,0
6DBG,7,7.938928604125977,7.588311672210693,36.51544952392578,0.0,0.02966850257119223,-17.130212783813477,0
6DBG,8,5.6587653160095215,5.0123443603515625,18.724271774291992,0.0,0.0843536781793348,-17.507944107055664,0
6DBG,9,4.5774736404418945,4.683322906494141,23.274412155151367,0.0,0.07023983883224029,-17.415233612060547,0
6DBG,10,10.722284317016602,9.158268928527832,46.70137023925781,0.0,0.019396564919313453,-20.292043685913086,0
6DBG,11,10.682718276977539,9.420095443725586,42.143943786621094,0.0,0.02127238172858631,-16.619915008544922,19
6DBG,12,10.444684028625488,9.321476936340332,45.72359085083008,0.0,0.019548496215991015,-19.2957706451416,0
6DBG,13,2.336087226867676,2.847170352935791,10.252128601074219,0.0,0.2082099401098322,-18.03304100036621,0
6DBG,14,10.76429557800293,9.409329414367676,46.31293487548828,0.0,0.019123585245939264,-19.60130500793457,0
4HX3,0,22.326932907104492,19.90436363220215,58.38544464111328,0.0,0.008800662031359709,-18.45232391357422,0
4HX3,1,21.566024780273438,19.70524024963379,66.07371520996094,0.0,0.007347021863039945,-20.876548767089844,1
4HX3,2,17.083995819091797,17.666889190673828,52.11796569824219,0.0,0.011022293910050366,-19.18442153930664,0
4HX3,3,22.898229598999023,19.186120986938477,64.40550231933594,0.0,0.007731591824575825,-19.187063217163086,0
4HX3,4,21.83661460876465,19.612884521484375,65.6688232421875,0.0,0.00743106282473955,-18.27791976928711,0
4HX3,5,19.587125778198242,19.34536361694336,56.82664489746094,0.0,0.009286693635300177,-20.170846939086914,0
4HX3,6,21.753273010253906,19.44038963317871,66.14849090576172,0.0,0.007387329487758437,-19.118165969848633,0
4HX3,7,23.05425453186035,19.125654220581055,64.9554672241211,0.0,0.007649735549816323,-18.802223205566406,0
4HX3,8,22.37985610961914,17.823720932006836,59.605506896972656,0.0,0.00898778233996776,-17.57871437072754,0
4HX3,9,21.754602432250977,19.04871940612793,64.67142486572266,0.0,0.007714693334989762,-17.45979881286621,0
4HX3,10,20.776254653930664,19.090576171875,64.80452728271484,0.0,0.007682915098104614,-21.271860122680664,0
4HX3,11,22.627382278442383,19.13409996032715,66.31708526611328,0.0,0.007423553068149385,-17.364097595214844,0
4HX3,12,19.595842361450195,18.53321075439453,58.500938415527344,0.0,0.009060889298986853,-17.060636520385742,0
4HX3,13,21.4841365814209,19.867631912231445,65.84442901611328,0.0,0.007353173065072274,-20.18311882019043,0
4HX3,14,18.659330368041992,19.166290283203125,56.073524475097656,0.0,0.009516696507604292,-21.158546447753906,0
1ZHI,0,16.289104461669922,13.236717224121094,43.30101776123047,0.0,0.016594296323411254,-17.958314895629883,4
1ZHI,1,14.842954635620117,14.99282455444336,32.91804504394531,0.0,0.0241395371189051,-15.340819358825684,6
1ZHI,2,23.81987953186035,20.290523529052734,57.122554779052734,0.0,0.009032667376399703,-17.233930587768555,2
1ZHI,3,18.238351821899414,17.699365615844727,40.20624923706055,0.0,0.01663772940661182,-15.765869140625,6
1ZHI,4,14.468337059020996,16.57695960998535,35.29758834838867,0.0,0.02097741797901274,-16.65675926208496,1
1ZHI,5,19.024829864501953,19.921152114868164,46.3687629699707,0.0,0.012716278734284825,-15.970022201538086,0
1ZHI,6,21.625587463378906,20.86155128479004,51.713321685791016,0.0,0.010483144365051461,-13.893997192382812,14
1ZHI,7,14.830965995788574,15.681445121765137,37.637699127197266,0.0,0.019198106264850634,-14.209773063659668,2
1ZHI,8,17.969118118286133,16.672258377075195,38.67317199707031,0.0,0.018037122622089303,-12.614594459533691,18
1ZHI,9,14.417083740234375,15.938251495361328,35.53964614868164,0.0,0.020962185970372263,-15.951146125793457,0
1ZHI,10,16.72234535217285,17.348743438720703,40.24918746948242,0.0,0.01670494925917323,-16.004777908325195,8
1ZHI,11,16.582496643066406,16.426498413085938,34.37348175048828,0.0,0.021965027916118745,-15.899042129516602,5
1ZHI,12,16.91242790222168,14.707998275756836,35.04912567138672,0.0,0.021947109305708052,-16.274709701538086,0
1ZHI,13,16.744688034057617,14.554459571838379,33.277713775634766,0.0,0.02391887781919423,-15.770063400268555,21
1ZHI,14,23.490097045898438,23.888057708740234,59.71603775024414,0.0,0.007928626854723524,-14.109435081481934,4
1GRN,0,8.485770225524902,7.830137729644775,21.76393699645996,0.2,0.1225815620222601,-15.945640563964844,1
1GRN,1,13.783669471740723,11.447314262390137,31.29115867614746,0.0,0.028533044683160296,-16.195541381835938,2
1GRN,2,11.864641189575195,9.934449195861816,29.31301498413086,0.0,0.033284192775606784,-14.686012268066406,0
1GRN,3,14.763450622558594,12.0276517868042,32.830039978027344,0.0,0.02604592191856073,-14.722146034240723,3
1GRN,4,11.335112571716309,9.725015640258789,28.587255477905273,0.0,0.034821567889862175,-13.886591911315918,0
1GRN,5,9.277256965637207,7.928544521331787,27.629125595092773,0.0,0.04033961058198235,-15.065900802612305,0
1GRN,6,18.475990295410156,14.21267318725586,34.531578063964844,0.0,0.022714996331222467,-14.73499870300293,0
1GRN,7,13.915634155273438,13.07159423828125,55.14100646972656,0.0,0.012069260416167146,-14.910658836364746,0
1GRN,8,8.498250007629395,7.757133960723877,26.20587921142578,0.2,0.11041187056319325,-16.402786254882812,1
1GRN,9,7.758645057678223,8.582716941833496,31.857580184936523,0.0,0.03203233996331126,-15.360773086547852,0
1GRN,10,9.757734298706055,8.407955169677734,26.499683380126953,0.0,0.041377904979390125,-14.33415699005127,1
1GRN,11,9.475508689880371,8.198359489440918,25.054180145263672,0.0,0.04520373223591647,-15.755430221557617,1
1GRN,12,43.9509162902832,52.33723068237305,131.38661193847656,0.0,0.0016628934690012117,0.0,0
1GRN,13,9.155570030212402,8.624863624572754,24.858186721801758,0.2,0.11134720651447334,-15.237112045288086,0
1GRN,14,17.593555450439453,13.24886703491211,34.82843780517578,0.0,0.02295659379225115,-14.951969146728516,0
1H1V,0,22.18819236755371,21.617841720581055,75.76457977294922,0.0,0.0057405220806153665,-10.305060386657715,28
1H1V,1,20.741270065307617,21.070749282836914,69.53338623046875,0.0,0.006588573670927622,-10.286128997802734,31
1H1V,2,18.439167022705078,18.275985717773438,55.91609573364258,0.0,0.009759130303052642,-11.750260353088379,17
1H1V,3,12.276113510131836,14.704426765441895,31.32185935974121,0.0,0.026297417997176397,-13.764135360717773,5
1H1V,4,15.309325218200684,12.882437705993652,34.395301818847656,0.0,0.02364430935634765,-9.695871353149414,33
1H1V,5,25.05170440673828,23.471839904785156,72.052978515625,0.0,0.005931008210566615,-10.904333114624023,38
1H1V,6,26.709562301635742,24.405588150024414,70.90363311767578,0.0,0.005977042191733994,-14.853964805603027,12
1H1V,7,13.603702545166016,13.05797290802002,24.5112247467041,0.0,0.040123642516634445,-9.987075805664062,49
1H1V,8,21.402141571044922,15.284626960754395,44.5222053527832,0.0,0.014902088338867941,-12.11454963684082,10
1H1V,9,21.8502254486084,19.73699188232422,69.25066375732422,0.0,0.006861619432511771,-10.042407989501953,20
1H1V,10,22.094379425048828,15.061873435974121,50.57334518432617,0.0,0.01243099932457698,-14.642557144165039,0
1H1V,11,18.31791114807129,16.706289291381836,40.11582946777344,0.0,0.016987993776871924,-11.095185279846191,24
1H1V,12,17.85256004333496,18.915613174438477,61.1802864074707,0.0,0.00839538286766532,-11.466805458068848,5
1H1V,13,19.854595184326172,18.696149826049805,58.83269500732422,0.0,0.008947564047305045,-11.972055435180664,35
1H1V,14,19.0438289642334,17.728713989257812,66.37517547607422,0.0,0.00774748770641199,-10.265438079833984,29
2VXT,0,3.852431535720825,3.1219305992126465,9.463008880615234,0.0,0.21136614971809756,-18.050331115722656,4
2VXT,1,17.48310661315918,14.01720142364502,48.0248908996582,0.0,0.013898760532243716,-17.261871337890625,0
2VXT,2,15.755678176879883,13.468348503112793,40.63657760620117,0.0,0.018056778240076017,-19.510042190551758,2
2VXT,3,13.924241065979004,11.568283081054688,39.953365325927734,0.0,0.019945596664885146,-15.787430763244629,4
2VXT,4,21.7109432220459,16.748838424682617,56.23849105834961,0.0,0.010096873663123751,-18.814762115478516,1
2VXT,5,19.258874893188477,14.658157348632812,54.11421585083008,0.0,0.01148062193251427,-18.160831451416016,9
2VXT,6,12.25838851928711,12.055096626281738,25.21388053894043,0.066667,0.0613209816865953,-17.662317276000977,3
2VXT,7,11.781414031982422,11.010897636413574,24.32069969177246,0.0,0.04235730914896565,-16.512413024902344,3
2VXT,8,23.342538833618164,17.64767074584961,59.53361129760742,0.0,0.009050184760326294,-18.070858001708984,5
2VXT,9,17.164501190185547,14.028130531311035,48.79935836791992,0.0,0.01358351589649178,-17.75636863708496,4
2VXT,10,5.263680458068848,6.750176429748535,16.23683738708496,0.0,0.08738664482287789,-20.5168399810791,4
2VXT,11,19.681581497192383,15.88046932220459,53.736907958984375,0.0,0.01108417941997121,-18.27885627746582,4
2VXT,12,18.18655014038086,13.293440818786621,48.172176361083984,0.0,0.014255631140127456,-16.908578872680664,7
2VXT,13,12.92941951751709,9.809408187866211,37.0019416809082,0.0,0.024324551780513074,-21.056215286254883,0
2VXT,14,12.12267017364502,11.738543510437012,24.064069747924805,0.0,0.04233113781216657,-20.597179412841797,3
6A77,0,11.440258026123047,15.0501127243042,32.87166976928711,0.0,0.024169827890436646,-15.158740043640137,0
6A77,1,6.229085445404053,6.58859920501709,15.650839805603027,0.0,0.09235093401440099,-15.746298789978027,6
6A77,2,10.0518798828125,13.051197052001953,24.213825225830078,0.0,0.04091544083795685,-16.740156173706055,4
6A77,3,12.57166862487793,14.460457801818848,36.79478073120117,0.0,0.020436013835757525,-17.380830764770508,0
6A77,4,9.830474853515625,11.993782043457031,23.631990432739258,0.0,0.04331725752609487,-16.897764205932617,3
6A77,5,14.462519645690918,11.289700508117676,38.330692291259766,0.0,0.021405640050612004,-13.813156127929688,25
6A77,6,10.86568546295166,14.386063575744629,33.528507232666016,0.0,0.02371458709034897,-15.694757461547852,0
6A77,7,8.235668182373047,10.92100715637207,20.235546112060547,0.0,0.05616560889676464,-14.090450286865234,4
6A77,8,7.019569396972656,9.82589054107666,17.408103942871094,0.0,0.07176347644230104,-18.414628982543945,0
6A77,9,13.112946510314941,12.216007232666016,37.07076644897461,0.0,0.021600600264402497,-14.000109672546387,7
6A77,10,7.174409866333008,9.300972938537598,17.891313552856445,0.0,0.06983234318288249,-17.3072452545166,0
6A77,11,9.912864685058594,13.201403617858887,28.31340980529785,0.0,0.03180712092795513,-14.935075759887695,0
6A77,12,9.286955833435059,11.903971672058105,22.379995346069336,0.0,0.04723185375203682,-15.051966667175293,4
6A77,13,31.453168869018555,33.46406173706055,85.24716186523438,0.0,0.003949801777140162,-18.954992294311523,2
6A77,14,9.419933319091797,10.647882461547852,23.340675354003906,0.0,0.045516958418291065,-17.107328414916992,3
1K5D,0,6.834024906158447,4.3451385498046875,21.057003021240234,0.125,0.12386588334433213,-15.223733901977539,2
1K5D,1,7.180355548858643,6.8661017417907715,27.449399948120117,0.0,0.04435070975643071,-13.196990966796875,1
1K5D,2,28.013647079467773,11.103094100952148,50.69535827636719,0.0,0.015089369130705596,-11.691512107849121,59
1K5D,3,8.697236061096191,7.090710639953613,30.580018997192383,0.0,0.03818477203769762,-12.213517189025879,0
1K5D,4,10.079934120178223,7.569581508636475,30.40176773071289,0.0,0.0367622592025888,-12.854447364807129,0
1K5D,5,29.27998161315918,14.786643981933594,46.59247589111328,0.0,0.014131867954798557,-14.601189613342285,0
1K5D,6,19.736539840698242,16.29275894165039,68.19904327392578,0.0,0.007900373864616695,-12.673373222351074,21
1K5D,7,24.3842830657959,17.343013763427734,50.227882385253906,0.0,0.01175534692808481,-15.157280921936035,3
1K5D,8,13.936763763427734,14.432103157043457,49.410011291503906,0.0,0.013143557406311087,-14.303632736206055,0
1K5D,9,30.52566909790039,14.838356971740723,54.43617630004883,0.0,0.011305665034745447,-15.329851150512695,2
1K5D,10,8.795317649841309,8.880908966064453,31.391857147216797,0.0,0.03201505958469694,-13.54101276397705,4
1K5D,11,29.101009368896484,15.224339485168457,48.631832122802734,0.0,0.013085842305685422,-15.526841163635254,0
1K5D,12,28.859169006347656,14.3209867477417,48.95003128051758,0.0,0.013374068626992626,-15.988356590270996,0
1K5D,13,8.497904777526855,6.9255452156066895,29.420862197875977,0.0,0.04061597282849311,-13.37385082244873,2
1K5D,14,18.590425491333008,17.66260528564453,71.20010375976562,0.0,0.007070800648127123,-13.176206588745117,0
1I2M,0,11.432762145996094,14.411860466003418,54.379417419433594,0.0,0.011522194875702328,-17.623266220092773,0
1I2M,1,12.12609577178955,13.361202239990234,46.70320510864258,0.0,0.014836245829571965,-18.309341430664062,0
1I2M,2,9.112444877624512,9.402060508728027,44.5678825378418,0.0,0.01997288976269521,-19.809181213378906,2
1I2M,3,13.854527473449707,15.243470191955566,50.43085861206055,0.0,0.012404599987148164,-18.85553741455078,1
1I2M,4,12.37906551361084,14.415209770202637,46.97795104980469,0.222222,0.08821128339091087,-18.951921463012695,0
1I2M,5,10.409832954406738,11.129191398620605,44.854068756103516,0.0,0.017502780431669012,-19.74677085876465,0
1I2M,6,13.681106567382812,14.661857604980469,56.6357536315918,0.0,0.010795515900909812,-18.75028419494629,0
1I2M,7,13.287251472473145,14.280715942382812,57.820133209228516,0.0,0.010688800026125234,-17.57024383544922,0
1I2M,8,13.519287109375,14.074562072753906,53.813438415527344,0.0,0.011857532618930133,-18.53384780883789,0
1I2M,9,11.170713424682617,12.96362590789795,46.20990753173828,0.666667,0.2375354371965418,-20.02775764465332,1
1I2M,10,8.162393569946289,7.84402322769165,41.22810363769531,0.0,0.025350407586481837,-19.659801483154297,2
1I2M,11,8.883859634399414,9.57214069366455,42.666259765625,0.0,0.02071387044538303,-17.761869430541992,1
1I2M,12,11.08028793334961,12.319734573364258,44.022056579589844,0.555555,0.20203492885250784,-19.123699188232422,0
1I2M,13,13.779851913452148,15.49596118927002,50.979881286621094,0.0,0.012110309613190344,-20.30963706970215,1
1I2M,14,12.455445289611816,13.765538215637207,50.98159408569336,0.0,0.012926885293228009,-18.544330596923828,0
1ZHH,0,15.46428108215332,15.871224403381348,35.768070220947266,0.0,0.02076938654702402,-18.70106315612793,0
1ZHH,1,14.238543510437012,14.415243148803711,30.99594497680664,0.0,0.02688459517015526,-16.25729751586914,8
1ZHH,2,27.963726043701172,28.603485107421875,70.7041244506836,0.0,0.005663102718911604,-15.591910362243652,2
1ZHH,3,18.15520668029785,17.922222137451172,39.334232330322266,0.0,0.017190178493536084,-14.926703453063965,0
1ZHH,4,16.08080291748047,16.616113662719727,38.10299301147461,0.0,0.0184962945060857,-17.686275482177734,1
1ZHH,5,26.535003662109375,28.8326473236084,73.92155456542969,0.0,0.005249548137544594,-14.7186918258667,0
1ZHH,6,20.83109474182129,21.41107177734375,42.680599212646484,0.0,0.014344388971118005,-16.684553146362305,0
1ZHH,7,23.395917892456055,24.441225051879883,65.38874053955078,0.0,0.006789809775096485,-17.613689422607422,3
1ZHH,8,17.538652420043945,17.32147216796875,39.97901916503906,0.0,0.016897335562557094,-16.37933349609375,0
1ZHH,9,15.422590255737305,15.762954711914062,34.54824447631836,0.0,0.022017082872395937,-18.484146118164062,0
1ZHH,10,14.255390167236328,16.286937713623047,31.81732749938965,0.0,0.02500855175497665,-15.607489585876465,1
1ZHH,11,20.04281997680664,24.953317642211914,58.041019439697266,0.0,0.00819907154827263,-13.833357810974121,0
1ZHH,12,15.827223777770996,16.341224670410156,36.865928649902344,0.0,0.01961079319987874,-18.413928985595703,0
1ZHH,13,18.677410125732422,21.157268524169922,36.40459060668945,0.0,0.01889972038590331,-23.724611282348633,1
1ZHH,14,16.729108810424805,18.014432907104492,39.37512969970703,0.0,0.017137162720450433,-16.261260986328125,0
3DAW,0,17.667877197265625,16.973379135131836,45.96833038330078,0.0,0.013603547319872974,-17.633161544799805,0
3DAW,1,23.209400177001953,21.274290084838867,66.60066986083984,0.0,0.006991385609894538,-14.323665618896484,0
3DAW,2,25.551069259643555,21.620771408081055,76.73582458496094,0.0,0.0056371335834237675,-16.788639068603516,1
3DAW,3,7.936119556427002,8.177129745483398,18.69428825378418,0.0,0.06795794161537881,-15.58049201965332,6
3DAW,4,25.084218978881836,21.116140365600586,69.0949935913086,0.0,0.006642935957886499,-17.585330963134766,0
3DAW,5,28.143482208251953,24.38351821899414,78.66138458251953,0.0,0.005103951646452752,-15.113505363464355,0
3DAW,6,25.5706729888916,22.14785385131836,78.04816436767578,0.0,0.005429228602708897,-15.25036907196045,0
3DAW,7,28.3566837310791,24.454879760742188,79.18550872802734,0.0,0.00504647271890228,-14.90916919708252,1
3DAW,8,26.258562088012695,21.396923065185547,72.16051483154297,0.0,0.006191921723980867,-16.57474136352539,4
3DAW,9,14.310137748718262,14.266953468322754,42.12948989868164,0.0,0.016682533055658737,-12.929880142211914,0
3DAW,10,21.5589656829834,19.94043731689453,67.3248062133789,0.0,0.007105564167140384,-16.619789123535156,5
3DAW,11,24.67880630493164,20.057912826538086,69.50970458984375,0.0,0.006764928943454064,-14.429823875427246,1
3DAW,12,26.121368408203125,21.0693359375,70.57064819335938,0.0,0.0064476341340270115,-11.077831268310547,3
3DAW,13,16.712528228759766,17.958324432373047,44.009490966796875,0.0,0.014296671731956161,-11.722463607788086,0
3DAW,14,21.074522018432617,20.455474853515625,58.20664596557617,0.0,0.008742813489934905,-13.13280200958252,3
2X9A,0,10.22797679901123,10.228707313537598,33.77047348022461,0.0,0.02687679949595162,-13.620508193969727,0
2X9A,1,13.479671478271484,12.721587181091309,44.17000198364258,0.0,0.016474051596243548,-13.476927757263184,0
2X9A,2,11.977462768554688,10.40070629119873,24.56513214111328,0.0,0.042434235351098894,-17.032861709594727,0
2X9A,3,13.675975799560547,14.270715713500977,51.127193450927734,0.0,0.012607930012135565,-15.817843437194824,0
2X9A,4,13.738717079162598,11.153008460998535,36.35159683227539,0.0,0.023202601276044097,-15.800034523010254,24
2X9A,5,11.45423698425293,11.817937850952148,23.570222854614258,0.0,0.04364604733255271,-16.528854370117188,3
2X9A,6,13.897072792053223,13.998827934265137,48.917388916015625,0.0,0.013553205566357142,-15.209375381469727,0
2X9A,7,9.121896743774414,8.089980125427246,17.115026473999023,0.277778,0.16962158891505866,-17.776979446411133,5
2X9A,8,9.279296875,9.554780960083008,25.034156799316406,0.0,0.04247363373586747,-14.41157341003418,1
2X9A,9,14.2540922164917,13.419201850891113,37.79719924926758,0.0,0.020159694317647844,-17.77712631225586,0
2X9A,10,13.587868690490723,14.482721328735352,48.49504852294922,0.0,0.01347303657802404,-16.622230529785156,0
2X9A,11,12.250165939331055,12.740859985351562,48.600738525390625,0.0,0.014450471874980803,-16.173879623413086,0
2X9A,12,10.659384727478027,10.363602638244629,19.49085235595703,0.0,0.06010450064348439,-15.442659378051758,0
2X9A,13,13.657889366149902,14.33730411529541,44.25620651245117,0.0,0.015467772210900975,-16.225088119506836,0
2X9A,14,12.091017723083496,12.362497329711914,38.49141311645508,0.0,0.020335419207652916,-13.841398239135742,0
1XU1,0,8.201955795288086,13.31625747680664,31.08680534362793,0.0,0.027363966242646396,-15.62897777557373,7
1XU1,1,8.566689491271973,11.170564651489258,32.98252487182617,0.0,0.026663805998619828,-16.10000228881836,1
1XU1,2,8.690085411071777,14.372183799743652,30.993274688720703,0.0,0.026909527926655807,-11.812444686889648,24
1XU1,3,9.581127166748047,14.269726753234863,36.733619689941406,0.0,0.02058388583867515,-17.389150619506836,2
1XU1,4,9.592181205749512,14.16989517211914,36.46424102783203,0.0,0.02087310582872745,-17.272823333740234,1
1XU1,5,9.54444694519043,13.453361511230469,36.21906661987305,0.0,0.021493289657753992,-17.351890563964844,0
1XU1,6,8.016201972961426,9.583155632019043,31.271642684936523,0.0,0.030904246826378476,-14.673776626586914,6
1XU1,7,5.63986349105835,9.799016952514648,20.671815872192383,0.5,0.2225063863281406,-14.8923921585083,2
1XU1,8,8.316964149475098,10.16689682006836,29.81888198852539,0.0,0.032151075076635637,-11.52402114868164,26
1XU1,9,6.291418075561523,8.154252052307129,24.89508056640625,0.0,0.04571213662298418,-14.828639030456543,3
1XU1,10,5.206924915313721,8.556417465209961,19.035717010498047,0.166667,0.12090826127074024,-13.06141185760498,6
1XU1,11,7.001552581787109,9.163118362426758,27.366830825805664,0.0,0.038026646296910445,-15.352250099182129,1
1XU1,12,8.677389144897461,12.397515296936035,33.22539138793945,0.0,0.025285233012614598,-15.5812406539917,5
1XU1,13,8.209228515625,12.18474006652832,31.894603729248047,0.0,0.027080805913675798,-16.831050872802734,0
1XU1,14,8.322585105895996,13.472660064697266,31.539344787597656,0.0,0.026652842392047005,-17.821043014526367,7
4LW4,0,25.638103485107422,26.814952850341797,76.04652404785156,0.0,0.005152867241535024,-18.182872772216797,3
4LW4,1,10.188361167907715,11.628233909606934,30.04317283630371,0.0,0.03016075376228648,-18.914960861206055,7
4LW4,2,8.97341537475586,10.09269905090332,29.13992691040039,0.0,0.033341918059743826,-18.146728515625,2
4LW4,3,8.863301277160645,11.747251510620117,23.43762969970703,0.0,0.044093489227913486,-16.27870750427246,4
4LW4,4,14.481210708618164,12.480055809020996,47.52726745605469,0.0,0.015078137908753146,-13.526275634765625,6
4LW4,5,25.594730377197266,22.92184829711914,75.03866577148438,0.0,0.005644252355796297,-15.479936599731445,7
4LW4,6,25.42307472229004,25.638830184936523,76.45637512207031,0.0,0.005206677652107694,-17.907363891601562,5
4LW4,7,9.045373916625977,10.076602935791016,27.314302444458008,0.0,0.03665644857460557,-14.869791984558105,10
4LW4,8,12.313587188720703,12.31197738647461,38.197269439697266,0.0,0.020602928928837434,-20.76471710205078,2
4LW4,9,10.953251838684082,12.497702598571777,31.974525451660156,0.0,0.02673511770406609,-21.191797256469727,1
4LW4,10,10.723723411560059,10.531914710998535,36.618892669677734,0.0,0.023668908979066466,-15.1693696975708,1
4LW4,11,10.01228141784668,10.966811180114746,30.30916976928711,0.0,0.0304260102455134,-16.268129348754883,7
4LW4,12,23.155330657958984,22.15581703186035,70.45423126220703,0.0,0.006303084751801291,-15.336189270019531,5
4LW4,13,10.630693435668945,13.26330280303955,31.307296752929688,0.0,0.027093846374065863,-17.015914916992188,8
4LW4,14,9.322866439819336,9.884243965148926,28.662006378173828,0.0,0.03444994817230974,-16.13448143005371,10
3EO1,0,37.664310455322266,41.650421142578125,97.6177749633789,0.0,0.0029400709078210093,-14.676324844360352,19
3EO1,1,18.83654022216797,13.210686683654785,48.743980407714844,0.0,0.014079803859527716,-13.355507850646973,22
3EO1,2,24.20148468017578,13.784963607788086,46.93046569824219,0.0,0.014488048730992962,-13.968398094177246,108
3EO1,3,20.78774070739746,18.84584617614746,43.68021011352539,0.0,0.014260400740940793,-14.968945503234863,10
3EO1,4,17.612346649169922,16.639392852783203,40.746891021728516,0.0,0.016587461663249734,-18.87786293029785,0
3EO1,5,17.437868118286133,16.46229362487793,41.064144134521484,0.0,0.016439943628224495,-19.200288772583008,0
3EO1,6,23.654518127441406,19.94202423095703,51.48680114746094,0.0,0.010719262726504352,-14.899986267089844,0
3EO1,7,35.171142578125,30.44837188720703,89.30530548095703,0.0,0.0037995908098895997,-12.663019180297852,24
3EO1,8,19.650432586669922,14.776188850402832,46.90190505981445,0.0,0.01399991634124074,-15.171147346496582,5
3EO1,9,16.06785011291504,13.208439826965332,33.858131408691406,0.0,0.024006914869854692,-14.605321884155273,5
3EO1,10,24.20711898803711,22.73781394958496,54.05325698852539,0.0,0.009488221359893257,-15.967086791992188,28
3EO1,11,17.63020133972168,15.514225959777832,44.25788879394531,0.0,0.014944973776487588,-13.946819305419922,8
3EO1,12,23.057432174682617,19.187353134155273,48.30086135864258,0.0,0.012037744016526228,-20.447072982788086,3
3EO1,13,18.20317268371582,15.494824409484863,43.650169372558594,0.0,0.015272970012107956,-13.637238502502441,42
3EO1,14,29.263107299804688,26.104116439819336,97.41011047363281,0.0,0.003615931648529995,-15.321224212646484,3
1AK4,0,17.06096839904785,11.125184059143066,31.68760871887207,0.0,0.028326356914509174,-13.290929794311523,28
1AK4,1,17.28848648071289,8.193031311035156,35.10538101196289,0.0,0.02927047743079533,-13.472013473510742,11
1AK4,2,12.869754791259766,11.308204650878906,27.868515014648438,0.0,0.03413357646844059,-13.68315601348877,13
1AK4,3,15.652388572692871,6.951081275939941,35.05844497680664,0.0,0.03333815170709133,-16.09524917602539,2
1AK4,4,15.465261459350586,9.855451583862305,31.47957420349121,0.0,0.030198249311323564,-15.710029602050781,11
1AK4,5,11.821429252624512,6.068727970123291,35.3894157409668,0.0,0.03737242348021832,-17.049631118774414,9
1AK4,6,14.659045219421387,6.925425052642822,32.01744079589844,0.384615,0.16508829460857088,-15.680059432983398,4
1AK4,7,13.68865966796875,10.656623840332031,31.614177703857422,0.0,0.028947875785336075,-13.754995346069336,13
1AK4,8,13.867459297180176,8.46530818939209,33.569034576416016,0.0,0.030231282551772057,-13.066680908203125,5
1AK4,9,13.025772094726562,8.39869213104248,31.20455551147461,0.0,0.033328677368437885,-12.65345287322998,6
1AK4,10,15.970873832702637,7.662749290466309,34.995582580566406,0.384615,0.15907592934125978,-12.827880859375,11
1AK4,11,12.238180160522461,8.315265655517578,26.665771484375,0.153846,0.09253260144984245,-13.912772178649902,20
1AK4,12,16.046741485595703,7.985795974731445,34.71369934082031,0.230769,0.10713769864554921,-13.527242660522461,21
1AK4,13,14.808005332946777,7.245535850524902,32.599246978759766,0.0,0.03491870998842703,-13.813251495361328,6
1AK4,14,15.772845268249512,6.893983840942383,34.0253791809082,0.384615,0.1628525167501468,-15.86240005493164,4
1E6E,0,5.012249946594238,4.684657096862793,12.990368843078613,0.1,0.16426115208211398,-14.213971138000488,4
1E6E,1,7.217932224273682,7.6902689933776855,17.921588897705078,0.0,0.07343017473658049,-12.174576759338379,18
1E6E,2,5.098629951477051,3.7372543811798096,14.268123626708984,0.3,0.23356000273862457,-13.417855262756348,6
1E6E,3,9.485002517700195,9.234969139099121,26.50912094116211,0.1,0.07297729918477934,-10.465426445007324,9
1E6E,4,8.701494216918945,7.581208229064941,23.87566375732422,0.0,0.05005323019710737,-12.71278190612793,8
1E6E,5,5.870660781860352,4.948297500610352,15.624476432800293,0.3,0.20417535557201383,-13.768516540527344,4
1E6E,6,8.298724174499512,10.286371231079102,19.28753662109375,0.0,0.06115073573687655,-15.696208953857422,4
1E6E,7,6.515116214752197,8.100945472717285,15.143569946289062,0.0,0.09090747480129352,-13.44450569152832,6
1E6E,8,6.853092193603516,5.275984764099121,19.70137596130371,0.2,0.14390543541740966,-13.158140182495117,6
1E6E,9,8.371983528137207,8.812872886657715,20.770431518554688,0.0,0.05720133897412782,-13.918789863586426,7
1E6E,10,7.005459308624268,5.68065881729126,19.277925491333008,0.3,0.17598198550418118,-12.520328521728516,4
1E6E,11,9.4659423828125,12.53365421295166,21.794322967529297,0.0,0.04871536295302591,-18.07066535949707,1
1E6E,12,9.521255493164062,9.810295104980469,23.67925453186035,0.0,0.04566375930172061,-10.800492286682129,38
1E6E,13,6.113932132720947,4.830870151519775,16.809101104736328,0.3,0.1971908141535752,-12.703401565551758,7
1E6E,14,7.02092981338501,6.1412224769592285,18.702796936035156,0.1,0.10916341303718628,-14.23742389678955,7
2G77,0,8.800909996032715,7.678982257843018,17.000194549560547,0.0,0.07891699107313678,-17.128582000732422,1
2G77,1,18.3338623046875,14.604630470275879,51.03450012207031,0.0,0.012476709423003047,-12.23540210723877,2
2G77,2,8.044506072998047,7.327663898468018,15.521780967712402,0.0,0.0903064990733245,-17.862577438354492,1
2G77,3,22.259178161621094,17.971628189086914,62.46147537231445,0.0,0.00836676825701019,-16.804407119750977,1
2G77,4,3.7585134506225586,3.9174180030822754,7.803128242492676,0.0,0.223511829524525,-23.147645950317383,1
2G77,5,20.632617950439453,16.381208419799805,54.15280532836914,0.0,0.010786697193867475,-15.478691101074219,1
2G77,6,19.004878997802734,15.674674987792969,51.51687240600586,0.0,0.01185876574468816,-13.66844654083252,0
2G77,7,8.451751708984375,7.393516540527344,15.656655311584473,0.0,0.08905925041082884,-19.345829010009766,0
2G77,8,18.2596378326416,14.98160457611084,52.853172302246094,0.0,0.011712333011085471,-13.970077514648438,0
2G77,9,17.770448684692383,14.740337371826172,50.70967483520508,0.0,0.01252606232535432,-14.496700286865234,0
2G77,10,21.243165969848633,16.30532455444336,52.756290435791016,0.0,0.011231408220018222,-12.115458488464355,3
2G77,11,19.593223571777344,15.513976097106934,52.44702911376953,0.0,0.011618557391039794,-15.252572059631348,1
2G77,12,20.49827766418457,16.262893676757812,52.25821304321289,0.0,0.011403275322162995,-13.871688842773438,0
2G77,13,21.299545288085938,17.235576629638672,53.04231262207031,0.0,0.01085136463270091,-13.9566011428833,1
2G77,14,23.130422592163086,18.16767692565918,62.535888671875,0.0,0.008303448573026775,-16.661821365356445,2
3SZK,0,17.828630447387695,12.707585334777832,46.652687072753906,0.0,0.015290417004831261,-19.520889282226562,1
3SZK,1,21.30537223815918,17.44347381591797,68.77802276611328,0.0,0.007461359745103539,-17.473278045654297,1
3SZK,2,19.839561462402344,14.354589462280273,49.906028747558594,0.0,0.012997550386075092,-21.953380584716797,2
3SZK,3,17.571430206298828,12.889410018920898,43.9877815246582,0.0,0.01645265051027138,-19.206668853759766,3
3SZK,4,16.76771354675293,13.202244758605957,44.29677963256836,0.0,0.016085839969956977,-19.668703079223633,3
3SZK,5,16.668380737304688,13.416234970092773,49.39374542236328,0.0,0.01370267552093662,-19.890628814697266,1
3SZK,6,21.047163009643555,17.42013168334961,68.88984680175781,0.0,0.007451850514579293,-19.31902313232422,0
3SZK,7,18.539752960205078,12.186036109924316,43.9513053894043,0.0,0.016992969499463436,-20.254764556884766,4
3SZK,8,18.986047744750977,14.24524211883545,50.324798583984375,0.0,0.012901007798751895,-21.67000961303711,0
3SZK,9,18.774717330932617,17.23358154296875,63.608741760253906,0.0,0.008354147315203708,-21.9580078125,0
3SZK,10,22.48276138305664,16.39306640625,68.36239624023438,0.0,0.007842509606696762,-19.562618255615234,0
3SZK,11,15.486250877380371,13.791799545288086,51.916419982910156,0.0,0.012598832833223494,-16.991884231567383,0
3SZK,12,19.213693618774414,14.49100112915039,53.581111907958984,0.0,0.011716493948438588,-18.845169067382812,0
3SZK,13,17.652263641357422,12.544530868530273,45.598514556884766,0.0,0.01589267232282537,-18.287399291992188,4
3SZK,14,18.712736129760742,13.596712112426758,49.86484146118164,0.0,0.013420249679351138,-19.736282348632812,0
4IZ7,0,18.09228515625,25.131851196289062,57.810237884521484,0.0,0.008236947657492734,-15.935254096984863,0
4IZ7,1,11.402214050292969,15.41806697845459,30.561017990112305,0.0,0.02705975502539668,-12.412461280822754,0
4IZ7,2,13.598526000976562,19.470428466796875,42.15668869018555,0.0,0.014988694854986264,-17.67848777770996,0
4IZ7,3,12.76938533782959,15.643697738647461,34.9456672668457,0.0,0.021656200494610298,-14.407427787780762,0
4IZ7,4,18.975196838378906,24.702566146850586,56.31454849243164,0.0,0.008649483440148079,-16.440418243408203,0
4IZ7,5,15.067745208740234,20.119152069091797,46.99605941772461,0.0,0.012401406778510272,-14.97291374206543,0
4IZ7,6,9.857522964477539,12.269550323486328,23.845745086669922,0.0,0.042487788378351314,-13.325902938842773,0
4IZ7,7,14.701354026794434,17.699466705322266,45.58684539794922,0.0,0.01357643216752464,-17.071399688720703,1
4IZ7,8,10.52876091003418,16.439998626708984,28.782073974609375,0.0,0.029491771715234802,-14.592103958129883,0
4IZ7,9,14.23118782043457,19.388439178466797,45.758338928222656,0.0,0.013101697058454135,-15.633121490478516,0
4IZ7,10,11.878496170043945,14.977044105529785,36.15707778930664,0.0,0.02076730405954813,-15.264911651611328,0
4IZ7,11,13.030426979064941,18.845733642578125,36.57780456542969,0.0,0.019176548504020476,-13.73100757598877,0
4IZ7,12,9.541655540466309,14.145533561706543,26.513771057128906,0.0,0.034772567282340204,-15.161657333374023,0
4IZ7,13,8.753085136413574,13.169721603393555,21.471324920654297,0.0,0.04943064439113926,-15.190284729003906,0
4IZ7,14,10.35053539276123,12.310763359069824,25.312185287475586,0.0,0.038655824130921966,-12.956881523132324,0
1US7,0,16.57015037536621,23.689533233642578,53.1233024597168,0.0,0.00965195078412725,-17.312719345092773,10
1US7,1,52.98313522338867,64.20578002929688,139.03268432617188,0.0,0.0014230937831560782,0.0,0
1US7,2,21.341466903686523,19.982810974121094,47.945499420166016,0.0,0.012025071766587467,-14.30052375793457,0
1US7,3,23.1180477142334,21.974428176879883,49.31093215942383,0.0,0.011164635351082601,-16.5720272064209,12
1US7,4,26.349000930786133,24.358850479125977,50.627037048339844,0.0,0.010397808693837723,-14.24152660369873,18
1US7,5,79.29146575927734,86.41136932373047,174.4909210205078,0.0,0.0008895300273356791,0.0,0
1US7,6,25.562070846557617,22.117624282836914,46.501712799072266,0.0,0.012303312992334866,-14.521552085876465,2
1US7,7,22.794933319091797,22.080007553100586,43.13924789428711,0.0,0.013988777584829061,-16.39488983154297,0
1US7,8,29.40143585205078,24.727203369140625,53.41127014160156,0.0,0.0094557056305691,-16.04203987121582,29
1US7,9,24.608564376831055,20.682109832763672,45.047916412353516,0.0,0.013203902387005391,-15.933150291442871,5
1US7,10,31.755712509155273,23.78881072998047,57.925880432128906,0.0,0.008346234678773897,-14.284698486328125,37
1US7,11,30.767473220825195,16.378801345825195,61.103824615478516,0.0,0.009100337024283263,-13.90273666381836,6
1US7,12,30.23714828491211,27.951831817626953,75.22262573242188,0.0,0.005159692510365644,-14.945755958557129,23
1US7,13,25.39105796813965,26.92444610595703,65.55772399902344,0.0,0.006542365527248022,-15.035933494567871,9
1US7,14,23.07879066467285,24.969097137451172,49.01478958129883,0.0,0.010930467297047672,-15.642518997192383,0
4DN4,0,7.505061626434326,9.42473316192627,22.044078826904297,0.0,0.051380212765960026,-20.827566146850586,7
4DN4,1,6.723670482635498,8.633831977844238,19.907609939575195,0.0,0.06116479779017749,-18.521068572998047,0
4DN4,2,7.2586669921875,8.409334182739258,21.52379035949707,0.0,0.05525020010314536,-18.860836029052734,4
4DN4,3,6.020386219024658,6.981527328491211,18.92932891845703,0.0,0.07064194238837036,-18.071123123168945,1
4DN4,4,6.4245429039001465,7.50175666809082,18.866313934326172,0.0,0.06905953086927703,-18.059829711914062,2
4DN4,5,7.396637916564941,9.66576099395752,22.038066864013672,0.0,0.05100466964354721,-21.070409774780273,3
4DN4,6,5.6678080558776855,7.85836935043335,19.21658706665039,0.0,0.06626354696613224,-20.254859924316406,1
4DN4,7,5.728368759155273,6.77242374420166,17.814353942871094,0.0,0.0774027661241493,-17.86176109313965,6
4DN4,8,6.598632335662842,10.290225982666016,23.12201499938965,0.0,0.04661953999725663,-20.217082977294922,0
4DN4,9,7.127289772033691,7.900343894958496,21.36240577697754,0.0,0.05715855443207055,-19.119672775268555,5
4DN4,10,5.597196578979492,8.068344116210938,17.202131271362305,0.0,0.07655096808014546,-20.713199615478516,3
4DN4,11,16.443344116210938,19.628753662109375,52.8490104675293,0.0,0.01034055828465417,-19.860183715820312,2
4DN4,12,5.605525493621826,7.503286361694336,18.381425857543945,0.0,0.07153139053568099,-24.129079818725586,1
4DN4,13,6.457881450653076,7.4248175621032715,19.47138023376465,0.999999,0.3997585785413922,-15.819404602050781,0
4DN4,14,6.342823505401611,7.283741474151611,19.573972702026367,0.0,0.06644670383824701,-19.15607261657715,1
1VFB,0,18.0673770904541,11.572881698608398,33.606258392333984,0.0,0.025549562687955354,-13.720426559448242,55
1VFB,1,12.735610008239746,9.167037963867188,24.861207962036133,0.0,0.04357888055355644,-16.731525421142578,19
1VFB,2,12.855204582214355,11.469929695129395,24.31352424621582,0.0,0.04190801517527232,-15.461216926574707,50
1VFB,3,18.50404167175293,10.015311241149902,33.93227767944336,0.0,0.026994607354305467,-15.246768951416016,63
1VFB,4,14.51057243347168,12.014371871948242,24.365510940551758,0.0,0.04128119590263249,-19.555469512939453,1
1VFB,5,12.945419311523438,11.474775314331055,25.65721321105957,0.0,0.038566703380458055,-20.007713317871094,12
1VFB,6,17.45048713684082,10.75860595703125,31.464305877685547,0.0,0.029028008314012685,-15.162460327148438,47
1VFB,7,13.5938138961792,10.551528930664062,25.209684371948242,1.0,0.37396299963917273,-23.661699295043945,2
1VFB,8,11.189416885375977,9.62394905090332,21.933937072753906,0.0,0.051428496606689834,-14.540837287902832,51
1VFB,9,16.589242935180664,10.840540885925293,29.7139892578125,0.0,0.03147577317753513,-14.86488151550293,44
1VFB,10,17.356531143188477,10.464007377624512,30.863094329833984,0.0,0.030212648148769252,-14.382061004638672,46
1VFB,11,16.98430633544922,10.90694522857666,30.677099227905273,0.0,0.02995395599960615,-14.8859281539917,40
1VFB,12,9.453296661376953,8.519770622253418,17.44390106201172,0.0,0.07398146402635825,-16.920257568359375,21
1VFB,13,17.158559799194336,10.562407493591309,31.594682693481445,0.0,0.029087495181932432,-14.473084449768066,63
1VFB,14,14.550211906433105,11.579679489135742,25.041582107543945,0.0,0.03993867740594494,-15.972186088562012,15
2H7V,0,30.438512802124023,37.382362365722656,74.5793228149414,0.0,0.0048102277320748775,-10.742340087890625,12
2H7V,1,28.591230392456055,33.98874282836914,74.37915802001953,0.0,0.004945091926603864,-20.400659561157227,2
2H7V,2,27.105899810791016,29.248441696166992,67.80158996582031,0.0,0.006032207484760399,-12.805144309997559,12
2H7V,3,38.571510314941406,41.91036605834961,100.87806701660156,0.0,0.00277635094798376,-13.067203521728516,1
2H7V,4,38.06439208984375,40.11603546142578,106.2344741821289,0.0,0.002585774053936295,-12.12320327758789,0
2H7V,5,27.290620803833008,32.22993850708008,69.20657348632812,0.0,0.0056740319003940306,-16.299545288085938,4
2H7V,6,16.3992919921875,12.314759254455566,28.502592086791992,0.0,0.03209683147287074,-13.305438995361328,1
2H7V,7,27.030319213867188,28.81358528137207,63.8796501159668,0.0,0.006700147151915196,-12.591435432434082,1
2H7V,8,35.279632568359375,39.199920654296875,99.91214752197266,0.0,0.002882600700496816,-11.538661003112793,0
2H7V,9,37.83830642700195,39.19272994995117,104.74506378173828,0.0,0.0026682598419609104,-11.772100448608398,1
2H7V,10,37.923091888427734,40.75143051147461,108.65790557861328,0.0,0.002478434445629174,-14.721296310424805,3
2H7V,11,30.454200744628906,32.503334045410156,81.17019653320312,0.0,0.0043240590129274125,-12.52968978881836,0
2H7V,12,19.830930709838867,14.321451187133789,37.48878479003906,0.0,0.019915306070580677,-14.764483451843262,0
2H7V,13,36.270545959472656,37.869815826416016,104.41136169433594,0.0,0.002716733153407542,-11.535772323608398,0
2H7V,14,18.333354949951172,12.072277069091797,32.65324401855469,0.0,0.026221769831510543,-15.571940422058105,0
4CPA,0,6.100843906402588,7.8528923988342285,22.32506561279297,0.0,0.05393650149216553,-17.319122314453125,1
4CPA,1,6.759658336639404,10.62440013885498,23.274532318115234,0.0,0.04574111312102361,-20.23103141784668,0
4CPA,2,3.5222129821777344,5.204491138458252,12.484360694885254,0.0,0.13114328316114127,-12.005751609802246,1
4CPA,3,8.118539810180664,10.286940574645996,29.447893142700195,0.0,0.032576028767222084,-15.77522087097168,0
4CPA,4,3.6493430137634277,4.696996212005615,11.932818412780762,0.222222,0.21712550362672434,-23.42347526550293,0
4CPA,5,3.648374080657959,4.246285438537598,12.73847770690918,0.444444,0.2878210770136141,-19.641887664794922,1
4CPA,6,6.29752779006958,8.990083694458008,22.39844512939453,0.0,0.050989743493680316,-16.71531867980957,0
4CPA,7,6.023174285888672,9.764305114746094,20.449831008911133,0.111111,0.09382708891558118,-13.725564002990723,3
4CPA,8,7.978079319000244,11.618332862854004,28.198110580444336,0.0,0.03323055010711475,-16.218351364135742,1
4CPA,9,6.532243728637695,7.745159149169922,23.723115921020508,0.222222,0.12404895992934585,-13.414329528808594,2
4CPA,10,7.178727149963379,9.73426342010498,25.788869857788086,0.0,0.040395014729750184,-19.861143112182617,0
4CPA,11,7.018506050109863,9.258535385131836,25.255929946899414,0.0,0.042440425431557315,-19.741355895996094,1
4CPA,12,5.418001651763916,8.731006622314453,17.832942962646484,0.0,0.07126690344022517,-18.223426818847656,0
4CPA,13,7.706972122192383,10.624618530273438,27.160400390625,0.0,0.0362490427002097,-16.579320907592773,2
4CPA,14,6.694549083709717,8.386816024780273,24.593460083007812,0.0,0.04590116007318191,-18.627033233642578,0
1RLB,0,23.156818389892578,19.738279342651367,71.58663177490234,0.0,0.006548175946282855,-15.827288627624512,8
1RLB,1,8.170488357543945,6.82610559463501,19.856815338134766,0.1,0.10030861078614493,-15.002429962158203,4
1RLB,2,28.470308303833008,19.991424560546875,76.96123504638672,0.0,0.005883150920879443,-15.366629600524902,6
1RLB,3,28.991363525390625,20.032917022705078,77.27926635742188,0.0,0.005842871091872343,-16.611852645874023,3
1RLB,4,13.392582893371582,11.457056999206543,29.76753044128418,0.0,0.030747225767315266,-16.020042419433594,8
1RLB,5,9.143714904785156,6.991522312164307,23.330623626708984,0.1,0.0870617320812604,-17.635644912719727,0
1RLB,6,12.074560165405273,11.586423873901367,27.469823837280273,0.0,0.03462161219865856,-15.4288330078125,2
1RLB,7,15.526822090148926,15.425156593322754,44.43444061279297,0.0,0.014889671688792119,-14.780022621154785,51
1RLB,8,29.79621696472168,18.925674438476562,77.84538269042969,0.0,0.006008227074839945,-16.652502059936523,2
1RLB,9,9.445100784301758,9.45037841796875,22.95649528503418,0.0,0.04838046102088142,-15.982431411743164,1
1RLB,10,12.609704971313477,11.698697090148926,27.673723220825195,0.0,0.034127583685714794,-16.429447174072266,1
1RLB,11,11.34024715423584,9.393867492675781,26.05013084411621,0.0,0.04036213564233295,-15.3724365234375,5
1RLB,12,13.892833709716797,13.358461380004883,42.513118743896484,0.0,0.016963466205977513,-13.449976921081543,25
1RLB,13,10.23519515991211,10.243829727172852,23.46097755432129,0.0,0.04567485979747455,-16.42516326904297,1
1RLB,14,28.860979080200195,17.81903076171875,77.91546630859375,0.0,0.006265858357506422,-17.79595947265625,4
3SE8,0,24.96066665649414,22.333887100219727,39.9059944152832,0.0,0.01596358661480009,-17.188243865966797,3
3SE8,1,19.60983657836914,23.057540893554688,33.054439544677734,0.0,0.022079879556002758,-18.223430633544922,5
3SE8,2,27.63645362854004,18.533143997192383,61.4488410949707,0.0,0.008427659881681376,-16.38630485534668,12
3SE8,3,28.569772720336914,19.626907348632812,59.13818359375,0.0,0.008682491643036142,-14.78764533996582,21
3SE8,4,27.920360565185547,23.76629066467285,61.36613845825195,0.0,0.007597432423879721,-14.032853126525879,20
3SE8,5,26.857803344726562,19.576244354248047,63.66653060913086,0.0,0.007783055171689907,-16.283859252929688,11
3SE8,6,20.37163543701172,23.3218936920166,33.29051208496094,0.0,0.02177404056515546,-17.85556411743164,7
3SE8,7,28.74378776550293,19.77495765686035,62.84645462036133,0.0,0.007894955133879276,-14.816278457641602,14
3SE8,8,30.44696044921875,23.641220092773438,66.48487854003906,0.0,0.006697323207991135,-14.405648231506348,19
3SE8,9,19.216848373413086,16.507652282714844,35.949642181396484,0.0,0.020378021803018738,-16.72944450378418,1
3SE8,10,31.067415237426758,25.661434173583984,69.30345916748047,0.0,0.006075006533002658,-16.422212600708008,6
3SE8,11,27.61419677734375,19.06034278869629,61.614627838134766,0.0,0.008277037331904743,-16.569353103637695,2
3SE8,12,27.765901565551758,19.408462524414062,58.99735641479492,0.0,0.008757640988089484,-15.308167457580566,17
3SE8,13,28.45425033569336,24.198421478271484,61.88085174560547,0.0,0.007448770297452348,-14.274985313415527,12
3SE8,14,30.092674255371094,21.736318588256836,63.956207275390625,0.0,0.0073654690649947565,-16.113893508911133,14
3EOA,0,19.474767684936523,14.268731117248535,49.67933654785156,0.0,0.013124046318371288,-18.78571128845215,0
3EOA,1,17.61765480041504,20.41658592224121,47.81330108642578,0.0,0.01200149566716479,-17.870820999145508,0
3EOA,2,9.134719848632812,10.247206687927246,22.081899642944336,0.0,0.05000934916097113,-16.333253860473633,1
3EOA,3,14.113061904907227,14.13706111907959,27.91718292236328,0.0,0.03199038070765172,-16.11503791809082,0
3EOA,4,13.658154487609863,13.297391891479492,26.593612670898438,0.0,0.035085344710964875,-16.288007736206055,5
3EOA,5,11.936592102050781,9.415718078613281,27.02690887451172,0.0,0.03825306817522477,-16.658737182617188,1
3EOA,6,25.694494247436523,30.328388214111328,75.99808502197266,0.0,0.004931641071519663,-16.96904945373535,1
3EOA,7,10.138900756835938,10.110700607299805,20.894657135009766,0.0,0.054508845591941725,-16.282655715942383,6
3EOA,8,17.032176971435547,16.37807273864746,39.647579193115234,0.0,0.01742035376659712,-16.1726131439209,5
3EOA,9,24.006717681884766,24.694272994995117,64.82318878173828,0.0,0.006859832226876902,-16.307849884033203,0
3EOA,10,10.797618865966797,11.129142761230469,22.87060546875,0.0,0.04640209263455863,-15.544222831726074,5
3EOA,11,20.376970291137695,18.571678161621094,50.63726806640625,0.0,0.01129539504406589,-13.860803604125977,1
3EOA,12,16.402029037475586,17.420743942260742,47.336307525634766,0.0,0.012865397449793576,-17.870264053344727,0
3EOA,13,20.52576446533203,16.623376846313477,51.026981353759766,0.0,0.011691901882239649,-17.661161422729492,1
3EOA,14,18.085424423217773,12.292464256286621,47.48829650878906,0.0,0.01523841696299671,-17.35317039489746,0
1WDW,0,34.31987762451172,32.7264404296875,97.81219482421875,0.0,0.0031972060995840573,-19.062772750854492,7
1WDW,1,34.40599060058594,34.06452178955078,99.2451171875,0.0,0.003072387036857246,-18.744340896606445,10
1WDW,2,34.68690872192383,34.12786865234375,98.81704711914062,0.0,0.0030909197744882766,-13.589289665222168,5
1WDW,3,10.680542945861816,11.3800630569458,23.167770385742188,0.0,0.04523833756156501,-17.65827178955078,10
1WDW,4,13.845403671264648,14.952679634094238,30.391382217407227,0.0,0.027503862294068284,-17.49599838256836,10
1WDW,5,14.115275382995605,16.600923538208008,31.099092483520508,0.0,0.025869728521705562,-15.90668773651123,8
1WDW,6,35.235538482666016,33.029293060302734,96.47886657714844,0.0,0.0032534733137492902,-18.953977584838867,8
1WDW,7,28.211576461791992,31.175743103027344,85.9405288696289,0.0,0.003999064652381657,-12.984930992126465,5
1WDW,8,13.713140487670898,16.360445022583008,28.451522827148438,0.0,0.0300921056316151,-16.24410629272461,10
1WDW,9,34.49571990966797,33.91657257080078,97.54119873046875,0.0,0.003162915916990966,-15.118905067443848,5
1WDW,10,2.094958543777466,3.051417589187622,5.336361408233643,0.25,0.387301474387231,-16.42087745666504,4
1WDW,11,10.937552452087402,11.562613487243652,23.352521896362305,0.0,0.0445126246722742,-18.7487735748291,9
1WDW,12,12.291375160217285,9.066275596618652,38.62421417236328,0.0,0.024279036924136712,-12.901433944702148,31
1WDW,13,7.744555950164795,7.800617694854736,16.92317008972168,0.3125,0.18320377326813056,-15.644194602966309,7
1WDW,14,33.75972366333008,34.48605728149414,100.31177520751953,0.0,0.0030057622328542124,-14.7769193649292,8
2I25,0,16.68968391418457,12.301826477050781,26.760374069213867,0.0,0.03543164569620847,-16.457324981689453,0
2I25,1,10.051680564880371,7.4754719734191895,26.31604766845703,0.0,0.04439187872541744,-14.815028190612793,0
2I25,2,14.283730506896973,10.855536460876465,30.68389892578125,0.0,0.030001817318846182,-16.8887882232666,0
2I25,3,15.923502922058105,12.737349510192871,31.233646392822266,0.0,0.027544416698700686,-18.688142776489258,1
2I25,4,15.033935546875,14.010435104370117,30.565528869628906,0.0,0.02770529834875025,-15.588019371032715,5
2I25,5,6.377508640289307,5.349215507507324,24.9742488861084,0.0,0.0589043963127193,-20.529348373413086,0
2I25,6,9.151098251342773,5.661248207092285,30.84507942199707,0.0,0.0453925472264665,-22.053071975708008,0
2I25,7,15.313751220703125,12.710456848144531,32.7304801940918,0.0,0.025639032351444022,-19.24199104309082,0
2I25,8,9.412948608398438,6.509375095367432,33.651268005371094,0.0,0.03679971159622953,-18.616947174072266,0
2I25,9,10.201266288757324,6.701312065124512,34.81453323364258,0.0,0.03465620648324269,-16.693134307861328,0
2I25,10,15.434887886047363,13.31147289276123,32.10544967651367,0.0,0.026013741492490607,-18.021364212036133,0
2I25,11,7.528435707092285,5.863306045532227,29.613208770751953,0.0,0.045848392025211814,-19.315832138061523,1
2I25,12,15.192838668823242,13.278316497802734,32.83858871459961,0.0,0.025130873713541956,-18.719585418701172,0
2I25,13,8.370845794677734,6.309935569763184,30.04615592956543,0.0,0.042529738283616725,-15.59641170501709,0
2I25,14,17.06972885131836,14.86924934387207,29.84627342224121,0.0,0.02836539404833859,-14.518637657165527,0
1GCQ,0,10.363576889038086,12.552146911621094,25.922531127929688,0.0,0.037053350361060854,-17.1572322845459,0
1GCQ,1,12.710118293762207,13.482610702514648,34.82246780395508,0.0,0.022819424425654943,-25.20383644104004,0
1GCQ,2,12.158443450927734,12.25296401977539,27.18494987487793,0.0,0.03460765090464934,-24.906578063964844,0
1GCQ,3,12.395289421081543,12.453659057617188,25.755340576171875,0.0,0.03750690431480593,-23.51785659790039,1
1GCQ,4,12.729459762573242,12.513748168945312,30.884187698364258,0.0,0.02819275139421347,-16.465221405029297,0
1GCQ,5,11.774620056152344,14.474897384643555,41.16260528564453,0.0,0.017174045908810456,-18.233993530273438,0
1GCQ,6,13.093070030212402,13.768421173095703,33.80788040161133,0.0,0.023727967109150608,-23.395326614379883,0
1GCQ,7,12.51712703704834,12.852380752563477,35.97441864013672,0.0,0.02210466206853899,-22.058361053466797,0
1GCQ,8,12.88162612915039,14.145029067993164,28.70569610595703,0.0,0.030577495091732725,-18.70854377746582,0
1GCQ,9,9.801681518554688,9.321889877319336,15.78865909576416,0.0,0.0833148920224245,-20.432353973388672,2
1GCQ,10,13.124656677246094,12.147970199584961,28.834613800048828,0.0,0.03165604407765457,-20.10782241821289,1
1GCQ,11,11.402228355407715,13.757777214050293,32.48341751098633,0.0,0.025277319368000508,-16.81376838684082,0
1GCQ,12,12.735857963562012,15.090489387512207,39.67189025878906,0.0,0.017891716230704787,-19.970182418823242,0
1GCQ,13,11.618024826049805,14.031925201416016,36.220340728759766,0.0,0.021165303686593195,-16.697614669799805,0
1GCQ,14,12.094709396362305,12.45380687713623,21.801177978515625,0.0,0.04875102645028673,-19.33165168762207,5
1ZLI,0,14.387511253356934,15.884477615356445,38.3786735534668,0.0,0.01853236045706051,-19.53537368774414,0
1ZLI,1,13.725826263427734,20.120485305786133,37.65810775756836,0.0,0.0180015283538814,-15.102263450622559,3
1ZLI,2,10.008115768432617,13.814811706542969,23.905210494995117,0.0,0.041297398497847006,-16.392377853393555,1
1ZLI,3,12.942453384399414,13.45202922821045,34.67836380004883,0.0,0.02298500364636669,-13.431668281555176,12
1ZLI,4,6.510384559631348,7.722614765167236,15.980934143066406,0.0,0.08562392951037916,-16.673168182373047,2
1ZLI,5,12.07278060913086,16.713659286499023,29.289567947387695,0.052632,0.04609985790070783,-16.569034576416016,3
1ZLI,6,13.700990676879883,16.273256301879883,36.17963409423828,0.0,0.020244592000492962,-16.09659767150879,0
1ZLI,7,7.972288131713867,11.638355255126953,19.13088607788086,0.0,0.06040113772599829,-15.118546485900879,14
1ZLI,8,11.889296531677246,14.09169864654541,31.725698471069336,0.0,0.026059386106087642,-14.678756713867188,24
1ZLI,9,10.525799751281738,14.886811256408691,24.50935935974121,0.0,0.039137439690204556,-15.193704605102539,16
1ZLI,10,7.460370063781738,10.562695503234863,18.29140853881836,0.0,0.0657874923923046,-15.48688793182373,4
1ZLI,11,11.50345516204834,12.648526191711426,34.02763366699219,0.0,0.024200796348373358,-13.903122901916504,1
1ZLI,12,8.344292640686035,10.20947265625,20.878938674926758,0.0,0.05443469265723022,-17.8818416595459,1
1ZLI,13,11.404151916503906,16.8043212890625,26.269031524658203,0.0,0.03422743965615992,-25.137022018432617,3
1ZLI,14,10.531977653503418,14.723448753356934,25.31882667541504,0.0,0.037187781408246294,-14.092378616333008,2
3L89,0,15.5232572555542,15.597135543823242,39.475196838378906,0.0,0.017824880416957043,-13.56682014465332,46
3L89,1,22.3697509765625,21.888296127319336,63.62111282348633,0.0,0.007403742681691791,-16.035507202148438,2
3L89,2,16.506956100463867,16.1641788482666,39.9376335144043,0.0,0.01729078650072981,-15.462508201599121,16
3L89,3,20.896087646484375,19.460969924926758,59.3635368347168,0.0,0.008665346327360381,-14.93417739868164,9
3L89,4,18.629959106445312,18.752546310424805,48.895050048828125,0.0,0.011897338911362973,-13.898070335388184,34
3L89,5,6.112627029418945,8.918377876281738,15.275033950805664,0.0,0.08798284722586691,-22.12662696838379,1
3L89,6,20.608600616455078,23.907527923583984,59.7530517578125,0.0,0.007918468026867088,-16.27610206604004,4
3L89,7,22.855457305908203,25.301008224487305,62.85409927368164,0.0,0.007154091649844819,-18.7962589263916,3
3L89,8,13.336827278137207,14.062073707580566,40.12395095825195,0.0,0.018066879089410074,-16.42315673828125,4
3L89,9,17.37203025817871,18.32395362854004,46.67381286621094,0.0,0.012919220882927606,-14.427328109741211,43
3L89,10,26.486116409301758,25.03934097290039,70.71961975097656,0.0,0.005938828344389542,-18.158145904541016,3
3L89,11,20.3543643951416,22.478906631469727,59.158756256103516,0.0,0.008219921946065441,-18.25019645690918,3
3L89,12,24.97234535217285,25.390958786010742,66.23445892333984,0.0,0.00656003889207954,-15.0349702835083,3
3L89,13,21.491413116455078,20.461793899536133,62.18424987792969,0.0,0.00789561745512256,-16.569252014160156,1
3L89,14,26.47113037109375,27.376367568969727,71.09529876708984,0.0,0.005695262792206315,-18.66325569152832,3
1H9D,0,17.016685485839844,14.210626602172852,40.67314910888672,0.121212,0.05802579335007016,-18.624603271484375,0
1H9D,1,10.107068061828613,9.205070495605469,39.227657318115234,0.0,0.023571100947565024,-20.728113174438477,0
1H9D,2,18.524770736694336,15.647004127502441,45.32188034057617,0.0,0.014361752194641725,-18.19692039489746,0
1H9D,3,16.22579574584961,13.680953025817871,41.01552200317383,0.0,0.01768591451700888,-24.462646484375,0
1H9D,4,8.520609855651855,7.735208988189697,17.37216567993164,0.0,0.07646719726769573,-18.34932518005371,0
1H9D,5,14.131157875061035,12.150239944458008,24.940242767333984,0.0,0.039692987123760605,-23.56654930114746,0
1H9D,6,12.186649322509766,11.1664457321167,28.36052703857422,0.090909,0.06368585418993016,-20.691009521484375,1
1H9D,7,15.406736373901367,12.99975872039795,41.66533279418945,0.060606,0.037900308909089124,-22.338350296020508,0
1H9D,8,12.447843551635742,10.426636695861816,26.9736270904541,0.0,0.03686959772035158,-15.40613079071045,1
1H9D,9,11.62956428527832,10.258441925048828,21.321678161621094,0.0,0.05268840142457701,-20.01744842529297,0
1H9D,10,15.000751495361328,13.007676124572754,44.726585388183594,0.0,0.015993669589419616,-21.587064743041992,0
1H9D,11,15.660942077636719,13.426619529724121,26.642086029052734,0.0,0.03490414914930147,-18.827892303466797,2
1H9D,12,5.582606792449951,4.760394096374512,17.98689842224121,0.030303,0.10105828858586563,-19.513198852539062,0
1H9D,13,12.19162368774414,10.435662269592285,42.842559814453125,0.0,0.019371499252260612,-19.40450096130371,1
1H9D,14,13.826614379882812,12.131505966186523,45.547794342041016,0.0,0.016237270764469246,-18.216041564941406,1
1GHQ,0,22.66244888305664,21.25569725036621,57.7617073059082,0.0,0.008717110979403725,-15.511767387390137,2
1GHQ,1,18.837909698486328,13.848373413085938,53.75597381591797,0.0,0.011996324312273288,-17.803430557250977,4
1GHQ,2,20.449813842773438,18.910722732543945,62.26045227050781,0.0,0.008183299022856262,-15.354545593261719,1
1GHQ,3,21.395334243774414,24.191198348999023,59.520626068115234,0.0,0.007938813118211735,-13.940829277038574,4
1GHQ,4,22.12451934814453,19.620607376098633,55.80925369262695,0.0,0.009493816246539987,-17.51311492919922,0
1GHQ,5,22.563161849975586,21.703718185424805,58.484039306640625,0.0,0.00848008064612553,-17.760353088378906,0
1GHQ,6,17.256587982177734,15.14438247680664,50.418975830078125,0.0,0.012450381707361487,-16.483076095581055,1
1GHQ,7,23.860580444335938,21.822246551513672,65.35261535644531,0.0,0.007112576016736177,-17.88101577758789,0
1GHQ,8,21.90536880493164,18.693315505981445,56.097076416015625,0.0,0.009613872463254786,-17.507326126098633,0
1GHQ,9,21.13412094116211,19.550851821899414,59.82048797607422,0.0,0.008547491842838975,-17.02239227294922,2
1GHQ,10,21.835086822509766,18.878591537475586,57.77153778076172,0.0,0.00915414228541772,-16.501916885375977,0
1GHQ,11,22.174808502197266,22.329317092895508,57.121421813964844,0.0,0.008718617095899862,-15.847416877746582,1
1GHQ,12,24.00462532043457,23.157197952270508,66.47929382324219,0.0,0.006754428386117011,-17.66974639892578,5
1GHQ,13,21.510282516479492,23.57916259765625,62.823638916015625,0.0,0.00733582038069474,-14.290038108825684,0
1GHQ,14,19.760059356689453,14.115653038024902,58.015411376953125,0.0,0.010727018044029882,-15.594436645507812,0
5Y9J,0,13.891827583312988,13.956001281738281,27.085983276367188,0.0,0.03369047633833967,-15.164474487304688,15
5Y9J,1,14.811169624328613,14.217004776000977,21.671701431274414,0.0,0.04811111384214268,-15.219545364379883,3
5Y9J,2,20.26822853088379,17.3356876373291,33.11956024169922,0.0,0.023075996041715268,-14.625536918640137,8
5Y9J,3,16.633108139038086,16.4940128326416,29.928049087524414,0.0,0.02761527514313286,-14.928986549377441,9
5Y9J,4,13.162286758422852,13.61715030670166,22.641036987304688,0.0,0.04517371634214918,-15.792448997497559,10
5Y9J,5,28.63739585876465,22.89792823791504,57.48377990722656,0.0,0.008556672607401302,-18.04962730407715,4
5Y9J,6,19.263084411621094,16.732540130615234,34.051963806152344,0.0,0.022208979369341256,-15.44511890411377,12
5Y9J,7,21.726396560668945,19.13275718688965,54.3200798034668,0.0,0.010003222598803124,-17.031984329223633,5
5Y9J,8,26.482561111450195,22.81287956237793,53.00185012817383,0.0,0.009792991039969449,-15.384072303771973,9
5Y9J,9,25.503149032592773,20.915189743041992,67.70714569091797,0.0,0.006877700606742278,-13.275276184082031,11
5Y9J,10,14.599050521850586,14.136919021606445,27.561500549316406,0.0,0.03266125858548611,-17.305294036865234,4
5Y9J,11,27.47321128845215,23.473682403564453,72.39762115478516,0.0,0.0058879310681563225,-14.71003532409668,8
5Y9J,12,27.163389205932617,18.887598037719727,73.88893127441406,0.0,0.006442783816745386,-14.403754234313965,19
5Y9J,13,29.767187118530273,22.27747344970703,69.66279602050781,0.0,0.006394268308733992,-14.40321159362793,14
5Y9J,14,12.029479026794434,11.330865859985352,23.759191513061523,0.0,0.04356335573182355,-15.075286865234375,6
4ETQ,0,14.9174222946167,17.076547622680664,49.050750732421875,0.0,0.012270221384151849,-14.512272834777832,5
4ETQ,1,22.072904586791992,20.849002838134766,65.18682861328125,0.0,0.007289335472654625,-14.21807861328125,14
4ETQ,2,18.698488235473633,16.876956939697266,40.85905838012695,0.0,0.016439883057001208,-15.856706619262695,4
4ETQ,3,18.93964958190918,16.52082061767578,45.81158447265625,0.0,0.013818861564059778,-18.036907196044922,4
4ETQ,4,19.439563751220703,17.118328094482422,45.67802429199219,0.0,0.013696141494448921,-20.4029598236084,11
4ETQ,5,7.349387168884277,11.257596969604492,22.096101760864258,0.0,0.04878322809594518,-17.40492057800293,0
4ETQ,6,16.524993896484375,17.247358322143555,33.274742126464844,0.0,0.02292129946590867,-17.697221755981445,4
4ETQ,7,11.391498565673828,10.249873161315918,24.674983978271484,0.0,0.042348320087714386,-14.40609073638916,8
4ETQ,8,22.58094596862793,18.895217895507812,50.43186950683594,0.0,0.01129500512474832,-14.568363189697266,17
4ETQ,9,23.472143173217773,21.761425018310547,64.14682006835938,0.0,0.007328102632509746,-13.823775291442871,1
4ETQ,10,16.156963348388672,14.76059627532959,31.427536010742188,0.0,0.02612856337408324,-17.069984436035156,10
4ETQ,11,18.513158798217773,17.014278411865234,39.980682373046875,0.0,0.01698589295947357,-15.236169815063477,2
4ETQ,12,17.478572845458984,16.253862380981445,33.237545013427734,0.0,0.023276810171935183,-18.747407913208008,9
4ETQ,13,20.19744873046875,18.780685424804688,47.502037048339844,0.0,0.012454882978334803,-18.38661003112793,0
4ETQ,14,20.34420394897461,17.081533432006836,46.12627410888672,0.0,0.013498321767885785,-16.667512893676758,18
5JMO,0,12.602157592773438,16.167007446289062,37.47394561767578,0.0,0.01915556246675142,-16.160770416259766,0
5JMO,1,13.01220703125,16.148780822753906,31.544170379638672,0.0,0.02541640291609788,-14.318487167358398,4
5JMO,2,13.439635276794434,11.33624267578125,50.481849670410156,0.0,0.01492545344552216,-11.472405433654785,4
5JMO,3,11.84772777557373,9.8516845703125,31.741641998291016,0.0,0.02985632558195116,-14.441694259643555,4
5JMO,4,12.610735893249512,16.40018081665039,36.62881851196289,0.0,0.019798344149750412,-14.161825180053711,4
5JMO,5,13.380913734436035,10.367722511291504,34.273563385009766,0.0,0.02614850254070707,-14.404866218566895,0
5JMO,6,12.343587875366211,12.44974422454834,24.282880783081055,0.0,0.04115429034804445,-13.981119155883789,7
5JMO,7,13.763726234436035,17.218812942504883,37.63359451293945,0.0,0.018689757374981204,-15.231048583984375,3
5JMO,8,14.09522533416748,16.588760375976562,28.46829605102539,0.0,0.02998721872895628,-14.945833206176758,4
5JMO,9,10.461786270141602,13.33354663848877,28.610671997070312,0.0,0.03120089180636247,-15.436214447021484,3
5JMO,10,10.358963966369629,12.979729652404785,26.348237991333008,0.0,0.03581377964084602,-15.34554672241211,7
5JMO,11,13.87036418914795,14.84533977508545,26.10742950439453,0.0,0.03531596193860429,-14.779356002807617,3
5JMO,12,14.461792945861816,14.926129341125488,45.70254135131836,0.0,0.01447742544212882,-14.356355667114258,4
5JMO,13,11.100398063659668,10.207698822021484,27.696691513061523,0.0,0.0357383602006672,-17.028074264526367,3
5JMO,14,10.780430793762207,9.499582290649414,28.81755828857422,0.0,0.03478797619071337,-16.199121475219727,3
1GPW,0,4.441540241241455,4.334932804107666,8.918968200683594,0.0625,0.21513077032527192,-20.259490966796875,5
1GPW,1,5.350947856903076,5.387404441833496,10.659225463867188,0.0625,0.17438630150995163,-19.327510833740234,2
1GPW,2,7.789488792419434,8.241344451904297,14.529485702514648,0.0,0.09568157925793554,-20.336977005004883,0
1GPW,3,6.363238334655762,5.847743988037109,11.896212577819824,0.0,0.13323841855652144,-20.095685958862305,5
1GPW,4,10.61085033416748,10.57873249053955,19.467798233032227,0.0,0.05994059007256652,-18.719289779663086,0
1GPW,5,6.9876861572265625,6.390081405639648,13.38628101348877,0.0,0.11318887319661323,-19.458599090576172,6
1GPW,6,10.751724243164062,12.012838363647461,32.55595016479492,0.0,0.026389818571769533,-16.462121963500977,0
1GPW,7,6.273410797119141,7.071296691894531,11.11760425567627,0.0,0.13732072985851215,-21.575990676879883,0
1GPW,8,17.724618911743164,17.20789909362793,27.50306510925293,0.0,0.03157641063648505,-16.434030532836914,0
1GPW,9,5.443741321563721,5.711244106292725,10.323731422424316,0.0,0.15618159392425976,-18.762989044189453,4
1GPW,10,17.302093505859375,18.83306884765625,57.39530944824219,0.0,0.009255105919762528,-16.507448196411133,0
1GPW,11,18.464067459106445,16.478303909301758,64.06079864501953,0.0,0.008506412920494146,-17.954936981201172,0
1GPW,12,5.996523857116699,5.556025981903076,12.696756362915039,0.0,0.12580465709259067,-17.85384178161621,4
1GPW,13,5.1458234786987305,5.170777320861816,10.473539352416992,0.0,0.15823971147153187,-18.620304107666016,5
1GPW,14,12.305216789245605,11.382851600646973,22.65505027770996,0.0,0.046822449721478664,-16.563940048217773,0
2C0L,0,10.223877906799316,10.027216911315918,20.90643310546875,0.0,0.05458050789628808,-17.41162872314453,0
2C0L,1,11.048314094543457,9.959388732910156,21.970346450805664,0.0,0.05079118134251228,-18.813453674316406,1
2C0L,2,11.07076644897461,10.907215118408203,22.37391471862793,0.0,0.04822907196857055,-18.417316436767578,1
2C0L,3,10.577621459960938,9.414631843566895,22.258790969848633,0.0,0.0506745191885424,-19.122713088989258,8
2C0L,4,11.486983299255371,10.758376121520996,22.55413055419922,0.0,0.047812214550713106,-20.882410049438477,0
2C0L,5,11.269725799560547,10.327409744262695,22.52452850341797,0.0,0.04843804185947063,-19.685009002685547,0
2C0L,6,16.779541015625,17.559959411621094,48.08604049682617,0.0,0.012514542192718655,-17.26191520690918,7
2C0L,7,10.923813819885254,10.387629508972168,21.57763671875,0.0,0.05158623107875363,-21.169830322265625,2
2C0L,8,9.022649765014648,9.466432571411133,18.741628646850586,0.0,0.06503185803773427,-16.29637908935547,0
2C0L,9,11.792730331420898,10.472783088684082,23.257625579833984,0.0,0.04597761184138754,-21.715545654296875,3
2C0L,10,13.142678260803223,12.480607986450195,27.72673988342285,0.0,0.0333821586874801,-20.225929260253906,0
2C0L,11,17.919321060180664,18.11849594116211,47.41600036621094,0.0,0.01264747292336175,-16.952327728271484,0
2C0L,12,11.57929515838623,10.446900367736816,22.785829544067383,0.0,0.04745278503706509,-19.42790985107422,0
2C0L,13,11.227704048156738,10.183831214904785,22.56185531616211,0.0,0.0485091467099425,-20.878665924072266,5
2C0L,14,6.719527721405029,6.161564826965332,14.630844116210938,0.0,0.10276562696248419,-18.848535537719727,3
1NW9,0,13.975362777709961,15.158124923706055,40.838218688964844,0.0,0.017073413139231317,-14.38115119934082,2
1NW9,1,17.290796279907227,21.191404342651367,51.850833892822266,0.0,0.01038521793155168,-16.03692054748535,2
1NW9,2,9.467818260192871,9.142009735107422,25.551679611206055,0.222222,0.116024629757233,-18.577945709228516,1
1NW9,3,17.45456314086914,22.148561477661133,50.993995666503906,0.0,0.010532961809277035,-17.56564712524414,5
1NW9,4,7.966409683227539,8.863151550292969,20.535930633544922,0.259259,0.14445542702486772,-12.792411804199219,6
1NW9,5,17.53251075744629,21.268177032470703,49.32623291015625,0.0,0.01126270447747118,-18.112577438354492,4
1NW9,6,10.885102272033691,13.13511848449707,23.349382400512695,0.0,0.04329598436962221,-16.10577964782715,3
1NW9,7,11.996556282043457,13.675899505615234,31.425365447998047,0.111111,0.06372371537033651,-15.772493362426758,4
1NW9,8,15.613563537597656,20.02001190185547,48.56051254272461,0.0,0.011770121427086758,-17.838903427124023,1
1NW9,9,8.849176406860352,9.06411361694336,23.75018310546875,0.0,0.046733159465276675,-16.091684341430664,2
1NW9,10,14.584348678588867,17.426481246948242,44.60480499267578,0.0,0.014132036391573564,-17.545557022094727,3
1NW9,11,13.335022926330566,15.859554290771484,34.64075469970703,0.037037,0.03423102234771985,-17.4608097076416,3
1NW9,12,15.01468276977539,19.632478713989258,45.113651275634766,0.0,0.013362051760106968,-16.875316619873047,0
1NW9,13,15.509576797485352,19.82648468017578,46.84696960449219,0.0,0.012521063625278243,-15.156167030334473,2
1NW9,14,16.92425537109375,21.193115234375,52.57991027832031,0.0,0.010150826968889973,-15.157303810119629,2
1WQ1,0,10.057302474975586,8.616345405578613,18.367183685302734,0.0,0.06860173000678545,-19.782163619995117,10
1WQ1,1,8.518386840820312,7.395598411560059,15.462088584899902,0.0,0.09052786885756599,-16.48359489440918,7
1WQ1,2,20.473896026611328,17.909616470336914,52.08162307739258,0.0,0.01097025694335111,-19.17030143737793,0
1WQ1,3,12.828705787658691,11.339019775390625,22.369279861450195,0.0,0.04778998447562669,-15.872721672058105,2
1WQ1,4,2.7997312545776367,2.868959903717041,5.200035095214844,0.333333,0.42522411460277204,-20.837839126586914,2
1WQ1,5,7.602480888366699,6.510992527008057,14.236756324768066,0.0,0.1043963260334164,-16.019569396972656,11
1WQ1,6,7.783745288848877,6.869101524353027,16.803491592407227,0.333333,0.194198071418375,-18.204986572265625,5
1WQ1,7,2.880845308303833,2.616286277770996,5.713340759277344,0.666667,0.5342863088913852,-21.22718048095703,3
1WQ1,8,12.113825798034668,10.720330238342285,21.33038902282715,0.0,0.05207916927175755,-21.221141815185547,6
1WQ1,9,23.06569480895996,19.116910934448242,57.58232498168945,0.0,0.009148147543347002,-14.869872093200684,12
1WQ1,10,8.59801959991455,7.722925186157227,19.038311004638672,0.0,0.06751883922324618,-14.210427284240723,8
1WQ1,11,4.291795253753662,3.806555986404419,8.026814460754395,0.0,0.2210058629079921,-18.40216636657715,4
1WQ1,12,13.126224517822266,11.525163650512695,22.840991973876953,0.0,0.04609929033704404,-16.21755599975586,5
1WQ1,13,9.975765228271484,8.648087501525879,18.222021102905273,0.0,0.0693044245752894,-19.7861385345459,10
1WQ1,14,12.959039688110352,11.420502662658691,22.550891876220703,0.0,0.04711910224616773,-16.056333541870117,3
1ATN,0,25.64035987854004,28.528657913208008,87.04515075683594,0.0,0.004067481533254988,-16.36020278930664,0
1ATN,1,26.495969772338867,29.679441452026367,87.52931213378906,0.0,0.003963366914732758,-15.392550468444824,0
1ATN,2,17.971895217895508,18.886869430541992,35.86105728149414,0.0,0.019820294687806387,-13.78174877166748,8
1ATN,3,17.757003784179688,18.94554328918457,35.6718635559082,0.0,0.01998590078810354,-14.178711891174316,2
1ATN,4,19.226051330566406,15.465788841247559,35.16366195678711,0.0,0.021508373980715468,-14.079010009765625,4
1ATN,5,18.255571365356445,21.65480613708496,44.27184295654297,0.0,0.013442345244462903,-16.567716598510742,4
1ATN,6,28.236976623535156,30.994205474853516,81.01234436035156,0.0,0.004408509090338286,-16.094926834106445,0
1ATN,7,14.840753555297852,15.178872108459473,33.99892044067383,0.0,0.022832767255306075,-14.804342269897461,3
1ATN,8,19.467870712280273,17.584800720214844,36.016841888427734,0.0,0.019993866133565814,-12.404106140136719,10
1ATN,9,26.1160945892334,28.54311180114746,87.73495483398438,0.0,0.004017697294485876,-15.448583602905273,0
1ATN,10,16.746429443359375,17.712732315063477,34.683074951171875,0.0,0.021259920746355312,-12.154402732849121,8
1ATN,11,19.106430053710938,18.91802406311035,35.24325942993164,0.0,0.020406069683228546,-12.456838607788086,5
1ATN,12,28.61594581604004,31.00082015991211,84.1234130859375,0.0,0.004147343136407377,-17.80769920349121,3
1ATN,13,14.135333061218262,10.34154224395752,33.74213409423828,0.0,0.02675902198452775,-19.50543785095215,1
1ATN,14,17.525922775268555,18.40799903869629,35.48642349243164,0.0,0.02028561783144806,-14.423973083496094,6
5C7X,0,9.434554100036621,6.839472770690918,27.46053695678711,0.0,0.04444215567905683,-19.620019912719727,5
5C7X,1,8.309647560119629,10.795323371887207,21.175369262695312,0.0,0.05257032974485879,-19.622037887573242,3
5C7X,2,10.061863899230957,12.395478248596191,22.908344268798828,0.0,0.04514857952190878,-20.97434425354004,0
5C7X,3,4.359286308288574,5.642304420471191,12.381525039672852,0.117647,0.16799409920042754,-15.863828659057617,0
5C7X,4,9.484604835510254,11.653155326843262,21.75551414489746,0.0,0.049577829011460024,-19.438840866088867,1
5C7X,5,10.844411849975586,9.874777793884277,31.16584587097168,0.0,0.030596004583815947,-16.726490020751953,5
5C7X,6,5.619893550872803,6.8403778076171875,13.738122940063477,0.0,0.10757164800282577,-18.2518310546875,4
5C7X,7,11.176419258117676,12.42032241821289,30.153703689575195,0.0,0.029329267804581935,-17.849021911621094,3
5C7X,8,6.84127950668335,8.514917373657227,15.91421890258789,0.058824,0.10362685749498875,-19.275178909301758,10
5C7X,9,19.12480354309082,18.17225456237793,50.33955001831055,0.0,0.011496127394355913,-16.075597763061523,11
5C7X,10,12.509417533874512,14.436037063598633,33.30325698852539,0.0,0.023946584066265476,-18.765390396118164,0
5C7X,11,5.173050403594971,6.876213550567627,12.349005699157715,0.058824,0.14190671164716365,-20.30839729309082,4
5C7X,12,10.406715393066406,12.966364860534668,23.68976402282715,0.0,0.04242102946645676,-19.710054397583008,0
5C7X,13,20.365406036376953,20.109655380249023,60.31452560424805,0.0,0.008335649409312916,-18.196521759033203,2
5C7X,14,11.391944885253906,13.191704750061035,30.777313232421875,0.0,0.027877663232679806,-17.60824203491211,4
1E4K,0,19.9425106048584,14.294844627380371,38.804420471191406,0.0,0.018891948937042883,-18.59233283996582,0
1E4K,1,18.16474723815918,18.55800437927246,51.12569046020508,0.0,0.011129525414790545,-15.456480979919434,3
1E4K,2,16.691072463989258,17.468812942504883,47.905311584472656,0.0,0.012613640435483268,-15.749551773071289,0
1E4K,3,23.402963638305664,28.183773040771484,62.80956268310547,0.0,0.006936449407750955,-20.155996322631836,0
1E4K,4,24.224702835083008,32.352909088134766,65.9929428100586,0.0,0.006154704445195135,-18.046031951904297,0
1E4K,5,20.72964096069336,11.564303398132324,53.01327133178711,0.0,0.013869951757819248,-16.90682601928711,5
1E4K,6,23.909526824951172,18.235536575317383,72.54132843017578,0.0,0.006754887337009476,-16.165264129638672,0
1E4K,7,8.410082817077637,4.08682918548584,23.93589973449707,0.25,0.16023487289521968,-17.685075759887695,0
1E4K,8,12.710495948791504,20.02980613708496,31.98658561706543,0.0,0.023845045805652016,-19.052553176879883,0
1E4K,9,23.53003692626953,19.445608139038086,58.18421936035156,0.0,0.008936928681343026,-17.9423885345459,0
1E4K,10,23.993181228637695,25.09296989440918,61.848236083984375,0.0,0.007366130382044232,-19.192665100097656,1
1E4K,11,26.427160263061523,20.58664894104004,68.94772338867188,0.0,0.006750605257869716,-14.635750770568848,0
1E4K,12,20.538257598876953,11.990363121032715,44.45272445678711,0.0,0.01689407277689297,-16.117128372192383,7
1E4K,13,16.251245498657227,15.47919750213623,40.13104248046875,0.0,0.017412909896031763,-16.434329986572266,1
1E4K,14,25.752370834350586,30.402259826660156,66.03917694091797,0.0,0.0062416777877463735,-15.569173812866211,0
2OT3,0,10.747729301452637,10.108993530273438,23.51528549194336,0.0,0.04570089374333993,-17.40606689453125,4
2OT3,1,4.8574628829956055,4.959351539611816,8.867820739746094,0.0,0.1875483906399724,-21.383411407470703,2
2OT3,2,7.335044860839844,7.229711532592773,14.076404571533203,0.0,0.10282391464530809,-16.149520874023438,4
2OT3,3,17.652362823486328,16.206378936767578,45.022911071777344,0.0,0.014303301722970285,-14.44054126739502,1
2OT3,4,18.55799674987793,16.251754760742188,55.28667449951172,0.0,0.010512780776942855,-14.613262176513672,7
2OT3,5,18.764328002929688,17.3599910736084,57.38893508911133,0.0,0.009625633917468004,-13.567105293273926,0
2OT3,6,15.417980194091797,15.547905921936035,45.87135314941406,0.0,0.014139445883591726,-12.142276763916016,4
2OT3,7,6.721273422241211,6.5572896003723145,15.507893562316895,0.1,0.12691498655005493,-22.711999893188477,2
2OT3,8,10.363304138183594,9.342761039733887,19.809642791748047,0.0,0.06020508745635869,-15.524801254272461,5
2OT3,9,23.147573471069336,19.309717178344727,64.90554809570312,0.0,0.007619793088443734,-15.163622856140137,2
2OT3,10,13.446823120117188,13.150858879089355,27.658550262451172,0.0,0.033045905274160986,-16.015783309936523,5
2OT3,11,24.580286026000977,22.04250144958496,60.52083969116211,0.0,0.007984477764894294,-17.338489532470703,1
2OT3,12,15.263364791870117,15.077933311462402,47.7902946472168,0.0,0.013488058780178261,-16.259328842163086,0
2OT3,13,24.10141372680664,22.600997924804688,59.88277053833008,0.0,0.008045221546489807,-15.67428970336914,1
2OT3,14,24.64691734313965,19.991209030151367,65.00979614257812,0.0,0.007468841986377146,-14.571203231811523,1
1R6Q,0,12.584115982055664,14.280746459960938,27.92350196838379,0.0,0.03190518014783029,-17.276208877563477,3
1R6Q,1,10.384358406066895,11.444602012634277,35.565120697021484,0.0,0.023640651158999538,-19.097003936767578,0
1R6Q,2,16.50690460205078,20.51395606994629,34.86809158325195,0.0,0.020470495591805336,-16.194372177124023,2
1R6Q,3,9.429667472839355,10.260666847229004,20.4062557220459,0.0,0.056258620382606296,-22.72953224182129,0
1R6Q,4,14.090330123901367,14.668861389160156,47.70023727416992,0.0,0.013708324691229989,-19.090164184570312,0
1R6Q,5,9.978447914123535,10.997197151184082,21.081768035888672,0.0,0.052698951396814554,-23.790788650512695,0
1R6Q,6,15.69388198852539,19.90574073791504,33.77824783325195,0.0,0.021732866816892266,-16.133161544799805,0
1R6Q,7,12.372045516967773,13.873958587646484,27.65190887451172,0.0,0.032628943051510775,-21.314821243286133,1
1R6Q,8,15.815591812133789,20.755666732788086,33.54941177368164,0.0,0.021837998100189517,-20.48848533630371,0
1R6Q,9,13.945738792419434,14.559208869934082,48.0277214050293,0.0,0.01362473994826146,-18.196557998657227,0
1R6Q,10,9.390018463134766,10.100367546081543,22.216205596923828,0.0,0.04975740533503839,-21.00365447998047,0
1R6Q,11,17.020944595336914,21.116586685180664,45.96383285522461,0.0,0.012696012849490493,-18.858055114746094,0
1R6Q,12,12.080907821655273,13.704839706420898,24.767499923706055,0.0,0.03906919251379743,-20.348682403564453,0
1R6Q,13,18.49002456665039,15.214506149291992,55.24274444580078,0.0,0.010917921167677614,-17.79446029663086,1
1R6Q,14,15.172492027282715,19.126432418823242,31.528093338012695,0.0,0.02462416375300967,-17.83174705505371,0
1Y64,0,37.59218978881836,37.20700454711914,80.85991668701172,0.0,0.004184038979103877,-18.27349853515625,5
1Y64,1,8.767875671386719,8.215441703796387,15.813895225524902,0.0,0.08547024737651314,-14.06596851348877,15
1Y64,2,21.805978775024414,19.788761138916016,35.96406936645508,0.0,0.019539187649256676,-14.49986743927002,7
1Y64,3,22.642053604125977,22.692419052124023,36.199214935302734,0.0,0.018868582424447066,-15.520126342773438,3
1Y64,4,21.069190979003906,18.086244583129883,33.04364776611328,0.0,0.022964919227119084,-15.316179275512695,8
1Y64,5,35.509742736816406,34.54429244995117,76.74091339111328,0.0,0.004667188784732127,-15.176584243774414,15
1Y64,6,22.84125328063965,22.258333206176758,36.743892669677734,0.0,0.01843889219309103,-16.957014083862305,1
1Y64,7,28.68812370300293,22.5289306640625,54.2734489440918,0.0,0.009451433146198581,-12.2506742477417,15
1Y64,8,40.012386322021484,39.98809051513672,83.35249328613281,0.0,0.0038990991475882394,-16.09456443786621,8
1Y64,9,16.80512237548828,19.499494552612305,27.438241958618164,0.0,0.031149014639727034,-14.903707504272461,4
1Y64,10,39.96335983276367,39.56336975097656,85.12752532958984,0.0,0.003769012634501339,-12.003864288330078,8
1Y64,11,17.781421661376953,17.793542861938477,29.100061416625977,0.0,0.028556336511386546,-11.695549011230469,13
1Y64,12,36.452484130859375,34.260250091552734,73.77252960205078,0.0,0.005004913464233653,-13.390779495239258,15
1Y64,13,20.1956844329834,16.924407958984375,34.56566619873047,0.0,0.021605608642173774,-14.176569938659668,10
1Y64,14,21.18013572692871,17.710163116455078,33.321922302246094,0.0,0.022738894322633495,-15.04745864868164,8
3AAD,0,21.961057662963867,17.725440979003906,63.99866485595703,0.0,0.008148149468066329,-20.28727912902832,0
3AAD,1,18.256938934326172,19.64328956604004,54.68130874633789,0.0,0.009796918349053533,-21.171052932739258,0
3AAD,2,16.81022834777832,15.809355735778809,46.338279724121094,0.0,0.013824858427241118,-20.383487701416016,1
3AAD,3,22.15106773376465,17.81853675842285,65.42082214355469,0.0,0.007879264456503053,-20.25580406188965,0
3AAD,4,8.352341651916504,9.187519073486328,19.96958351135254,0.0,0.059783084166907356,-16.35321617126465,4
3AAD,5,21.178003311157227,17.60526466369629,65.32767486572266,0.0,0.007951554593954198,-19.636260986328125,0
3AAD,6,22.094600677490234,18.71164894104004,67.28003692626953,0.0,0.0073652220767374925,-19.28961181640625,2
3AAD,7,23.390132904052734,18.581615447998047,67.22420501708984,0.0,0.007403487199923898,-19.544801712036133,0
3AAD,8,22.518394470214844,20.4505615234375,68.27083587646484,0.0,0.0068719127192951104,-18.777048110961914,0
3AAD,9,19.219070434570312,19.94921112060547,57.87369155883789,0.0,0.00891255277282621,-19.45206642150879,0
3AAD,10,20.06103515625,19.437549591064453,48.96659469604492,0.0,0.011723755965069048,-24.039949417114258,0
3AAD,11,19.299911499023438,19.719579696655273,58.46921920776367,0.0,0.008816500438443037,-18.983774185180664,0
3AAD,12,21.260404586791992,17.903913497924805,65.41333770751953,0.0,0.007858348387485524,-19.258487701416016,0
3AAD,13,20.962379455566406,17.126811981201172,64.60149383544922,0.0,0.008209939365329601,-20.25518226623535,0
3AAD,14,23.172353744506836,19.25341796875,66.66680145263672,0.0,0.007343074538814474,-18.991724014282227,0
1F34,0,18.0114688873291,19.082897186279297,44.92469024658203,0.0,0.013567396624537603,-17.258182525634766,0
1F34,1,17.142423629760742,16.96825408935547,47.6751594543457,0.0,0.012854007141719843,-18.86992835998535,0
1F34,2,19.61707305908203,18.046796798706055,46.00566101074219,0.0,0.013290156971056887,-19.36212158203125,0
1F34,3,17.907249450683594,16.438499450683594,51.274261474609375,0.0,0.011668014359457204,-17.96893882751465,1
1F34,4,16.850112915039062,15.143945693969727,44.5452880859375,0.065217,0.0366881439149175,-14.743584632873535,3
1F34,5,15.250470161437988,14.757455825805664,44.13850784301758,0.0,0.015328327719353524,-18.459518432617188,0
1F34,6,18.380151748657227,16.9510555267334,45.26829528808594,0.0,0.013942082827277378,-18.447254180908203,0
1F34,7,16.069072723388672,15.202408790588379,48.5888671875,0.0,0.013111969334673049,-16.264142990112305,0
1F34,8,15.603456497192383,15.299051284790039,48.063358306884766,0.0,0.013282907738236484,-17.152830123901367,0
1F34,9,16.14834213256836,16.609146118164062,43.106693267822266,0.0,0.01517232468420991,-16.969499588012695,0
1F34,10,17.528486251831055,15.887553215026855,43.720279693603516,0.0,0.015085586977845554,-16.48031234741211,0
1F34,11,16.502477645874023,15.676920890808105,48.144893646240234,0.0,0.013099946641157595,-17.7181453704834,0
1F34,12,16.00035285949707,16.11727523803711,43.85332489013672,0.0,0.014932057958867808,-20.255207061767578,0
1F34,13,19.52678108215332,18.37417984008789,49.17906951904297,0.0,0.011875582958764704,-16.752939224243164,1
1F34,14,16.996356964111328,15.455341339111328,45.720436096191406,0.065217,0.035985759624935575,-15.734540939331055,11
1MAH,0,6.02864408493042,7.641694068908691,22.25644302368164,0.222222,0.1288711253196908,-13.58396053314209,1
1MAH,1,6.306371688842773,11.220281600952148,21.715808868408203,0.0,0.050137726889410955,-18.714387893676758,4
1MAH,2,4.110381126403809,7.677926063537598,13.078577995300293,0.055556,0.12975994576708164,-16.980236053466797,1
1MAH,3,4.919084548950195,8.686712265014648,16.983963012695312,0.0,0.07641879086300604,-16.94392967224121,1
1MAH,4,5.693737030029297,11.054368019104004,17.982213973999023,0.0,0.06690301197829761,-17.405738830566406,2
1MAH,5,5.560544967651367,11.080644607543945,17.804813385009766,0.0,0.06786783841840234,-16.377412796020508,2
1MAH,6,8.29208755493164,14.341477394104004,26.93846321105957,0.0,0.033789251273356774,-13.677492141723633,46
1MAH,7,5.379828929901123,10.485696792602539,17.312170028686523,0.0,0.07143139280230447,-17.584280014038086,1
1MAH,8,4.777647495269775,9.117603302001953,15.250422477722168,0.0,0.08779116820565314,-14.782618522644043,5
1MAH,9,5.813754558563232,10.64643383026123,19.182132720947266,0.0,0.06119753908863502,-16.7310733795166,3
1MAH,10,4.203077793121338,6.036728382110596,15.461526870727539,0.0,0.09674536036036568,-20.6223087310791,1
1MAH,11,3.494558811187744,4.877346992492676,12.370582580566406,0.222222,0.20978086506769653,-14.637011528015137,10
1MAH,12,1.5988520383834839,2.212656259536743,5.909042835235596,0.166667,0.38523930897939795,-16.660884857177734,0
1MAH,13,5.169631004333496,8.219719886779785,18.530323028564453,0.0,0.06868802139156024,-18.05660629272461,4
1MAH,14,5.322432994842529,10.014490127563477,16.91417121887207,0.0,0.07452242218202752,-17.614866256713867,2
4DW2,0,10.925586700439453,11.158437728881836,25.445524215698242,0.0,0.03937852724045954,-19.014341354370117,14
4DW2,1,11.835713386535645,8.820514678955078,24.9573974609375,0.0,0.04401518310917139,-16.178251266479492,8
4DW2,2,20.81975746154785,15.535106658935547,48.00337600708008,0.0,0.01321258443875585,-15.085123062133789,31
4DW2,3,14.11619758605957,13.046143531799316,28.609844207763672,0.0,0.03138547700438677,-14.907872200012207,6
4DW2,4,14.843518257141113,13.77585506439209,32.442020416259766,0.0,0.02531821521847011,-15.68942928314209,11
4DW2,5,12.102677345275879,10.170464515686035,22.373003005981445,0.0,0.04914116846519681,-17.037986755371094,13
4DW2,6,22.079734802246094,17.490676879882812,52.347660064697266,0.0,0.01099657100726758,-15.941468238830566,22
4DW2,7,21.547626495361328,13.87720775604248,49.87018585205078,0.0,0.013259749888317319,-16.43397331237793,2
4DW2,8,22.112180709838867,17.22038459777832,53.14775848388672,0.0,0.01082349663458907,-16.60633087158203,21
4DW2,9,13.53824520111084,11.245203971862793,25.182966232299805,0.0,0.039918816839843586,-13.19421100616455,9
4DW2,10,14.350632667541504,13.124577522277832,28.664552688598633,0.0,0.03123954946207341,-16.50166893005371,8
4DW2,11,21.996797561645508,17.805583953857422,52.649234771728516,0.0,0.010816519042439202,-15.483254432678223,27
4DW2,12,14.046133995056152,12.936141967773438,25.33980369567871,0.0,0.03813569801281902,-17.13758087158203,11
4DW2,13,10.794039726257324,8.222565650939941,21.13358497619629,0.0,0.057149880400452095,-13.928643226623535,9
4DW2,14,10.716513633728027,7.948624610900879,25.763410568237305,0.0,0.04418429339422445,-16.47543716430664,9
1S1Q,0,10.720022201538086,11.472527503967285,34.47174835205078,0.0,0.024707891910352272,-20.952253341674805,0
1S1Q,1,19.290178298950195,19.54178810119629,58.662269592285156,0.0,0.008806946854445887,-18.22727394104004,0
1S1Q,2,15.872147560119629,16.707969665527344,52.12070846557617,0.0,0.011300862899233738,-16.7050838470459,0
1S1Q,3,13.47070598602295,15.217062950134277,35.641380310058594,0.0,0.02114613978233891,-16.727825164794922,0
1S1Q,4,10.826716423034668,11.559782028198242,35.46139907836914,0.0,0.023630660919361553,-21.141576766967773,1
1S1Q,5,14.103843688964844,16.20975112915039,36.876495361328125,0.0,0.019646615859547415,-16.73127555847168,1
1S1Q,6,17.530839920043945,17.91986083984375,53.23246765136719,0.0,0.010606920840044423,-18.822338104248047,0
1S1Q,7,17.955032348632812,17.7230224609375,52.84709548950195,0.0,0.010776608286944184,-28.09465217590332,0
1S1Q,8,13.770902633666992,15.595864295959473,37.814640045166016,0.0,0.019087300372591876,-15.784799575805664,0
1S1Q,9,11.277481079101562,11.634220123291016,38.00452423095703,0.0,0.021330263421149836,-19.779098510742188,0
1S1Q,10,17.24101448059082,17.025901794433594,55.87605667114258,0.0,0.010106612224489714,-15.848960876464844,0
1S1Q,11,17.892915725708008,17.732629776000977,54.127349853515625,0.0,0.01039057653388344,-16.63788414001465,0
1S1Q,12,17.523454666137695,17.660968780517578,53.29679489135742,0.0,0.010655428641351924,-17.230161666870117,0
1S1Q,13,10.866047859191895,10.77167797088623,35.97318649291992,0.0,0.023967357582755536,-22.227588653564453,0
1S1Q,14,16.5383358001709,16.627870559692383,51.932334899902344,0.0,0.011387518552729493,-15.223923683166504,0
1GLA,0,17.615571975708008,12.899895668029785,48.72303771972656,0.0,0.014292151899504967,-15.128384590148926,6
1GLA,1,16.87896728515625,9.91964340209961,49.375328063964844,0.0,0.017045906943007522,-15.708581924438477,14
1GLA,2,16.300390243530273,12.898234367370605,53.31160354614258,0.0,0.012711647197763997,-13.596346855163574,0
1GLA,3,28.02350616455078,20.543018341064453,76.79976654052734,0.0,0.005801512897345156,-15.609633445739746,2
1GLA,4,18.895952224731445,14.358321189880371,60.44037628173828,0.0,0.010063474402036579,-15.08984088897705,3
1GLA,5,18.29461097717285,12.889286994934082,49.89683151245117,0.0,0.013854526726317165,-14.593724250793457,6
1GLA,6,27.86422348022461,21.554275512695312,79.93891143798828,0.0,0.005333196944525761,-19.14566993713379,0
1GLA,7,16.353368759155273,12.690223693847656,53.87047576904297,0.0,0.01269020806940078,-13.930705070495605,0
1GLA,8,16.284337997436523,13.836786270141602,54.240074157714844,0.0,0.01186169810342807,-14.989860534667969,1
1GLA,9,16.150184631347656,12.605716705322266,51.79771041870117,0.0,0.013394810509057992,-14.105422973632812,1
1GLA,10,15.813559532165527,13.118306159973145,52.55998992919922,0.0,0.012797534473902278,-14.507229804992676,0
1GLA,11,16.164657592773438,10.035538673400879,50.15290451049805,0.0,0.016591577044031264,-15.267980575561523,7
1GLA,12,28.91998863220215,22.010223388671875,80.12532806396484,0.0,0.005250502718484303,-17.261680603027344,0
1GLA,13,29.235902786254883,21.252986907958984,79.9234848022461,0.0,0.005380265153141053,-17.271059036254883,2
1GLA,14,12.824438095092773,9.549931526184082,40.96292495727539,0.0,0.02178582373101312,-13.046565055847168,3
1KLU,0,10.361329078674316,6.2379961013793945,35.66348648071289,0.4,0.16947111563087938,-15.175088882446289,2
1KLU,1,30.10316276550293,16.71753692626953,73.57939910888672,0.0,0.007051980637269265,-17.759246826171875,2
1KLU,2,27.331838607788086,28.966949462890625,75.35012817382812,0.0,0.00507992588008863,-17.52004051208496,3
1KLU,3,26.05745506286621,23.057165145874023,70.53901672363281,0.0,0.0061756661596327825,-13.789993286132812,7
1KLU,4,29.95859146118164,24.429363250732422,79.27850341796875,0.0,0.0050402726214858135,-18.867116928100586,0
1KLU,5,24.708023071289062,23.0456600189209,73.98746490478516,0.0,0.005748359424060978,-15.509405136108398,0
1KLU,6,16.265127182006836,13.114660263061523,37.92089080810547,0.0,0.020250952137109497,-14.951370239257812,8
1KLU,7,18.815433502197266,13.797289848327637,41.700286865234375,0.0,0.0171909318112753,-17.581378936767578,5
1KLU,8,25.128202438354492,22.399948120117188,74.58888244628906,0.0,0.005761386227560218,-15.343912124633789,4
1KLU,9,18.55811309814453,13.587849617004395,53.95391845703125,0.0,0.012086060597920343,-16.84943199157715,2
1KLU,10,9.586224555969238,7.263792037963867,29.032943725585938,0.0,0.03994915065698503,-18.022356033325195,6
1KLU,11,19.196292877197266,15.15313720703125,46.250091552734375,0.0,0.014125531169835623,-17.334270477294922,3
1KLU,12,20.6621150970459,24.728046417236328,66.03580474853516,0.0,0.006654810023881655,-16.67197608947754,0
1KLU,13,18.40505599975586,15.844192504882812,40.881465911865234,0.0,0.01677391145393219,-16.680923461914062,7
1KLU,14,24.54741096496582,22.631284713745117,75.31208038330078,0.0,0.0056506028252684805,-16.791419982910156,1
6AL0,0,11.855499267578125,7.89224100112915,24.8167667388916,0.0,0.0466197995674548,-14.002310752868652,14
6AL0,1,17.708114624023438,11.567663192749023,34.78460693359375,0.0,0.0242947849327159,-14.03006362915039,3
6AL0,2,17.925539016723633,14.014384269714355,41.981788635253906,0.0,0.016901859291500804,-14.719107627868652,36
6AL0,3,20.71263313293457,11.197286605834961,39.962623596191406,0.0,0.020303936559896592,-14.121533393859863,58
6AL0,4,19.644147872924805,14.154105186462402,39.78900146484375,0.0,0.018250300401345575,-17.82546043395996,18
6AL0,5,18.759267807006836,11.007606506347656,36.816741943359375,0.0,0.022945296363416315,-15.890284538269043,1
6AL0,6,14.3099946975708,10.303319931030273,30.852624893188477,0.0,0.03043407530131007,-16.057655334472656,27
6AL0,7,16.768552780151367,11.61584758758545,38.84272766113281,0.0,0.020700255096092416,-13.416240692138672,49
6AL0,8,8.56622314453125,9.9005765914917,21.87620735168457,0.0,0.051202514252742116,-15.640874862670898,4
6AL0,9,14.339540481567383,10.338583946228027,30.47654151916504,0.0,0.03092974121479833,-15.892558097839355,21
6AL0,10,19.677024841308594,11.920790672302246,40.56214904785156,0.0,0.019217525464840825,-13.810088157653809,58
6AL0,11,15.902307510375977,10.667068481445312,33.41425704956055,0.0,0.02672265363002475,-15.750809669494629,2
6AL0,12,18.18305778503418,13.044988632202148,35.53616714477539,0.0,0.02238881514086365,-19.33127784729004,3
6AL0,13,21.779367446899414,10.362801551818848,43.87008285522461,0.0,0.018901473206058093,-15.78815746307373,54
6AL0,14,18.639211654663086,10.28293514251709,36.54023742675781,0.0,0.024056626159844396,-15.067362785339355,2
1KAC,0,11.187071800231934,14.484789848327637,28.79477882385254,0.0,0.030254765199684147,-13.484054565429688,0
1KAC,1,14.04210090637207,15.618743896484375,26.65121078491211,0.0,0.03382232983578456,-14.373101234436035,0
1KAC,2,13.24975299835205,14.485847473144531,27.35203742980957,0.0,0.03289241148747211,-17.35631561279297,0
1KAC,3,15.58859634399414,13.73274040222168,49.1285400390625,0.0,0.013618147586946882,-17.692462921142578,0
1KAC,4,16.381786346435547,13.13956356048584,48.597503662109375,0.0,0.01418289261812687,-18.551149368286133,0
1KAC,5,17.762237548828125,16.72443962097168,38.380794525146484,0.0,0.018244516120431167,-14.891456604003906,0
1KAC,6,14.33777904510498,12.106046676635742,32.972686767578125,0.0,0.025811484210979632,-18.617033004760742,0
1KAC,7,16.78154182434082,14.364956855773926,40.09410095214844,0.0,0.017932499461588446,-13.010024070739746,0
1KAC,8,10.330657958984375,10.164981842041016,38.08769989013672,0.0,0.02291771859919936,-14.272784233093262,0
1KAC,9,6.406957149505615,6.8593621253967285,20.262317657470703,0.0,0.06509415905807746,-17.107681274414062,0
1KAC,10,16.345569610595703,14.749892234802246,39.73320007324219,0.0,0.017999368681255044,-13.669278144836426,0
1KAC,11,8.141345024108887,6.36882209777832,30.885774612426758,0.0,0.040987388306393015,-17.911861419677734,1
1KAC,12,12.646455764770508,11.325235366821289,42.87969970703125,0.0,0.018349657387996373,-20.929222106933594,3
1KAC,13,16.727012634277344,15.03732681274414,33.16160583496094,0.0,0.023834061350647168,-16.975711822509766,0
1KAC,14,15.156410217285156,13.429692268371582,33.030487060546875,0.0,0.024810445292409805,-20.671329498291016,0
4G6J,0,21.933998107910156,21.099164962768555,55.49085998535156,0.0,0.009318158203432573,-16.13336944580078,2
4G6J,1,11.781001091003418,16.26466941833496,23.38842010498047,0.0,0.04170119445815068,-17.324296951293945,5
4G6J,2,11.496227264404297,14.715863227844238,23.393800735473633,0.0,0.04230187169228433,-18.95730209350586,3
4G6J,3,33.62644577026367,31.651166915893555,86.369873046875,0.0,0.0039444439235740225,-18.985994338989258,5
4G6J,4,13.199166297912598,16.20307159423828,28.350555419921875,0.0,0.030324702632443135,-18.29486083984375,14
4G6J,5,32.33847427368164,28.274600982666016,83.55977630615234,0.0,0.004349411702908395,-18.27317237854004,7
4G6J,6,12.462757110595703,17.080717086791992,26.089345932006836,0.0,0.03453827031131814,-17.715858459472656,5
4G6J,7,22.16602325439453,21.722843170166016,56.860713958740234,0.0,0.008867915707805612,-16.544300079345703,0
4G6J,8,21.81521224975586,20.86666488647461,55.30476379394531,0.0,0.009405854067886743,-16.91616439819336,1
4G6J,9,13.05026626586914,16.021154403686523,29.28533363342285,0.0,0.028795942828185886,-17.250499725341797,8
4G6J,10,9.786978721618652,10.831253051757812,19.614316940307617,0.0,0.05897473886034669,-16.9611873626709,5
4G6J,11,25.52405548095703,27.599777221679688,67.32877349853516,0.0,0.006211031164646788,-17.867942810058594,7
4G6J,12,12.442590713500977,16.572784423828125,26.376550674438477,0.0,0.034068121671610746,-17.313932418823242,0
4G6J,13,12.301661491394043,17.148954391479492,25.546030044555664,0.0,0.03575618641284304,-17.644622802734375,5
4G6J,14,22.571941375732422,21.868133544921875,57.21797180175781,0.0,0.008758321178079757,-18.64243507385254,1
2GAF,0,22.484050750732422,21.132247924804688,54.99174118041992,0.0,0.009449037692789927,-17.20576286315918,9
2GAF,1,16.936933517456055,20.568628311157227,52.057586669921875,0.0,0.01041947210370977,-15.960484504699707,7
2GAF,2,12.877798080444336,13.227008819580078,23.355060577392578,0.0,0.0432205784967842,-19.479080200195312,14
2GAF,3,10.960575103759766,12.33070182800293,20.982027053833008,0.0,0.05185306678642763,-18.834720611572266,13
2GAF,4,10.087994575500488,10.89858627319336,20.85594940185547,0.222222,0.12775183444575575,-18.410320281982422,8
2GAF,5,18.83216667175293,18.017717361450195,41.98448181152344,0.0,0.015419176312707367,-15.05760383605957,3
2GAF,6,23.64505958557129,26.97837257385254,69.19371795654297,0.0,0.005982678413633649,-15.934913635253906,2
2GAF,7,17.89270782470703,16.903322219848633,29.766071319580078,0.0,0.02773653900786371,-17.080108642578125,5
2GAF,8,14.538933753967285,16.210145950317383,25.83138084411621,0.0,0.03539658658620793,-16.00788688659668,2
2GAF,9,17.765697479248047,16.63420295715332,29.93923568725586,0.0,0.027552549498081048,-20.29494285583496,1
2GAF,10,18.940555572509766,18.036474227905273,32.7770881652832,0.0,0.023293983057781204,-19.111858367919922,4
2GAF,11,25.399860382080078,26.87649917602539,63.52070999145508,0.0,0.006898844858195142,-14.750555038452148,5
2GAF,12,10.56921672821045,11.82756233215332,34.172935485839844,0.0,0.024697866319034836,-18.434492111206055,7
2GAF,13,21.85297393798828,26.606510162353516,56.65851593017578,0.0,0.008393132809585918,-18.166215896606445,10
2GAF,14,17.810989379882812,16.69680404663086,29.56623649597168,0.0,0.028115700503395225,-20.37820053100586,2
1PVH,0,16.310346603393555,10.290706634521484,26.95890998840332,0.666667,0.25929783871871026,-17.379741668701172,7
1PVH,1,22.40985679626465,13.642480850219727,58.157535552978516,0.0,0.01095306732514347,-13.832732200622559,8
1PVH,2,27.64618682861328,24.78878402709961,80.33818054199219,0.0,0.004906182940091683,-16.016727447509766,0
1PVH,3,23.41666603088379,12.64028263092041,53.686729431152344,0.0,0.01278023174054277,-16.840267181396484,0
1PVH,4,8.858108520507812,8.935383796691895,13.708996772766113,0.0,0.10169797012086916,-17.47590446472168,0
1PVH,5,8.374128341674805,9.008939743041992,12.873312950134277,0.0,0.11019392343786444,-18.757516860961914,0
1PVH,6,8.9413423538208,9.524012565612793,14.081716537475586,0.0,0.09708619466475134,-19.178443908691406,0
1PVH,7,17.578548431396484,11.815797805786133,29.040077209472656,0.0,0.03159080973438339,-17.50412368774414,4
1PVH,8,20.053878784179688,15.815685272216797,51.31532669067383,0.0,0.011873218046041483,-16.764909744262695,5
1PVH,9,23.633577346801758,11.883503913879395,53.617523193359375,0.0,0.013399565031119795,-18.075273513793945,3
1PVH,10,23.458984375,11.754554748535156,53.06898498535156,0.0,0.013678603300893205,-16.668317794799805,0
1PVH,11,20.56327247619629,13.535396575927734,39.27619171142578,0.0,0.018957553214047615,-17.67324447631836,0
1PVH,12,23.335779190063477,13.897505760192871,59.56361770629883,0.0,0.010491181300328339,-15.759553909301758,10
1PVH,13,8.749715805053711,9.35364818572998,13.652266502380371,0.0,0.10147470149428213,-19.65104103088379,0
1PVH,14,9.795879364013672,9.762104034423828,15.955595016479492,0.0,0.08137588708974951,-17.851652145385742,0
1OPH,0,9.672445297241211,8.106633186340332,32.67329788208008,0.0,0.03216422726036372,-16.95675277709961,6
1OPH,1,18.646631240844727,13.042702674865723,41.41640090942383,0.0,0.017823983737332155,-17.280290603637695,5
1OPH,2,18.217269897460938,13.888010025024414,40.36851119995117,0.0,0.017994781967774244,-15.628755569458008,10
1OPH,3,20.28615379333496,13.124825477600098,47.94584274291992,0.0,0.014454949817018043,-14.375163078308105,14
1OPH,4,11.561100959777832,8.547118186950684,33.64532470703125,0.0,0.029958217473131665,-17.60926628112793,0
1OPH,5,30.552013397216797,30.810503005981445,92.34617614746094,0.0,0.003588564407594608,-15.224090576171875,12
1OPH,6,18.543867111206055,12.476171493530273,40.31886291503906,0.0,0.018934212200277554,-16.831457138061523,6
1OPH,7,30.92817497253418,31.353679656982422,99.0213623046875,0.0,0.0031993931802179933,-14.57469367980957,7
1OPH,8,12.361725807189941,9.917519569396973,36.80582046508789,0.0,0.02433259807261882,-14.641242980957031,1
1OPH,9,18.853059768676758,13.906423568725586,43.050785064697266,0.0,0.01634039271064561,-15.64958381652832,9
1OPH,10,7.862852096557617,6.826580047607422,15.619144439697266,0.129032,0.13452612493538427,-15.113557815551758,6
1OPH,11,29.80580711364746,20.861948013305664,65.7368392944336,0.0,0.007195880129282631,-12.489490509033203,127
1OPH,12,22.644527435302734,12.029866218566895,56.21162414550781,0.0,0.012554696811037323,-13.216287612915039,11
1OPH,13,18.095754623413086,13.577961921691895,39.364566802978516,0.0,0.018868634959354175,-16.626169204711914,10
1OPH,14,18.262290954589844,12.781332969665527,39.061622619628906,0.0,0.01959899715309053,-17.081344604492188,6
1J2J,0,14.700093269348145,18.589435577392578,42.5750617980957,0.0,0.014933383265947094,-15.08857250213623,0
1J2J,1,10.025612831115723,10.710958480834961,24.00271224975586,0.2,0.11022215805504665,-19.47138023376465,0
1J2J,2,9.33933162689209,9.294578552246094,24.144620895385742,0.4,0.17855111271588053,-21.577476501464844,0
1J2J,3,4.456369400024414,4.785284042358398,14.97986125946045,0.0,0.11100769078735985,-20.82523536682129,0
1J2J,4,6.257391929626465,6.833500862121582,19.205337524414062,0.0,0.06992175204567293,-17.212432861328125,0
1J2J,5,4.044771671295166,4.191582679748535,13.250051498413086,0.0,0.13502493221997627,-19.014860153198242,0
1J2J,6,7.836668014526367,7.623440265655518,20.044721603393555,0.4,0.19656171265503508,-24.250425338745117,0
1J2J,7,4.972499370574951,5.50840425491333,16.195735931396484,0.0,0.09499826251625541,-22.050315856933594,0
1J2J,8,3.9390175342559814,4.203383922576904,13.126704216003418,0.0,0.1361295864860447,-19.866119384765625,0
1J2J,9,7.843882083892822,7.997299671173096,22.533689498901367,0.0,0.052849901032975134,-21.633628845214844,0
1J2J,10,3.755704641342163,3.9319887161254883,9.908782005310059,0.4,0.3169869622567574,-18.017314910888672,0
1J2J,11,8.452933311462402,8.292908668518066,23.595964431762695,0.0,0.04884715749344615,-24.745386123657227,0
1J2J,12,7.470869541168213,7.321199417114258,21.401395797729492,0.0,0.058845973257273206,-21.5132999420166,0
1J2J,13,10.859993934631348,9.744725227355957,26.337665557861328,0.0,0.03915884086955633,-15.957747459411621,23
1J2J,14,12.411494255065918,11.566054344177246,37.7966423034668,0.0,0.0215603589863156,-23.024110794067383,0
4FZA,0,19.682598114013672,15.898774147033691,30.550132751464844,0.0,0.026891089882734576,-16.371204376220703,2
4FZA,1,18.080036163330078,14.316514015197754,44.38383483886719,0.0,0.015412454818041828,-14.323741912841797,19
4FZA,2,20.6230411529541,15.883082389831543,31.49083137512207,0.0,0.02558305795452262,-15.486723899841309,4
4FZA,3,9.03532600402832,7.818814277648926,18.604156494140625,0.0,0.06939807917157609,-15.796648979187012,11
4FZA,4,19.864479064941406,14.28165054321289,29.944793701171875,0.0,0.02849229427567589,-15.691990852355957,1
4FZA,5,12.919081687927246,11.562637329101562,24.29191780090332,0.0,0.04187753761120039,-16.012723922729492,12
4FZA,6,20.59258460998535,16.36919403076172,31.29216194152832,0.0,0.025680606899785057,-15.31229305267334,3
4FZA,7,10.743571281433105,9.16077995300293,21.26102066040039,0.0,0.05463966263059598,-15.321412086486816,14
4FZA,8,10.851238250732422,8.550261497497559,22.516788482666016,0.0,0.05152896710292069,-15.829980850219727,14
4FZA,9,19.916244506835938,16.000228881835938,30.891700744628906,0.0,0.026364603003195278,-16.75020408630371,1
4FZA,10,10.963580131530762,10.275997161865234,21.298545837402344,0.0,0.052750775289892526,-16.564870834350586,23
4FZA,11,20.52699851989746,15.806798934936523,31.519758224487305,0.0,0.025572599602255244,-15.353082656860352,8
4FZA,12,22.620210647583008,16.458818435668945,42.69401168823242,0.0,0.015454508429340723,-12.622811317443848,5
4FZA,13,13.408930778503418,9.1961669921875,37.13249588012695,0.0,0.025235535813334223,-15.271368026733398,2
4FZA,14,22.349023818969727,15.44127082824707,42.70157241821289,0.0,0.015820496522172964,-13.527987480163574,4
2PCC,0,23.05276870727539,18.548450469970703,65.4839096069336,0.0,0.0076889866109570515,-17.889421463012695,4
2PCC,1,18.420381546020508,14.45183277130127,51.82514953613281,0.0,0.01228459524484173,-14.386751174926758,0
2PCC,2,24.551433563232422,19.564586639404297,66.6966552734375,0.0,0.007275288660246684,-21.74650764465332,1
2PCC,3,9.332478523254395,7.729151725769043,26.104248046875,0.0,0.04405301431665324,-19.2220516204834,0
2PCC,4,17.744035720825195,13.622111320495605,52.04134750366211,0.0,0.01265470702967862,-14.092934608459473,1
2PCC,5,19.558883666992188,21.357179641723633,59.089019775390625,0.0,0.008394039668599413,-11.727975845336914,5
2PCC,6,24.395992279052734,19.601764678955078,67.7911376953125,0.0,0.00709995975428136,-19.999372482299805,0
2PCC,7,17.660205841064453,13.653644561767578,52.378196716308594,0.0,0.012528306291569544,-13.679329872131348,1
2PCC,8,14.952153205871582,11.956893920898438,48.07037353515625,0.0,0.015270936192695922,-13.741561889648438,0
2PCC,9,18.13667106628418,13.934707641601562,53.16439437866211,0.0,0.01212654431544464,-12.599122047424316,1
2PCC,10,20.726642608642578,18.071535110473633,55.71626281738281,0.0,0.009862407097558345,-18.176193237304688,9
2PCC,11,24.546411514282227,18.947912216186523,67.72015380859375,0.0,0.007246007700469684,-20.688495635986328,0
2PCC,12,14.134307861328125,11.112178802490234,45.35011291503906,0.0,0.017277802029030776,-16.667734146118164,0
2PCC,13,18.945812225341797,14.770414352416992,53.07643508911133,0.0,0.01173785513449871,-14.506792068481445,1
2PCC,14,23.885448455810547,20.083852767944336,67.89791870117188,0.0,0.006992460264611223,-18.854875564575195,0
4JCV,0,20.29967498779297,19.515687942504883,48.42961883544922,0.0,0.011919000351624328,-13.870838165283203,24
4JCV,1,26.427833557128906,31.270578384399414,67.92650604248047,0.0,0.005904365768301848,-15.007185935974121,19
4JCV,2,31.922462463378906,23.687335968017578,77.06236267089844,0.0,0.005337983844645781,-18.5887508392334,1
4JCV,3,34.11139678955078,27.60996437072754,83.17784881591797,0.0,0.00442595787275392,-15.692408561706543,2
4JCV,4,33.212974548339844,24.965900421142578,80.54784393310547,0.0,0.004870077266589585,-17.65178680419922,0
4JCV,5,22.371843338012695,26.874408721923828,54.11907196044922,0.0,0.009059991069637646,-16.117687225341797,19
4JCV,6,15.527976989746094,18.598405838012695,34.26049041748047,0.0,0.021482273421804175,-14.90640926361084,24
4JCV,7,32.22587585449219,25.93317222595215,77.81765747070312,0.0,0.005041626206125644,-16.287988662719727,4
4JCV,8,25.359556198120117,19.453441619873047,64.3696060180664,0.0,0.007682902864935635,-16.49081039428711,8
4JCV,9,25.788009643554688,18.650663375854492,65.30899810791016,0.0,0.00769459594033258,-18.207080841064453,3
4JCV,10,25.546682357788086,28.184885025024414,63.73316192626953,0.0,0.006766896232452976,-16.14486312866211,8
4JCV,11,19.772802352905273,26.041732788085938,50.341007232666016,0.0,0.010342095536754544,-17.80830192565918,0
4JCV,12,30.92457389831543,30.9532470703125,75.66265869140625,0.0,0.00493534711876656,-15.732791900634766,25
4JCV,13,21.83385467529297,20.694561004638672,54.9849739074707,0.0,0.009521966395999627,-15.328639030456543,9
4JCV,14,9.167315483093262,11.44389820098877,20.590696334838867,0.0,0.0541630071968057,-16.49123764038086,0
1JZD,0,8.777037620544434,11.886354446411133,19.288705825805664,0.033333,0.07054079865823487,-14.161100387573242,10
1JZD,1,26.47779083251953,28.273456573486328,64.74442291259766,0.0,0.006583525668861597,-19.757272720336914,0
1JZD,2,26.46674156188965,29.209671020507812,63.42387771606445,0.0,0.006758114713784402,-21.55800437927246,1
1JZD,3,11.007534980773926,13.913880348205566,25.985742568969727,0.0,0.03604766435340046,-16.02109718322754,1
1JZD,4,9.148772239685059,11.523327827453613,22.04874038696289,0.0,0.048683443850182806,-15.996013641357422,0
1JZD,5,14.136698722839355,18.334796905517578,35.71577835083008,0.0,0.020083954818235824,-13.657977104187012,2
1JZD,6,24.024812698364258,25.100406646728516,60.249046325683594,0.0,0.007691327894059976,-15.476606369018555,8
1JZD,7,12.666259765625,12.292078971862793,34.25707244873047,0.0,0.024222592926239534,-13.723897933959961,11
1JZD,8,22.63849449157715,21.397764205932617,55.716033935546875,0.0,0.009211686530966283,-23.005861282348633,2
1JZD,9,23.19132423400879,25.81523895263672,58.093814849853516,0.0,0.008108083822231592,-14.764856338500977,7
1JZD,10,17.81937599182129,20.6690673828125,43.59982681274414,0.0,0.013951625891453927,-14.168091773986816,6
1JZD,11,10.881509780883789,14.177404403686523,25.07297706604004,0.0,0.03805043791132944,-16.53472900390625,1
1JZD,12,13.104667663574219,16.754886627197266,30.673599243164062,0.0,0.026421858477635007,-19.498350143432617,0
1JZD,13,25.66761589050293,26.91219711303711,62.423641204833984,0.0,0.007100242526429029,-16.705318450927734,4
1JZD,14,9.284502029418945,11.749700546264648,22.448579788208008,0.0,0.04714312667760779,-16.12754249572754,0
1I4D,0,22.40465545654297,13.780998229980469,53.535831451416016,0.0,0.012099128458706955,-11.592589378356934,14
1I4D,1,21.744129180908203,17.785051345825195,50.41171646118164,0.0,0.01156901108800809,-17.039682388305664,4
1I4D,2,19.687082290649414,20.640438079833984,41.91133117675781,0.0,0.01492005736879015,-10.965465545654297,6
1I4D,3,23.582178115844727,14.393047332763672,60.717769622802734,0.0,0.00998851449523111,-15.258851051330566,5
1I4D,4,22.2115421295166,17.913015365600586,51.236263275146484,0.0,0.011249410415983402,-17.390233993530273,5
1I4D,5,31.63545036315918,22.82276153564453,70.45413970947266,0.0,0.006215882897127242,-15.526192665100098,5
1I4D,6,12.827973365783691,10.895622253417969,24.327573776245117,0.0,0.04246582661106777,-9.992021560668945,4
1I4D,7,25.512224197387695,19.8231258392334,58.42766189575195,0.0,0.008806247077991295,-15.046550750732422,3
1I4D,8,19.248098373413086,16.86832046508789,42.89906692504883,0.0,0.015207218040317482,-14.359023094177246,5
1I4D,9,22.594560623168945,18.864830017089844,58.668277740478516,0.0,0.00894731639809609,-16.746122360229492,6
1I4D,10,26.03831672668457,19.30206298828125,60.89194107055664,0.0,0.008372082321966774,-13.971963882446289,0
1I4D,11,20.346099853515625,18.024972915649414,52.87350845336914,0.0,0.010690202004573211,-13.077911376953125,3
1I4D,12,17.8641414642334,17.647348403930664,45.45572280883789,0.0,0.013652911469010555,-13.017847061157227,6
1I4D,13,20.25806427001953,16.156856536865234,46.66818618774414,0.0,0.013551423533017732,-13.751741409301758,1
1I4D,14,18.014249801635742,18.692764282226562,45.4473876953125,0.0,0.013398607718991637,-13.275835037231445,1
2DD8,0,11.837034225463867,13.139396667480469,22.445737838745117,0.0,0.04609522248185002,-18.016775131225586,2
2DD8,1,16.690540313720703,14.503837585449219,31.87729835510254,0.0,0.025654598693184486,-16.863731384277344,5
2DD8,2,13.787042617797852,12.471529006958008,30.014007568359375,0.0,0.029502503450211427,-16.46156883239746,20
2DD8,3,11.279009819030762,12.557714462280273,21.688695907592773,0.0,0.04907008527815835,-18.382946014404297,2
2DD8,4,10.757512092590332,12.689541816711426,20.973533630371094,0.0,0.051618475625285015,-17.971200942993164,2
2DD8,5,15.86626148223877,13.943184852600098,32.28569030761719,0.0,0.025420489260973428,-14.07813835144043,11
2DD8,6,11.03227710723877,12.825265884399414,20.864246368408203,0.0,0.05194669054643864,-17.652250289916992,2
2DD8,7,12.36862564086914,9.831878662109375,27.228790283203125,0.133333,0.0816254128014069,-15.944389343261719,3
2DD8,8,15.053150177001953,15.288546562194824,28.815441131591797,0.0,0.029860884473342314,-17.377321243286133,8
2DD8,9,8.400948524475098,6.44193172454834,18.600475311279297,0.0,0.07472771527353422,-17.768430709838867,5
2DD8,10,16.997920989990234,14.819375991821289,32.66754913330078,0.0,0.024516958263204543,-18.926834106445312,1
2DD8,11,23.7247314453125,20.481590270996094,56.1578254699707,0.0,0.009243821456203475,-16.591829299926758,6
2DD8,12,9.83769702911377,6.889286518096924,21.557586669921875,0.133333,0.10438078141459117,-17.913665771484375,7
2DD8,13,12.580763816833496,13.190847396850586,25.28114128112793,0.0,0.03810945225232712,-15.361551284790039,18
2DD8,14,16.649730682373047,16.033729553222656,36.78853988647461,0.0,0.019784981396022177,-16.291711807250977,14
3AAA,0,29.423206329345703,26.04909896850586,76.0134506225586,0.0,0.005218237887017141,-18.036680221557617,8
3AAA,1,10.329410552978516,11.97295093536377,25.385650634765625,0.0,0.03875501089902285,-18.407184600830078,0
3AAA,2,27.745176315307617,24.7606258392334,71.62493896484375,0.0,0.0058481309456777965,-21.088449478149414,0
3AAA,3,17.40159034729004,16.34206771850586,48.980587005615234,0.0,0.012529881303701166,-16.012990951538086,20
3AAA,4,5.135353088378906,5.5831522941589355,14.158989906311035,0.0,0.11074622980064441,-15.828739166259766,2
3AAA,5,20.507795333862305,15.759976387023926,58.222408294677734,0.0,0.00994877784567636,-22.874544143676758,14
3AAA,6,8.27798080444336,9.251553535461426,21.888917922973633,0.0,0.05221683420558388,-22.772747039794922,0
3AAA,7,19.06893539428711,19.508413314819336,56.62589645385742,0.0,0.009304399907720614,-20.764856338500977,0
3AAA,8,9.490104675292969,10.112835884094238,24.173940658569336,0.0,0.04385290593920751,-16.426895141601562,2
3AAA,9,8.01135540008545,9.761038780212402,20.056480407714844,0.0,0.058443962742479615,-21.13235855102539,0
3AAA,10,21.298816680908203,19.108108520507812,59.791385650634766,0.0,0.008644670304566013,-18.663747787475586,5
3AAA,11,22.35443878173828,20.754579544067383,62.83403396606445,0.0,0.0077224251395159585,-20.00794219970703,5
3AAA,12,12.046125411987305,14.144632339477539,32.03375244140625,0.0,0.025632593419155015,-15.577413558959961,4
3AAA,13,11.823718070983887,10.56563949584961,33.67237854003906,0.0,0.026554008692606258,-16.575485229492188,0
3AAA,14,19.679203033447266,17.132946014404297,58.71877670288086,0.0,0.009377175945117758,-19.349140167236328,0
1QA9,0,9.813131332397461,10.636900901794434,34.289817810058594,0.0,0.025796389902686345,-16.87993621826172,3
1QA9,1,6.67376184463501,7.234036922454834,14.657188415527344,0.0,0.09763071464268615,-18.83834457397461,0
1QA9,2,11.628314018249512,11.265310287475586,44.02174377441406,0.0,0.017787657275493633,-16.394865036010742,1
1QA9,3,6.304121971130371,7.738280296325684,19.39117431640625,0.0,0.065796616494502,-19.799253463745117,0
1QA9,4,11.050660133361816,11.503747940063477,35.202274322509766,0.0,0.023936531851074482,-16.920854568481445,1
1QA9,5,8.197857856750488,8.56917667388916,16.41937828063965,0.0,0.08036087495563006,-16.41400718688965,0
1QA9,6,8.28824234008789,7.882917404174805,19.50566291809082,0.0,0.06484456970319945,-18.83576774597168,1
1QA9,7,7.424288749694824,8.022640228271484,15.240622520446777,0.0,0.09034360943671911,-18.146751403808594,1
1QA9,8,7.305755138397217,8.7283935546875,11.979727745056152,0.0,0.12118100678650391,-16.498985290527344,0
1QA9,9,9.795431137084961,9.296150207519531,26.57921028137207,0.0,0.039385919319188466,-17.608478546142578,0
1QA9,10,13.807539939880371,12.584842681884766,47.500186920166016,0.0,0.015011939958816993,-17.62360382080078,1
1QA9,11,6.030521392822266,6.814639091491699,10.945323944091797,0.0,0.14080508847251208,-19.855682373046875,0
1QA9,12,13.544301986694336,12.346383094787598,47.45196533203125,0.0,0.015211772437932543,-15.823912620544434,2
1QA9,13,6.032378673553467,6.371733665466309,13.332215309143066,0.0,0.11383744723015347,-19.596073150634766,0
1QA9,14,14.871906280517578,13.683552742004395,57.18996810913086,0.0,0.011162232637457505,-17.546716690063477,0
1M27,0,12.223281860351562,10.100330352783203,32.647254943847656,0.0,0.02835421890785018,-19.7600154876709,0
1M27,1,17.620214462280273,13.484506607055664,48.15838623046875,0.0,0.014144744761217387,-19.868114471435547,4
1M27,2,15.225308418273926,12.646121978759766,45.901634216308594,0.0,0.01567605632000255,-18.11110496520996,0
1M27,3,11.628837585449219,11.243524551391602,31.540771484375,0.0,0.028398592745871833,-19.406036376953125,0
1M27,4,14.632145881652832,12.119148254394531,45.935997009277344,0.0,0.016064804349910002,-17.60104751586914,0
1M27,5,15.618892669677734,11.449981689453125,44.60832595825195,0.0,0.01730294318747689,-17.377853393554688,0
1M27,6,13.941946029663086,11.61065673828125,44.514854431152344,0.0,0.017198265770070106,-19.31915283203125,1
1M27,7,14.977690696716309,12.111515998840332,43.23651885986328,0.0,0.01743918660172847,-16.353073120117188,0
1M27,8,13.91909122467041,11.447299003601074,44.39784240722656,0.0,0.017412607272450076,-18.029293060302734,0
1M27,9,8.203083992004395,5.578930377960205,22.692543029785156,0.0,0.06348601654154401,-19.293874740600586,0
1M27,10,9.421934127807617,7.409556865692139,30.825206756591797,0.0,0.03667769432506939,-22.01450538635254,0
1M27,11,15.362784385681152,11.578065872192383,42.50923156738281,0.0,0.018317662011799622,-18.8558349609375,0
1M27,12,16.92841148376465,11.61606502532959,47.57878494262695,0.0,0.01577683787304981,-20.0266056060791,0
1M27,13,9.580902099609375,9.410147666931152,34.06798553466797,0.0,0.027794076510015225,-19.77178382873535,0
1M27,14,10.494114875793457,12.02502727508545,34.46756362915039,0.0,0.024216976448626446,-18.94923973083496,0
1KKL,0,16.91647720336914,21.045166015625,53.2446403503418,0.0,0.009968740633852573,-19.257057189941406,0
1KKL,1,10.808960914611816,13.13349723815918,34.788387298583984,0.0,0.0230708145270295,-18.307409286499023,1
1KKL,2,20.489761352539062,27.190004348754883,63.57398223876953,0.0,0.006865535103064532,-15.128873825073242,3
1KKL,3,9.333945274353027,10.254085540771484,31.15506362915039,0.0,0.030076406977375778,-19.066408157348633,0
1KKL,4,10.041014671325684,12.325661659240723,31.811677932739258,0.0,0.027077024377691924,-16.718402862548828,2
1KKL,5,7.067337512969971,11.593472480773926,18.742706298828125,0.0,0.0623502619844381,-22.349580764770508,1
1KKL,6,17.318115234375,22.82748794555664,54.2042236328125,0.0,0.009433274100455078,-21.075929641723633,0
1KKL,7,24.528175354003906,29.069000244140625,73.91366577148438,0.0,0.005235931577175702,-16.200565338134766,0
1KKL,8,42.95828628540039,61.13330078125,141.7657470703125,0.0,0.0013945906549978407,0.0,0
1KKL,9,20.61863899230957,25.489940643310547,62.766273498535156,0.0,0.007153371239059039,-17.389928817749023,13
1KKL,10,20.868722915649414,21.927465438842773,63.227474212646484,0.0,0.007469924129850164,-13.976444244384766,0
1KKL,11,7.9436116218566895,12.613017082214355,21.965436935424805,0.0,0.04806310122204552,-20.527889251708984,1
1KKL,12,24.240497589111328,27.610994338989258,70.17939758300781,0.0,0.005800057943295328,-16.023027420043945,2
1KKL,13,20.960657119750977,22.154237747192383,63.532371520996094,0.0,0.007382783318297206,-13.60361099243164,0
1KKL,14,16.970304489135742,20.522655487060547,52.98179626464844,0.0,0.010135492916857716,-20.753206253051758,0
1XD3,0,8.349577903747559,8.650298118591309,19.79801368713379,0.136364,0.10706521778788876,-17.344852447509766,1
1XD3,1,8.373503684997559,8.866392135620117,17.844253540039062,0.136364,0.11637626798285523,-15.485708236694336,1
1XD3,2,17.187149047851562,14.665425300598145,50.29082489013672,0.0,0.01270883212987006,-14.199369430541992,6
1XD3,3,9.1739501953125,9.43779182434082,22.569557189941406,0.090909,0.07992197756647322,-17.76708984375,0
1XD3,4,6.9309844970703125,7.37120246887207,17.005577087402344,0.0,0.07988616948693973,-19.162994384765625,0
1XD3,5,7.613494396209717,8.314637184143066,15.8850679397583,0.0,0.08470389579418403,-16.76242446899414,0
1XD3,6,8.739386558532715,9.574690818786621,18.643428802490234,0.0,0.06534995856629082,-18.8527889251709,0
1XD3,7,5.936759948730469,6.21464729309082,12.538867950439453,0.318182,0.229361231632606,-21.21907615661621,1
1XD3,8,18.951303482055664,16.07784080505371,55.27033996582031,0.0,0.010577940389037201,-13.870109558105469,2
1XD3,9,6.957814693450928,7.453839302062988,14.730925559997559,0.045455,0.1113865230810112,-19.525541305541992,1
1XD3,10,8.51705551147461,8.7803955078125,19.68266487121582,0.090909,0.09214945680210122,-16.09986686706543,0
1XD3,11,8.584385871887207,9.278060913085938,17.706392288208008,0.0,0.07092050268948341,-18.361223220825195,3
1XD3,12,4.8178582191467285,4.951816558837891,10.586759567260742,0.136364,0.2041243201701225,-20.912677764892578,0
1XD3,13,19.9980525970459,17.85736083984375,58.05924606323242,0.0,0.009330076680489935,-16.764612197875977,0
1XD3,14,8.516295433044434,9.26794147491455,17.950122833251953,0.0,0.0695631409995943,-16.864606857299805,3
1CLV,0,5.561745643615723,10.676770210266113,24.247655868530273,0.0,0.04293088824556962,-22.312524795532227,5
1CLV,1,4.809056282043457,10.333529472351074,19.954256057739258,0.5,0.22474052340094428,-13.801300048828125,19
1CLV,2,3.3252813816070557,6.435004711151123,13.897360801696777,0.1,0.1412599104469363,-24.376144409179688,1
1CLV,3,5.166606903076172,10.858834266662598,22.062278747558594,0.0,0.04932479283933628,-18.803442001342773,3
1CLV,4,8.822404861450195,17.136362075805664,36.03420639038086,0.0,0.020104516226197137,-15.110888481140137,28
1CLV,5,5.361438751220703,11.138564109802246,22.09737777709961,0.0,0.04890162210200679,-16.03359603881836,0
1CLV,6,3.1219794750213623,7.588972091674805,12.419190406799316,0.0,0.11886751813360867,-18.593751907348633,0
1CLV,7,8.338314056396484,15.636787414550781,35.072879791259766,0.0,0.021531516198245892,-16.767057418823242,2
1CLV,8,9.932562828063965,18.88059425354004,41.46482467651367,0.0,0.015533225371571079,-11.916687965393066,16
1CLV,9,2.902390956878662,5.946519374847412,12.144037246704102,0.0,0.12954631369606115,-23.90833282470703,0
1CLV,10,5.525081157684326,10.785319328308105,24.069580078125,0.0,0.04328581566639359,-21.856815338134766,3
1CLV,11,2.299617290496826,4.939377307891846,9.591141700744629,0.0,0.1747802905710725,-21.729366302490234,0
1CLV,12,6.009100437164307,12.477293014526367,25.81191062927246,0.0,0.037359793818552714,-18.250667572021484,6
1CLV,13,9.696205139160156,18.295997619628906,40.0333251953125,0.0,0.01660438289547315,-15.074764251708984,13
1CLV,14,4.100290775299072,9.348800659179688,16.846181869506836,0.0,0.07600734264928054,-18.356473922729492,0
1PXV,0,17.061220169067383,16.159780502319336,42.09717559814453,0.0,0.015904891106031247,-16.059980392456055,0
1PXV,1,15.492573738098145,15.8788423538208,38.23629379272461,0.0,0.01864524919043824,-16.720396041870117,0
1PXV,2,15.639409065246582,14.868517875671387,38.24216079711914,0.0,0.019050770387020886,-20.51235008239746,0
1PXV,3,14.009042739868164,12.286792755126953,27.13387680053711,0.0,0.034682846468198504,-16.111555099487305,0
1PXV,4,15.311583518981934,14.318948745727539,31.591537475585938,0.0,0.02612025395447412,-14.984345436096191,0
1PXV,5,11.079585075378418,11.693571090698242,32.69199752807617,0.0,0.0265029939226986,-15.258321762084961,0
1PXV,6,14.76366901397705,14.079052925109863,38.154293060302734,0.0,0.01950255616631244,-16.81285285949707,0
1PXV,7,15.060531616210938,12.683332443237305,26.391565322875977,0.0,0.03592524226100225,-19.752519607543945,0
1PXV,8,12.457864761352539,11.850680351257324,38.737640380859375,0.0,0.020568061056830032,-14.22408390045166,0
1PXV,9,14.119351387023926,12.16812515258789,25.272401809692383,0.0,0.03886471362661268,-18.72484016418457,0
1PXV,10,12.318436622619629,11.077497482299805,35.6016845703125,0.027027,0.03298713460921513,-22.617673873901367,0
1PXV,11,18.307540893554688,19.076616287231445,52.83183288574219,0.0,0.010458836858834008,-14.607246398925781,1
1PXV,12,12.952447891235352,11.744108200073242,32.41984176635742,0.054054,0.04480836901022853,-21.017452239990234,0
1PXV,13,15.326098442077637,12.299559593200684,34.02324295043945,0.027027,0.033476700737883225,-18.49833869934082,0
1PXV,14,17.21544075012207,18.120540618896484,40.60596466064453,0.0,0.016261609931323317,-15.67050838470459,1
6OC3,0,15.000406265258789,11.530743598937988,31.222688674926758,0.0,0.028546900799734095,-14.213171005249023,2
6OC3,1,11.558174133300781,11.470246315002441,23.12566566467285,0.0,0.045277656610407224,-17.248645782470703,0
6OC3,2,15.250006675720215,9.179191589355469,37.41974639892578,0.0,0.025025307045606505,-17.888072967529297,2
6OC3,3,23.419757843017578,14.93038558959961,60.69041061401367,0.0,0.009743556850789436,-13.477743148803711,18
6OC3,4,14.948413848876953,11.558156967163086,32.19422912597656,0.0,0.027242937832259687,-14.158299446105957,3
6OC3,5,14.230862617492676,7.962866306304932,35.827781677246094,0.0,0.02918510259614751,-15.742813110351562,3
6OC3,6,28.188861846923828,24.57924461364746,84.74960327148438,0.0,0.004556495581154369,-15.203920364379883,11
6OC3,7,9.334077835083008,8.18056869506836,23.19462776184082,0.0,0.05030788182308007,-15.015909194946289,4
6OC3,8,18.963233947753906,12.635048866271973,39.96279525756836,0.0,0.01906006876255836,-12.67869758605957,82
6OC3,9,8.008683204650879,9.546956062316895,17.644685745239258,0.0,0.07081534060262759,-16.737016677856445,0
6OC3,10,18.509309768676758,16.703275680541992,58.58762741088867,0.0,0.009538279008071247,-12.647209167480469,9
6OC3,11,19.815214157104492,11.090914726257324,52.47951889038086,0.0,0.014508624946304075,-14.272941589355469,0
6OC3,12,16.131114959716797,8.730962753295898,42.80098342895508,0.0,0.022204262650456108,-14.83674430847168,2
6OC3,13,16.214385986328125,8.998092651367188,45.35279083251953,0.0,0.020324098036497318,-16.330780029296875,4
6OC3,14,7.515734672546387,4.972602367401123,18.97110939025879,0.111111,0.1205674137304581,-14.49267864227295,9
3WD5,0,13.057101249694824,10.662997245788574,24.22408103942871,0.0,0.04301049231708865,-14.567358016967773,13
3WD5,1,20.46769905090332,12.582715034484863,62.34313201904297,0.0,0.01075403772590419,-15.705220222473145,13
3WD5,2,28.81407928466797,20.777833938598633,68.72657775878906,0.0,0.006750208943478567,-17.42031478881836,18
3WD5,3,24.075607299804688,16.3225154876709,63.27287292480469,0.0,0.008700477820414936,-16.365352630615234,10
3WD5,4,29.085569381713867,18.07210922241211,64.35832977294922,0.0,0.007995412233904464,-16.03294563293457,10
3WD5,5,29.6979923248291,22.55837631225586,70.92172241210938,0.0,0.006187577010387733,-15.750595092773438,7
3WD5,6,28.489904403686523,24.12920570373535,79.24286651611328,0.0,0.005074863639673761,-14.174522399902344,9
3WD5,7,25.249061584472656,17.67502212524414,67.22342681884766,0.0,0.00762904980003951,-14.620028495788574,31
3WD5,8,29.174684524536133,18.560728073120117,65.39786529541016,0.0,0.007700442660859154,-17.28911781311035,4
3WD5,9,25.23444938659668,18.582290649414062,71.7519302368164,0.0,0.006771097838205164,-15.167617797851562,17
3WD5,10,30.359834671020508,24.107664108276367,72.06200408935547,0.0,0.005859576289680373,-18.244789123535156,6
3WD5,11,23.41695785522461,15.665277481079102,62.94109344482422,0.0,0.008998793710931529,-17.40705680847168,8
3WD5,12,29.909910202026367,16.143905639648438,70.36389923095703,0.0,0.0076473576533639745,-16.51844596862793,3
3WD5,13,25.42660140991211,18.552440643310547,63.60955047607422,0.0,0.008012562802631925,-16.770082473754883,11
3WD5,14,23.0766544342041,18.31040382385254,36.82194900512695,0.0,0.019085913107547352,-18.359302520751953,0
4M5Z,0,6.922502517700195,6.644819259643555,13.50632095336914,0.0,0.11072909410050062,-14.888419151306152,3
4M5Z,1,21.121379852294922,15.537561416625977,54.260643005371094,0.0,0.011061938988239033,-16.03057098388672,1
4M5Z,2,11.6289644241333,11.789041519165039,24.468175888061523,0.090909,0.07150825637181744,-14.734054565429688,8
4M5Z,3,9.53273868560791,7.688553810119629,23.06389808654785,0.0,0.05208248328981751,-15.357218742370605,3
4M5Z,4,15.297805786132812,11.897971153259277,35.972232818603516,0.0,0.022842457846155653,-15.078591346740723,3
4M5Z,5,15.370133399963379,13.510232925415039,38.12180709838867,0.0,0.019845904155734114,-15.345061302185059,0
4M5Z,6,13.615400314331055,12.611163139343262,25.976764678955078,0.0,0.03688821362820097,-15.34114933013916,1
4M5Z,7,15.550572395324707,13.583778381347656,38.20804214477539,0.0,0.019734774353044438,-15.337556838989258,2
4M5Z,8,11.356593132019043,7.405540943145752,33.63624572753906,0.090909,0.06344831764549201,-14.088440895080566,8
4M5Z,9,15.409323692321777,14.037713050842285,29.21665382385254,0.0,0.02977480328429524,-14.072088241577148,28
4M5Z,10,16.678117752075195,9.709446907043457,46.6361083984375,0.0,0.01848729188023452,-14.34415340423584,12
4M5Z,11,20.485483169555664,14.644259452819824,53.30012130737305,0.0,0.011728039077317634,-14.638875961303711,28
4M5Z,12,6.881102561950684,5.30049991607666,18.524322509765625,0.0,0.08269169943403916,-17.0189266204834,1
4M5Z,13,19.699556350708008,14.138764381408691,54.9755744934082,0.0,0.011492495416047152,-14.731048583984375,1
4M5Z,14,23.851980209350586,18.596628189086914,59.174957275390625,0.0,0.008893270698909883,-14.016392707824707,6
1HE1,0,10.88730525970459,10.152104377746582,23.553789138793945,0.0,0.04552999962275824,-13.150701522827148,2
1HE1,1,16.246740341186523,15.387582778930664,44.38513946533203,0.0,0.014930026209802763,-14.462310791015625,7
1HE1,2,7.841853141784668,7.403031349182129,23.531143188476562,0.0,0.05161918802570208,-13.739896774291992,3
1HE1,3,17.461406707763672,14.63526439666748,39.50788879394531,0.0,0.018211942607604958,-12.820423126220703,1
1HE1,4,6.239669322967529,6.824319362640381,14.564252853393555,0.0,0.10005302617724926,-12.812265396118164,4
1HE1,5,10.107524871826172,9.710369110107422,18.659509658813477,0.0,0.06505168955985757,-13.633916854858398,2
1HE1,6,11.061592102050781,10.250146865844727,31.57328987121582,0.0,0.029514997104215648,-14.404837608337402,2
1HE1,7,17.55767059326172,14.18235969543457,47.58994674682617,0.0,0.013992509926747452,-13.374361991882324,7
1HE1,8,6.4762396812438965,5.016746997833252,17.813127517700195,0.444444,0.23732482114772235,-15.204825401306152,4
1HE1,9,10.755335807800293,8.403356552124023,29.25020980834961,0.0,0.03624957867215589,-14.84939956665039,9
1HE1,10,12.484306335449219,11.30919075012207,36.7253532409668,0.0,0.022710819089602444,-13.439699172973633,9
1HE1,11,15.851325988769531,11.48261547088623,29.924707412719727,0.0,0.03047903144982239,-16.842987060546875,2
1HE1,12,10.44225788116455,7.773049354553223,23.51190757751465,0.0,0.05049703890901216,-14.870662689208984,8
1HE1,13,9.818166732788086,9.294572830200195,17.106462478637695,0.0,0.07446452220580169,-14.18427562713623,0
1HE1,14,11.729914665222168,10.327284812927246,21.065214157104492,0.0,0.053560611934673145,-14.700472831726074,3
1EAW,0,10.499384880065918,11.36687183380127,32.27142333984375,0.0,0.027330057122117075,-13.91952133178711,3
1EAW,1,5.223369598388672,4.904624938964844,15.895902633666992,0.0,0.10262990683787439,-22.58220863342285,0
1EAW,2,6.2327494621276855,6.940406799316406,21.066856384277344,0.0,0.06154275155138281,-18.398897171020508,1
1EAW,3,6.260593891143799,8.220544815063477,17.227174758911133,0.0,0.07600274313930398,-20.874248504638672,1
1EAW,4,7.4960432052612305,6.669129848480225,24.831344604492188,0.0,0.051012447294636915,-25.47376251220703,2
1EAW,5,3.0192320346832275,3.186100482940674,7.996572971343994,0.0,0.2373073991326997,-23.247983932495117,0
1EAW,6,4.378006458282471,5.8951215744018555,11.46523666381836,0.0,0.13849738721504698,-21.14006996154785,0
1EAW,7,8.199349403381348,7.742330074310303,26.457441329956055,0.0,0.043245186035744655,-27.293563842773438,0
1EAW,8,5.371627330780029,7.0541791915893555,13.942996978759766,0.0,0.10473562156321144,-21.977890014648438,2
1EAW,9,7.683665752410889,7.701581954956055,24.341121673583984,0.0,0.04841206484409393,-22.098146438598633,1
1EAW,10,15.650601387023926,14.953276634216309,46.63672637939453,0.0,0.01403765818486282,-17.48033905029297,1
1EAW,11,6.329987525939941,7.236764430999756,18.68901252746582,0.0,0.07086429491948605,-19.58818244934082,1
1EAW,12,7.947535991668701,8.488382339477539,25.579574584960938,0.0,0.043240710674675255,-17.21944236755371,5
1EAW,13,8.313072204589844,7.665895938873291,26.941389083862305,0.0,0.04246813696172084,-26.673303604125977,0
1EAW,14,5.9889750480651855,6.194282054901123,14.808022499084473,0.090909,0.13137804346823026,-14.984651565551758,8
1AKJ,0,14.75525951385498,18.181297302246094,34.500640869140625,0.0,0.021328780416170073,-19.184114456176758,1
1AKJ,1,26.802892684936523,30.711658477783203,65.1913833618164,0.0,0.006365319353607332,-19.27599334716797,1
1AKJ,2,24.77687644958496,30.711135864257812,60.8345947265625,0.0,0.007176202035356836,-20.766582489013672,3
1AKJ,3,15.615657806396484,19.460729598999023,36.59284591674805,0.0,0.019033468637757404,-16.298599243164062,0
1AKJ,4,28.106420516967773,30.77802276611328,64.44136810302734,0.0,0.006490137191326534,-20.338146209716797,4
1AKJ,5,24.901281356811523,31.564271926879883,59.8576774597168,0.0,0.007339888606908149,-19.9053897857666,5
1AKJ,6,20.178869247436523,20.07025146484375,37.574153900146484,0.0,0.018079482878360118,-21.2606258392334,4
1AKJ,7,13.750310897827148,16.2708740234375,31.04210090637207,0.0,0.026058636910906697,-19.10715103149414,2
1AKJ,8,25.477989196777344,32.10124969482422,62.42214584350586,0.0,0.006794427609191492,-22.098833084106445,1
1AKJ,9,25.149927139282227,32.07399368286133,61.28754806518555,0.0,0.007018137676480193,-20.808618545532227,4
1AKJ,10,16.321481704711914,20.110734939575195,36.9423942565918,0.0,0.018603712393830574,-18.134307861328125,2
1AKJ,11,25.149038314819336,31.836002349853516,61.19104766845703,0.0,0.00704851138384751,-22.269250869750977,5
1AKJ,12,15.165851593017578,17.285276412963867,31.90644073486328,0.0,0.024580749671156754,-17.140504837036133,6
1AKJ,13,27.405500411987305,25.42967987060547,64.24372863769531,0.0,0.006890569557270705,-17.3762264251709,6
1AKJ,14,25.090951919555664,31.39366912841797,61.91422653198242,0.0,0.006925578984563602,-21.920211791992188,2
3L5W,0,9.515595436096191,11.589764595031738,22.121780395507812,0.0,0.048373242240862056,-16.95823097229004,4
3L5W,1,15.995535850524902,11.467059135437012,40.42715835571289,0.0,0.01971958838666391,-14.385893821716309,58
3L5W,2,15.31467056274414,10.19275951385498,38.02330780029297,0.0,0.02293092706448048,-14.766998291015625,56
3L5W,3,10.08972454071045,14.027902603149414,24.99321937561035,0.0,0.038325494715727236,-17.92215919494629,4
3L5W,4,22.67813491821289,14.334711074829102,59.3873291015625,0.0,0.010301866029522495,-13.719965934753418,35
3L5W,5,8.218954086303711,9.152650833129883,19.344575881958008,0.0,0.06266135248202563,-17.814559936523438,3
3L5W,6,9.292863845825195,12.78971004486084,21.540246963500977,0.0,0.04943492685303468,-21.657453536987305,0
3L5W,7,9.268524169921875,9.681815147399902,21.61488151550293,0.0,0.05245749337917228,-17.552255630493164,4
3L5W,8,16.38151741027832,19.075292587280273,45.991859436035156,0.0,0.013058044761792393,-17.55063247680664,3
3L5W,9,9.451122283935547,11.574512481689453,21.929309844970703,0.0,0.04904477060640582,-18.035884857177734,2
3L5W,10,9.007014274597168,11.33865737915039,20.96569061279297,0.0,0.05278848634460409,-16.625911712646484,2
3L5W,11,12.508872985839844,15.0534029006958,33.70367431640625,0.0,0.023210622681354,-17.466506958007812,8
3L5W,12,16.52834129333496,11.081718444824219,41.465545654296875,0.0,0.0194394353782755,-16.520109176635742,52
3L5W,13,8.694353103637695,9.785120964050293,20.498897552490234,0.0,0.05655782858251557,-15.659737586975098,7
3L5W,14,8.832371711730957,9.946785926818848,20.611793518066406,0.0,0.05585995561002016,-17.868301391601562,2
2O8V,0,21.618000030517578,21.40713119506836,63.57782745361328,0.0,0.007482049895222488,-17.26372718811035,1
2O8V,1,21.78669548034668,21.18903350830078,68.8415756225586,0.0,0.006667601500199215,-16.18366813659668,1
2O8V,2,21.749366760253906,21.63024139404297,70.2550277709961,0.0,0.006404300514103667,-13.807782173156738,0
2O8V,3,20.389970779418945,19.84649658203125,64.30982971191406,0.0,0.007616521365861236,-17.94769287109375,0
2O8V,4,19.340810775756836,19.062198638916016,62.115684509277344,0.0,0.008178450914994905,-19.04267120361328,1
2O8V,5,17.20023536682129,14.414097785949707,48.47642517089844,0.0,0.013513847960431308,-13.800156593322754,1
2O8V,6,19.69226837158203,19.726152420043945,62.74293518066406,0.0,0.007923767698331289,-17.841211318969727,1
2O8V,7,18.678672790527344,19.434036254882812,58.623619079589844,0.0,0.008837384198646636,-15.60211181640625,3
2O8V,8,21.119709014892578,20.624250411987305,64.53926086425781,0.0,0.007437229590126069,-16.56246566772461,2
2O8V,9,14.813688278198242,14.016419410705566,40.1010627746582,0.0,0.01810671646828586,-14.478422164916992,0
2O8V,10,14.003458023071289,11.098520278930664,38.591705322265625,0.0,0.02140208209285356,-16.669933319091797,0
2O8V,11,18.302797317504883,19.570755004882812,60.6162109375,0.0,0.008374807940415693,-18.460948944091797,0
2O8V,12,8.196051597595215,8.250042915344238,28.018356323242188,0.0,0.038759342632961456,-15.049080848693848,1
2O8V,13,12.243971824645996,11.85506820678711,37.76851272583008,0.0,0.021321740753651553,-13.39342975616455,0
2O8V,14,15.176563262939453,16.69493865966797,51.76924133300781,0.0,0.011419558383229002,-18.36403465270996,0
3PC8,0,5.44620418548584,5.567267417907715,15.81335735321045,0.0,0.0972806433010321,-14.859116554260254,0
3PC8,1,4.529768943786621,3.402228355407715,12.108798027038574,0.2,0.23094896855619662,-22.902326583862305,0
3PC8,2,14.76283073425293,13.31166934967041,39.42289352416992,0.0,0.018987047618059794,-24.991458892822266,0
3PC8,3,4.848438262939453,3.6575586795806885,12.54286003112793,0.2,0.21956301351741558,-23.04912567138672,0
3PC8,4,5.489424228668213,4.593776702880859,14.45913314819336,0.0,0.11772546284055403,-24.100881576538086,2
3PC8,5,7.747387409210205,5.717953205108643,25.96112060546875,0.0,0.05373565254772509,-18.642711639404297,0
3PC8,6,3.524600028991699,3.4401895999908447,8.766926765441895,0.8,0.4814301131470306,-28.18831443786621,0
3PC8,7,3.494097948074341,3.735255718231201,6.007126808166504,0.0,0.2685932923994995,-20.56246566772461,0
3PC8,8,7.78447961807251,6.186422824859619,21.905534744262695,0.0,0.06212967426186892,-21.227924346923828,0
3PC8,9,16.042789459228516,12.516298294067383,48.79042434692383,0.0,0.014538608959130556,-16.42552947998047,0
3PC8,10,10.750768661499023,8.31311321258545,17.974483489990234,0.0,0.07142965853232644,-22.587366104125977,0
3PC8,11,11.418103218078613,11.657458305358887,37.64247131347656,0.0,0.021600958304238218,-18.48689079284668,0
3PC8,12,15.601231575012207,14.068472862243652,54.20096206665039,0.0,0.011747901706862173,-16.98453140258789,3
3PC8,13,5.7089362144470215,4.825765609741211,15.925308227539062,0.0,0.10327374538293597,-26.77513885498047,0
3PC8,14,16.42441749572754,12.785661697387695,49.397926330566406,0.0,0.014111388391738046,-19.39265251159668,2
1JPS,0,21.88139533996582,16.01810646057129,41.954185485839844,0.0,0.016040686055264267,-16.392194747924805,1
1JPS,1,15.02817440032959,15.56584644317627,29.548398971557617,0.0,0.028542274003241053,-15.942076683044434,0
1JPS,2,15.910198211669922,18.462594985961914,33.70400619506836,0.0,0.022118909154174023,-17.11238670349121,0
1JPS,3,19.338682174682617,21.21149444580078,37.78147506713867,0.0,0.017717516608536477,-14.959806442260742,2
1JPS,4,19.15334701538086,20.648792266845703,38.05811309814453,0.0,0.017587108593111342,-16.33536720275879,1
1JPS,5,20.588233947753906,15.278945922851562,43.30685806274414,0.0,0.01554685864916884,-14.25647258758545,73
1JPS,6,21.646581649780273,20.300365447998047,50.61532211303711,0.0,0.010952739441440323,-16.035484313964844,9
1JPS,7,24.861602783203125,25.796920776367188,49.21321487426758,0.0,0.010778977940148357,-13.370365142822266,1
1JPS,8,23.43211555480957,21.3767032623291,44.05313491821289,0.0,0.013597552556003258,-16.26772117614746,0
1JPS,9,14.861198425292969,17.836597442626953,34.19557571411133,0.0,0.02173807776061178,-14.110160827636719,2
1JPS,10,19.225692749023438,18.101852416992188,35.87046432495117,0.0,0.019995373151344833,-17.52585792541504,4
1JPS,11,21.61707878112793,20.154638290405273,39.96294403076172,0.0,0.016263485878489862,-17.145753860473633,9
1JPS,12,14.753401756286621,15.961874961853027,33.61918640136719,0.0,0.022945655953470378,-12.461690902709961,18
1JPS,13,21.34716796875,19.418312072753906,48.27298355102539,0.0,0.012001369166118145,-15.967952728271484,5
1JPS,14,20.83344841003418,22.525775909423828,48.49301528930664,0.0,0.011407663593478922,-14.548595428466797,11
4M3K,0,13.43264389038086,12.019243240356445,26.983074188232422,0.0,0.035203566245140434,-15.783547401428223,4
4M3K,1,15.617720603942871,13.214804649353027,28.795757293701172,0.0,0.030956483105589894,-15.792562484741211,3
4M3K,2,15.516488075256348,13.182726860046387,32.4959716796875,0.0,0.02560649926638461,-14.006743431091309,14
4M3K,3,14.758260726928711,12.942161560058594,28.723081588745117,0.0,0.031259087073906955,-14.177979469299316,7
4M3K,4,13.616002082824707,12.701544761657715,32.536319732666016,0.0,0.025881370749252636,-15.52386474609375,4
4M3K,5,15.890283584594727,13.382147789001465,29.169322967529297,0.0,0.030225705001313496,-15.359991073608398,9
4M3K,6,11.76480770111084,12.020934104919434,34.3806037902832,0.0,0.024311618262231518,-18.882925033569336,0
4M3K,7,14.321174621582031,12.695809364318848,30.51944923400879,0.0,0.028583889820134992,-15.654925346374512,11
4M3K,8,15.861845016479492,13.205089569091797,29.313945770263672,0.0,0.030099062390297693,-14.891083717346191,6
4M3K,9,15.602959632873535,13.658062934875488,31.9716854095459,0.0,0.025977803870395003,-14.058873176574707,6
4M3K,10,11.055381774902344,11.231168746948242,35.14224624633789,0.0,0.024264830497427326,-16.846105575561523,2
4M3K,11,11.490618705749512,11.72715950012207,39.16093063354492,0.0,0.020363168204180014,-18.443464279174805,2
4M3K,12,15.5122709274292,13.907938957214355,36.08575439453125,0.0,0.021355167280721867,-16.026561737060547,1
4M3K,13,14.60855770111084,14.40446949005127,34.265464782714844,0.0,0.022898625104501413,-17.375751495361328,16
4M3K,14,13.998708724975586,14.834297180175781,45.24241256713867,0.0,0.014738471181437207,-15.584771156311035,1
1HCF,0,11.695815086364746,11.778504371643066,29.728595733642578,0.0,0.030510517055056256,-15.298726081848145,5
1HCF,1,22.928197860717773,21.280195236206055,59.53743362426758,0.0,0.008306454863249059,-13.131638526916504,11
1HCF,2,12.262744903564453,11.746383666992188,31.32963752746582,0.555555,0.21338733213727776,-13.20814037322998,14
1HCF,3,10.294074058532715,11.414400100708008,28.94243049621582,0.0,0.03212642643231647,-17.082706451416016,6
1HCF,4,10.190176963806152,11.895689964294434,27.7480525970459,0.0,0.033812712432998014,-15.712116241455078,10
1HCF,5,21.94670867919922,22.075870513916016,57.10009002685547,0.0,0.008758318785418748,-14.59820556640625,13
1HCF,6,72.15141296386719,88.23978424072266,184.05865478515625,0.0,0.0008056756137202519,0.0,0
1HCF,7,9.034358978271484,10.839071273803711,17.534753799438477,0.777778,0.3289474703888318,-15.171008110046387,14
1HCF,8,19.08847427368164,20.91914939880371,50.82170104980469,0.0,0.010775694601534165,-15.579593658447266,12
1HCF,9,4.719283103942871,5.190151214599609,12.36473274230957,0.0,0.13266786772892433,-14.621922492980957,14
1HCF,10,20.53373908996582,15.898022651672363,52.702510833740234,0.0,0.011392081298547727,-13.986278533935547,12
1HCF,11,22.356002807617188,19.496767044067383,56.640846252441406,0.0,0.009302935806925422,-13.23958683013916,11
1HCF,12,16.69989776611328,15.391268730163574,46.34962463378906,0.0,0.013981944482496905,-12.385533332824707,15
1HCF,13,13.104694366455078,16.1848201751709,28.191547393798828,0.333333,0.14172712590571948,-14.85550308227539,2
1HCF,14,12.173185348510742,12.413625717163086,29.586023330688477,0.444444,0.1783605338236767,-14.882925987243652,5
1A2K,0,18.633270263671875,15.089351654052734,34.146888732910156,0.0,0.022711075913715722,-24.827314376831055,3
1A2K,1,16.574386596679688,17.095760345458984,36.0590934753418,0.0,0.020093509542683883,-23.64348030090332,2
1A2K,2,18.771703720092773,14.952831268310547,33.52037048339844,0.0,0.02345981242634711,-20.37272071838379,7
1A2K,3,16.381607055664062,16.51993751525879,31.953584671020508,0.0,0.024754185246423477,-20.094295501708984,5
1A2K,4,16.867265701293945,16.743711471557617,32.60881805419922,0.0,0.02386177490010498,-19.364341735839844,3
1A2K,5,18.67099380493164,14.68405818939209,33.828609466552734,0.0,0.023237596485476703,-21.506427764892578,4
1A2K,6,16.347942352294922,16.227720260620117,31.49083709716797,0.0,0.025460266889638566,-20.1849308013916,2
1A2K,7,16.864320755004883,16.97804832458496,33.42976760864258,0.0,0.022823226953195,-20.21622085571289,10
1A2K,8,18.665143966674805,15.54664134979248,33.39717102050781,0.0,0.023353059894462198,-22.202392578125,1
1A2K,9,16.927793502807617,16.895231246948242,31.921918869018555,0.0,0.02467620478340241,-21.12220573425293,4
1A2K,10,18.89382553100586,16.53180694580078,34.625511169433594,0.0,0.021667533547636647,-21.208267211914062,6
1A2K,11,18.225616455078125,14.548739433288574,32.772865295410156,0.0,0.024515481135217634,-25.32857322692871,0
1A2K,12,18.518770217895508,14.598435401916504,34.63640213012695,0.0,0.022416945966329233,-26.06024742126465,4
1A2K,13,18.174407958984375,13.861405372619629,34.38222885131836,0.0,0.02305752650525614,-26.51312828063965,0
1A2K,14,18.12718391418457,13.81028938293457,32.77361297607422,0.0,0.02489506296363106,-21.991079330444336,2
6BPC,0,14.20532512664795,11.79726505279541,30.567495346069336,0.0,0.02922805492354279,-17.120370864868164,1
6BPC,1,17.515275955200195,18.719263076782227,34.55502700805664,0.0,0.02114535430738521,-17.12594985961914,0
6BPC,2,22.059967041015625,18.003459930419922,38.25918960571289,0.0,0.017977067498519995,-18.563987731933594,0
6BPC,3,21.277090072631836,18.37139892578125,36.87291717529297,0.0,0.019027042441486914,-15.632198333740234,18
6BPC,4,20.19797706604004,16.159912109375,35.69261932373047,0.0,0.020737147764467792,-16.579683303833008,4
6BPC,5,17.815946578979492,15.865771293640137,35.120338439941406,0.0,0.02139800821630258,-14.675633430480957,11
6BPC,6,22.5159969329834,17.058547973632812,45.075984954833984,0.0,0.01400353412527616,-17.14057731628418,2
6BPC,7,16.75212287902832,10.371562957763672,36.38718032836914,0.0,0.024077649835430138,-15.36223030090332,15
6BPC,8,25.974159240722656,19.391942977905273,44.772090911865234,0.0,0.013578988226407887,-15.97952938079834,23
6BPC,9,22.250890731811523,13.925786972045898,43.90830993652344,0.0,0.01586359229517505,-16.01164436340332,10
6BPC,10,18.845115661621094,11.583702087402344,40.15536117553711,0.0,0.019792536708851272,-15.88521671295166,12
6BPC,11,20.801359176635742,18.171348571777344,37.482269287109375,0.0,0.01855968473025648,-15.970288276672363,5
6BPC,12,21.440025329589844,16.4904727935791,37.66627502441406,0.0,0.01888786155775166,-17.131641387939453,4
6BPC,13,17.610788345336914,12.940264701843262,38.250709533691406,0.0,0.020105272155288713,-13.433679580688477,13
6BPC,14,27.00920867919922,17.16659164428711,49.300384521484375,0.0,0.01214838787132762,-17.67324447631836,0
1FFW,0,13.079679489135742,10.345939636230469,41.43547439575195,0.0,0.020323351389862396,-20.282886505126953,0
1FFW,1,15.057454109191895,11.992487907409668,43.71246337890625,0.0,0.01727925067072153,-18.525535583496094,0
1FFW,2,9.76440143585205,9.019793510437012,18.18427276611328,0.0,0.06874290328868206,-16.17058563232422,0
1FFW,3,14.632542610168457,11.593847274780273,43.28193664550781,0.0,0.017866290109165017,-20.5682373046875,0
1FFW,4,3.5550649166107178,3.6827807426452637,12.917975425720215,0.0,0.14814450205815868,-23.682268142700195,0
1FFW,5,14.767823219299316,13.276569366455078,50.14848327636719,0.0,0.013510207826223924,-15.010648727416992,0
1FFW,6,12.40110969543457,9.804251670837402,42.52187728881836,0.0,0.02043184678971152,-19.7427978515625,0
1FFW,7,14.73338794708252,15.463683128356934,50.67232131958008,0.0,0.01222989426314214,-14.808158874511719,0
1FFW,8,5.142789363861084,4.980501174926758,18.271120071411133,0.0,0.08702721661021338,-25.92344856262207,0
1FFW,9,9.522028923034668,7.2261271476745605,30.46830940246582,0.0,0.0378394921287338,-15.374778747558594,0
1FFW,10,10.124876022338867,8.762699127197266,31.892261505126953,0.0,0.0315971323745135,-18.643814086914062,0
1FFW,11,14.31350326538086,12.42143440246582,49.237300872802734,0.0,0.014437645614324953,-15.294276237487793,0
1FFW,12,11.450387954711914,9.729303359985352,39.91205978393555,0.0,0.02220172344903758,-18.67048454284668,0
1FFW,13,13.06197738647461,10.647759437561035,43.3238410949707,0.0,0.018841962034782337,-21.133771896362305,0
1FFW,14,2.13191294670105,2.0226991176605225,7.756897926330566,0.6,0.5001436092259696,-23.516019821166992,0
1SYX,0,9.882951736450195,8.620100975036621,30.62891960144043,0.0,0.033632631700806756,-20.725183486938477,0
1SYX,1,7.7383646965026855,6.9351019859313965,26.58036994934082,0.0,0.045822010667485945,-22.354368209838867,0
1SYX,2,10.953306198120117,9.27535343170166,34.01215362548828,0.0,0.02809014182284586,-23.83006477355957,0
1SYX,3,17.739662170410156,14.564898490905762,55.471397399902344,0.0,0.011145497453820494,-18.403438568115234,0
1SYX,4,5.772753715515137,5.244664669036865,17.9759521484375,0.0,0.08611568813835917,-20.635974884033203,0
1SYX,5,9.862055778503418,8.04807186126709,34.827667236328125,0.0,0.029929183332442013,-21.58518409729004,0
1SYX,6,18.609317779541016,15.592903137207031,55.89496994018555,0.0,0.010590664142804804,-16.517362594604492,0
1SYX,7,5.724365711212158,6.106595039367676,20.12893295288086,0.0,0.0694122274088138,-18.989574432373047,0
1SYX,8,5.693863391876221,5.385447978973389,20.353839874267578,0.0,0.07349798232193014,-20.31485366821289,0
1SYX,9,17.258649826049805,14.637669563293457,52.11669158935547,0.0,0.012100994944425963,-19.414066314697266,1
1SYX,10,10.079399108886719,8.425970077514648,32.32063674926758,0.0,0.0318025001664528,-20.862497329711914,2
1SYX,11,4.241100788116455,4.361888408660889,13.277791976928711,0.0,0.1321462901102817,-22.64250373840332,1
1SYX,12,17.974199295043945,14.633805274963379,51.35398483276367,0.0,0.012354370636482476,-17.955337524414062,0
1SYX,13,17.775978088378906,15.047691345214844,53.487586975097656,0.0,0.011490327879582617,-18.007404327392578,0
1SYX,14,16.603151321411133,14.111169815063477,50.558319091796875,0.0,0.012887150144948725,-18.920475006103516,0
2A1A,0,10.793755531311035,11.17926025390625,24.15097427368164,0.0,0.04263433347919617,-15.575666427612305,0
2A1A,1,22.207258224487305,18.499025344848633,76.2509994506836,0.0,0.0062686028243265635,-16.132747650146484,0
2A1A,2,9.236443519592285,9.577432632446289,22.51319122314453,0.0,0.04956862541656012,-15.262874603271484,0
2A1A,3,9.412233352661133,10.702861785888672,20.529407501220703,0.0,0.05520182593268288,-16.982906341552734,3
2A1A,4,15.428756713867188,13.038972854614258,32.900672912597656,0.0,0.02521047294205657,-15.20664119720459,0
2A1A,5,14.060835838317871,12.769506454467773,29.28727149963379,0.0,0.030433139365524216,-14.192893028259277,1
2A1A,6,9.296415328979492,9.886529922485352,23.09324073791504,0.0,0.04727164316949331,-15.507073402404785,0
2A1A,7,13.545073509216309,15.608468055725098,35.906436920166016,0.0,0.020738874466664392,-13.758902549743652,5
2A1A,8,14.782929420471191,10.520917892456055,35.34583282470703,0.0,0.02486387696701778,-15.904647827148438,0
2A1A,9,13.831521987915039,10.129861831665039,35.5748405456543,0.0,0.025154047189976145,-16.801511764526367,0
2A1A,10,23.40513038635254,19.554607391357422,72.23445129394531,0.0,0.006502470603131301,-15.555112838745117,6
2A1A,11,13.163808822631836,12.352132797241211,40.724609375,0.0,0.018759192337138225,-16.26691436767578,1
2A1A,12,12.967247009277344,11.000621795654297,32.05927658081055,0.0,0.027977517047722448,-16.655303955078125,3
2A1A,13,9.56975269317627,9.344120979309082,23.370223999023438,0.0,0.047317525747235134,-14.445335388183594,0
2A1A,14,9.919288635253906,11.068400382995605,21.088335037231445,0.0,0.052597311398400765,-14.590614318847656,3
3R9A,0,18.186927795410156,11.399640083312988,41.38190460205078,0.0,0.019167385901169644,-18.59599494934082,8
3R9A,1,34.979427337646484,24.408796310424805,93.38330078125,0.0,0.003993115512610804,-17.060129165649414,5
3R9A,2,33.80268478393555,23.030986785888672,88.20194244384766,0.0,0.004475208892388935,-16.71125602722168,21
3R9A,3,15.88895034790039,10.731605529785156,36.87474822998047,0.0,0.023205476072320343,-15.073451042175293,31
3R9A,4,16.99955940246582,12.812896728515625,38.48312759399414,0.0,0.02001227286098024,-16.624197006225586,9
3R9A,5,16.862354278564453,10.518394470214844,38.4345817565918,0.0,0.022186812624226032,-16.763912200927734,17
3R9A,6,21.926959991455078,17.67675018310547,66.16460418701172,0.0,0.0077950687423232875,-16.251487731933594,14
3R9A,7,35.26467514038086,18.935840606689453,78.79521179199219,0.0,0.005912976013689868,-11.943364143371582,107
3R9A,8,29.226045608520508,15.62728214263916,74.35016632080078,0.0,0.007343509891288537,-17.63211441040039,25
3R9A,9,22.61370849609375,19.506694793701172,64.58261108398438,0.0,0.0076352430332109885,-17.09961700439453,15
3R9A,10,12.673270225524902,12.701821327209473,29.804443359375,0.0,0.02965705168683278,-13.982256889343262,47
3R9A,11,35.811038970947266,23.19637107849121,88.94770812988281,0.0,0.004404532568664322,-14.710204124450684,42
3R9A,12,27.36658477783203,15.941926002502441,72.15176391601562,0.0,0.007488029941058395,-16.904802322387695,11
3R9A,13,16.71951675415039,11.414839744567871,40.11384582519531,0.0,0.019981934905642273,-18.744810104370117,4
3R9A,14,17.41615867614746,13.213912010192871,39.235206604003906,0.0,0.019183967231987127,-16.00043296813965,17
3LVK,0,22.032474517822266,26.287792205810547,78.98699188232422,0.0,0.004897756341439724,-20.501554489135742,0
3LVK,1,20.842058181762695,25.64055633544922,74.25804901123047,0.0,0.00544788260358988,-18.36690902709961,0
3LVK,2,5.008148193359375,8.232640266418457,18.49471092224121,0.0,0.0688398232503306,-17.646507263183594,0
3LVK,3,20.01323890686035,25.51480484008789,72.97476959228516,0.0,0.005609983244166137,-15.758559226989746,0
3LVK,4,21.11171531677246,26.154441833496094,75.4417953491211,0.0,0.005271248549391071,-19.50567054748535,0
3LVK,5,6.426220417022705,12.119410514831543,22.758623123168945,0.0,0.045834201534767804,-16.85118865966797,0
3LVK,6,4.364948272705078,9.250923156738281,15.203803062438965,0.0,0.08791595074911834,-18.83803367614746,0
3LVK,7,21.03681755065918,26.460281372070312,75.03487396240234,0.0,0.005291079967012208,-17.90346336364746,0
3LVK,8,13.104925155639648,21.192102432250977,48.082603454589844,0.0,0.011762940506817657,-15.61115550994873,0
3LVK,9,22.35383415222168,26.28188133239746,79.77176666259766,0.0,0.004824368326358137,-20.373260498046875,0
3LVK,10,5.349094867706299,8.64373779296875,20.118322372436523,0.0,0.06023428711407622,-18.88814353942871,0
3LVK,11,21.25870132446289,25.035768508911133,75.73208618164062,0.0,0.005339159406400413,-19.4217529296875,0
3LVK,12,6.826669692993164,11.362590789794922,24.182931900024414,0.0,0.042362505319322674,-18.297222137451172,0
3LVK,13,21.373708724975586,26.265230178833008,76.16179656982422,0.0,0.005184417195942371,-17.302732467651367,0
3LVK,14,3.8004565238952637,7.6065144538879395,13.726859092712402,0.0,0.10486508217477612,-21.862293243408203,0
2OZA,0,15.555854797363281,15.54190731048584,32.14554214477539,0.0,0.02485960300721805,-11.032722473144531,73
2OZA,1,14.548422813415527,13.94289493560791,28.669816970825195,0.018182,0.03680703864000918,-15.396403312683105,22
2OZA,2,22.009923934936523,17.901655197143555,43.02253341674805,0.0,0.014846608913997477,-12.76440143585205,29
2OZA,3,21.769378662109375,20.36026954650879,51.500885009765625,0.0,0.010638711549442207,-12.545465469360352,22
2OZA,4,21.43950080871582,19.95747947692871,63.3406982421875,0.0,0.007768992648054389,-13.268664360046387,25
2OZA,5,9.493670463562012,10.13951587677002,31.89748191833496,0.0,0.02923968980267942,-11.986085891723633,6
2OZA,6,4.724418640136719,4.4228835105896,13.37588882446289,0.036364,0.14239296619723732,-15.508474349975586,0
2OZA,7,6.996058940887451,8.920401573181152,16.63054656982422,0.0,0.07820735333391633,-12.730554580688477,8
2OZA,8,7.55676794052124,9.089681625366211,22.128643035888672,0.0,0.051695289474882965,-13.913263320922852,5
2OZA,9,26.639795303344727,22.136083602905273,39.79633331298828,0.0,0.016066688840854156,-14.488259315490723,16
2OZA,10,8.349668502807617,9.097796440124512,27.40445327758789,0.0,0.03807529296813988,-14.655130386352539,7
2OZA,11,16.828125,17.417421340942383,54.662418365478516,0.0,0.010323834349065579,-14.456145286560059,12
2OZA,12,8.19550895690918,10.01746654510498,21.695255279541016,0.0,0.0516677141148316,-13.15796947479248,7
2OZA,13,19.166208267211914,21.494075775146484,61.52034378051758,0.0,0.007859579316255553,-13.659774780273438,5
2OZA,14,22.498807907104492,18.006793975830078,38.54009246826172,0.0,0.01775906164423476,-14.66744613647461,16
1R0R,0,5.7971577644348145,7.223132133483887,14.817081451416016,0.125,0.13798230114750334,-22.793306350708008,0
1R0R,1,8.872804641723633,8.966588020324707,29.55951499938965,0.0,0.03453211038612496,-11.833183288574219,6
1R0R,2,8.083379745483398,9.89984130859375,26.251440048217773,0.0,0.039111609273901386,-16.818349838256836,2
1R0R,3,7.541850566864014,8.833244323730469,23.20163345336914,0.09375,0.08003703201323803,-16.237930297851562,3
1R0R,4,3.1531176567077637,4.084482669830322,8.812803268432617,0.1875,0.2627594275166463,-17.868640899658203,2
1R0R,5,2.188122034072876,2.427910089492798,6.1790995597839355,0.34375,0.4247515821431911,-21.97199058532715,2
1R0R,6,8.504261016845703,9.503511428833008,27.275733947753906,0.0,0.0376083537983691,-16.718700408935547,2
1R0R,7,0.8139626383781433,0.9903490543365479,2.407567262649536,0.53125,0.7178018068839767,-24.85306739807129,0
1R0R,8,7.562501907348633,7.984457969665527,21.939842224121094,0.0625,0.07569930589489084,-18.903789520263672,1
1R0R,9,2.418771505355835,2.886282444000244,6.402378082275391,0.21875,0.35647524734133756,-19.979766845703125,2
1R0R,10,2.497638463973999,3.122903347015381,6.669961929321289,0.25,0.3521219226513375,-21.70220184326172,0
1R0R,11,7.274796009063721,9.052577018737793,20.979536056518555,0.15625,0.10799265914834577,-17.98497200012207,19
1R0R,12,5.969846725463867,7.644975185394287,15.121294975280762,0.125,0.13406011892751432,-21.724628448486328,0
1R0R,13,1.6379731893539429,2.0225830078125,4.539163589477539,0.375,0.5026485568847013,-21.037202835083008,0
1R0R,14,5.732913017272949,7.072357177734375,14.706255912780762,0.09375,0.12906988433192737,-19.575977325439453,4
2ABZ,0,5.703057765960693,6.932181358337402,18.814016342163086,0.0,0.07141384911838225,-18.724384307861328,4
2ABZ,1,7.49165153503418,8.39232349395752,21.888647079467773,0.0,0.053998695150695365,-19.40237808227539,6
2ABZ,2,8.380561828613281,10.167011260986328,25.046987533569336,0.0,0.041525409429127136,-17.1697998046875,2
2ABZ,3,7.4366841316223145,9.557524681091309,23.161434173583984,0.0,0.04757820059230961,-15.271963119506836,5
2ABZ,4,6.646482944488525,8.475348472595215,20.908935546875,0.0,0.057398707036324874,-15.877079010009766,3
2ABZ,5,7.733596324920654,8.71437931060791,22.679431915283203,0.0,0.050647307170346274,-17.688127517700195,0
2ABZ,6,6.468561172485352,7.823647975921631,17.53485107421875,0.0,0.07524232647686326,-20.319231033325195,0
2ABZ,7,8.196290016174316,9.100653648376465,24.167251586914062,0.0,0.045511350993968754,-16.850706100463867,2
2ABZ,8,8.827479362487793,10.825885772705078,25.14743423461914,0.0,0.04045683003154398,-15.480490684509277,5
2ABZ,9,8.189927101135254,10.193071365356445,24.817888259887695,0.0,0.04206137195432593,-19.042150497436523,3
2ABZ,10,8.548406600952148,8.802225112915039,25.071504592895508,0.0,0.043770845265127416,-16.28950309753418,1
2ABZ,11,8.516790390014648,9.511466979980469,25.271638870239258,0.0,0.04196601553495725,-15.508293151855469,0
2ABZ,12,8.440616607666016,9.038854598999023,24.597164154052734,0.0,0.04449319612031657,-18.787446975708008,3
2ABZ,13,7.796627998352051,9.148258209228516,21.67318344116211,0.0,0.05316304485776063,-18.479812622070312,1
2ABZ,14,6.046360492706299,7.835591793060303,18.231761932373047,0.0,0.07130071226081348,-19.51687240600586,17
1JK9,0,21.73067855834961,21.69045066833496,54.239959716796875,0.0,0.009576440970030272,-16.72028923034668,0
1JK9,1,21.495540618896484,19.090131759643555,50.64854431152344,0.0,0.011176397656680612,-13.207304000854492,7
1JK9,2,13.757997512817383,12.493843078613281,23.66284942626953,0.117647,0.08204778977112835,-14.869355201721191,5
1JK9,3,11.32715129852295,10.290360450744629,19.7179012298584,0.205882,0.12779902373015187,-12.95441722869873,9
1JK9,4,14.649144172668457,14.11199951171875,23.734716415405273,0.088235,0.0710271223686244,-14.1632661819458,8
1JK9,5,18.60399055480957,17.732545852661133,40.292274475097656,0.0,0.016570668031864896,-14.783037185668945,6
1JK9,6,13.595179557800293,12.494619369506836,23.274629592895508,0.117647,0.08317787495581104,-15.960779190063477,5
1JK9,7,13.86841106414795,12.715357780456543,23.56128692626953,0.088235,0.07237367668575073,-15.29612922668457,7
1JK9,8,6.944819927215576,6.1971611976623535,13.889716148376465,0.0,0.10926879929513471,-12.940342903137207,13
1JK9,9,19.879865646362305,19.244003295898438,47.88697814941406,0.0,0.012194432546297448,-15.268064498901367,5
1JK9,10,14.485363006591797,13.52453327178955,24.729494094848633,0.088235,0.06868211105520321,-14.255664825439453,4
1JK9,11,18.01913070678711,17.314117431640625,43.352481842041016,0.0,0.014822955602355909,-15.144124984741211,0
1JK9,12,14.720219612121582,13.518807411193848,26.457134246826172,0.0,0.03524061354547801,-12.837141036987305,9
1JK9,13,19.55276870727539,18.791749954223633,45.00365447998047,0.0,0.013591908755460382,-17.196500778198242,2
1JK9,14,13.953248977661133,13.038419723510742,23.686824798583984,0.147059,0.09140116967672374,-14.083086013793945,5
1EWY,0,10.715727806091309,9.877565383911133,25.120643615722656,0.0,0.0417572910200838,-18.900236129760742,3
1EWY,1,7.593006134033203,6.5237016677856445,17.485990524291992,0.0,0.08044868657753919,-16.911636352539062,0
1EWY,2,21.024208068847656,13.894471168518066,48.90900421142578,0.0,0.013612850158118228,-12.35856819152832,19
1EWY,3,11.172385215759277,8.179925918579102,31.9732723236084,0.0,0.03284738463466926,-15.031444549560547,8
1EWY,4,13.192091941833496,14.039794921875,36.27973556518555,0.0,0.021107169452235088,-13.871106147766113,21
1EWY,5,8.615205764770508,9.634526252746582,22.982755661010742,0.0,0.04799691991355196,-17.295576095581055,6
1EWY,6,9.557822227478027,10.05652141571045,23.706445693969727,0.0,0.045226156539687444,-17.99370765686035,12
1EWY,7,8.029738426208496,6.4117560386657715,19.780620574951172,0.0,0.0692539564849198,-17.8106632232666,0
1EWY,8,9.97778606414795,10.66037368774414,23.722482681274414,0.0,0.04439759476546881,-17.737306594848633,8
1EWY,9,17.96925926208496,14.715753555297852,51.93935012817383,0.0,0.012122247998910499,-11.777694702148438,5
1EWY,10,21.956714630126953,13.398120880126953,51.61454772949219,0.0,0.01292771426030658,-13.528117179870605,11
1EWY,11,18.844858169555664,10.9901762008667,43.035614013671875,0.0,0.018611159302303285,-10.221613883972168,44
1EWY,12,7.813544750213623,9.169452667236328,19.23069953918457,0.0,0.0631662843368686,-17.09444808959961,4
1EWY,13,5.874776363372803,5.541053295135498,17.053564071655273,0.0,0.0890912404719395,-17.083749771118164,1
1EWY,14,18.840513229370117,12.771618843078613,48.630802154541016,0.0,0.014416980402982038,-10.427249908447266,23
