id,index,c_rmsd,i_rmsd,l_rmsd,fnat,DockQ,ranking_energy,ranking_num_clashes
2HRK,0,5.568047046661377,4.270996570587158,12.372154235839844,0.142857,0.19110462709554574,-24.90239715576172,0
2HRK,1,13.575453758239746,11.224924087524414,24.21934700012207,0.0,0.042402882196315966,-19.7629337310791,0
2HRK,2,13.659533500671387,11.603799819946289,24.047298431396484,0.0,0.042500043570708725,-23.974754333496094,0
2HRK,3,5.229597091674805,4.0550127029418945,11.350462913513184,0.285714,0.2551278133239466,-22.374834060668945,1
2HRK,4,5.391865253448486,4.4924116134643555,11.589540481567383,0.0,0.1500229646610237,-20.84442138671875,0
2HRK,5,5.709715843200684,4.4245076179504395,12.41620922088623,0.285714,0.23596965646061477,-22.374393463134766,1
2HRK,6,13.666032791137695,11.250450134277344,23.818614959716797,0.0,0.04347708876420677,-20.4398250579834,0
2HRK,7,10.886595726013184,7.909870147705078,32.17391586303711,0.0,0.03331863261312184,-16.863996505737305,5
2HRK,8,11.608704566955566,9.508776664733887,21.28179168701172,0.0,0.05395214367964646,-22.585351943969727,0
2HRK,9,14.491646766662598,12.05678939819336,25.034015655517578,0.0,0.03953709512834042,-19.083681106567383,1
2HRK,10,12.817505836486816,10.651022911071777,23.859647750854492,0.0,0.04402290159929262,-21.745445251464844,0
2HRK,11,14.325014114379883,11.9691801071167,24.6462459564209,0.0,0.040587193189526506,-21.53822135925293,0
2HRK,12,14.130508422851562,11.771886825561523,24.570045471191406,0.0,0.04095521736504029,-20.821361541748047,0
2HRK,13,14.372624397277832,11.822571754455566,24.967472076416016,0.0,0.03990198813331645,-19.585020065307617,0
2HRK,14,7.909587383270264,6.555771827697754,16.657428741455078,0.0,0.08544722386382597,-19.666854858398438,0
1LFD,0,8.292380332946777,8.785194396972656,24.949731826782227,0.0,0.04410760941162976,-14.043184280395508,3
1LFD,1,3.772775650024414,3.9825446605682373,11.61769962310791,0.0,0.15763262565732494,-17.29814338684082,0
1LFD,2,7.6971354484558105,8.651897430419922,22.03907012939453,0.0,0.052889322917283293,-13.721242904663086,3
1LFD,3,11.824539184570312,11.53573226928711,25.117582321166992,0.0,0.03979326809672531,-19.153478622436523,0
1LFD,4,8.963033676147461,9.055815696716309,16.90507698059082,0.0,0.07616719144809701,-14.860934257507324,0
1LFD,5,8.449729919433594,8.181666374206543,18.379650115966797,0.0,0.06957079150533957,-17.22351837158203,0
1LFD,6,9.784939765930176,9.843798637390137,22.391788482666016,0.0,0.049547465521864655,-16.78976058959961,0
1LFD,7,11.232623100280762,11.06534194946289,23.250333786010742,0.0,0.04531351221743474,-19.018896102905273,0
1LFD,8,4.588860988616943,5.330963611602783,13.230666160583496,0.0,0.12183940787203436,-16.427392959594727,0
1LFD,9,5.448464393615723,3.985954523086548,15.209587097167969,0.133333,0.16512505672008762,-17.84592056274414,0
1LFD,10,5.7709784507751465,6.576595306396484,14.72440242767334,0.0,0.09979953936657815,-16.22321319580078,0
1LFD,11,7.889558792114258,8.122231483459473,17.45656394958496,0.0,0.0748783741536926,-15.778267860412598,2
1LFD,12,15.39106273651123,9.723846435546875,31.33452796936035,0.0,0.030594916006065898,-15.612805366516113,56
1LFD,13,10.2078275680542,10.159567832946777,19.195573806762695,0.0,0.06175666336449992,-15.678939819335938,0
1LFD,14,4.017967224121094,4.246922492980957,11.414965629577637,0.0,0.1558705086598536,-15.983028411865234,1
2YVJ,0,5.657128810882568,2.8862409591674805,16.788284301757812,0.5,0.30556602005131767,-17.043445587158203,1
2YVJ,1,10.002603530883789,6.980159282684326,27.042261123657227,0.0,0.044685551207072904,-18.855520248413086,0
2YVJ,2,9.447378158569336,5.900326728820801,26.48003387451172,0.0,0.05137320577367321,-17.4681339263916,1
2YVJ,3,8.961673736572266,5.546191692352295,26.175201416015625,0.0,0.054517968732543436,-17.70396614074707,0
2YVJ,4,7.197421073913574,6.991366386413574,16.330978393554688,0.0,0.08572130214533667,-18.49545669555664,0
2YVJ,5,17.878870010375977,11.665934562683105,45.25994110107422,0.0,0.016777515046325454,-13.983345031738281,40
2YVJ,6,51.91277313232422,72.08778381347656,145.0714874267578,0.0,0.0012846793940414275,0.0,0
2YVJ,7,23.79250717163086,13.740249633789062,59.26846694946289,0.0,0.010643591216828544,-23.043745040893555,1
2YVJ,8,8.716963768005371,5.720818519592285,23.22867202758789,0.0,0.060805545490622115,-18.769960403442383,0
2YVJ,9,9.40414047241211,6.549596786499023,26.491437911987305,0.0,0.047725876510701294,-18.45360565185547,0
2YVJ,10,7.543613433837891,5.698408603668213,19.783313751220703,0.0,0.07354543805487684,-16.906389236450195,1
2YVJ,11,21.537593841552734,14.488088607788086,55.85272979736328,0.0,0.011080586053731974,-22.988964080810547,2
2YVJ,12,8.098313331604004,6.593696594238281,20.729305267333984,0.0,0.06438090237852372,-18.542945861816406,0
2YVJ,13,23.176097869873047,13.212239265441895,57.27783966064453,0.0,0.011424383726478865,-20.981569290161133,9
2YVJ,14,8.426307678222656,5.719505786895752,22.874650955200195,0.0,0.061893632799283615,-17.44313621520996,1
1BUH,0,10.496750831604004,15.286916732788086,28.738380432128906,0.0,0.029993318258764345,-18.781965255737305,0
1BUH,1,9.194355010986328,13.129582405090332,25.630300521850586,0.0,0.03732341777607586,-19.650142669677734,0
1BUH,2,10.578869819641113,14.022516250610352,29.29645347595215,0.0,0.029652346998655224,-17.157690048217773,0
1BUH,3,11.654261589050293,16.788660049438477,31.12518882751465,0.0,0.02577402872708867,-19.73322296142578,0
1BUH,4,10.558932304382324,12.854148864746094,27.357072830200195,0.0,0.03382448831167307,-21.041587829589844,0
1BUH,5,10.791829109191895,15.357416152954102,29.36568832397461,0.0,0.028918708765778938,-20.66352081298828,0
1BUH,6,11.045059204101562,12.700216293334961,29.659748077392578,0.0,0.02988481028127135,-19.621524810791016,0
1BUH,7,9.198148727416992,12.356139183044434,26.47933006286621,0.0,0.03598043670333082,-17.639972686767578,0
1BUH,8,9.488544464111328,12.290367126464844,26.21925163269043,0.0,0.03659341350518177,-16.89255714416504,0
1BUH,9,10.053650856018066,13.174585342407227,28.328039169311523,0.0,0.031798107967344086,-19.10578155517578,0
1BUH,10,10.129416465759277,12.946768760681152,26.26097297668457,0.0,0.036025212934606705,-18.980682373046875,0
1BUH,11,10.697712898254395,15.347419738769531,27.884798049926758,0.0,0.03149360245490564,-18.782207489013672,0
1BUH,12,10.394680976867676,13.810225486755371,28.855106353759766,0.0,0.03050189229881296,-17.480003356933594,0
1BUH,13,9.766960144042969,13.29366397857666,26.938785552978516,0.0,0.034372187414428615,-17.81779670715332,0
1BUH,14,10.329684257507324,12.024162292480469,28.377086639404297,0.0,0.03255304248989901,-18.650135040283203,0
2J0T,0,10.987476348876953,9.116473197937012,31.01968765258789,0.0,0.032067127858406035,-15.072892189025879,7
2J0T,1,8.321606636047363,8.45338249206543,32.542877197265625,0.0,0.03146345818398242,-16.559467315673828,2
2J0T,2,6.287234306335449,6.460249423980713,22.30912971496582,0.035714,0.0712113739894497,-17.1884822845459,5
2J0T,3,8.91850471496582,7.7896857261657715,33.669822692871094,0.0,0.0318892921230205,-15.531936645507812,4
2J0T,4,13.781013488769531,11.022582054138184,33.34373474121094,0.035714,0.0383051186113361,-16.800254821777344,2
2J0T,5,6.2098774909973145,6.667384147644043,20.689966201782227,0.0,0.0641939851912092,-18.03847312927246,3
2J0T,6,6.167209625244141,6.57481575012207,22.61102294921875,0.0,0.0577647475711891,-16.265995025634766,6
2J0T,7,13.312555313110352,9.789758682250977,27.93899917602539,0.071429,0.059694813630158806,-18.4449405670166,4
2J0T,8,8.131065368652344,6.576338291168213,24.89744758605957,0.035714,0.06318464849254085,-16.277263641357422,7
2J0T,9,12.4314603805542,10.912102699279785,45.86449432373047,0.0,0.017250511273142224,-16.19092559814453,6
2J0T,10,8.896065711975098,7.197046756744385,26.919065475463867,0.035714,0.05600315560961903,-16.409914016723633,4
2J0T,11,7.482217311859131,7.637524604797363,26.168899536132812,0.0,0.04419156198365287,-16.96944236755371,3
2J0T,12,15.90130615234375,11.901374816894531,31.134096145629883,0.071429,0.05214376362552661,-22.58198356628418,0
2J0T,13,13.950915336608887,10.050325393676758,29.185880661010742,0.0,0.033325648952682044,-17.097679138183594,4
2J0T,14,5.814874172210693,5.979336261749268,19.01548194885254,0.0,0.07524776515530728,-17.452356338500977,5
5GRJ,0,21.403074264526367,13.67503833770752,50.70307540893555,0.0,0.013074813434343755,-18.464004516601562,2
5GRJ,1,10.555475234985352,6.690077304840088,30.528789520263672,0.066667,0.06215860367735113,-15.012200355529785,1
5GRJ,2,13.844879150390625,8.947866439819336,35.373653411865234,0.0,0.027307493631071836,-17.29537582397461,2
5GRJ,3,20.753389358520508,12.053970336914062,58.506038665771484,0.0,0.011973473825807573,-14.76905345916748,2
5GRJ,4,14.785733222961426,10.359597206115723,37.27346420288086,0.0,0.023322675516515578,-13.72531795501709,4
5GRJ,5,22.22129249572754,14.378519058227539,47.90271759033203,0.0,0.013763623039525748,-16.298236846923828,1
5GRJ,6,13.748503684997559,8.456762313842773,37.981075286865234,0.466667,0.18162139988081938,-14.905996322631836,9
5GRJ,7,18.116313934326172,15.407066345214844,76.3387222290039,0.0,0.007211879604815119,-16.148134231567383,5
5GRJ,8,17.699539184570312,11.978293418884277,60.27897262573242,0.0,0.011645334702725186,-14.668532371520996,11
5GRJ,9,14.94548225402832,9.442445755004883,42.557151794433594,0.6,0.2209922328026818,-18.293804168701172,6
5GRJ,10,9.822624206542969,6.865140914916992,23.735090255737305,0.6,0.2530787243317458,-18.473405838012695,6
5GRJ,11,11.74343204498291,6.254628658294678,37.28948211669922,0.533333,0.21237093973372864,-14.96428108215332,2
5GRJ,12,18.324811935424805,12.084990501403809,46.29298400878906,0.0,0.015928830280861134,-18.79981803894043,4
5GRJ,13,22.851482391357422,12.095669746398926,67.1143569946289,0.0,0.010310918746557984,-15.11292552947998,72
5GRJ,14,12.664119720458984,9.433042526245117,27.080081939697266,0.0,0.03811638692301773,-17.296110153198242,16
3BIW,0,28.179656982421875,17.461505889892578,79.67243194580078,0.0,0.006193099725226994,-16.20511817932129,0
3BIW,1,28.858346939086914,18.171920776367188,76.40806579589844,0.0,0.00633056042261882,-14.000658988952637,15
3BIW,2,29.7530517578125,18.40498924255371,78.01231384277344,0.0,0.0061102477221787405,-13.298223495483398,13
3BIW,3,25.6950740814209,16.880720138549805,75.20989227294922,0.0,0.006815263030305218,-14.267586708068848,3
3BIW,4,25.816574096679688,16.696998596191406,74.49683380126953,0.0,0.0069524061585018474,-13.59814453125,12
3BIW,5,28.993139266967773,18.255329132080078,78.25921630859375,0.0,0.006121865285378156,-12.961942672729492,8
3BIW,6,28.309114456176758,18.989198684692383,76.36417388916016,0.0,0.006146365743656127,-13.30925178527832,8
3BIW,7,27.864601135253906,18.65484619140625,76.5605239868164,0.0,0.006200001811886915,-15.247775077819824,3
3BIW,8,26.435440063476562,16.06498908996582,75.366943359375,0.0,0.00706755519593909,-14.786437034606934,24
3BIW,9,22.890209197998047,15.62071418762207,67.5970458984375,0.0,0.008234174800175771,-13.796591758728027,18
3BIW,10,23.823131561279297,11.504335403442383,55.25807189941406,0.0,0.01327700607145032,-11.018232345581055,109
3BIW,11,28.152156829833984,17.241106033325195,76.1206283569336,0.0,0.00660928589632918,-15.237753868103027,5
3BIW,12,29.569351196289062,18.392120361328125,77.07060241699219,0.0,0.0062083052215912956,-12.391417503356934,7
3BIW,13,30.6509952545166,18.538944244384766,78.76268005371094,0.0,0.00600547682743563,-12.191934585571289,7
3BIW,14,25.93682289123535,19.273181915283203,73.17604064941406,0.0,0.006444629759190159,-16.237834930419922,9
3F1P,0,11.641993522644043,13.620814323425293,21.342037200927734,0.0,0.04962959776275783,-17.037559509277344,2
3F1P,1,19.313961029052734,20.707965850830078,52.57235336303711,0.0,0.01023155833862855,-18.634077072143555,0
3F1P,2,16.2004337310791,16.765684127807617,53.61288070678711,0.0,0.010820300555586318,-21.450599670410156,0
3F1P,3,11.516894340515137,11.032116889953613,39.1832275390625,0.0,0.021031609745249424,-16.16911506652832,4
3F1P,4,18.54077911376953,19.24469757080078,53.802459716796875,0.0,0.010130026661772292,-16.817224502563477,0
3F1P,5,13.805445671081543,11.41651439666748,21.421491622924805,0.0,0.05100022141277327,-19.58766746520996,4
3F1P,6,17.348230361938477,17.24012565612793,52.1064453125,0.0,0.011144691005998872,-16.643131256103516,0
3F1P,7,16.789854049682617,18.034883499145508,50.18130111694336,0.0,0.011587129082226593,-15.480921745300293,0
3F1P,8,18.350923538208008,19.563989639282227,46.67951583862305,0.0,0.012645922366944872,-16.433414459228516,0
3F1P,9,14.212129592895508,14.380257606506348,39.988853454589844,0.0,0.01799723588861594,-13.73785400390625,1
3F1P,10,15.268868446350098,14.389690399169922,37.67903518676758,0.0,0.019725227758382678,-18.600324630737305,0
3F1P,11,12.734803199768066,11.180167198181152,22.776350021362305,0.0,0.04664339379626869,-14.801637649536133,3
3F1P,12,18.43536376953125,18.557106018066406,48.87594223022461,0.0,0.011949343131100668,-16.488876342773438,0
3F1P,13,13.078764915466309,10.830812454223633,19.06585121154785,0.0,0.061541030993697864,-17.148313522338867,1
3F1P,14,16.783172607421875,18.188207626342773,52.15061950683594,0.0,0.01087787045954018,-19.529552459716797,0
3G6D,0,8.75026798248291,10.544976234436035,20.738283157348633,0.0,0.05455464017368114,-17.686838150024414,1
3G6D,1,9.889654159545898,12.64019775390625,24.297122955322266,0.0,0.04097563161289582,-17.674335479736328,21
3G6D,2,7.90852165222168,10.197931289672852,18.42061424255371,0.0,0.06557487239883593,-17.018138885498047,1
3G6D,3,14.568826675415039,14.696783065795898,35.56466293334961,0.0,0.02144817920877547,-13.767254829406738,63
3G6D,4,8.109323501586914,10.234456062316895,18.975112915039062,0.0,0.06271886960526464,-17.00385284423828,5
3G6D,5,8.705591201782227,10.099075317382812,20.272335052490234,0.0,0.05703436694562908,-18.163925170898438,0
3G6D,6,16.299089431762695,18.247703552246094,44.418174743652344,0.0,0.014012678577987978,-15.66447639465332,8
3G6D,7,9.5220365524292,14.648963928222656,22.51028060913086,0.0,0.04505611813932988,-19.041749954223633,2
3G6D,8,9.441306114196777,14.135309219360352,22.20355796813965,0.0,0.046318492568362075,-18.199951171875,1
3G6D,9,8.949114799499512,13.159698486328125,20.872026443481445,0.0,0.05169353174438802,-19.66297721862793,2
3G6D,10,12.104363441467285,10.178088188171387,29.72490692138672,0.0,0.032282447843322994,-15.153562545776367,69
3G6D,11,10.204710006713867,15.398809432983398,23.991138458251953,0.0,0.040308874498185716,-19.21190071105957,6
3G6D,12,17.073776245117188,18.91227149963379,46.82762145996094,0.0,0.012716234032635434,-15.857955932617188,8
3G6D,13,8.666114807128906,13.646210670471191,20.41828155517578,0.0,0.0532138743017857,-16.882402420043945,3
3G6D,14,9.795157432556152,11.287215232849121,22.894580841064453,0.0,0.04616512531105233,-18.954360961914062,3
5X0T,0,8.16110897064209,11.114354133605957,21.47421646118164,0.0,0.051114131527008166,-17.469804763793945,1
5X0T,1,7.738322734832764,10.333368301391602,19.845380783081055,0.0,0.05855002425241601,-19.436498641967773,0
5X0T,2,11.463459968566895,12.577587127685547,32.76064682006836,0.0,0.02569859352180855,-17.9055233001709,5
5X0T,3,6.192100524902344,8.138909339904785,17.194772720336914,0.0,0.07641002131812587,-16.888662338256836,0
5X0T,4,6.910257339477539,9.808521270751953,22.476238250732422,0.0,0.0493252360075614,-15.554317474365234,0
5X0T,5,8.303370475769043,11.580191612243652,21.823150634765625,0.0,0.04940815083392237,-18.951974868774414,0
5X0T,6,8.072625160217285,10.130742073059082,21.026336669921875,0.4,0.18730645991121633,-18.44231414794922,0
5X0T,7,7.050093173980713,10.163994789123535,18.999509811401367,0.0,0.0626951830700916,-15.455330848693848,2
5X0T,8,4.887537479400635,6.321017265319824,13.220111846923828,0.0,0.11526524095053588,-21.376007080078125,0
5X0T,9,6.814022541046143,9.425748825073242,17.69693374633789,0.0,0.07071727412383912,-15.080159187316895,0
5X0T,10,5.343157768249512,7.262209415435791,14.820573806762695,0.0,0.0961445129786493,-18.569202423095703,1
5X0T,11,11.454719543457031,14.992204666137695,37.42529296875,0.0,0.01965466357678118,-14.520331382751465,0
5X0T,12,7.759420871734619,10.62195110321045,21.803239822387695,0.0,0.05049472031876622,-16.89985466003418,0
5X0T,13,12.896333694458008,10.28926944732666,37.98072814941406,0.0,0.022835635369076332,-13.540332794189453,4
5X0T,14,5.2993059158325195,6.646831512451172,14.089860916137695,0.0,0.10509572354842395,-20.425369262695312,0
5WUX,0,25.544132232666016,20.379894256591797,47.51016616821289,0.0,0.012134584126902903,-18.13935661315918,11
5WUX,1,24.351762771606445,22.922727584838867,55.824710845947266,0.0,0.008974092744834388,-17.6080379486084,4
5WUX,2,20.555116653442383,17.106815338134766,42.761192321777344,0.0,0.015213600898469236,-19.63245391845703,10
5WUX,3,29.039457321166992,23.642824172973633,63.98298263549805,0.0,0.007117167997863621,-16.245311737060547,17
5WUX,4,21.664430618286133,18.217805862426758,45.958892822265625,0.0,0.013269374140163782,-18.76175880432129,17
5WUX,5,29.4729061126709,24.296152114868164,65.2290267944336,0.0,0.006831438851311732,-16.33379554748535,9
5WUX,6,25.46760368347168,19.717758178710938,51.08635330200195,0.0,0.010897360344324198,-15.49491024017334,18
5WUX,7,21.15637969970703,17.053112030029297,32.585208892822266,0.0,0.0237958637782778,-18.092947006225586,7
5WUX,8,28.931989669799805,23.68301010131836,64.98407745361328,0.0,0.0069388898186050095,-14.322370529174805,26
5WUX,9,22.695724487304688,19.88077163696289,32.706207275390625,0.0,0.022976546361230126,-16.461034774780273,16
5WUX,10,17.067384719848633,13.963030815124512,29.5821590423584,0.2,0.09589127880727116,-20.190107345581055,3
5WUX,11,21.318891525268555,20.226469039916992,48.97690963745117,0.0,0.011569660393846756,-14.70607852935791,18
5WUX,12,25.902313232421875,17.688941955566406,70.79117584228516,0.0,0.007117247777759448,-15.439896583557129,24
5WUX,13,27.60464096069336,26.54897117614746,78.00935363769531,0.0,0.004971760004715899,-19.0833740234375,3
5WUX,14,27.772876739501953,30.67020606994629,70.90638732910156,0.0,0.005517662577256406,-16.3043212890625,21
3RVW,0,14.5848970413208,14.70114803314209,30.19670295715332,0.0,0.027907150947661302,-18.830852508544922,4
3RVW,1,24.19875144958496,9.968746185302734,47.81272888183594,0.0,0.017592136382849035,-14.234088897705078,80
3RVW,2,23.934377670288086,14.613988876342773,56.86509704589844,0.0,0.010760118399205891,-12.208669662475586,6
3RVW,3,15.369559288024902,14.919025421142578,34.1681022644043,0.0,0.022762492195562364,-15.769120216369629,2
3RVW,4,9.959982872009277,9.546807289123535,24.72470474243164,0.0,0.04326286974859741,-15.784931182861328,7
3RVW,5,17.35215187072754,13.469881057739258,42.06340408325195,0.0,0.017160555838358505,-18.211015701293945,5
3RVW,6,12.439895629882812,12.04794692993164,25.615079879760742,0.0,0.03815222879317202,-24.147289276123047,0
3RVW,7,8.866747856140137,8.467771530151367,20.65215301513672,0.0,0.0584278342976447,-15.673398971557617,13
3RVW,8,18.14695930480957,16.937026977539062,44.96662139892578,0.0,0.014093900051146288,-13.37719440460205,13
3RVW,9,15.146102905273438,13.899833679199219,33.96512985229492,0.0,0.023482943335037438,-15.483213424682617,5
3RVW,10,35.31939697265625,28.59152603149414,91.6016845703125,0.0,0.003760621286615503,-12.42695140838623,38
3RVW,11,15.362626075744629,14.55309009552002,32.700439453125,0.0,0.024600678214447114,-16.41063690185547,5
3RVW,12,34.492740631103516,35.63685989379883,98.80812072753906,0.0,0.0030381774908464884,-16.471981048583984,11
3RVW,13,12.964201927185059,11.410717010498047,25.29296875,0.0,0.03948797712624725,-19.527069091796875,1
3RVW,14,17.344167709350586,16.64055824279785,37.345584869384766,0.0,0.019104013470889535,-23.00880241394043,0
1IB1,0,14.350972175598145,16.060466766357422,34.1407585144043,0.0,0.022338436640577473,-14.337906837463379,13
1IB1,1,9.567785263061523,10.08935832977295,20.61871337890625,0.153846,0.10691066785867502,-15.278563499450684,11
1IB1,2,9.503658294677734,10.68745231628418,22.215919494628906,0.0,0.04900465526783054,-15.467696189880371,9
1IB1,3,7.979750156402588,8.65432071685791,15.540228843688965,0.0,0.0864816096176798,-18.163034439086914,4
1IB1,4,13.564626693725586,14.71762752532959,34.045650482177734,0.0,0.022985249603748925,-18.129257202148438,7
1IB1,5,19.53211784362793,20.193294525146484,49.280582427978516,0.0,0.011459335168535688,-19.99222183227539,1
1IB1,6,15.04486083984375,15.887985229492188,36.76657485961914,0.0,0.01985697895281129,-18.019222259521484,17
1IB1,7,11.771166801452637,13.026673316955566,23.299039840698242,0.0,0.04351570679537444,-17.178447723388672,1
1IB1,8,12.961950302124023,14.801226615905762,28.361326217651367,0.0,0.030861769272751412,-16.482269287109375,3
1IB1,9,12.356283187866211,14.089509963989258,28.010725021362305,0.0,0.03184252599168907,-15.614459037780762,11
1IB1,10,11.07142448425293,13.743011474609375,23.053380966186523,0.0,0.04381655802872445,-16.056150436401367,5
1IB1,11,17.43239402770996,20.155841827392578,39.96295928955078,0.0,0.016263257271343288,-18.961410522460938,0
1IB1,12,12.074882507324219,13.648374557495117,26.58826446533203,0.0,0.03488651784471417,-17.152587890625,3
1IB1,13,19.456859588623047,19.425636291503906,42.1026611328125,0.076923,0.0406708535602271,-16.348155975341797,48
1IB1,14,15.82802677154541,19.249496459960938,38.894248962402344,0.0,0.017206250996666627,-16.677583694458008,3
3MXW,0,10.910138130187988,11.0294189453125,26.33045196533203,0.0,0.03751252641103652,-16.548242568969727,1
3MXW,1,12.661836624145508,12.64453411102295,33.386505126953125,0.0,0.02491660129165815,-16.264652252197266,12
3MXW,2,11.319746971130371,13.943102836608887,24.318437576293945,0.0,0.040103638349287006,-18.75457191467285,1
3MXW,3,11.66907787322998,11.704336166381836,27.878658294677734,0.0,0.03373735053678581,-17.54198455810547,3
3MXW,4,11.505485534667969,13.463257789611816,25.633020401000977,0.0,0.03710944056536159,-14.329569816589355,11
3MXW,5,12.185810089111328,14.365889549255371,26.882652282714844,0.0,0.033891185076761816,-16.095842361450195,7
3MXW,6,14.519102096557617,13.44848918914795,36.3873176574707,0.0,0.021343983851781042,-15.81069564819336,8
3MXW,7,12.679442405700684,13.22177791595459,27.70720863342285,0.0,0.03290842590376067,-17.9558162689209,0
3MXW,8,10.943285942077637,10.52472972869873,25.98175048828125,0.0,0.03886306758793369,-16.69635772705078,10
3MXW,9,10.456177711486816,12.816706657409668,24.959957122802734,0.0,0.03914386314490704,-18.94615364074707,7
3MXW,10,10.195402145385742,10.168745994567871,24.432823181152344,0.0,0.043086237092700826,-16.615541458129883,8
3MXW,11,11.361984252929688,14.008430480957031,26.90180206298828,0.0,0.034035681777799434,-18.519563674926758,6
3MXW,12,11.561875343322754,14.105246543884277,28.175642013549805,0.0,0.03153358970328916,-18.481319427490234,5
3MXW,13,17.39439582824707,16.547992706298828,41.95635223388672,0.0,0.015858268545675014,-16.112096786499023,1
3MXW,14,11.392346382141113,13.08858585357666,27.608856201171875,0.0,0.03318087849926814,-15.4578275680542,7
3U7Y,0,20.21910858154297,15.735880851745605,37.35309982299805,0.0,0.019412670048569575,-17.485746383666992,1
3U7Y,1,29.59063148498535,21.71157455444336,64.2120361328125,0.0,0.007323838284438417,-15.52623462677002,30
3U7Y,2,19.72865867614746,21.89877700805664,39.20846939086914,0.0,0.01651937814698167,-12.67351245880127,6
3U7Y,3,19.69657325744629,19.400793075561523,36.358341217041016,0.0,0.019254974179721725,-14.056227684020996,9
3U7Y,4,29.041109085083008,24.590463638305664,68.96372985839844,0.0,0.006223713873566694,-16.11823844909668,21
3U7Y,5,22.960542678833008,14.084159851074219,42.734092712402344,0.0,0.016424300579347115,-13.91246509552002,69
3U7Y,6,29.413555145263672,20.730152130126953,62.88673782348633,0.0,0.00771663186533113,-15.025242805480957,29
3U7Y,7,24.22562599182129,21.746978759765625,41.242820739746094,0.0,0.015160038712243926,-16.13936424255371,7
3U7Y,8,29.068931579589844,23.631099700927734,64.59967803955078,0.0,0.007010512966615075,-15.8970365524292,19
3U7Y,9,16.922706604003906,11.633951187133789,33.03794860839844,0.0,0.026145114202126025,-13.310824394226074,6
3U7Y,10,35.43754577636719,31.942462921142578,95.77655792236328,0.0,0.0033383447298646484,-14.213502883911133,19
3U7Y,11,29.277421951293945,28.497684478759766,72.14188385009766,0.0,0.005485048257142819,-12.381503105163574,19
3U7Y,12,19.310832977294922,15.676554679870605,35.84422302246094,0.0,0.02077085973536887,-15.792198181152344,0
3U7Y,13,30.2979679107666,23.416318893432617,63.61752700805664,0.0,0.007208478989034952,-16.677478790283203,25
3U7Y,14,29.746402740478516,26.24329948425293,70.4831771850586,0.0,0.005863762676405167,-16.141822814941406,7
1S78,0,20.529104232788086,17.796051025390625,61.75960922241211,0.0,0.008548134664852127,-17.124479293823242,5
1S78,1,20.387483596801758,15.598296165466309,43.865013122558594,0.0,0.015117727572797926,-14.777996063232422,21
1S78,2,11.811735153198242,12.046628952026367,47.15608596801758,0.0,0.015578688715131671,-15.60396671295166,12
1S78,3,18.821121215820312,16.826906204223633,51.15723419189453,0.0,0.0115831392042296,-14.87519645690918,32
1S78,4,20.12316131591797,15.685995101928711,56.26743698120117,0.0,0.010457622651066848,-13.289963722229004,38
1S78,5,19.836055755615234,18.463756561279297,64.58386993408203,0.0,0.007861146449934416,-16.022825241088867,12
1S78,6,19.470291137695312,16.318899154663086,56.852630615234375,0.0,0.010080812918984137,-14.554300308227539,18
1S78,7,19.12547492980957,23.118558883666992,45.472591400146484,0.0,0.012651242015270419,-15.08252239227295,17
1S78,8,16.3802547454834,11.828459739685059,57.736629486083984,0.0,0.012346990573281397,-14.838824272155762,14
1S78,9,21.238054275512695,17.678152084350586,60.2945442199707,0.0,0.008878237160065803,-15.903194427490234,11
1S78,10,17.29277801513672,17.154876708984375,51.973636627197266,0.0,0.011212516022970053,-14.687073707580566,22
1S78,11,20.47447967529297,16.650205612182617,52.495113372802734,0.0,0.011199630983291319,-16.055295944213867,14
1S78,12,14.83912467956543,14.834872245788574,46.21444320678711,0.0,0.01428064798571529,-16.00752067565918,14
1S78,13,18.03761100769043,14.1537504196167,60.578330993652344,0.0,0.010138245197486878,-13.39984130859375,12
1S78,14,18.562532424926758,14.745675086975098,49.55985641479492,0.0,0.012938997381366632,-14.07935619354248,28
1OYV,0,11.245497703552246,10.607385635375977,25.503440856933594,0.0,0.03986023925398969,-15.961309432983398,0
1OYV,1,15.041728973388672,13.857978820800781,30.14507484436035,0.0,0.02841052923428035,-15.624342918395996,0
1OYV,2,6.713624954223633,6.840901851654053,17.63254165649414,0.081081,0.10517324078810497,-17.9702205657959,0
1OYV,3,15.304728507995605,13.593121528625488,32.6147346496582,0.0,0.025210863111462107,-13.97916316986084,9
1OYV,4,13.81556510925293,15.076995849609375,30.44101333618164,0.0,0.027376763529638495,-14.601850509643555,1
1OYV,5,13.361035346984863,12.2150239944458,28.090227127075195,0.0,0.03291316257329613,-14.896042823791504,0
1OYV,6,7.151034355163574,7.416905403137207,17.852394104003906,0.027027,0.0837078614461252,-16.753116607666016,0
1OYV,7,6.778257846832275,7.499344825744629,16.387739181518555,0.0,0.08348806687749888,-16.259754180908203,0
1OYV,8,13.39273452758789,13.468215942382812,28.37629508972168,0.0,0.031530530643845096,-13.435835838317871,1
1OYV,9,13.774173736572266,13.393301010131836,27.437885284423828,0.0,0.033318083837879674,-13.225878715515137,5
1OYV,10,9.966012954711914,9.691946029663086,25.83061408996582,0.0,0.04036591300042038,-16.40531349182129,1
1OYV,11,10.736396789550781,10.196306228637695,23.14666748046875,0.0,0.046670731037808895,-17.731489181518555,0
1OYV,12,7.78375244140625,8.43212890625,18.306377410888672,0.0,0.06934340097934952,-15.177495956420898,2
1OYV,13,13.787713050842285,13.394919395446777,27.972501754760742,0.0,0.03230544711122891,-12.395204544067383,0
1OYV,14,9.062928199768066,8.442313194274902,23.781352996826172,0.0,0.047960783322823976,-16.703893661499023,0
1EER,0,16.250717163085938,17.17620849609375,58.56132507324219,0.0,0.00940059425486203,-18.302682876586914,36
1EER,1,16.589183807373047,14.337242126464844,48.788936614990234,0.0,0.013428596439579901,-14.344969749450684,37
1EER,2,17.60236167907715,12.501898765563965,42.21980285644531,0.0,0.017715041067332533,-13.52169418334961,59
1EER,3,16.613887786865234,17.342042922973633,54.700191497802734,0.0,0.010334446400886765,-19.980791091918945,3
1EER,4,16.59116554260254,16.602272033691406,45.451351165771484,0.0,0.01396297870153171,-16.910043716430664,6
1EER,5,12.648382186889648,17.222490310668945,71.7653579711914,0.0,0.007120943377081028,-18.86768341064453,1
1EER,6,18.30720329284668,18.562768936157227,55.66511917114258,0.0,0.009757681503909118,-16.951786041259766,5
1EER,7,16.6844425201416,17.802875518798828,54.25774383544922,0.0,0.010334465828892877,-20.6961727142334,0
1EER,8,16.431705474853516,16.70577049255371,50.41566848754883,0.0,0.01187912960547447,-14.836118698120117,13
1EER,9,18.44970703125,18.8133544921875,51.21505355834961,0.0,0.011041137682274764,-15.543505668640137,14
1EER,10,15.993524551391602,15.860269546508789,44.936397552490234,0.0,0.014469801822904832,-17.89177703857422,8
1EER,11,12.462095260620117,14.768946647644043,62.44734191894531,0.0,0.00946673710343336,-17.012521743774414,34
1EER,12,6.386579513549805,6.88052225112915,16.557401657104492,0.0,0.08464865925864029,-18.032899856567383,28
1EER,13,10.71023178100586,9.038569450378418,20.933391571044922,0.0,0.05611429896784331,-15.891962051391602,10
1EER,14,10.431716918945312,11.714302062988281,51.199378967285156,0.0,0.014318171453902337,-21.669048309326172,6
2BTF,0,24.293010711669922,23.275218963623047,65.81287384033203,0.0,0.006847742037828854,-14.916620254516602,6
2BTF,1,21.6400146484375,21.73188591003418,58.76118469238281,0.0,0.008412433839464722,-15.614563941955566,4
2BTF,2,27.68047523498535,26.99573516845703,77.07109832763672,0.0,0.005031705198428945,-20.01702880859375,1
2BTF,3,22.092405319213867,17.277605056762695,60.21050262451172,0.0,0.009006949672706028,-15.790494918823242,0
2BTF,4,28.380680084228516,26.258220672607422,76.12361145019531,0.0,0.0051890583559433484,-13.7428560256958,0
2BTF,5,17.770231246948242,20.829240798950195,47.923583984375,0.0,0.011886137583827441,-17.462587356567383,0
2BTF,6,11.481914520263672,13.400611877441406,24.05557632446289,0.0,0.04112368518374614,-15.505047798156738,0
2BTF,7,26.156169891357422,23.10186195373535,77.36910247802734,0.0,0.005374704468050678,-22.351341247558594,0
2BTF,8,14.390984535217285,14.687817573547363,39.67959976196289,0.0,0.018065678026356422,-15.765349388122559,0
2BTF,9,25.01823616027832,22.844667434692383,70.79512786865234,0.0,0.006167843093566695,-17.333833694458008,2
2BTF,10,12.187956809997559,15.138497352600098,24.067174911499023,0.0,0.04020797606182149,-18.97613525390625,0
2BTF,11,21.768489837646484,16.201499938964844,59.705318450927734,0.0,0.00945478645622314,-17.35457992553711,0
2BTF,12,14.321632385253906,17.841014862060547,34.76061248779297,0.0,0.021146735743253223,-14.553998947143555,1
2BTF,13,14.694082260131836,14.766214370727539,37.3594970703125,0.0,0.019810327565675617,-21.08592414855957,0
2BTF,14,28.222618103027344,25.89091682434082,73.73082733154297,0.0,0.005487136199220181,-15.133891105651855,1
1IRA,0,14.145118713378906,17.379653930664062,26.921831130981445,0.0,0.032680809434887874,-19.327808380126953,3
1IRA,1,15.049324989318848,18.85470962524414,28.760406494140625,0.0,0.02887321933971212,-15.921950340270996,1
1IRA,2,11.110976219177246,11.9796781539917,22.752958297729492,0.0,0.04596821813355834,-17.930526733398438,9
1IRA,3,28.07759666442871,25.08056640625,58.98859405517578,0.0,0.00796845383024377,-16.26167106628418,2
1IRA,4,5.341772079467773,5.00485372543335,12.278745651245117,0.0,0.1354624659697007,-15.902223587036133,0
1IRA,5,12.90578556060791,13.906503677368164,25.34586524963379,0.0,0.03753242765410051,-14.905034065246582,2
1IRA,6,16.31237030029297,18.001981735229492,31.746625900268555,0.0,0.024595702108824013,-17.656221389770508,0
1IRA,7,25.956581115722656,24.752653121948242,55.76979064941406,0.0,0.00878700311813246,-19.054725646972656,1
1IRA,8,11.60723876953125,12.627250671386719,23.07512855529785,0.0,0.044464442001446065,-13.274922370910645,5
1IRA,9,16.338876724243164,19.618844985961914,32.39503860473633,0.0,0.023407845072357256,-16.890901565551758,0
1IRA,10,10.389372825622559,12.934988021850586,21.752077102661133,0.0,0.0485800729762467,-18.44300079345703,2
1IRA,11,13.330337524414062,15.18178939819336,26.27570152282715,0.0,0.03480049542136236,-16.584854125976562,0
1IRA,12,13.832048416137695,17.84470558166504,25.12760353088379,0.0,0.03656522288656582,-15.4537353515625,2
1IRA,13,9.372037887573242,11.43409538269043,19.657543182373047,0.0,0.058146583672937575,-16.586549758911133,0
1IRA,14,14.382305145263672,17.2626895904541,28.1121883392334,0.0,0.030419158882567965,-15.771098136901855,2
2HLE,0,14.93542194366455,13.292673110961914,49.050636291503906,0.0,0.013909244669138713,-14.008204460144043,5
2HLE,1,14.027921676635742,13.136921882629395,41.91141128540039,0.0,0.0174587218291793,-14.253107070922852,14
2HLE,2,15.45565414428711,12.648581504821777,48.14032745361328,0.181818,0.07530667762738616,-14.18204402923584,7
2HLE,3,13.483670234680176,11.819809913635254,43.93716812133789,0.0,0.017308540042454898,-13.626184463500977,9
2HLE,4,19.860929489135742,18.606414794921875,62.2632942199707,0.0,0.008251037435572818,-14.951327323913574,3
2HLE,5,14.138679504394531,13.050420761108398,43.91314697265625,0.0,0.01638419476324948,-13.151161193847656,4
2HLE,6,18.942676544189453,15.548312187194824,51.3597297668457,0.0,0.011960373628036444,-12.72826862335205,8
2HLE,7,10.958565711975098,8.675342559814453,30.92800521850586,0.181818,0.09369131808207821,-17.065059661865234,2
2HLE,8,9.594008445739746,7.989724636077881,31.46061134338379,0.0,0.03402580991354053,-14.292421340942383,4
2HLE,9,17.152721405029297,14.607298851013184,50.004478454589844,0.0,0.012839410190259666,-13.097029685974121,4
2HLE,10,14.141322135925293,11.927919387817383,46.87064743041992,0.181818,0.0764089747049425,-14.678680419921875,11
2HLE,11,17.278362274169922,14.658884048461914,54.316959381103516,0.0,0.011421907329591604,-14.58316707611084,6
2HLE,12,16.18120765686035,13.357596397399902,52.56242752075195,0.181818,0.0732519180657865,-15.94304370880127,6
2HLE,13,12.796300888061523,12.787920951843262,41.439674377441406,0.0,0.017982203769374122,-14.13932991027832,0
2HLE,14,15.141889572143555,12.714228630065918,45.246009826660156,0.0,0.01593891932197776,-14.518535614013672,13
1T6B,0,17.225414276123047,14.179956436157227,52.35662841796875,0.0,0.012248766588526666,-16.09780502319336,0
1T6B,1,20.958786010742188,18.289045333862305,61.114925384521484,0.0,0.008552837019152765,-17.925334930419922,2
1T6B,2,17.364093780517578,16.093429565429688,49.952964782714844,0.0,0.012250723676347566,-15.324261665344238,0
1T6B,3,17.967220306396484,14.995397567749023,54.207061767578125,0.0,0.011301701408990976,-14.419102668762207,3
1T6B,4,16.331640243530273,13.29200267791748,46.858184814453125,0.0,0.014810682743738627,-15.519641876220703,2
1T6B,5,42.19015884399414,38.69709777832031,108.57585906982422,0.0,0.0025305644977839732,-17.590255737304688,1
1T6B,6,19.868898391723633,14.058248519897461,53.47878646850586,0.0,0.011965484578090631,-15.488166809082031,0
1T6B,7,40.902130126953125,43.4784049987793,106.80396270751953,0.0,0.0024942483051150666,-13.691936492919922,2
1T6B,8,14.672130584716797,14.117462158203125,39.18443298339844,0.304348,0.12015071741858811,-15.326321601867676,1
1T6B,9,18.979473114013672,13.600655555725098,54.61575698852539,0.0,0.011888728406125268,-13.928421020507812,2
1T6B,10,20.957496643066406,15.857952117919922,58.955265045166016,0.0,0.00974387321585573,-14.382819175720215,1
1T6B,11,10.185541152954102,13.500093460083008,23.536392211914062,0.0,0.0425237540111473,-14.40750503540039,0
1T6B,12,37.60102462768555,39.355255126953125,101.79566192626953,0.0,0.002791557150539112,-15.250121116638184,0
1T6B,13,21.17401695251465,15.002004623413086,56.020626068115234,0.0,0.010800742961792884,-16.29811668395996,0
1T6B,14,42.170013427734375,35.72712707519531,109.52194213867188,0.0,0.0025822941119145178,-16.634214401245117,0
5KOV,0,17.783489227294922,14.46411418914795,32.52289581298828,0.0,0.024859656536014043,-16.57180404663086,16
5KOV,1,25.08671760559082,21.001914978027344,43.97065353393555,0.0,0.013699375186856098,-15.964632987976074,28
5KOV,2,27.909360885620117,21.717391967773438,39.66972732543945,0.0,0.01621461608000226,-17.681724548339844,10
5KOV,3,20.800188064575195,13.607892036437988,31.269573211669922,0.0,0.026937323504471557,-18.884578704833984,19
5KOV,4,16.742843627929688,13.9657564163208,34.073551177978516,0.0,0.023329702552343498,-17.077678680419922,7
5KOV,5,28.4917049407959,21.968502044677734,46.390968322753906,0.0,0.0123738482672887,-14.153356552124023,44
5KOV,6,13.014204978942871,9.560843467712402,28.635452270507812,0.0,0.03499972726603844,-19.152395248413086,25
5KOV,7,21.23434066772461,15.27489185333252,34.440673828125,0.0,0.02232164228362925,-17.877933502197266,7
5KOV,8,21.90534210205078,14.175559997558594,32.27254867553711,0.0,0.02531431450047943,-19.042572021484375,4
5KOV,9,25.84439468383789,20.325681686401367,34.69316101074219,0.0,0.02068163765140551,-20.04241943359375,19
5KOV,10,26.215408325195312,22.5248966217041,39.53275680541992,0.0,0.016200748961779605,-16.83041000366211,5
5KOV,11,30.770587921142578,24.6738224029541,40.61259460449219,0.0,0.015216058653745769,-16.315690994262695,10
5KOV,12,21.22177505493164,15.650744438171387,37.10307693481445,0.0,0.01965597117791871,-16.424095153808594,13
5KOV,13,23.926393508911133,18.327178955078125,35.52043533325195,0.0,0.020272177805569527,-17.209436416625977,22
5KOV,14,28.409439086914062,24.355548858642578,39.983219146728516,0.0,0.015672889505053068,-16.640657424926758,7
2AJF,0,21.569414138793945,17.350976943969727,50.16657638549805,0.0,0.011775155056087894,-16.352807998657227,57
2AJF,1,19.150941848754883,19.048416137695312,45.69434356689453,0.0,0.01320281604379663,-17.17643928527832,43
2AJF,2,20.52617073059082,21.11223793029785,48.79336929321289,0.0,0.011491933019273043,-16.360891342163086,47
2AJF,3,17.97514533996582,15.558428764343262,43.44245529174805,0.0,0.015360380737682458,-14.296258926391602,67
2AJF,4,21.406625747680664,16.97713851928711,50.10038757324219,0.0,0.01190830888503211,-16.89933967590332,45
2AJF,5,21.458921432495117,17.295621871948242,50.25537872314453,0.0,0.011758957640040884,-16.127397537231445,51
2AJF,6,21.996179580688477,19.34688949584961,53.44824981689453,0.0,0.010214227147202984,-14.69302749633789,40
2AJF,7,19.182024002075195,18.596887588500977,46.02106475830078,0.0,0.013150598909993866,-17.57645034790039,37
2AJF,8,20.880552291870117,16.23870086669922,49.205970764160156,0.0,0.012478659895147607,-17.826059341430664,40
2AJF,9,18.96214485168457,18.798784255981445,45.757789611816406,0.0,0.013227524569164833,-16.288333892822266,43
2AJF,10,20.091581344604492,19.0922794342041,47.87765884399414,0.0,0.012230199290451502,-12.623635292053223,90
2AJF,11,18.13438606262207,14.88642692565918,43.242977142333984,0.0,0.01575036756198165,-14.810657501220703,58
2AJF,12,19.256418228149414,20.24801254272461,45.52921676635742,0.0,0.013046189797749299,-14.647891998291016,53
2AJF,13,19.23277473449707,17.07124900817871,45.925235748291016,0.0,0.013594246924039583,-13.366342544555664,77
2AJF,14,18.66223907470703,14.793975830078125,43.88046646118164,0.0,0.015447207383593129,-14.340790748596191,76
4Y7M,0,9.31779670715332,8.17905044555664,34.18779373168945,0.307692,0.1328160074382989,-19.996931076049805,2
4Y7M,1,9.811382293701172,7.592775821685791,25.02762794494629,0.0,0.046992939343328315,-14.575763702392578,16
4Y7M,2,10.737200736999512,8.785992622375488,38.814327239990234,0.461538,0.1785408340911591,-18.53321075439453,13
4Y7M,3,5.110241413116455,4.910506248474121,10.8035888671875,0.230769,0.23281882299326603,-15.481270790100098,22
4Y7M,4,15.715584754943848,13.142661094665527,41.26108932495117,0.0,0.017856373872023327,-20.663005828857422,1
4Y7M,5,8.834983825683594,8.308833122253418,20.078296661376953,0.0,0.0611812686447634,-17.84027671813965,9
4Y7M,6,8.959268569946289,7.328204154968262,25.6973819732666,0.307692,0.14884174731507988,-18.28951072692871,7
4Y7M,7,12.748252868652344,10.951754570007324,41.25139617919922,0.0,0.01971421202725813,-17.442350387573242,9
4Y7M,8,5.043802738189697,6.280641078948975,13.75293254852295,0.0,0.11012166401815937,-20.972782135009766,10
4Y7M,9,5.2217183113098145,5.007166862487793,9.995481491088867,0.384615,0.2955452221062955,-18.83890724182129,10
4Y7M,10,13.640118598937988,12.368876457214355,46.092262268066406,0.307692,0.11835843896960668,-17.65115737915039,6
4Y7M,11,9.124505996704102,6.932547092437744,25.04791831970215,0.0,0.0493295719132771,-19.63834571838379,1
4Y7M,12,5.603274822235107,5.429577827453613,12.922621726989746,0.307692,0.22686495244565222,-21.09480857849121,5
4Y7M,13,6.901332378387451,6.838428020477295,17.833084106445312,0.153846,0.12829331055179616,-16.98841094970703,13
4Y7M,14,3.737816333770752,4.139143943786621,10.620699882507324,0.230769,0.24576319577708297,-19.01858901977539,1
1HIA,0,6.51632833480835,7.355671405792236,20.567350387573242,0.0,0.06193535521876733,-18.46461296081543,2
1HIA,1,5.552512168884277,6.383946895599365,14.043715476989746,0.133333,0.15125525115287553,-18.96448516845703,9
1HIA,2,6.583617687225342,7.375351428985596,20.50058364868164,0.0,0.062137960905996804,-17.297819137573242,0
1HIA,3,15.13916015625,16.248157501220703,43.32837677001953,0.0,0.015169846150114685,-18.52118682861328,1
1HIA,4,15.542807579040527,16.006811141967773,46.31992721557617,0.0,0.01376089299411847,-17.807287216186523,0
1HIA,5,4.2187910079956055,5.327545166015625,11.362778663635254,0.0,0.14408534699696854,-20.496606826782227,2
1HIA,6,9.029034614562988,11.707712173461914,23.792299270629883,0.066667,0.06533464380385588,-16.646615982055664,1
1HIA,7,10.186549186706543,10.847465515136719,29.704700469970703,0.0,0.03148250828622242,-18.669185638427734,0
1HIA,8,15.948878288269043,16.850177764892578,45.82447052001953,0.0,0.013708158564489037,-23.025859832763672,0
1HIA,9,10.185019493103027,11.066549301147461,32.76610565185547,0.0,0.027031093668804625,-18.200864791870117,2
1HIA,10,11.046422004699707,12.283418655395508,36.26828384399414,0.0,0.022253349339953793,-20.07185935974121,1
1HIA,11,12.367127418518066,13.468204498291016,39.689571380615234,0.0,0.018702022317170733,-22.235549926757812,2
1HIA,12,12.148857116699219,13.675764083862305,36.87140655517578,0.0,0.020783356068715498,-18.66573715209961,0
1HIA,13,8.209463119506836,10.356313705444336,20.1156063079834,0.0,0.05735017945325957,-21.791234970092773,0
1HIA,14,10.847408294677734,11.365483283996582,32.262001037597656,0.0,0.027343240491416305,-17.042755126953125,9
1BKD,0,23.083782196044922,19.861108779907227,62.786521911621094,0.0,0.007889772483922766,-17.32257080078125,4
1BKD,1,24.961780548095703,23.60597801208496,61.2735710144043,0.0,0.007633999621939114,-17.810380935668945,2
1BKD,2,13.909610748291016,16.248748779296875,27.372800827026367,0.0,0.032132239990304186,-15.994585037231445,7
1BKD,3,17.577972412109375,14.013298988342285,47.3358268737793,0.0,0.01418848230635183,-12.069817543029785,21
1BKD,4,23.081607818603516,19.360790252685547,61.070133209228516,0.0,0.00832361409226015,-17.243074417114258,10
1BKD,5,22.94306755065918,19.18193817138672,62.15568923950195,0.0,0.008145336208114806,-16.925790786743164,6
1BKD,6,26.011884689331055,24.000503540039062,63.3901481628418,0.0,0.007184500817601852,-15.641312599182129,3
1BKD,7,25.868305206298828,24.226070404052734,62.64527893066406,0.0,0.007298848389141527,-16.712337493896484,3
1BKD,8,9.430926322937012,10.190573692321777,18.729625701904297,0.157895,0.11662863274323555,-15.591346740722656,3
1BKD,9,13.74547004699707,16.476791381835938,26.704343795776367,0.0,0.03340475438010613,-14.711888313293457,4
1BKD,10,20.71697425842285,21.356334686279297,50.95317459106445,0.0,0.010661455461825462,-14.921862602233887,3
1BKD,11,23.635560989379883,20.364606857299805,63.175724029541016,0.0,0.007725562427012218,-16.611291885375977,5
1BKD,12,11.8582181930542,13.2503023147583,23.24722671508789,0.105263,0.0786133511662928,-12.457396507263184,14
1BKD,13,25.89906883239746,24.453866958618164,63.1496696472168,0.0,0.007181161286182132,-16.155834197998047,2
1BKD,14,24.042036056518555,20.584638595581055,64.5842056274414,0.0,0.0074361780002623395,-17.711772918701172,4
1EXB,0,28.07522964477539,34.186790466308594,74.00875854492188,0.0,0.004980179596981752,-18.18684196472168,10
1EXB,1,26.271141052246094,31.685203552246094,67.1746826171875,0.0,0.005998369957201824,-15.679791450500488,21
1EXB,2,29.659454345703125,37.257083892822266,76.6438217163086,0.0,0.004589420377621348,-21.165321350097656,4
1EXB,3,21.741287231445312,30.17780876159668,54.80002975463867,0.0,0.008652744010632152,-18.74584197998047,6
1EXB,4,25.36508560180664,29.848360061645508,65.4006576538086,0.0,0.00637674141691416,-16.08712387084961,29
1EXB,5,32.4135856628418,38.55830383300781,84.52751159667969,0.0,0.0038406550480205998,-17.208919525146484,9
1EXB,6,30.281658172607422,36.03273010253906,72.93427276611328,0.0,0.005043430307873479,-19.92426109313965,0
1EXB,7,33.51213073730469,37.364437103271484,79.36361694335938,0.0,0.004316594277569328,-20.338306427001953,6
1EXB,8,31.517215728759766,38.264503479003906,80.28583526611328,0.0,0.004206308019504845,-20.151763916015625,8
1EXB,9,33.72740936279297,37.3510627746582,79.5357894897461,0.0,0.004300813812307286,-17.53867530822754,1
1EXB,10,24.593608856201172,32.26799011230469,63.76417922973633,0.0,0.006538625832838715,-17.190200805664062,28
1EXB,11,30.498878479003906,38.88803482055664,78.62681579589844,0.0,0.004345809764811598,-17.869455337524414,16
1EXB,12,28.91277313232422,36.73765563964844,74.55611419677734,0.0,0.004831795177461177,-19.040590286254883,6
1EXB,13,24.11728286743164,29.76089859008789,63.40174102783203,0.0,0.006730054939110262,-16.4136905670166,19
1EXB,14,23.435396194458008,30.295698165893555,60.49459457397461,0.0,0.007268611023242526,-17.428239822387695,14
1D6R,0,6.396554946899414,7.6660990715026855,14.45772647857666,0.0,0.0979129969797383,-17.500444412231445,2
1D6R,1,8.905652046203613,9.046667098999023,22.161409378051758,0.0,0.05166686834799309,-14.346943855285645,6
1D6R,2,14.853511810302734,14.097860336303711,41.69668960571289,0.0,0.017030710640267847,-19.571504592895508,0
1D6R,3,8.098877906799316,7.602696418762207,19.26951026916504,0.0,0.0667844408402728,-15.886945724487305,0
1D6R,4,17.13046646118164,14.945897102355957,49.59724426269531,0.0,0.012835100197908659,-16.51141357421875,6
1D6R,5,13.253364562988281,14.682872772216797,41.13211441040039,0.0,0.017094848097299352,-16.465227127075195,0
1D6R,6,14.802217483520508,18.882694244384766,44.4907112121582,0.0,0.013828650834321115,-14.765313148498535,2
1D6R,7,13.097875595092773,15.300076484680176,40.029449462890625,0.0,0.017554848081278735,-14.810672760009766,10
1D6R,8,21.98723793029785,17.076311111450195,54.934898376464844,0.0,0.010346043417799327,-16.238574981689453,0
1D6R,9,9.10863208770752,12.575348854064941,22.739248275756836,0.0,0.04554219210821007,-23.854787826538086,0
1D6R,10,16.602649688720703,17.416669845581055,51.53731155395508,0.0,0.011281352386477967,-16.88036346435547,0
1D6R,11,9.81460952758789,11.3202543258667,24.205270767211914,0.0,0.04234435438399542,-16.045194625854492,0
1D6R,12,15.239595413208008,14.167407989501953,37.42631912231445,0.0,0.02004529218532057,-15.113917350769043,34
1D6R,13,15.437043190002441,16.83885955810547,46.15575408935547,0.0,0.013558268119872883,-17.930809020996094,3
1D6R,14,12.699101448059082,14.636427879333496,38.680484771728516,0.0,0.018819661741361928,-13.941427230834961,1
5E5M,0,11.876726150512695,8.48892593383789,21.830415725708008,0.0,0.05397486265516215,-21.995851516723633,0
5E5M,1,8.878263473510742,7.248046875,15.431821823120117,0.0,0.09128035959504671,-20.984132766723633,3
5E5M,2,10.24497127532959,7.446114540100098,20.021343231201172,0.0,0.06390440420050532,-15.992305755615234,1
5E5M,3,6.429079532623291,5.495888710021973,14.909175872802734,0.1875,0.167376782592182,-17.732406616210938,1
5E5M,4,10.326496124267578,8.27777099609375,17.44475746154785,0.0,0.0745520278011738,-21.742835998535156,3
5E5M,5,9.565382957458496,7.500340461730957,17.410499572753906,0.0,0.07697737317962981,-26.330324172973633,0
5E5M,6,9.561676025390625,9.291415214538574,20.869190216064453,0.0,0.05589620557010503,-15.99356460571289,1
5E5M,7,11.019691467285156,8.703038215637207,17.996135711669922,0.0,0.07041573443375058,-19.859861373901367,0
5E5M,8,6.04351806640625,5.0537638664245605,12.377262115478516,0.0625,0.15464593761942239,-20.81831169128418,5
5E5M,9,11.681326866149902,9.240665435791016,19.920595169067383,0.0,0.059899367204549185,-24.17885398864746,3
5E5M,10,9.72977066040039,7.552084445953369,18.1259822845459,0.0,0.07273894465084432,-20.801210403442383,0
5E5M,11,6.569014072418213,4.97041130065918,17.848812103271484,0.3125,0.19361180979704037,-19.392711639404297,3
5E5M,12,11.188397407531738,9.005121231079102,18.37579917907715,0.0,0.06775034331250036,-25.04086685180664,1
5E5M,13,16.797203063964844,15.552817344665527,23.89016342163086,0.0,0.04052723381981869,-17.248905181884766,2
5E5M,14,6.858622074127197,6.6998491287231445,24.81485939025879,0.0,0.0509141962396919,-17.09540367126465,9
2OOR,0,7.644315719604492,9.112900733947754,19.406574249267578,0.0,0.06244684723839875,-19.82318878173828,13
2OOR,1,25.595544815063477,22.711132049560547,71.71884155273438,0.0,0.006065092363162287,-11.591362953186035,8
2OOR,2,17.778892517089844,20.221288681030273,47.71893310546875,0.0,0.012075226768027058,-21.523048400878906,6
2OOR,3,5.494243144989014,6.67650842666626,14.593708038330078,0.052632,0.11799669798554664,-15.560373306274414,13
2OOR,4,16.515966415405273,19.750883102416992,44.40168762207031,0.0,0.013695408419887603,-16.231889724731445,14
2OOR,5,25.922771453857422,23.569862365722656,72.92150115966797,0.0,0.005812916446325256,-13.160101890563965,10
2OOR,6,17.123493194580078,18.855262756347656,46.51397705078125,0.0,0.012867998104032052,-19.114723205566406,18
2OOR,7,16.849199295043945,19.800670623779297,45.41902542114258,0.0,0.013181546543882433,-16.897953033447266,10
2OOR,8,25.979970932006836,25.976825714111328,72.74858093261719,0.0,0.005597055644605318,-14.030895233154297,9
2OOR,9,21.625835418701172,21.661535263061523,61.27576446533203,0.0,0.007883818477480433,-12.559582710266113,13
2OOR,10,8.888659477233887,10.614514350891113,23.19720458984375,0.0,0.045983965991990054,-19.99733543395996,19
2OOR,11,24.52473258972168,24.89447021484375,71.64579010009766,0.0,0.00583245058942801,-12.646156311035156,2
2OOR,12,10.675521850585938,12.133406639099121,28.64315414428711,0.0,0.0319964216555051,-18.328977584838867,17
2OOR,13,10.360136985778809,10.028511047363281,30.13015365600586,0.157895,0.0844988143266136,-15.096121788024902,26
2OOR,14,16.840913772583008,18.946901321411133,46.920249938964844,0.0,0.012668064783294991,-20.125917434692383,9
7CEI,0,12.623262405395508,8.984331130981445,20.330280303955078,0.0,0.058637643822231876,-15.713783264160156,11
7CEI,1,16.529462814331055,13.496002197265625,36.52119445800781,0.0,0.021195810571355514,-15.552111625671387,33
7CEI,2,13.594844818115234,9.411979675292969,22.10838508605957,0.0,0.05118364087085769,-15.32353401184082,13
7CEI,3,14.641905784606934,10.56086254119873,35.61601638793945,0.0,0.024554137612617283,-20.246360778808594,8
7CEI,4,11.44590950012207,11.81633186340332,32.94221496582031,0.2,0.09276040681395216,-18.689090728759766,16
7CEI,5,9.410475730895996,7.956038475036621,15.30855655670166,0.0,0.08999109796786035,-16.926822662353516,11
7CEI,6,9.818822860717773,9.258071899414062,17.07346534729004,0.0,0.07473430989901163,-14.793147087097168,2
7CEI,7,11.931891441345215,9.057967185974121,18.66126823425293,0.0,0.06617118837342419,-17.701560974121094,4
7CEI,8,14.449755668640137,10.030373573303223,21.176177978515625,0.0,0.053545149395741516,-19.44211196899414,9
7CEI,9,11.409477233886719,11.499523162841797,29.448902130126953,0.2,0.0978778640320188,-17.385177612304688,20
7CEI,10,12.627090454101562,8.77396011352539,20.565284729003906,0.0,0.05810124852720835,-17.957782745361328,10
7CEI,11,11.53855037689209,11.735893249511719,32.754356384277344,0.2,0.09305621071134484,-18.41157341003418,19
7CEI,12,13.798667907714844,9.486969947814941,21.26480484008789,0.0,0.054051683062361626,-16.68016242980957,14
7CEI,13,9.29807186126709,8.760659217834473,15.133589744567871,0.0,0.0894316712492687,-13.239235877990723,6
7CEI,14,13.488483428955078,10.020695686340332,21.954574584960938,0.0,0.05075721042494096,-15.41089153289795,11
2VDB,0,10.784594535827637,13.551383972167969,39.755767822265625,0.0,0.018606131644606196,-20.200307846069336,0
2VDB,1,14.52021312713623,21.07091522216797,52.066856384277344,0.0,0.010333820241367205,-16.84039878845215,29
2VDB,2,8.953965187072754,13.222317695617676,32.19560623168945,0.0,0.02595542103176281,-18.121381759643555,17
2VDB,3,10.294463157653809,13.844295501708984,37.93904113769531,0.0,0.019799809335869566,-19.073545455932617,2
2VDB,4,13.082182884216309,19.809226989746094,48.60559844970703,0.0,0.011791876190282087,-17.557016372680664,2
2VDB,5,16.42253875732422,24.999088287353516,59.507503509521484,0.0,0.007860801539042955,-14.853691101074219,13
2VDB,6,8.82231616973877,13.264921188354492,31.238658905029297,0.0,0.027186565904457297,-15.601268768310547,32
2VDB,7,5.974672794342041,9.452239990234375,21.18016242980957,0.333333,0.1655378183463239,-14.999114036560059,25
2VDB,8,14.843334197998047,22.05440330505371,54.53346633911133,0.0,0.009441008723727431,-18.839496612548828,0
2VDB,9,17.42853355407715,23.801633834838867,62.770389556884766,0.0,0.007320908720662278,-17.340965270996094,1
2VDB,10,16.047794342041016,27.103404998779297,59.78664016723633,0.0,0.007622012002431269,-18.200313568115234,3
2VDB,11,8.796114921569824,12.508296012878418,32.5219841003418,0.0,0.026039690589180837,-16.7076473236084,4
2VDB,12,15.547207832336426,21.286136627197266,55.74391174316406,0.0,0.009221333799920815,-16.781131744384766,32
2VDB,13,8.975728034973145,12.547286987304688,33.1254997253418,0.0,0.0252887519470025,-20.93767547607422,2
2VDB,14,6.198612213134766,10.741525650024414,22.684398651123047,0.0,0.047415478986814336,-16.763748168945312,11
1FAK,0,28.656606674194336,32.899742126464844,72.59212493896484,0.0,0.005199883330888549,-14.349637031555176,0
1FAK,1,15.802824974060059,15.145954132080078,28.991546630859375,0.0,0.029622826591868188,-15.45327377319336,0
1FAK,2,19.820892333984375,22.14107894897461,54.65739440917969,0.0,0.00939410413185936,-12.974016189575195,0
1FAK,3,15.385611534118652,14.662796974182129,28.08062171936035,0.0,0.03143106423644063,-18.723844528198242,1
1FAK,4,20.516462326049805,21.832632064819336,54.97213363647461,0.0,0.009349459941969103,-12.14217472076416,2
1FAK,5,24.544139862060547,24.879552841186523,48.85447692871094,0.0,0.01100117340399852,-16.532455444335938,1
1FAK,6,34.68885040283203,37.18178176879883,81.28734588623047,0.0,0.004146972701630573,-16.143646240234375,0
1FAK,7,14.339407920837402,15.920364379882812,40.15788650512695,0.0,0.017226611065464695,-12.627140045166016,2
1FAK,8,9.067211151123047,8.947795867919922,18.953611373901367,0.0,0.06492598472734133,-14.780738830566406,1
1FAK,9,24.504642486572266,23.49484634399414,59.40888595581055,0.0,0.008039881767818223,-17.566646575927734,1
1FAK,10,17.30799674987793,15.954236030578613,38.32541275024414,0.0,0.018548196139267274,-13.152473449707031,1
1FAK,11,20.04233741760254,22.685012817382812,39.49269485473633,0.0,0.01620871167587382,-16.11680793762207,1
1FAK,12,13.460665702819824,13.670781135559082,25.889507293701172,0.2,0.10306671913487282,-13.034529685974121,1
1FAK,13,12.4711332321167,14.181824684143066,31.421995162963867,0.0,0.02641666326512358,-13.225464820861816,5
1FAK,14,29.275312423706055,31.597766876220703,73.71637725830078,0.0,0.0051232334843465495,-13.837052345275879,2
1WEJ,0,19.862939834594727,20.14371109008789,55.94045639038086,0.0,0.009360465825109505,-15.52392578125,0
1WEJ,1,18.550312042236328,18.329238891601562,49.836822509765625,0.0,0.011639976572661276,-18.877656936645508,2
1WEJ,2,8.35726261138916,11.657820701599121,19.203153610229492,0.0,0.06003805127792045,-23.592439651489258,0
1WEJ,3,41.62520217895508,59.45537185668945,115.11355590820312,0.0,0.0020196319114059186,0.0,0
1WEJ,4,8.536803245544434,11.679950714111328,19.723613739013672,0.0,0.05761929376565167,-21.28723907470703,0
1WEJ,5,10.351800918579102,12.542180061340332,26.893428802490234,0.0,0.03497474839262695,-17.388341903686523,5
1WEJ,6,8.465592384338379,9.4580078125,19.393539428710938,0.0,0.06189284767907649,-21.594457626342773,0
1WEJ,7,22.418323516845703,23.362022399902344,63.72893524169922,0.0,0.007194726701283495,-17.481372833251953,0
1WEJ,8,23.917530059814453,26.506261825561523,67.07329559326172,0.0,0.006332717861523945,-16.25252914428711,0
1WEJ,9,9.058878898620605,14.165289878845215,22.33723258972168,0.0,0.04585885686878524,-15.081136703491211,0
1WEJ,10,9.023157119750977,12.056640625,21.109262466430664,0.0,0.05158716987115434,-20.252878189086914,0
1WEJ,11,10.387965202331543,14.241974830627441,28.474611282348633,0.0,0.030929831956781003,-16.88827133178711,0
1WEJ,12,8.834497451782227,10.722111701965332,20.89569091796875,0.0,0.0537247341451352,-20.456478118896484,2
1WEJ,13,11.141461372375488,12.857390403747559,30.034507751464844,0.0,0.029193994111634553,-18.91555404663086,2
1WEJ,14,8.565389633178711,11.264840126037598,19.651309967041016,0.0,0.05834241683119323,-18.319416046142578,3
1ML0,0,7.769676208496094,12.81476879119873,31.200517654418945,0.0,0.027535695777923776,-16.8644962310791,2
1ML0,1,8.500754356384277,16.59494972229004,33.333351135253906,0.0,0.02305293146641274,-15.487051963806152,3
1ML0,2,22.18207359313965,33.601646423339844,81.9556884765625,0.0,0.00421035504713371,-17.588777542114258,3
1ML0,3,9.656148910522461,19.424558639526367,37.988773345947266,0.0,0.017868380224950794,-17.8596134185791,1
1ML0,4,21.794424057006836,31.303119659423828,80.72215270996094,0.0,0.004419103446505175,-16.98880386352539,2
1ML0,5,10.395442962646484,20.57405662536621,40.85226821899414,0.0,0.015594251347158571,-15.99779987335205,2
1ML0,6,8.431283950805664,16.029224395751953,33.408721923828125,0.0,0.023159141657710897,-17.970096588134766,1
1ML0,7,7.334270477294922,10.509668350219727,29.9024600982666,0.0,0.03157513526711788,-16.56482696533203,0
1ML0,8,8.415639877319336,16.248210906982422,33.411376953125,0.0,0.023079297657442086,-16.041553497314453,2
1ML0,9,20.222318649291992,31.603879928588867,76.06327819824219,0.0,0.004860486024684117,-14.693982124328613,3
1ML0,10,7.1456475257873535,10.159021377563477,29.206377029418945,0.0,0.03314064074184763,-16.25205421447754,1
1ML0,11,20.615522384643555,31.338544845581055,76.11341094970703,0.0,0.0048678499400637365,-19.502838134765625,2
1ML0,12,22.2518253326416,33.47587966918945,82.4385986328125,0.0,0.00417433310644063,-18.088096618652344,3
1ML0,13,20.5859375,31.159053802490234,78.1291732788086,0.0,0.004669943422515768,-20.979223251342773,0
1ML0,14,18.11996078491211,31.353994369506836,70.34270477294922,0.0,0.005558317755941979,-18.94989013671875,1
5VNW,0,19.309812545776367,21.028289794921875,55.308135986328125,0.0,0.009378829671317175,-15.697083473205566,12
5VNW,1,23.27250099182129,28.92616844177246,62.53118133544922,0.0,0.006941394012996681,-17.3184757232666,0
5VNW,2,16.966236114501953,11.025727272033691,55.53264617919922,0.0,0.013688008824479446,-15.987608909606934,16
5VNW,3,15.876884460449219,13.719650268554688,53.60306930541992,0.0,0.01211365177084539,-18.47551155090332,19
5VNW,4,22.520492553710938,19.458396911621094,59.52103042602539,0.0,0.008631178818315375,-17.639680862426758,2
5VNW,5,19.36627197265625,13.288996696472168,53.21067428588867,0.0,0.012487745852299378,-15.993964195251465,13
5VNW,6,22.837318420410156,24.757505416870117,50.71957015991211,0.0,0.010325324753399182,-17.04315757751465,3
5VNW,7,19.7945613861084,21.017234802246094,56.057926177978516,0.0,0.009180818762663414,-17.50142478942871,12
5VNW,8,27.720359802246094,26.21253776550293,58.83351516723633,0.0,0.00790344661050859,-14.609129905700684,7
5VNW,9,21.56118392944336,15.552484512329102,55.34030532836914,0.0,0.01075471213666758,-16.06007957458496,8
5VNW,10,17.763517379760742,15.761066436767578,55.271636962890625,0.0,0.01069332185046657,-16.46470832824707,25
5VNW,11,26.541576385498047,24.784191131591797,65.49798583984375,0.0,0.006737401688222615,-15.213215827941895,6
5VNW,12,22.619890213012695,21.419252395629883,60.415340423583984,0.0,0.008096854501051154,-16.544153213500977,4
5VNW,13,19.107633590698242,15.916969299316406,53.163448333740234,0.0,0.011242875650931608,-14.97196102142334,11
5VNW,14,21.947410583496094,14.263163566589355,58.57429504394531,0.0,0.010520972993304553,-17.276918411254883,7
3P57,0,24.202428817749023,22.12500762939453,63.021034240722656,0.0,0.0074805866330777656,-16.213747024536133,8
3P57,1,22.495637893676758,19.51073455810547,60.24933624267578,0.0,0.008463723935359843,-15.046005249023438,13
3P57,2,24.619016647338867,23.07992935180664,59.0213508605957,0.0,0.008175073651334316,-18.29178237915039,7
3P57,3,23.94561004638672,19.67513084411621,55.8747673034668,0.0,0.009465847965196691,-14.079997062683105,17
3P57,4,22.391860961914062,16.50676918029785,52.692115783691406,0.0,0.011184140115165662,-14.762240409851074,15
3P57,5,24.25699806213379,21.660938262939453,61.77204895019531,0.0,0.007785065018738367,-16.594160079956055,12
3P57,6,24.309825897216797,23.1827449798584,61.13468551635742,0.0,0.007711270538274796,-16.918455123901367,17
3P57,7,22.57988929748535,20.663497924804688,53.60535430908203,0.0,0.00992284021510286,-18.546724319458008,9
3P57,8,23.20145606994629,22.365737915039062,50.702144622802734,0.0,0.010604874610033852,-15.883176803588867,15
3P57,9,24.72964096069336,18.734201431274414,57.939239501953125,0.0,0.009146327543487648,-18.89145278930664,11
3P57,10,24.50039291381836,20.488744735717773,60.30937194824219,0.0,0.008269479771207159,-16.248323440551758,9
3P57,11,24.008420944213867,20.62413215637207,60.650856018066406,0.0,0.00817484882828603,-18.455434799194336,16
3P57,12,23.435569763183594,22.691749572753906,58.76969528198242,0.0,0.008280180236292668,-14.467822074890137,13
3P57,13,23.777536392211914,19.942903518676758,59.3676643371582,0.0,0.008570966703089928,-19.457624435424805,1
3P57,14,22.180997848510742,18.284292221069336,54.161102294921875,0.0,0.010241014004836733,-16.200162887573242,8
1IBR,0,13.630304336547852,17.250093460083008,47.92622375488281,0.0,0.012666828054173176,-15.944967269897461,28
1IBR,1,13.844261169433594,17.931917190551758,60.15241622924805,0.0,0.008841871092868693,-15.505197525024414,0
1IBR,2,12.604507446289062,17.19154167175293,60.96651077270508,0.0,0.008874317418869529,-14.199995994567871,0
1IBR,3,17.028635025024414,21.27141761779785,63.10496520996094,0.0,0.007589276756657173,-12.49482536315918,0
1IBR,4,12.42581844329834,16.626253128051758,55.690765380859375,0.0,0.010279618414338275,-15.955967903137207,0
1IBR,5,12.08623218536377,15.296382904052734,56.323585510253906,0.0,0.010597478779441763,-15.01755142211914,2
1IBR,6,14.04305648803711,17.589895248413086,56.42898178100586,0.0,0.009802022647538317,-14.3379487991333,0
1IBR,7,8.178003311157227,9.996872901916504,24.02374267578125,0.0,0.044425525653480874,-15.908791542053223,0
1IBR,8,12.284488677978516,15.271498680114746,49.55446243286133,0.0,0.012712168765765421,-16.703603744506836,0
1IBR,9,12.160764694213867,16.28453254699707,42.711238861083984,0.0,0.015503240958467862,-18.014564514160156,1
1IBR,10,11.724691390991211,15.803309440612793,56.61427688598633,0.0,0.010324499856855808,-16.715635299682617,0
1IBR,11,15.253101348876953,18.401437759399414,52.50372314453125,0.0,0.010713646147159852,-14.706389427185059,0
1IBR,12,12.670258522033691,17.282947540283203,62.983028411865234,0.0,0.00845463793413835,-13.58765983581543,0
1IBR,13,10.422513008117676,14.372041702270508,33.85274124145508,0.0,0.02336052075243264,-16.15395736694336,0
1IBR,14,12.936583518981934,17.644603729248047,58.908203125,0.0,0.009190260235177944,-15.654666900634766,0
2SIC,0,9.744688987731934,7.136855125427246,19.267536163330078,0.114286,0.106501502135784,-20.839792251586914,1
2SIC,1,2.8070523738861084,2.5385825634002686,6.413591384887695,0.685714,0.5272384940349624,-22.606884002685547,8
2SIC,2,9.9530029296875,8.123957633972168,22.861661911010742,0.171429,0.10861483655985217,-17.635440826416016,4
2SIC,3,9.719916343688965,7.60274076461792,19.135324478149414,0.314286,0.17218452238441673,-19.54842185974121,2
2SIC,4,2.393383264541626,2.0868866443634033,5.558841705322266,0.4,0.4803591463388119,-20.694486618041992,4
2SIC,5,2.6020514965057373,2.1511852741241455,7.950207710266113,0.542857,0.4677968026396038,-20.802528381347656,3
2SIC,6,10.037875175476074,7.839182376861572,21.270450592041016,0.228571,0.13386457247132497,-19.296701431274414,4
2SIC,7,4.521563529968262,3.557961940765381,9.428800582885742,0.228571,0.27593977424147226,-18.578144073486328,4
2SIC,8,7.664140701293945,5.8071699142456055,17.838104248046875,0.2,0.1491967959990352,-18.096296310424805,4
2SIC,9,9.845348358154297,7.529804229736328,18.809803009033203,0.142857,0.1168679472421384,-18.445064544677734,1
2SIC,10,4.639856338500977,3.670299530029297,16.111249923706055,0.4,0.2536189145690113,-17.98444366455078,4
2SIC,11,9.482845306396484,7.4400105476379395,19.493209838867188,0.2,0.13294064724574964,-17.56292152404785,2
2SIC,12,4.564670562744141,3.5053560733795166,13.831602096557617,0.228571,0.21915689913532477,-18.318832397460938,3
2SIC,13,7.14685583114624,5.375519275665283,23.147602081298828,0.0,0.063686718795005,-14.471273422241211,3
2SIC,14,8.654267311096191,6.43980073928833,17.529916763305664,0.2,0.14727355276006449,-20.500669479370117,4
1BVN,0,4.009505748748779,6.708674907684326,11.587648391723633,0.0,0.13248388039155398,-17.269792556762695,3
1BVN,1,8.384688377380371,13.982645034790039,25.984783172607422,0.0,0.036012667347304635,-16.49496078491211,0
1BVN,2,8.316963195800781,13.876191139221191,25.760894775390625,0.0,0.03657766520639386,-15.411748886108398,0
1BVN,3,8.28470230102539,13.821803092956543,25.866535186767578,0.0,0.0363668952318266,-15.584125518798828,0
1BVN,4,9.856040954589844,15.810310363769531,30.208675384521484,0.0,0.027428343400810084,-12.654793739318848,45
1BVN,5,4.86822509765625,8.35440444946289,15.087634086608887,0.076923,0.11635911202217442,-15.897573471069336,1
1BVN,6,8.26683235168457,13.899327278137207,25.521940231323242,0.0,0.03711923632895558,-15.307583808898926,0
1BVN,7,8.183879852294922,13.522444725036621,25.07608413696289,0.0,0.038404463579938396,-16.059175491333008,0
1BVN,8,7.273399353027344,12.690144538879395,21.780054092407227,0.0,0.0486516400099068,-17.447736740112305,0
1BVN,9,6.778203964233398,9.479971885681152,23.470930099487305,0.0,0.04679025449692209,-19.334508895874023,0
1BVN,10,11.8693208694458,16.96390151977539,38.30047607421875,0.0,0.01823288878019551,-19.72591781616211,0
1BVN,11,3.8392326831817627,5.978246688842773,11.242448806762695,0.0,0.14098181739650653,-15.376656532287598,6
1BVN,12,8.846985816955566,10.747167587280273,27.333881378173828,0.0,0.03576108449561222,-15.488190650939941,40
1BVN,13,12.564823150634766,17.157835006713867,40.1901741027832,0.0,0.0167999101937707,-18.9206600189209,1
1BVN,14,8.232009887695312,12.343339920043945,25.15458106994629,0.0,0.03901159030767438,-16.16595458984375,22
1E6J,0,19.642990112304688,10.244664192199707,49.037445068359375,0.0,0.016719156411949473,-12.876853942871094,9
1E6J,1,14.763700485229492,10.518622398376465,35.16352462768555,0.0,0.025045707985140966,-13.999137878417969,16
1E6J,2,28.949073791503906,27.28873634338379,52.8223876953125,0.0,0.009417641578049104,-14.713454246520996,15
1E6J,3,42.533451080322266,12.120176315307617,84.83087158203125,0.0,0.008341911545589796,-14.806063652038574,82
1E6J,4,26.63465690612793,20.70598602294922,51.748504638671875,0.0,0.010497261714725323,-19.146068572998047,0
1E6J,5,30.755218505859375,23.244489669799805,58.40737533569336,0.0,0.008295549488756037,-13.992866516113281,44
1E6J,6,27.63637924194336,26.12837791442871,59.73512268066406,0.0,0.007710311286614406,-12.6331787109375,15
1E6J,7,28.619718551635742,25.53926658630371,52.547237396240234,0.0,0.009645519209813628,-16.28628158569336,36
1E6J,8,28.803861618041992,27.734582901000977,52.10821533203125,0.0,0.00961189720376888,-17.160757064819336,11
1E6J,9,21.34523582458496,15.851065635681152,49.38193130493164,0.0,0.012550306872365339,-15.206692695617676,30
1E6J,10,29.892868041992188,23.755474090576172,65.30388641357422,0.0,0.006876938054390515,-15.997821807861328,55
1E6J,11,36.36061096191406,30.245418548583984,76.14848327636719,0.0,0.00492004731569683,-13.823164939880371,54
1E6J,12,28.673046112060547,26.466381072998047,64.47860717773438,0.0,0.0067610907789122385,-16.271652221679688,17
1E6J,13,28.511470794677734,26.326465606689453,53.32187271118164,0.0,0.009339146266662839,-16.3162841796875,11
1E6J,14,26.191329956054688,24.74527931213379,54.741661071777344,0.0,0.00906789508669826,-12.944762229919434,14
2IDO,0,17.444860458374023,18.598217010498047,35.726600646972656,0.0,0.020011779021032166,-15.474549293518066,44
2IDO,1,19.802995681762695,15.587847709655762,42.82039260864258,0.0,0.01569496501242963,-19.879840850830078,3
2IDO,2,15.934185028076172,12.738971710205078,35.67581558227539,0.0,0.02246404048747575,-18.908523559570312,5
2IDO,3,14.706274032592773,14.212221145629883,36.13347625732422,0.0,0.021150766152018673,-14.75027084350586,10
2IDO,4,12.225409507751465,11.963020324707031,32.248050689697266,0.0,0.026813503715738252,-20.804006576538086,6
2IDO,5,19.507482528686523,14.843219757080078,42.39286804199219,0.0,0.016252593804409993,-18.589984893798828,4
2IDO,6,12.23326587677002,12.057818412780762,33.24081039428711,0.0,0.025538013888587074,-21.5257568359375,5
2IDO,7,18.457860946655273,18.72938346862793,37.551082611083984,0.0,0.018371309194618126,-18.08611488342285,28
2IDO,8,20.405345916748047,16.395660400390625,45.28921127319336,0.0,0.014108909240185569,-18.129789352416992,1
2IDO,9,21.160417556762695,17.67882537841797,47.78474426269531,0.0,0.012606259932586274,-18.007539749145508,1
2IDO,10,14.62402629852295,13.670405387878418,30.570199966430664,0.0,0.027886505341716453,-19.85232925415039,35
2IDO,11,19.54937171936035,15.296120643615723,42.74263000488281,0.0,0.015855884040544603,-20.417604446411133,5
2IDO,12,17.34528160095215,14.23475456237793,38.374183654785156,0.0,0.01925036476781481,-20.551908493041992,1
2IDO,13,17.060123443603516,15.37756061553955,38.268028259277344,0.0,0.018813957274080563,-16.996776580810547,0
2IDO,14,13.424881935119629,13.337298393249512,36.86225891113281,0.0,0.02099240549965242,-20.22265625,2
4GAM,0,12.708375930786133,25.09547233581543,54.86415481567383,0.0,0.009000012170084785,-14.775810241699219,36
4GAM,1,7.222496032714844,19.693748474121094,29.920394897460938,0.0,0.026815462842283727,-14.64581298828125,26
4GAM,2,17.741647720336914,35.66591262817383,76.95072174072266,0.0,0.0046066873620025555,-18.235841751098633,4
4GAM,3,14.460514068603516,31.082773208618164,62.12830352783203,0.0,0.00689916563469617,-13.631339073181152,12
4GAM,4,7.0021562576293945,18.51886558532715,29.051273345947266,0.0,0.028458013220704223,-14.06653881072998,17
4GAM,5,6.677855968475342,17.570335388183594,27.673526763916016,0.0,0.03114835471780188,-13.887213706970215,28
4GAM,6,5.5647077560424805,13.893360137939453,23.0963191986084,0.023256,0.05135454539532278,-15.039374351501465,23
4GAM,7,14.941426277160645,32.318931579589844,64.16919708251953,0.0,0.006464394580482105,-15.357394218444824,36
4GAM,8,17.531023025512695,35.41226577758789,75.3300552368164,0.0,0.00478769036360185,-14.983869552612305,30
4GAM,9,12.137298583984375,24.17444610595703,51.68107604980469,0.0,0.010057773983417154,-13.840384483337402,15
4GAM,10,10.325362205505371,22.36906623840332,44.598663330078125,0.0,0.013175783457816169,-17.885395050048828,7
4GAM,11,10.433609008789062,23.55571174621582,44.71534729003906,0.0,0.012971049908172978,-15.35619068145752,18
4GAM,12,12.291182518005371,24.691308975219727,52.277278900146484,0.0,0.009811025926391293,-14.022334098815918,26
4GAM,13,7.456066131591797,20.301301956176758,30.914613723754883,0.0,0.02523807924028112,-13.656068801879883,25
4GAM,14,15.034296989440918,29.113819122314453,65.19480895996094,0.0,0.006453969219920439,-17.245468139648438,4
2A5T,0,18.67915916442871,13.244621276855469,31.17594337463379,0.0,0.027285451045628226,-11.28676986694336,24
2A5T,1,16.872997283935547,12.663067817687988,30.001523971557617,0.0,0.0293808442526908,-10.279313087463379,19
2A5T,2,13.604854583740234,9.953910827636719,24.291601181030273,0.142857,0.09138196248877035,-11.203632354736328,30
2A5T,3,16.89002227783203,12.524181365966797,29.890960693359375,0.0,0.029652092140403683,-11.691875457763672,18
2A5T,4,16.270263671875,12.179464340209961,29.834854125976562,0.0,0.030005495321378986,-11.141542434692383,25
2A5T,5,16.151161193847656,11.15695858001709,28.64090919494629,0.0,0.032900764416902394,-10.325592041015625,16
2A5T,6,18.45592498779297,12.9927978515625,31.424909591674805,0.0,0.02710930555766855,-10.52408504486084,19
2A5T,7,14.306096076965332,11.391777992248535,26.975955963134766,0.0,0.035786810794970224,-11.227038383483887,24
2A5T,8,17.743776321411133,12.626832962036133,30.72177505493164,0.0,0.028340855528940164,-10.874168395996094,18
2A5T,9,18.048023223876953,12.977646827697754,32.80909729003906,0.0,0.02536043211663745,-10.577497482299805,22
2A5T,10,19.76115608215332,13.139610290527344,32.203346252441406,0.0,0.02599846048974476,-10.576786041259766,21
2A5T,11,19.837059020996094,12.676081657409668,32.299224853515625,0.0,0.02619303334659021,-10.376676559448242,29
2A5T,12,17.551313400268555,12.959317207336426,31.485862731933594,0.0,0.0270497592850819,-10.360952377319336,26
2A5T,13,14.22131061553955,10.474411010742188,27.133930206298828,0.0,0.03648629084206698,-12.128217697143555,17
2A5T,14,17.6773681640625,12.84548282623291,30.374094009399414,0.0,0.028692487844717816,-10.759315490722656,31
4H03,0,28.566659927368164,24.06867218017578,59.604637145996094,0.0,0.007933401172599138,-14.246642112731934,28
4H03,1,19.86430549621582,16.65365982055664,30.57575035095215,0.0,0.02659537499688475,-14.479349136352539,20
4H03,2,17.670560836791992,15.551351547241211,28.596845626831055,0.0,0.030131605823604204,-14.382381439208984,17
4H03,3,34.54729080200195,38.348445892333984,93.83555603027344,0.0,0.0032221088243416605,-13.99837875366211,11
4H03,4,19.56368637084961,17.569231033325195,30.220808029174805,0.0,0.026848643311314244,-16.519319534301758,6
4H03,5,17.53258514404297,14.374177932739258,30.162050247192383,0.0,0.02811559941805757,-15.740823745727539,9
4H03,6,19.480270385742188,15.687276840209961,31.997350692749023,0.0,0.024992276612765294,-14.505722045898438,10
4H03,7,19.662002563476562,15.57835578918457,32.35327911376953,0.0,0.024584522050311364,-21.298011779785156,7
4H03,8,21.68483543395996,18.040040969848633,33.1372184753418,0.0,0.022867052028673895,-14.022285461425781,11
4H03,9,18.015518188476562,15.98674201965332,28.080799102783203,0.0,0.030887398056824417,-17.993650436401367,14
4H03,10,16.766202926635742,15.273918151855469,25.788625717163086,0.0,0.035848220553699676,-15.942524909973145,4
4H03,11,33.245201110839844,32.82499313354492,96.23635864257812,0.0,0.0032748774324308466,-14.63872241973877,2
4H03,12,19.896286010742188,17.21052360534668,30.324901580810547,0.0,0.0267941996193887,-16.646255493164062,17
4H03,13,33.89056396484375,39.459720611572266,92.49613952636719,0.0,0.0032723479614871383,-13.273703575134277,10
4H03,14,34.5051155090332,37.34423828125,97.98737335205078,0.0,0.0030264739320945127,-14.997678756713867,10
3BP8,0,13.435015678405762,20.63031578063965,51.71076583862305,0.0,0.010522433784317399,-17.55682373046875,2
3BP8,1,13.198975563049316,18.099626541137695,51.40370559692383,0.0,0.01114559439754624,-17.965808868408203,0
3BP8,2,15.073037147521973,20.04593849182129,55.21578598022461,0.0,0.00957248598034382,-14.73643970489502,9
3BP8,3,24.77449607849121,30.334991455078125,86.64149475097656,0.0,0.003990682431593978,-18.137859344482422,17
3BP8,4,12.175582885742188,12.87690544128418,44.791690826416016,0.0,0.016049194811665796,-16.183324813842773,6
3BP8,5,13.835188865661621,15.782958984375,50.577266693115234,0.0,0.012139947765318774,-16.16368293762207,12
3BP8,6,13.53880500793457,18.818950653076172,50.093685150146484,0.0,0.011433101334748695,-18.86609649658203,21
3BP8,7,13.480189323425293,21.100610733032227,51.735435485839844,0.0,0.010437413005776594,-15.711897850036621,3
3BP8,8,13.593134880065918,19.665328979492188,50.89631652832031,0.0,0.010972898496918404,-19.389978408813477,9
3BP8,9,21.09029197692871,27.971969604492188,76.01726531982422,0.0,0.005071996029314038,-16.9417667388916,12
3BP8,10,10.652192115783691,15.720953941345215,37.597190856933594,0.0,0.01921625098735279,-14.94201946258545,20
3BP8,11,10.51788330078125,15.173534393310547,41.02326202392578,0.0,0.01694746020153186,-19.414470672607422,5
3BP8,12,21.037353515625,28.188365936279297,75.88858032226562,0.0,0.005071217104620389,-17.32863998413086,7
3BP8,13,12.095186233520508,14.901562690734863,45.22547912597656,0.0,0.014716608463925966,-15.807991027832031,9
3BP8,14,18.973817825317383,23.979949951171875,69.05998229980469,0.0,0.0062734998955349735,-17.671306610107422,9
1XQS,0,21.951292037963867,14.559577941894531,42.736114501953125,0.0,0.016185503860894332,-14.155308723449707,11
1XQS,1,14.486543655395508,14.892088890075684,33.75278854370117,0.0,0.02322677683568576,-16.01789665222168,0
1XQS,2,21.21267318725586,14.771501541137695,44.97483825683594,0.0,0.014897875228441252,-15.186298370361328,11
1XQS,3,21.611711502075195,12.712931632995605,42.85245132446289,0.0,0.017195276142849325,-15.520085334777832,0
1XQS,4,20.597103118896484,11.16479778289795,40.583492279052734,0.0,0.01991792374415547,-14.602767944335938,16
1XQS,5,22.60704803466797,13.868013381958008,45.103050231933594,0.0,0.015287294094770594,-14.467998504638672,0
1XQS,6,23.609786987304688,16.402366638183594,47.9058837890625,0.0,0.012938255213127916,-16.056665420532227,2
1XQS,7,13.255195617675781,13.418591499328613,31.025924682617188,0.0,0.027386017546814734,-18.013513565063477,0
1XQS,8,11.249922752380371,12.192045211791992,26.305240631103516,0.0,0.036484102740927636,-14.57982063293457,0
1XQS,9,14.454658508300781,12.260106086730957,27.059520721435547,0.0,0.0348530733855924,-18.810449600219727,0
1XQS,10,13.511731147766113,13.771807670593262,30.375980377197266,0.0,0.02811359420142394,-17.898136138916016,0
1XQS,11,22.033754348754883,13.409551620483398,41.40481948852539,0.0,0.017599295699746078,-16.15509033203125,1
1XQS,12,14.045761108398438,13.723804473876953,25.331073760986328,0.0,0.0376693458791284,-18.114709854125977,4
1XQS,13,10.496689796447754,10.49196720123291,33.29929733276367,0.0,0.02706738789866273,-15.76785945892334,1
1XQS,14,21.482393264770508,11.315424919128418,42.33745193481445,0.0,0.018671765669389304,-18.57797622680664,0
2J7P,0,13.121417045593262,10.128921508789062,23.653413772583008,0.0,0.04527599984363837,-18.891706466674805,1
2J7P,1,7.130154132843018,5.582732200622559,13.604452133178711,0.066667,0.13825495633032997,-16.546642303466797,0
2J7P,2,21.842483520507812,16.796958923339844,34.50136184692383,0.0,0.021711731518018765,-17.400548934936523,2
2J7P,3,8.38434886932373,7.669399261474609,29.077545166015625,0.0,0.03852266282951611,-15.573698043823242,12
2J7P,4,21.493637084960938,17.22493553161621,49.00925064086914,0.0,0.01224275068378245,-16.839046478271484,12
2J7P,5,14.152603149414062,10.844178199768066,26.693214416503906,0.0,0.03694611673398634,-19.88835334777832,0
2J7P,6,5.821157455444336,6.092946529388428,12.643117904663086,0.0,0.12281155173752512,-20.932666778564453,0
2J7P,7,18.375518798828125,14.047392845153809,30.83995819091797,0.0,0.02729165496339092,-17.85902976989746,1
2J7P,8,7.178752422332764,6.672952175140381,22.133411407470703,0.066667,0.08109780552646745,-17.551971435546875,0
2J7P,9,22.72273063659668,17.37411117553711,35.5179328918457,0.0,0.020522753313566247,-15.856634140014648,0
2J7P,10,18.152660369873047,13.394064903259277,34.311397552490234,0.0,0.0234028340324058,-16.456478118896484,9
2J7P,11,25.34164810180664,20.33616065979004,37.18046569824219,0.0,0.018359960216938257,-18.030481338500977,0
2J7P,12,22.511646270751953,17.207061767578125,35.26272201538086,0.0,0.020818414490861966,-15.588894844055176,0
2J7P,13,15.92149543762207,12.139199256896973,27.864120483398438,0.0,0.033391125506869186,-18.448728561401367,2
2J7P,14,22.514455795288086,17.179649353027344,35.51687240600586,0.0,0.020579496105355352,-18.827144622802734,0
3HI6,0,4.980242729187012,5.569339752197266,10.270715713500977,0.0,0.1580438666477458,-16.305217742919922,0
3HI6,1,22.763776779174805,17.795351028442383,59.53178787231445,0.0,0.009011344868877216,-18.043094635009766,0
3HI6,2,20.877498626708984,14.378631591796875,59.780235290527344,0.0,0.010194147229366785,-15.039034843444824,0
3HI6,3,2.2815768718719482,2.978044033050537,7.338693141937256,0.0,0.2584299197764552,-18.251150131225586,0
3HI6,4,59.727272033691406,76.60609436035156,136.87063598632812,0.0,0.001408383978115764,0.0,0
3HI6,5,8.377446174621582,8.2490816116333,16.60550308227539,0.166667,0.1354310586296926,-19.22873306274414,0
3HI6,6,21.6352596282959,17.870420455932617,55.858184814453125,0.0,0.00987606531253527,-15.67298412322998,0
3HI6,7,34.7702751159668,29.78254508972168,100.68208312988281,0.0,0.0032024065179768243,-16.78628921508789,2
3HI6,8,21.37460708618164,17.683313369750977,55.33028793334961,0.0,0.010066627134533428,-14.69192886352539,0
3HI6,9,49.52494430541992,68.94151306152344,149.9169464111328,0.0,0.0012258456628981955,0.0,0
3HI6,10,23.182409286499023,20.327495574951172,61.44300079345703,0.0,0.00806472894541813,-16.459003448486328,1
3HI6,11,28.908658981323242,23.956350326538086,81.42528533935547,0.0,0.00489500847168788,-14.13410472869873,1
3HI6,12,12.423752784729004,12.053653717041016,25.42170524597168,0.0,0.038601641772824595,-16.602725982666016,0
3HI6,13,22.98735237121582,16.79057502746582,65.76677703857422,0.0,0.00811580649648491,-17.79184341430664,0
3HI6,14,7.53636360168457,4.8973188400268555,20.62401580810547,0.333333,0.18809912546414997,-17.672767639160156,1
2MTA,0,4.263909339904785,4.772984981536865,10.887398719787598,0.0,0.1561949311364396,-19.5777530670166,1
2MTA,1,5.944794178009033,7.290716171264648,14.76759147644043,0.0,0.09648787778650925,-22.30083656311035,1
2MTA,2,18.859024047851562,16.551206588745117,55.21472930908203,0.0,0.010432248650085364,-17.65779685974121,1
2MTA,3,19.706100463867188,17.309484481811523,58.89876937866211,0.0,0.009285202780578811,-15.869518280029297,0
2MTA,4,2.0621681213378906,2.252478837966919,5.364003658294678,0.5,0.5074701201008037,-21.128122329711914,1
2MTA,5,24.46402931213379,23.523107528686523,73.30646514892578,0.0,0.005772059176382824,-19.54800796508789,0
2MTA,6,8.134478569030762,10.667315483093262,19.70716667175293,1.0,0.392080859068817,-17.153287887573242,4
2MTA,7,19.124296188354492,17.546005249023438,58.08386993408203,0.0,0.009407286486479234,-16.006122589111328,0
2MTA,8,18.680185317993164,15.000399589538574,55.614219665527344,0.0,0.010908963775385172,-14.458930969238281,2
2MTA,9,7.422425270080566,9.299723625183105,18.50049591064453,0.0,0.0665517052880542,-22.797607421875,0
2MTA,10,6.267068862915039,7.779432773590088,15.29988956451416,0.0,0.09056568347045084,-20.214988708496094,2
2MTA,11,18.77640724182129,16.621185302734375,54.86122131347656,0.0,0.010507045543961951,-17.24424171447754,0
2MTA,12,4.756777286529541,5.762923717498779,12.086013793945312,0.0,0.13146102923575095,-19.428678512573242,0
2MTA,13,19.002321243286133,15.968119621276855,56.454368591308594,0.0,0.01030467750853048,-12.8175687789917,3
2MTA,14,8.510442733764648,11.138968467712402,20.878742218017578,1.0,0.3866624262049643,-20.751117706298828,1
6EY6,0,25.676055908203125,19.937578201293945,41.67951965332031,0.0,0.015186022830357,-14.66423225402832,47
6EY6,1,23.85346221923828,23.47743797302246,53.31477737426758,0.0,0.009617830607264103,-16.6304874420166,13
6EY6,2,16.34556007385254,13.903874397277832,31.01156997680664,0.0,0.02712714626706308,-15.059999465942383,12
6EY6,3,27.95448875427246,20.00213050842285,41.54080581665039,0.0,0.015259459922469826,-16.088632583618164,20
6EY6,4,17.557518005371094,13.510407447814941,32.968955993652344,0.0,0.024834641960380526,-17.56916046142578,3
6EY6,5,17.980321884155273,16.318065643310547,46.07859420776367,0.0,0.013762464506672387,-16.88823890686035,5
6EY6,6,18.473379135131836,16.25394058227539,42.49710464477539,0.0,0.015637079102741053,-19.551624298095703,3
6EY6,7,25.667680740356445,19.594736099243164,42.40459060668945,0.0,0.014818018880308667,-17.14055824279785,23
6EY6,8,20.327585220336914,20.775392532348633,44.574466705322266,0.0,0.013424501129688146,-15.942582130432129,6
6EY6,9,14.804669380187988,13.352659225463867,36.45127487182617,0.0,0.021344895109699863,-15.779476165771484,8
6EY6,10,22.092697143554688,19.210399627685547,33.4608268737793,0.0,0.022226212191370037,-17.530620574951172,0
6EY6,11,22.042001724243164,18.62420654296875,46.27513122558594,0.0,0.013027841086945803,-16.160686492919922,18
6EY6,12,26.11426544189453,20.616159439086914,44.86190414428711,0.0,0.013306948973379305,-16.544889450073242,13
6EY6,13,20.411550521850586,15.84778881072998,35.56436538696289,0.0,0.020971685559056517,-19.303977966308594,10
6EY6,14,25.40636444091797,19.4882869720459,36.206085205078125,0.0,0.01937531842380741,-15.154386520385742,2
1GL1,0,4.178679943084717,6.229338645935059,12.428179740905762,0.037037,0.13684384940736172,-22.873212814331055,0
1GL1,1,5.940679550170898,7.96210241317749,20.02347183227539,0.0,0.06232083216834986,-16.193483352661133,1
1GL1,2,5.938694953918457,9.217025756835938,17.21188735961914,0.037037,0.08630144112993561,-22.170591354370117,0
1GL1,3,5.3673200607299805,7.633588790893555,17.1983642578125,0.037037,0.09017576274243322,-19.882783889770508,0
1GL1,4,6.650485038757324,9.872800827026367,20.57819175720215,0.0,0.05610421287718629,-18.145776748657227,0
1GL1,5,4.009749889373779,6.225699424743652,11.533248901367188,0.037037,0.1479617186949558,-21.696311950683594,2
1GL1,6,6.795337200164795,10.413480758666992,20.35228157043457,0.0,0.05628242325338101,-20.735990524291992,0
1GL1,7,5.409787654876709,7.349547863006592,18.695451736450195,0.0,0.0704302193447452,-17.77619171142578,2
1GL1,8,9.68136978149414,12.769478797912598,31.072847366333008,0.0,0.027743712720375,-15.946157455444336,2
1GL1,9,9.24107837677002,12.313870429992676,30.28975486755371,0.0,0.02920738320064616,-17.862590789794922,2
1GL1,10,6.517333984375,9.244795799255371,21.75822639465332,0.0,0.052685607866636563,-19.56304168701172,0
1GL1,11,6.769440174102783,9.940716743469238,21.324634552001953,0.0,0.05312054602490523,-17.912092208862305,0
1GL1,12,6.501044273376465,8.41575813293457,22.2907657623291,0.0,0.052579610730238036,-16.4703369140625,2
1GL1,13,4.61322021484375,7.080258369445801,14.287006378173828,0.0,0.10146051674553803,-19.850265502929688,2
1GL1,14,5.401993751525879,7.793552875518799,18.306392669677734,0.0,0.07102523496360001,-15.949893951416016,1
1E96,0,11.834962844848633,10.82534408569336,22.38163185119629,0.0,0.04829591001440078,-13.682670593261719,1
1E96,1,19.85013771057129,13.001814842224121,42.02104568481445,0.0,0.01748123575545309,-11.908483505249023,1
1E96,2,18.157955169677734,14.15689468383789,36.38379669189453,0.0,0.020951932162443922,-11.664111137390137,1
1E96,3,9.470236778259277,5.917167663574219,25.567487716674805,0.090909,0.08360535589021828,-13.768290519714355,25
1E96,4,15.120088577270508,14.091571807861328,31.333721160888672,0.0,0.026582976571818517,-15.902752876281738,2
1E96,5,17.12386703491211,13.196906089782715,33.97088623046875,0.0,0.02389098510029609,-12.818214416503906,2
1E96,6,12.214004516601562,13.644426345825195,28.98111915588379,0.0,0.03038313004375121,-13.473870277404785,6
1E96,7,18.831279754638672,12.93850040435791,33.95597839355469,0.0,0.02407645829227587,-12.560967445373535,6
1E96,8,18.66842269897461,13.103307723999023,32.28729248046875,0.0,0.02591650819191575,-13.74374771118164,3
1E96,9,12.652613639831543,7.99924373626709,37.92013931274414,0.0,0.02727007548697134,-13.874773979187012,1
1E96,10,18.57057762145996,13.104883193969727,29.70060920715332,0.0,0.029545276544424192,-15.395156860351562,3
1E96,11,17.61775016784668,9.744903564453125,41.69599151611328,0.0,0.021014794711631687,-13.716947555541992,9
1E96,12,18.69837188720703,13.122651100158691,33.05783462524414,0.0,0.024970267709245385,-13.301116943359375,2
1E96,13,17.261404037475586,13.249934196472168,35.13035202026367,0.0,0.022652970290107936,-12.922759056091309,3
1E96,14,19.998085021972656,11.316082954406738,31.042970657348633,0.272727,0.11991312803101277,-15.170018196105957,6
4POU,0,6.914724349975586,6.184954643249512,15.45598030090332,0.0,0.09592103512201465,-16.37175178527832,0
4POU,1,9.77038288116455,6.899435043334961,17.9530086517334,0.0,0.07608284622538243,-17.795684814453125,1
4POU,2,9.090067863464355,9.226868629455566,15.199766159057617,0.0,0.08799150790014543,-17.492488861083984,0
4POU,3,16.749921798706055,12.48079776763916,25.356407165527344,0.0,0.038419912911962895,-15.098092079162598,0
4POU,4,7.583357334136963,6.885278224945068,15.186650276184082,0.0,0.09461689173723392,-19.666954040527344,0
4POU,5,9.869429588317871,7.8119096755981445,16.220380783081055,0.0,0.08366820271594357,-16.189924240112305,0
4POU,6,8.012368202209473,7.631673336029053,14.80272388458252,0.0,0.09505356496931815,-16.704662322998047,0
4POU,7,11.57123851776123,9.935059547424316,23.183908462524414,0.0,0.04692649796456933,-13.888694763183594,0
4POU,8,7.891035079956055,6.244253635406494,15.161768913269043,0.0,0.09789794199710751,-17.470125198364258,4
4POU,9,9.87923526763916,7.436964988708496,19.285226821899414,0.0,0.06725121782587952,-15.968066215515137,2
4POU,10,14.236144065856934,12.893662452697754,27.09063148498535,0.0,0.03432555083847136,-19.916048049926758,0
4POU,11,8.687581062316895,6.9974141120910645,16.40886878967285,0.0,0.08516649375431723,-16.145681381225586,2
4POU,12,15.432487487792969,12.572282791137695,23.168569564819336,0.0,0.044221954105434724,-16.542940139770508,0
4POU,13,7.994103908538818,6.202252388000488,14.439335823059082,0.076923,0.12984423829502834,-16.887794494628906,4
4POU,14,8.302220344543457,6.889288902282715,16.702905654907227,0.0,0.08365398561077515,-16.498374938964844,1
1RV6,0,11.093398094177246,10.668723106384277,27.874685287475586,0.0,0.03481994551249837,-16.598526000976562,0
1RV6,1,14.233926773071289,15.494423866271973,43.91337585449219,0.0,0.015132836479646855,-20.105785369873047,0
1RV6,2,23.125545501708984,21.603178024291992,68.72122955322266,0.0,0.006622069190923254,-21.604326248168945,0
1RV6,3,25.946773529052734,28.79669761657715,68.62667083740234,0.0,0.005938368594902461,-22.75135612487793,0
1RV6,4,12.78232192993164,12.154574394226074,26.3355712890625,0.0,0.03644863243655197,-21.84507179260254,0
1RV6,5,11.293600082397461,11.816003799438477,23.38820457458496,0.0,0.04417722868180913,-19.17119789123535,0
1RV6,6,27.730443954467773,29.518917083740234,73.21623229980469,0.0,0.005291396374787992,-16.77886199951172,0
1RV6,7,12.063445091247559,14.183740615844727,27.56258201599121,0.0,0.03263499456436653,-15.180907249450684,1
1RV6,8,11.770997047424316,10.219182014465332,29.4635009765625,0.0,0.03264134924844218,-18.10477638244629,1
1RV6,9,15.983846664428711,17.283559799194336,44.379398345947266,0.0,0.014287188648425583,-22.805208206176758,0
1RV6,10,26.07244873046875,28.02118682861328,68.29999542236328,0.0,0.006036397463294335,-22.152690887451172,0
1RV6,11,22.673086166381836,23.16553497314453,66.72808837890625,0.0,0.006714160122159738,-17.689441680908203,0
1RV6,12,26.207929611206055,29.654834747314453,69.1264877319336,0.0,0.005815566151620052,-22.365083694458008,0
1RV6,13,12.855744361877441,12.644498825073242,26.435667037963867,0.0,0.035858483492008035,-27.531219482421875,0
1RV6,14,23.090770721435547,21.36486053466797,68.72388458251953,0.0,0.006657389819042618,-20.584638595581055,0
1AVX,0,21.1945858001709,24.995481491088867,60.52790069580078,0.0,0.007642627295494748,-15.315584182739258,0
1AVX,1,23.290040969848633,25.70818519592285,65.41981506347656,0.0,0.006664798815570961,-16.811960220336914,0
1AVX,2,21.63191795349121,20.796993255615234,60.33246994018555,0.0,0.00821258806435298,-15.895317077636719,1
1AVX,3,22.573139190673828,23.044086456298828,68.1268310546875,0.0,0.006515811901223256,-14.10922622680664,1
1AVX,4,14.080646514892578,14.112090110778809,22.555335998535156,0.0,0.045175919171968504,-15.62833023071289,2
1AVX,5,14.703961372375488,15.909134864807129,57.8330078125,0.0,0.009985423642785395,-15.492161750793457,0
1AVX,6,20.584524154663086,20.204601287841797,70.72327423095703,0.0,0.00657353757874085,-16.132905960083008,0
1AVX,7,17.89497184753418,16.525379180908203,70.14009857177734,0.0,0.007548421566801386,-15.24323558807373,1
1AVX,8,19.977964401245117,18.7905216217041,62.55823516845703,0.0,0.008153001522279433,-16.73739242553711,2
1AVX,9,14.58804988861084,13.860304832458496,56.67546081542969,0.0,0.011191594688471257,-15.56089973449707,2
1AVX,10,22.34613037109375,22.694616317749023,67.01551818847656,0.0,0.006727427089319528,-17.347326278686523,5
1AVX,11,20.771848678588867,20.180862426757812,58.624881744384766,0.0,0.008694480833497885,-15.472784996032715,3
1AVX,12,21.454082489013672,21.463211059570312,69.333740234375,0.0,0.006555850751169861,-15.918533325195312,1
1AVX,13,23.388586044311523,25.66498374938965,66.77957916259766,0.0,0.006449086911196893,-12.84009075164795,0
1AVX,14,21.033939361572266,20.693527221679688,57.889739990234375,0.0,0.00877704192792116,-14.613842964172363,4
6CWG,0,21.355695724487305,15.200690269470215,31.219829559326172,0.0,0.026218409445278274,-17.503360748291016,15
6CWG,1,22.049346923828125,18.590940475463867,37.47019577026367,0.0,0.01846964503511941,-15.209980964660645,16
6CWG,2,23.980430603027344,22.584516525268555,48.156986236572266,0.0,0.011534995816176908,-15.887643814086914,0
6CWG,3,23.27471160888672,21.98445701599121,45.97642135620117,0.0,0.012561256636597108,-13.360769271850586,0
6CWG,4,23.168169021606445,20.467193603515625,29.978519439697266,0.0,0.026584401939408333,-18.18483543395996,0
6CWG,5,24.175989151000977,22.12087059020996,50.61323928833008,0.0,0.010669112083297407,-14.448114395141602,1
6CWG,6,22.7703800201416,21.973310470581055,34.91244125366211,0.0,0.020199080440576053,-18.281156539916992,0
6CWG,7,22.799943923950195,22.503271102905273,36.3934326171875,0.0,0.018717130334575855,-16.00555419921875,0
6CWG,8,25.14516830444336,20.788347244262695,47.55672836303711,0.0,0.012045454043796651,-15.581252098083496,5
6CWG,9,24.599857330322266,19.377363204956055,38.30759811401367,0.0,0.017626884604283737,-16.028696060180664,5
6CWG,10,23.42662239074707,26.367408752441406,62.79315185546875,0.0,0.007073279940103092,-15.938199043273926,0
6CWG,11,24.17970085144043,21.29888153076172,35.16234588623047,0.0,0.020048446872739666,-22.72044563293457,1
6CWG,12,22.406002044677734,18.581668853759766,33.26865768432617,0.0,0.022584084028126727,-16.573604583740234,4
6CWG,13,23.46448516845703,22.37683868408203,36.8923454284668,0.0,0.01829390717246103,-17.473783493041992,0
6CWG,14,24.540468215942383,21.011960983276367,40.86164855957031,0.0,0.015515837174093468,-15.517274856567383,1
1TMQ,0,8.79177188873291,10.42835807800293,20.304773330688477,0.0,0.05646084985099581,-21.261859893798828,0
1TMQ,1,8.648919105529785,10.283479690551758,19.7435302734375,0.058824,0.07867444525186745,-24.045042037963867,2
1TMQ,2,10.343116760253906,14.388740539550781,23.562345504760742,0.0,0.04196745892375347,-15.568498611450195,5
1TMQ,3,8.10936450958252,10.303133010864258,18.4338436126709,0.0,0.06536519340310794,-20.778383255004883,8
1TMQ,4,7.732548713684082,10.741019248962402,17.43951416015625,0.0,0.07036211374786483,-20.685293197631836,3
1TMQ,5,8.360762596130371,11.226788520812988,19.162477493286133,0.0,0.06064937916946898,-19.775611877441406,8
1TMQ,6,8.270846366882324,12.73971176147461,20.656490325927734,0.0,0.05282681766856556,-18.06683921813965,1
1TMQ,7,7.104276180267334,9.629739761352539,16.098188400268555,0.0,0.08056737080521598,-17.21463966369629,3
1TMQ,8,10.275622367858887,13.674391746520996,23.55803680419922,0.0,0.042359510456647514,-18.255826950073242,2
1TMQ,9,8.999775886535645,10.454923629760742,20.98517608642578,0.0,0.053703286842955576,-20.43839454650879,1
1TMQ,10,7.777026653289795,10.526747703552246,17.68325424194336,0.0,0.06919615100701239,-20.225156784057617,3
1TMQ,11,10.70289421081543,13.57551097869873,24.687580108642578,0.0,0.039347455183160185,-19.81096076965332,8
1TMQ,12,7.7962799072265625,10.822535514831543,17.89117431640625,0.0,0.06766579218946768,-21.19418716430664,2
1TMQ,13,7.923150062561035,10.446784973144531,18.105579376220703,0.0,0.06693238484787849,-20.499753952026367,4
1TMQ,14,8.255690574645996,11.069982528686523,18.77753257751465,0.0,0.06269712311734969,-20.134662628173828,7
1JMO,0,3.989133834838867,3.4672276973724365,8.088521957397461,0.152174,0.27820624873662464,-16.629465103149414,1
1JMO,1,27.829364776611328,25.485172271728516,81.08467102050781,0.0,0.0047739612164590895,-15.294380187988281,2
1JMO,2,17.446067810058594,13.835871696472168,53.74887466430664,0.108696,0.048237327270336194,-14.023070335388184,13
1JMO,3,26.408872604370117,19.487754821777344,69.20999145507812,0.0,0.00691633661992824,-13.953703880310059,1
1JMO,4,20.757274627685547,16.225994110107422,58.09471130371094,0.0,0.009810763144977475,-14.378972053527832,7
1JMO,5,23.838571548461914,19.679401397705078,68.4721450805664,0.0,0.006984199190899644,-15.991680145263672,6
1JMO,6,27.324914932250977,20.42104148864746,69.16011810302734,0.0,0.006748969781017564,-14.550887107849121,0
1JMO,7,24.220163345336914,17.39025115966797,61.498138427734375,0.0,0.008710152552353198,-15.705825805664062,8
1JMO,8,23.6867618560791,20.039501190185547,56.88274002075195,0.0,0.009137768908709687,-14.232778549194336,3
1JMO,9,5.845877170562744,5.378940105438232,11.351838111877441,0.108696,0.18003309412419463,-14.96492862701416,2
1JMO,10,24.663955688476562,18.705934524536133,63.629608154296875,0.0,0.007973785118938639,-16.243391036987305,2
1JMO,11,24.828969955444336,19.30746078491211,62.026939392089844,0.0,0.008144198688572643,-14.359002113342285,1
1JMO,12,25.966344833374023,19.34906578063965,69.83484649658203,0.0,0.0068574605142145235,-14.193796157836914,3
1JMO,13,25.07927894592285,21.292072296142578,59.818687438964844,0.0,0.008243396332913776,-14.821255683898926,7
1JMO,14,19.977632522583008,15.779576301574707,56.324951171875,0.0,0.010407379604529785,-13.357400894165039,7
5O1R,0,9.699349403381348,12.857253074645996,23.78915023803711,0.0,0.04221393525620339,-14.757031440734863,0
5O1R,1,6.035706996917725,9.314495086669922,15.234114646911621,0.0,0.08756207947380851,-15.379634857177734,6
5O1R,2,21.037776947021484,19.37310028076172,55.476097106933594,0.0,0.009632275503536502,-12.614923477172852,18
5O1R,3,16.58285140991211,14.600678443908691,42.641719818115234,0.0,0.016220100057919514,-14.856836318969727,5
5O1R,4,7.029054641723633,8.339470863342285,23.24497413635254,0.0,0.049760820247912625,-15.874399185180664,3
5O1R,5,5.598531723022461,8.510180473327637,13.072522163391113,0.0,0.1090947284149383,-16.970375061035156,8
5O1R,6,8.55189037322998,11.228270530700684,23.749570846557617,0.0,0.04369407021551128,-13.453389167785645,1
5O1R,7,7.281010150909424,9.627323150634766,16.307241439819336,0.0,0.07911546992536918,-17.16054344177246,12
5O1R,8,9.515905380249023,12.835284233093262,23.462711334228516,0.0,0.043163792914224536,-14.648141860961914,9
5O1R,9,7.457668304443359,10.288143157958984,20.517627716064453,0.0,0.055766767501294674,-14.972820281982422,2
5O1R,10,10.798686981201172,13.556320190429688,25.734054565429688,0.0,0.036820863560517746,-13.617419242858887,10
5O1R,11,11.339284896850586,13.747084617614746,26.34427261352539,0.0,0.035351206905766534,-14.19393539428711,4
5O1R,12,15.144705772399902,14.373693466186523,41.14155960083008,0.0,0.017236933267680065,-11.187288284301758,13
5O1R,13,10.40638542175293,13.487868309020996,26.519319534301758,0.0,0.03512652694699837,-14.01990032196045,0
5O1R,14,6.675266265869141,8.752569198608398,20.951541900634766,0.0,0.056620625742305884,-13.406097412109375,3
1PPE,0,10.091043472290039,12.569867134094238,33.991947174072266,0.0,0.024296729442344994,-26.296165466308594,0
1PPE,1,9.718420028686523,11.742040634155273,33.09371566772461,0.0,0.02598145613006672,-20.328855514526367,0
1PPE,2,9.311306953430176,11.274266242980957,31.74809455871582,0.0,0.028093244157924926,-20.972463607788086,0
1PPE,3,5.872740745544434,7.052980422973633,20.072778701782227,0.0,0.0651085876907266,-17.341766357421875,2
1PPE,4,5.689620494842529,8.119155883789062,18.965219497680664,0.0,0.06675934485636532,-20.415626525878906,3
1PPE,5,9.048995018005371,11.161088943481445,31.02601432800293,0.0,0.029185886908167823,-21.797880172729492,0
1PPE,6,12.222223281860352,15.405920028686523,39.79567337036133,0.0,0.017673869964036224,-17.767654418945312,1
1PPE,7,8.920159339904785,11.239322662353516,30.576894760131836,0.0,0.02974454658512682,-18.768930435180664,0
1PPE,8,4.459074020385742,5.598428249359131,14.730596542358398,0.0,0.1055905293743808,-20.657747268676758,0
1PPE,9,12.791020393371582,15.754387855529785,42.04360580444336,0.0,0.016083975182724766,-18.951494216918945,4
1PPE,10,7.824462890625,10.341767311096191,27.300378799438477,0.0,0.03632554492242527,-17.52570915222168,0
1PPE,11,5.960485458374023,8.666241645812988,19.88096046447754,0.0,0.061210583057008466,-16.682331085205078,0
1PPE,12,8.297643661499023,10.24923324584961,28.55832862854004,0.0,0.03411607892870015,-16.799287796020508,0
1PPE,13,10.581165313720703,14.280780792236328,35.605167388916016,0.0,0.02161034208045233,-19.863391876220703,1
1PPE,14,5.7744059562683105,9.050300598144531,18.709054946899414,0.0,0.06594365492383948,-15.2512845993042,0
1SBB,0,22.47406005859375,14.622088432312012,58.52981948852539,0.0,0.010356237501463993,-13.14704418182373,12
1SBB,1,22.82814598083496,12.256863594055176,56.148433685302734,0.0,0.012386594795734533,-14.89212417602539,2
1SBB,2,24.21573257446289,13.087496757507324,54.90066146850586,0.0,0.012125175473581218,-17.409934997558594,1
1SBB,3,18.890249252319336,18.61515235900879,47.68447494506836,0.0,0.012415831939252676,-15.90969467163086,15
1SBB,4,23.910913467407227,14.581449508666992,58.475738525390625,0.0,0.010387888154411627,-13.754051208496094,15
1SBB,5,24.486736297607422,9.763772964477539,56.768184661865234,0.0,0.014995229229300128,-14.07447624206543,7
1SBB,6,24.49962043762207,16.907371520996094,57.64213562011719,0.0,0.009697225283702392,-17.22393035888672,1
1SBB,7,24.950538635253906,10.30277156829834,57.66259002685547,0.0,0.014008124953979448,-16.065256118774414,9
1SBB,8,24.8354549407959,14.919198036193848,56.518924713134766,0.0,0.010708328865123707,-16.394447326660156,7
1SBB,9,23.705867767333984,15.442949295043945,54.2789306640625,0.0,0.011094165612898436,-15.101149559020996,28
1SBB,10,16.490880966186523,12.934523582458496,50.13523864746094,0.0,0.013737140159207606,-15.32944393157959,6
1SBB,11,20.494237899780273,12.045235633850098,53.86430740356445,0.0,0.013189359157109852,-14.833396911621094,5
1SBB,12,18.874013900756836,13.447076797485352,56.00853729248047,0.0,0.011601158587371957,-13.781453132629395,12
1SBB,13,21.958703994750977,8.760499000549316,55.39910888671875,0.0,0.017160760194245325,-14.588166236877441,4
1SBB,14,22.580839157104492,13.181797981262207,57.4955940246582,0.0,0.011390605656534025,-18.811603546142578,2
1FQJ,0,22.517742156982422,17.75308609008789,60.52256774902344,0.0,0.008810399852906485,-17.843883514404297,2
1FQJ,1,11.909215927124023,12.721970558166504,28.164066314697266,0.0,0.032397481376437644,-13.65590763092041,6
1FQJ,2,17.32140350341797,15.721247673034668,36.466163635253906,0.230769,0.0971075856004162,-16.738962173461914,2
1FQJ,3,12.50196647644043,10.361515998840332,32.592376708984375,0.0,0.028070281980680168,-18.474332809448242,0
1FQJ,4,21.881967544555664,19.545848846435547,54.77203369140625,0.0,0.00979070091012661,-10.793732643127441,2
1FQJ,5,13.747979164123535,14.879683494567871,32.04600143432617,0.0,0.0252633288083338,-14.271610260009766,0
1FQJ,6,18.16634750366211,15.647602081298828,40.048362731933594,0.0,0.017403729949706553,-18.146081924438477,0
1FQJ,7,14.379988670349121,12.15600872039795,32.55624008178711,0.0,0.0262714277524931,-19.451839447021484,2
1FQJ,8,17.03664207458496,14.160825729370117,38.7591667175293,0.0,0.018994245750528316,-11.889483451843262,6
1FQJ,9,25.553133010864258,21.37055206298828,59.81095886230469,0.0,0.008233058413690488,-12.635955810546875,10
1FQJ,10,16.51012420654297,14.191006660461426,37.33720016479492,0.0,0.020107442029882686,-14.812727928161621,1
1FQJ,11,9.616223335266113,8.464982032775879,19.861984252929688,0.0,0.06174614051991687,-13.057061195373535,39
1FQJ,12,10.290130615234375,11.668083190917969,26.434680938720703,0.0,0.03665407707762546,-12.59805679321289,2
1FQJ,13,15.217707633972168,13.679033279418945,32.990516662597656,0.0,0.02471091389498085,-13.216866493225098,7
1FQJ,14,14.875472068786621,15.268411636352539,33.97596740722656,0.0,0.022820370238031924,-14.297210693359375,1
1EFN,0,11.105701446533203,9.394725799560547,34.84821701049805,0.0,0.027004182092014457,-22.93832015991211,0
1EFN,1,15.470833778381348,13.34315013885498,45.39540100097656,0.0,0.015450839199671615,-18.783971786499023,0
1EFN,2,16.940488815307617,15.443087577819824,49.55733871459961,0.0,0.012641365163586887,-19.732545852661133,0
1EFN,3,12.603043556213379,11.192968368530273,31.492341995239258,0.0,0.028515189298475806,-21.745311737060547,0
1EFN,4,12.971257209777832,10.37167739868164,34.57643127441406,0.0,0.025825718911310094,-16.525938034057617,0
1EFN,5,11.799941062927246,12.135275840759277,38.88692092895508,0.0,0.020216099057631436,-17.853492736816406,0
1EFN,6,11.499624252319336,10.367314338684082,30.189054489135742,0.0,0.03131904668054245,-21.987058639526367,0
1EFN,7,15.70044994354248,14.523200988769531,49.84648895263672,0.0,0.01293713825596024,-19.783994674682617,0
1EFN,8,14.577323913574219,15.53309154510498,40.94480895996094,0.0,0.01685166134610761,-17.80718421936035,0
1EFN,9,13.981369972229004,11.736923217773438,43.00741958618164,0.0,0.017888017148914154,-20.135705947875977,1
1EFN,10,9.55799674987793,8.729706764221191,30.488271713256836,0.0,0.03359970950603138,-18.539836883544922,0
1EFN,11,16.027734756469727,12.126419067382812,46.92543029785156,0.0,0.015613031645785343,-14.911895751953125,0
1EFN,12,15.43327808380127,14.74845027923584,49.19438934326172,0.0,0.013075657161927932,-18.819726943969727,0
1EFN,13,9.345649719238281,10.583123207092285,15.853523254394531,0.0,0.08099119816186313,-17.692136764526367,0
1EFN,14,2.4832541942596436,2.4328231811523438,6.091205596923828,0.0,0.31204988368212105,-15.001283645629883,0
6B0S,0,7.57252836227417,8.846753120422363,22.43909454345703,0.083333,0.07892125233490865,-18.051013946533203,7
6B0S,1,13.021263122558594,13.97746467590332,41.03671646118164,0.0,0.017508007225849376,-18.402488708496094,6
6B0S,2,13.763347625732422,11.589043617248535,43.216548919677734,0.0,0.017906855645337092,-20.06247901916504,0
6B0S,3,6.166741371154785,9.096769332885742,17.369274139404297,0.0,0.07322738514073972,-17.90654945373535,1
6B0S,4,10.639911651611328,8.970422744750977,33.757591247558594,0.0,0.028940504441603083,-17.60626983642578,16
6B0S,5,5.774669170379639,8.328737258911133,16.794912338256836,0.0,0.07844299663233528,-15.10176944732666,5
6B0S,6,15.489194869995117,15.9998140335083,48.24403762817383,0.0,0.012940050839731883,-17.23458480834961,7
6B0S,7,13.38498592376709,14.652746200561523,42.051937103271484,0.0,0.01654136225663554,-16.96761131286621,10
6B0S,8,13.39939022064209,14.481224060058594,42.307926177978516,0.0,0.016471130905660738,-15.212231636047363,2
6B0S,9,13.748035430908203,10.540692329406738,42.820987701416016,0.0,0.019252598568161566,-20.061290740966797,1
6B0S,10,14.459556579589844,13.954619407653809,45.04188537597656,0.0,0.015270144562386201,-18.78504180908203,4
6B0S,11,7.2412919998168945,9.641098976135254,20.453773498535156,0.0,0.056966950704331054,-18.66438102722168,5
6B0S,12,15.23577880859375,12.972723007202148,47.65998840332031,0.0,0.014673422847490838,-20.144916534423828,2
6B0S,13,9.94080638885498,13.061811447143555,31.3057804107666,0.0,0.027225083043520018,-17.690683364868164,2
6B0S,14,8.714250564575195,9.309860229492188,26.321428298950195,0.0,0.039912916505484106,-19.442882537841797,5
2OUL,0,10.511722564697266,8.932043075561523,31.600677490234375,0.0,0.031632704304433254,-17.283111572265625,2
2OUL,1,13.955596923828125,12.645222663879395,45.64320373535156,0.0,0.015797998254443394,-15.90184497833252,0
2OUL,2,13.456024169921875,12.978865623474121,37.38093948364258,0.0,0.020781499091764254,-12.42054557800293,4
2OUL,3,4.847929954528809,5.0202178955078125,12.152706146240234,0.26087,0.22377691903821342,-19.82505226135254,3
2OUL,4,10.881836891174316,8.624908447265625,40.26739501953125,0.217391,0.09646905299976562,-18.620576858520508,3
2OUL,5,13.445450782775879,12.386800765991211,38.52151870727539,0.0,0.02029364193626394,-15.393985748291016,3
2OUL,6,8.833121299743652,7.056140422821045,32.57667922973633,0.304348,0.13710863081825256,-20.993053436279297,2
2OUL,7,8.939933776855469,7.320047378540039,32.382442474365234,0.173913,0.0928901299745653,-20.791629791259766,2
2OUL,8,7.936703205108643,6.742712020874023,27.97945213317871,0.173913,0.101853958269109,-21.03952407836914,5
2OUL,9,11.62424087524414,9.842089653015137,45.170284271240234,0.130435,0.06244499913722362,-16.22646713256836,4
2OUL,10,16.73417854309082,15.541509628295898,50.37736129760742,0.0,0.01230331328092272,-16.507387161254883,1
2OUL,11,12.203434944152832,11.441727638244629,31.551164627075195,0.0,0.02818791414563634,-22.35556411743164,0
2OUL,12,8.129799842834473,7.5434770584106445,30.08147621154785,0.0,0.037325387565442576,-17.819713592529297,8
2OUL,13,11.68946361541748,11.550934791564941,26.768985748291016,0.0,0.036058455177212234,-19.18050193786621,0
2OUL,14,5.922335624694824,5.025731086730957,18.146081924438477,0.043478,0.10173635995384249,-19.878150939941406,0
1YVB,0,13.987030982971191,10.773354530334473,43.8017578125,0.0,0.018436048300737962,-15.346318244934082,0
1YVB,1,8.18144416809082,5.447740077972412,23.10106086730957,0.230769,0.1401608894573477,-19.206188201904297,6
1YVB,2,5.543521404266357,3.7339651584625244,18.352462768554688,0.076923,0.1308331544859332,-19.942195892333984,1
1YVB,3,6.515555381774902,5.932371616363525,26.3293514251709,0.076923,0.07713297432709243,-20.60413932800293,3
1YVB,4,6.506622791290283,6.550573825836182,25.572189331054688,0.0,0.04977171018860391,-18.500896453857422,5
1YVB,5,15.698472023010254,11.957263946533203,49.080753326416016,0.0,0.014870799677925128,-12.916787147521973,5
1YVB,6,11.266481399536133,8.355607986450195,41.54317092895508,0.076923,0.04944197896025606,-20.650625228881836,3
1YVB,7,9.465182304382324,9.579161643981934,17.05314064025879,0.0,0.07431222461317548,-18.467266082763672,1
1YVB,8,11.814835548400879,10.938841819763184,31.699630737304688,0.0,0.02851124473628644,-22.57978057861328,0
1YVB,9,10.982579231262207,10.067276000976562,29.212268829345703,0.0,0.033258350824788334,-25.12015151977539,0
1YVB,10,10.334044456481934,8.068982124328613,41.439456939697266,0.0,0.02459275319094843,-19.068824768066406,5
1YVB,11,6.907546520233154,6.745630741119385,19.566720962524414,0.307692,0.17118765244536205,-16.318214416503906,14
1YVB,12,70.58702850341797,83.0645523071289,181.4176025390625,0.0,0.0008388034184248464,0.0,0
1YVB,13,6.746875286102295,5.438663959503174,27.009963989257812,0.115385,0.09206206316462977,-19.218416213989258,3
1YVB,14,10.992410659790039,8.069482803344727,39.5811767578125,0.0,0.02582776156487898,-22.46331214904785,0
2B42,0,23.333965301513672,21.168500900268555,62.37861251831055,0.0,0.007741873986199878,-15.59244155883789,2
2B42,1,20.562108993530273,19.279970169067383,65.97417449951172,0.0,0.007448279125811213,-15.828171730041504,1
2B42,2,13.70563793182373,13.158361434936523,41.115665435791016,0.0,0.017938504754949344,-20.02992820739746,1
2B42,3,22.772600173950195,20.316213607788086,61.22257995605469,0.0,0.008111023132801187,-16.557390213012695,4
2B42,4,7.336001396179199,9.272586822509766,22.0949764251709,0.0,0.051472769716690875,-13.14980697631836,1
2B42,5,19.83279037475586,18.401485443115234,63.03848648071289,0.0,0.008152519416951021,-12.72427749633789,7
2B42,6,13.90477180480957,13.788667678833008,25.33357048034668,0.0,0.037626866680409175,-15.715067863464355,0
2B42,7,20.088661193847656,18.144668579101562,63.89134979248047,0.0,0.008059716731183207,-16.14226722717285,0
2B42,8,20.974246978759766,17.578218460083008,62.84361267089844,0.0,0.008398227477940397,-16.082172393798828,3
2B42,9,19.25636863708496,16.541738510131836,50.06500244140625,0.0,0.012057715952595817,-12.022721290588379,11
2B42,10,22.45318031311035,20.353199005126953,66.13809967041016,0.0,0.0072169557178713714,-16.25237274169922,1
2B42,11,20.079261779785156,18.971261978149414,63.835731506347656,0.0,0.007877974896238375,-13.507200241088867,8
2B42,12,20.123754501342773,18.267391204833984,62.99306869506836,0.0,0.00819315647182337,-12.682259559631348,8
2B42,13,13.606937408447266,13.363626480102539,24.67391586303711,0.0,0.03950934571512928,-14.38466739654541,2
2B42,14,23.56474494934082,20.682884216308594,62.34090805053711,0.0,0.007827798490338333,-17.088525772094727,2
1MQ8,0,13.300944328308105,11.456493377685547,60.37534713745117,0.0,0.012096410963014873,-16.96056365966797,0
1MQ8,1,14.606263160705566,12.865986824035645,22.520353317260742,0.0,0.04603486061257429,-18.057937622070312,4
1MQ8,2,8.670435905456543,6.974663734436035,25.024606704711914,0.0,0.04921553667049997,-15.50606632232666,5
1MQ8,3,10.895768165588379,9.371962547302246,23.191072463989258,0.0,0.04780155842163126,-19.551074981689453,1
1MQ8,4,13.531908988952637,11.505075454711914,59.661407470703125,0.0,0.01220273181676453,-17.53667449951172,0
1MQ8,5,17.499526977539062,13.716696739196777,59.6217041015625,0.0,0.010579140875966184,-16.006784439086914,0
1MQ8,6,26.177845001220703,31.49121856689453,64.97752380371094,0.0,0.006362739494548961,-19.124414443969727,0
1MQ8,7,13.339409828186035,9.781023025512695,23.033851623535156,0.0,0.04761133066848442,-21.038175582885742,0
1MQ8,8,14.022744178771973,12.008368492126465,60.11786651611328,0.0,0.011654178144493016,-18.9003963470459,2
1MQ8,9,21.340641021728516,21.275962829589844,56.12957000732422,0.0,0.00912150139617361,-15.751280784606934,3
1MQ8,10,13.723281860351562,8.803552627563477,21.785234451293945,0.0,0.05344448452841255,-17.49016761779785,0
1MQ8,11,10.859662055969238,7.497619152069092,38.78593826293945,0.0,0.028103839902418177,-15.534113883972168,5
1MQ8,12,15.550031661987305,14.565824508666992,25.98307991027832,0.0,0.035722009543143744,-14.493755340576172,1
1MQ8,13,11.69128131866455,9.026400566101074,53.258094787597656,0.0,0.017237631377035146,-13.255317687988281,2
1MQ8,14,16.1391544342041,13.341959953308105,59.585994720458984,0.0,0.010808526734244017,-17.20566177368164,0
2B4J,0,6.249220371246338,5.677170753479004,18.677932739257812,0.0,0.07894099342271137,-17.99112892150879,1
2B4J,1,10.519190788269043,11.183059692382812,32.797489166259766,0.0,0.02687097234038303,-16.607532501220703,2
2B4J,2,18.881128311157227,16.062728881835938,58.6734733581543,0.0,0.009733646397093456,-17.243267059326172,2
2B4J,3,7.3979644775390625,8.28211784362793,15.597813606262207,0.0,0.08691047157404624,-20.855628967285156,1
2B4J,4,17.387737274169922,13.049159049987793,56.4648551940918,0.0,0.011733381176763267,-17.901004791259766,3
2B4J,5,7.535944938659668,7.902712821960449,23.127777099609375,0.0,0.051258035928779096,-18.13504409790039,3
2B4J,6,15.346943855285645,11.071194648742676,48.56782531738281,0.0,0.015915006432550578,-15.29591178894043,3
2B4J,7,17.437175750732422,12.54701042175293,55.83878707885742,0.0,0.012246081500012732,-17.630565643310547,4
2B4J,8,22.731483459472656,17.16838836669922,69.70519256591797,0.0,0.007409225790597658,-22.984861373901367,0
2B4J,9,23.834623336791992,17.062549591064453,68.99271392822266,0.0,0.007540287555787717,-21.37242317199707,1
2B4J,10,17.443790435791016,13.991700172424316,55.8950309753418,0.0,0.011321812417658445,-17.383068084716797,7
2B4J,11,17.156269073486328,12.684579849243164,55.404537200927734,0.0,0.01226221914210219,-17.631244659423828,4
2B4J,12,23.719070434570312,17.350862503051758,70.05317687988281,0.0,0.00730908379304832,-22.383142471313477,2
2B4J,13,7.057966232299805,8.063333511352539,17.318727493286133,0.0,0.07585692608274923,-19.974437713623047,7
2B4J,14,17.593103408813477,13.537248611450195,56.949092864990234,0.0,0.01130694494700756,-16.395212173461914,1
3D5S,0,17.628969192504883,20.513818740844727,50.90106964111328,0.0,0.010815881402818627,-15.289697647094727,0
3D5S,1,14.929977416992188,16.179521560668945,40.41158676147461,0.0,0.01696287292666013,-15.318398475646973,29
3D5S,2,16.61918067932129,19.02327537536621,47.50433349609375,0.0,0.012400700297168547,-18.38975715637207,0
3D5S,3,17.766382217407227,19.7099552154541,49.79739761352539,0.0,0.011356401488592715,-19.251951217651367,1
3D5S,4,16.929574966430664,19.410322189331055,48.93783187866211,0.0,0.011740392142312648,-18.331403732299805,0
3D5S,5,15.37808609008789,14.27999210357666,46.05364227294922,0.0,0.014618777805538377,-19.79184913635254,0
3D5S,6,17.446575164794922,21.14702796936035,49.748443603515625,0.0,0.011123701554769065,-15.808212280273438,2
3D5S,7,17.12437629699707,19.06858253479004,48.65728759765625,0.0,0.01192106173796751,-19.66587257385254,0
3D5S,8,16.908533096313477,20.29967498779297,49.00236511230469,0.0,0.011546777648049402,-15.06167221069336,4
3D5S,9,16.468103408813477,20.55475616455078,48.559288024902344,0.0,0.01167555194009228,-17.822818756103516,1
3D5S,10,17.605388641357422,18.8239803314209,51.70411682128906,0.0,0.010874962583118883,-17.945079803466797,0
3D5S,11,15.584745407104492,20.33157730102539,46.195560455322266,0.0,0.012720330789271464,-20.575876235961914,0
3D5S,12,17.664710998535156,20.360837936401367,49.99705123901367,0.0,0.011163188222552052,-21.726991653442383,0
3D5S,13,17.44724464416504,21.22933006286621,49.525856018066406,0.0,0.011193594319919403,-16.516515731811523,3
3D5S,14,18.03791046142578,21.45751953125,51.06318283081055,0.0,0.010608336771370503,-16.25813865661621,2
1JIW,0,12.689825057983398,13.55905532836914,32.93132781982422,0.0,0.02485045836035163,-16.616199493408203,0
1JIW,1,18.064964294433594,22.761760711669922,54.891929626464844,0.0,0.009246988688050519,-3.4697210788726807,0
1JIW,2,9.59935474395752,11.234604835510254,28.625192642211914,0.0,0.032847905431472424,-20.006315231323242,0
1JIW,3,16.743392944335938,16.89861297607422,49.118995666503906,0.0,0.012297629441234185,-15.306845664978027,0
1JIW,4,9.708252906799316,13.36014175415039,23.728620529174805,0.0,0.042058282226961514,-20.792640686035156,0
1JIW,5,7.290985584259033,7.505700588226318,23.60401725769043,0.0,0.051065771005524084,-21.901281356811523,0
1JIW,6,15.909043312072754,15.610710144042969,46.550445556640625,0.0,0.013804829506835072,-15.322357177734375,0
1JIW,7,17.621044158935547,16.970436096191406,53.682682037353516,0.0,0.010736583024514072,-17.94670867919922,0
1JIW,8,8.263273239135742,8.162497520446777,25.952743530273438,0.0,0.04318124324168615,-21.842100143432617,0
1JIW,9,9.731424331665039,11.248455047607422,29.298748016357422,0.0,0.03170149589493341,-19.925092697143555,0
1JIW,10,15.08926773071289,17.509449005126953,46.34994125366211,0.0,0.013274092283520998,-14.601301193237305,0
1JIW,11,12.39721393585205,15.301403999328613,33.9128532409668,0.0,0.022875599468423723,-15.744307518005371,3
1JIW,12,8.219498634338379,8.30510425567627,25.387718200683594,0.0,0.044129091993481855,-21.19207000732422,0
1JIW,13,10.051323890686035,11.709606170654297,30.102828979492188,0.0,0.029995811924593187,-19.281496047973633,0
1JIW,14,10.210368156433105,12.815996170043945,29.709861755371094,0.0,0.02972461839481551,-20.19352149963379,0
1OFU,0,20.47505760192871,12.522053718566895,61.296443939208984,0.0,0.011004334995133105,-13.237801551818848,21
1OFU,1,21.249605178833008,18.35128402709961,47.82180404663086,0.0,0.012420632421831397,-16.055540084838867,10
1OFU,2,28.78916358947754,25.24761962890625,90.72623443603516,0.0,0.004072822199144188,-18.79295539855957,0
1OFU,3,26.778959274291992,20.593610763549805,91.74413299560547,0.0,0.004596057184198813,-18.509029388427734,0
1OFU,4,19.551565170288086,19.312397003173828,39.73136901855469,0.0,0.016587440591962505,-15.44032096862793,2
1OFU,5,30.477327346801758,30.026884078979492,87.78314971923828,0.0,0.003926058870521371,-15.293608665466309,2
1OFU,6,21.86203384399414,18.246967315673828,49.03635787963867,0.0,0.01196096957971901,-15.709687232971191,1
1OFU,7,18.620033264160156,13.600543975830078,67.15470886230469,0.0,0.009261948487040714,-14.080940246582031,11
1OFU,8,21.774457931518555,21.87770652770996,56.352725982666016,0.0,0.008974721505472958,-15.558982849121094,5
1OFU,9,25.88067626953125,21.41347312927246,94.24118041992188,0.0,0.004317428938930848,-16.09996223449707,11
1OFU,10,29.00629234313965,31.5439453125,74.56916809082031,0.0,0.0050275972333554955,-17.783903121948242,3
1OFU,11,32.985591888427734,33.25082778930664,88.1513900756836,0.0,0.0037476872423998684,-14.735291481018066,2
1OFU,12,20.350265502929688,16.322668075561523,44.23948669433594,0.0,0.014658752752060458,-13.499338150024414,9
1OFU,13,21.343669891357422,17.480680465698242,47.797279357910156,0.0,0.012654984063378923,-12.4365234375,7
1OFU,14,22.23689079284668,16.26846694946289,54.739891052246094,0.0,0.01065794693256815,-15.399442672729492,6
2I9B,0,26.931636810302734,24.599679946899414,59.70391845703125,0.0,0.007856890503055417,-20.012834548950195,5
2I9B,1,16.415828704833984,18.634357452392578,33.96080780029297,0.0,0.02179644491025595,-17.768705368041992,3
2I9B,2,15.053853034973145,16.420867919921875,29.50002670288086,0.0,0.02831098435107064,-16.934654235839844,4
2I9B,3,17.942777633666992,19.97791290283203,40.69420623779297,0.0,0.015803563585637736,-16.98051643371582,4
2I9B,4,27.626420974731445,26.635812759399414,63.415428161621094,0.0,0.006936718248034764,-17.875869750976562,0
2I9B,5,21.42781639099121,23.85359764099121,55.472721099853516,0.0,0.008959706281017879,-19.062545776367188,0
2I9B,6,14.617734909057617,16.688447952270508,27.389631271362305,0.0,0.031954091851162277,-20.599388122558594,2
2I9B,7,16.385522842407227,18.29070472717285,33.888126373291016,0.0,0.02195668438513995,-17.47340965270996,0
2I9B,8,17.037975311279297,11.436507225036621,36.28483963012695,0.0,0.022977861158399792,-15.890332221984863,38
2I9B,9,14.430537223815918,14.53778076171875,28.71541976928711,0.0,0.030365268354975234,-16.37639617919922,6
2I9B,10,25.900188446044922,25.471458435058594,60.877201080322266,0.0,0.007526140277169808,-15.099130630493164,5
2I9B,11,14.004335403442383,15.003055572509766,27.6246395111084,0.0,0.032128515325509754,-19.527246475219727,1
2I9B,12,18.1766414642334,22.302885055541992,42.36166763305664,0.0,0.014402129157097933,-16.723684310913086,2
2I9B,13,15.697775840759277,21.143354415893555,40.210086822509766,0.0,0.01592737214122668,-14.573378562927246,4
2I9B,14,18.4359130859375,22.826387405395508,44.19474411010742,0.0,0.013323735030906178,-17.603229522705078,3
3H11,0,8.096797943115234,7.624074459075928,17.132680892944336,0.269231,0.16800697390717453,-10.692717552185059,17
3H11,1,11.708993911743164,12.4730863571167,20.74782371520996,0.0,0.05265786115367523,-12.176258087158203,41
3H11,2,7.217312335968018,7.210172653198242,14.395557403564453,0.192308,0.16410226895404376,-11.32335090637207,31
3H11,3,10.305428504943848,11.47581958770752,19.206239700317383,0.0,0.06019402041519178,-12.189630508422852,39
3H11,4,7.871922969818115,8.341243743896484,13.675329208374023,0.115385,0.14179445066823498,-11.994295120239258,34
3H11,5,7.6914963722229,8.50167465209961,14.237130165100098,0.038462,0.11047693221358905,-12.776153564453125,51
3H11,6,9.197941780090332,8.765108108520508,20.708248138427734,0.0,0.05754711526271957,-14.083999633789062,62
3H11,7,7.377529144287109,5.851358890533447,15.752691268920898,0.076923,0.12136257329635619,-10.745344161987305,24
3H11,8,8.608491897583008,8.791691780090332,16.106008529663086,0.230769,0.15896770800407875,-12.926595687866211,39
3H11,9,8.442219734191895,8.716805458068848,15.518572807312012,0.230769,0.16343463803640482,-13.311208724975586,37
3H11,10,6.3598313331604,5.823436260223389,16.193937301635742,0.153846,0.14402115163940263,-9.608423233032227,25
3H11,11,8.503267288208008,8.331707000732422,16.567106246948242,0.230769,0.15684868380497205,-13.63140869140625,47
3H11,12,8.507065773010254,8.83519458770752,15.492376327514648,0.115385,0.1249253811274339,-13.270550727844238,44
3H11,13,7.775107383728027,8.26208209991455,14.337947845458984,0.153846,0.14860320528957346,-12.747977256774902,43
3H11,14,8.282739639282227,8.4769287109375,15.049991607666016,0.230769,0.16765638276029782,-12.296455383300781,33
1FCC,0,11.723609924316406,13.951573371887207,38.87416458129883,0.0,0.019018508943070847,-22.6731014251709,2
1FCC,1,18.657514572143555,22.904586791992188,60.43184280395508,0.0,0.00789011394467557,-18.44943618774414,0
1FCC,2,21.891067504882812,23.759639739990234,68.7204360961914,0.0,0.006346143584714522,-16.926231384277344,2
1FCC,3,24.481761932373047,29.20915985107422,77.84844970703125,0.0,0.004803837197960188,-23.011438369750977,0
1FCC,4,13.448609352111816,19.090787887573242,44.300697326660156,0.0,0.013880937652978426,-21.24917221069336,0
1FCC,5,22.173629760742188,26.27179527282715,69.51720428466797,0.0,0.005993163637640744,-21.566137313842773,0
1FCC,6,17.264543533325195,20.910188674926758,54.33674240112305,0.0,0.00966867807176266,-19.677417755126953,0
1FCC,7,19.26991081237793,23.16775894165039,62.19926452636719,0.0,0.007502450901806848,-17.238862991333008,0
1FCC,8,12.55045223236084,16.860490798950195,41.041847229003906,0.0,0.016327110333185256,-24.49800682067871,0
1FCC,9,11.739982604980469,14.187701225280762,38.90628433227539,0.0,0.018870204072710884,-21.2932071685791,1
1FCC,10,13.595100402832031,17.5905704498291,44.529972076416016,0.0,0.014124751565455465,-23.367284774780273,2
1FCC,11,17.695436477661133,21.39845085144043,55.3436393737793,0.0,0.00931159693362308,-20.34215545654297,0
1FCC,12,10.901376724243164,15.880996704101562,36.45769500732422,0.0,0.020132493642087915,-20.817474365234375,0
1FCC,13,18.700664520263672,20.709379196166992,59.43422317504883,0.0,0.008420756132441181,-18.405153274536133,0
1FCC,14,19.250167846679688,23.570575714111328,62.35146713256836,0.0,0.007426233067227328,-18.713241577148438,0
3RJQ,0,16.83814811706543,11.528241157531738,32.74365234375,0.0,0.026593941436277146,-14.278573989868164,5
3RJQ,1,18.50817108154297,15.249588012695312,43.73585510253906,0.0,0.015326411828327014,-13.137035369873047,11
3RJQ,2,13.234663009643555,11.19295883178711,36.78886032104492,0.0,0.02277350126055616,-12.830899238586426,4
3RJQ,3,17.71788215637207,15.616364479064941,25.68002700805664,0.0,0.03596088146142422,-14.614912986755371,16
3RJQ,4,19.233640670776367,14.754007339477539,35.105403900146484,0.0,0.021869927240279547,-16.644908905029297,10
3RJQ,5,12.305590629577637,13.397233009338379,30.165287017822266,0.0,0.028646790495817673,-17.056224822998047,0
3RJQ,6,16.82877540588379,13.739508628845215,33.627769470214844,0.0,0.02394432289042749,-17.224336624145508,7
3RJQ,7,22.772695541381836,16.72383689880371,40.85891342163086,0.0,0.01648765155359139,-11.774989128112793,11
3RJQ,8,6.634514808654785,8.705607414245605,18.544416427612305,0.0,0.06748315506505918,-14.390312194824219,2
3RJQ,9,13.141127586364746,9.704832077026367,32.58083724975586,0.0,0.02901934394420937,-14.173568725585938,9
3RJQ,10,21.569591522216797,16.83475685119629,32.888092041015625,0.0,0.02349717920713121,-13.312114715576172,7
3RJQ,11,16.32659912109375,12.938467979431152,31.204038619995117,0.0,0.027446258884485663,-14.81100082397461,19
3RJQ,12,16.966381072998047,14.524478912353516,41.307430267333984,0.0,0.017058614836199068,-14.207169532775879,6
3RJQ,13,15.88564682006836,14.380653381347656,31.353351593017578,0.0,0.026409293390283726,-14.414005279541016,5
3RJQ,14,13.431381225585938,12.97208309173584,22.0892333984375,0.0,0.04738999231902908,-18.584043502807617,7
4FP8,0,34.322784423828125,25.892192840576172,70.37499237060547,0.0,0.005907792069002596,-14.587700843811035,47
4FP8,1,18.309736251831055,12.719956398010254,33.47005844116211,0.0,0.024767607626622376,-14.348386764526367,5
4FP8,2,20.077880859375,15.539519309997559,34.68395233154297,0.0,0.021962750926162514,-14.405004501342773,15
4FP8,3,29.682973861694336,17.828004837036133,68.40609741210938,0.0,0.0074115284859400145,-16.81722068786621,2
4FP8,4,22.202531814575195,14.136603355407715,40.911102294921875,0.0,0.017504835615459218,-14.322686195373535,1
4FP8,5,15.540074348449707,16.397335052490234,30.331262588500977,0.0,0.027038068147499986,-14.67002010345459,0
4FP8,6,16.181257247924805,17.328258514404297,28.30105972290039,0.0,0.03005973410430311,-18.36358070373535,0
4FP8,7,15.830947875976562,16.388626098632812,29.090667724609375,0.0,0.028988995487125194,-18.628185272216797,0
4FP8,8,23.15306282043457,14.742024421691895,43.85495376586914,0.0,0.015484433231571467,-15.334661483764648,3
4FP8,9,30.985506057739258,18.069944381713867,66.95306396484375,0.0,0.0075684833471551215,-15.016775131225586,21
4FP8,10,31.53460121154785,20.22700309753418,72.83858489990234,0.0,0.006301487251202131,-19.315126419067383,4
4FP8,11,14.317086219787598,16.04232406616211,25.60479164123535,0.0,0.03597706756578287,-16.59847640991211,0
4FP8,12,27.76155662536621,17.838809967041016,68.30448150634766,0.0,0.0074235723368841905,-15.991982460021973,2
4FP8,13,13.034489631652832,14.760849952697754,22.852596282958984,0.0,0.04391787126442257,-18.143150329589844,0
4FP8,14,28.20838165283203,20.165847778320312,65.4708251953125,0.0,0.007359512532641585,-14.360031127929688,1
2GTP,0,19.323692321777344,14.671161651611328,55.38554763793945,0.0,0.01111870532103478,-16.824771881103516,0
2GTP,1,8.242472648620605,6.266648292541504,17.548063278198242,0.461538,0.23525563310051315,-12.52054500579834,10
2GTP,2,12.082475662231445,9.455042839050293,31.99127197265625,0.0,0.030163530894481594,-15.23812198638916,0
2GTP,3,14.455638885498047,11.442452430725098,30.104612350463867,0.230769,0.10716604240692795,-14.48354721069336,0
2GTP,4,10.250625610351562,8.981283187866211,29.19646644592285,0.0,0.03509052061956086,-15.052504539489746,0
2GTP,5,14.35204029083252,11.184357643127441,30.927583694458008,0.0,0.02929968703079335,-13.593452453613281,4
2GTP,6,19.32896614074707,14.440886497497559,54.69591522216797,0.0,0.011418426874736867,-16.2657413482666,0
2GTP,7,12.79556941986084,12.04282283782959,30.528587341308594,0.0,0.029073895782332923,-13.881771087646484,15
2GTP,8,11.004057884216309,10.030900955200195,23.110288619995117,0.0,0.04701031619995083,-12.48104190826416,1
2GTP,9,18.01557731628418,14.704290390014648,38.35882568359375,0.0,0.01903458144316347,-15.45126724243164,0
2GTP,10,9.442499160766602,8.057899475097656,26.023706436157227,0.0,0.043297328386261554,-15.96267318725586,0
2GTP,11,15.488240242004395,13.598965644836426,32.24718475341797,0.0,0.025661922613077117,-12.565346717834473,77
2GTP,12,10.263809204101562,8.381277084350586,27.733762741088867,0.0,0.03896796168830979,-16.4973201751709,0
2GTP,13,10.8460054397583,9.024261474609375,29.183706283569336,0.0,0.03502787628988247,-17.813600540161133,0
2GTP,14,24.707191467285156,16.338125228881836,59.321990966796875,0.0,0.009492125070478643,-18.196212768554688,1
1ZM4,0,12.61660385131836,9.150001525878906,31.707067489624023,0.0,0.03107301043363871,-15.97519302368164,6
1ZM4,1,26.87546730041504,26.781259536743164,75.89444732666016,0.0,0.005171772606389439,-12.352558135986328,25
1ZM4,2,28.332746505737305,21.214488983154297,78.32763671875,0.0,0.005537909788508727,-12.849864959716797,11
1ZM4,3,27.06670570373535,17.640478134155273,74.54761505126953,0.0,0.006670814797981911,-13.526050567626953,9
1ZM4,4,26.45267105102539,30.585813522338867,75.15254211425781,0.0,0.0050100527318957385,-13.395469665527344,7
1ZM4,5,32.11276626586914,24.686872482299805,90.64077758789062,0.0,0.004131915308494968,-14.683598518371582,11
1ZM4,6,13.853649139404297,9.74616527557373,40.09626388549805,0.111111,0.059085710378222085,-15.451339721679688,0
1ZM4,7,24.477752685546875,28.139970779418945,67.64718627929688,0.0,0.00612545927472122,-11.993736267089844,18
1ZM4,8,20.642169952392578,18.371158599853516,61.818450927734375,0.0,0.00839260154972908,-15.139373779296875,6
1ZM4,9,27.830955505371094,25.071565628051758,79.39643859863281,0.0,0.0049660623739698475,-14.059557914733887,4
1ZM4,10,27.203277587890625,31.68628692626953,77.58778381347656,0.0,0.004698524170266637,-11.996395111083984,21
1ZM4,11,28.777843475341797,23.841896057128906,82.1077651977539,0.0,0.004848631437619529,-14.547240257263184,15
1ZM4,12,34.94884490966797,28.1115779876709,96.51172637939453,0.0,0.0035120289247022843,-14.385564804077148,19
1ZM4,13,28.89849090576172,26.834314346313477,82.83070373535156,0.0,0.004511942755209925,-13.89285945892334,21
1ZM4,14,37.08344650268555,36.6865234375,102.80613708496094,0.0,0.002819501141962671,-14.685625076293945,10
1FQ1,0,6.713069915771484,5.975170135498047,15.437049865722656,0.333333,0.2084224175574356,-13.565081596374512,9
1FQ1,1,3.855891704559326,3.531899929046631,9.682199478149414,0.833333,0.47379851787575356,-16.597253799438477,6
1FQ1,2,2.0522749423980713,2.2105205059051514,6.374213218688965,0.916667,0.6240029498440045,-16.849178314208984,4
1FQ1,3,10.994550704956055,9.817214965820312,40.417083740234375,0.0,0.02172292880683444,-12.93132495880127,14
1FQ1,4,10.464739799499512,8.902795791625977,22.453170776367188,0.25,0.1343173823427444,-20.73555564880371,2
1FQ1,5,18.942819595336914,16.463056564331055,33.906070709228516,0.0,0.022454614804085435,-11.509307861328125,15
1FQ1,6,13.283730506896973,11.987632751464844,27.683042526245117,0.0,0.033857098785676575,-15.29228687286377,5
1FQ1,7,3.8991754055023193,3.8829092979431152,9.269826889038086,0.5,0.36220475729486595,-15.334369659423828,4
1FQ1,8,2.0650720596313477,1.9445356130599976,9.030681610107422,0.833333,0.5587160173553787,-17.495790481567383,1
1FQ1,9,4.508349895477295,4.813887596130371,10.870255470275879,0.333333,0.26709107174592994,-15.200199127197266,2
1FQ1,10,10.804986000061035,9.026324272155762,21.855073928833008,0.166667,0.10830991395679324,-18.13605308532715,3
1FQ1,11,2.701979160308838,2.9319651126861572,8.9462890625,0.666667,0.44951490437286806,-16.658203125,2
1FQ1,12,19.82062530517578,16.771284103393555,57.62583541870117,0.0,0.009743234463648059,-12.228525161743164,18
1FQ1,13,17.297019958496094,15.727699279785156,57.15706253051758,0.0,0.010217030974025676,-10.648052215576172,25
1FQ1,14,10.899742126464844,9.48143482208252,22.946163177490234,0.166667,0.10391569448166421,-19.54061508178711,3
1RKE,0,27.514909744262695,27.529165267944336,66.6712875366211,0.0,0.0063180491236664756,-17.143091201782227,0
1RKE,1,25.522361755371094,25.38580322265625,68.02057647705078,0.0,0.00628490444362435,-16.718212127685547,0
1RKE,2,25.321670532226562,26.462230682373047,66.33668518066406,0.0,0.006452006746861941,-17.52214241027832,0
1RKE,3,16.172664642333984,13.302417755126953,28.46172523498535,0.0,0.031480636566946,-17.437448501586914,0
1RKE,4,26.356746673583984,24.758377075195312,72.11505889892578,0.0,0.005786500025287093,-16.746652603149414,0
1RKE,5,26.583295822143555,24.610027313232422,69.91047668457031,0.0,0.006089528780349817,-17.971132278442383,0
1RKE,6,26.257953643798828,24.610143661499023,70.90850830078125,0.0,0.005955712369298258,-17.381061553955078,0
1RKE,7,13.015130996704102,11.731987953186035,51.277347564697266,0.0,0.01427578934002133,-19.725725173950195,0
1RKE,8,28.773408889770508,28.047489166259766,68.29839324951172,0.0,0.006034851892283623,-18.12212371826172,0
1RKE,9,17.269718170166016,14.502050399780273,29.121980667114258,0.0,0.02969629675420336,-16.4394474029541,0
1RKE,10,77.483642578125,94.34150695800781,202.7091522216797,0.0,0.000669314132162036,0.0,0
1RKE,11,4.465120792388916,3.349313735961914,12.107868194580078,0.0,0.16573265322099914,-18.98782730102539,0
1RKE,12,28.2573299407959,26.465152740478516,71.73819732666016,0.0,0.0056822675400108194,-18.364479064941406,0
1RKE,13,26.260412216186523,28.3792781829834,67.93963623046875,0.0,0.00606582052581749,-19.658565521240234,0
1RKE,14,22.050086975097656,22.86610984802246,73.54914855957031,0.0,0.005821659042618069,-18.070512771606445,0
4M76,0,19.38511848449707,15.995960235595703,73.82424926757812,0.0,0.007266746360770925,-11.926921844482422,2
4M76,1,22.870044708251953,16.946853637695312,74.98445129394531,0.0,0.006820074917994613,-16.58493995666504,0
4M76,2,23.10456085205078,17.25953483581543,69.91487121582031,0.0,0.007353999737690644,-14.42741870880127,2
4M76,3,23.57716178894043,21.892793655395508,73.34003448486328,0.0,0.00597562967073884,-14.85777759552002,0
4M76,4,22.413511276245117,20.959514617919922,70.40321350097656,0.0,0.0064875791284751795,-13.686345100402832,0
4M76,5,22.25213050842285,17.12392807006836,54.820743560791016,0.0,0.010363705683814967,-11.150150299072266,62
4M76,6,22.10857391357422,20.75834846496582,69.29436492919922,0.0,0.00667269175979119,-13.578319549560547,0
4M76,7,20.437259674072266,16.833898544311523,74.09739685058594,0.0,0.006955225729219233,-12.711533546447754,1
4M76,8,19.663570404052734,17.370285034179688,75.08842468261719,0.0,0.006684654990751072,-12.822845458984375,3
4M76,9,18.83160972595215,16.479534149169922,65.72999572753906,0.0,0.008221578157767334,-13.301595687866211,7
4M76,10,22.839628219604492,20.165374755859375,71.97203063964844,0.0,0.006419583498624128,-11.913484573364258,0
4M76,11,19.943675994873047,16.42131805419922,72.91618347167969,0.0,0.007227232372726673,-12.693859100341797,2
4M76,12,20.42915916442871,15.46861457824707,74.63536834716797,0.0,0.007373289825771061,-13.253791809082031,3
4M76,13,23.694168090820312,19.127614974975586,70.70853424072266,0.0,0.006785744229410532,-15.393509864807129,1
4M76,14,22.2430362701416,14.647357940673828,71.29743194580078,0.0,0.008130807543313046,-12.982453346252441,3
2UUY,0,9.359551429748535,7.580542087554932,30.013973236083984,0.0,0.037309112546774305,-17.127363204956055,0
2UUY,1,13.345807075500488,10.615568161010742,41.17578887939453,0.0,0.020149267883463676,-16.494632720947266,0
2UUY,2,12.814081192016602,10.320137977600098,39.7298469543457,0.0,0.02148589401788577,-18.8996524810791,0
2UUY,3,8.651529312133789,6.185657978057861,23.369632720947266,0.0,0.05745810129484368,-18.47585678100586,0
2UUY,4,14.003775596618652,10.7843656539917,42.975643157958984,0.0,0.018875228552590214,-18.104772567749023,0
2UUY,5,12.047113418579102,9.659110069274902,37.06861877441406,0.0,0.02450073616342048,-18.36820411682129,0
2UUY,6,9.35879898071289,9.979535102844238,25.74729347229004,0.0,0.040123136221809776,-17.382625579833984,0
2UUY,7,12.071346282958984,6.9297590255737305,34.31364059448242,0.181818,0.0947966349814348,-15.319035530090332,27
2UUY,8,7.107736587524414,4.5363688468933105,20.097532272338867,0.0,0.08343161660853131,-18.694801330566406,0
2UUY,9,11.125718116760254,9.308077812194824,35.9390869140625,0.0,0.026095476862894342,-17.153575897216797,0
2UUY,10,12.711812019348145,10.03041934967041,39.81071472167969,0.0,0.021824557539185305,-18.358901977539062,0
2UUY,11,7.576618194580078,7.08823299407959,17.985422134399414,0.0,0.0751463049057229,-21.831361770629883,0
2UUY,12,9.348689079284668,7.59199857711792,26.17540740966797,0.0,0.04432057945803875,-17.482240676879883,1
2UUY,13,19.964290618896484,15.69139575958252,62.21910095214844,0.0,0.00912562216853672,-16.064664840698242,0
2UUY,14,9.623285293579102,7.331886291503906,28.63463592529297,0.0,0.04038472029938996,-16.8068904876709,0
3HMX,0,36.688941955566406,13.442648887634277,106.45004272460938,0.0,0.00621123071037208,-14.146027565002441,68
3HMX,1,36.286197662353516,10.703409194946289,99.0478515625,0.0,0.008857431754516514,-12.921055793762207,60
3HMX,2,32.454681396484375,17.751462936401367,56.559059143066406,0.0,0.00972549713458679,-16.096721649169922,9
3HMX,3,31.55040740966797,23.63504981994629,56.14255905151367,0.0,0.008806686403480314,-17.996809005737305,9
3HMX,4,31.481721878051758,22.393556594848633,56.13930130004883,0.0,0.008959233446375758,-16.922534942626953,11
3HMX,5,37.49677276611328,19.364850997924805,102.9127426147461,0.0,0.004246614020981292,-14.81461238861084,17
3HMX,6,31.262155532836914,18.9822998046875,57.46700668334961,0.0,0.00920494442508838,-14.322600364685059,12
3HMX,7,39.45498275756836,21.54371452331543,72.9954605102539,0.0,0.0060675166497869875,-14.585495948791504,100
3HMX,8,34.372894287109375,32.01899719238281,87.67810821533203,0.0,0.0038335930915399303,-14.979240417480469,22
3HMX,9,40.793182373046875,14.545397758483887,94.91224670410156,0.0,0.0061598250050388164,-15.339747428894043,12
3HMX,10,38.311737060546875,12.345643997192383,95.40980529785156,0.0,0.0074739986074495455,-13.517792701721191,33
3HMX,11,35.76688766479492,30.834383010864258,91.31990051269531,0.0,0.0036500993258920793,-15.577903747558594,3
3HMX,12,31.423986434936523,24.205068588256836,57.26710510253906,0.0,0.008460472167544706,-19.04265785217285,4
3HMX,13,32.29825973510742,24.16254234313965,55.91030502319336,0.0,0.008809940862820543,-16.14389419555664,9
3HMX,14,28.087181091308594,18.000337600708008,56.23090744018555,0.0,0.009745303286532735,-14.120410919189453,7
1IJK,0,18.53435516357422,17.027690887451172,58.14728546142578,0.0,0.00954069395154764,-12.635123252868652,3
1IJK,1,14.37644100189209,13.96683406829834,48.073448181152344,0.0,0.013905894440906057,-16.24039649963379,0
1IJK,2,15.393176078796387,12.556316375732422,51.1231803894043,0.0,0.013656920170140965,-14.541522979736328,5
1IJK,3,16.45851707458496,13.696233749389648,46.880271911621094,0.0,0.014560113223907573,-14.396254539489746,4
1IJK,4,19.169084548950195,16.950302124023438,56.81944274902344,0.0,0.009886546347463826,-15.957049369812012,6
1IJK,5,18.428977966308594,16.297550201416016,56.21416091918945,0.0,0.010250845197143137,-16.731508255004883,2
1IJK,6,19.74721908569336,19.097658157348633,66.3501968383789,0.0,0.007425993966680154,-13.416866302490234,5
1IJK,7,17.366981506347656,15.706605911254883,43.576515197753906,0.0,0.015230515213074081,-16.169147491455078,1
1IJK,8,20.165939331054688,18.483230590820312,66.71736907958984,0.0,0.0075050932567476865,-13.389846801757812,5
1IJK,9,19.534343719482422,20.477645874023438,64.9893798828125,0.0,0.007385165348271418,-14.857962608337402,2
1IJK,10,13.925719261169434,10.720137596130371,22.344221115112305,0.0,0.04854039957775109,-12.91664981842041,0
1IJK,11,16.104211807250977,11.44143009185791,25.755521774291992,0.0,0.0383723290728672,-18.439699172973633,0
1IJK,12,15.323229789733887,11.724440574645996,24.311132431030273,0.0,0.04167755502120928,-18.60686683654785,0
1IJK,13,11.767375946044922,8.886650085449219,21.791259765625,0.0,0.053253148744773576,-13.820711135864258,6
1IJK,14,11.948285102844238,8.917598724365234,19.557209014892578,0.0,0.062132983429504546,-13.8745698928833,3
1JTG,0,18.097131729125977,14.914421081542969,32.37385940551758,0.0,0.02483482907470208,-14.799576759338379,0
1JTG,1,3.530320405960083,3.9687836170196533,11.159746170043945,0.0,0.16404470909883243,-17.471694946289062,1
1JTG,2,19.10675811767578,15.557432174682617,33.41856384277344,0.0,0.0233244584429573,-17.743566513061523,1
1JTG,3,6.005027770996094,5.49894905090332,14.993468284606934,0.0,0.10415903262677749,-16.016590118408203,1
1JTG,4,17.898983001708984,15.516695976257324,30.859167098999023,0.0,0.026592718645943706,-16.39048194885254,7
1JTG,5,16.455785751342773,13.358894348144531,32.62618637084961,0.0,0.025337020490646515,-17.274560928344727,0
1JTG,6,16.5130615234375,13.519696235656738,37.71412658691406,0.0,0.020166855622903358,-14.6649169921875,3
1JTG,7,7.552992343902588,6.250882148742676,21.125041961669922,0.0,0.06459599592436788,-16.074071884155273,0
1JTG,8,15.710031509399414,12.454471588134766,43.390480041503906,0.0,0.017084967268859535,-14.973494529724121,0
1JTG,9,8.364951133728027,7.316964149475098,29.722808837890625,0.0,0.03864356125959691,-18.005905151367188,0
1JTG,10,11.239828109741211,8.45961856842041,27.597646713256836,0.0,0.039041566757941674,-14.73743724822998,7
1JTG,11,4.907351970672607,4.4702911376953125,13.869837760925293,0.333333,0.2358540604684349,-17.05355453491211,1
1JTG,12,6.410886764526367,5.758785247802734,21.121593475341797,1.0,0.40097121583247236,-13.517141342163086,3
1JTG,13,4.384923458099365,3.6115458011627197,13.980453491210938,0.333333,0.2501150566885275,-16.56846046447754,1
1JTG,14,6.550838470458984,4.697333812713623,18.75067710876465,1.0,0.42100059972216747,-15.844528198242188,6
2A9K,0,16.358840942382812,15.895499229431152,34.55311584472656,0.0,0.021962784117751197,-13.293622016906738,6
2A9K,1,15.60693359375,17.712018966674805,31.118270874023438,0.0,0.02551744671703628,-15.491399765014648,2
2A9K,2,16.32270050048828,15.082206726074219,37.1197395324707,0.0,0.019872565071665137,-16.263538360595703,21
2A9K,3,16.99883270263672,15.276274681091309,35.87518310546875,0.0,0.02090089422649895,-17.905834197998047,1
2A9K,4,18.703298568725586,12.59112548828125,39.11785888671875,0.0,0.01969357793688489,-20.1638240814209,0
2A9K,5,13.863492012023926,15.099581718444824,32.043704986572266,0.0,0.025170249719085182,-18.150697708129883,2
2A9K,6,15.375773429870605,16.695825576782227,32.152225494384766,0.0,0.024443892073007064,-15.437496185302734,0
2A9K,7,15.442229270935059,17.562593460083008,33.11571502685547,0.0,0.023017351413762484,-16.767698287963867,7
2A9K,8,15.746061325073242,17.39508819580078,34.12812805175781,0.0,0.02192978871459989,-16.48282814025879,0
2A9K,9,16.360261917114258,16.34199333190918,35.02138900756836,0.0,0.02132839131296933,-14.845629692077637,1
2A9K,10,17.95245933532715,16.513551712036133,40.0032958984375,0.0,0.01712727817053329,-16.363754272460938,1
2A9K,11,22.27009391784668,13.902286529541016,42.17691421508789,0.0,0.016845840996664682,-19.559551239013672,4
2A9K,12,15.819334030151367,17.2944278717041,32.623390197753906,0.0,0.023678950128390903,-14.809852600097656,2
2A9K,13,18.269725799560547,14.416860580444336,37.04314422607422,0.0,0.020242874777879147,-18.52107048034668,2
2A9K,14,15.217466354370117,17.532756805419922,32.54718017578125,0.0,0.02370524253988501,-15.098101615905762,1
5HGG,0,10.850056648254395,7.8845977783203125,31.7380428314209,0.0,0.03395151911214311,-16.220930099487305,7
5HGG,1,8.312241554260254,5.89771032333374,19.907419204711914,0.096774,0.10390933716615873,-18.322507858276367,0
5HGG,2,7.763079643249512,5.9866743087768555,20.162860870361328,0.064516,0.09149571090338328,-17.356157302856445,0
5HGG,3,10.313929557800293,6.158560276031494,27.749141693115234,0.193548,0.11177653411592707,-17.30060577392578,10
5HGG,4,13.099791526794434,9.787247657775879,30.98783302307129,0.064516,0.05248061251744399,-18.759838104248047,0
5HGG,5,11.097128868103027,6.9633564949035645,26.551488876342773,0.258065,0.13178943632081142,-17.746461868286133,8
5HGG,6,10.642980575561523,7.153019905090332,29.49292755126953,0.0,0.03960474226511415,-17.659774780273438,0
5HGG,7,10.22420597076416,6.786265850067139,24.259618759155273,0.096774,0.0842317309579954,-17.137441635131836,3
5HGG,8,11.002315521240234,7.079523086547852,26.03420639038086,0.129032,0.08944177030621274,-18.291532516479492,4
5HGG,9,9.577363014221191,6.317213535308838,22.994606018066406,0.096774,0.09012053587261597,-18.352663040161133,1
5HGG,10,9.35746955871582,6.3892927169799805,26.304481506347656,0.193548,0.11344371314985939,-18.896888732910156,0
5HGG,11,12.807746887207031,10.088294982910156,46.74992752075195,0.0,0.017876594420611843,-16.572528839111328,2
5HGG,12,10.048101425170898,6.204811096191406,24.44776725769043,0.258065,0.1403750333820649,-18.23874282836914,3
5HGG,13,11.126593589782715,7.500795841217041,30.49404525756836,0.032258,0.04760254559108005,-16.947023391723633,1
5HGG,14,9.147011756896973,9.65349292755127,20.719926834106445,0.096774,0.08813268661690056,-14.488059043884277,3
3BX7,0,13.209455490112305,11.453892707824707,22.884960174560547,0.0,0.04603065016037741,-16.530914306640625,0
3BX7,1,14.087116241455078,11.665450096130371,38.231937408447266,0.0,0.021122112158903136,-15.957353591918945,2
3BX7,2,14.095806121826172,13.459293365478516,48.356178283691406,0.0,0.014080086057931906,-14.425491333007812,7
3BX7,3,12.036825180053711,9.802397727966309,21.176361083984375,0.0,0.05387971669626213,-15.630436897277832,5
3BX7,4,11.276541709899902,10.247065544128418,35.362998962402344,0.0,0.02519929792691995,-16.25770378112793,6
3BX7,5,11.943292617797852,11.053800582885742,21.298303604125977,0.0,0.05182449075937259,-16.050939559936523,0
3BX7,6,10.096060752868652,9.572793006896973,16.954912185668945,0.0,0.07493860804346279,-15.056817054748535,0
3BX7,7,16.629362106323242,12.849308967590332,38.1078987121582,0.0,0.020279421981944483,-15.247693061828613,5
3BX7,8,8.068044662475586,6.843080043792725,14.243555068969727,0.0,0.10281661595499025,-19.498268127441406,6
3BX7,9,8.449889183044434,5.95720911026001,20.601974487304688,0.0,0.06836121081863802,-17.35607147216797,5
3BX7,10,18.464065551757812,16.32095718383789,52.577110290527344,0.0,0.011282214101238872,-21.306819915771484,1
3BX7,11,9.941923141479492,10.458145141601562,25.080350875854492,0.0,0.04106131639939871,-14.973359107971191,5
3BX7,12,8.15842056274414,7.202461242675781,15.054128646850586,0.0,0.09443616843534053,-14.327627182006836,4
3BX7,13,9.061453819274902,7.3500752449035645,16.402935028076172,0.0,0.08388997390203597,-19.8678035736084,1
3BX7,14,16.365028381347656,15.913485527038574,26.841663360595703,0.0,0.03331598980110496,-18.02973175048828,1
1DQJ,0,7.1735639572143555,9.584290504455566,16.009841918945312,0.0,0.0812680410107973,-19.916751861572266,0
1DQJ,1,9.193166732788086,11.260859489440918,19.56439971923828,0.0,0.05873996000080989,-17.395160675048828,2
1DQJ,2,6.838495254516602,7.59458589553833,16.42955207824707,0.0,0.08289709617243275,-13.186905860900879,70
1DQJ,3,9.311081886291504,11.381683349609375,21.552574157714844,0.0,0.05055843921970741,-18.482688903808594,1
1DQJ,4,11.502462387084961,15.195639610290527,31.350433349609375,0.0,0.0260423578955718,-17.52777671813965,0
1DQJ,5,11.56054401397705,10.881084442138672,26.43808937072754,0.454545,0.188958906111223,-13.609148979187012,70
1DQJ,6,8.981328010559082,10.497201919555664,19.791259765625,0.0,0.05858015483732457,-17.735456466674805,2
1DQJ,7,14.223549842834473,14.859691619873047,30.872695922851562,0.0,0.02684969722405534,-14.329475402832031,69
1DQJ,8,14.25527572631836,14.397567749023438,31.227182388305664,0.0,0.026573000840596175,-14.928731918334961,52
1DQJ,9,12.148361206054688,14.959691047668457,26.54371452331543,0.0,0.03432047392318741,-16.397899627685547,4
1DQJ,10,11.975312232971191,14.28703498840332,25.06319236755371,0.0,0.03801870531792574,-17.524900436401367,10
1DQJ,11,12.606932640075684,12.936103820800781,31.039939880371094,0.0,0.027674926656300503,-14.206774711608887,52
1DQJ,12,28.09379005432129,25.755233764648438,66.00299835205078,0.0,0.006564913974499623,-13.760767936706543,68
1DQJ,13,11.891463279724121,14.739311218261719,25.17973518371582,0.0,0.03751627313235265,-18.33237075805664,3
1DQJ,14,9.845674514770508,12.361394882202148,21.14075469970703,0.0,0.051224138760623344,-18.381250381469727,4
1GXD,0,25.657995223999023,13.620950698852539,67.23043060302734,0.0,0.009238451088943793,-12.960436820983887,8
1GXD,1,38.766536712646484,36.576622009277344,98.48233795166016,0.0,0.0030244314796176314,-15.484436988830566,10
1GXD,2,9.881111145019531,11.409770965576172,23.017810821533203,0.0,0.04566415785589636,-13.283466339111328,21
1GXD,3,23.483760833740234,17.153900146484375,60.497703552246094,0.0,0.008982270786819777,-13.002872467041016,5
1GXD,4,12.418839454650879,13.985260009765625,35.719600677490234,0.0,0.02165511077503598,-14.013543128967285,8
1GXD,5,38.946895599365234,36.91265106201172,99.49590301513672,0.0,0.002964705520985555,-16.030229568481445,12
1GXD,6,38.71210861206055,36.97829818725586,99.5052490234375,0.0,0.0029623089135875622,-14.003826141357422,16
1GXD,7,38.85996627807617,36.87411117553711,98.15052795410156,0.0,0.003032021264120163,-15.96444320678711,7
1GXD,8,38.29600524902344,34.583457946777344,95.62203979492188,0.0,0.0032391633376649977,-15.437129020690918,21
1GXD,9,37.92900848388672,35.40090560913086,97.11463165283203,0.0,0.003131537515463726,-15.966964721679688,14
1GXD,10,28.718320846557617,28.746782302856445,72.40016174316406,0.0,0.005437136362783604,-13.710033416748047,32
1GXD,11,20.031536102294922,19.758705139160156,58.70639419555664,0.0,0.008754468646649116,-14.455878257751465,6
1GXD,12,14.72696590423584,15.897736549377441,33.045475006103516,0.0,0.023626959939364405,-11.990662574768066,7
1GXD,13,21.942657470703125,21.131912231445312,61.573917388916016,0.0,0.007904490622127848,-14.661478996276855,5
1GXD,14,38.04309844970703,37.19999313354492,100.07530212402344,0.0,0.0029285773362685654,-15.389883995056152,8
2VIS,0,30.577600479125977,19.520042419433594,67.5585708618164,0.0,0.007151175435642963,-13.53103256225586,30
2VIS,1,21.570587158203125,17.831064224243164,39.310630798339844,0.0,0.017230844723084743,-17.534591674804688,2
2VIS,2,18.071834564208984,15.768320083618164,31.393516540527344,0.0,0.025756675692626897,-15.578041076660156,1
2VIS,3,23.351377487182617,18.9066219329834,44.9295654296875,0.0,0.013603089591682363,-13.492803573608398,0
2VIS,4,27.580286026000977,15.278437614440918,54.13204574584961,0.0,0.01120328992876661,-13.639659881591797,40
2VIS,5,16.823823928833008,14.150054931640625,32.48232650756836,0.0,0.025066932137186915,-12.803953170776367,1
2VIS,6,23.590938568115234,18.303813934326172,42.954673767089844,0.0,0.014784387354625846,-18.607465744018555,1
2VIS,7,27.540424346923828,16.361034393310547,54.708740234375,0.0,0.010635234498122972,-16.904848098754883,40
2VIS,8,21.354999542236328,20.069461822509766,39.12424087524414,0.0,0.016876023401968785,-18.32512855529785,0
2VIS,9,20.771629333496094,17.664051055908203,36.89303970336914,0.0,0.01918866549413767,-15.940653800964355,1
2VIS,10,31.791770935058594,18.259143829345703,68.17313385009766,0.0,0.007337083880401159,-15.14887523651123,45
2VIS,11,17.610145568847656,14.759576797485352,41.952693939208984,0.0,0.016551543743939832,-15.758526802062988,6
2VIS,12,19.50043296813965,15.569664001464844,52.41255569458008,0.0,0.011607653825214078,-16.079437255859375,2
2VIS,13,17.99245834350586,14.806506156921387,37.534912109375,0.0,0.01964649173579917,-16.18801498413086,2
2VIS,14,22.779329299926758,19.046218872070312,42.573116302490234,0.0,0.014832947606117378,-13.662331581115723,0
2SNI,0,9.248809814453125,8.675137519836426,26.14988899230957,0.147059,0.09054953670530412,-17.42464256286621,2
2SNI,1,7.577729225158691,6.792331218719482,22.746749877929688,0.264706,0.14457818531651692,-21.259641647338867,4
2SNI,2,7.616158485412598,7.487209796905518,18.972631454467773,0.235294,0.14701526784025648,-19.944948196411133,4
2SNI,3,8.602518081665039,8.062073707580566,24.921438217163086,0.235294,0.12432008180639803,-18.73423957824707,5
2SNI,4,7.740936279296875,7.347622871398926,19.72520637512207,0.117647,0.10475565715622022,-19.871583938598633,6
2SNI,5,2.923231601715088,2.7340989112854004,8.966915130615234,0.441176,0.38193969714876125,-19.831256866455078,0
2SNI,6,6.786816596984863,6.814440727233887,15.910574913024902,0.147059,0.13843660845782998,-18.379241943359375,1
2SNI,7,7.6232829093933105,7.622973442077637,18.773561477661133,0.205882,0.1377599849356925,-18.846357345581055,0
2SNI,8,7.239954948425293,7.303898334503174,18.035053253173828,0.294118,0.1721142850829727,-20.22029685974121,3
2SNI,9,1.9830775260925293,1.8265587091445923,6.610497951507568,0.529412,0.5184341157475073,-23.25848388671875,0
2SNI,10,6.482460975646973,5.594677448272705,21.76230812072754,0.264706,0.15471069824389944,-17.61859130859375,1
2SNI,11,2.025275468826294,1.2817988395690918,6.170019149780273,0.647059,0.6266454408401724,-23.504253387451172,0
2SNI,12,5.899980545043945,5.844631671905518,15.978023529052734,0.147059,0.1431448528870476,-16.27912139892578,1
2SNI,13,7.557716369628906,7.5405354499816895,18.54945182800293,0.264706,0.15877005116287288,-19.986839294433594,4
2SNI,14,7.337906360626221,7.106212139129639,19.98932647705078,0.176471,0.12408528135336216,-18.263761520385742,3
3A4S,0,14.932222366333008,17.360078811645508,44.35052490234375,0.0,0.014280250616618138,-18.125499725341797,0
3A4S,1,15.413769721984863,16.64983558654785,47.94981384277344,0.0,0.012839276233574415,-17.330768585205078,0
3A4S,2,15.487715721130371,17.661596298217773,46.71302795410156,0.0,0.013070168246633158,-20.915178298950195,0
3A4S,3,15.322790145874023,16.663022994995117,45.788116455078125,0.0,0.013783910521620925,-20.356653213500977,0
3A4S,4,15.196037292480469,17.5646915435791,44.79362869262695,0.0,0.0139990327663985,-19.965551376342773,0
3A4S,5,15.228503227233887,16.748580932617188,45.133026123046875,0.0,0.01407039397779239,-21.051395416259766,0
3A4S,6,15.251213073730469,16.97015953063965,47.36347961425781,0.0,0.01298480149726911,-20.364009857177734,0
3A4S,7,15.151124954223633,16.49064826965332,44.96268844604492,0.0,0.014237014826003551,-21.455533981323242,0
3A4S,8,16.417932510375977,19.11072540283203,48.482112884521484,0.0,0.011981415872938786,-18.32571029663086,0
3A4S,9,17.063411712646484,19.32715606689453,50.41859817504883,0.0,0.01120800741530765,-17.30326271057129,0
3A4S,10,15.40355110168457,17.524755477905273,45.45100021362305,0.0,0.013688497500273624,-18.290790557861328,0
3A4S,11,15.448227882385254,16.898019790649414,45.66075134277344,0.0,0.013770439485488346,-21.38498306274414,0
3A4S,12,15.416884422302246,17.80775260925293,46.04458999633789,0.0,0.013333549120608836,-18.82810401916504,0
3A4S,13,15.239569664001465,16.376611709594727,44.938018798828125,0.0,0.01428711882871527,-21.747112274169922,0
3A4S,14,12.093606948852539,14.456515312194824,29.32990264892578,0.0,0.029377269442522197,-17.57681655883789,0
4GXU,0,43.4586067199707,26.071195602416992,80.86042785644531,0.0,0.004742882094672318,-14.232789993286133,43
4GXU,1,31.210119247436523,29.631746292114258,73.9065170288086,0.0,0.0052035440746987,-11.903948783874512,130
4GXU,2,55.04496765136719,28.203514099121094,93.1128158569336,0.0,0.003695039030019565,-12.100908279418945,185
4GXU,3,42.0958137512207,33.25113296508789,82.6635971069336,0.0,0.00416451181303536,-13.5519380569458,22
4GXU,4,44.60201644897461,43.22971725463867,96.5143814086914,0.0,0.0029663721660278196,-12.575502395629883,146
4GXU,5,53.202903747558594,34.391849517822266,88.17484283447266,0.0,0.0037019778232422994,-10.689109802246094,207
4GXU,6,40.68622589111328,33.11441421508789,82.94511413574219,0.0,0.004146714011908213,-13.415003776550293,79
4GXU,7,46.20172882080078,25.41786003112793,90.13027954101562,0.0,0.004095367006069583,-13.580121994018555,86
4GXU,8,36.3483772277832,32.472267150878906,79.41319274902344,0.0,0.004485341432813956,-14.51655387878418,7
4GXU,9,30.67255401611328,30.10906410217285,83.22411346435547,0.0,0.0042664709589651335,-12.757466316223145,72
4GXU,10,29.855377197265625,29.56012535095215,82.84527587890625,0.0,0.004328542147147444,-12.595860481262207,64
4GXU,11,28.339868545532227,28.70796775817871,79.56112670898438,0.0,0.004669267958141242,-13.59298038482666,36
4GXU,12,41.16227340698242,29.92670249938965,80.33844757080078,0.0,0.004525396723199377,-13.587066650390625,130
4GXU,13,49.00289535522461,28.623872756958008,80.08048248291016,0.0,0.004626501263966253,-13.728705406188965,42
4GXU,14,42.304290771484375,27.344947814941406,90.7394027709961,0.0,0.003899554173402835,-13.2685546875,106
1FC2,0,14.06108570098877,17.902999877929688,39.759403228759766,0.0,0.0168925942640824,-17.86223793029785,1
1FC2,1,15.822120666503906,15.657898902893066,29.654388427734375,0.0,0.0283386670281537,-21.3735294342041,0
1FC2,2,13.579998016357422,14.391032218933105,25.802602767944336,0.0,0.036214654471420187,-16.802900314331055,0
1FC2,3,9.269960403442383,11.488723754882812,34.351478576660156,0.0,0.02481865530898036,-16.6849308013916,15
1FC2,4,10.195202827453613,16.060089111328125,43.018062591552734,0.0,0.015407771712870092,-15.0115385055542,3
1FC2,5,14.540742874145508,14.86339282989502,27.208900451660156,0.0,0.032998976685710536,-17.31558609008789,0
1FC2,6,17.11673355102539,16.83218002319336,29.143505096435547,0.0,0.02875856767747419,-17.353439331054688,1
1FC2,7,16.677152633666992,17.362445831298828,39.83152770996094,0.0,0.01698802771557671,-20.415266036987305,4
1FC2,8,6.793067455291748,9.552234649658203,33.66836929321289,0.0,0.027994561459888535,-17.874876022338867,10
1FC2,9,7.528605937957764,11.110455513000488,41.121482849121094,0.0,0.01962563001011576,-18.583168029785156,14
1FC2,10,16.771141052246094,15.574933052062988,27.331201553344727,0.0,0.03246036891867638,-24.404178619384766,3
1FC2,11,16.865394592285156,21.433427810668945,52.03923034667969,0.0,0.010286672804984976,-21.669578552246094,0
1FC2,12,7.498404026031494,12.278697967529297,42.02804946899414,0.0,0.018000119726553084,-19.594310760498047,0
1FC2,13,9.038287162780762,10.432427406311035,35.76827621459961,0.0,0.024569683622039613,-15.822403907775879,13
1FC2,14,11.889802932739258,16.043903350830078,44.995479583740234,0.0,0.014373947255270041,-16.473430633544922,0
1ACB,0,15.1847505569458,15.69103717803955,51.65098571777344,0.0,0.011807910264733677,-13.763044357299805,0
1ACB,1,4.721783638000488,4.290849685668945,13.718111991882324,0.448276,0.278197845170499,-19.275758743286133,3
1ACB,2,5.357508182525635,5.538496971130371,15.22823715209961,0.0,0.1019617062395844,-19.53462791442871,1
1ACB,3,15.820893287658691,16.263132095336914,52.754310607910156,0.0,0.011246436030772888,-13.662259101867676,0
1ACB,4,5.984631061553955,6.124018669128418,16.602087020874023,0.068966,0.11108387381171825,-17.393274307250977,0
1ACB,5,5.207475185394287,5.538877964019775,12.608235359191895,0.103448,0.1614175640705339,-22.5447940826416,0
1ACB,6,9.122027397155762,8.129659652709961,26.836557388305664,0.103448,0.07584793676394146,-17.451601028442383,4
1ACB,7,10.16170883178711,9.468698501586914,28.871673583984375,0.0,0.034747713611465995,-19.095497131347656,1
1ACB,8,8.229982376098633,9.413103103637695,20.336599349975586,0.0,0.05782657636004899,-20.07347297668457,0
1ACB,9,8.597701072692871,7.618165016174316,25.91335678100586,0.172414,0.10229280494575517,-16.97849464416504,6
1ACB,10,7.475406646728516,7.205509185791016,20.58405303955078,0.034483,0.07389948356661015,-22.129642486572266,3
1ACB,11,5.093657493591309,4.152506351470947,14.503043174743652,0.275862,0.21565285117040592,-21.78961753845215,1
1ACB,12,8.713807106018066,7.986017227172852,26.713125228881836,0.103448,0.07648831752719593,-17.075939178466797,4
1ACB,13,9.324043273925781,10.448960304260254,30.1834774017334,0.0,0.031223183611043644,-15.576889038085938,0
1ACB,14,4.460158824920654,3.5204477310180664,12.815903663635254,0.37931,0.2794871491230158,-22.85205841064453,0
3H2V,0,11.365240097045898,10.918542861938477,25.42139434814453,0.0,0.03969367116698346,-21.014816284179688,3
3H2V,1,18.033613204956055,20.246763229370117,48.16947937011719,0.0,0.011885561063275374,-18.246198654174805,1
3H2V,2,18.22734260559082,18.345022201538086,50.929412841796875,0.0,0.011247083490135132,-17.54969024658203,0
3H2V,3,13.65676212310791,14.525382995605469,44.576629638671875,0.0,0.01521198271407038,-21.159299850463867,0
3H2V,4,15.546525955200195,15.195313453674316,46.02424240112305,0.0,0.01421138863701036,-17.72673225402832,2
3H2V,5,18.469776153564453,20.721311569213867,50.71173858642578,0.0,0.010846541909195933,-20.736984252929688,0
3H2V,6,13.95483112335205,13.11702823638916,42.33415222167969,0.0,0.017220027550210706,-23.503576278686523,0
3H2V,7,13.563054084777832,13.867453575134277,44.34576416015625,0.0,0.015667448538655517,-20.863590240478516,0
3H2V,8,13.427318572998047,15.06350326538086,42.880218505859375,0.0,0.01587555487788883,-19.17547035217285,0
3H2V,9,13.290355682373047,15.646480560302734,42.778648376464844,0.0,0.01569603196679097,-19.84743309020996,0
3H2V,10,15.246122360229492,17.369766235351562,44.631675720214844,0.0,0.014134384779017099,-25.588661193847656,0
3H2V,11,18.559795379638672,20.245031356811523,49.60626220703125,0.0,0.011327609415027662,-25.06960105895996,0
3H2V,12,13.324440002441406,14.523571014404297,44.43165969848633,0.0,0.01528659138900823,-21.066734313964844,0
3H2V,13,12.994369506835938,12.4468412399292,42.034664154052734,0.0,0.017866510798042325,-22.992984771728516,0
3H2V,14,13.317357063293457,15.475049018859863,43.37376403808594,0.0,0.01543076066326425,-19.766633987426758,0
5CBA,0,9.366898536682129,11.673852920532227,21.99144744873047,0.0,0.04873921965732513,-20.624380111694336,6
5CBA,1,9.446310997009277,12.13444709777832,21.947296142578125,0.0,0.048493812143838556,-20.051795959472656,2
5CBA,2,9.045052528381348,11.566909790039062,20.796279907226562,0.0,0.05322772957134323,-20.79888916015625,0
5CBA,3,9.208227157592773,12.26006031036377,20.764808654785156,0.083333,0.08053254814421917,-18.683727264404297,2
5CBA,4,8.05795669555664,10.355721473693848,19.394390106201172,0.0,0.06056027992770377,-16.777782440185547,2
5CBA,5,9.228861808776855,11.797540664672852,21.250423431396484,0.0,0.051278335002684534,-20.412429809570312,2
5CBA,6,10.14389419555664,11.948097229003906,24.93648338317871,0.0,0.03987046255500962,-17.88091278076172,2
5CBA,7,10.050219535827637,13.218844413757324,27.900360107421875,0.0,0.03254826072993507,-18.82674789428711,3
5CBA,8,8.859973907470703,11.135303497314453,21.493043899536133,0.0,0.051023741236957965,-16.787485122680664,3
5CBA,9,9.414782524108887,12.402092933654785,22.111614227294922,0.0,0.04772180668677145,-16.699966430664062,1
5CBA,10,8.196191787719727,10.468567848205566,19.256210327148438,0.0,0.061063801488167625,-18.33275604248047,0
5CBA,11,10.83007526397705,11.339098930358887,26.52995491027832,0.0,0.03676452602979296,-18.722883224487305,8
5CBA,12,13.752111434936523,14.084122657775879,33.9549674987793,0.083333,0.05117303520539875,-17.163469314575195,16
5CBA,13,8.929876327514648,11.206377029418945,20.760068893432617,0.0,0.053724498246956555,-17.817062377929688,1
5CBA,14,8.321052551269531,10.17477035522461,19.691207885742188,0.0,0.05944625168668338,-17.1900634765625,1
6A0Z,0,25.660900115966797,11.69550609588623,47.35917282104492,0.0,0.015796863525019227,-14.894083023071289,83
6A0Z,1,22.059022903442383,17.75840950012207,36.98001480102539,0.0,0.01908856974741809,-13.207515716552734,6
6A0Z,2,31.606931686401367,19.20816993713379,70.60370635986328,0.0,0.0067827035018636975,-13.233274459838867,26
6A0Z,3,33.760196685791016,19.739213943481445,66.94794464111328,0.0,0.007201888276281344,-13.837553024291992,66
6A0Z,4,19.277118682861328,16.170242309570312,34.93062973022461,0.0,0.02147845034645531,-13.824923515319824,19
6A0Z,5,20.40217399597168,16.684799194335938,36.10936737060547,0.0,0.020173221656977505,-15.391705513000488,28
6A0Z,6,20.3995361328125,17.568326950073242,42.483497619628906,0.0,0.015242472777976177,-14.513233184814453,42
6A0Z,7,18.71865463256836,15.484283447265625,33.903446197509766,0.0,0.022812077147767323,-14.487662315368652,20
6A0Z,8,31.746501922607422,22.4971981048584,63.55030822753906,0.0,0.007333712845497012,-14.03028678894043,55
6A0Z,9,17.768150329589844,14.03318977355957,32.88899612426758,0.0,0.024636026350977103,-14.42652416229248,18
6A0Z,10,32.85600662231445,17.53784942626953,75.54180908203125,0.0,0.006588233430910127,-13.61349868774414,12
6A0Z,11,20.680152893066406,20.351713180541992,37.20754623413086,0.0,0.01833432304996076,-17.02524757385254,0
6A0Z,12,23.823211669921875,20.348608016967773,53.53292465209961,0.0,0.009998636085633445,-17.087425231933594,25
6A0Z,13,31.569169998168945,22.181406021118164,69.67928314208984,0.0,0.006404988381559846,-14.602659225463867,20
6A0Z,14,18.180524826049805,15.25681209564209,33.37791442871094,0.0,0.023491828279339846,-15.487173080444336,14
5SV3,0,17.94315528869629,16.824352264404297,26.73419189453125,0.0,0.033231453076617457,-14.294424057006836,4
5SV3,1,12.003177642822266,9.717013359069824,25.52362632751465,0.125,0.08270280071257621,-16.921579360961914,0
5SV3,2,14.326180458068848,12.098219871520996,27.037466049194336,0.0,0.03502797779871119,-19.623037338256836,0
5SV3,3,19.495336532592773,18.262592315673828,30.786251068115234,0.0,0.025843766588469496,-17.475624084472656,1
5SV3,4,19.132652282714844,20.106300354003906,42.81003189086914,0.0,0.014487467337608015,-14.478791236877441,0
5SV3,5,14.963737487792969,14.154088973999023,24.320098876953125,0.0,0.03998762455198343,-19.913347244262695,0
5SV3,6,17.533977508544922,17.526586532592773,28.38376235961914,0.0,0.02985706699516899,-16.32642364501953,0
5SV3,7,18.08997917175293,17.743135452270508,29.918806076049805,0.0,0.027260711237684306,-17.548917770385742,5
5SV3,8,13.726862907409668,12.139309883117676,24.336727142333984,0.0,0.041254293916038465,-15.587994575500488,0
5SV3,9,18.197582244873047,16.54453468322754,26.895977020263672,0.0,0.03298666792683048,-16.531898498535156,1
5SV3,10,14.350144386291504,11.960570335388184,25.475440979003906,0.0625,0.05938607312789646,-18.89712142944336,0
5SV3,11,19.633655548095703,16.386756896972656,30.171695709228516,0.0,0.027280091474110323,-18.56576156616211,3
5SV3,12,14.59054946899414,13.90005874633789,24.701759338378906,0.0,0.03912778455707819,-21.400815963745117,1
5SV3,13,17.616600036621094,17.000179290771484,28.761964797973633,0.0,0.029349168751736005,-15.54086685180664,5
5SV3,14,13.776095390319824,10.985867500305176,38.89765167236328,0.0,0.021292446498887747,-15.996023178100586,0
1M10,0,6.885293483734131,8.33399772644043,22.040987014770508,0.0,0.05361527954676428,-12.721162796020508,9
1M10,1,19.289318084716797,22.52076530456543,52.36640548706055,0.0,0.01002912678607739,-16.874807357788086,0
1M10,2,7.260948657989502,9.275272369384766,25.000635147094727,0.0,0.04303451371992272,-16.14976692199707,2
1M10,3,19.101346969604492,20.835113525390625,46.192962646484375,0.0,0.0126357945850761,-14.360466003417969,1
1M10,4,18.741636276245117,18.615386962890625,38.1495246887207,0.0,0.017915433382359174,-18.652624130249023,1
1M10,5,104.51530456542969,114.35538482666016,246.40512084960938,0.0,0.00045352944927506294,0.0,0
1M10,6,17.579238891601562,18.155155181884766,45.498558044433594,0.277778,0.10609410896021608,-16.276443481445312,5
1M10,7,13.924748420715332,15.009735107421875,43.96181106567383,0.0,0.015308384258602198,-18.86809730529785,0
1M10,8,8.277247428894043,10.045048713684082,34.6728401184082,0.0,0.026167706827888732,-14.894991874694824,9
1M10,9,7.5419816970825195,9.106100082397461,29.482210159301758,0.055556,0.05290556248774466,-15.563870429992676,1
1M10,10,18.885135650634766,20.110031127929688,43.97610092163086,0.0,0.013849044627283001,-14.707361221313477,5
1M10,11,17.90777587890625,18.63048553466797,39.66115951538086,0.0,0.016784907111218713,-15.72895336151123,7
1M10,12,19.87574005126953,21.10429573059082,45.75418472290039,0.0,0.01279581814965583,-18.721927642822266,0
1M10,13,18.60088539123535,17.92891502380371,37.001041412353516,0.0,0.019026127163773,-17.429622650146484,2
1M10,14,7.713624477386475,9.474637031555176,29.815378189086914,0.0,0.03320582263478878,-20.34052085876465,1
2FJU,0,7.878761291503906,9.433588027954102,20.068098068237305,0.0,0.0589238892001899,-12.862476348876953,9
2FJU,1,24.225374221801758,22.847702026367188,60.95613479614258,0.0,0.007788531219333272,-12.13974666595459,110
2FJU,2,22.83493995666504,18.76583480834961,60.44108581542969,0.0,0.008580887504908244,-11.099470138549805,60
2FJU,3,26.212636947631836,22.693845748901367,69.1966552734375,0.0,0.006404928955373912,-9.998099327087402,33
2FJU,4,22.423307418823242,14.291397094726562,59.814720153808594,0.0,0.01023014802825422,-13.830687522888184,17
2FJU,5,22.21944808959961,14.407350540161133,60.58504104614258,0.0,0.01000904404188102,-13.571267127990723,20
2FJU,6,27.802940368652344,22.32478904724121,71.88896179199219,0.0,0.006093880576616956,-11.10204792022705,60
2FJU,7,23.74176025390625,21.936458587646484,61.795677185058594,0.0,0.007740890882302228,-10.524263381958008,44
2FJU,8,23.523340225219727,21.152996063232422,68.82070922851562,0.0,0.006676231552391131,-14.492609977722168,13
2FJU,9,25.676313400268555,22.38156509399414,73.42451477050781,0.0,0.005898621458292089,-13.95063591003418,16
2FJU,10,21.716264724731445,14.322686195373535,59.478633880615234,0.0,0.010287747752373856,-13.240886688232422,14
2FJU,11,24.19917869567871,17.490816116333008,71.90141296386719,0.0,0.007027900400432907,-11.765904426574707,18
2FJU,12,23.183101654052734,21.903966903686523,60.58220291137695,0.0,0.007991080290157406,-10.174012184143066,52
2FJU,13,22.30304527282715,19.498159408569336,63.13731002807617,0.0,0.007895097998506946,-12.657403945922852,34
2FJU,14,25.39362335205078,24.468364715576172,70.13906860351562,0.0,0.006072660138473507,-9.519085884094238,13
1AHW,0,17.732749938964844,17.047338485717773,34.14833068847656,0.0,0.022008723306493654,-16.621204376220703,7
1AHW,1,15.530269622802734,14.321925163269043,33.151573181152344,0.0,0.024178373623356286,-14.617044448852539,2
1AHW,2,15.374869346618652,14.39885425567627,29.587600708007812,0.0,0.02899167932861342,-14.765314102172852,8
1AHW,3,20.04931640625,18.750019073486328,38.80982971191406,0.0,0.017377318596644164,-16.495874404907227,1
1AHW,4,18.118282318115234,17.078014373779297,35.85364532470703,0.0,0.020289703256820408,-13.32142448425293,4
1AHW,5,16.6505126953125,18.58905792236328,32.06237030029297,0.0,0.024045445048030193,-15.602089881896973,4
1AHW,6,16.35590934753418,18.509233474731445,39.56721496582031,0.0,0.016879465791607432,-17.43906593322754,6
1AHW,7,21.248157501220703,17.9849910736084,40.2032356262207,0.0,0.01656539159919641,-16.801973342895508,7
1AHW,8,22.750627517700195,18.259708404541016,41.485958099365234,0.0,0.015663715240858044,-17.495126724243164,5
1AHW,9,16.0246524810791,16.226329803466797,33.02409362792969,0.0,0.023535168030756864,-17.92569351196289,0
1AHW,10,22.147111892700195,20.613574981689453,42.260860443115234,0.0,0.014716103089864008,-17.8354549407959,7
1AHW,11,13.916329383850098,11.678653717041016,28.184900283813477,0.0,0.03319901835807392,-13.907676696777344,10
1AHW,12,20.111370086669922,19.999401092529297,39.20298767089844,0.0,0.016831356436795404,-17.80356216430664,1
1AHW,13,15.66039752960205,14.97492504119873,33.748992919921875,0.0,0.023194412802568818,-16.65542221069336,7
1AHW,14,19.74346351623535,19.537141799926758,38.20283508300781,0.0,0.017676582409557877,-18.90810775756836,1
1OC0,0,19.423051834106445,24.901723861694336,68.63921356201172,0.0,0.006239689031925485,-16.86544418334961,2
1OC0,1,10.183279991149902,13.949014663696289,39.00921630859375,0.0,0.01891952671755456,-21.920358657836914,0
1OC0,2,10.06336784362793,14.133880615234375,38.53410720825195,0.0,0.019179080743832122,-20.865617752075195,0
1OC0,3,10.004186630249023,14.165217399597168,38.58344268798828,0.0,0.019125156489172523,-19.579212188720703,0
1OC0,4,10.653553009033203,13.762879371643066,40.73640823364258,0.0,0.017820335722772942,-20.164148330688477,0
1OC0,5,9.66243839263916,11.145915985107422,37.48186492919922,0.0,0.022233750377840155,-17.33359718322754,0
1OC0,6,9.664080619812012,13.753233909606934,37.837852478027344,0.0,0.019931819930220248,-19.411623001098633,0
1OC0,7,10.221338272094727,14.91861629486084,39.438331604003906,0.0,0.01813262163503124,-17.768583297729492,0
1OC0,8,9.360383033752441,12.856833457946777,36.197723388671875,0.0,0.021896140076144932,-20.956771850585938,0
1OC0,9,19.267372131347656,25.357648849487305,67.58714294433594,0.0,0.00635239096419343,-15.205204963684082,1
1OC0,10,10.143580436706543,13.899314880371094,39.424285888671875,0.0,0.01864409973818996,-18.31875991821289,0
1OC0,11,14.843523979187012,21.889829635620117,54.479530334472656,0.0,0.009479356170396674,-22.929983139038086,2
1OC0,12,15.063505172729492,21.47134017944336,55.492374420166016,0.0,0.00926042292872693,-16.0231990814209,1
1OC0,13,7.28582239151001,8.316571235656738,28.375782012939453,0.0,0.03794936996635565,-23.892423629760742,0
1OC0,14,8.813969612121582,12.678849220275879,33.96588897705078,0.0,0.024246060126231723,-20.5745792388916,0
2O3B,0,5.978140354156494,5.883752822875977,12.411921501159668,0.5,0.2934286376110235,-22.603336334228516,0
2O3B,1,3.6430509090423584,3.740694046020508,7.941518306732178,0.5,0.390817201712844,-23.083005905151367,0
2O3B,2,18.979068756103516,15.47463321685791,57.266143798828125,0.0,0.01028832856577984,-16.456079483032227,1
2O3B,3,10.120853424072266,9.865523338317871,18.00804328918457,0.75,0.3182654798603172,-15.858818054199219,2
2O3B,4,6.783558368682861,6.573516845703125,13.638888359069824,0.5,0.2764132080372608,-21.677873611450195,0
2O3B,5,10.208026885986328,10.068216323852539,18.148719787597656,0.25,0.1505359623892103,-16.07598304748535,1
2O3B,6,10.84602165222168,10.267184257507324,19.24668312072754,0.5,0.22803560463639072,-15.362967491149902,0
2O3B,7,4.417988300323486,4.54092264175415,8.793805122375488,0.0,0.19379937209966228,-19.850675582885742,1
2O3B,8,4.941628456115723,5.110114097595215,9.382804870605469,0.0,0.17669394738170294,-15.48853874206543,11
2O3B,9,8.371679306030273,6.8319621086120605,22.731538772583008,0.0,0.05621976091769291,-19.32198715209961,0
2O3B,10,7.709078311920166,7.134701251983643,16.406373977661133,0.0,0.08464886966692618,-14.137325286865234,11
2O3B,11,12.057735443115234,8.854873657226562,29.954694747924805,0.0,0.034138547810926186,-14.035992622375488,5
2O3B,12,8.02200698852539,7.895357608795166,14.704766273498535,0.5,0.26176247182819795,-13.93407154083252,6
2O3B,13,9.86917781829834,9.232885360717773,18.100839614868164,0.25,0.1521299726274672,-14.772063255310059,3
2O3B,14,5.20841121673584,5.453991413116455,10.205147743225098,0.0,0.15997108524772863,-13.821950912475586,7
1KXP,0,26.521747589111328,30.13202667236328,83.8577651977539,0.0,0.004213934673492824,-17.211929321289062,7
1KXP,1,19.277450561523438,15.629223823547363,56.88759231567383,0.0,0.01032166128244859,-19.36603546142578,11
1KXP,2,31.518157958984375,29.57662582397461,73.82349395751953,0.0,0.005216379530073224,-16.886754989624023,20
1KXP,3,32.058895111083984,32.09232711791992,74.59530639648438,0.0,0.00499921338319633,-18.676130294799805,12
1KXP,4,27.185197830200195,20.095340728759766,47.66410446166992,0.0,0.012120907261638928,-17.188926696777344,16
1KXP,5,9.429731369018555,10.239283561706543,23.595592498779297,0.0,0.045291431003469856,-17.2156925201416,9
1KXP,6,24.148529052734375,19.634544372558594,81.41332244873047,0.0,0.00552848349848756,-16.24262046813965,22
1KXP,7,18.78642463684082,17.918071746826172,70.20703125,0.0,0.007135211017534259,-16.244829177856445,3
1KXP,8,23.38689613342285,20.74308204650879,69.93899536132812,0.0,0.006585880620123847,-15.336402893066406,13
1KXP,9,15.06440544128418,11.39775562286377,50.91264343261719,0.0,0.014714101580248088,-12.638960838317871,24
1KXP,10,29.70432472229004,20.754371643066406,54.85704803466797,0.0,0.00954746773564908,-18.923355102539062,11
1KXP,11,31.893259048461914,32.369773864746094,79.15950012207031,0.0,0.004513796236821725,-19.955163955688477,6
1KXP,12,17.230756759643555,19.37818717956543,76.86351013183594,0.0,0.006012511251084749,-15.75866413116455,14
1KXP,13,25.3155517578125,22.8620662689209,47.76068878173828,0.0,0.01166248884868564,-20.834125518798828,5
1KXP,14,25.123760223388672,21.8651180267334,79.91083526611328,0.0,0.005290645100218541,-15.637380599975586,6
1UDI,0,11.792187690734863,13.781389236450195,25.73582649230957,0.0,0.03668770943135625,-17.018503189086914,2
1UDI,1,9.8377103805542,10.916072845458984,23.818635940551758,0.0,0.043832453866591126,-15.522631645202637,0
1UDI,2,10.749035835266113,11.612135887145996,24.321163177490234,0.0,0.04175349467784132,-22.140275955200195,0
1UDI,3,7.4158806800842285,8.499341011047363,19.898340225219727,0.0,0.06150742531417841,-20.59055519104004,0
1UDI,4,11.802907943725586,14.306256294250488,26.48196029663086,0.0,0.03475835848309307,-16.547395706176758,1
1UDI,5,10.415942192077637,11.194633483886719,23.97568130493164,0.0,0.0430974229814731,-20.30919075012207,0
1UDI,6,10.121657371520996,10.900672912597656,24.01630401611328,0.0,0.04330101759117642,-15.009700775146484,0
1UDI,7,16.39224624633789,16.78495979309082,43.03249740600586,0.0,0.015158012559293296,-16.54088592529297,1
1UDI,8,14.033679962158203,14.261167526245117,40.12890625,0.0,0.017960655553356367,-17.216773986816406,0
1UDI,9,8.571205139160156,9.531632423400879,21.703880310058594,0.0,0.05238286528128209,-16.58041000366211,0
1UDI,10,7.287489414215088,8.704450607299805,20.091012954711914,0.0,0.06021922970496955,-21.121994018554688,0
1UDI,11,9.986653327941895,10.771478652954102,23.69482421875,0.0,0.04434579882781343,-16.83311653137207,0
1UDI,12,11.138773918151855,12.143620491027832,25.418031692504883,0.0,0.03853644257593929,-19.41966438293457,0
1UDI,13,13.52956485748291,13.506792068481445,40.0336799621582,0.0,0.018439580179470758,-16.83195686340332,0
1UDI,14,15.856560707092285,14.841349601745605,41.366146087646484,0.0,0.016874656493506848,-17.69829750061035,0
3SGQ,0,10.489038467407227,9.52717399597168,34.00389862060547,0.0,0.02766665003483861,-21.01519012451172,7
3SGQ,1,11.234354019165039,10.336586952209473,36.291011810302734,0.0,0.024209764689019947,-18.87566566467285,2
3SGQ,2,10.997858047485352,10.625814437866211,35.59056854248047,0.0,0.024499679393968892,-21.653968811035156,7
3SGQ,3,11.389215469360352,10.174863815307617,35.57309341430664,0.0,0.0250939370884885,-20.345149993896484,6
3SGQ,4,10.82417106628418,12.193170547485352,31.432235717773438,0.0,0.027684488478220564,-20.739912033081055,0
3SGQ,5,10.331841468811035,11.731648445129395,30.21042251586914,0.0,0.029813758031484828,-21.89016342163086,0
3SGQ,6,9.404374122619629,9.269523620605469,30.759578704833984,0.0,0.03215406947364816,-18.41638946533203,0
3SGQ,7,11.27272891998291,10.149309158325195,35.77043914794922,0.0,0.024941407222463966,-20.974470138549805,4
3SGQ,8,10.060723304748535,10.444355964660645,29.735349655151367,0.0,0.03191660726115849,-22.293519973754883,0
3SGQ,9,11.115524291992188,12.011276245117188,32.778865814208984,0.0,0.02612095104776424,-22.312705993652344,0
3SGQ,10,10.054930686950684,9.502571105957031,31.943395614624023,0.0,0.030145435420795053,-22.684795379638672,2
3SGQ,11,9.416840553283691,9.712929725646973,28.149843215942383,0.0,0.035617531780067005,-21.522621154785156,0
3SGQ,12,10.712639808654785,10.887533187866211,31.84412384033203,0.0,0.02837930024807948,-29.00096321105957,0
3SGQ,13,12.688202857971191,11.862712860107422,37.45880889892578,0.0,0.021568830788742416,-16.542259216308594,3
3SGQ,14,10.56723403930664,10.576353073120117,33.007755279541016,0.0,0.027302656626407063,-25.134397506713867,0
3VLB,0,26.86533546447754,29.992612838745117,86.33623504638672,0.0,0.004031598299802483,-15.949466705322266,0
3VLB,1,30.243810653686523,35.99749755859375,87.426025390625,0.0,0.0036991789404187403,-16.05964469909668,0
3VLB,2,27.457839965820312,31.01091194152832,91.52144622802734,0.0,0.003628697403059295,-18.55160903930664,0
3VLB,3,12.339317321777344,15.340828895568848,32.33283996582031,0.0,0.024704631949425637,-17.411155700683594,0
3VLB,4,23.390483856201172,27.261280059814453,74.10968017578125,0.0,0.005334170206108731,-16.624134063720703,0
3VLB,5,15.964398384094238,18.113468170166016,37.05024719238281,0.0,0.01893733823542836,-20.42909049987793,0
3VLB,6,26.797670364379883,31.75132942199707,72.29988861083984,0.0,0.005286715938110445,-17.326318740844727,0
3VLB,7,12.902450561523438,15.29062557220459,33.561527252197266,0.0,0.0232696978961185,-16.246780395507812,0
3VLB,8,16.253496170043945,21.064695358276367,35.12655258178711,0.0,0.02012049258460429,-16.84735870361328,0
3VLB,9,25.678497314453125,27.810829162597656,84.55126953125,0.0,0.004301980919778607,-17.267013549804688,0
3VLB,10,22.299053192138672,23.40885353088379,70.53084564208984,0.0,0.0061350334542816,-15.948539733886719,0
3VLB,11,28.04294204711914,32.85188674926758,89.8290023803711,0.0,0.0036515790194866795,-17.289039611816406,0
3VLB,12,26.75253677368164,28.68311309814453,73.67748260498047,0.0,0.005287416068510384,-13.2169771194458,0
3VLB,13,14.068023681640625,16.80910873413086,35.78794479370117,0.0,0.020433058313669327,-17.028324127197266,0
3VLB,14,21.584993362426758,22.317399978637695,70.68487548828125,0.0,0.006250526463689693,-15.405601501464844,0
1JWH,0,24.321374893188477,22.446712493896484,65.04166412353516,0.0,0.007079208385583585,-15.22597599029541,1
1JWH,1,32.703147888183594,17.27912712097168,81.05265045166016,0.0,0.006119234750822262,-17.92466926574707,11
1JWH,2,34.303585052490234,17.821372985839844,80.31175994873047,0.0,0.006037339903219124,-15.564597129821777,15
1JWH,3,15.324869155883789,14.894017219543457,28.048192977905273,0.0,0.03138506447828597,-19.852506637573242,6
1JWH,4,18.94785499572754,15.543240547180176,34.215301513671875,0.0,0.02245190993434626,-16.93154525756836,7
1JWH,5,25.20692253112793,13.303003311157227,49.17496871948242,0.0,0.013855164163878893,-19.913904190063477,0
1JWH,6,20.946697235107422,14.064784049987793,38.028076171875,0.0,0.019609877749232542,-15.33005428314209,2
1JWH,7,33.786293029785156,16.953670501708984,79.36640167236328,0.0,0.00636907716488111,-17.955141067504883,17
1JWH,8,35.28065872192383,19.82010841369629,83.14982604980469,0.0,0.005345617605883298,-19.417625427246094,2
1JWH,9,34.35805130004883,17.319242477416992,80.6146469116211,0.0,0.0061468596550198545,-19.371904373168945,0
1JWH,10,21.74017906188965,13.048243522644043,40.834373474121094,0.0,0.01819107258850124,-16.17055320739746,1
1JWH,11,27.577434539794922,28.67954444885254,79.02035522460938,0.0,0.004722134241687697,-18.37175941467285,0
1JWH,12,29.40223503112793,26.66861915588379,82.06737518310547,0.0,0.004589074018522524,-16.52218246459961,6
1JWH,13,28.717931747436523,23.171310424804688,79.94210052490234,0.0,0.0051173994793707695,-17.706405639648438,2
1JWH,14,24.76114845275879,27.24822235107422,67.96158599853516,0.0,0.006141010530069969,-15.103675842285156,3
5WHK,0,15.433366775512695,12.246822357177734,26.60871124267578,0.0,0.035791850026736134,-15.056897163391113,20
5WHK,1,29.898340225219727,18.252941131591797,57.94594192504883,0.0,0.00925742000491783,-16.76033592224121,3
5WHK,2,32.79118347167969,16.88389778137207,72.85685729980469,0.0,0.0070865130409676165,-16.316328048706055,5
5WHK,3,26.79088020324707,21.581661224365234,50.74185562133789,0.0,0.010700900879365557,-13.593001365661621,22
5WHK,4,32.32806396484375,19.551118850708008,65.16634368896484,0.0,0.007526866735765757,-16.522626876831055,2
5WHK,5,29.345361709594727,17.509349822998047,55.83024597167969,0.0,0.009979912466301765,-16.17001724243164,8
5WHK,6,34.57576370239258,24.771873474121094,72.1334228515625,0.0,0.00578288343816357,-16.039562225341797,24
5WHK,7,28.20671272277832,14.567655563354492,64.0464859008789,0.0,0.00926661357400755,-16.60257339477539,6
5WHK,8,33.00531768798828,24.55925750732422,78.5407943725586,0.0,0.005097783780125317,-15.117573738098145,3
5WHK,9,31.539215087890625,20.168283462524414,65.14053344726562,0.0,0.007414305837554172,-14.627344131469727,3
5WHK,10,31.60503578186035,17.861825942993164,68.7759017944336,0.0,0.007349184767549447,-16.29014778137207,3
5WHK,11,33.45643615722656,28.149560928344727,84.28837585449219,0.0,0.004299543870440423,-17.053396224975586,10
5WHK,12,31.51837921142578,16.21964454650879,69.09959411621094,0.0,0.007795407192718294,-18.674762725830078,11
5WHK,13,30.211965560913086,17.624149322509766,59.009395599365234,0.0,0.009172951663655156,-15.50780200958252,7
5WHK,14,26.691015243530273,16.600595474243164,51.11625671386719,0.0,0.011668672301084752,-14.993227005004883,7
2Z0E,0,4.821496486663818,5.449012279510498,14.305502891540527,0.0,0.11045590562570386,-13.262772560119629,7
2Z0E,1,16.127553939819336,14.8358793258667,50.757503509521484,0.0,0.012465952986040058,-15.814780235290527,3
2Z0E,2,21.112707138061523,18.010318756103516,62.56065368652344,0.0,0.00833808611606792,-15.078843116760254,0
2Z0E,3,5.952721118927002,6.351385116577148,15.321117401123047,0.133333,0.1405048167386099,-16.255279541015625,6
2Z0E,4,8.515707015991211,9.133294105529785,20.68539810180664,0.0,0.056908421788736285,-18.07101821899414,1
2Z0E,5,9.48471736907959,9.78248405456543,22.336620330810547,0.0,0.049821775613850115,-20.205001831054688,1
2Z0E,6,15.887001037597656,15.253666877746582,46.921485900878906,0.0,0.01378383117923035,-17.140594482421875,0
2Z0E,7,9.50516414642334,10.417158126831055,21.645030975341797,0.0,0.05130726043518808,-19.37913703918457,0
2Z0E,8,14.292140007019043,11.797371864318848,40.410430908203125,0.0,0.019426079496566957,-14.629597663879395,10
2Z0E,9,15.692466735839844,16.016765594482422,48.37688064575195,0.0,0.012880567285232404,-17.078243255615234,0
2Z0E,10,4.713540554046631,6.797087669372559,12.661331176757812,0.0,0.11903756149851132,-16.16189956665039,1
2Z0E,11,8.811666488647461,8.663658142089844,20.138357162475586,0.0,0.0601056024860939,-16.125364303588867,0
2Z0E,12,4.528918266296387,5.653148174285889,12.798362731933594,0.0,0.12395187494636645,-15.770256996154785,8
2Z0E,13,6.018845558166504,6.30519962310791,15.289992332458496,0.0,0.09654978115178908,-16.056652069091797,0
2Z0E,14,7.627274036407471,7.239508152008057,18.757226943969727,0.0,0.07051018781950011,-16.687715530395508,0
2W9E,0,8.257665634155273,8.83663272857666,21.024993896484375,0.0,0.056163150025611015,-20.137325286865234,13
2W9E,1,8.997964859008789,8.878215789794922,21.449840545654297,0.0,0.054490983952412024,-16.769731521606445,11
2W9E,2,14.151710510253906,17.244049072265625,40.29542922973633,0.0,0.01670359365142389,-13.610539436340332,28
2W9E,3,26.518831253051758,25.020483016967773,76.99622344970703,0.0,0.005207187368024458,-16.56500816345215,1
2W9E,4,16.170551300048828,11.028238296508789,40.96709060668945,0.0,0.019812196296104093,-15.033390998840332,44
2W9E,5,9.660813331604004,9.240697860717773,23.688589096069336,0.0,0.04658004592866901,-16.897287368774414,10
2W9E,6,7.450252056121826,7.863618850708008,18.35846710205078,0.0,0.070545627736351,-18.87620735168457,5
2W9E,7,10.012758255004883,11.743037223815918,28.935401916503906,0.0,0.03183098320387828,-15.830286026000977,3
2W9E,8,8.522942543029785,10.28650188446045,22.207008361816406,0.0,0.04953557322327629,-17.9749755859375,0
2W9E,9,14.24801254272461,16.011775970458984,40.550575256347656,0.0,0.01692960755375637,-14.360719680786133,13
2W9E,10,9.162878036499023,11.659263610839844,22.58610725402832,0.0,0.046780510236625515,-17.858612060546875,15
2W9E,11,9.374174118041992,11.384421348571777,26.505386352539062,0.0,0.036771936105999735,-16.092435836791992,3
2W9E,12,7.536585330963135,9.292414665222168,22.70818328857422,0.0,0.049429318935095966,-19.028873443603516,7
2W9E,13,7.444265842437744,9.9501953125,22.23049545288086,0.0,0.049923577088466675,-15.905220031738281,2
2W9E,14,9.217458724975586,8.470263481140137,22.29273223876953,0.0,0.052445433166680294,-18.11177635192871,4
3S9D,0,14.492596626281738,11.608378410339355,23.206863403320312,0.0,0.04490288942817292,-22.095294952392578,0
3S9D,1,21.086732864379883,17.211973190307617,58.7672004699707,0.0,0.00934308131512915,-15.373377799987793,0
3S9D,2,14.560330390930176,11.164721488952637,38.042110443115234,0.0,0.021760129486176633,-15.916031837463379,1
3S9D,3,9.780460357666016,9.19459056854248,30.480844497680664,0.0,0.03269279906439577,-16.42994499206543,0
3S9D,4,10.344120979309082,10.808414459228516,17.126379013061523,0.0,0.07217886228848691,-14.245875358581543,2
3S9D,5,64.1545181274414,76.14005279541016,175.0229034423828,0.0,0.0009136590494154424,0.0,0
3S9D,6,15.997496604919434,19.735597610473633,35.21136474609375,0.0,0.020269453698895983,-14.324936866760254,0
3S9D,7,8.892555236816406,9.344023704528809,16.501502990722656,0.0,0.07827221684862351,-16.19596290588379,0
3S9D,8,16.318679809570312,12.672384262084961,27.464807510375977,0.0,0.033742392010406345,-18.66911506652832,0
3S9D,9,10.855278968811035,8.666865348815918,18.375001907348633,0.0,0.06844986343368052,-18.787704467773438,0
3S9D,10,4.9005537033081055,5.929508209228516,9.355823516845703,0.0,0.17077534716789025,-18.6693115234375,0
3S9D,11,8.642134666442871,6.956141948699951,14.728109359741211,0.0,0.09809618503433992,-19.82013702392578,0
3S9D,12,15.493972778320312,16.35845184326172,24.605274200439453,0.0,0.03831779602539498,-18.444135665893555,0
3S9D,13,15.269582748413086,16.654211044311523,24.267648696899414,0.0,0.03910767556494334,-18.178659439086914,0
3S9D,14,15.147905349731445,12.410852432250977,24.110219955444336,0.0,0.04164897299378686,-21.305761337280273,0
1AY7,0,12.930587768554688,10.082592010498047,21.752723693847656,0.2,0.11803922900504858,-17.810087203979492,0
1AY7,1,5.346248626708984,4.61781120300293,13.194293022155762,0.0,0.12957932565171212,-18.8695068359375,0
1AY7,2,18.35737419128418,18.937976837158203,52.181068420410156,0.0,0.010694381548820011,-15.313822746276855,0
1AY7,3,2.348820686340332,2.030432939529419,6.415674686431885,0.2,0.3967116593858542,-21.02650260925293,0
1AY7,4,11.132442474365234,8.844829559326172,20.356718063354492,0.2,0.12547404116251212,-19.31961441040039,0
1AY7,5,5.786840438842773,4.843916893005371,14.141474723815918,0.0,0.11763395816212197,-20.487701416015625,0
1AY7,6,11.909608840942383,9.337018013000488,20.33196258544922,0.2,0.12464417335400273,-20.605344772338867,0
1AY7,7,13.351109504699707,10.388367652893066,22.69717788696289,0.0,0.04780683022728277,-18.5165958404541,0
1AY7,8,13.96235179901123,10.466058731079102,21.663875579833984,0.0,0.05117829160403672,-19.737741470336914,0
1AY7,9,8.258410453796387,6.743611812591553,16.350400924682617,0.0,0.08663437574974277,-18.380298614501953,0
1AY7,10,7.887258052825928,6.619704723358154,16.16073989868164,0.0,0.08851072634521516,-18.665924072265625,0
1AY7,11,10.496162414550781,8.67835521697998,26.583850860595703,0.0,0.04058709668963475,-16.519472122192383,0
1AY7,12,3.998638391494751,3.151683807373047,9.652385711669922,0.6,0.40715091385222846,-20.373991012573242,0
1AY7,13,9.08577823638916,7.287834167480469,18.442821502685547,0.0,0.07194681174783157,-18.087526321411133,0
1AY7,14,12.716879844665527,9.592952728271484,19.31109046936035,0.0,0.06205487124260849,-22.830137252807617,0
1F6M,0,5.820596694946289,6.099837303161621,18.510074615478516,0.0,0.07705745749970956,-16.509157180786133,0
1F6M,1,20.581707000732422,19.508331298828125,58.33919906616211,0.0,0.008888155389509496,-15.09322452545166,1
1F6M,2,19.642704010009766,18.68376922607422,56.67082977294922,0.0,0.009468634874710643,-17.155719757080078,0
1F6M,3,19.4692440032959,17.871870040893555,57.655216217041016,0.0,0.009422595584142799,-18.58139419555664,0
1F6M,4,21.141714096069336,21.493614196777344,57.344207763671875,0.0,0.008781955925296025,-15.27341079711914,1
1F6M,5,8.65069580078125,10.612756729125977,20.913814544677734,0.0,0.05378431516858732,-21.758874893188477,0
1F6M,6,7.803763389587402,8.741219520568848,20.05731773376465,0.071429,0.08409476558841429,-17.466459274291992,0
1F6M,7,20.02264404296875,18.838613510131836,58.61897277832031,0.0,0.008964408220119091,-21.049339294433594,0
1F6M,8,10.51183795928955,12.956866264343262,23.541606903076172,0.071429,0.06666174797834301,-13.74644947052002,3
1F6M,9,13.493937492370605,13.46167278289795,36.36461639404297,0.0,0.02135648926956606,-17.648530960083008,0
1F6M,10,18.986923217773438,17.133615493774414,56.16891860961914,0.0,0.009998020016439658,-20.23533821105957,0
1F6M,11,21.354955673217773,21.197858810424805,57.683311462402344,0.0,0.008744901324789799,-14.122053146362305,1
1F6M,12,8.64069938659668,10.217963218688965,21.3079776763916,0.0,0.05279335498077654,-23.67033576965332,0
1F6M,13,20.791393280029297,18.351469039916992,58.456153869628906,0.0,0.009114127670926063,-17.624357223510742,1
1F6M,14,19.639543533325195,17.726585388183594,57.715911865234375,0.0,0.009446110272163853,-16.823951721191406,0
4FQI,0,19.45454978942871,13.963337898254395,85.96171569824219,0.0,0.007030374912897708,-11.933271408081055,60
4FQI,1,39.74474334716797,17.015050888061523,86.26290893554688,0.0,0.005775913400835923,-12.846829414367676,39
4FQI,2,35.46259307861328,17.999269485473633,63.361167907714844,0.0,0.008191865766895347,-13.429157257080078,26
4FQI,3,38.57183074951172,16.045644760131836,81.65911102294922,0.0,0.006460757021737376,-11.7366361618042,38
4FQI,4,18.29146957397461,13.63101577758789,88.03536224365234,0.0,0.007066939348926759,-12.74882984161377,47
4FQI,5,25.188737869262695,13.970023155212402,84.25556945800781,0.0,0.007157486758018326,-12.025423049926758,141
4FQI,6,17.430994033813477,13.60250186920166,63.547569274902344,0.0,0.00986365734095791,-11.51791763305664,85
4FQI,7,24.891979217529297,17.3161563873291,54.330535888671875,0.0,0.010446542430867367,-12.456315040588379,89
4FQI,8,36.869407653808594,14.840947151184082,83.02684783935547,0.0,0.006828144109837178,-10.903542518615723,80
4FQI,9,26.874731063842773,11.196046829223633,65.46846771240234,0.0,0.011403441278053561,-11.81156063079834,132
4FQI,10,28.18089485168457,15.743843078613281,52.143585205078125,0.0,0.011626874800358887,-12.416651725769043,28
4FQI,11,36.51432418823242,14.72846794128418,61.91157531738281,0.0,0.009588723817744373,-12.095396041870117,68
4FQI,12,27.57714080810547,11.917675971984863,91.24722290039062,0.0,0.008065831529858096,-12.862948417663574,37
4FQI,13,17.320676803588867,12.04661750793457,65.87812805175781,0.0,0.010547574732295518,-13.241345405578613,54
4FQI,14,16.765371322631836,12.731836318969727,56.578678131103516,0.0,0.011920732366052442,-11.583189964294434,102
1Z5Y,0,11.625494956970215,6.286189079284668,24.90815544128418,0.181818,0.11333214732897023,-15.267428398132324,17
1Z5Y,1,17.95814323425293,13.135854721069336,57.181846618652344,0.0,0.011496835602593083,-13.691073417663574,2
1Z5Y,2,16.9754581451416,16.291234970092773,72.48965454101562,0.0,0.007323115272004623,-10.068296432495117,0
1Z5Y,3,13.512504577636719,8.70435905456543,35.53658676147461,0.0,0.027652041463159638,-16.418371200561523,1
1Z5Y,4,17.06988525390625,12.285755157470703,56.35527420043945,0.0,0.012310326282705272,-12.945198059082031,1
1Z5Y,5,16.90868377685547,10.342576026916504,56.35129928588867,0.0,0.014282405767111745,-18.00779914855957,7
1Z5Y,6,16.429645538330078,9.65230655670166,51.226776123046875,0.0,0.016791786759698623,-16.44107437133789,17
1Z5Y,7,15.07145881652832,9.99034595489502,42.67597579956055,0.0,0.020067858876660613,-17.532018661499023,0
1Z5Y,8,9.33049488067627,6.87180757522583,37.40480041503906,0.0,0.03152814596328649,-17.026273727416992,0
1Z5Y,9,4.6381659507751465,4.881612777709961,9.566367149353027,0.363636,0.29702948923184924,-15.056763648986816,1
1Z5Y,10,6.663328170776367,6.351229667663574,17.40732192993164,0.0,0.08178744068051448,-18.33853530883789,2
1Z5Y,11,16.8427677154541,11.845074653625488,58.11693572998047,0.0,0.012242121923192135,-14.201056480407715,0
1Z5Y,12,3.374274969100952,2.766613245010376,8.911170959472656,0.818182,0.5072524438952891,-16.395174026489258,5
1Z5Y,13,10.394826889038086,7.333323001861572,32.689903259277344,0.0,0.03449569350974254,-17.171283721923828,0
1Z5Y,14,5.0841288566589355,4.755168914794922,17.943098068237305,0.0,0.09126042665535987,-15.654742240905762,1
2FD6,0,17.547359466552734,14.496114730834961,31.127958297729492,0.0,0.02666165100547375,-16.98527717590332,9
2FD6,1,24.647493362426758,24.808979034423828,62.979248046875,0.0,0.007177346899060036,-17.44074058532715,3
2FD6,2,17.724231719970703,17.867197036743164,30.317140579223633,0.0,0.02662567213369255,-15.74746322631836,2
2FD6,3,17.45694351196289,14.593905448913574,31.350317001342773,0.0,0.026310416192832437,-17.182886123657227,0
2FD6,4,20.934524536132812,18.858688354492188,38.033687591552734,0.0,0.017952254529350824,-17.18071174621582,8
2FD6,5,19.4307861328125,15.875680923461914,36.04825210571289,0.0,0.02050637053222211,-18.735380172729492,4
2FD6,6,17.84244155883789,16.77444076538086,32.40686798095703,0.0,0.024100216486814905,-16.370882034301758,6
2FD6,7,25.05031967163086,19.71281623840332,56.33492660522461,0.0,0.009338594731364893,-15.351946830749512,38
2FD6,8,21.199195861816406,16.578388214111328,42.58864212036133,0.0,0.015475915464257568,-14.69308090209961,17
2FD6,9,28.756546020507812,27.42899513244629,67.01493072509766,0.0,0.006271574515949725,-18.842811584472656,4
2FD6,10,18.33861541748047,14.321176528930664,31.845327377319336,0.0,0.025785670029483565,-18.659677505493164,1
2FD6,11,18.90791893005371,17.178173065185547,32.401302337646484,0.0,0.023985208918296988,-15.119145393371582,15
2FD6,12,18.202444076538086,19.97111701965332,38.137176513671875,0.0,0.017644703136495035,-20.755538940429688,0
2FD6,13,18.440990447998047,14.539130210876465,32.356266021728516,0.0,0.025029409598661137,-17.225852966308594,11
2FD6,14,21.119384765625,17.795825958251953,49.92528533935547,0.0,0.01174153308050996,-14.183393478393555,47
1GP2,0,21.316375732421875,17.37812042236328,36.073387145996094,0.0,0.01999886423467512,-14.302804946899414,3
1GP2,1,8.758240699768066,7.34221076965332,20.504615783691406,0.0,0.06223654645938657,-14.05474853515625,6
1GP2,2,17.5706844329834,15.924103736877441,30.92699432373047,0.0,0.026342433707553015,-14.213146209716797,4
1GP2,3,17.08457374572754,13.387275695800781,31.99344253540039,0.0,0.0261101797144296,-14.387011528015137,15
1GP2,4,17.956085205078125,17.418394088745117,32.45689392089844,0.0,0.02384787960661069,-13.271212577819824,18
1GP2,5,18.547340393066406,15.264625549316406,32.8105354309082,0.0,0.02415222540657513,-14.526216506958008,7
1GP2,6,24.339183807373047,21.894493103027344,69.20072174072266,0.0,0.006511657351744598,-13.131543159484863,26
1GP2,7,19.887855529785156,16.277515411376953,34.25244903564453,0.0,0.022143391014703254,-14.569186210632324,3
1GP2,8,13.460100173950195,10.961949348449707,35.12367630004883,0.0,0.024568356820536486,-13.086956024169922,22
1GP2,9,9.827269554138184,9.148320198059082,18.954120635986328,0.0,0.06453877123443169,-13.59652328491211,12
1GP2,10,7.413329124450684,8.368688583374023,21.02705955505371,0.0,0.05719506558445884,-12.515447616577148,0
1GP2,11,9.865753173828125,8.565400123596191,21.980606079101562,0.0,0.05328089757844056,-11.812314987182617,17
1GP2,12,17.617172241210938,17.248523712158203,39.786041259765625,0.0,0.017052277123618023,-13.822218894958496,23
1GP2,13,27.297054290771484,19.151704788208008,51.96718215942383,0.0,0.01071775759135093,-12.879672050476074,19
1GP2,14,17.447221755981445,14.975704193115234,30.846881866455078,0.0,0.026834872236934034,-14.816550254821777,8
1AZS,0,21.60784339904785,11.664340019226074,72.87647247314453,0.0,0.00989649564927049,-13.030962944030762,15
1AZS,1,27.707897186279297,13.83596134185791,67.46656799316406,0.0,0.009080637370099362,-18.24658966064453,1
1AZS,2,28.17173194885254,15.023862838745117,68.20121002197266,0.0,0.008388410749316276,-15.764460563659668,6
1AZS,3,20.438905715942383,16.949237823486328,65.790771484375,0.0,0.008063079530668054,-12.928515434265137,13
1AZS,4,18.61471176147461,19.8273868560791,60.80078125,0.0,0.008286804425017606,-16.694652557373047,3
1AZS,5,26.037151336669922,15.108917236328125,66.74986267089844,0.0,0.00857238056423723,-14.497760772705078,56
1AZS,6,24.68543243408203,22.80514907836914,72.52337646484375,0.0,0.005952735358775128,-16.10370635986328,3
1AZS,7,22.58637237548828,21.69562530517578,69.7475357055664,0.0,0.006463952791342156,-15.216034889221191,12
1AZS,8,19.083545684814453,18.87441062927246,63.738243103027344,0.0,0.007916615784509662,-17.908740997314453,4
1AZS,9,27.434955596923828,17.337207794189453,55.143096923828125,0.0,0.010212993746340876,-13.347447395324707,104
1AZS,10,25.446992874145508,11.510421752929688,64.51122283935547,0.0,0.011254434331821514,-15.13124942779541,85
1AZS,11,14.215152740478516,11.846900939941406,22.69317626953125,0.0,0.04627123999452957,-14.06834888458252,14
1AZS,12,28.602941513061523,14.683761596679688,68.67097473144531,0.0,0.008472518262015206,-17.895389556884766,3
1AZS,13,9.956287384033203,7.523873329162598,25.775178909301758,0.0,0.04543721728622709,-13.760834693908691,10
1AZS,14,18.324871063232422,14.864850044250488,68.23202514648438,0.0,0.00845392707324699,-12.861170768737793,13
3CPH,0,22.479957580566406,18.282360076904297,59.23056411743164,0.0,0.008955091714666193,-19.224363327026367,14
3CPH,1,8.081832885742188,8.312541961669922,16.610998153686523,0.0,0.07968195063355303,-15.732294082641602,4
3CPH,2,5.2733259201049805,5.507989406585693,10.88941478729248,0.0,0.14921814855752993,-20.84337043762207,6
3CPH,3,22.17116355895996,20.852270126342773,68.80725860595703,0.0,0.006726362492378383,-17.66151237487793,9
3CPH,4,13.594765663146973,11.822212219238281,26.413955688476562,0.0,0.03656035038822367,-16.147722244262695,3
3CPH,5,24.21640968322754,21.96083641052246,69.58903503417969,0.0,0.006447979028273256,-17.39459228515625,10
3CPH,6,20.66301918029785,19.781097412109375,61.34248352050781,0.0,0.008185401761355704,-16.6640625,8
3CPH,7,17.01421546936035,14.558123588562012,49.04679489135742,0.0,0.013221075354788017,-15.758387565612793,4
3CPH,8,25.107444763183594,20.88607406616211,67.42637634277344,0.0,0.006924922719222622,-17.1686954498291,5
3CPH,9,23.982187271118164,20.218948364257812,64.60670471191406,0.0,0.00749620544138237,-17.96771812438965,8
3CPH,10,14.994690895080566,14.224020957946777,45.556636810302734,0.0,0.014879947005301796,-14.862557411193848,2
3CPH,11,6.069221019744873,5.215964317321777,12.86734676361084,0.0,0.12672911576296322,-20.979637145996094,8
3CPH,12,18.964622497558594,15.671615600585938,50.82538604736328,0.0,0.012095359778866463,-14.915462493896484,5
3CPH,13,23.043895721435547,18.715883255004883,62.538360595703125,0.0,0.008173533589227965,-19.82454490661621,11
3CPH,14,18.943012237548828,15.722018241882324,51.11634826660156,0.0,0.011975979545470096,-14.992453575134277,4
1MLC,0,13.324414253234863,12.033228874206543,34.00986099243164,0.0,0.024697497450493006,-17.59823989868164,4
1MLC,1,13.618453979492188,12.163151741027832,30.586936950683594,0.0625,0.04972361608353012,-13.592036247253418,65
1MLC,2,6.547350883483887,8.132434844970703,15.430144309997559,0.0,0.08857029808706979,-16.78601837158203,1
1MLC,3,12.117006301879883,12.317214012145996,26.941524505615234,0.0,0.035047271410514856,-19.79505157470703,0
1MLC,4,6.051630020141602,7.3406758308410645,14.379131317138672,0.0,0.09967780186361423,-16.492502212524414,1
1MLC,5,12.192523002624512,11.52778148651123,30.602130889892578,0.0,0.029424469544667157,-18.411462783813477,1
1MLC,6,11.32132625579834,12.575079917907715,26.878456115722656,0.0,0.03498120010189211,-13.648430824279785,43
1MLC,7,11.333983421325684,11.452251434326172,25.124164581298828,0.0,0.039856894099146,-19.13604164123535,6
1MLC,8,6.9947614669799805,7.394166469573975,15.83584213256836,0.0,0.0877314197179377,-18.506927490234375,1
1MLC,9,10.344664573669434,10.32561206817627,23.39716911315918,0.0,0.045753360252592266,-19.940446853637695,13
1MLC,10,14.076927185058594,9.866729736328125,32.0385627746582,0.0,0.029449397927362453,-14.049985885620117,41
1MLC,11,14.528131484985352,11.432358741760254,34.28296661376953,0.0,0.024945434470955777,-15.286920547485352,40
1MLC,12,8.996284484863281,9.78175163269043,19.797103881835938,0.0,0.05954245444137707,-19.12494659423828,1
1MLC,13,12.810714721679688,11.662028312683105,32.51001739501953,0.0,0.026753545672880685,-16.43944549560547,0
1MLC,14,15.852532386779785,13.965527534484863,36.578853607177734,0.0,0.02087878693373529,-13.694674491882324,75
4G6M,0,30.560213088989258,29.04741668701172,78.955810546875,0.0,0.0047054728368713,-15.738070487976074,6
4G6M,1,18.994495391845703,21.595136642456055,49.60527420043945,0.0,0.011108593031281607,-14.46943473815918,5
4G6M,2,36.325782775878906,35.030723571777344,95.43831634521484,0.0,0.0032333033024350023,-17.663127899169922,10
4G6M,3,10.364185333251953,12.827666282653809,20.681026458740234,0.0,0.052667445225073085,-17.29880714416504,5
4G6M,4,23.850862503051758,25.792308807373047,61.07951354980469,0.0,0.007456398390311477,-18.36151695251465,9
4G6M,5,10.293593406677246,12.303545951843262,20.67984962463379,0.0,0.0530576529305408,-18.12691307067871,5
4G6M,6,10.926859855651855,14.094043731689453,21.918622970581055,0.0,0.04730920779932701,-17.405611038208008,4
4G6M,7,17.967512130737305,18.871950149536133,44.427249908447266,0.0,0.013863390486535893,-16.040803909301758,22
4G6M,8,12.176411628723145,17.073822021484375,29.13787841796875,0.0,0.028694621997369368,-20.761728286743164,0
4G6M,9,22.38637924194336,21.489933013916016,60.33687210083008,0.0,0.008102734890922026,-16.63477325439453,5
4G6M,10,12.553540229797363,17.32938575744629,30.25731658935547,0.0,0.026860751202899047,-19.59729766845703,1
4G6M,11,26.99601936340332,24.754318237304688,73.01819610595703,0.0,0.005676112206349812,-23.386463165283203,0
4G6M,12,13.031765937805176,17.096981048583984,35.236270904541016,0.0,0.0208766235569753,-18.813922882080078,1
4G6M,13,20.963491439819336,22.769216537475586,54.6290168762207,0.0,0.009319581919449307,-16.091575622558594,5
4G6M,14,10.15132999420166,12.63608455657959,20.063732147216797,0.0,0.055354652744955664,-18.274255752563477,0
3FN1,0,21.79808235168457,19.427968978881836,57.63560485839844,0.0,0.009070883832403037,-18.613967895507812,0
3FN1,1,13.492396354675293,13.435413360595703,28.682601928710938,0.0,0.031014241824894456,-15.9316987991333,3
3FN1,2,13.857978820800781,15.551586151123047,29.886436462402344,0.0,0.028017701500673602,-18.454116821289062,0
3FN1,3,12.87536907196045,14.598503112792969,28.07570457458496,0.0,0.031470199737114096,-13.998849868774414,7
3FN1,4,21.650007247924805,20.504945755004883,59.302799224853516,0.0,0.008484480223686463,-22.206298828125,0
3FN1,5,21.142364501953125,18.41691780090332,55.449951171875,0.0,0.009849544817759653,-20.4478702545166,0
3FN1,6,21.09109878540039,18.928791046142578,56.00227737426758,0.0,0.009586252050439056,-19.7758846282959,0
3FN1,7,19.553747177124023,19.620615005493164,57.962039947509766,0.0,0.00895448967940239,-20.814899444580078,0
3FN1,8,13.517428398132324,15.095248222351074,30.18527603149414,0.0,0.027749061384972084,-15.600406646728516,0
3FN1,9,21.364110946655273,18.40949249267578,55.45954895019531,0.0,0.009848717667883151,-20.222257614135742,0
3FN1,10,19.98661231994629,17.479127883911133,54.573997497558594,0.0,0.010331581734296304,-19.447378158569336,13
3FN1,11,20.458566665649414,18.929622650146484,57.38045883178711,0.0,0.009237482613613856,-19.92379379272461,1
3FN1,12,18.168554306030273,18.084686279296875,58.784423828125,0.0,0.00910413328200147,-18.400508880615234,0
3FN1,13,13.564705848693848,14.508248329162598,28.03130531311035,0.0,0.0315944618807121,-16.54030990600586,1
3FN1,14,7.743518829345703,7.572721004486084,23.767404556274414,0.0,0.05038386707417345,-22.319129943847656,0
1EZU,0,12.060373306274414,12.536591529846191,47.36043930053711,0.0,0.015106662347336987,-17.91745948791504,9
1EZU,1,25.217662811279297,28.64218521118164,60.74272537231445,0.0,0.007313573817290035,-14.580053329467773,0
1EZU,2,14.14205551147461,14.220165252685547,43.65983200073242,0.0,0.0158410897754218,-18.43620491027832,2
1EZU,3,17.111421585083008,17.481952667236328,51.60972213745117,0.135135,0.056284091919626765,-19.398380279541016,6
1EZU,4,23.586071014404297,22.530872344970703,48.53356170654297,0.0,0.01139089983891779,-14.374397277832031,19
1EZU,5,15.175193786621094,14.12004566192627,52.144901275634766,0.0,0.012347637101336162,-20.25895881652832,1
1EZU,6,13.703749656677246,12.83376693725586,45.659584045410156,0.108108,0.05169316512064582,-17.50789451599121,6
1EZU,7,23.779661178588867,22.025493621826172,51.65889358520508,0.0,0.010325543943373582,-13.6339693069458,10
1EZU,8,16.856874465942383,16.365692138671875,51.390892028808594,0.0,0.011653010709070146,-14.293554306030273,5
1EZU,9,26.21576690673828,27.985639572143555,63.69209289550781,0.0,0.006787694407406934,-22.17710304260254,5
1EZU,10,15.19575309753418,14.358016014099121,52.378700256347656,0.27027,0.10224179668012828,-19.99759292602539,7
1EZU,11,25.008710861206055,23.410951614379883,52.10942840576172,0.0,0.010002155956967613,-18.012048721313477,3
1EZU,12,13.369865417480469,12.60986328125,45.00833511352539,0.216216,0.0882020985130717,-18.532468795776367,5
1EZU,13,22.540435791015625,23.329851150512695,48.275142669677734,0.0,0.011395570867602225,-15.657186508178711,11
1EZU,14,17.653484344482422,17.288602828979492,55.27335739135742,0.0,0.010191255268259316,-17.383420944213867,3
2HQS,0,21.7559814453125,18.96891975402832,58.688087463378906,0.0,0.008920007905494673,-18.66193389892578,0
2HQS,1,9.19963550567627,10.370227813720703,22.439193725585938,0.0,0.04865935469574206,-18.032651901245117,2
2HQS,2,5.865964889526367,7.09487247467041,14.297159194946289,0.0,0.10131270175857249,-18.762420654296875,1
2HQS,3,10.492704391479492,10.944016456604004,25.547481536865234,0.0,0.03936833993656999,-18.364627838134766,0
2HQS,4,8.004508018493652,9.256172180175781,19.543636322021484,0.0,0.06155302690336469,-17.665342330932617,2
2HQS,5,8.840883255004883,10.448379516601562,20.627399444580078,0.0,0.055116776170297914,-16.834447860717773,1
2HQS,6,10.322856903076172,10.253717422485352,24.903797149658203,0.0,0.04176390608813232,-19.296138763427734,0
2HQS,7,4.694260120391846,6.192343235015869,11.950606346130371,0.0,0.13045574119146705,-17.0568790435791,3
2HQS,8,19.398244857788086,16.797086715698242,54.810874938964844,0.0,0.01046540932923843,-17.056978225708008,0
2HQS,9,9.02782154083252,10.646087646484375,21.27597999572754,0.0,0.05236873740339876,-17.177265167236328,0
2HQS,10,7.524823188781738,8.625049591064453,18.309080123901367,0.0,0.06889002895140717,-17.061782836914062,1
2HQS,11,16.61088752746582,15.903791427612305,46.473392486572266,0.0,0.013728992304512402,-20.719966888427734,1
2HQS,12,8.919466972351074,9.804473876953125,21.673717498779297,0.0,0.05205787018795493,-18.292083740234375,0
2HQS,13,9.725423812866211,10.61130142211914,23.467239379882812,0.0,0.04518970872713688,-18.890439987182617,0
2HQS,14,12.086767196655273,12.34842586517334,32.638858795166016,0.0,0.02601836136375528,-14.282964706420898,0
1FLE,0,1.5410324335098267,1.8061631917953491,5.2685394287109375,0.461538,0.5307224512861982,-19.228513717651367,2
1FLE,1,6.223047733306885,7.012972831726074,19.561338424682617,0.076923,0.09316592991856025,-19.84014320373535,1
1FLE,2,10.132715225219727,10.856611251831055,34.32969665527344,0.0,0.025498645195735848,-19.87775421142578,4
1FLE,3,10.553058624267578,10.748489379882812,35.189170837402344,0.0,0.02474462375215058,-22.33919906616211,1
1FLE,4,8.20689582824707,8.32710075378418,27.981714248657227,0.153846,0.08991842155766117,-21.05670928955078,2
1FLE,5,13.925044059753418,13.388367652893066,45.42441177368164,0.0,0.015409205149365926,-20.055580139160156,7
1FLE,6,5.920226097106934,5.7048420906066895,18.51535987854004,0.153846,0.1308592268871393,-23.31553840637207,1
1FLE,7,8.344112396240234,7.916056156158447,26.56612777709961,0.0,0.04250883525137985,-20.364383697509766,0
1FLE,8,11.773737907409668,11.14811897277832,39.194427490234375,0.0,0.020900399810856715,-20.380279541015625,3
1FLE,9,19.673748016357422,15.809126853942871,54.980430603027344,0.0,0.010755205975764308,-19.364200592041016,9
1FLE,10,6.369703769683838,6.890707969665527,20.965700149536133,0.038462,0.07495671223926896,-21.781896591186523,0
1FLE,11,19.06568145751953,16.753345489501953,55.205299377441406,0.0,0.01037020926135142,-16.25436782836914,5
1FLE,12,17.298233032226562,14.78697681427002,51.11006546020508,0.0,0.012366421660410491,-19.72480583190918,3
1FLE,13,5.475025177001953,7.364757061004639,14.406132698059082,0.0,0.09935425907753807,-18.842416763305664,1
1FLE,14,5.709782600402832,6.0559258460998535,17.181888580322266,0.115385,0.12326857895646497,-21.964168548583984,3
2NZ8,0,21.0805606842041,16.9866943359375,49.93498992919922,0.0,0.011965569225629955,-16.141136169433594,1
2NZ8,1,12.341593742370605,9.98450756072998,21.76929473876953,0.0,0.05145361831843476,-14.627646446228027,0
2NZ8,2,14.765108108520508,11.644186973571777,24.588396072387695,0.0,0.04102326531115716,-15.87466812133789,10
2NZ8,3,19.588403701782227,16.936540603637695,52.82720947265625,0.0,0.011006318101634821,-10.911413192749023,6
2NZ8,4,19.54415512084961,16.7088680267334,52.48809051513672,0.0,0.011183192048000945,-11.011698722839355,2
2NZ8,5,13.757051467895508,11.241864204406738,22.96734619140625,0.0,0.04598638726040743,-17.056116104125977,7
2NZ8,6,20.004920959472656,16.943429946899414,53.62503433227539,0.0,0.010761870663175218,-10.628087997436523,2
2NZ8,7,18.77872085571289,16.5427188873291,50.70842742919922,0.0,0.01182833296223391,-11.379159927368164,3
2NZ8,8,8.994767189025879,7.384413242340088,16.239391326904297,0.75,0.3348924293947991,-15.914366722106934,3
2NZ8,9,20.49150848388672,16.54703712463379,54.56122970581055,0.0,0.010615159510677477,-11.077990531921387,4
2NZ8,10,75.0488510131836,78.28056335449219,159.04025268554688,0.0,0.0010717788544767277,0.0,0
2NZ8,11,25.52235984802246,22.288206100463867,63.97014617919922,0.0,0.007286068372478586,-15.163124084472656,9
2NZ8,12,22.3703670501709,23.53342628479004,52.91633605957031,0.0,0.0097331730498857,-14.278945922851562,5
2NZ8,13,14.184621810913086,11.168506622314453,23.7684326171875,0.0,0.0437024369116481,-15.595987319946289,11
2NZ8,14,16.61214256286621,14.01809310913086,27.17474937438965,0.0,0.033479667905681236,-14.21950912475586,12
1N2C,0,52.97747039794922,42.54787063598633,131.73011779785156,0.0,0.0017958847841093326,-18.98251724243164,32
1N2C,1,16.28881072998047,17.715003967285156,35.54757308959961,0.142857,0.06801994886237774,-17.53179931640625,15
1N2C,2,53.62125015258789,43.6848030090332,134.1761016845703,0.0,0.0017249205178561185,-20.566396713256836,16
1N2C,3,53.50933837890625,43.52570343017578,134.01119995117188,0.0,0.0017310599557863703,-19.735891342163086,20
1N2C,4,17.10909652709961,18.58218002319336,37.49620056152344,0.020408,0.025252817183831027,-17.351320266723633,47
1N2C,5,16.776657104492188,18.2158260345459,36.61366271972656,0.081633,0.04650246595030471,-18.5642147064209,16
1N2C,6,3.985915184020996,4.202693939208984,9.198885917663574,0.530612,0.3680598289586159,-18.806501388549805,21
1N2C,7,17.302738189697266,19.244600296020508,37.694488525390625,0.081633,0.045353345505431984,-17.447906494140625,36
1N2C,8,17.48624038696289,19.914783477783203,37.85475158691406,0.040816,0.0314854922158494,-17.097185134887695,25
1N2C,9,52.53068923950195,41.929325103759766,129.7074737548828,0.0,0.0018514224728051754,-17.45762062072754,37
1N2C,10,17.656570434570312,19.294172286987305,39.355567932128906,0.0,0.016858658882126166,-14.886683464050293,95
1N2C,11,3.318551540374756,4.1864848136901855,7.770085334777832,0.571429,0.40999058923978987,-19.069154739379883,27
1N2C,12,51.8939208984375,45.59392166137695,132.2455291748047,0.0,0.0017317939882797572,-18.031850814819336,29
1N2C,13,16.928373336791992,18.600326538085938,36.75835037231445,0.102041,0.05308673353731752,-18.503124237060547,14
1N2C,14,17.831382751464844,18.361482620239258,40.88341522216797,0.0,0.016021418531388977,-12.389159202575684,220
3MJ9,0,16.889150619506836,18.625272750854492,33.428131103515625,0.0,0.022391438651177972,-15.344459533691406,9
3MJ9,1,18.114540100097656,19.642818450927734,32.337100982666016,0.0,0.023475175642780125,-16.10750961303711,7
3MJ9,2,18.838668823242188,16.946638107299805,41.18705368041992,0.0,0.016208217221707275,-15.321279525756836,12
3MJ9,3,31.530324935913086,29.49599266052246,75.00856018066406,0.0,0.005086064920107876,-14.406982421875,14
3MJ9,4,16.28200912475586,17.645456314086914,38.99116897583008,0.0,0.017513879699900498,-17.887723922729492,15
3MJ9,5,15.33338451385498,15.042762756347656,39.38449478149414,0.0,0.01811700262358782,-15.102349281311035,2
3MJ9,6,16.173503875732422,18.198705673217773,30.65998077392578,0.0,0.026040334513532673,-17.144895553588867,11
3MJ9,7,18.11573028564453,18.97821807861328,32.19747543334961,0.0,0.02378708860443637,-13.698236465454102,12
3MJ9,8,20.798385620117188,17.542966842651367,53.91459274291992,0.0,0.010503588426013588,-13.505035400390625,19
3MJ9,9,21.19308090209961,17.173940658569336,37.99048614501953,0.0,0.018414663575132433,-16.048540115356445,2
3MJ9,10,15.949026107788086,14.045782089233398,46.01857376098633,0.0,0.01475591909465773,-15.91522216796875,2
3MJ9,11,11.05644416809082,13.1502046585083,29.071731567382812,0.0,0.030532642579171407,-14.043498039245605,20
3MJ9,12,20.523107528686523,16.390117645263672,35.25605773925781,0.0,0.021079678276043585,-15.745213508605957,2
3MJ9,13,11.354232788085938,13.540410041809082,29.24530792236328,0.0,0.030005900392575627,-13.513912200927734,31
3MJ9,14,20.197046279907227,15.991952896118164,39.66968536376953,0.0,0.017539077597540437,-14.139251708984375,17
1F51,0,8.279797554016113,9.537142753601074,20.395431518554688,0.0,0.057375086040459856,-18.08969497680664,5
1F51,1,5.872826099395752,6.75678825378418,15.160202026367188,0.181818,0.15598681361219288,-17.605300903320312,5
1F51,2,19.149168014526367,19.54165267944336,51.87799072265625,0.0,0.010667038005239023,-19.075542449951172,1
1F51,3,9.437397003173828,10.960649490356445,22.914382934570312,0.0,0.046447211590488376,-17.144195556640625,4
1F51,4,12.794360160827637,14.947394371032715,31.835086822509766,0.0,0.025505213708286786,-16.885162353515625,0
1F51,5,18.468313217163086,20.174684524536133,51.27054977416992,0.0,0.01074925770900448,-17.995304107666016,1
1F51,6,5.209514617919922,5.697657585144043,14.278787612915039,0.272727,0.1997307314432654,-17.27467918395996,1
1F51,7,17.933156967163086,18.8498477935791,50.565185546875,0.0,0.011257847908044294,-17.243167877197266,8
1F51,8,17.724557876586914,17.37533950805664,49.67206954956055,0.0,0.011949122186132194,-20.239574432373047,5
1F51,9,8.450926780700684,10.290386199951172,19.05415153503418,0.0,0.06225979288057246,-17.577754974365234,5
1F51,10,17.948345184326172,18.712665557861328,51.88070297241211,0.0,0.010841846981765333,-18.389835357666016,6
1F51,11,18.362102508544922,19.205982208251953,49.968013763427734,0.0,0.011395314342426516,-18.972797393798828,2
1F51,12,18.599367141723633,20.085128784179688,51.049896240234375,0.0,0.010840709609645774,-18.645803451538086,1
1F51,13,3.3815548419952393,3.118889093399048,10.040740966796875,0.181818,0.26238011399866884,-19.19889259338379,1
1F51,14,6.786362171173096,7.507503032684326,17.772653579711914,0.0,0.07484758393141677,-17.06146240234375,7
2OOB,0,10.14688491821289,9.358487129211426,42.60688781738281,0.0,0.021107711737002804,-22.43154525756836,0
2OOB,1,8.816570281982422,8.671846389770508,43.028560638427734,0.0,0.0222027832116265,-21.098583221435547,0
2OOB,2,9.598262786865234,9.010231971740723,41.940223693847656,0.0,0.022140545895176587,-22.99689292907715,1
2OOB,3,10.080117225646973,9.985912322998047,38.25967788696289,0.0,0.02303392957683374,-20.608428955078125,2
2OOB,4,10.063939094543457,9.625931739807129,44.175628662109375,0.0,0.019802774250034058,-21.382192611694336,0
2OOB,5,6.914964199066162,5.778249740600586,16.450658798217773,0.0,0.091284417871552,-19.97846221923828,7
2OOB,6,9.080495834350586,8.760221481323242,44.285926818847656,0.0,0.0213380252948889,-26.363378524780273,1
2OOB,7,8.493084907531738,8.712742805480957,45.3847541809082,0.0,0.0208914547272933,-21.968891143798828,0
2OOB,8,8.891634941101074,8.724122047424316,43.610530853271484,0.0,0.021770649134994557,-26.004100799560547,1
2OOB,9,9.171842575073242,7.4390387535095215,25.634553909301758,0.0,0.046042148138744556,-20.825645446777344,9
2OOB,10,9.292861938476562,8.902300834655762,44.92303466796875,0.0,0.020723657688502702,-19.854276657104492,0
2OOB,11,9.732772827148438,9.3501615524292,45.260982513427734,0.0,0.019719229077470538,-18.342227935791016,0
2OOB,12,10.11484432220459,10.090019226074219,40.24760818481445,0.0,0.02144012451691733,-22.82793426513672,0
2OOB,13,9.012506484985352,8.659937858581543,40.230690002441406,0.0,0.02395352696818134,-20.123584747314453,0
2OOB,14,9.635049819946289,9.289519309997559,43.87208938598633,0.0,0.020529947727592264,-18.30397605895996,0
5WK3,0,5.887319564819336,8.668761253356934,17.02425193786621,0.0,0.07620498141793544,-18.85130500793457,3
5WK3,1,6.204793930053711,9.117044448852539,17.906044006347656,0.0,0.07008525979269138,-18.649078369140625,1
5WK3,2,6.097766876220703,9.389199256896973,17.738908767700195,0.0,0.0705396939393637,-21.547813415527344,0
5WK3,3,5.854606628417969,8.538723945617676,16.96080207824707,0.0,0.07689197722978,-18.803203582763672,0
5WK3,4,6.420522689819336,10.449755668640137,18.71681785583496,0.0,0.06372226069188451,-19.483247756958008,1
5WK3,5,14.016883850097656,14.988173484802246,44.293190002441406,0.0,0.01514507332070096,-13.585234642028809,11
5WK3,6,6.5845112800598145,10.449606895446777,19.10801887512207,0.0,0.06179425624006113,-18.19325828552246,3
5WK3,7,6.658675193786621,10.233644485473633,19.448184967041016,0.0,0.06047208899646265,-16.556724548339844,5
5WK3,8,8.789727210998535,11.450477600097656,27.505823135375977,0.0,0.03468109427803761,-15.114920616149902,18
5WK3,9,6.6655120849609375,10.073044776916504,19.25680923461914,0.0,0.061586287178354675,-19.048067092895508,1
5WK3,10,15.274173736572266,18.74993324279785,48.26544189453125,0.0,0.012146971616033446,-15.814560890197754,25
5WK3,11,6.378685474395752,8.835028648376465,18.477270126342773,0.0,0.06755926107308383,-17.38302993774414,7
5WK3,12,8.045680046081543,11.534276008605957,25.672508239746094,0.0,0.038474641263063075,-18.848283767700195,3
5WK3,13,9.203811645507812,9.525875091552734,27.22041893005371,0.0,0.03768065100829054,-15.641704559326172,19
5WK3,14,8.417123794555664,11.81158447265625,26.67680549621582,0.0,0.03601288001158487,-17.690401077270508,9
1KTZ,0,14.67664909362793,11.451459884643555,32.005218505859375,0.0,0.027584923400613387,-14.908112525939941,0
1KTZ,1,17.820402145385742,11.316633224487305,38.166412353515625,0.0,0.02150704068250817,-14.96190071105957,1
1KTZ,2,14.5809326171875,10.314882278442383,33.83700180053711,0.0,0.026689068870320087,-17.876258850097656,0
1KTZ,3,15.819289207458496,10.94650936126709,34.89365768432617,0.0,0.024815604803254714,-18.491947174072266,2
1KTZ,4,15.033637046813965,11.904500961303711,32.09605407714844,0.0,0.027055664276222607,-15.321874618530273,0
1KTZ,5,17.90550994873047,8.104640007019043,35.35401916503906,0.0,0.02925512261258541,-20.03525733947754,0
1KTZ,6,22.500179290771484,13.77469539642334,49.17390441894531,0.0,0.013577175441329378,-14.563966751098633,0
1KTZ,7,23.604995727539062,28.059814453125,81.24534606933594,0.0,0.004558885145880498,-17.181026458740234,0
1KTZ,8,23.89097785949707,27.407196044921875,81.33695220947266,0.0,0.004596485223688675,-21.951332092285156,0
1KTZ,9,15.396950721740723,10.9495210647583,34.473594665527344,0.0,0.02524385946158877,-14.227387428283691,0
1KTZ,10,15.553337097167969,11.649176597595215,33.627567291259766,0.0,0.02545496470727772,-16.169103622436523,0
1KTZ,11,16.289966583251953,13.631451606750488,33.66969299316406,0.0,0.023959233473774464,-14.835315704345703,0
1KTZ,12,15.267719268798828,11.117568969726562,34.16048812866211,0.0,0.02539421423920706,-16.409263610839844,0
1KTZ,13,15.804624557495117,13.350804328918457,36.337039947509766,0.0,0.02144867591110164,-15.490168571472168,0
1KTZ,14,63.388641357421875,80.11600494384766,179.9636688232422,0.0,0.0008587651536438818,0.0,0
2AYO,0,16.523466110229492,19.230060577392578,45.58731460571289,0.0,0.013215073356758087,-16.843242645263672,0
2AYO,1,17.00333023071289,18.840145111083984,47.87944030761719,0.0,0.01228421691303388,-17.737573623657227,0
2AYO,2,16.04384422302246,18.799219131469727,45.7686882019043,0.0,0.013222309545969832,-17.56330108642578,0
2AYO,3,16.45208740234375,17.613323211669922,46.1896858215332,0.0,0.013318656959975547,-15.520785331726074,1
2AYO,4,11.936010360717773,15.683838844299316,33.154170989990234,0.0,0.023579940979604367,-15.413566589355469,1
2AYO,5,16.479856491088867,18.06170654296875,47.63982009887695,0.0,0.012567378235176991,-19.165931701660156,0
2AYO,6,9.073175430297852,11.790395736694336,24.770769119262695,0.28,0.13375760165567274,-16.9833984375,2
2AYO,7,14.60639476776123,15.569310188293457,41.61739730834961,0.0,0.016413616924469836,-15.702926635742188,0
2AYO,8,20.2424259185791,21.177833557128906,55.649940490722656,0.0,0.009263156803421945,-19.312646865844727,0
2AYO,9,18.825773239135742,22.571626663208008,53.99043655395508,0.0,0.009527751286200392,-14.083348274230957,0
2AYO,10,5.919007778167725,7.989640235900879,14.647433280944824,0.0,0.09532249257840793,-16.33547592163086,4
2AYO,11,20.370710372924805,22.945762634277344,55.32276153564453,0.0,0.009105754729901624,-22.131093978881836,2
2AYO,12,66.8448257446289,85.57339477539062,189.75021362304688,0.0,0.0007699346732291998,0.0,0
2AYO,13,3.796705722808838,4.9287824630737305,10.151602745056152,0.0,0.1656357320481944,-16.710962295532227,0
2AYO,14,15.234822273254395,16.582042694091797,42.939476013183594,0.0,0.015274760295864274,-13.097537994384766,0
1Z0K,0,12.608319282531738,14.63704776763916,26.45507049560547,0.0,0.03465546133287846,-21.064327239990234,5
1Z0K,1,10.592562675476074,12.776924133300781,23.638593673706055,0.0,0.04269665594092182,-15.683246612548828,2
1Z0K,2,12.277605056762695,14.2113676071167,25.745502471923828,0.0,0.036435470355836684,-20.118911743164062,6
1Z0K,3,11.352612495422363,12.84707260131836,26.22425079345703,0.0,0.036173246722166395,-17.43732452392578,3
1Z0K,4,4.040738582611084,4.473600387573242,10.500725746154785,0.416667,0.30452948074156266,-17.343463897705078,1
1Z0K,5,10.498810768127441,11.820310592651367,23.031118392944336,0.0,0.04524305482747659,-15.347647666931152,0
1Z0K,6,5.160245895385742,6.2003278732299805,15.537636756896973,0.0,0.0952098623401112,-17.548046112060547,1
1Z0K,7,7.5433220863342285,8.093445777893066,20.103652954101562,0.0,0.06162150791377364,-18.536985397338867,0
1Z0K,8,7.127800464630127,7.603848457336426,17.841999053955078,0.083333,0.10192275231101099,-17.73097801208496,0
1Z0K,9,12.332791328430176,14.21335506439209,26.551334381103516,0.0,0.034657994382356894,-19.34217071533203,5
1Z0K,10,12.153305053710938,13.690229415893555,25.131187438964844,0.0,0.03817189588566966,-21.472803115844727,5
1Z0K,11,11.560504913330078,13.363569259643555,24.1947021484375,0.0,0.0407686295706322,-14.157111167907715,2
1Z0K,12,8.170103073120117,8.683257102966309,21.952455520629883,0.0,0.05311800081137097,-19.567428588867188,0
1Z0K,13,12.524918556213379,14.465934753417969,26.90059471130371,0.0,0.03380542645487968,-19.81791877746582,6
1Z0K,14,12.564562797546387,14.633522033691406,25.754335403442383,0.0,0.0362085363539956,-15.76413631439209,0
1B6C,0,4.366003036499023,5.224963665008545,16.476943969726562,0.0,0.0954432089154761,-16.138343811035156,9
1B6C,1,6.241125106811523,6.804547309875488,18.602725982666016,0.0,0.07302013639880252,-14.730572700500488,2
1B6C,2,6.604509353637695,7.105585098266602,23.085111618041992,0.0,0.05401670720993243,-15.501193046569824,3
1B6C,3,12.346332550048828,11.914783477783203,31.08412742614746,0.0,0.028391776984104274,-16.210384368896484,12
1B6C,4,9.2960786819458,8.106606483459473,31.244699478149414,0.0,0.03400448783421788,-15.114680290222168,8
1B6C,5,7.798048973083496,9.145920753479004,34.11138916015625,0.0,0.02821876903205417,-16.983579635620117,0
1B6C,6,8.328681945800781,10.679887771606445,62.4765510559082,0.0,0.012506117005439563,-16.060598373413086,7
1B6C,7,10.056772232055664,10.317610740661621,29.803495407104492,0.0,0.03197331747703342,-14.82932186126709,2
1B6C,8,9.043272018432617,11.368123054504395,56.168880462646484,0.0,0.01316673183540792,-15.765913009643555,4
1B6C,9,10.880393981933594,12.212272644042969,71.31817626953125,0.0,0.009622745697820867,-19.537328720092773,4
1B6C,10,10.37785530090332,12.72142219543457,54.97343063354492,0.0,0.012353870842798534,-19.51595115661621,0
1B6C,11,9.998401641845703,9.983867645263672,32.82498550415039,0.0,0.028305115995911737,-15.91692066192627,4
1B6C,12,6.223381996154785,6.269591331481934,18.24863052368164,0.0,0.07747366531148808,-15.475115776062012,2
1B6C,13,2.9403250217437744,3.983572483062744,17.61914825439453,0.0,0.10432598227236496,-15.19734001159668,6
1B6C,14,8.82872200012207,9.037433624267578,55.08692169189453,0.0,0.01668829446757938,-14.118958473205566,14
2FJG,0,8.280888557434082,4.830652236938477,23.468935012817383,0.0,0.06796831838568652,-16.525203704833984,7
2FJG,1,14.233465194702148,13.358498573303223,33.53229522705078,0.0,0.024275916775011157,-19.88631248474121,0
2FJG,2,14.61974048614502,14.583396911621094,29.685266494750977,0.0,0.028748329821136634,-17.301860809326172,5
2FJG,3,11.72954273223877,8.774056434631348,26.966466903686523,0.0,0.03959086715302811,-18.40380096435547,2
2FJG,4,19.47221565246582,17.6871337890625,38.10469436645508,0.0,0.018180767090389138,-18.547719955444336,3
2FJG,5,15.820883750915527,14.814796447753906,32.927371978759766,0.0,0.02420753345288054,-15.773994445800781,9
2FJG,6,19.412752151489258,18.63678741455078,37.76335906982422,0.0,0.018218976731902443,-20.967525482177734,1
2FJG,7,11.038162231445312,7.451858043670654,25.955839157104492,0.0,0.04526543846150013,-17.33087921142578,8
2FJG,8,21.601377487182617,21.61177635192871,44.384185791015625,0.0,0.013390864026885664,-17.609498977661133,27
2FJG,9,9.734489440917969,6.373035907745361,23.590299606323242,0.0,0.05579992885666655,-15.727124214172363,4
2FJG,10,8.234910011291504,5.9273600578308105,21.227155685424805,0.0,0.06612461665085669,-15.725550651550293,16
2FJG,11,16.924888610839844,19.011791229248047,32.80099105834961,0.0,0.023037830309839736,-17.61174201965332,6
2FJG,12,20.659576416015625,16.245786666870117,49.11774444580078,0.0,0.012509940229225991,-16.16040802001953,23
2FJG,13,15.833602905273438,9.339569091796875,40.79988479614258,0.0,0.022247845016382013,-18.686376571655273,4
2FJG,14,10.418949127197266,7.945489883422852,24.314186096191406,0.0,0.04777251788105053,-19.050626754760742,3
1JTD,0,10.238100051879883,8.805583953857422,23.60210418701172,0.0,0.04766934197398775,-18.309022903442383,17
1JTD,1,19.56722640991211,16.94887351989746,33.815208435058594,0.0,0.022400507148006246,-20.90395736694336,3
1JTD,2,6.45196008682251,5.425831317901611,18.648481369018555,0.0,0.08100614157712878,-17.829544067382812,10
1JTD,3,8.490829467773438,7.099042892456055,21.169631958007812,0.0,0.06052419434600629,-17.400455474853516,0
1JTD,4,11.609481811523438,10.62791633605957,25.702924728393555,0.0,0.039371029111006185,-19.03785514831543,1
1JTD,5,8.088902473449707,6.762164115905762,22.279813766479492,0.0,0.05798504107706348,-17.09516716003418,18
1JTD,6,5.849704265594482,4.983348369598389,14.896024703979492,0.999999,0.4429015491082329,-16.773984909057617,5
1JTD,7,10.65259075164795,9.373348236083984,23.996862411499023,0.0,0.045483129637355256,-18.57560157775879,6
1JTD,8,12.64984130859375,11.235298156738281,27.908334732055664,0.0,0.03413327498319108,-20.270986557006836,6
1JTD,9,11.6326265335083,10.570691108703613,26.592721939086914,0.0,0.0374784839761315,-19.174076080322266,1
1JTD,10,11.318521499633789,9.559362411499023,25.169408798217773,0.0,0.042134628031282435,-16.77080535888672,2
1JTD,11,13.695085525512695,12.089439392089844,29.288511276245117,0.0,0.030947948419676043,-20.04022979736328,8
1JTD,12,6.800392150878906,5.7469482421875,22.872966766357422,0.0,0.06170752368040274,-15.586429595947266,12
1JTD,13,10.936638832092285,9.514006614685059,25.799829483032227,0.0,0.040723327566431586,-18.722545623779297,15
1JTD,14,13.58078384399414,11.475123405456543,35.74491500854492,0.0,0.023440185587126308,-13.734003067016602,4
1HE8,0,5.185803413391113,6.058861255645752,14.330859184265137,0.214286,0.17742745111707606,-16.377992630004883,7
1HE8,1,26.21687126159668,25.299318313598633,72.2637710571289,0.0,0.0057165837919879005,-17.600017547607422,2
1HE8,2,4.822734355926514,5.557444095611572,12.805718421936035,0.0,0.12458044345326595,-15.660036087036133,6
1HE8,3,32.251136779785156,32.81525802612305,91.31494140625,0.0,0.0035584560863732417,-12.3701753616333,2
1HE8,4,5.216261386871338,6.1232781410217285,14.181922912597656,0.0,0.10696622125277029,-14.575057029724121,7
1HE8,5,25.718639373779297,24.381271362304688,72.12333679199219,0.0,0.005823324853258322,-17.56500816345215,1
1HE8,6,25.35575294494629,22.793804168701172,69.973876953125,0.0,0.006284424508520729,-19.499231338500977,5
1HE8,7,24.906410217285156,24.054353713989258,70.30323791503906,0.0,0.006093640579324114,-19.38852310180664,7
1HE8,8,25.722124099731445,26.0550594329834,71.8442153930664,0.0,0.005702598029608298,-16.8299560546875,1
1HE8,9,25.77556800842285,24.210256576538086,71.96534729003906,0.0,0.00586087213638618,-17.508872985839844,2
1HE8,10,25.282987594604492,24.468351364135742,71.68849182128906,0.0,0.0058692228164203145,-18.685501098632812,3
1HE8,11,26.45988655090332,24.189868927001953,72.85175323486328,0.0,0.005753579196958051,-17.28141212463379,8
1HE8,12,25.887788772583008,24.46999740600586,72.26316833496094,0.0,0.005796846234491112,-17.570222854614258,4
1HE8,13,34.508209228515625,38.524993896484375,98.9052505493164,0.0,0.00294845858470698,-17.999731063842773,5
1HE8,14,27.755151748657227,25.0338191986084,74.82250213623047,0.0,0.005439488087483378,-11.98295783996582,39
3K75,0,21.002599716186523,13.021946907043457,48.44997787475586,0.0,0.014318233883220108,-15.08696174621582,7
3K75,1,20.975858688354492,14.355839729309082,54.6655158996582,0.0,0.011468790602589499,-16.906511306762695,4
3K75,2,14.211190223693848,8.234123229980469,30.451778411865234,0.0,0.03480043325676016,-15.120013236999512,0
3K75,3,15.4352445602417,7.9693193435668945,31.92432403564453,0.0,0.03347130763765812,-17.08316421508789,0
3K75,4,14.090869903564453,8.152388572692871,32.944759368896484,0.0,0.03171962231101607,-14.17742919921875,0
3K75,5,21.461685180664062,13.735864639282227,49.61989212036133,0.0,0.013430904115596859,-15.58544635772705,4
3K75,6,18.41643524169922,13.29133129119873,53.967166900634766,0.0,0.012260979399242181,-13.689950942993164,1
3K75,7,15.33764934539795,7.474944591522217,30.927051544189453,0.0,0.03631395636097254,-19.414474487304688,0
3K75,8,27.23562240600586,19.276338577270508,66.83679962158203,0.0,0.007311665430664365,-17.723825454711914,3
3K75,9,13.437275886535645,8.373429298400879,32.21929168701172,0.0,0.03205441834081096,-14.82502269744873,0
3K75,10,14.579604148864746,8.732632637023926,33.7921142578125,0.0,0.029388496472968897,-15.780234336853027,1
3K75,11,22.420198440551758,19.08369255065918,63.920780181884766,0.0,0.007838620434619453,-18.886547088623047,2
3K75,12,55.92831039428711,67.94745635986328,148.45729064941406,0.0,0.0012515302543813522,0.0,0
3K75,13,11.306208610534668,8.283096313476562,24.48273468017578,0.0,0.04644103748859002,-15.21517562866211,1
3K75,14,15.427265167236328,7.974343299865723,31.21126365661621,0.166667,0.08996246441619059,-16.4636287689209,2
5O14,0,16.77140235900879,13.754755020141602,34.896034240722656,0.0,0.022587103019780935,-14.817363739013672,4
5O14,1,22.3923397064209,21.41092872619629,56.41548538208008,0.0,0.00902700695584217,-18.022504806518555,3
5O14,2,19.371919631958008,14.85991382598877,41.447410583496094,0.0,0.016815558090588812,-16.008581161499023,8
5O14,3,13.99661636352539,10.145238876342773,31.471988677978516,0.0,0.02979254467348445,-16.852991104125977,0
5O14,4,24.36153793334961,23.255374908447266,60.75604248046875,0.0,0.007780162359440024,-16.376880645751953,4
5O14,5,14.776015281677246,10.556456565856934,32.24159622192383,0.0,0.028259101413594043,-18.579904556274414,0
5O14,6,22.57244300842285,21.74006462097168,56.175052642822266,0.0,0.009040367261613903,-17.209775924682617,4
5O14,7,13.350659370422363,10.371719360351562,30.93182945251465,0.0,0.030233159206485474,-15.581950187683105,1
5O14,8,25.4700984954834,17.072757720947266,62.55004119873047,0.0,0.008597237539868447,-18.052013397216797,8
5O14,9,12.708028793334961,9.734829902648926,32.15339279174805,0.0,0.02950399164595353,-12.578536033630371,2
5O14,10,23.192550659179688,22.21560287475586,57.970184326171875,0.0,0.008528427285476314,-17.311107635498047,5
5O14,11,25.285913467407227,16.411033630371094,61.61769485473633,0.0,0.008986405874019323,-17.12693214416504,8
5O14,12,22.845678329467773,20.826862335205078,54.89364242553711,0.0,0.009525320359506007,-17.399389266967773,6
5O14,13,22.10763931274414,21.008647918701172,54.733978271484375,0.0,0.009540360241625486,-17.761749267578125,4
5O14,14,22.822908401489258,18.476625442504883,56.98575973510742,0.0,0.009437375525099555,-15.621496200561523,0
1R8S,0,8.31991195678711,8.12108325958252,22.12445640563965,0.071429,0.07767903344089354,-13.315516471862793,2
1R8S,1,11.368340492248535,10.692873001098633,28.97869873046875,0.0,0.0328396648111107,-15.042407989501953,0
1R8S,2,12.700796127319336,11.457539558410645,30.157808303833008,0.071429,0.05395777279146031,-19.52004623413086,4
1R8S,3,10.267443656921387,9.951081275939941,28.87422752380371,0.0,0.03398854670261719,-15.83320140838623,1
1R8S,4,14.341864585876465,14.413432121276855,34.85212326049805,0.0,0.022285403921339483,-16.091659545898438,1
1R8S,5,9.134428024291992,8.598841667175293,24.18976402282715,0.0,0.04647831331107363,-12.65384292602539,1
1R8S,6,8.424287796020508,8.270584106445312,23.490638732910156,0.071429,0.07301636113113297,-14.199713706970215,0
1R8S,7,10.744099617004395,10.779544830322266,27.12468147277832,0.0,0.03613802777182335,-16.751201629638672,0
1R8S,8,15.28064250946045,15.619874000549316,41.68798065185547,0.0,0.016350623538634604,-13.392127990722656,0
1R8S,9,9.53913402557373,8.891388893127441,20.385290145874023,0.071429,0.08240429723681508,-12.942461013793945,2
1R8S,10,16.36630630493164,15.22514820098877,38.729331970214844,0.071429,0.042332168851444564,-14.174293518066406,5
1R8S,11,7.433215141296387,6.773191452026367,17.259567260742188,0.142857,0.12826805488760393,-12.666350364685059,3
1R8S,12,17.447511672973633,15.399559020996094,51.09455490112305,0.0,0.01210947202648864,-14.419668197631836,16
1R8S,13,14.562188148498535,15.356409072875977,45.300559997558594,0.0,0.014486926876255647,-14.217589378356934,1
1R8S,14,15.906405448913574,14.695296287536621,37.94927978515625,0.142857,0.06698012688400679,-16.374385833740234,0
1K74,0,22.85407257080078,22.98615074157715,48.8214225769043,0.0,0.011220249930434183,-20.69304847717285,7
1K74,1,23.690561294555664,24.49326515197754,47.43115997314453,0.0,0.011617457917237532,-16.845800399780273,11
1K74,2,23.489755630493164,25.304550170898438,48.82005310058594,0.0,0.010974512288814376,-14.229207038879395,14
1K74,3,22.06205940246582,25.017478942871094,68.55150604248047,0.0,0.006241298512736841,-18.68408203125,11
1K74,4,23.245521545410156,26.292482376098633,70.63997650146484,0.0,0.005838831887053152,-16.422649383544922,17
1K74,5,22.449182510375977,25.09400177001953,66.94148254394531,0.0,0.00647585996253432,-17.289356231689453,20
1K74,6,20.77724266052246,20.259748458862305,68.96563720703125,0.0,0.006805005035335692,-16.220579147338867,15
1K74,7,19.473005294799805,16.588600158691406,64.77189636230469,0.0,0.00834660107650609,-19.20134925842285,17
1K74,8,19.60613250732422,21.83161163330078,46.54031753540039,0.0,0.012326078168335785,-14.059036254882812,14
1K74,9,21.087848663330078,22.754051208496094,53.2530632019043,0.0,0.009723672826871416,-13.405327796936035,11
1K74,10,25.508928298950195,26.171363830566406,60.62370681762695,0.0,0.007517935053922933,-12.618847846984863,42
1K74,11,72.28599548339844,81.93113708496094,143.3335418701172,0.0,0.001279834676577673,0.0,0
1K74,12,21.683002471923828,23.184707641601562,70.96968841552734,0.0,0.006103406014213911,-19.385835647583008,6
1K74,13,17.683801651000977,15.173404693603516,67.2158432006836,0.0,0.008472715886315046,-17.345849990844727,15
1K74,14,22.495450973510742,24.473421096801758,69.76856231689453,0.0,0.006122773556943048,-15.948614120483398,12
3V6Z,0,25.271039962768555,11.719804763793945,55.852413177490234,0.0,0.012917859357632039,-15.822587966918945,61
3V6Z,1,10.037100791931152,11.599175453186035,21.564117431640625,0.066667,0.07253127549083559,-15.42762279510498,10
3V6Z,2,14.08563232421875,13.536528587341309,30.22785758972168,0.0,0.028469343780421017,-16.61798667907715,0
3V6Z,3,10.13786792755127,12.490263938903809,22.885927200317383,0.0,0.04514635148843474,-15.638192176818848,1
3V6Z,4,13.141155242919922,12.958935737609863,26.732873916625977,0.0,0.03501245757709045,-14.693466186523438,1
3V6Z,5,12.782879829406738,9.57836627960205,26.334577560424805,0.0,0.039429377105152125,-18.25775146484375,7
3V6Z,6,8.014817237854004,9.284318923950195,17.414623260498047,0.2,0.13927961374432132,-12.296460151672363,9
3V6Z,7,13.721156120300293,12.19297981262207,29.694835662841797,0.0,0.030213265198897842,-14.68006706237793,8
3V6Z,8,9.759751319885254,11.58750057220459,21.0206298828125,0.066667,0.07456010910305301,-13.848565101623535,1
3V6Z,9,11.646857261657715,10.647058486938477,25.371339797973633,0.0,0.04012539627815024,-17.96457290649414,3
3V6Z,10,13.000934600830078,11.490978240966797,26.843101501464844,0.0,0.03596230515791382,-15.60310173034668,0
3V6Z,11,12.144274711608887,11.730269432067871,24.658388137817383,0.0,0.04076469028688115,-13.173989295959473,14
3V6Z,12,13.823151588439941,13.427123069763184,36.65095138549805,0.0,0.021122245632497066,-11.999341011047363,2
3V6Z,13,11.843027114868164,11.714092254638672,27.137054443359375,0.0,0.035158922980681906,-16.4637393951416,1
3V6Z,14,11.79255199432373,10.513968467712402,26.1636962890625,0.0,0.038472366114762346,-16.08780860900879,7
5HYS,0,24.163190841674805,17.765695571899414,53.72913360595703,0.0,0.010498274520287405,-16.36311912536621,15
5HYS,1,23.438745498657227,16.98330307006836,79.31036376953125,0.0,0.0063654028134610685,-14.224906921386719,18
5HYS,2,21.110870361328125,14.914950370788574,49.854820251464844,0.0,0.012753514674433938,-19.168275833129883,7
5HYS,3,27.265867233276367,18.0928897857666,44.93941879272461,0.0,0.01378866988749762,-15.84559440612793,9
5HYS,4,15.275444984436035,12.44739818572998,38.86331558227539,0.0,0.019988869324077906,-14.906585693359375,28
5HYS,5,8.541030883789062,9.18065357208252,16.172971725463867,0.0,0.08081281971312468,-17.376468658447266,7
5HYS,6,6.134892463684082,7.849168300628662,15.60455322265625,0.0,0.08801746371156853,-18.755172729492188,12
5HYS,7,6.7590460777282715,8.48987865447998,14.881415367126465,0.0,0.09208835646889478,-18.484477996826172,8
5HYS,8,11.797558784484863,10.19351863861084,30.061338424682617,0.0,0.031742166245255755,-14.791868209838867,12
5HYS,9,27.134206771850586,18.05677604675293,42.24297332763672,0.0,0.015255426148738878,-15.482731819152832,5
5HYS,10,11.058090209960938,8.606385231018066,20.290868759155273,0.0,0.059589165094325554,-15.088090896606445,17
5HYS,11,26.950193405151367,17.974027633666992,43.362037658691406,0.0,0.01463996375190601,-15.259583473205566,10
5HYS,12,24.678016662597656,18.731386184692383,39.246788024902344,0.0,0.017058796357179388,-15.736465454101562,15
5HYS,13,27.23186683654785,18.576200485229492,45.93728256225586,0.0,0.013194186774679437,-15.39404582977295,3
5HYS,14,24.284507751464844,15.539837837219238,54.971012115478516,0.0,0.01086081911523444,-15.951519012451172,27
1DE4,0,19.87278175354004,17.12411880493164,64.10743713378906,0.0,0.008296985091141065,-14.47398853302002,33
1DE4,1,32.82823944091797,22.6855525970459,58.04975128173828,0.0,0.008447854717548558,-15.0047025680542,33
1DE4,2,12.081792831420898,11.24618148803711,40.40717697143555,0.0,0.01995150716536079,-14.653729438781738,14
1DE4,3,15.956842422485352,16.197418212890625,64.5179443359375,0.0,0.00852138476951676,-13.434915542602539,30
1DE4,4,38.37070846557617,23.985639572143555,55.12041091918945,0.0,0.009041132496604704,-14.47441291809082,18
1DE4,5,17.738849639892578,15.607528686523438,56.62893295288086,0.0,0.010395229461484261,-13.32616138458252,21
1DE4,6,33.85892868041992,31.768596649169922,65.96678161621094,0.0,0.006185433647573273,-12.557815551757812,34
1DE4,7,25.042598724365234,22.53472900390625,37.158851623535156,0.0,0.01804496107107124,-15.274003982543945,34
1DE4,8,17.086170196533203,15.352241516113281,86.55023956298828,0.0,0.006336318458442723,-12.877851486206055,15
1DE4,9,19.70549201965332,15.543729782104492,69.54812622070312,0.0,0.00798132953917584,-12.74167537689209,34
1DE4,10,20.811519622802734,14.403390884399414,50.98122787475586,0.0,0.012591872405420713,-15.040454864501953,11
1DE4,11,26.18620491027832,22.046369552612305,68.94428253173828,0.0,0.006526745839105595,-14.835748672485352,11
1DE4,12,17.641796112060547,14.79012680053711,50.036293029785156,0.0,0.012743251532216449,-13.262147903442383,7
1DE4,13,20.618833541870117,18.71352767944336,76.19612121582031,0.0,0.006225114515728779,-13.865185737609863,39
1DE4,14,39.14313888549805,25.480758666992188,53.160579681396484,0.0,0.009460632585640482,-15.066810607910156,16
1CGI,0,9.094705581665039,9.90312385559082,26.976835250854492,0.129032,0.0805907846642015,-18.861661911010742,4
1CGI,1,4.634571552276611,5.236120700836182,13.050566673278809,0.096774,0.15682381339248194,-21.755455017089844,3
1CGI,2,2.690711498260498,3.053525686264038,7.187469959259033,0.129032,0.3021729055715313,-19.496885299682617,3
1CGI,3,4.953604698181152,5.604466438293457,12.633993148803711,0.096774,0.1584062757822711,-21.8904972076416,4
1CGI,4,3.774059772491455,4.400829315185547,10.40684986114502,0.096774,0.2003392916449668,-25.931821823120117,2
1CGI,5,6.061363697052002,7.5477752685546875,14.210304260253906,0.225806,0.17577033323788585,-21.6818904876709,7
1CGI,6,2.8224754333496094,3.3090875148773193,7.020969390869141,0.354839,0.3732425502510745,-25.18927574157715,3
1CGI,7,4.090258598327637,4.880068778991699,9.964343070983887,0.290323,0.2659448555666599,-21.951045989990234,3
1CGI,8,2.0711851119995117,2.3186025619506836,4.929818630218506,0.096774,0.38003775636865894,-29.457889556884766,0
1CGI,9,5.882997989654541,7.080905437469482,14.506491661071777,0.225806,0.17477853986949868,-20.798053741455078,2
1CGI,10,6.3214430809021,5.953227996826172,18.114866256713867,0.16129,0.13381045180382234,-17.146196365356445,6
1CGI,11,4.234274864196777,4.394787311553955,12.000247955322266,0.064516,0.1676502224733203,-21.032392501831055,5
1CGI,12,8.254866600036621,8.058616638183594,25.106611251831055,0.096774,0.07769799849515306,-15.767620086669922,13
1CGI,13,2.10616397857666,2.7481207847595215,5.272843360900879,0.16129,0.37098307499784317,-23.77712059020996,0
1CGI,14,2.3733198642730713,2.606205463409424,6.417679309844971,0.322581,0.40277697224526227,-27.492464065551758,0
2CFH,0,9.505256652832031,8.228287696838379,23.4665584564209,0.090909,0.07968564023929374,-14.913985252380371,1
2CFH,1,5.535949230194092,4.60549783706665,13.094588279724121,0.363636,0.25199677119699854,-18.115102767944336,0
2CFH,2,13.0759916305542,13.46393871307373,23.215255737304688,0.0,0.04349005985681997,-12.436439514160156,2
2CFH,3,9.665822982788086,8.787692070007324,26.742958068847656,0.0,0.04002160788045169,-14.036511421203613,0
2CFH,4,18.134944915771484,20.69074821472168,50.08905029296875,0.0,0.011073158466601144,-16.129467010498047,0
2CFH,5,14.33540153503418,15.99792766571045,35.30500030517578,0.0,0.021167940541156702,-13.999726295471191,2
2CFH,6,10.021260261535645,10.05667781829834,32.75790023803711,0.0,0.02828173126409043,-14.17751693725586,5
2CFH,7,6.440850734710693,5.592588901519775,13.833163261413574,0.0,0.11373095269127705,-17.355093002319336,1
2CFH,8,2.57877254486084,2.2629029750823975,6.470550537109375,0.272727,0.4037016520783709,-19.99810791015625,0
2CFH,9,11.254552841186523,12.232211112976074,23.85651206970215,0.0,0.04248726424502261,-12.356450080871582,1
2CFH,10,19.933940887451172,20.357563018798828,43.62023162841797,0.0,0.013994190403768668,-13.317292213439941,2
2CFH,11,7.334909915924072,6.425237655639648,17.520307540893555,0.090909,0.11104006918466057,-15.198321342468262,0
2CFH,12,15.134490013122559,13.875558853149414,23.668630599975586,0.0,0.041929656838978584,-12.875893592834473,1
2CFH,13,10.575063705444336,9.206588745117188,23.35020637512207,0.0,0.04762205018821023,-16.12364959716797,0
2CFH,14,9.1550874710083,8.11476993560791,21.559829711914062,0.0,0.055854850936287316,-15.145563125610352,0
1DFJ,0,8.70645809173584,11.788573265075684,47.795738220214844,0.0,0.015530012351520447,-18.608516693115234,1
1DFJ,1,9.05623722076416,11.41751480102539,44.87614822387695,0.0,0.01720026255580244,-16.84016990661621,1
1DFJ,2,10.79023265838623,14.678488731384277,64.32464599609375,0.0,0.009165609765311084,-22.053504943847656,1
1DFJ,3,8.81842041015625,12.247085571289062,50.03956604003906,0.0,0.014274760823605999,-19.008134841918945,10
1DFJ,4,9.334636688232422,12.91844367980957,52.410743713378906,0.0,0.01297710280942521,-15.659420013427734,2
1DFJ,5,10.288934707641602,14.696041107177734,54.97085952758789,0.0,0.01122061003859466,-20.83354377746582,0
1DFJ,6,10.339315414428711,14.492950439453125,57.33928298950195,0.0,0.010700375910286839,-15.268828392028809,3
1DFJ,7,8.704604148864746,11.50130844116211,45.01765060424805,0.0,0.01704955923407343,-20.7297306060791,0
1DFJ,8,8.84927749633789,11.063871383666992,44.264835357666016,0.0,0.017870618705078386,-15.572543144226074,4
1DFJ,9,9.658430099487305,13.215405464172363,53.951324462890625,0.0,0.012313296925826658,-16.296283721923828,0
1DFJ,10,5.455620288848877,7.493585109710693,26.17478370666504,0.0,0.044640292066718094,-20.44358253479004,2
1DFJ,11,10.233744621276855,13.82556438446045,48.3942985534668,0.0,0.013853507829040915,-18.38564682006836,2
1DFJ,12,9.751091957092285,12.782029151916504,49.28694152832031,0.0,0.014155897038356994,-17.913368225097656,1
1DFJ,13,8.446166038513184,10.781862258911133,46.98407745361328,0.0,0.01689319862472459,-14.736811637878418,3
1DFJ,14,9.833608627319336,11.773801803588867,47.194366455078125,0.0,0.015796992710903474,-15.775485038757324,3
6DBG,0,2.5531411170959473,2.9530370235443115,11.995704650878906,0.0,0.17978673329398887,-18.279592514038086,0
6DBG,1,9.817781448364258,9.424627304077148,45.3441276550293,0.0,0.019550646201350774,-17.55623435974121,0
6DBG,2,5.4080095291137695,3.388665199279785,19.081214904785156,0.0,0.10980638240972419,-17.45911407470703,0
6DBG,3,5.144787788391113,5.54580020904541,25.673856735229492,0.0,0.05565106732970495,-17.768898010253906,0
6DBG,4,10.540179252624512,9.05349349975586,46.102725982666016,0.0,0.019864067818599587,-20.400964736938477,0
6DBG,5,5.716943740844727,5.718878269195557,29.467557907104492,0.0,0.047060387845779705,-17.38397216796875,0
6DBG,6,3.2659988403320312,3.2982120513916016,18.63852310180664,0.0,0.1145187569694683,-17.105220794677734,0
6DBG,7,3.6174519062042236,4.314830303192139,18.053342819213867,0.0,0.09642517625391793,-16.67861557006836,0
6DBG,8,6.173511505126953,5.487574577331543,24.09392547607422,0.0,0.06006848536399484,-16.35492706298828,0
6DBG,9,2.4078574180603027,2.679854154586792,12.401717185974121,0.0,0.18605838835975122,-18.06639862060547,0
6DBG,10,8.797744750976562,8.457526206970215,40.96332550048828,0.0,0.02392537691646328,-17.239412307739258,0
6DBG,11,5.2325897216796875,5.032892227172852,29.854637145996094,0.0,0.052188009503651954,-16.150066375732422,0
6DBG,12,4.85955810546875,5.495102882385254,25.317216873168945,0.0,0.05688267011625378,-16.990718841552734,0
6DBG,13,10.073036193847656,9.589890480041504,45.752986907958984,0.0,0.019081363762666965,-17.919025421142578,0
6DBG,14,8.733743667602539,8.32314395904541,42.38437271118164,0.0,0.02337373475348332,-17.380155563354492,0
4HX3,0,18.161033630371094,18.061189651489258,54.59333038330078,0.0,0.010172645119125372,-17.56205940246582,0
4HX3,1,15.145726203918457,12.89677906036377,51.02143096923828,0.0,0.013450654544134943,-14.92919921875,0
4HX3,2,16.325212478637695,17.451406478881836,48.7015495300293,0.0,0.01229827443328313,-21.982830047607422,0
4HX3,3,21.502958297729492,18.879486083984375,63.504486083984375,0.0,0.007957700598629883,-18.82646942138672,1
4HX3,4,22.279531478881836,19.984163284301758,66.8859634399414,0.0,0.007165170306244304,-17.314634323120117,0
4HX3,5,17.608814239501953,18.317350387573242,54.833553314208984,0.0,0.010042294321895089,-17.96260643005371,1
4HX3,6,21.894868850708008,19.815481185913086,66.80174255371094,0.0,0.00721007135426898,-21.007160186767578,0
4HX3,7,22.45615577697754,19.362028121948242,66.64368438720703,0.0,0.007324351121177828,-17.148616790771484,0
4HX3,8,22.302406311035156,16.838829040527344,60.758811950683594,0.0,0.009022781569574546,-15.430780410766602,0
4HX3,9,22.618452072143555,19.482091903686523,65.53884887695312,0.0,0.007478469772893708,-18.78133201599121,0
4HX3,10,22.27944564819336,19.041839599609375,66.08600616455078,0.0,0.007480336726641802,-16.7705135345459,0
4HX3,11,22.506330490112305,19.68238067626953,66.6242446899414,0.0,0.007263577663715849,-18.216367721557617,0
4HX3,12,17.049911499023438,17.69780158996582,51.86736297607422,0.0,0.011095496912948519,-19.70131492614746,0
4HX3,13,20.898269653320312,19.78292465209961,53.75017166137695,0.0,0.010038023973157523,-19.006980895996094,0
4HX3,14,18.715818405151367,18.387645721435547,56.40098190307617,0.0,0.009606270763967624,-17.68184471130371,0
1ZHI,0,17.31855583190918,19.689010620117188,39.66889953613281,0.0,0.01655610618676835,-15.555866241455078,0
1ZHI,1,17.338539123535156,18.818317413330078,41.68059539794922,0.0,0.015413724286838869,-14.44212818145752,5
1ZHI,2,22.859760284423828,22.885164260864258,59.91828155517578,0.0,0.008001650805162531,-15.390560150146484,19
1ZHI,3,17.378589630126953,14.034796714782715,34.33648681640625,0.0,0.023012084488537116,-13.841382026672363,14
1ZHI,4,15.236747741699219,16.04658317565918,34.96082305908203,0.0,0.021491691667036083,-14.527311325073242,5
1ZHI,5,24.359159469604492,23.653003692626953,59.6588020324707,0.0,0.007967125585568205,-14.410400390625,11
1ZHI,6,19.642669677734375,21.319944381713867,48.69334030151367,0.0,0.01149881451239223,-15.923301696777344,6
1ZHI,7,14.086849212646484,15.684467315673828,35.23480987548828,0.0,0.021352979017169735,-15.57771110534668,0
1ZHI,8,20.49879264831543,22.742122650146484,57.84181213378906,0.0,0.008490008263965015,-12.888517379760742,8
1ZHI,9,18.255186080932617,15.429079055786133,36.41100311279297,0.0,0.020347868030073126,-14.015769004821777,17
1ZHI,10,22.137752532958984,17.975656509399414,50.933841705322266,0.0,0.011336831514789397,-16.499353408813477,23
1ZHI,11,16.046255111694336,17.249542236328125,38.216278076171875,0.0,0.018214359517777893,-15.670463562011719,4
1ZHI,12,15.874166488647461,17.098289489746094,42.6861457824707,0.0,0.015259008365527071,-14.280695915222168,5
1ZHI,13,15.358981132507324,14.824541091918945,34.12514877319336,0.0,0.02285079485142918,-14.279876708984375,14
1ZHI,14,22.99428367614746,22.90104103088379,58.97865676879883,0.0,0.008206578830069323,-13.459976196289062,20
1GRN,0,16.340492248535156,12.84025764465332,31.385631561279297,0.0,0.02726570976089156,-13.338504791259766,0
1GRN,1,8.518671035766602,7.488543510437012,26.061182022094727,0.2,0.11157470284784816,-16.140888214111328,1
1GRN,2,8.062424659729004,7.206494331359863,22.749448776245117,0.0,0.05467575849195113,-17.77326774597168,1
1GRN,3,15.929443359375,12.495750427246094,30.721223831176758,0.0,0.028438085666924764,-14.632875442504883,0
1GRN,4,20.02251434326172,16.172170639038086,33.93975830078125,0.0,0.022516579718562062,-11.621965408325195,0
1GRN,5,11.808597564697266,10.406623840332031,39.73893356323242,0.0,0.02136768994835624,-17.874542236328125,1
1GRN,6,6.742103576660156,6.441422462463379,26.53199005126953,0.0,0.048173389182740466,-15.20457935333252,2
1GRN,7,16.234006881713867,14.933647155761719,54.900718688964844,0.0,0.01113263388923001,-14.833813667297363,3
1GRN,8,8.366942405700684,7.59050178527832,25.79611587524414,0.2,0.11184167941631822,-16.0810604095459,0
1GRN,9,16.45547103881836,14.74338150024414,48.99591064453125,0.0,0.013154134415531295,-15.574990272521973,2
1GRN,10,12.356261253356934,10.363775253295898,25.131040573120117,0.0,0.04105752452471036,-12.162545204162598,3
1GRN,11,8.139800071716309,7.74833869934082,23.517480850219727,0.0,0.050554580677079734,-20.742446899414062,0
1GRN,12,32.17051696777344,33.251373291015625,81.78844451904297,0.0,0.004238734496400825,0.0,0
1GRN,13,9.19525146484375,8.488529205322266,23.754926681518555,0.2,0.11459454632409398,-15.020325660705566,1
1GRN,14,11.209856986999512,10.163900375366211,28.775617599487305,0.2,0.10052272937900915,-13.888574600219727,1
1H1V,0,27.4315128326416,24.4105281829834,74.24890899658203,0.0,0.005565950271381208,-15.162822723388672,14
1H1V,1,20.670360565185547,17.59906768798828,72.25810241699219,0.0,0.006953641118334225,-12.114468574523926,26
1H1V,2,14.19363021850586,13.99934196472168,25.62818145751953,0.0,0.03681714364697655,-9.296768188476562,29
1H1V,3,18.218503952026367,14.585514068603516,50.74559020996094,0.0,0.012585675622709467,-9.567420959472656,13
1H1V,4,15.369751930236816,13.207596778869629,35.570674896240234,0.0,0.022250629748624632,-10.897470474243164,19
1H1V,5,20.426353454589844,19.539775848388672,71.13119506835938,0.0,0.006645727889792996,-10.48010540008545,27
1H1V,6,19.56084632873535,21.5389461517334,70.4632797241211,0.0,0.006389811561523888,-11.889301300048828,19
1H1V,7,16.686100006103516,15.46889591217041,35.46860885620117,0.0,0.02120918168590508,-10.084710121154785,22
1H1V,8,10.823084831237793,11.696714401245117,20.740476608276367,0.0,0.05332814790701845,-10.807432174682617,39
1H1V,9,23.800413131713867,17.99274253845215,69.90071105957031,0.0,0.007157809967748272,-9.853708267211914,25
1H1V,10,25.397871017456055,17.82969093322754,52.59884262084961,0.0,0.010826035276873756,-11.167116165161133,8
1H1V,11,14.193340301513672,14.349357604980469,22.566234588623047,0.0,0.04502005131138798,-10.66483211517334,26
1H1V,12,14.60193157196045,12.13220500946045,28.121431350708008,0.0,0.032923152324268595,-11.730849266052246,10
1H1V,13,17.821699142456055,16.863292694091797,44.36545944213867,0.0,0.014419107493464216,-9.743609428405762,54
1H1V,14,27.533082962036133,22.54576873779297,72.662109375,0.0,0.005968818800592781,-17.778757095336914,6
2VXT,0,11.88051986694336,10.479204177856445,24.108665466308594,0.133333,0.08799105268745017,-19.919042587280273,3
2VXT,1,15.809386253356934,13.416096687316895,42.49906539916992,0.0,0.01693646989498902,-16.16838836669922,5
2VXT,2,21.413009643554688,16.21820068359375,55.165565490722656,0.0,0.010557393228912365,-17.702463150024414,0
2VXT,3,11.866580963134766,11.382162094116211,23.059118270874023,0.0,0.045565139214630894,-20.3171443939209,4
2VXT,4,18.561405181884766,14.316914558410645,52.315147399902344,0.0,0.012192523097084356,-20.220611572265625,2
2VXT,5,12.067658424377441,11.788351058959961,24.1483154296875,0.0,0.042057546616181885,-19.514541625976562,4
2VXT,6,11.645222663879395,11.307942390441895,22.690845489501953,0.0,0.04678305697384453,-16.44869613647461,3
2VXT,7,6.003385543823242,6.848140716552734,19.187734603881836,0.0,0.0699430875131286,-20.512723922729492,3
2VXT,8,11.278326034545898,9.98902702331543,23.521493911743164,0.0,0.04585260574038963,-16.964824676513672,21
2VXT,9,11.77608585357666,10.949557304382324,23.100929260253906,0.133333,0.09033252766435063,-18.645212173461914,3
2VXT,10,12.851569175720215,10.918684005737305,27.937498092651367,0.0,0.034416319403781044,-19.969810485839844,1
2VXT,11,23.89366340637207,19.191503524780273,61.82221603393555,0.0,0.00820829613954168,-19.472084045410156,2
2VXT,12,18.459678649902344,13.420172691345215,48.39899826049805,0.0,0.014086526104188618,-15.552950859069824,4
2VXT,13,4.404458522796631,4.873353958129883,8.986845970153809,0.133333,0.23068457659453642,-19.898813247680664,1
2VXT,14,4.794119834899902,5.515710353851318,13.614212989807129,0.0,0.11644705453360643,-21.36414909362793,0
6A77,0,11.046605110168457,13.221238136291504,29.710866928100586,0.0,0.029454594261519727,-14.543755531311035,5
6A77,1,8.978081703186035,10.553045272827148,21.816997528076172,0.0,0.050530278948090146,-20.621244430541992,1
6A77,2,9.0363187789917,10.081607818603516,24.507265090942383,0.0,0.04301195470858068,-11.307941436767578,35
6A77,3,9.343402862548828,11.117353439331055,22.540807723999023,0.0,0.04745849021728495,-17.884521484375,4
6A77,4,7.977612018585205,10.309455871582031,19.65094757080078,0.0,0.05944691725427051,-14.276872634887695,5
6A77,5,13.685970306396484,15.622306823730469,35.866336822509766,0.0,0.020770992675155735,-12.425783157348633,65
6A77,6,11.762187957763672,16.303190231323242,36.946170806884766,0.0,0.01955435755086062,-16.43796730041504,0
6A77,7,5.9229960441589355,8.526198387145996,14.334982872009277,0.0,0.09671844878051329,-17.113107681274414,1
6A77,8,9.365928649902344,11.157870292663574,22.65874481201172,0.0,0.047038335336620385,-16.792428970336914,3
6A77,9,9.163790702819824,11.187995910644531,22.10120964050293,0.0,0.04883721868785523,-17.664783477783203,1
6A77,10,8.775447845458984,10.081832885742188,22.865341186523438,0.0,0.04769010986096637,-14.05991268157959,21
6A77,11,10.001995086669922,10.178180694580078,26.779407501220703,0.0,0.037594727144388475,-13.129919052124023,3
6A77,12,9.759032249450684,12.380264282226562,23.370759963989258,0.0,0.04376441842979698,-17.281818389892578,4
6A77,13,27.732328414916992,33.15679931640625,78.41790008544922,0.0,0.004551725657649796,-13.962630271911621,6
6A77,14,7.064676761627197,9.307887077331543,17.299989700317383,0.0,0.0732580615819311,-15.35865592956543,4
1K5D,0,18.045175552368164,16.937259674072266,66.31822204589844,0.0,0.007981412285447893,-16.295063018798828,3
1K5D,1,9.286835670471191,7.533567428588867,32.92716979980469,0.0,0.03353611860099003,-11.748044967651367,0
1K5D,2,14.717996597290039,9.896475791931152,29.801836013793945,0.0,0.03256213156915874,-13.38686466217041,42
1K5D,3,7.6101460456848145,6.2087082862854,27.055749893188477,0.0,0.04832780464187266,-12.949572563171387,0
1K5D,4,25.73084259033203,14.470736503601074,43.45042419433594,0.0,0.01582977697444245,-14.620950698852539,0
1K5D,5,8.654619216918945,7.8834967613220215,33.73957061767578,0.0,0.031539624194950544,-13.548969268798828,0
1K5D,6,30.512208938598633,12.978401184082031,55.95726013183594,0.0,0.011911860183238747,-13.26317024230957,26
1K5D,7,20.146757125854492,13.232730865478516,61.34468460083008,0.0,0.010507992762564611,-11.621400833129883,17
1K5D,8,29.30930519104004,15.07004165649414,45.85624313354492,0.0625,0.035175924425427794,-14.465810775756836,0
1K5D,9,9.850914001464844,7.204108238220215,23.706472396850586,0.125,0.09348883988911261,-12.267931938171387,5
1K5D,10,27.01805305480957,14.79610538482666,48.55373764038086,0.0625,0.03413631488704403,-16.64613914489746,0
1K5D,11,28.836021423339844,15.318792343139648,48.112709045410156,0.0,0.013254710152711837,-15.140145301818848,0
1K5D,12,28.870718002319336,14.743180274963379,45.537593841552734,0.0625,0.03547129201254549,-14.382685661315918,0
1K5D,13,8.254921913146973,6.586426258087158,29.230518341064453,0.0,0.042425216114255836,-12.971596717834473,1
1K5D,14,29.81789779663086,17.091054916381836,67.064697265625,0.0,0.007817915178832265,-14.18244457244873,9
1I2M,0,11.76680850982666,16.296897888183594,54.247352600097656,0.0,0.010787962564132815,-13.971202850341797,14
1I2M,1,10.692225456237793,12.784156799316406,47.381927490234375,0.0,0.014919526652983954,-19.84878158569336,1
1I2M,2,13.713069915771484,16.040281295776367,56.255794525146484,0.0,0.010329819292692383,-16.684350967407227,0
1I2M,3,12.71987533569336,14.109127044677734,47.23398208618164,0.0,0.014181475810078274,-16.57305335998535,0
1I2M,4,11.646397590637207,12.383174896240234,45.57211685180664,0.0,0.016026676727594405,-21.855228424072266,0
1I2M,5,9.591833114624023,11.121439933776855,42.88400650024414,0.111111,0.055592963576784726,-18.131484985351562,0
1I2M,6,11.689498901367188,13.520159721374512,47.6043815612793,0.555555,0.19953701966868162,-19.879140853881836,1
1I2M,7,12.142328262329102,15.2120361328125,53.394290924072266,0.0,0.01144853370039566,-13.777037620544434,0
1I2M,8,14.638175964355469,15.911663055419922,56.37623977661133,0.0,0.010345260678019027,-17.898948669433594,0
1I2M,9,11.583316802978516,12.472516059875488,45.53289794921875,0.0,0.01597751230500311,-19.740339279174805,0
1I2M,10,12.220596313476562,13.151263236999512,46.674110412597656,0.0,0.014980949380005758,-18.222688674926758,0
1I2M,11,12.085772514343262,13.38675308227539,46.53297805786133,0.0,0.014896426179339855,-19.606353759765625,0
1I2M,12,12.577825546264648,13.706506729125977,45.7998046875,0.0,0.015043876057500937,-18.26133155822754,0
1I2M,13,11.66672134399414,13.250679016113281,46.87767028808594,0.222222,0.0889019912265049,-19.972091674804688,0
1I2M,14,9.893077850341797,12.07237434387207,46.15919494628906,0.0,0.016000286891615548,-19.554031372070312,0
1ZHH,0,21.086833953857422,22.026859283447266,44.12790298461914,0.0,0.013463939706671564,-20.237106323242188,0
1ZHH,1,16.956804275512695,19.61391830444336,33.3328857421875,0.0,0.02229035403669746,-16.880081176757812,1
1ZHH,2,28.082902908325195,26.057344436645508,65.80818939208984,0.0,0.006570736832900717,-17.125511169433594,12
1ZHH,3,20.931907653808594,21.9362735748291,40.55989074707031,0.0,0.015574854700093845,-17.819862365722656,0
1ZHH,4,20.387052536010742,21.129985809326172,42.80900573730469,0.0,0.014314489890740264,-15.621191024780273,0
1ZHH,5,26.293622970581055,28.413463592529297,72.2488021850586,0.0,0.00547718664766135,-16.382009506225586,0
1ZHH,6,20.69766616821289,21.055131912231445,41.10707473754883,0.0,0.01535110002396728,-18.079893112182617,0
1ZHH,7,16.21714210510254,16.625770568847656,36.90991973876953,0.0,0.019478973304052974,-18.14028549194336,2
1ZHH,8,21.47846221923828,22.56871223449707,43.25102615356445,0.0,0.013861550145932008,-17.572986602783203,0
1ZHH,9,14.021916389465332,15.75133991241455,30.189119338989258,0.0,0.027479815361687757,-15.394062995910645,1
1ZHH,10,19.816177368164062,19.905202865600586,41.45722579956055,0.0,0.015329440671046293,-18.118492126464844,0
1ZHH,11,21.812057495117188,25.46763038635254,60.2079963684082,0.0,0.007666184303200094,-15.023930549621582,0
1ZHH,12,21.80098533630371,22.029603958129883,48.29568862915039,0.0,0.011553304137295226,-17.701459884643555,0
1ZHH,13,20.11525535583496,22.357511520385742,40.53228759765625,0.0,0.015535509021939132,-16.51694107055664,0
1ZHH,14,20.941938400268555,21.707338333129883,42.80093765258789,0.0,0.014231766539364164,-18.930967330932617,0
3DAW,0,10.411018371582031,9.723401069641113,31.98931312561035,0.0,0.02973091781828441,-15.697759628295898,4
3DAW,1,26.972122192382812,22.39506721496582,77.79756164550781,0.0,0.00542087696707217,-16.26957130432129,2
3DAW,2,23.609786987304688,20.29183578491211,66.16156768798828,0.0,0.007224024410104404,-13.161026954650879,0
3DAW,3,15.808732032775879,14.254695892333984,45.57145690917969,0.0,0.014857310769212415,-15.91414737701416,2
3DAW,4,25.52128791809082,22.614290237426758,79.63516998291016,0.0,0.005214921985067758,-14.917902946472168,4
3DAW,5,24.842426300048828,21.0944881439209,68.56599426269531,0.0,0.006722165844223894,-18.38832664489746,0
3DAW,6,25.491474151611328,22.036596298217773,78.30386352539062,0.0,0.00541938499815161,-14.046463966369629,1
3DAW,7,27.497209548950195,22.68425941467285,77.6528549194336,0.0,0.005397820210924782,-15.7748384475708,2
3DAW,8,25.935272216796875,21.536983489990234,71.35321807861328,0.0,0.006273245893219572,-11.09950065612793,3
3DAW,9,12.424232482910156,12.801727294921875,28.996753692626953,0.0,0.030890879101400395,-12.200291633605957,2
3DAW,10,19.068418502807617,17.3436222076416,54.878692626953125,0.0,0.010284151718462762,-11.947016716003418,0
3DAW,11,25.581850051879883,22.2658748626709,79.22039031982422,0.0,0.005299740055113429,-14.815779685974121,2
3DAW,12,23.9619083404541,19.687273025512695,68.10006713867188,0.0,0.007037248838283715,-15.57602310180664,0
3DAW,13,13.121383666992188,15.522797584533691,26.795873641967773,0.0,0.03355865090693624,-15.192752838134766,0
3DAW,14,15.559082984924316,15.635218620300293,38.963077545166016,0.0,0.018183218915732217,-15.500060081481934,0
2X9A,0,8.368560791015625,8.8607759475708,17.629772186279297,0.0,0.07215749293368451,-14.288686752319336,0
2X9A,1,11.2083101272583,11.125866889953613,31.359289169311523,0.0,0.02876437184720107,-11.971818923950195,0
2X9A,2,11.10399055480957,11.217166900634766,32.08357620239258,0.0,0.02771797498949581,-14.339241027832031,2
2X9A,3,11.663968086242676,11.520312309265137,30.285980224609375,0.0,0.029896012342668875,-14.08657455444336,0
2X9A,4,14.864975929260254,11.217595100402832,36.332481384277344,0.0,0.023153039391788918,-15.553915977478027,8
2X9A,5,12.086105346679688,12.680547714233398,47.14767074584961,0.0,0.015093048936972204,-16.62770652770996,0
2X9A,6,9.498562812805176,9.828045845031738,20.204830169677734,0.0,0.05771093291242093,-15.789466857910156,0
2X9A,7,14.119296073913574,14.600253105163574,52.18546676635742,0.0,0.012096424343457349,-15.51888370513916,0
2X9A,8,10.25212287902832,8.046597480773926,28.10162925720215,0.333333,0.1502458806207281,-16.4475154876709,23
2X9A,9,11.990387916564941,12.55092716217041,45.183502197265625,0.0,0.016087467631245245,-13.090775489807129,0
2X9A,10,13.167033195495605,13.974950790405273,50.86662292480469,0.0,0.01285155242818121,-14.611974716186523,0
2X9A,11,9.860574722290039,11.077598571777344,35.709022521972656,0.0,0.02387590584326993,-17.269460678100586,0
2X9A,12,8.322636604309082,8.699169158935547,29.483543395996094,0.0,0.035203523629085826,-15.653892517089844,0
2X9A,13,9.27752685546875,9.556621551513672,30.63670539855957,0.0,0.031839269327015175,-12.27409839630127,0
2X9A,14,13.379312515258789,13.865955352783203,39.861968994140625,0.0,0.01835306944134118,-16.779441833496094,0
1XU1,0,8.281526565551758,10.536535263061523,31.290199279785156,0.0,0.029528997000169515,-15.069036483764648,5
1XU1,1,7.052273750305176,10.535013198852539,27.238813400268555,0.0,0.036202335524766836,-16.66109848022461,5
1XU1,2,5.639837741851807,6.828995227813721,22.2678165435791,0.0,0.05773442365320392,-13.089436531066895,1
1XU1,3,8.520405769348145,13.348982810974121,30.418312072753906,0.0,0.028299501976774392,-12.268684387207031,28
1XU1,4,4.62495231628418,8.638998985290527,15.928298950195312,0.333333,0.19475033160647195,-15.201399803161621,5
1XU1,5,7.379952907562256,9.731425285339355,28.622364044189453,0.0,0.03475060206837808,-13.984835624694824,5
1XU1,6,5.309161186218262,7.055027484893799,20.283687591552734,0.0,0.06420866703158934,-15.401660919189453,8
1XU1,7,4.179558753967285,4.987338542938232,16.24695587158203,0.166667,0.15483797445009925,-17.554506301879883,0
1XU1,8,8.682707786560059,10.881417274475098,32.29924392700195,0.0,0.02780594988271561,-14.559532165527344,13
1XU1,9,6.603196620941162,10.337307929992676,25.56492042541504,0.0,0.040054884699320656,-12.858576774597168,4
1XU1,10,4.337806224822998,5.363572597503662,16.913776397705078,0.166667,0.14694595401630225,-16.39845848083496,1
1XU1,11,4.6966729164123535,8.0089111328125,16.18708038330078,0.166667,0.13889930425639624,-15.137431144714355,10
1XU1,12,8.525784492492676,13.444121360778809,30.38181495666504,0.0,0.02829543182773449,-11.908405303955078,27
1XU1,13,8.870257377624512,10.907342910766602,34.14970779418945,0.0,0.025633402263295652,-17.72126007080078,3
1XU1,14,9.834813117980957,14.764617919921875,35.04171371459961,0.0,0.021928509536279478,-11.689351081848145,34
4LW4,0,14.317270278930664,11.643660545349121,45.778167724609375,0.0,0.016550798929681993,-16.889223098754883,1
4LW4,1,10.646727561950684,11.40817928314209,32.17277908325195,0.0,0.02741366036241379,-18.391929626464844,8
4LW4,2,10.561049461364746,12.54754638671875,30.734560012817383,0.0,0.028380519290981333,-22.354114532470703,6
4LW4,3,10.800171852111816,12.243632316589355,31.518402099609375,0.0,0.027528594628960377,-21.358903884887695,2
4LW4,4,10.57286262512207,12.437847137451172,30.8432559967041,0.0,0.028307662793140495,-20.87960433959961,4
4LW4,5,23.1586856842041,19.71566390991211,64.64676666259766,0.0,0.007583095636750675,-11.839950561523438,61
4LW4,6,26.03626251220703,26.656518936157227,77.45011138916016,0.0,0.005019256168320858,-16.547054290771484,3
4LW4,7,5.463649749755859,5.286365032196045,18.350860595703125,0.0,0.08372087795673894,-17.47866439819336,8
4LW4,8,11.340258598327637,11.972640037536621,34.378761291503906,0.0,0.024354232124218902,-21.0356502532959,3
4LW4,9,8.63684368133545,12.286632537841797,22.121129989624023,0.0,0.0477790555652606,-14.459228515625,12
4LW4,10,24.691930770874023,25.8376407623291,74.61380767822266,0.0,0.005390176576840145,-15.669156074523926,6
4LW4,11,7.5900397300720215,7.649174213409424,25.000530242919922,0.0,0.046882817558676015,-17.738094329833984,10
4LW4,12,25.236711502075195,25.239192962646484,76.22168731689453,0.0,0.0052676343384778215,-16.31985092163086,5
4LW4,13,8.697071075439453,9.462749481201172,26.97031021118164,0.0,0.038287933949686194,-16.013347625732422,8
4LW4,14,11.138954162597656,12.807624816894531,32.83493423461914,0.0,0.025445380186576116,-20.208402633666992,8
3EO1,0,32.78227233886719,33.14065170288086,105.2142562866211,0.0,0.0028429105631895633,-15.15390682220459,11
3EO1,1,18.081071853637695,11.74423885345459,48.85430908203125,0.157895,0.06777601954229652,-15.16793441772461,22
3EO1,2,21.09466552734375,16.081737518310547,46.4455451965332,0.0,0.013677390274617826,-13.500134468078613,79
3EO1,3,14.606043815612793,10.018864631652832,43.20305252075195,0.052632,0.03727404144259638,-17.21335792541504,19
3EO1,4,15.778934478759766,16.243444442749023,39.7470703125,0.0,0.017396081269368896,-15.047119140625,0
3EO1,5,19.364656448364258,15.91494369506836,45.01115036010742,0.0,0.014412812529303503,-14.05954647064209,0
3EO1,6,22.379417419433594,20.649141311645508,48.59107971191406,0.0,0.011646952984407466,-13.131534576416016,5
3EO1,7,38.017818450927734,32.110897064208984,85.12383270263672,0.0,0.004016617453558982,-11.731986999511719,63
3EO1,8,16.154674530029297,16.77800178527832,39.56871795654297,0.0,0.017346646458963732,-15.32878303527832,3
3EO1,9,20.317441940307617,14.95408821105957,47.22612380981445,0.0,0.013779811627533679,-17.493751525878906,0
3EO1,10,13.143132209777832,9.95302963256836,38.18415832519531,0.105263,0.058228343737622805,-15.68766975402832,1
3EO1,11,20.105905532836914,17.722124099731445,45.20118713378906,0.0,0.01375576920789399,-14.419346809387207,0
3EO1,12,20.71951675415039,14.799726486206055,50.55098342895508,0.0,0.012554685586531113,-15.914552688598633,2
3EO1,13,16.522964477539062,14.21782398223877,42.546241760253906,0.0,0.01646306724452049,-14.052478790283203,11
3EO1,14,24.38050651550293,23.990501403808594,59.25138473510742,0.0,0.008019639528329849,-15.677931785583496,25
1AK4,0,15.816213607788086,13.456868171691895,32.631256103515625,0.0,0.025271381803418008,-14.582469940185547,54
1AK4,1,14.449836730957031,6.859548568725586,34.72370910644531,0.230769,0.11097968621252008,-13.97932243347168,12
1AK4,2,16.94622039794922,12.589107513427734,34.4334602355957,0.0,0.02381151243007849,-15.538270950317383,5
1AK4,3,12.897416114807129,6.894040107727051,34.76863098144531,0.076923,0.05950679671244335,-14.395695686340332,4
1AK4,4,16.719511032104492,9.51005744934082,30.628286361694336,0.0,0.03192819841080187,-14.320148468017578,12
1AK4,5,16.61040687561035,7.057754993438721,33.59353256225586,0.461538,0.18830841090397418,-17.48754119873047,4
1AK4,6,13.233065605163574,8.448590278625488,34.75429916381836,0.0,0.0289997165193245,-13.146594047546387,12
1AK4,7,12.427481651306152,7.288077354431152,29.461950302124023,0.384615,0.16736477991583842,-13.146587371826172,15
1AK4,8,13.51466178894043,6.758785724639893,32.113773345947266,0.461538,0.19131705201103985,-14.400323867797852,12
1AK4,9,17.19168472290039,7.347146987915039,34.43750762939453,0.384615,0.16068416461227683,-14.695667266845703,9
1AK4,10,15.633495330810547,6.773993968963623,35.27047348022461,0.307692,0.1364413742567527,-16.883359909057617,8
1AK4,11,13.216919898986816,8.298008918762207,26.791894912719727,0.153846,0.09231257729586471,-12.840801239013672,19
1AK4,12,17.610885620117188,12.38283634185791,34.40089797973633,0.0,0.02400016787638788,-14.132341384887695,8
1AK4,13,12.975604057312012,8.278948783874512,32.814449310302734,0.0,0.031554128749730175,-12.964962005615234,6
1AK4,14,11.076261520385742,9.75058364868164,23.42829132080078,0.0,0.04647934435944767,-14.026864051818848,20
1E6E,0,5.953608989715576,5.575644016265869,15.445192337036133,0.0,0.09998419484439817,-13.811042785644531,3
1E6E,1,9.454268455505371,12.464256286621094,21.77265739440918,0.0,0.04884321026302202,-14.796579360961914,4
1E6E,2,7.125394821166992,5.589888572692871,20.16459083557129,0.4,0.20601647666265263,-11.994047164916992,3
1E6E,3,6.717215061187744,5.454958438873291,18.33183479309082,0.3,0.18241620384191712,-13.009326934814453,7
1E6E,4,6.234437942504883,6.681099891662598,15.500395774841309,0.0,0.09305951342110234,-14.68715763092041,3
1E6E,5,5.691833019256592,5.5050201416015625,15.115911483764648,0.0,0.10311779999127997,-13.170953750610352,11
1E6E,6,7.384420871734619,5.928606986999512,20.553232192993164,0.3,0.16873848886499568,-12.742622375488281,9
1E6E,7,4.8054609298706055,4.487318515777588,13.144933700561523,0.6,0.3317866026499881,-14.390305519104004,3
1E6E,8,6.4594950675964355,5.8045244216918945,16.82867431640625,0.1,0.12195366710935922,-14.481081008911133,7
1E6E,9,9.39643669128418,10.344914436340332,23.6619815826416,0.0,0.044962042944166704,-10.344802856445312,30
1E6E,10,7.438685417175293,7.3151373863220215,18.887313842773438,0.0,0.06959104599694334,-15.015287399291992,4
1E6E,11,8.693714141845703,10.500717163085938,20.430051803588867,0.0,0.055851870336902136,-14.308233261108398,15
1E6E,12,9.130609512329102,8.864253997802734,22.783578872680664,0.0,0.050005917369583174,-11.614442825317383,25
1E6E,13,6.280241012573242,5.253265380859375,16.902727127075195,0.3,0.19240919142889965,-13.398473739624023,7
1E6E,14,4.75886869430542,5.50570011138916,11.38481330871582,0.0,0.14233722599601387,-15.159890174865723,3
2G77,0,7.603976249694824,6.772887706756592,14.772464752197266,0.0,0.09849535640729916,-17.618255615234375,1
2G77,1,24.58025550842285,18.02377700805664,61.705299377441406,0.0,0.008500205256354663,-16.011625289916992,3
2G77,2,15.410842895507812,13.677108764648438,48.99753189086914,0.0,0.013700163916356957,-11.644701957702637,3
2G77,3,22.303979873657227,18.1317081451416,62.52871322631836,0.0,0.008313713409776055,-17.777095794677734,0
2G77,4,4.2584309577941895,4.351820468902588,9.176654815673828,0.0,0.18932230308301345,-22.501415252685547,0
2G77,5,17.056747436523438,14.49727725982666,50.424560546875,0.0,0.01274081169719529,-14.064915657043457,1
2G77,6,20.915023803710938,16.982378005981445,53.648597717285156,0.0,0.010743086894533085,-13.414546012878418,0
2G77,7,9.461111068725586,7.953577995300293,17.738325119018555,0.25,0.1570292845698946,-17.0582218170166,0
2G77,8,12.502290725708008,10.035627365112305,23.323076248168945,0.25,0.12970006890696323,-15.928511619567871,4
2G77,9,14.727807998657227,12.860486030578613,47.55176544189453,0.0,0.014794859980074527,-13.094686508178711,3
2G77,10,21.34939193725586,16.311925888061523,52.84131622314453,0.0,0.011202727232700294,-12.452067375183105,3
2G77,11,20.159526824951172,15.699892044067383,52.795528411865234,0.0,0.01143710901144772,-13.091875076293945,2
2G77,12,16.90395736694336,14.254210472106934,51.17230224609375,0.0,0.012600902829813862,-12.992477416992188,0
2G77,13,8.314645767211914,7.359932899475098,16.345687866210938,0.0,0.08424545215192336,-16.968042373657227,0
2G77,14,8.961491584777832,7.522912979125977,17.449115753173828,0.25,0.16000757309395883,-16.77967071533203,0
3SZK,0,19.25522232055664,13.702661514282227,46.88180160522461,0.0,0.01455578116307663,-16.668067932128906,10
3SZK,1,20.07863998413086,15.734821319580078,66.52313232421875,0.0,0.008356721009872769,-18.336090087890625,1
3SZK,2,14.456756591796875,13.373283386230469,47.75685119628906,0.0,0.0143767844201789,-16.929250717163086,1
3SZK,3,18.457950592041016,12.817852973937988,46.773738861083984,0.0,0.015159411974421865,-19.89348602294922,4
3SZK,4,17.184404373168945,16.03290367126465,52.9076042175293,0.0,0.011279483328275747,-15.03314208984375,0
3SZK,5,14.079357147216797,10.855252265930176,45.084041595458984,0.0,0.017687485433430607,-22.427427291870117,2
3SZK,6,21.145950317382812,17.00852394104004,69.798583984375,0.0,0.007443680205724068,-18.298221588134766,0
3SZK,7,19.935508728027344,16.45738410949707,66.39363861083984,0.0,0.008121597937840624,-19.055185317993164,1
3SZK,8,20.88175392150879,16.543241500854492,66.51544189453125,0.0,0.008074045415213027,-16.822492599487305,1
3SZK,9,19.405981063842773,16.068883895874023,57.938350677490234,0.0,0.009902749306337706,-19.77354621887207,0
3SZK,10,20.144031524658203,14.982078552246094,64.57915496826172,0.0,0.008984545666948458,-18.37980842590332,3
3SZK,11,20.993242263793945,17.763669967651367,69.23571014404297,0.0,0.007309467317000627,-19.67514419555664,0
3SZK,12,20.90428924560547,16.81711196899414,68.15028381347656,0.0,0.007736935421960957,-17.919946670532227,0
3SZK,13,19.8179874420166,13.221549987792969,50.06931686401367,0.0,0.01357343657287643,-19.932897567749023,1
3SZK,14,17.98444175720215,13.039223670959473,45.08366775512695,0.0,0.01579576744375515,-17.792131423950195,2
4IZ7,0,14.147945404052734,19.8148193359375,49.08854675292969,0.0,0.01160277411393168,-15.002936363220215,0
4IZ7,1,14.633805274963379,20.24057388305664,45.39632797241211,0.0,0.013111115284574959,-16.608448028564453,0
4IZ7,2,14.704106330871582,20.130123138427734,46.331722259521484,0.0,0.012694449462671795,-14.747459411621094,0
4IZ7,3,11.165777206420898,14.630499839782715,30.169708251953125,0.0,0.02798064614295258,-14.757936477661133,0
4IZ7,4,12.015331268310547,18.30996322631836,34.06740188598633,0.0,0.021757065619074308,-16.029409408569336,0
4IZ7,5,14.298868179321289,19.448383331298828,47.280521392822266,0.0,0.012407231183912508,-15.090502738952637,0
4IZ7,6,13.166199684143066,19.211891174316406,36.992347717285156,0.0,0.01873627470705216,-14.080973625183105,0
4IZ7,7,13.642379760742188,18.687610626220703,44.74835205078125,0.0,0.013742153306431788,-12.811875343322754,0
4IZ7,8,12.313813209533691,19.30034065246582,35.72480773925781,0.0,0.01986050985745804,-14.353464126586914,0
4IZ7,9,14.502907752990723,18.19510269165039,46.63750457763672,0.0,0.012966676611087982,-17.234134674072266,0
4IZ7,10,11.720412254333496,14.94603443145752,32.40281295776367,0.0,0.02478493643838595,-17.237464904785156,0
4IZ7,11,9.97551155090332,14.003710746765137,27.464597702026367,0.0,0.03291815137008633,-13.893603324890137,0
4IZ7,12,12.0421724319458,18.409547805786133,34.36902618408203,0.0,0.02141155042625584,-14.745412826538086,0
4IZ7,13,9.499946594238281,12.730938911437988,22.062742233276367,0.0,0.047645837111345936,-13.248860359191895,0
4IZ7,14,11.64129638671875,13.739147186279297,30.415693283081055,0.0,0.028073385522674008,-14.943662643432617,0
1US7,0,24.46634292602539,20.319557189941406,47.047794342041016,0.0,0.012342960775894798,-13.751379013061523,15
1US7,1,17.315866470336914,17.908353805541992,60.83037567138672,0.0,0.008706050767768826,-15.816134452819824,8
1US7,2,19.840274810791016,22.277191162109375,43.34864807128906,0.0,0.013846292899680831,-17.268280029296875,0
1US7,3,24.929563522338867,20.752099990844727,48.328086853027344,0.0,0.011734493912491288,-13.703408241271973,16
1US7,4,23.565406799316406,22.783069610595703,44.584716796875,0.0,0.013129332461568147,-14.470905303955078,0
1US7,5,83.08297729492188,89.8234634399414,179.68368530273438,0.0,0.000837197587772549,0.0,0
1US7,6,25.050140380859375,25.79874610900879,61.987457275390625,0.0,0.007275081547761071,-14.952042579650879,9
1US7,7,24.13156509399414,20.76247215270996,45.59431838989258,0.0,0.012926646156108825,-14.964455604553223,14
1US7,8,24.345617294311523,20.986886978149414,52.7912712097168,0.0,0.010117347111612435,-16.843427658081055,0
1US7,9,26.777843475341797,20.302658081054688,49.616966247558594,0.0,0.011313364081775015,-14.09615707397461,14
1US7,10,23.968591690063477,20.735464096069336,46.885414123535156,0.0,0.012342368392855777,-15.029970169067383,12
1US7,11,17.53580665588379,21.501440048217773,41.39866256713867,0.0,0.015098183917076577,-16.08768081665039,0
1US7,12,31.210878372192383,28.89540672302246,71.04337310791016,0.0,0.005600166488890532,-15.42125129699707,9
1US7,13,28.09177017211914,23.564821243286133,54.410682678222656,0.0,0.00928619785256053,-14.298519134521484,31
1US7,14,24.775373458862305,21.667856216430664,47.34583282470703,0.0,0.011998051381648972,-13.909191131591797,17
4DN4,0,9.066069602966309,11.520425796508789,28.051631927490234,0.0,0.03358855734090979,-19.386611938476562,4
4DN4,1,4.3312482833862305,5.70359468460083,14.277688026428223,0.0,0.10878960180929152,-20.85694694519043,1
4DN4,2,6.102725028991699,8.45834732055664,18.44282341003418,0.0,0.06856320985239438,-20.698373794555664,1
4DN4,3,8.705480575561523,11.371642112731934,26.894519805908203,0.0,0.03597261655854341,-18.00664520263672,1
4DN4,4,4.690755844116211,7.379629611968994,15.232776641845703,0.0,0.09237207401207044,-21.22551155090332,0
4DN4,5,6.748310565948486,8.905462265014648,19.595338821411133,0.0,0.061984007409946335,-19.43392562866211,0
4DN4,6,6.472505569458008,7.793579578399658,19.06192398071289,0.0,0.067193518200126,-17.60789680480957,4
4DN4,7,4.056407451629639,3.7375288009643555,15.388710021972656,0.0,0.12416557023374854,-16.19453239440918,2
4DN4,8,7.17547607421875,7.928100109100342,21.572200775146484,0.0,0.05631693959973711,-18.34214210510254,4
4DN4,9,6.285192966461182,7.350870132446289,19.620121002197266,0.0,0.06600077848691681,-18.50048828125,2
4DN4,10,4.439460277557373,4.793764591217041,14.95182991027832,0.0,0.11114194314343949,-18.460599899291992,1
4DN4,11,7.096126079559326,7.672246932983398,21.252429962158203,0.0,0.058240221107679825,-18.57990264892578,3
4DN4,12,6.497129917144775,7.6249518394470215,18.834232330322266,0.0,0.06882341169784466,-18.404890060424805,1
4DN4,13,5.654349327087402,7.200568675994873,18.422988891601562,0.0,0.07236714660176426,-17.958288192749023,2
4DN4,14,6.839846611022949,7.752496719360352,20.214187622070312,0.0,0.06211216207163563,-20.088645935058594,3
1VFB,0,12.131458282470703,9.189780235290527,23.9738712310791,0.0,0.04587359556653376,-14.344508171081543,46
1VFB,1,12.654460906982422,11.101879119873047,22.14470672607422,0.0,0.04878032446788944,-14.642801284790039,16
1VFB,2,18.18096351623535,10.619706153869629,32.94493103027344,0.0,0.027324348608888573,-13.836102485656738,60
1VFB,3,11.92116928100586,11.485849380493164,23.363752365112305,0.0,0.044552275403331724,-14.305166244506836,48
1VFB,4,15.014652252197266,12.312355041503906,26.0802059173584,0.0,0.03688259424841937,-18.857351303100586,12
1VFB,5,16.56936264038086,10.421292304992676,29.060720443725586,0.0,0.03303530555314236,-13.316584587097168,47
1VFB,6,16.54498863220215,10.399885177612305,28.796815872192383,0.0,0.03350754889682353,-14.279048919677734,40
1VFB,7,15.616903305053711,11.080199241638184,27.58160400390625,0.0,0.034910743385618254,-16.17838478088379,38
1VFB,8,17.28243064880371,9.680865287780762,31.193864822387695,0.0,0.03085449015679564,-14.74561595916748,41
1VFB,9,17.86548614501953,10.786653518676758,32.356388092041016,0.0,0.027842294899099108,-15.341551780700684,55
1VFB,10,11.66170883178711,11.283395767211914,24.04218101501465,0.0,0.04282412895356882,-19.69312286376953,1
1VFB,11,16.4144287109375,12.3666410446167,30.226713180541992,0.0,0.02926063937505757,-14.811041831970215,55
1VFB,12,13.256513595581055,11.730441093444824,23.414627075195312,0.0,0.044175877340645035,-15.673952102661133,18
1VFB,13,16.494041442871094,10.09036922454834,29.1976261138916,0.0,0.03325003200306728,-14.491134643554688,47
1VFB,14,16.949649810791016,10.884860038757324,30.240440368652344,0.0,0.0306193122817387,-14.423073768615723,56
2H7V,0,26.29172134399414,28.646345138549805,59.24982833862305,0.0,0.0076333971647092715,-13.262873649597168,4
2H7V,1,24.252355575561523,23.919240951538086,57.14664077758789,0.0,0.008520679457217864,-14.967844009399414,0
2H7V,2,26.56973648071289,28.992610931396484,63.97611999511719,0.0,0.006671911854533794,-12.591451644897461,11
2H7V,3,39.046138763427734,41.816009521484375,107.69747161865234,0.0,0.0024918886681780093,-14.64834976196289,0
2H7V,4,31.64031410217285,37.072471618652344,102.78762817382812,0.0,0.002808806624208059,-16.369022369384766,1
2H7V,5,12.26852798461914,13.249931335449219,23.25579261779785,0.0,0.04350037797283094,-21.086822509765625,0
2H7V,6,18.3443660736084,16.32738494873047,31.203899383544922,0.0,0.02581551760004967,-16.21598243713379,2
2H7V,7,37.57730484008789,38.991790771484375,105.68017578125,0.0,0.002635115890654368,-15.526061058044434,2
2H7V,8,34.84944152832031,41.583126068115234,104.30142211914062,0.0,0.0026323568417608106,-16.271533966064453,0
2H7V,9,27.34467887878418,27.298694610595703,68.29191589355469,0.0,0.006088511334016544,-12.086857795715332,7
2H7V,10,37.09431838989258,39.762691497802734,101.41626739501953,0.0,0.0027988928009681172,-12.363689422607422,0
2H7V,11,29.53921890258789,32.879066467285156,78.58797454833984,0.0,0.004546709397949106,-13.614444732666016,2
2H7V,12,22.19491195678711,11.65534496307373,57.017799377441406,0.0,0.012677820315020372,-14.446792602539062,0
2H7V,13,33.35012435913086,41.801761627197266,98.12686920166016,0.0,0.002911188315846372,-16.17169189453125,3
2H7V,14,13.628867149353027,11.07907772064209,25.934484481811523,0.0,0.03833343488519358,-16.08673095703125,5
4CPA,0,6.355968475341797,9.948160171508789,21.707271575927734,0.0,0.05172508156004862,-13.224817276000977,2
4CPA,1,7.9181976318359375,9.902022361755371,28.79738426208496,0.0,0.03419113275966037,-14.893446922302246,10
4CPA,2,3.032302141189575,4.522817611694336,9.617631912231445,0.0,0.17921320126293136,-20.84328269958496,0
4CPA,3,2.7323296070098877,3.1682024002075195,9.928339958190918,0.222222,0.2760966249526469,-15.422019004821777,1
4CPA,4,8.772143363952637,11.867825508117676,31.38454246520996,0.0,0.028020711875292603,-14.520681381225586,3
4CPA,5,8.394043922424316,10.152610778808594,28.690086364746094,0.0,0.0340183832605895,-8.6826810836792,29
4CPA,6,3.9642555713653564,5.678861618041992,13.849858283996582,0.222222,0.1870145226908487,-17.042621612548828,0
4CPA,7,7.6207427978515625,10.664464950561523,25.813562393188477,0.222222,0.11314776164715584,-16.772064208984375,20
4CPA,8,9.395430564880371,12.958200454711914,33.323089599609375,0.0,0.02477087271771193,-20.885950088500977,1
4CPA,9,8.017576217651367,10.771330833435059,28.058979034423828,0.222222,0.10843366942960558,-13.296710014343262,2
4CPA,10,7.115910530090332,9.023974418640137,25.985654830932617,0.0,0.041180811302703825,-18.170507431030273,0
4CPA,11,6.582698345184326,8.761837005615234,23.80826759338379,0.0,0.04717546054030928,-16.805702209472656,3
4CPA,12,5.071382999420166,8.83154582977295,16.7520694732666,0.0,0.07759382326518235,-21.85430335998535,0
4CPA,13,9.172043800354004,12.141996383666992,33.02426528930664,0.0,0.025721326935062933,-15.187588691711426,4
4CPA,14,8.329069137573242,11.438763618469238,29.722368240356445,0.0,0.03083555139768125,-18.175722122192383,0
1RLB,0,13.650934219360352,9.874372482299805,35.3302116394043,0.0,0.025756955650980653,-17.17584228515625,6
1RLB,1,18.623931884765625,20.299448013305664,53.809814453125,0.0,0.009925230307734824,-14.998313903808594,6
1RLB,2,30.224864959716797,18.62981605529785,77.87505340576172,0.0,0.006071457180203558,-17.704421997070312,4
1RLB,3,28.369293212890625,21.492029190063477,76.27568054199219,0.0,0.005704523351519064,-18.124887466430664,3
1RLB,4,29.30907440185547,18.199708938598633,77.53742980957031,0.0,0.00620728760282041,-16.380687713623047,5
1RLB,5,10.961726188659668,8.199455261230469,26.963531494140625,0.5,0.20759218246621206,-16.077407836914062,7
1RLB,6,11.588858604431152,11.251317024230957,26.614826202392578,0.0,0.03667345346797787,-15.730925559997559,2
1RLB,7,11.514046669006348,9.277213096618652,26.378795623779297,0.0,0.03984696428049561,-15.672463417053223,2
1RLB,8,10.244688987731934,7.848737716674805,25.10105323791504,0.6,0.24603724596039775,-16.467477798461914,7
1RLB,9,9.696920394897461,9.83629035949707,24.360836029052734,0.0,0.04375299727547068,-16.268709182739258,4
1RLB,10,9.503173828125,9.768498420715332,23.612548828125,0.0,0.04591814212282871,-16.285572052001953,4
1RLB,11,8.410688400268555,8.219358444213867,22.34439468383789,0.0,0.0528827224341579,-15.199674606323242,7
1RLB,12,14.463977813720703,13.118778228759766,37.68705368041992,0.0,0.02043717887719511,-18.882549285888672,4
1RLB,13,8.112940788269043,6.561378479003906,20.6220703125,0.0,0.06496245988380218,-17.366609573364258,1
1RLB,14,9.675559997558594,9.629429817199707,24.494924545288086,0.0,0.04372163368800001,-16.652158737182617,6
3SE8,0,20.25324249267578,23.057872772216797,32.88628387451172,0.0,0.022278539677567797,-17.400177001953125,9
3SE8,1,24.5668888092041,21.850492477416992,39.67876052856445,0.0,0.016189114907329383,-16.6700439453125,6
3SE8,2,28.758146286010742,19.8979549407959,61.74510955810547,0.0,0.00808309809195743,-14.85076904296875,15
3SE8,3,21.067411422729492,19.573680877685547,42.05510330200195,0.0,0.015028635310397246,-14.908812522888184,8
3SE8,4,26.20132827758789,15.149436950683594,56.561397552490234,0.0,0.010597858076469797,-18.561120986938477,5
3SE8,5,28.20165252685547,19.44417953491211,60.88971710205078,0.0,0.008343568270114909,-14.815857887268066,15
3SE8,6,15.133687973022461,19.94154930114746,29.52067756652832,0.0,0.02739496079097149,-14.749881744384766,2
3SE8,7,27.448789596557617,20.114225387573242,62.62918472290039,0.0,0.007872387194085213,-16.576847076416016,13
3SE8,8,28.956029891967773,21.884031295776367,73.84121704101562,0.0,0.005917882004100808,-16.421722412109375,4
3SE8,9,12.676555633544922,10.399215698242188,25.72178840637207,0.0,0.03961118918479053,-14.240264892578125,11
3SE8,10,27.860267639160156,25.346508026123047,60.18886947631836,0.0,0.007681245011092046,-15.02745532989502,24
3SE8,11,26.159360885620117,18.368026733398438,59.41888427734375,0.0,0.008892772673343576,-15.382108688354492,12
3SE8,12,29.121450424194336,20.721355438232422,62.0255241394043,0.0,0.007882244650913485,-15.364745140075684,15
3SE8,13,27.09162712097168,18.584867477416992,61.0487174987793,0.0,0.008496419577791677,-15.302763938903809,14
3SE8,14,26.732309341430664,17.2827205657959,59.98931884765625,0.0,0.009052656109978146,-16.71341896057129,3
3EOA,0,19.352825164794922,15.787793159484863,47.93024826049805,0.0,0.013145691556988888,-13.356311798095703,1
3EOA,1,20.0523681640625,15.730020523071289,50.49318313598633,0.0,0.012189562925797738,-17.65581703186035,0
3EOA,2,8.355207443237305,8.718332290649414,20.087854385375977,0.0,0.06020301904168194,-14.473183631896973,0
3EOA,3,14.122325897216797,14.306721687316895,27.75766372680664,0.0,0.03220186348974514,-16.09502601623535,0
3EOA,4,11.315987586975098,12.309988021850586,23.942829132080078,0.0,0.042185968137054365,-15.848433494567871,2
3EOA,5,13.847851753234863,12.919641494750977,27.357051849365234,0.0,0.03377984503090263,-17.556636810302734,6
3EOA,6,20.130704879760742,15.305587768554688,52.297584533691406,0.0,0.011749962556169826,-17.865081787109375,0
3EOA,7,12.54068660736084,12.661429405212402,25.216503143310547,0.0,0.03862377571937083,-16.192676544189453,3
3EOA,8,12.769137382507324,12.892842292785645,24.789182662963867,0.0,0.03952006594016032,-17.434274673461914,0
3EOA,9,20.441349029541016,22.363954544067383,54.345802307128906,0.0,0.009452392832236358,-17.26467514038086,0
3EOA,10,13.487382888793945,12.661043167114258,26.412630081176758,0.0,0.03589595991571728,-17.30561637878418,5
3EOA,11,20.545316696166992,16.498058319091797,52.34105682373047,0.0,0.011297862686737858,-14.0576171875,1
3EOA,12,18.586109161376953,12.525347709655762,48.589935302734375,0.0,0.014610672446010234,-17.09479331970215,1
3EOA,13,19.907928466796875,15.599384307861328,50.41986846923828,0.0,0.012265615458060672,-17.287384033203125,0
3EOA,14,18.479482650756836,12.09446907043457,47.008384704589844,0.0,0.015603045885356485,-15.966955184936523,3
1WDW,0,35.23627471923828,33.45271301269531,100.61534881591797,0.0,0.0030309534767488035,-18.603857040405273,7
1WDW,1,33.94557189941406,32.74156951904297,97.23889923095703,0.0,0.0032258845233565786,-18.654081344604492,8
1WDW,2,34.820037841796875,34.41204071044922,99.57199096679688,0.0,0.0030436529497583995,-14.163418769836426,5
1WDW,3,12.849637031555176,14.332480430603027,27.040416717529297,0.0,0.03358699085749135,-16.394027709960938,3
1WDW,4,12.922520637512207,14.37132740020752,27.2679500579834,0.0,0.033113657713248416,-16.411245346069336,7
1WDW,5,13.39002513885498,15.184002876281738,28.2348575592041,0.0,0.030920869644755808,-14.914022445678711,7
1WDW,6,33.83701705932617,33.39399337768555,98.05445098876953,0.0,0.0031573646996313188,-15.505091667175293,12
1WDW,7,34.460933685302734,34.36532974243164,98.01615905761719,0.0,0.003121957768095546,-14.518845558166504,0
1WDW,8,6.412768363952637,7.208520412445068,13.997415542602539,0.125,0.1453047047952771,-14.112432479858398,7
1WDW,9,32.985260009765625,33.64126205444336,98.41717529296875,0.0,0.0031293969345213995,-15.826557159423828,6
1WDW,10,13.535889625549316,15.778688430786133,28.198341369628906,0.0,0.03075054819152707,-15.413105010986328,6
1WDW,11,13.216763496398926,14.8768892288208,27.93558692932129,0.0,0.03159999986760483,-16.9718017578125,6
1WDW,12,27.14621353149414,23.378549575805664,73.37994384765625,0.0,0.005780001731425243,-14.467503547668457,17
1WDW,13,13.653916358947754,15.639689445495605,28.777238845825195,0.0,0.029786265014079282,-16.53890037536621,6
1WDW,14,34.00968933105469,35.744754791259766,102.2685317993164,0.0,0.002872842831000573,-16.041685104370117,3
2I25,0,7.963875770568848,4.870846271514893,23.53638458251953,0.0,0.06733254883860391,-19.71674156188965,0
2I25,1,16.27952003479004,13.654398918151855,31.185699462890625,0.0,0.027025429478672477,-15.76200008392334,1
2I25,2,16.934038162231445,12.570882797241211,29.16408920288086,0.0,0.030777670136432466,-16.10915756225586,1
2I25,3,16.513765335083008,13.200361251831055,31.76103401184082,0.0,0.0265277834468727,-18.119768142700195,2
2I25,4,10.809928894042969,6.568086624145508,31.377756118774414,0.0,0.03931217971127807,-13.686378479003906,1
2I25,5,16.63823699951172,12.805188179016113,30.89521598815918,0.0,0.027967575223481866,-16.95577049255371,0
2I25,6,14.736285209655762,13.31163501739502,30.138736724853516,0.0,0.028739403200022728,-16.774808883666992,1
2I25,7,9.724457740783691,6.53072452545166,34.14998245239258,0.0,0.03614966768835324,-16.35923194885254,0
2I25,8,15.43551254272461,13.094797134399414,32.596824645996094,0.0,0.025539679813639398,-19.701663970947266,0
2I25,9,15.239265441894531,12.149825096130371,31.020984649658203,0.0,0.02828340445303564,-19.55397605895996,0
2I25,10,14.209450721740723,10.950007438659668,30.824317932128906,0.0,0.02969580713801166,-17.228008270263672,0
2I25,11,5.156805038452148,3.465947389602661,15.09693717956543,0.0,0.1328173551056003,-16.335187911987305,1
2I25,12,15.475076675415039,12.600809097290039,32.12816619873047,0.0,0.026462854908857355,-18.14259910583496,0
2I25,13,14.851312637329102,13.864123344421387,30.460922241210938,0.0,0.027937253682812847,-15.61257553100586,5
2I25,14,10.290042877197266,6.419609546661377,32.76032257080078,0.0,0.03828120214997303,-14.453821182250977,0
1GCQ,0,12.230056762695312,12.992470741271973,37.17171859741211,0.0,0.020948227628641656,-23.14437484741211,0
1GCQ,1,11.32967472076416,12.945992469787598,23.58635711669922,0.0,0.042730404213242236,-21.271825790405273,1
1GCQ,2,13.56586742401123,13.313719749450684,39.37504196166992,0.0,0.019020185616186663,-17.18586540222168,0
1GCQ,3,14.021024703979492,12.56578254699707,30.090717315673828,0.0,0.02931575128571363,-19.45151710510254,0
1GCQ,4,11.4993257522583,11.533084869384766,21.872802734375,0.0,0.04927943448073682,-22.184715270996094,0
1GCQ,5,13.35869026184082,13.974703788757324,37.61083984375,0.0,0.01999447779596428,-20.258159637451172,0
1GCQ,6,12.881022453308105,13.542680740356445,34.30188751220703,0.0,0.023323875938893335,-24.74976921081543,1
1GCQ,7,13.377424240112305,13.923500061035156,32.96167755126953,0.0,0.024608698684962144,-22.150829315185547,0
1GCQ,8,68.26317596435547,74.86713409423828,152.55865478515625,0.0,0.0011653187956905365,0.0,0
1GCQ,9,12.627100944519043,13.27029037475586,33.39397048950195,0.0,0.024487485813119627,-25.472881317138672,0
1GCQ,10,12.580391883850098,13.274481773376465,28.07071304321289,0.0,0.03219945748893152,-15.936837196350098,0
1GCQ,11,11.090672492980957,13.170781135559082,25.73184585571289,0.0,0.037062363750199216,-17.470430374145508,0
1GCQ,12,11.423609733581543,13.435172080993652,28.067838668823242,0.0,0.03210601251439082,-21.832523345947266,0
1GCQ,13,12.7105712890625,13.315561294555664,33.59345626831055,0.0,0.024233582100410128,-23.189964294433594,0
1GCQ,14,12.480988502502441,13.151732444763184,35.22855758666992,0.0,0.022618391688562844,-22.186037063598633,0
1ZLI,0,10.874007225036621,15.099143028259277,25.663362503051758,0.105263,0.07129734996765254,-15.92795181274414,10
1ZLI,1,9.837027549743652,12.241748809814453,28.290494918823242,0.0,0.03253007341299433,-16.63750457763672,3
1ZLI,2,8.834428787231445,11.152209281921387,22.351408004760742,0.052632,0.06558299801360994,-16.405548095703125,4
1ZLI,3,11.944107055664062,13.66865348815918,33.04472351074219,0.0,0.024653059035800673,-12.00684642791748,20
1ZLI,4,2.074004650115967,2.3860063552856445,6.19900369644165,0.0,0.3120213413417611,-18.733970642089844,0
1ZLI,5,10.035575866699219,13.439175605773926,24.147287368774414,0.0,0.04085075452013064,-16.402854919433594,7
1ZLI,6,4.776714324951172,5.592705249786377,13.116512298583984,0.842105,0.40165464157540126,-15.64421558380127,2
1ZLI,7,11.24799919128418,15.852389335632324,26.357948303222656,0.0,0.034357758946467046,-16.4161376953125,1
1ZLI,8,4.679038047790527,5.611836910247803,12.79638385772705,0.0,0.1242761505930996,-18.079727172851562,0
1ZLI,9,6.856212615966797,8.314255714416504,17.019197463989258,0.0,0.07705397031207485,-17.111141204833984,0
1ZLI,10,3.306434154510498,3.8821444511413574,9.6023588180542,0.0,0.18974296662225576,-19.429109573364258,0
1ZLI,11,11.5829439163208,16.32224464416504,26.72465705871582,0.0,0.03341413061878455,-19.22872543334961,0
1ZLI,12,6.55379581451416,7.698390007019043,16.57899284362793,0.0,0.08157393089812737,-20.776416778564453,0
1ZLI,13,7.999802589416504,10.394083976745605,19.047731399536133,0.0,0.06215601678486993,-17.465801239013672,3
1ZLI,14,9.49891471862793,12.953022956848145,22.683950424194336,0.0,0.04545196233908427,-13.53808307647705,6
3L89,0,27.169551849365234,27.469043731689453,74.46288299560547,0.0,0.0052786184934080225,-17.467599868774414,2
3L89,1,24.020126342773438,21.957805633544922,61.772499084472656,0.0,0.007742449412820217,-16.594377517700195,4
3L89,2,7.5995965003967285,7.10209846496582,20.799415588378906,0.625,0.2702700427500924,-18.88937759399414,4
3L89,3,24.370927810668945,25.57155990600586,66.01409912109375,0.0,0.006579304972184583,-18.283174514770508,2
3L89,4,18.591045379638672,19.540098190307617,43.931156158447266,0.0,0.013981248751499677,-15.411722183227539,5
3L89,5,14.188323974609375,16.54647445678711,39.889617919921875,0.0,0.017195141131330884,-15.400306701660156,2
3L89,6,27.242029190063477,26.423898696899414,73.80809783935547,0.0,0.0054337193227223775,-16.53207778930664,2
3L89,7,22.72899627685547,22.01932716369629,63.41322708129883,0.0,0.007423051566533989,-16.651174545288086,7
3L89,8,6.564367771148682,7.539398670196533,16.88152313232422,0.25,0.16344107703719848,-17.30525016784668,5
3L89,9,25.646936416625977,25.78428077697754,69.0727767944336,0.0,0.006096810908334552,-17.00752830505371,6
3L89,10,22.862632751464844,25.25379180908203,67.57444763183594,0.0,0.0063638570510920435,-19.457754135131836,0
3L89,11,27.0699520111084,25.779043197631836,71.17261505126953,0.0,0.00581224756380866,-17.61174201965332,2
3L89,12,25.84138298034668,24.14537811279297,68.3539047241211,0.0,0.006357551441238534,-21.126239776611328,1
3L89,13,17.180700302124023,18.061771392822266,41.347991943359375,0.0,0.015798747835612293,-15.705559730529785,3
3L89,14,22.927623748779297,23.5004940032959,65.27018737792969,0.0,0.00691134208915964,-17.89546775817871,7
1H9D,0,13.08110237121582,11.757974624633789,49.99565887451172,0.0,0.014702409724770216,-23.20013999938965,0
1H9D,1,11.001055717468262,9.668116569519043,41.60580825805664,0.060606,0.04139234523562745,-20.85494041442871,1
1H9D,2,19.52530288696289,16.44923973083496,46.22536849975586,0.0,0.013651187744152199,-16.452808380126953,0
1H9D,3,15.519111633300781,13.2288179397583,42.39571762084961,0.0,0.01711249328197938,-15.048757553100586,3
1H9D,4,15.912443161010742,13.823634147644043,26.356929779052734,0.0,0.03528105944603063,-18.114334106445312,5
1H9D,5,5.535336971282959,4.95908784866333,11.424514770507812,0.0,0.14671266082711784,-19.944869995117188,0
1H9D,6,12.970471382141113,11.943406105041504,42.60245895385742,0.0,0.01793744213880029,-19.639869689941406,0
1H9D,7,12.543007850646973,11.78223991394043,41.88343811035156,0.0,0.018502174123654843,-18.50092124938965,6
1H9D,8,10.876199722290039,10.478755950927734,40.607662200927734,0.0,0.02068509600593282,-19.010690689086914,2
1H9D,9,13.745399475097656,12.167551040649414,25.154321670532227,0.0,0.03915128922221681,-18.562223434448242,0
1H9D,10,19.086759567260742,15.770580291748047,44.11722946166992,0.0,0.014919339389786275,-18.56690788269043,0
1H9D,11,12.363279342651367,10.578841209411621,23.200637817382812,0.0,0.04601689174828103,-18.945051193237305,1
1H9D,12,6.94704532623291,6.487619876861572,19.565940856933594,0.0,0.06983660884410442,-20.305021286010742,0
1H9D,13,12.742437362670898,11.767698287963867,42.95917892456055,0.0,0.017887580348625698,-19.988645553588867,0
1H9D,14,14.03205394744873,12.200761795043945,41.03699493408203,0.0,0.018675975254436764,-19.396451950073242,1
1GHQ,0,23.9212589263916,22.79707908630371,63.97977066040039,0.0,0.007218295807157737,-19.764358520507812,3
1GHQ,1,22.579303741455078,19.828399658203125,58.34383010864258,0.0,0.008824697877731226,-16.639249801635742,0
1GHQ,2,20.56454086303711,17.219345092773438,61.570068359375,0.0,0.008744572288900144,-14.51760482788086,2
1GHQ,3,22.739046096801758,22.44441795349121,58.51383590698242,0.0,0.008370798739921107,-16.281156539916992,2
1GHQ,4,22.32029914855957,19.8304386138916,56.66138458251953,0.0,0.009232652364641965,-16.5482177734375,0
1GHQ,5,22.12486457824707,21.443798065185547,58.0460205078125,0.0,0.008620806386686502,-16.885339736938477,0
1GHQ,6,22.76677131652832,23.345474243164062,60.44682312011719,0.0,0.007833931336974936,-15.771966934204102,2
1GHQ,7,23.387800216674805,22.92074203491211,62.70313262939453,0.0,0.007436422803230265,-16.934255599975586,0
1GHQ,8,17.04823875427246,13.796075820922852,53.23800277709961,0.0,0.012180376835338706,-14.617135047912598,0
1GHQ,9,20.852710723876953,22.391128540039062,58.342281341552734,0.0,0.008417558571625806,-16.44573402404785,12
1GHQ,10,23.578813552856445,20.097517013549805,61.90689468383789,0.0,0.008014321278233283,-15.831066131591797,0
1GHQ,11,16.386857986450195,11.654537200927734,45.945526123046875,0.0,0.016462702152663957,-16.147388458251953,0
1GHQ,12,23.960886001586914,23.041881561279297,63.682308197021484,0.0,0.007241242989067011,-19.260038375854492,1
1GHQ,13,21.896209716796875,19.83790397644043,57.9316291809082,0.0,0.008919745844916718,-17.296751022338867,0
1GHQ,14,21.565107345581055,22.030515670776367,57.60186004638672,0.0,0.008641924285818716,-15.264901161193848,1
5Y9J,0,18.44221305847168,17.206127166748047,35.04458236694336,0.0,0.021034571187648298,-16.0644474029541,10
5Y9J,1,28.994670867919922,23.42850112915039,60.465110778808594,0.0,0.007820441337342504,-16.03839111328125,13
5Y9J,2,16.617454528808594,15.622179985046387,28.584871292114258,0.0,0.03012489469696075,-15.602866172790527,5
5Y9J,3,22.021995544433594,18.65330696105957,34.27949523925781,0.0,0.02144950829958171,-16.445735931396484,9
5Y9J,4,14.828848838806152,14.606660842895508,25.94805908203125,0.0,0.03578128847014162,-15.205492973327637,8
5Y9J,5,17.685035705566406,14.167383193969727,28.956275939941406,0.0,0.030139620098361308,-14.950998306274414,6
5Y9J,6,28.002416610717773,19.954538345336914,70.16212463378906,0.0,0.006694483207544694,-13.966751098632812,11
5Y9J,7,24.321224212646484,19.59255599975586,56.904422760009766,0.0,0.009217543075695096,-16.017654418945312,9
5Y9J,8,23.659236907958984,21.351383209228516,57.14529800415039,0.0,0.008852339932289517,-18.895492553710938,4
5Y9J,9,23.509708404541016,16.45284652709961,55.0692024230957,0.0,0.010504433810220136,-16.528623580932617,16
5Y9J,10,26.67268180847168,21.837648391723633,50.471500396728516,0.0,0.01075876484530166,-15.980886459350586,15
5Y9J,11,24.593542098999023,21.054603576660156,67.32255554199219,0.0,0.006913630298518807,-14.391036987304688,7
5Y9J,12,25.82530975341797,25.694610595703125,68.2435073852539,0.0,0.0062243701244299385,-13.559290885925293,15
5Y9J,13,29.26572036743164,20.647083282470703,70.00314331054688,0.0,0.006593198856110334,-16.03517723083496,9
5Y9J,14,23.221403121948242,18.68331527709961,34.18069839477539,0.0,0.021547945546532776,-14.916131973266602,15
4ETQ,0,19.293712615966797,16.641551971435547,56.36149597167969,0.0,0.010099168425571374,-19.21341323852539,1
4ETQ,1,23.314308166503906,20.88776969909668,64.02193450927734,0.0,0.007484100098785797,-15.61976146697998,3
4ETQ,2,18.755718231201172,17.293466567993164,40.69688415527344,0.0,0.016422290291578816,-17.50681495666504,4
4ETQ,3,15.909361839294434,16.61446762084961,31.330570220947266,0.0,0.025547639429921443,-18.195112228393555,3
4ETQ,4,16.832408905029297,13.962428092956543,42.55581283569336,0.0,0.016591452481511927,-19.084815979003906,7
4ETQ,5,7.447397232055664,11.534347534179688,22.09068489074707,0.0,0.04853048669190315,-13.887109756469727,1
4ETQ,6,9.422979354858398,12.856749534606934,21.199073791503906,0.0,0.050643926991228584,-17.836034774780273,0
4ETQ,7,11.979161262512207,9.418971061706543,31.79047393798828,0.0,0.03048473556429245,-17.232681274414062,7
4ETQ,8,19.342517852783203,15.210007667541504,49.58959197998047,0.0,0.012724617897949493,-20.33237075805664,10
4ETQ,9,22.492191314697266,20.741851806640625,63.893760681152344,0.0,0.007530906708310604,-18.414989471435547,4
4ETQ,10,8.542851448059082,11.470383644104004,17.984533309936523,0.0,0.06646817155295605,-15.80207633972168,6
4ETQ,11,10.288817405700684,13.770030975341797,19.025848388671875,0.0,0.05937081170700779,-19.514286041259766,6
4ETQ,12,8.251603126525879,11.776106834411621,16.55393409729004,0.0,0.07487009417320216,-18.961267471313477,1
4ETQ,13,19.70412826538086,17.602113723754883,46.224586486816406,0.0,0.013305750692279022,-20.302431106567383,4
4ETQ,14,10.562407493591309,13.436251640319824,21.838035583496094,0.0,0.04795890124512996,-18.716415405273438,4
5JMO,0,10.773587226867676,8.832205772399902,35.207122802734375,0.0,0.027703996088021193,-14.691059112548828,3
5JMO,1,11.39856243133545,9.379077911376953,32.31019973754883,0.0,0.029889479911328395,-14.984711647033691,2
5JMO,2,11.47649097442627,10.024678230285645,45.63602066040039,0.0,0.018475782086178092,-12.362313270568848,4
5JMO,3,11.375361442565918,9.884634017944336,29.041444778442383,0.0,0.033805042286039415,-15.960919380187988,4
5JMO,4,13.838346481323242,10.273500442504883,40.10745620727539,0.0,0.021285662849922397,-14.964616775512695,3
5JMO,5,13.734821319580078,10.263075828552246,34.94013214111328,0.0,0.02559653846490949,-16.166221618652344,0
5JMO,6,12.5357027053833,12.041264533996582,27.05074691772461,0.0,0.035048312448697785,-14.62145709991455,5
5JMO,7,12.088104248046875,15.49555492401123,31.836050033569336,0.0,0.025275133331096822,-13.867859840393066,1
5JMO,8,14.42345905303955,17.36789894104004,31.265914916992188,0.0,0.02540868164670872,-16.029216766357422,6
5JMO,9,9.345876693725586,9.63747501373291,24.692224502563477,0.0,0.04319895806201906,-16.69677734375,0
5JMO,10,10.252001762390137,10.765838623046875,24.838747024536133,0.0,0.0412909058531677,-16.615434646606445,1
5JMO,11,10.965181350708008,11.107410430908203,33.37355422973633,0.0,0.026275766324426603,-13.85688591003418,3
5JMO,12,9.701791763305664,9.929571151733398,31.67624855041504,0.0,0.029826934929931433,-14.155277252197266,4
5JMO,13,14.064876556396484,16.494548797607422,40.7956657409668,0.0,0.016602634961728036,-15.762020111083984,3
5JMO,14,11.888032913208008,14.847277641296387,29.61634063720703,0.0,0.02873538157755202,-13.837483406066895,2
1GPW,0,5.67929744720459,6.214138031005859,10.495061874389648,0.0,0.1503913641411054,-21.576765060424805,3
1GPW,1,5.782822608947754,6.0986809730529785,10.922445297241211,0.0,0.14474317063129702,-18.53390884399414,3
1GPW,2,18.73713493347168,18.86566925048828,64.39302062988281,0.0,0.007802710466413599,-13.962821006774902,3
1GPW,3,9.398362159729004,8.66871452331543,17.60041618347168,0.0,0.07273165398297314,-19.124980926513672,1
1GPW,4,4.848013877868652,5.073968410491943,9.606488227844238,0.0,0.17316279025654435,-21.796607971191406,1
1GPW,5,6.724377632141113,7.056982040405273,12.841042518615723,0.0,0.11596537856247546,-20.20211410522461,0
1GPW,6,15.854751586914062,15.428384780883789,45.776161193847656,0.0,0.014231343146464475,-14.1515531539917,4
1GPW,7,12.247428894042969,12.727592468261719,21.849740982055664,0.0,0.04838131356450922,-16.787857055664062,3
1GPW,8,9.237468719482422,9.51351547241211,17.220943450927734,0.0,0.0733855963577125,-19.121931076049805,0
1GPW,9,9.503755569458008,9.55238151550293,17.61981964111328,0.0,0.07095029821489236,-19.33966636657715,2
1GPW,10,16.790531158447266,15.541240692138672,59.210418701171875,0.0,0.009807258101475232,-16.163522720336914,2
1GPW,11,18.603124618530273,17.021461486816406,64.34211730957031,0.0,0.008286243638982714,-15.599983215332031,0
1GPW,12,13.633544921875,12.743993759155273,26.799442291259766,0.0,0.03502234488623257,-19.353635787963867,0
1GPW,13,5.266510963439941,5.3172712326049805,10.55185317993164,0.0625,0.17658350447952306,-20.4223575592041,3
1GPW,14,7.030807971954346,7.194217205047607,16.155624389648438,0.0,0.08615430646531445,-17.20854377746582,5
2C0L,0,12.432889938354492,12.075105667114258,24.376760482788086,0.0,0.04120088657424694,-19.520458221435547,0
2C0L,1,11.106629371643066,10.073722839355469,22.066194534301758,0.0,0.050300340557437435,-19.189666748046875,1
2C0L,2,11.000039100646973,11.22612476348877,22.184101104736328,0.0,0.04851864008209018,-18.83591651916504,0
2C0L,3,16.426862716674805,14.445592880249023,46.40327453613281,0.0,0.014377234379635395,-15.661657333374023,0
2C0L,4,12.257451057434082,11.36828327178955,23.766889572143555,0.0,0.043504552450952666,-23.02678871154785,0
2C0L,5,11.182315826416016,10.474169731140137,22.12991714477539,0.0,0.04955311165284663,-20.602663040161133,0
2C0L,6,16.49334144592285,17.487268447875977,46.69863510131836,0.0,0.013124025374104724,-17.822938919067383,3
2C0L,7,5.910507678985596,6.149230480194092,12.459328651428223,0.0,0.1245883450484701,-17.553607940673828,0
2C0L,8,11.346719741821289,11.424836158752441,22.457721710205078,0.0,0.04741646142070944,-18.918251037597656,0
2C0L,9,10.313916206359863,9.908370971679688,20.86408805847168,0.0,0.05491741756858256,-17.12950897216797,0
2C0L,10,8.086179733276367,8.990840911865234,19.063077926635742,0.0,0.06430813725556671,-18.037046432495117,1
2C0L,11,6.888153553009033,5.236350059509277,15.864259719848633,0.0,0.09962714876909691,-17.714984893798828,16
2C0L,12,11.17195987701416,10.926276206970215,22.369808197021484,0.0,0.04822139168692705,-20.284215927124023,3
2C0L,13,5.053061008453369,4.482909679412842,11.591882705688477,0.0,0.15011992762228352,-16.471656799316406,9
2C0L,14,11.189889907836914,10.138318061828613,21.97460174560547,0.0,0.050523431043584886,-19.76824378967285,1
1NW9,0,14.824740409851074,15.834427833557129,42.55674362182617,0.0,0.015752329236815635,-14.005302429199219,6
1NW9,1,18.8000545501709,19.1662540435791,52.04154968261719,0.0,0.010690531271592377,-13.03723430633545,4
1NW9,2,7.51474142074585,9.747334480285645,18.802562713623047,0.0,0.06427325904185598,-19.47640037536621,0
1NW9,3,19.64426612854004,20.702482223510742,53.37821578979492,0.0,0.009984301849022296,-13.077622413635254,5
1NW9,4,7.88389253616333,7.932932376861572,21.13263702392578,0.259259,0.14434381125755597,-15.58145523071289,5
1NW9,5,10.980780601501465,10.90442180633545,28.705896377563477,0.148148,0.08244338023218188,-14.723682403564453,4
1NW9,6,8.27675724029541,8.263498306274414,22.928546905517578,0.148148,0.10029089493088948,-17.60980224609375,1
1NW9,7,11.599678993225098,12.407055854797363,30.244140625,0.185185,0.09093190756979357,-14.914401054382324,3
1NW9,8,15.018305778503418,15.868552207946777,41.74320602416992,0.0,0.016222964405096362,-15.504356384277344,1
1NW9,9,11.691962242126465,12.731128692626953,29.415300369262695,0.185185,0.09198089267791408,-19.48769187927246,0
1NW9,10,17.229522705078125,18.698951721191406,54.69715118408203,0.0,0.009991305495458866,-16.2448787689209,0
1NW9,11,10.597515106201172,11.44211196899414,28.000202178955078,0.037037,0.046103633052015446,-14.719462394714355,3
1NW9,12,6.2004313468933105,7.571993350982666,12.648026466369629,0.037037,0.12864068666725556,-12.51054859161377,0
1NW9,13,18.04906463623047,18.253623962402344,52.70823287963867,0.0,0.010684920791883235,-15.56966781616211,1
1NW9,14,16.21919059753418,19.58077621459961,44.69391632080078,0.0,0.013580340663716169,-18.61469841003418,7
1WQ1,0,4.658990383148193,4.11415958404541,8.892102241516113,0.5,0.36493296167153993,-18.282001495361328,6
1WQ1,1,4.357311248779297,3.920341968536377,8.596902847290039,0.666667,0.4295672606677999,-18.258644104003906,13
1WQ1,2,7.465835094451904,6.4721503257751465,13.573095321655273,0.0,0.11089173596878098,-16.02341079711914,10
1WQ1,3,10.158443450927734,8.856086730957031,18.029396057128906,0.0,0.06991206246893389,-17.606428146362305,10
1WQ1,4,10.490208625793457,9.175139427185059,18.695390701293945,0.0,0.06577817476438029,-20.204147338867188,3
1WQ1,5,2.831042528152466,2.5376057624816895,5.560056686401367,0.5,0.48642484469451014,-20.666385650634766,2
1WQ1,6,9.623639106750488,10.05535888671875,29.870830535888672,0.0,0.032225507148193694,-15.874387741088867,15
1WQ1,7,13.687682151794434,12.173951148986816,23.647686004638672,0.0,0.04312381922689487,-16.847110748291016,2
1WQ1,8,13.73649787902832,12.333246231079102,23.75066566467285,0.0,0.04270520317602804,-17.048067092895508,2
1WQ1,9,20.87318229675293,18.278276443481445,56.21648406982422,0.0,0.009680125205866592,-17.230308532714844,1
1WQ1,10,10.463268280029297,9.241106986999512,26.310211181640625,0.0,0.040059959482772724,-13.206778526306152,5
1WQ1,11,11.368858337402344,9.97590160369873,20.111223220825195,0.0,0.05788940436130673,-18.219919204711914,4
1WQ1,12,13.821396827697754,12.614768028259277,24.10515022277832,0.0,0.04151100694232463,-18.536205291748047,4
1WQ1,13,14.316252708435059,13.042637825012207,24.63793182373047,0.0,0.039805674756234956,-18.399263381958008,1
1WQ1,14,14.324936866760254,13.242717742919922,24.949094772338867,0.0,0.038889384287854246,-21.20596694946289,0
1ATN,0,18.365755081176758,20.970972061157227,42.25373840332031,0.0,0.014661270130874088,-13.885998725891113,6
1ATN,1,21.097326278686523,11.24506950378418,55.36845779418945,0.0,0.013502378824883138,-15.896424293518066,1
1ATN,2,14.928305625915527,13.832834243774414,28.66753387451172,0.0,0.030810537455372298,-15.17222785949707,8
1ATN,3,17.3576602935791,18.4522762298584,36.238948822021484,0.0,0.019570539928059166,-13.6923246383667,1
1ATN,4,18.7144832611084,14.543086051940918,35.086185455322266,0.0,0.021987619184122564,-13.334546089172363,5
1ATN,5,22.005128860473633,16.306407928466797,49.406070709228516,0.0,0.012379652101761375,-16.98660659790039,5
1ATN,6,27.10386848449707,28.850656509399414,84.79325866699219,0.0,0.0042149058489482985,-18.777557373046875,2
1ATN,7,17.509136199951172,18.52264404296875,34.95621109008789,0.0,0.020780638793164843,-13.523776054382324,5
1ATN,8,19.308130264282227,15.46337604522705,36.40220260620117,0.0,0.020342067522261607,-14.199461936950684,2
1ATN,9,27.14204216003418,31.71619987487793,82.47286224365234,0.0,0.0042474523056848755,-16.84661293029785,3
1ATN,10,17.75969123840332,18.608253479003906,31.659957885742188,0.0,0.02456335350712244,-13.525425910949707,10
1ATN,11,15.124089241027832,14.60196304321289,29.64215660095215,0.0,0.028807491132531515,-15.241142272949219,6
1ATN,12,26.940343856811523,27.547224044799805,84.44510650634766,0.0,0.00432882579307048,-16.41318702697754,4
1ATN,13,18.140201568603516,18.173805236816406,30.43558692932129,0.0,0.02637308901065955,-15.366998672485352,10
1ATN,14,17.816104888916016,18.540775299072266,36.84044647216797,0.0,0.01901531905730892,-14.504520416259766,6
5C7X,0,20.814706802368164,20.067232131958008,59.333927154541016,0.0,0.008555395559411592,-17.35909652709961,2
5C7X,1,9.318621635437012,11.893372535705566,24.17090606689453,0.0,0.04190452717055828,-18.680173873901367,5
5C7X,2,9.208817481994629,11.119229316711426,21.97119140625,0.176471,0.10817608123603999,-17.14944839477539,1
5C7X,3,10.719816207885742,13.864336013793945,23.950666427612305,0.0,0.041144012634373034,-17.867778778076172,12
5C7X,4,2.4597322940826416,3.639791250228882,7.5177226066589355,0.294118,0.33346397441810316,-17.01983642578125,6
5C7X,5,15.174834251403809,17.10558319091797,35.80266189575195,0.0,0.02032940365584799,-15.36014175415039,49
5C7X,6,9.128783226013184,10.89110279083252,21.519773483276367,0.058824,0.0707993042919144,-18.994049072265625,1
5C7X,7,8.778197288513184,7.089798450469971,26.642553329467773,0.0,0.04507569052271521,-18.165496826171875,6
5C7X,8,10.297811508178711,12.80081844329834,22.985769271850586,0.0,0.04461413906791146,-19.029579162597656,4
5C7X,9,18.661312103271484,20.42220115661621,52.363258361816406,0.0,0.010346535293333705,-18.96869659423828,1
5C7X,10,9.497021675109863,10.992881774902344,22.424619674682617,0.058824,0.0675767189824798,-22.086557388305664,1
5C7X,11,14.441072463989258,15.408712387084961,38.18962097167969,0.0,0.0188627645738945,-15.540059089660645,8
5C7X,12,4.828640460968018,6.22617769241333,11.633793830871582,0.058824,0.15390491893052358,-19.221445083618164,3
5C7X,13,8.913456916809082,10.501416206359863,21.441516876220703,0.117647,0.09115096101848408,-18.61281967163086,2
5C7X,14,4.428977966308594,6.01842737197876,10.62167739868164,0.058824,0.16923388682293727,-19.17585563659668,6
1E4K,0,31.68024444580078,43.40561294555664,85.80083465576172,0.0,0.003637209642402738,-18.883758544921875,3
1E4K,1,21.31861114501953,20.444913864135742,47.545135498046875,0.0,0.012108508287308473,-16.178556442260742,0
1E4K,2,14.874676704406738,12.375720977783203,32.23988342285156,0.0,0.026490288013684915,-18.20652198791504,0
1E4K,3,25.20183753967285,28.84501075744629,66.53400421142578,0.0,0.006251986952579444,-18.82254409790039,0
1E4K,4,24.867549896240234,25.214008331298828,71.33906555175781,0.0,0.005841500744828199,-18.235631942749023,0
1E4K,5,21.397127151489258,17.140239715576172,52.70082092285156,0.0,0.010984860003163765,-18.526918411254883,0
1E4K,6,29.363195419311523,21.994821548461914,78.92967224121094,0.0,0.005364590792603613,-15.037775993347168,0
1E4K,7,14.841254234313965,15.175522804260254,28.64307975769043,0.0,0.03020396777446246,-17.63436508178711,0
1E4K,8,26.085289001464844,26.932863235473633,70.4386215209961,0.0,0.005815022570043522,-18.381193161010742,0
1E4K,9,30.569690704345703,38.84054183959961,82.66727447509766,0.0,0.003983654304476216,-19.61258316040039,0
1E4K,10,24.161367416381836,24.99786949157715,67.28858184814453,0.0,0.0064314021368066165,-15.2748384475708,1
1E4K,11,28.33635139465332,28.31915855407715,82.31842041015625,0.0,0.004449123135189652,-15.176162719726562,0
1E4K,12,22.974456787109375,17.077043533325195,62.93986511230469,0.0,0.008522668086190724,-17.762571334838867,0
1E4K,13,19.296768188476562,17.379884719848633,56.35990524291992,0.0,0.009877835830814674,-18.341230392456055,0
1E4K,14,21.40840721130371,19.84085464477539,62.003047943115234,0.0,0.008043369209668248,-18.675996780395508,0
2OT3,0,5.699706554412842,5.49769401550293,10.807167053222656,0.05,0.16715641782297186,-21.892475128173828,3
2OT3,1,10.048483848571777,9.828348159790039,21.67772674560547,0.0,0.05200747506244379,-16.295576095581055,4
2OT3,2,6.761649131774902,6.812115669250488,15.263168334960938,0.0,0.09432098485876421,-16.801420211791992,9
2OT3,3,20.0399112701416,17.872344970703125,48.998992919921875,0.0,0.012069490307335584,-14.010153770446777,4
2OT3,4,18.745729446411133,17.702301025390625,59.04004669189453,0.0,0.009145091764667103,-14.698492050170898,2
2OT3,5,10.969938278198242,10.350772857666016,28.075773239135742,0.0,0.034843931905758914,-18.793699264526367,1
2OT3,6,8.036611557006836,7.643829822540283,17.33015251159668,0.1,0.11033226958463295,-18.52251625061035,4
2OT3,7,14.51247501373291,14.071961402893066,29.090259552001953,0.0,0.029965423294228282,-16.37588882446289,2
2OT3,8,6.746303558349609,6.5893402099609375,14.22935676574707,0.0,0.10408592369617631,-16.707500457763672,4
2OT3,9,10.318666458129883,10.254498481750488,36.05803298950195,0.0,0.024530860038345398,-14.376198768615723,0
2OT3,10,6.912672996520996,6.281966209411621,13.41568660736084,0.1,0.14679468885019523,-19.761367797851562,5
2OT3,11,23.775453567504883,23.277219772338867,66.10901641845703,0.0,0.006799412588328557,-14.403905868530273,0
2OT3,12,17.797426223754883,16.526845932006836,54.85634231567383,0.0,0.010538981958950379,-15.019412994384766,0
2OT3,13,16.786823272705078,16.075746536254883,50.06446075439453,0.0,0.012216425158268138,-13.280750274658203,4
2OT3,14,23.220121383666992,21.49648094177246,66.32469940185547,0.0,0.007001470877463709,-16.81242561340332,0
1R6Q,0,10.609878540039062,11.285306930541992,27.223737716674805,0.0,0.03539556089620913,-19.923368453979492,0
1R6Q,1,10.440532684326172,11.819846153259277,23.436962127685547,0.0,0.04403099135489779,-23.93072509765625,0
1R6Q,2,9.55116081237793,10.840798377990723,22.367223739624023,0.0,0.048325670668234455,-23.478145599365234,0
1R6Q,3,9.046157836914062,9.931478500366211,19.5019588470459,0.0,0.06064811302669073,-22.388662338256836,0
1R6Q,4,16.034391403198242,20.52128791809082,34.84150695800781,0.0,0.020496176615710335,-15.7802734375,0
1R6Q,5,9.596320152282715,10.508703231811523,20.80491828918457,0.0,0.05433668379073459,-22.151142120361328,0
1R6Q,6,14.53881549835205,17.924562454223633,29.551198959350586,0.0,0.0277890089108544,-15.816646575927734,0
1R6Q,7,15.704665184020996,20.466615676879883,33.05546569824219,0.0,0.022454831384355268,-18.728286743164062,0
1R6Q,8,13.906792640686035,14.955060005187988,46.450313568115234,0.0,0.014120271312648142,-17.39057159423828,0
1R6Q,9,15.038880348205566,19.132408142089844,30.559154510498047,0.0,0.025973420687280896,-20.927900314331055,0
1R6Q,10,15.236725807189941,18.871437072753906,33.210689544677734,0.0,0.022585711550498714,-18.95742416381836,0
1R6Q,11,14.263838768005371,15.636175155639648,47.863399505615234,0.0,0.013230815175147561,-17.679603576660156,0
1R6Q,12,14.294609069824219,15.185813903808594,48.38204574584961,0.0,0.013201195048264523,-17.000934600830078,0
1R6Q,13,21.391904830932617,24.7169246673584,62.588401794433594,0.0,0.007259730917895607,-16.16610336303711,0
1R6Q,14,9.827472686767578,10.645453453063965,27.174360275268555,0.0,0.0361962440803757,-24.621524810791016,0
1Y64,0,37.552040100097656,36.83866882324219,79.89553833007812,0.0,0.004282381101172542,-13.486827850341797,5
1Y64,1,17.82383918762207,14.841222763061523,30.757036209106445,0.0,0.027022406061704998,-12.604134559631348,19
1Y64,2,23.1793212890625,22.600027084350586,37.36772155761719,0.0,0.01786083201728643,-15.649182319641113,6
1Y64,3,21.196353912353516,22.59624671936035,32.86472702026367,0.0,0.022361941307534897,-13.696629524230957,6
1Y64,4,20.547630310058594,17.358516693115234,34.90730667114258,0.0,0.021128728089440788,-12.7678804397583,8
1Y64,5,33.01719665527344,31.04822540283203,74.02379608154297,0.0,0.005114156840022552,-15.198260307312012,20
1Y64,6,33.55186080932617,32.288818359375,74.41847229003906,0.0,0.005010483091637151,-16.525192260742188,15
1Y64,7,19.401273727416992,17.08725357055664,32.910919189453125,0.0,0.023393614360926903,-12.784381866455078,11
1Y64,8,40.043277740478516,41.69990539550781,79.91028594970703,0.0,0.004160034503882763,-14.632080078125,14
1Y64,9,22.56134605407715,20.742231369018555,36.32017517089844,0.0,0.019042785604918684,-13.484930038452148,3
1Y64,10,38.97766876220703,39.04146957397461,82.47622680664062,0.0,0.003994569752245714,-11.973543167114258,13
1Y64,11,17.94603157043457,17.277992248535156,27.99116325378418,0.0,0.03063630785750991,-14.147406578063965,17
1Y64,12,38.48011016845703,36.677032470703125,80.01972198486328,0.0,0.004275805547420133,-14.335132598876953,7
1Y64,13,12.631414413452148,10.182878494262695,22.33067512512207,0.0,0.04926359666033686,-13.678168296813965,8
1Y64,14,18.326248168945312,15.945796966552734,29.45844841003418,0.0,0.028542966078309737,-16.404508590698242,1
3AAD,0,19.358108520507812,20.362573623657227,60.0621223449707,0.0,0.008343962283828608,-19.565135955810547,0
3AAD,1,18.498727798461914,19.288644790649414,55.194766998291016,0.0,0.009725934809669325,-20.567535400390625,0
3AAD,2,18.793256759643555,18.399972915649414,54.547386169433594,0.0,0.010102864625750217,-18.840618133544922,1
3AAD,3,22.93617820739746,18.307151794433594,46.92470932006836,0.0,0.01281277426162906,-17.692052841186523,0
3AAD,4,18.97469139099121,20.58786392211914,57.2467155456543,0.0,0.008950372630518956,-20.57793426513672,0
3AAD,5,21.83977699279785,18.184410095214844,66.42061614990234,0.0,0.007623785261812601,-19.5669002532959,0
3AAD,6,20.6686954498291,17.943838119506836,63.67641067504883,0.0,0.00814880928313844,-19.82354164123535,0
3AAD,7,26.311870574951172,21.41192054748535,70.42080688476562,0.0,0.006414549396511304,-20.37896156311035,3
3AAD,8,21.851789474487305,19.62380027770996,65.91905975341797,0.0,0.007387977834835499,-18.729249954223633,0
3AAD,9,18.9880428314209,19.072071075439453,56.56004333496094,0.0,0.009411247334201475,-19.672555923461914,0
3AAD,10,23.697566986083984,22.47629737854004,68.71853637695312,0.0,0.0065011550242285695,-18.38490104675293,1
3AAD,11,18.89704132080078,18.721817016601562,56.58015441894531,0.0,0.009483028557047772,-18.771745681762695,0
3AAD,12,20.478036880493164,16.211313247680664,62.953697204589844,0.0,0.008797573278618125,-20.375484466552734,0
3AAD,13,6.783051013946533,7.214780330657959,14.92062759399414,0.0,0.09548436748747931,-17.53605842590332,0
3AAD,14,22.646503448486328,19.775033950805664,69.48648834228516,0.0,0.0068212738289640295,-18.913461685180664,1
1F34,0,17.624187469482422,15.987452507019043,45.04203796386719,0.108696,0.050603286736214004,-17.6591796875,3
1F34,1,20.560632705688477,18.600332260131836,47.77250289916992,0.0,0.012382601345041157,-16.636598587036133,0
1F34,2,18.297039031982422,18.65670394897461,48.929115295410156,0.0,0.01190581595233773,-20.291187286376953,0
1F34,3,17.096912384033203,16.61498260498047,46.626914978027344,0.0,0.013416102179218903,-20.096155166625977,0
1F34,4,16.680898666381836,16.710725784301758,45.38359451293945,0.0,0.013960856972125244,-19.02885627746582,0
1F34,5,15.670379638671875,15.530900955200195,43.80707931518555,0.0,0.01517481713413108,-19.914661407470703,0
1F34,6,18.951675415039062,17.567005157470703,45.79438781738281,0.0,0.013514244663835323,-17.804813385009766,0
1F34,7,19.35114860534668,17.42226791381836,47.80760955810547,0.0,0.012666948472503733,-17.324005126953125,0
1F34,8,16.507001876831055,15.841580390930176,49.52180099487305,0.0,0.012501261906950565,-18.696622848510742,0
1F34,9,21.113723754882812,19.966493606567383,51.50162887573242,0.0,0.010709738123147357,-16.232154846191406,3
1F34,10,18.48664665222168,16.842620849609375,54.22919845581055,0.0,0.01061606815865441,-19.665197372436523,4
1F34,11,20.228885650634766,18.026525497436523,48.131595611572266,0.0,0.012373483023910836,-18.32408905029297,0
1F34,12,19.44199562072754,17.366622924804688,46.871952056884766,0.021739,0.020327658299162867,-17.22822380065918,0
1F34,13,18.450586318969727,16.683969497680664,44.50377655029297,0.0,0.014404534715647795,-18.911836624145508,0
1F34,14,15.076495170593262,15.33605670928955,41.00227737426758,0.0,0.0168935623783167,-21.470481872558594,0
1MAH,0,7.386308670043945,9.415389060974121,27.365943908691406,0.0,0.03757983534214496,-13.820347785949707,6
1MAH,1,4.871040344238281,9.332921981811523,15.498250007629395,0.0,0.08547368082730061,-17.56405258178711,1
1MAH,2,2.106614828109741,3.014058828353882,7.200660228729248,0.5,0.42690072689636893,-15.483926773071289,3
1MAH,3,6.4209465980529785,11.532200813293457,21.401350021362305,0.0,0.050962933109259125,-17.851476669311523,1
1MAH,4,6.438018321990967,9.800406455993652,20.93383026123047,0.0,0.05480812142107686,-12.498967170715332,32
1MAH,5,5.292619705200195,10.559741973876953,16.823551177978516,0.0,0.07437948644349417,-18.49944496154785,1
1MAH,6,6.444255352020264,8.943259239196777,21.011154174804688,0.055556,0.07451961613236964,-12.525651931762695,34
1MAH,7,2.7305147647857666,4.2483978271484375,9.069083213806152,0.166667,0.24838443578989902,-15.226326942443848,7
1MAH,8,2.891343116760254,4.976529598236084,9.60395336151123,0.0,0.17417725812412985,-16.453575134277344,3
1MAH,9,3.136962652206421,4.977392196655273,11.451830863952637,0.0,0.146159708057517,-18.298065185546875,1
1MAH,10,4.9890522956848145,9.669188499450684,15.721017837524414,0.0,0.0832351541473597,-15.849943161010742,2
1MAH,11,6.198399543762207,10.982022285461426,19.717195510864258,0.0,0.058344253964716854,-13.473189353942871,11
1MAH,12,5.344760417938232,10.513952255249023,16.783227920532227,0.0,0.07469543474402422,-13.711256980895996,15
1MAH,13,1.5064697265625,2.4979755878448486,5.580062389373779,0.222222,0.3953577689130525,-16.027414321899414,3
1MAH,14,2.4787888526916504,3.4212026596069336,8.887593269348145,0.333333,0.3240965123170237,-17.072277069091797,6
4DW2,0,14.51927661895752,11.938889503479004,26.43604850769043,0.0,0.03641186481979366,-14.63782787322998,30
4DW2,1,12.874893188476562,11.743127822875977,24.32427406311035,0.0,0.04162580294228747,-16.279712677001953,24
4DW2,2,9.345574378967285,7.462294101715088,20.302366256713867,0.0,0.06265951779837141,-12.760581970214844,4
4DW2,3,9.128929138183594,8.997715950012207,21.461929321289062,0.222222,0.12828344743755787,-16.510425567626953,9
4DW2,4,15.206966400146484,9.836156845092773,39.26567077636719,0.0,0.022496882409522353,-17.42787742614746,7
4DW2,5,12.607698440551758,9.030399322509766,27.34346580505371,0.0,0.03832304139893745,-17.235292434692383,4
4DW2,6,21.38393211364746,13.721587181091309,48.98275375366211,0.0,0.013680530094213649,-17.43663787841797,13
4DW2,7,14.572196006774902,11.833572387695312,25.71198272705078,0.0,0.03811106030261644,-15.315765380859375,12
4DW2,8,12.52322769165039,10.350889205932617,23.13276481628418,0.0,0.04650766403674359,-16.92964744567871,4
4DW2,9,11.507498741149902,8.634024620056152,24.14823341369629,0.0,0.04651281166589457,-17.249786376953125,3
4DW2,10,21.971986770629883,13.520421981811523,50.510215759277344,0.0,0.013232656202120517,-16.2308292388916,8
4DW2,11,23.145488739013672,14.24109172821045,53.52009201049805,0.0,0.011858443316107687,-16.282695770263672,5
4DW2,12,10.424906730651855,8.944019317626953,19.65808868408203,0.0,0.06162358682458347,-15.34821891784668,1
4DW2,13,11.012941360473633,8.719873428344727,22.383953094482422,0.0,0.05158912311431218,-14.973800659179688,9
4DW2,14,14.667220115661621,11.51505184173584,28.14716339111328,0.0,0.03341957707611267,-14.507258415222168,21
1S1Q,0,14.333706855773926,16.403505325317383,37.76997375488281,0.0,0.01883239882708929,-16.238086700439453,0
1S1Q,1,12.016545295715332,11.906522750854492,39.73711395263672,0.0,0.019792353383406073,-19.843778610229492,3
1S1Q,2,14.456342697143555,17.656152725219727,38.484886169433594,0.0,0.017892873766081074,-15.33604621887207,0
1S1Q,3,17.67963981628418,17.303421020507812,53.71297836303711,0.0,0.010629852027132675,-15.74041748046875,1
1S1Q,4,11.642099380493164,13.011159896850586,40.074134826660156,0.0,0.0187229614222744,-19.877614974975586,0
1S1Q,5,10.150404930114746,10.951603889465332,30.538375854492188,0.0,0.030105375208031703,-19.925888061523438,0
1S1Q,6,10.116693496704102,9.772774696350098,33.7051887512207,0.0,0.02760382845352191,-18.561002731323242,0
1S1Q,7,18.78116798400879,18.97624969482422,55.25104904174805,0.0,0.009776676316031413,-16.1162166595459,0
1S1Q,8,14.59952163696289,16.967634201049805,40.09263229370117,0.0,0.016923005470948327,-14.387627601623535,0
1S1Q,9,10.670014381408691,10.977032661437988,34.55399703979492,0.0,0.02512995032069648,-21.957422256469727,0
1S1Q,10,17.923328399658203,17.04181480407715,50.99704360961914,0.0,0.01157260829987731,-23.555444717407227,0
1S1Q,11,11.758788108825684,11.887237548828125,35.220062255859375,0.0,0.023570798648450273,-17.34902000427246,0
1S1Q,12,16.59064292907715,17.252912521362305,50.24440383911133,0.0,0.011775138401109789,-18.051353454589844,0
1S1Q,13,15.42978572845459,17.848148345947266,43.629581451416016,0.0,0.014527073411329876,-13.766558647155762,0
1S1Q,14,16.093538284301758,14.507279396057129,51.29827880859375,0.0,0.012433245714280219,-15.754308700561523,0
1GLA,0,15.216562271118164,8.994905471801758,46.87489318847656,0.0,0.019630649830284102,-15.936031341552734,7
1GLA,1,16.06893539428711,8.757207870483398,46.95408248901367,0.0,0.020078124702663104,-14.220285415649414,18
1GLA,2,16.72012710571289,13.075746536254883,54.23802947998047,0.0,0.012320077542500382,-13.274364471435547,1
1GLA,3,26.047893524169922,20.858020782470703,76.87083435058594,0.0,0.005741429521201332,-21.498889923095703,1
1GLA,4,27.68335723876953,20.812137603759766,78.35674285888672,0.0,0.005599460193343282,-16.905353546142578,10
1GLA,5,17.526660919189453,11.240466117858887,42.415531158447266,0.0,0.01870177775635033,-11.276443481445312,90
1GLA,6,14.630911827087402,9.999183654785156,38.79207229614258,0.0,0.022607022417888756,-13.6659517288208,41
1GLA,7,17.899290084838867,11.881522178649902,55.271610260009766,0.0,0.01293061819390908,-13.11075210571289,0
1GLA,8,16.173561096191406,13.691272735595703,53.63632583618164,0.0,0.01211990932607159,-14.855493545532227,1
1GLA,9,14.380687713623047,8.207976341247559,44.45075607299805,0.0,0.02253138370629611,-15.880724906921387,4
1GLA,10,16.317964553833008,13.496333122253418,53.683326721191406,0.0,0.012219597299560478,-14.174661636352539,1
1GLA,11,15.651080131530762,9.993257522583008,48.381996154785156,0.0,0.017325027252289366,-14.982540130615234,4
1GLA,12,27.596256256103516,20.316051483154297,77.91446685791016,0.0,0.005727770236681575,-16.790626525878906,2
1GLA,13,28.232927322387695,21.14872169494629,77.6162109375,0.0,0.0056187892238258805,-17.212846755981445,4
1GLA,14,17.356117248535156,11.315019607543945,48.11569595336914,0.0,0.015844654564715715,-12.413182258605957,5
1KLU,0,14.35976505279541,8.201484680175781,42.26093673706055,0.0,0.023749453748647408,-19.124183654785156,3
1KLU,1,30.648670196533203,16.700969696044922,73.25403594970703,0.0,0.007095785458440383,-17.392675399780273,3
1KLU,2,29.083667755126953,16.81831932067871,76.96793365478516,0.0,0.006646958863043101,-16.208545684814453,5
1KLU,3,29.015039443969727,24.54561996459961,83.14043426513672,0.0,0.004688278517857552,-16.760948181152344,0
1KLU,4,30.853368759155273,16.325157165527344,73.5001449584961,0.0,0.007189752956364023,-17.360042572021484,2
1KLU,5,30.75156021118164,16.381126403808594,72.9929428100586,0.0,0.007231402814336463,-17.11573028564453,2
1KLU,6,10.203176498413086,5.1578755378723145,33.275787353515625,0.4,0.179744322684644,-16.9188175201416,6
1KLU,7,10.267082214355469,5.546618461608887,34.33625030517578,0.0,0.04196471947114505,-15.004143714904785,4
1KLU,8,29.732881546020508,18.237945556640625,73.2800064086914,0.0,0.006664943418225604,-18.243762969970703,4
1KLU,9,19.215862274169922,16.63797950744629,47.668521881103516,0.0,0.012959577046096765,-14.353127479553223,2
1KLU,10,18.557275772094727,14.023419380187988,43.11916732788086,0.0,0.01623925885970897,-18.738637924194336,5
1KLU,11,17.864389419555664,13.3417329788208,48.58954620361328,0.0,0.014058672232986189,-13.51349925994873,15
1KLU,12,22.001556396484375,23.336612701416016,69.39534759521484,0.0,0.006298565762688484,-15.686822891235352,0
1KLU,13,9.613567352294922,7.422313213348389,28.492002487182617,0.0,0.04032193458606648,-18.005428314208984,1
1KLU,14,30.012542724609375,17.471267700195312,73.45320892333984,0.0,0.006843779024647719,-17.61314582824707,0
6AL0,0,7.6442155838012695,6.872834205627441,15.85191535949707,0.0,0.08959436517559832,-15.444854736328125,7
6AL0,1,18.4002628326416,10.19107723236084,36.2394905090332,0.0,0.02445004376869515,-14.594310760498047,2
6AL0,2,18.13612174987793,14.048900604248047,42.14472198486328,0.0,0.016786200399215873,-14.642842292785645,44
6AL0,3,15.03835678100586,11.810285568237305,40.34455108642578,0.0,0.019458872362961854,-15.08448314666748,7
6AL0,4,12.317412376403809,8.556200981140137,25.767873764038086,0.0,0.04265077866267774,-16.316938400268555,3
6AL0,5,20.228540420532227,10.867277145385742,39.42389678955078,0.0,0.021038845174861823,-13.914138793945312,65
6AL0,6,12.981819152832031,11.133235931396484,28.915708541870117,0.0,0.032455741264710264,-14.682740211486816,20
6AL0,7,16.83018684387207,13.116275787353516,38.095340728759766,0.0,0.020111101336759443,-15.952244758605957,36
6AL0,8,17.13243293762207,10.690570831298828,34.87373733520508,0.0,0.02512768751022336,-15.585460662841797,3
6AL0,9,15.372061729431152,11.968610763549805,32.07728576660156,0.0,0.027024758853493976,-14.54611587524414,10
6AL0,10,10.253182411193848,8.041050910949707,22.720077514648438,0.0,0.05213593288455524,-16.085826873779297,8
6AL0,11,15.29877758026123,10.07813549041748,34.380123138427734,0.0,0.02642561523696703,-14.21052360534668,44
6AL0,12,17.617460250854492,14.630165100097656,39.144752502441406,0.0,0.018476830332786274,-15.42012882232666,4
6AL0,13,13.148234367370605,7.687734603881836,28.973539352416992,0.0,0.03864007723211135,-15.877500534057617,5
6AL0,14,9.848310470581055,7.070493221282959,22.265640258789062,0.0,0.056755882205847014,-13.624217987060547,6
1KAC,0,12.664011001586914,15.292787551879883,34.12323760986328,0.0,0.02265108903687832,-13.32648754119873,0
1KAC,1,11.684978485107422,11.39475154876709,24.11290740966797,0.0,0.042520497126037504,-19.176713943481445,1
1KAC,2,16.30648422241211,16.567951202392578,30.664331436157227,0.0,0.026494861364550048,-17.1170711517334,0
1KAC,3,17.402645111083984,13.685179710388184,51.12815856933594,0.0,0.012922185242896784,-18.033288955688477,0
1KAC,4,16.524206161499023,16.90291404724121,48.00849533081055,0.0,0.012736081053120773,-22.317684173583984,0
1KAC,5,11.348454475402832,13.293377876281738,37.557472229003906,0.0,0.0204324339441869,-16.639352798461914,0
1KAC,6,8.290104866027832,7.543681621551514,26.880016326904297,0.25,0.12631311790851105,-16.745433807373047,0
1KAC,7,12.326802253723145,10.350967407226562,35.509437561035156,0.0,0.024920755058487967,-15.994782447814941,0
1KAC,8,15.51513957977295,12.757989883422852,45.868812561035156,0.0,0.015611706911453027,-18.771543502807617,0
1KAC,9,16.452518463134766,15.775955200195312,32.3735466003418,0.0,0.02448377674207267,-15.050660133361816,0
1KAC,10,17.779762268066406,14.878927230834961,44.82639694213867,0.0,0.014923032292701992,-15.326295852661133,0
1KAC,11,12.98213005065918,12.331130027770996,27.486675262451172,0.0,0.033954775267912844,-14.48133373260498,0
1KAC,12,12.419445037841797,11.82199478149414,39.23798370361328,0.0,0.02022257846647493,-18.64849853515625,0
1KAC,13,12.915448188781738,11.66726016998291,30.397384643554688,0.0,0.02959401745307381,-16.59370994567871,0
1KAC,14,15.86741828918457,13.094465255737305,38.03873062133789,0.0,0.020170109583682677,-16.177539825439453,0
4G6J,0,21.896411895751953,20.173160552978516,55.21835708618164,0.0,0.009548576132613831,-16.695335388183594,6
4G6J,1,26.18143653869629,26.77243995666504,66.90072631835938,0.0,0.006338513575128708,-17.66341209411621,5
4G6J,2,12.772500038146973,16.95673179626465,27.730724334716797,0.0,0.031216433048737266,-17.154632568359375,4
4G6J,3,33.474517822265625,30.470685958862305,85.29670715332031,0.0,0.004083468814564153,-18.578113555908203,9
4G6J,4,12.077741622924805,16.998323440551758,24.088346481323242,0.0,0.039485022940265,-18.302507400512695,2
4G6J,5,34.21802520751953,34.2874755859375,89.94172668457031,0.0,0.0035874875919741866,-18.20182991027832,5
4G6J,6,9.226076126098633,9.716219902038574,18.392911911010742,0.0,0.0664208215743985,-19.622352600097656,2
4G6J,7,20.61876678466797,22.900819778442383,52.61171340942383,0.0,0.009903290398359089,-15.324761390686035,0
4G6J,8,20.883468627929688,21.81304359436035,53.03721237182617,0.0,0.009916053499899628,-15.55096435546875,4
4G6J,9,20.455448150634766,21.038541793823242,51.85670471191406,0.0,0.010407407978019586,-16.01200294494629,2
4G6J,10,9.92684268951416,10.247559547424316,19.8078670501709,0.0,0.05882872079247881,-17.440513610839844,7
4G6J,11,34.20026779174805,34.68287658691406,89.55227661132812,0.0,0.00359857005254991,-16.592863082885742,8
4G6J,12,12.103705406188965,16.48934555053711,24.17068099975586,0.0,0.03942175582512441,-18.552553176879883,6
4G6J,13,12.153014183044434,15.992016792297363,24.873764038085938,0.0,0.0377622211976232,-16.18330192565918,4
4G6J,14,21.11911964416504,20.717754364013672,53.50463104248047,0.0,0.009943799622751402,-16.129486083984375,1
2GAF,0,21.102235794067383,18.6951961517334,54.92643737792969,0.0,0.00992820280881692,-16.50592041015625,5
2GAF,1,21.000585556030273,18.95587158203125,55.231658935546875,0.0,0.009786388255260143,-17.330242156982422,0
2GAF,2,17.811534881591797,17.203327178955078,30.66569709777832,0.0,0.02629789056690171,-17.345151901245117,4
2GAF,3,18.800209045410156,19.200206756591797,35.02369689941406,0.0,0.020563316073485185,-15.580249786376953,6
2GAF,4,18.632308959960938,17.598730087280273,31.568666458129883,0.0,0.024936525153842898,-21.54892921447754,8
2GAF,5,21.304033279418945,22.102092742919922,45.03965759277344,0.0,0.012992038765115073,-15.8883638381958,5
2GAF,6,24.966083526611328,26.312292098999023,62.85029220581055,0.0,0.00706706947463762,-16.315996170043945,0
2GAF,7,17.131072998046875,16.89997100830078,28.69744110107422,0.0,0.029490369669331523,-18.67535972595215,3
2GAF,8,11.506247520446777,12.283077239990234,23.74391746520996,0.222222,0.11683746185427264,-19.211973190307617,9
2GAF,9,12.482577323913574,12.948991775512695,23.29336166381836,0.0,0.04358435071279557,-19.594688415527344,6
2GAF,10,10.137554168701172,11.05897045135498,24.848424911499023,0.111111,0.07797749426951138,-19.919893264770508,18
2GAF,11,24.916872024536133,25.24073028564453,64.77452850341797,0.0,0.006815858261095806,-16.894847869873047,2
2GAF,12,14.247077941894531,15.883743286132812,33.33355712890625,0.0,0.023297831851060814,-20.385297775268555,4
2GAF,13,23.097164154052734,25.002716064453125,69.65715026855469,0.0,0.006086080595530504,-14.803022384643555,6
2GAF,14,19.98158073425293,20.38531494140625,39.1486930847168,0.0,0.016801475727727378,-16.814992904663086,6
1PVH,0,8.679549217224121,8.79394245147705,14.042174339294434,0.0,0.09880942565807986,-17.381181716918945,1
1PVH,1,23.89906883239746,13.62954330444336,58.877235412597656,0.0,0.010794604214969828,-16.26015281677246,7
1PVH,2,17.779539108276367,10.965449333190918,42.20290756225586,0.666667,0.24133981798482454,-12.412250518798828,1
1PVH,3,23.918949127197266,12.528982162475586,51.88948059082031,0.0,0.013421100510136669,-18.860267639160156,0
1PVH,4,9.43266773223877,9.550780296325684,14.328804969787598,0.0,0.09479075968448601,-16.212688446044922,2
1PVH,5,14.984859466552734,9.722972869873047,23.974985122680664,0.833333,0.3227469147560064,-17.716014862060547,1
1PVH,6,12.502290725708008,9.868878364562988,19.506000518798828,0.0,0.06072205871471422,-18.86750030517578,0
1PVH,7,8.944368362426758,9.174262046813965,14.597952842712402,0.0,0.09307804800924684,-18.916046142578125,0
1PVH,8,15.058423042297363,10.273234367370605,23.96718406677246,0.833333,0.321977418421228,-19.03679847717285,2
1PVH,9,23.1512508392334,14.140774726867676,57.25773239135742,0.0,0.010896544999962848,-17.789106369018555,4
1PVH,10,23.195140838623047,12.10628890991211,53.774078369140625,0.0,0.01316545947528664,-16.530805587768555,2
1PVH,11,10.859236717224121,9.987339973449707,18.32314682006836,0.0,0.06638271633460678,-16.459545135498047,1
1PVH,12,23.5011043548584,13.604809761047363,58.37923812866211,0.0,0.010923129768921918,-16.171035766601562,7
1PVH,13,11.25341796875,9.288021087646484,18.081195831298828,0.0,0.06880498452912634,-16.19058609008789,2
1PVH,14,13.438773155212402,9.938590049743652,21.1135311126709,0.0,0.05391398459797089,-16.754196166992188,0
1OPH,0,10.21636962890625,7.590885639190674,34.31020736694336,0.0,0.03180211583757075,-15.122142791748047,5
1OPH,1,10.382146835327148,7.657022953033447,32.54825210571289,0.0,0.033601138259306,-22.821090698242188,0
1OPH,2,9.475658416748047,7.150804042816162,30.765413284301758,0.0,0.0376889882733512,-14.18790054321289,7
1OPH,3,30.937910079956055,23.16644287109375,69.35684204101562,0.0,0.006324095457572706,-13.543763160705566,117
1OPH,4,14.522677421569824,10.523397445678711,36.73374557495117,0.0,0.023578434478445983,-14.085768699645996,1
1OPH,5,31.341947555541992,31.696609497070312,99.79444885253906,0.0,0.00314568893667266,-13.626636505126953,4
1OPH,6,9.23805046081543,8.824773788452148,23.386314392089844,0.0,0.04825635919206992,-14.920433044433594,5
1OPH,7,27.5511474609375,20.06121253967285,72.22718048095703,0.0,0.006406676650741333,-16.3859806060791,7
1OPH,8,12.422950744628906,9.965291976928711,37.27066421508789,0.0,0.023865180161680197,-14.579179763793945,2
1OPH,9,18.81970977783203,12.697311401367188,42.02964782714844,0.0,0.017685677596939783,-16.45393943786621,6
1OPH,10,17.776512145996094,10.434432983398438,32.547855377197266,0.096774,0.0602893184628245,-18.395099639892578,1
1OPH,11,21.30612564086914,17.636072158813477,56.69581985473633,0.0,0.0097216042760058,-13.144349098205566,20
1OPH,12,18.1716365814209,13.737751960754395,39.47648620605469,0.0,0.01869642387410014,-14.95287036895752,7
1OPH,13,18.332609176635742,13.66146183013916,40.24140167236328,0.0,0.01820750115078303,-15.195329666137695,14
1OPH,14,18.090898513793945,13.13863754272461,38.69887161254883,0.0,0.019629949657111307,-17.289714813232422,4
1J2J,0,12.114662170410156,13.79604434967041,36.077606201171875,0.0,0.021424362019851474,-13.002986907958984,0
1J2J,1,4.3327107429504395,4.522296905517578,13.428362846374512,0.0,0.12839069856178856,-21.147445678710938,0
1J2J,2,4.7851152420043945,5.3566508293151855,16.194656372070312,0.0,0.09623193125182972,-23.064815521240234,0
1J2J,3,4.112618446350098,4.416675090789795,13.942590713500977,0.0,0.12479118979248559,-20.940135955810547,0
1J2J,4,6.833351135253906,6.976980209350586,21.006786346435547,0.0,0.06162375373772198,-23.116941452026367,0
1J2J,5,7.360335826873779,7.1507768630981445,22.26365089416504,0.0,0.05645545217067638,-17.00551986694336,1
1J2J,6,13.271812438964844,12.125489234924316,39.558319091796875,0.0,0.01973507757990461,-22.51510238647461,0
1J2J,7,6.204870223999023,6.315951824188232,16.22446632385254,0.2,0.15625093617191405,-21.973907470703125,0
1J2J,8,4.88081693649292,4.965736389160156,15.195722579956055,0.0,0.10731319769182407,-19.652971267700195,0
1J2J,9,5.598817348480225,5.906559467315674,18.639110565185547,0.0,0.07758209607804706,-21.679170608520508,0
1J2J,10,6.488161087036133,5.877888202667236,18.25811195373535,0.0,0.07975646106586444,-22.485103607177734,2
1J2J,11,5.409151077270508,5.331333160400391,14.585800170898438,0.2,0.1756222868520936,-22.323795318603516,0
1J2J,12,4.724974155426025,4.8709940910339355,13.940464973449707,0.0,0.11921179396420338,-22.07784080505371,0
1J2J,13,10.27149772644043,10.718978881835938,24.709352493286133,0.0,0.04167356232708532,-15.87539005279541,1
1J2J,14,10.990106582641602,9.476102828979492,32.40787887573242,0.0,0.029602744792708687,-18.901336669921875,12
4FZA,0,10.06344223022461,7.047600269317627,19.624191284179688,0.0,0.06710307862953542,-14.878593444824219,3
4FZA,1,18.38382339477539,15.843158721923828,48.18719482421875,0.0,0.013020231439120187,-14.856661796569824,24
4FZA,2,20.232879638671875,15.385506629943848,30.82209014892578,0.0,0.02669766431601053,-15.390580177307129,4
4FZA,3,20.575002670288086,15.663775444030762,31.150968551635742,0.0,0.026127607347836285,-16.1519718170166,6
4FZA,4,7.783522129058838,5.571705341339111,17.07752799987793,0.0,0.08870929582300764,-14.330236434936523,7
4FZA,5,20.884294509887695,16.008827209472656,31.518573760986328,0.0,0.02550021942560889,-15.983063697814941,8
4FZA,6,20.66055679321289,15.561562538146973,31.452348709106445,0.0,0.025756601215464737,-15.89450740814209,7
4FZA,7,18.833553314208984,13.791510581970215,29.780811309814453,0.0,0.029006122735704864,-18.15896224975586,10
4FZA,8,11.658675193786621,10.023370742797852,22.906156539916992,0.0,0.04764605771521374,-16.44879150390625,22
4FZA,9,13.916540145874023,8.963237762451172,26.920196533203125,0.0,0.03930053560304395,-16.646240234375,4
4FZA,10,9.06009578704834,7.23866081237793,20.603158950805664,0.0,0.0622069045393801,-15.241517066955566,9
4FZA,11,14.738767623901367,10.381360054016113,26.26103401184082,0.0,0.038426687322563505,-17.63226890563965,9
4FZA,12,13.100090026855469,9.986949920654297,35.9621696472168,0.0,0.0249903721931229,-15.426908493041992,25
4FZA,13,19.592477798461914,14.008377075195312,32.66640090942383,0.0,0.02491652936914883,-14.93069076538086,15
4FZA,14,14.180577278137207,14.012055397033691,30.88241195678711,0.0,0.02725031275516533,-19.620325088500977,3
2PCC,0,24.504384994506836,18.970182418823242,65.64635467529297,0.0,0.007567501422267499,-21.753475189208984,1
2PCC,1,19.62857437133789,15.346835136413574,56.270606994628906,0.0,0.0105905069700363,-13.59134578704834,0
2PCC,2,23.526473999023438,20.642438888549805,65.66049194335938,0.0,0.00724488735833029,-18.159748077392578,0
2PCC,3,11.697301864624023,14.548928260803223,34.07190704345703,0.0,0.023035973712060755,-15.893962860107422,3
2PCC,4,15.5178804397583,16.965017318725586,51.26718521118164,0.0,0.01150351206496928,-16.41208839416504,0
2PCC,5,18.2070255279541,14.622899055480957,52.88420486450195,0.0,0.011865311931433939,-15.23853874206543,0
2PCC,6,20.211013793945312,15.521121978759766,56.5203857421875,0.0,0.01045658845729717,-13.943556785583496,1
2PCC,7,17.70558738708496,15.63946533203125,49.3741340637207,0.0,0.012633112883561727,-15.594623565673828,0
2PCC,8,17.063060760498047,13.136624336242676,51.51437759399414,0.0,0.01312484458975856,-14.24195671081543,1
2PCC,9,15.241724014282227,11.874348640441895,48.197303771972656,0.0,0.015290301974767065,-13.545358657836914,1
2PCC,10,7.0920610427856445,6.669348239898682,15.582003593444824,0.5,0.2591594179387247,-13.659488677978516,12
2PCC,11,16.03504180908203,14.221813201904297,52.973941802978516,0.0,0.012033962389677017,-16.18400001525879,0
2PCC,12,16.740013122558594,12.852072715759277,50.8280143737793,0.0,0.013548014945211781,-15.57679271697998,0
2PCC,13,20.271753311157227,16.36737632751465,56.441627502441406,0.0,0.010168598704110562,-16.52190399169922,0
2PCC,14,24.2659969329834,19.23178482055664,67.00901794433594,0.0,0.007294111502523677,-21.03768539428711,2
4JCV,0,20.52408790588379,19.41051483154297,51.032875061035156,0.0,0.010976516255193266,-16.12201690673828,6
4JCV,1,33.116676330566406,26.548458099365234,80.2975845336914,0.0,0.004754504333458837,-17.936227798461914,2
4JCV,2,28.538238525390625,29.86229133605957,70.42965698242188,0.0,0.005624398318206141,-15.272477149963379,0
4JCV,3,33.530059814453125,26.51200294494629,81.10401916503906,0.0,0.004685117085141889,-19.94695472717285,0
4JCV,4,32.1967658996582,31.36634635925293,77.67240142822266,0.0,0.00470526489021262,-15.611644744873047,6
4JCV,5,21.188579559326172,18.569143295288086,52.87889862060547,0.0,0.010556994794629853,-15.635915756225586,7
4JCV,6,16.119890213012695,15.557845115661621,35.10098648071289,0.0,0.021534191151047138,-16.224018096923828,0
4JCV,7,31.881681442260742,30.83716583251953,77.11228942871094,0.0,0.004788353269711208,-13.746576309204102,22
4JCV,8,24.021411895751953,19.676340103149414,61.180328369140625,0.0,0.00823833150441894,-16.13232421875,5
4JCV,9,28.873146057128906,23.742761611938477,69.65608978271484,0.0,0.00621595221791046,-13.85944938659668,32
4JCV,10,24.88916015625,27.237899780273438,61.71348571777344,0.0,0.007213615232517179,-14.78067398071289,20
4JCV,11,36.067481994628906,40.78059005737305,90.18836975097656,0.0,0.003385143280688875,-18.142690658569336,0
4JCV,12,32.02149200439453,34.91629409790039,77.45896911621094,0.0,0.0045802513436231035,-16.92256736755371,7
4JCV,13,33.656375885009766,27.076467514038086,81.50494384765625,0.0,0.004606208345512307,-19.244455337524414,0
4JCV,14,21.213390350341797,21.29165267944336,53.75303268432617,0.0,0.009777996846760258,-16.412382125854492,5
1JZD,0,10.094744682312012,13.00557804107666,23.555023193359375,0.0,0.04278081676390172,-14.803473472595215,3
1JZD,1,24.570783615112305,22.342044830322266,60.13252639770508,0.0,0.00802564681601556,-20.44158363342285,1
1JZD,2,9.805268287658691,12.219937324523926,23.25309181213379,0.0,0.04423844319608868,-15.65172004699707,0
1JZD,3,12.050407409667969,15.025252342224121,28.31063461303711,0.0,0.030852792124809153,-16.586708068847656,0
1JZD,4,10.810263633728027,13.182205200195312,27.71470069885254,0.3,0.1329194022568562,-12.766918182373047,3
1JZD,5,24.75774383544922,28.182701110839844,60.059200286865234,0.0,0.0074871290640007365,-17.78622817993164,1
1JZD,6,25.284076690673828,28.26474380493164,61.18556594848633,0.0,0.007247431860583173,-17.025218963623047,4
1JZD,7,8.85322380065918,10.654833793640137,20.642770767211914,0.0,0.05480187262725558,-16.157217025756836,8
1JZD,8,10.1354341506958,12.251559257507324,28.23847198486328,0.0,0.03261562562207961,-14.2827787399292,6
1JZD,9,12.040313720703125,14.185440063476562,32.45046615600586,0.0,0.02508795382609551,-14.28007698059082,4
1JZD,10,10.978229522705078,14.633963584899902,25.374317169189453,0.0,0.03709672062700096,-13.030932426452637,5
1JZD,11,11.018342971801758,14.611712455749512,24.72530174255371,0.0,0.038706852463087194,-16.12635040283203,0
1JZD,12,9.65122127532959,11.818602561950684,23.374755859375,0.0,0.044214477286018065,-16.39525604248047,0
1JZD,13,23.028717041015625,24.60507583618164,58.07390594482422,0.0,0.008225399192005886,-14.414939880371094,12
1JZD,14,8.695198059082031,11.078834533691406,20.257314682006836,0.0,0.055902844258606144,-16.4763126373291,0
1I4D,0,28.520252227783203,22.688213348388672,63.72248077392578,0.0,0.007278021280193864,-14.90646743774414,8
1I4D,1,20.941478729248047,18.23674201965332,48.465145111083984,0.0,0.012187136738978283,-14.738627433776855,3
1I4D,2,24.33134651184082,24.042465209960938,52.4517822265625,0.0,0.009822242556498396,-16.237476348876953,0
1I4D,3,29.832693099975586,23.0655460357666,66.7600326538086,0.0,0.006721190713922111,-13.320199966430664,0
1I4D,4,19.09919548034668,18.111351013183594,49.87452697753906,0.0,0.011679449045090459,-13.950270652770996,4
1I4D,5,23.909770965576172,12.937504768371582,59.61678695678711,0.0,0.011062505665892322,-15.305477142333984,12
1I4D,6,23.923925399780273,13.765878677368164,62.03401184082031,0.0,0.010054327919528655,-19.156814575195312,3
1I4D,7,20.432706832885742,18.58623695373535,53.00038146972656,0.0,0.010515566396786745,-14.642657279968262,5
1I4D,8,23.065778732299805,23.55622100830078,47.92008590698242,0.0,0.011513963597957777,-13.516861915588379,2
1I4D,9,18.417827606201172,17.68956756591797,47.58707046508789,0.0,0.012685870100395626,-13.3253755569458,7
1I4D,10,18.949060440063477,17.566057205200195,45.056522369384766,0.0,0.013868488498926102,-12.4035005569458,1
1I4D,11,21.247121810913086,17.764230728149414,49.483577728271484,0.0,0.011913405085244544,-15.829123497009277,5
1I4D,12,13.54214096069336,10.309211730957031,26.67560386657715,0.0,0.037635433810177726,-11.87028980255127,5
1I4D,13,14.884446144104004,13.421805381774902,32.71210861206055,0.0,0.025194561189432776,-11.741233825683594,0
1I4D,14,26.46500587463379,18.81865882873535,63.505584716796875,0.0,0.007970954783243148,-18.107940673828125,10
2DD8,0,10.9515380859375,13.415108680725098,21.87447166442871,0.0,0.04784485761610046,-18.279085159301758,3
2DD8,1,18.714462280273438,17.63282585144043,38.94664764404297,0.0,0.017550303197633548,-15.298248291015625,0
2DD8,2,20.0633487701416,14.85135555267334,47.157318115234375,0.0,0.013855025413485718,-13.850865364074707,34
2DD8,3,12.151355743408203,11.629871368408203,23.624713897705078,0.0,0.043659035038610294,-11.462462425231934,22
2DD8,4,11.430218696594238,13.019003868103027,21.90353775024414,0.0,0.04799499724221417,-19.357437133789062,0
2DD8,5,17.773054122924805,16.230688095092773,33.61463928222656,0.0,0.02285570747037463,-18.86171531677246,0
2DD8,6,17.559282302856445,14.32548999786377,34.0071907043457,0.0,0.023215025850562943,-17.339080810546875,13
2DD8,7,10.798469543457031,13.455568313598633,21.645605087280273,0.0,0.04862585639423856,-17.368043899536133,2
2DD8,8,15.88200569152832,14.107406616210938,30.03289794921875,0.0,0.02844686309111467,-18.26716423034668,6
2DD8,9,12.19815444946289,9.53760814666748,27.259567260742188,0.333333,0.14869482854891586,-16.255008697509766,5
2DD8,10,12.615874290466309,13.722125053405762,25.08814239501953,0.0,0.03825916999075783,-18.674339294433594,0
2DD8,11,16.7766170501709,13.899173736572266,32.55457305908203,0.0,0.025111638700770576,-15.276897430419922,10
2DD8,12,16.264074325561523,12.742003440856934,31.507213592529297,0.0,0.027170685629331597,-15.245963096618652,15
2DD8,13,11.128744125366211,12.645882606506348,21.00410270690918,0.0,0.051532275629721735,-18.138307571411133,2
2DD8,14,17.582239151000977,16.358304977416992,34.71445083618164,0.0,0.02163362220190418,-14.143362045288086,17
3AAA,0,11.66712760925293,14.516794204711914,30.403467178344727,0.0,0.027686327761011233,-16.03241539001465,6
3AAA,1,11.643281936645508,11.848581314086914,30.368175506591797,0.0,0.029475140070587335,-16.049030303955078,2
3AAA,2,28.074628829956055,24.66295051574707,76.78614807128906,0.0,0.005263644794659476,-19.378368377685547,0
3AAA,3,15.590465545654297,14.11068058013916,42.880126953125,0.0,0.016327419823752368,-17.061403274536133,13
3AAA,4,23.36035919189453,19.812498092651367,64.21163940429688,0.0,0.007640202967877558,-18.040565490722656,3
3AAA,5,6.443308353424072,6.8350419998168945,17.429866790771484,0.0,0.07935904608124301,-15.101285934448242,3
3AAA,6,9.853469848632812,9.56119155883789,25.810991287231445,0.0,0.040620177277565776,-15.88399887084961,4
3AAA,7,19.36590576171875,17.749309539794922,60.49283981323242,0.0,0.008817614217881228,-20.325359344482422,3
3AAA,8,24.537317276000977,21.42024803161621,66.16950225830078,0.0,0.007037817201114692,-17.729385375976562,7
3AAA,9,20.978471755981445,19.42354393005371,61.13687515258789,0.0,0.00829729808346489,-20.06633758544922,1
3AAA,10,20.002458572387695,16.148067474365234,57.634429931640625,0.0,0.00994750414308782,-18.034652709960938,11
3AAA,11,25.081209182739258,21.18836212158203,69.30949401855469,0.0,0.006601347333298654,-20.864980697631836,1
3AAA,12,27.8065242767334,24.775880813598633,71.78772735595703,0.0,0.005825954627907769,-20.132369995117188,0
3AAA,13,15.116544723510742,12.67125415802002,43.615116119384766,0.0,0.016803582921619646,-15.593239784240723,20
3AAA,14,9.234158515930176,10.537075996398926,23.80862045288086,0.0,0.044303940717524554,-19.760419845581055,0
1QA9,0,9.672523498535156,10.641153335571289,26.18063735961914,0.0,0.038280201681364166,-19.824350357055664,2
1QA9,1,10.093437194824219,10.782181739807129,30.878265380859375,0.0,0.029808327729325058,-18.76532554626465,3
1QA9,2,10.470612525939941,10.618897438049316,34.40609359741211,0.0,0.025695297857842903,-18.38385009765625,3
1QA9,3,6.664891719818115,7.442270278930664,19.02654457092285,0.0,0.06847079169337505,-19.244508743286133,0
1QA9,4,10.175616264343262,9.764800071716309,32.37856674194336,0.0,0.029175371227791517,-19.719797134399414,1
1QA9,5,9.271417617797852,9.507622718811035,22.9610595703125,0.0,0.048270456860282814,-17.444536209106445,4
1QA9,6,9.274922370910645,9.450020790100098,26.238540649414062,0.0,0.03985096385463733,-20.723955154418945,0
1QA9,7,7.168919563293457,7.690948963165283,13.632208824157715,0.0,0.10552958942023706,-17.92691421508789,2
1QA9,8,6.25554084777832,7.28762149810791,12.634329795837402,0.0,0.11741068267671674,-16.7042293548584,0
1QA9,9,8.09017276763916,9.193166732788086,16.685955047607422,0.0,0.07732194655269449,-17.67177963256836,2
1QA9,10,14.740859031677246,12.575931549072266,31.809471130371094,0.0,0.02689089474142325,-16.44695472717285,0
1QA9,11,9.506465911865234,10.16523551940918,29.07105255126953,0.0,0.0333558925813054,-18.18181037902832,1
1QA9,12,14.138005256652832,12.90894603729248,49.697105407714844,0.0,0.013914709368820609,-15.358416557312012,0
1QA9,13,10.101962089538574,9.852498054504395,32.25292205810547,0.0,0.02919913954303378,-21.482196807861328,0
1QA9,14,15.174644470214844,13.224332809448242,54.709083557128906,0.0,0.012090782654327892,-13.87185287475586,5
1M27,0,8.821953773498535,8.330124855041504,29.00596046447754,0.0,0.03682990786932011,-20.818605422973633,0
1M27,1,17.38898468017578,13.57392692565918,49.24726104736328,0.0,0.013664226911671615,-19.677268981933594,4
1M27,2,15.608176231384277,12.297334671020508,45.39305114746094,0.0,0.01617880337516202,-17.90435218811035,0
1M27,3,10.613832473754883,10.040966033935547,28.168367385864258,0.0,0.0350958061688405,-18.297080993652344,0
1M27,4,12.893128395080566,11.840763092041016,43.22395324707031,0.0,0.017675375675467942,-17.313276290893555,0
1M27,5,13.244195938110352,11.481852531433105,44.04286575317383,0.0,0.01756325752882326,-18.109222412109375,0
1M27,6,11.862560272216797,9.73597526550293,31.554262161254883,0.0,0.030280430208464434,-20.78897476196289,0
1M27,7,11.414695739746094,8.236851692199707,30.475425720214844,0.0,0.034758890071548136,-19.673795700073242,0
1M27,8,15.84736442565918,11.838187217712402,45.824649810791016,0.0,0.016354457468107843,-18.011398315429688,0
1M27,9,9.841504096984863,6.598536968231201,26.41241455078125,0.0,0.04766139000101869,-19.469575881958008,1
1M27,10,12.142022132873535,10.721284866333008,32.67734909057617,0.0,0.027524173636014854,-19.639196395874023,0
1M27,11,15.469183921813965,11.748116493225098,43.1350212097168,0.0,0.017806715968042303,-18.26194190979004,0
1M27,12,11.694896697998047,11.53212833404541,40.88370132446289,0.0,0.019357109687416673,-17.808393478393555,0
1M27,13,11.695138931274414,10.927237510681152,40.97086715698242,0.0,0.019920128794673492,-17.595829010009766,0
1M27,14,8.957632064819336,8.331016540527344,29.535354614257812,0.0,0.03596284491063194,-23.1972599029541,0
1KKL,0,23.761083602905273,25.150596618652344,68.99073791503906,0.0,0.006165632328446874,-12.85224437713623,3
1KKL,1,10.674935340881348,12.632054328918457,33.21686553955078,0.0,0.02512062983948361,-16.229337692260742,1
1KKL,2,18.415021896362305,24.678842544555664,58.34553146362305,0.0,0.008154465921172574,-19.334306716918945,0
1KKL,3,10.645254135131836,14.011285781860352,32.552330017089844,0.0,0.025053909496166444,-19.02897071838379,1
1KKL,4,20.54844856262207,24.63053321838379,62.62708282470703,0.0,0.007260974762636004,-13.146106719970703,4
1KKL,5,10.167008399963379,11.925932884216309,33.72553634643555,0.0,0.025100252170245963,-14.041498184204102,7
1KKL,6,22.1972599029541,26.76422882080078,68.5263671875,0.0,0.006094648891035104,-19.078327178955078,0
1KKL,7,16.575403213500977,22.9990177154541,51.86225509643555,0.0,0.010131590063350607,-19.053340911865234,0
1KKL,8,53.79913330078125,79.15518951416016,185.57188415527344,0.0,0.000817541377686718,0.0,0
1KKL,9,16.631820678710938,20.362558364868164,52.72353744506836,0.0,0.010243365707621665,-19.070276260375977,0
1KKL,10,17.61176300048828,25.21699333190918,53.87256622314453,0.0,0.009271867888528811,-20.173954010009766,0
1KKL,11,4.078527927398682,5.79861307144165,12.753377914428711,0.0,0.1234330440355295,-17.656923294067383,1
1KKL,12,24.323978424072266,28.033483505249023,70.2139892578125,0.0,0.005766120263075023,-16.103389739990234,0
1KKL,13,19.329755783081055,22.26520347595215,59.39720153808594,0.0,0.008195355585700732,-12.659099578857422,3
1KKL,14,17.416484832763672,22.881319046020508,54.1138801574707,0.0,0.009452659073886224,-25.308128356933594,0
1XD3,0,48.483375549316406,58.265254974365234,123.30860137939453,0.0,0.0017971941400930598,0.0,0
1XD3,1,7.500343322753906,7.933486461639404,15.582330703735352,0.272727,0.17885449709199944,-18.10003089904785,3
1XD3,2,6.48023796081543,6.706955432891846,14.042402267456055,0.409091,0.2416255400921218,-19.566394805908203,2
1XD3,3,7.214616775512695,7.799999713897705,15.196722030639648,0.0,0.09132082449808433,-16.138290405273438,0
1XD3,4,7.242082118988037,7.876584529876709,15.522468566894531,0.0,0.08856093523296245,-17.498319625854492,0
1XD3,5,8.206364631652832,8.952116012573242,16.983802795410156,0.0,0.0758714071669876,-21.012859344482422,0
1XD3,6,10.485636711120605,10.766935348510742,28.891651153564453,0.0,0.03289981461550363,-16.28190040588379,0
1XD3,7,7.42887020111084,8.034679412841797,15.596375465393066,0.0,0.08756112916891394,-19.05358123779297,0
1XD3,8,7.230128288269043,7.818170070648193,15.1402587890625,0.0,0.09171891101245377,-18.34878921508789,0
1XD3,9,4.35049295425415,4.798829555511475,10.492677688598633,0.0,0.16174388417931876,-17.325326919555664,0
1XD3,10,3.6843454837799072,3.67706298828125,8.785078048706055,0.0,0.208726853110113,-19.342756271362305,0
1XD3,11,52.705787658691406,60.710365295410156,144.03797912597656,0.0,0.0013601476912470803,0.0,0
1XD3,12,6.455234050750732,6.907683372497559,13.784672737121582,0.045455,0.12198931542713842,-19.632793426513672,0
1XD3,13,18.563152313232422,16.126842498779297,56.101192474365234,0.0,0.010339288054288407,-15.155708312988281,1
1XD3,14,8.273773193359375,9.026808738708496,17.20052719116211,0.0,0.07438162826198053,-20.77727508544922,0
1CLV,0,5.906750679016113,11.624899864196777,25.428882598876953,0.0,0.038960257219576716,-17.592023849487305,6
1CLV,1,2.724564552307129,5.578239917755127,11.531521797180176,0.0,0.1398277653382833,-17.156482696533203,1
1CLV,2,8.526994705200195,15.98622989654541,36.30049514770508,0.0,0.02023556313705545,-19.579063415527344,5
1CLV,3,9.593295097351074,18.60839080810547,39.959163665771484,0.0,0.016581873247583544,-15.449719429016113,10
1CLV,4,5.049537181854248,10.953614234924316,21.33728790283203,0.0,0.05178891397207922,-18.871845245361328,4
1CLV,5,5.374744892120361,10.965950012207031,22.751819610595703,0.0,0.04694880035090376,-18.3248348236084,0
1CLV,6,4.144051551818848,9.329792976379395,17.056385040283203,0.0,0.07471328824044826,-21.976301193237305,0
1CLV,7,10.488036155700684,19.291038513183594,43.458251953125,0.0,0.01428520172839061,-15.035183906555176,22
1CLV,8,8.965763092041016,16.72475814819336,37.9180908203125,0.0,0.01860877417053003,-19.426368713378906,5
1CLV,9,7.27141809463501,13.995361328125,30.394744873046875,0.0,0.02796343812202402,-12.660914421081543,15
1CLV,10,5.9335222244262695,12.267743110656738,25.387731552124023,0.0,0.03850907703425733,-18.800661087036133,6
1CLV,11,10.453238487243652,19.767993927001953,43.52572250366211,0.0,0.014153597756022665,-16.316875457763672,16
1CLV,12,6.12595272064209,12.571761131286621,25.77420997619629,0.0,0.03737579792931007,-16.669178009033203,9
1CLV,13,6.119001388549805,12.776812553405762,26.268844604492188,0.0,0.036124700963169415,-18.457965850830078,6
1CLV,14,4.076699256896973,8.34997272491455,17.19893455505371,0.0,0.0758550671313241,-18.141138076782227,2
1PXV,0,14.776869773864746,13.805842399597168,40.32035827636719,0.027027,0.02708151626408418,-17.234596252441406,0
1PXV,1,15.468674659729004,14.8392972946167,39.57780838012695,0.0,0.018068503645807258,-18.198951721191406,0
1PXV,2,14.82650089263916,11.95776081085205,34.02497100830078,0.0,0.024744699484724575,-18.133468627929688,0
1PXV,3,15.2136812210083,14.957738876342773,37.251338958740234,0.0,0.01981524495470315,-17.19475746154785,0
1PXV,4,15.892773628234863,14.622340202331543,36.677581787109375,0.0,0.020461278208790134,-16.49361801147461,0
1PXV,5,14.701385498046875,14.186503410339355,32.80934143066406,0.0,0.024651055823934235,-18.737218856811523,0
1PXV,6,14.193549156188965,12.863049507141113,27.459930419921875,0.0,0.03361812796843013,-16.950902938842773,0
1PXV,7,17.028078079223633,17.815698623657227,41.79715347290039,0.0,0.015584363904071516,-15.7879056930542,0
1PXV,8,15.679017066955566,14.398152351379395,36.10019302368164,0.0,0.021088098534739697,-13.706742286682129,0
1PXV,9,12.936407089233398,10.795960426330566,28.839996337890625,0.0,0.03295397591745133,-15.574612617492676,0
1PXV,10,12.615907669067383,11.326133728027344,27.189054489135742,0.0,0.03542349437989236,-15.035417556762695,0
1PXV,11,19.15615463256836,19.667354583740234,60.977169036865234,0.0,0.008281410548587742,-18.91932487487793,0
1PXV,12,15.630241394042969,13.732336044311523,32.352725982666016,0.0,0.02545343606412182,-15.367640495300293,0
1PXV,13,16.661420822143555,14.791402816772461,39.473079681396484,0.0,0.018164780237876394,-19.174747467041016,0
1PXV,14,13.685327529907227,11.720633506774902,26.280656814575195,0.0,0.03693878884858355,-16.532827377319336,0
6OC3,0,8.955272674560547,6.853630542755127,19.521984100341797,0.0,0.06835913677698482,-14.276285171508789,11
6OC3,1,11.655885696411133,8.25639533996582,26.54579734802246,0.0,0.04164877549808402,-16.308320999145508,4
6OC3,2,17.100969314575195,8.5657377243042,42.756736755371094,0.0,0.022590613881487753,-16.564990997314453,0
6OC3,3,16.146638870239258,11.993257522583008,42.253482818603516,0.0,0.018098593820532645,-14.768036842346191,0
6OC3,4,16.346942901611328,12.887513160705566,32.525115966796875,0.0,0.025765495147354416,-17.57471466064453,0
6OC3,5,18.176177978515625,9.98518180847168,46.72852325439453,0.0,0.018032428867740008,-17.350547790527344,0
6OC3,6,24.855113983154297,18.08409309387207,60.43940353393555,0.0,0.008742692932453017,-17.942750930786133,3
6OC3,7,14.685308456420898,8.583651542663574,35.434139251708984,0.0,0.02801502546839243,-18.405027389526367,0
6OC3,8,10.180070877075195,9.423309326171875,28.77641487121582,0.0,0.034986734730931224,-13.692031860351562,14
6OC3,9,12.739307403564453,8.033162117004395,30.753084182739258,0.0,0.03488807018369231,-17.5343074798584,2
6OC3,10,11.060606956481934,10.459380149841309,35.785457611083984,0.0,0.024519440551426037,-14.31521224975586,2
6OC3,11,18.725635528564453,9.702686309814453,50.77703857421875,0.0,0.01686685716836488,-12.991994857788086,5
6OC3,12,12.24818229675293,8.344358444213867,29.735219955444336,0.0,0.035614659250915205,-15.367361068725586,1
6OC3,13,13.51240348815918,9.67216682434082,32.222721099853516,0.0,0.02951462181933003,-17.451616287231445,1
6OC3,14,14.70090389251709,11.488077163696289,29.097328186035156,0.0,0.031796338899829066,-15.270256042480469,7
3WD5,0,20.38741683959961,16.046241760253906,33.69511413574219,0.0,0.022830554143549255,-16.957799911499023,3
3WD5,1,20.675636291503906,13.606912612915039,63.67082214355469,0.0,0.00983882819223903,-15.554503440856934,13
3WD5,2,26.307323455810547,21.273876190185547,70.18801879882812,0.0,0.006466983709244807,-15.245548248291016,19
3WD5,3,28.683330535888672,19.35968780517578,71.7252197265625,0.0,0.006605672585691721,-15.292256355285645,15
3WD5,4,28.32219696044922,20.022180557250977,64.3431396484375,0.0,0.007577803748533951,-17.712926864624023,3
3WD5,5,26.875865936279297,19.289020538330078,71.67451477050781,0.0,0.006626629808678658,-17.08432960510254,4
3WD5,6,25.89097023010254,18.95006561279297,75.15374755859375,0.0,0.006285647198015756,-15.647626876831055,9
3WD5,7,28.753890991210938,29.78472328186035,78.51618194580078,0.0,0.004704624027321886,-17.616361618041992,6
3WD5,8,24.591073989868164,16.823360443115234,65.5826416015625,0.0,0.008135898272020442,-17.348220825195312,5
3WD5,9,26.90777587890625,18.145145416259766,70.32518768310547,0.0,0.007061970383351113,-16.152124404907227,9
3WD5,10,27.288166046142578,19.062381744384766,73.46344757080078,0.0,0.006454790479690605,-16.320667266845703,11
3WD5,11,24.176273345947266,17.76667022705078,63.36262893676758,0.0,0.008251761466014211,-15.678311347961426,13
3WD5,12,29.076866149902344,16.44647789001465,62.936161041259766,0.0,0.008721162030002,-14.76198959350586,22
3WD5,13,25.367650985717773,20.94542121887207,70.25617980957031,0.0,0.006509630659615988,-16.442663192749023,15
3WD5,14,24.445985794067383,18.718673706054688,43.10719299316406,0.0,0.014602130268330854,-18.0446720123291,3
4M5Z,0,12.265926361083984,10.88443660736084,28.05147361755371,0.090909,0.06454773964103838,-14.044395446777344,6
4M5Z,1,8.863438606262207,8.437936782836914,17.41179084777832,0.0,0.0743614930241238,-15.949986457824707,11
4M5Z,2,14.876633644104004,15.253829956054688,30.08039093017578,0.0,0.027840723205504916,-14.982854843139648,6
4M5Z,3,19.864973068237305,15.808478355407715,60.4748420715332,0.0,0.009431924392742682,-13.176190376281738,1
4M5Z,4,14.896108627319336,15.097149848937988,27.532527923583984,0.0,0.03226433182792175,-15.722214698791504,2
4M5Z,5,13.06092357635498,12.551857948303223,27.20184326171875,0.0,0.03434572106890506,-15.413395881652832,4
4M5Z,6,10.370084762573242,6.9260358810424805,30.071699142456055,0.0,0.039595767120695034,-15.327900886535645,6
4M5Z,7,21.15047836303711,14.18277645111084,56.16923904418945,0.0,0.011149827043546924,-15.95833683013916,1
4M5Z,8,17.69826889038086,11.904443740844727,51.916656494140625,0.0,0.013911488893551807,-12.45350170135498,9
4M5Z,9,13.98586368560791,12.665226936340332,31.921133041381836,0.0,0.026681228912611044,-13.210466384887695,20
4M5Z,10,20.3145751953125,13.58582878112793,56.444305419921875,0.0,0.011406042541750976,-15.907914161682129,2
4M5Z,11,22.44015884399414,13.946433067321777,61.809078216552734,0.0,0.009998819770419717,-15.253068923950195,2
4M5Z,12,14.195116996765137,14.276050567626953,28.270397186279297,0.0,0.03127523940396632,-16.34983253479004,5
4M5Z,13,18.558975219726562,13.230514526367188,55.1022834777832,0.0,0.011977746434983838,-13.374303817749023,14
4M5Z,14,23.36574935913086,15.666726112365723,60.725276947021484,0.0,0.009433368204884857,-18.081436157226562,1
1HE1,0,15.519084930419922,11.227676391601562,27.717281341552734,0.0,0.034498844082059825,-15.992352485656738,2
1HE1,1,13.982068061828613,11.815340042114258,42.962249755859375,0.0,0.01784364138370996,-15.308648109436035,5
1HE1,2,10.498711585998535,10.304107666015625,27.872194290161133,0.0,0.03528030451875321,-14.276044845581055,5
1HE1,3,18.40471839904785,13.63080883026123,33.329341888427734,0.0,0.024344535327295344,-12.34738826751709,8
1HE1,4,8.128745079040527,7.674881458282471,15.671931266784668,0.0,0.08803140428321445,-15.582993507385254,2
1HE1,5,9.593244552612305,8.451112747192383,19.728099822998047,0.0,0.06237114795167281,-15.674813270568848,0
1HE1,6,12.39283561706543,11.558120727539062,31.578706741333008,0.0,0.028040248716636684,-14.259032249450684,3
1HE1,7,15.086451530456543,12.15104866027832,44.25180435180664,0.0,0.01686435494631535,-15.851119995117188,7
1HE1,8,7.519136428833008,5.881776809692383,17.84061622619629,0.111111,0.11905951160191915,-14.39448070526123,3
1HE1,9,8.860698699951172,9.753849983215332,15.950383186340332,0.0,0.08142611488865244,-13.177438735961914,4
1HE1,10,15.422682762145996,11.743562698364258,33.78228759765625,0.0,0.025197269296861006,-16.514402389526367,3
1HE1,11,5.678493976593018,5.7239837646484375,15.414073944091797,0.0,0.09914737727020012,-14.477143287658691,0
1HE1,12,11.975709915161133,12.375604629516602,23.95904541015625,0.0,0.042090293452721785,-13.104397773742676,3
1HE1,13,5.6770477294921875,4.776059150695801,11.996673583984375,0.0,0.14133642657849488,-14.89452838897705,0
1HE1,14,13.82758617401123,11.870615005493164,24.6324520111084,0.0,0.0407072635323976,-13.922131538391113,4
1EAW,0,6.725896835327148,6.039356708526611,21.87787628173828,0.0,0.06308493901110349,-30.5910701751709,0
1EAW,1,5.0912370681762695,5.721155643463135,14.162851333618164,0.0,0.10971007855292199,-21.565526962280273,0
1EAW,2,4.105586051940918,5.754592418670654,11.730854988098145,0.0,0.13596463600623865,-16.971052169799805,1
1EAW,3,6.921725273132324,6.38816499710083,22.783742904663086,0.0,0.058144197490232176,-28.10757064819336,0
1EAW,4,7.199827194213867,7.04888916015625,23.240711212158203,0.0,0.05376800778848584,-22.65533447265625,3
1EAW,5,6.274827003479004,7.584111213684082,15.867117881774902,0.0,0.08687610097988989,-18.14728546142578,0
1EAW,6,6.576503753662109,7.9964985847473145,18.009212493896484,0.0,0.07205762212844811,-18.170635223388672,3
1EAW,7,11.464638710021973,11.907553672790527,37.45713424682617,0.0,0.02153140125393625,-18.3652400970459,11
1EAW,8,6.295589923858643,8.050097465515137,16.703189849853516,0.0,0.07975032680462611,-25.133346557617188,0
1EAW,9,6.219000816345215,6.336302280426025,18.816911697387695,0.0,0.07417960510430031,-19.469301223754883,0
1EAW,10,11.322969436645508,11.693840980529785,35.88722610473633,0.0,0.0231023135385526,-25.556570053100586,0
1EAW,11,3.253809928894043,3.8865363597869873,7.603321075439453,0.045455,0.24353671502776184,-22.13622283935547,0
1EAW,12,7.538069725036621,8.638887405395508,21.05924415588379,0.0,0.05645191158112952,-21.7038631439209,0
1EAW,13,7.471499443054199,8.170007705688477,24.04962921142578,0.0,0.04788485883962362,-19.320913314819336,0
1EAW,14,5.786831378936768,8.261858940124512,15.97581958770752,0.0,0.08417914637661277,-17.106388092041016,1
1AKJ,0,20.434532165527344,20.381332397460938,37.34754180908203,0.0,0.01821149646097771,-18.26724624633789,4
1AKJ,1,25.258644104003906,32.189064025878906,61.26703643798828,0.0,0.007017090438563717,-20.939773559570312,4
1AKJ,2,24.719078063964844,30.6528263092041,61.404014587402344,0.0,0.007063598520583616,-20.58857536315918,3
1AKJ,3,13.428593635559082,15.942787170410156,29.950483322143555,0.0,0.027771445109026766,-16.765932083129883,1
1AKJ,4,25.94317054748535,31.58249855041504,65.86917877197266,0.0,0.006210058759095957,-18.44794464111328,4
1AKJ,5,28.187389373779297,29.99554443359375,62.305362701416016,0.0,0.006922059249327533,-20.9896183013916,10
1AKJ,6,19.966350555419922,22.35474395751953,39.10675811767578,0.0,0.016531223778140564,-15.513659477233887,5
1AKJ,7,13.480452537536621,15.924863815307617,29.053050994873047,0.0,0.029213776978807716,-18.889297485351562,2
1AKJ,8,28.584842681884766,31.295976638793945,65.0114517211914,0.0,0.006366408393251454,-18.992679595947266,5
1AKJ,9,20.21497917175293,18.870506286621094,35.69269561767578,0.0,0.019982565934501303,-17.221675872802734,4
1AKJ,10,25.02560043334961,31.285213470458984,61.44462966918945,0.0,0.007023677293831209,-21.35957908630371,4
1AKJ,11,28.526382446289062,30.506750106811523,64.56685638427734,0.0,0.0064824540007369065,-21.99738311767578,6
1AKJ,12,17.20010757446289,16.944974899291992,32.9798583984375,0.0,0.023354635605937157,-18.482769012451172,2
1AKJ,13,18.760313034057617,21.46938133239746,36.81602478027344,0.0,0.018488207177829397,-16.95976448059082,1
1AKJ,14,25.17146110534668,31.2359676361084,62.228397369384766,0.0,0.0068722783564393345,-21.63262176513672,3
3L5W,0,9.484272003173828,11.976062774658203,22.63823699951172,0.0,0.046334820850929936,-17.032194137573242,5
3L5W,1,16.679025650024414,9.426039695739746,41.653018951416016,0.0,0.02155883848061448,-15.113919258117676,48
3L5W,2,14.046844482421875,10.912123680114746,35.23550796508789,0.0,0.024512946776317258,-14.319258689880371,58
3L5W,3,9.011951446533203,10.143440246582031,21.095478057861328,0.0,0.053691995452083224,-16.600290298461914,2
3L5W,4,17.674806594848633,13.478343963623047,44.401336669921875,0.0,0.015861970848938155,-14.585502624511719,51
3L5W,5,8.734525680541992,10.773320198059082,20.412113189697266,0.0,0.055598845207671894,-16.05134391784668,3
3L5W,6,9.449259757995605,12.5447359085083,21.964900970458984,0.0,0.04811497146006368,-17.63656234741211,5
3L5W,7,9.532572746276855,12.229394912719727,22.19048500061035,0.0,0.0475909067789787,-17.750892639160156,3
3L5W,8,15.565376281738281,17.725086212158203,44.21438980102539,0.0,0.014250520822171877,-15.687650680541992,4
3L5W,9,9.325818061828613,11.109892845153809,21.790468215942383,0.0,0.04998958553328783,-16.735244750976562,2
3L5W,10,9.482151985168457,10.990081787109375,22.154308319091797,0.0,0.048867956245267324,-17.589111328125,4
3L5W,11,10.638054847717285,12.908864974975586,26.82182502746582,0.0,0.03486208931117543,-16.82679557800293,2
3L5W,12,15.817805290222168,8.04776382446289,39.20671081542969,0.0,0.026155291827888075,-14.085848808288574,50
3L5W,13,12.044027328491211,14.656525611877441,32.523311614990234,0.0,0.02476759264273044,-18.586702346801758,10
3L5W,14,9.4596529006958,11.687490463256836,22.09071922302246,0.0,0.04838838366600771,-16.483686447143555,6
2O8V,0,23.390247344970703,21.960988998413086,70.33330535888672,0.0,0.006346285505633872,-15.295905113220215,0
2O8V,1,22.62246322631836,20.058399200439453,67.73262023925781,0.0,0.007021875347639627,-14.970902442932129,3
2O8V,2,22.517471313476562,21.444198608398438,68.60311126708984,0.0,0.006662803949260395,-14.202604293823242,0
2O8V,3,19.788677215576172,19.551380157470703,62.11344909667969,0.0,0.00807811161405233,-17.073448181152344,5
2O8V,4,19.983217239379883,20.087085723876953,62.33604049682617,0.0,0.00793314359293277,-16.11005973815918,3
2O8V,5,17.004343032836914,13.483901977539062,51.66259765625,0.0,0.012860086792140063,-14.116745948791504,3
2O8V,6,21.855430603027344,19.980817794799805,63.96310806274414,0.0,0.0076524293272837995,-17.09882926940918,1
2O8V,7,18.624317169189453,19.561819076538086,59.46848678588867,0.0,0.008622075889787459,-17.556812286376953,2
2O8V,8,23.239179611206055,21.098752975463867,69.10352325439453,0.0,0.006644473187631746,-15.72671890258789,0
2O8V,9,16.313213348388672,12.626691818237305,48.812782287597656,0.0,0.014448857306790715,-15.714509963989258,0
2O8V,10,14.708234786987305,11.948039054870605,40.512447357177734,0.0,0.019227196894028336,-15.057787895202637,0
2O8V,11,18.56142807006836,19.02178382873535,60.95842361450195,0.0,0.008417492103939711,-18.314027786254883,1
2O8V,12,12.519230842590332,11.425381660461426,33.11760711669922,0.0,0.026249240858580245,-18.53706169128418,0
2O8V,13,10.109933853149414,10.762470245361328,22.034440994262695,0.0,0.0495297417240246,-14.144198417663574,1
2O8V,14,14.469959259033203,15.851173400878906,49.15835952758789,0.0,0.012635173698472718,-17.389881134033203,0
3PC8,0,3.1635401248931885,3.4825751781463623,5.676633834838867,0.0,0.2826813254311638,-22.47395896911621,0
3PC8,1,5.234470367431641,4.075018882751465,14.42430591583252,0.0,0.12569220264816056,-23.291290283203125,0
3PC8,2,9.664709091186523,7.618347644805908,20.524662017822266,0.0,0.061239953432062844,-20.875200271606445,0
3PC8,3,6.675671100616455,5.076014518737793,21.808195114135742,0.0,0.07073042214090139,-20.510517120361328,1
3PC8,4,4.301734924316406,3.429823398590088,12.39765739440918,0.2,0.2267718693283071,-26.475500106811523,0
3PC8,5,8.625802040100098,6.776296138763428,14.566452026367188,0.0,0.10024225667286246,-23.48492431640625,3
3PC8,6,6.632273197174072,4.9958906173706055,20.139455795288086,0.0,0.07796408973888647,-23.101192474365234,0
3PC8,7,9.468864440917969,7.675366401672363,17.72816276550293,0.0,0.07456792127343596,-20.362092971801758,0
3PC8,8,9.794815063476562,9.745232582092285,30.730819702148438,0.0,0.031403799653121,-14.706567764282227,0
3PC8,9,15.273651123046875,13.383463859558105,52.394630432128906,0.0,0.012683186083948798,-17.233505249023438,6
3PC8,10,12.900808334350586,12.124690055847168,38.96868896484375,0.0,0.020163902989782614,-18.37033462524414,2
3PC8,11,55.07096862792969,64.60167694091797,128.35879516601562,0.0,0.0016349556836050914,0.0,0
3PC8,12,10.171371459960938,10.795677185058594,35.06755447387695,0.0,0.02481072954336666,-18.42087745666504,0
3PC8,13,4.195601940155029,3.448910713195801,9.92095947265625,0.2,0.2607950219596011,-24.538694381713867,0
3PC8,14,17.169597625732422,14.890026092529297,53.80696487426758,0.0,0.011464632653872542,-18.33872413635254,0
1JPS,0,14.533658027648926,14.191067695617676,30.207212448120117,0.0,0.02813993070351146,-15.272746086120605,3
1JPS,1,17.24913787841797,19.01276969909668,44.104156494140625,0.0,0.013999588584413775,-15.606169700622559,16
1JPS,2,17.090145111083984,17.692848205566406,34.259193420410156,0.0,0.02170819847621194,-15.376558303833008,9
1JPS,3,20.452844619750977,20.961200714111328,39.71805191040039,0.0,0.016296247399707045,-16.755887985229492,3
1JPS,4,23.404504776000977,18.839996337890625,42.05417251586914,0.0,0.01518274619983812,-14.326973915100098,8
1JPS,5,23.485570907592773,21.75918960571289,54.23588943481445,0.0,0.009567650655359085,-14.663932800292969,33
1JPS,6,23.36732292175293,19.643861770629883,42.548648834228516,0.0,0.014724672630151524,-14.867802619934082,5
1JPS,7,21.31441879272461,21.28175926208496,51.24619674682617,0.0,0.010572727330264682,-17.57200050354004,1
1JPS,8,23.588855743408203,20.67123794555664,43.18901443481445,0.0,0.014175857653410706,-17.790000915527344,0
1JPS,9,17.567745208740234,19.516307830810547,36.43332290649414,0.0,0.019164370274286684,-15.04954719543457,6
1JPS,10,18.60449981689453,20.151912689208984,36.31640625,0.0,0.019148709885181005,-20.417692184448242,6
1JPS,11,14.459739685058594,16.984567642211914,30.085369110107422,0.0,0.02722047309137834,-14.48390007019043,6
1JPS,12,22.751371383666992,25.314605712890625,62.241722106933594,0.0,0.007269054507033814,-13.169838905334473,15
1JPS,13,23.577543258666992,20.67897605895996,42.98618698120117,0.0,0.014287709283614572,-18.853483200073242,0
1JPS,14,16.596336364746094,18.593936920166016,44.22466278076172,0.0,0.014030264824978362,-14.655008316040039,2
4M3K,0,12.922677040100098,13.306687355041504,30.051292419433594,0.0,0.028875008199852725,-14.838318824768066,3
4M3K,1,11.39063549041748,11.888720512390137,32.96149444580078,0.0,0.02600775010242548,-15.526594161987305,4
4M3K,2,15.687457084655762,13.309636116027832,32.641815185546875,0.0,0.025348415981150892,-14.044750213623047,13
4M3K,3,16.748430252075195,13.153960227966309,26.668800354003906,0.0,0.03501807448503649,-15.913942337036133,6
4M3K,4,13.08261775970459,12.312761306762695,27.87056541442871,0.0,0.03324083911540428,-12.87264347076416,7
4M3K,5,9.664640426635742,10.5204496383667,26.227672576904297,0.0,0.03832401689093109,-18.940650939941406,2
4M3K,6,14.111735343933105,12.67863655090332,29.53872299194336,0.0,0.030092065522446077,-15.170729637145996,5
4M3K,7,14.710190773010254,12.734977722167969,30.4266414642334,0.0,0.02869207975553383,-14.778800964355469,9
4M3K,8,14.338128089904785,12.976029396057129,29.556354522705078,0.0,0.02985824029198757,-15.07812213897705,5
4M3K,9,15.883255004882812,13.829733848571777,30.87315559387207,0.0,0.02736246750406961,-14.276252746582031,2
4M3K,10,10.855934143066406,11.083208084106445,33.96470642089844,0.0,0.025642014185217898,-17.59893226623535,2
4M3K,11,12.175527572631836,12.591710090637207,37.575653076171875,0.0,0.02089084168410137,-19.18732261657715,0
4M3K,12,13.499192237854004,14.990699768066406,45.89242935180664,0.0,0.014360077762566264,-16.444416046142578,6
4M3K,13,16.0775146484375,13.273639678955078,30.31622314453125,0.0,0.02849722908742865,-14.64217472076416,11
4M3K,14,12.054367065429688,13.780839920043945,49.79984664916992,0.0,0.01333899308333493,-15.436108589172363,6
1HCF,0,11.833489418029785,11.354050636291504,33.05696487426758,0.0,0.02639017182998345,-13.324607849121094,6
1HCF,1,14.189434051513672,12.914397239685059,38.18262481689453,0.0,0.020176104334966003,-14.269763946533203,7
1HCF,2,17.011199951171875,16.228290557861328,44.18707275390625,0.0,0.014718204205402574,-18.60619354248047,15
1HCF,3,10.422425270080566,10.592206954956055,28.70361328125,0.0,0.033427673653658084,-15.048333168029785,7
1HCF,4,13.770840644836426,17.46480941772461,30.26047134399414,0.222222,0.10089202620092923,-15.38388729095459,8
1HCF,5,18.23124885559082,16.532251358032227,48.92800521850586,0.0,0.012487039825060017,-13.713113784790039,18
1HCF,6,76.0185546875,89.59342956542969,190.4274444580078,0.0,0.0007562248344557754,0.0,0
1HCF,7,6.725569248199463,7.274503707885742,17.060026168823242,0.0,0.07988622823502052,-15.508731842041016,12
1HCF,8,13.74911117553711,17.226886749267578,30.070308685302734,0.111111,0.06420881208462681,-16.701688766479492,2
1HCF,9,12.527009010314941,14.238048553466797,29.986669540405273,0.111111,0.06548714674977746,-17.50401496887207,8
1HCF,10,22.11503028869629,18.61510467529297,54.69145202636719,0.0,0.010012023810861071,-15.59892749786377,9
1HCF,11,21.535253524780273,19.008127212524414,54.74455642700195,0.0,0.009909676127320412,-13.821844100952148,17
1HCF,12,22.65268325805664,20.719234466552734,57.966575622558594,0.0,0.00875449897416051,-13.88200855255127,15
1HCF,13,10.351056098937988,11.183090209960938,23.242469787597656,0.0,0.045213203837153625,-19.127229690551758,0
1HCF,14,9.689794540405273,11.140124320983887,27.906076431274414,0.0,0.03423585006756564,-14.758065223693848,17
1A2K,0,15.858027458190918,15.740569114685059,30.56355857849121,0.0,0.02693044310307295,-19.575702667236328,3
1A2K,1,16.606325149536133,16.25040054321289,33.14564514160156,0.0,0.023384611255530634,-20.85909652709961,3
1A2K,2,18.883956909179688,15.58413314819336,33.46225357055664,0.0,0.02326439198097545,-20.192249298095703,7
1A2K,3,16.25113296508789,16.418420791625977,32.428592681884766,0.0,0.024188287443478274,-20.649555206298828,5
1A2K,4,16.713233947753906,16.704967498779297,32.330169677734375,0.0,0.024217413001729526,-19.449750900268555,6
1A2K,5,18.759273529052734,14.835111618041992,34.82313537597656,0.0,0.0221166969975525,-22.658462524414062,7
1A2K,6,16.78264808654785,16.767297744750977,32.68275833129883,0.0,0.023764594306558,-20.267807006835938,5
1A2K,7,18.605342864990234,14.841808319091797,33.36308670043945,0.0,0.02368790638627964,-22.23053550720215,4
1A2K,8,18.299396514892578,13.7410306930542,33.92121124267578,0.0,0.02361899415811185,-23.53330421447754,5
1A2K,9,18.278535842895508,14.698260307312012,32.91791534423828,0.0,0.024272046973543016,-21.909940719604492,3
1A2K,10,17.319673538208008,17.348682403564453,33.77470779418945,0.0,0.022328064749930484,-19.40887451171875,2
1A2K,11,16.491443634033203,17.044612884521484,30.94459342956543,0.0,0.025947760564454577,-17.928861618041992,4
1A2K,12,18.63849449157715,14.788595199584961,35.07374954223633,0.0,0.021885642612516038,-26.092510223388672,2
1A2K,13,18.812353134155273,15.78003978729248,36.5931510925293,0.0,0.020049499525067183,-22.98802947998047,2
1A2K,14,18.75832176208496,15.753111839294434,33.93678283691406,0.0,0.02267172733059965,-24.575288772583008,3
6BPC,0,21.751510620117188,16.27678871154785,44.79005813598633,0.0,0.014394498797232915,-15.915632247924805,3
6BPC,1,20.903409957885742,18.45990753173828,36.53453826904297,0.0,0.019302996406071724,-16.348970413208008,10
6BPC,2,22.99574089050293,14.69650650024414,42.78867721557617,0.0,0.016091278387696445,-17.185792922973633,5
6BPC,3,20.967342376708984,11.508675575256348,46.185035705566406,0.0,0.016488568284779626,-16.22751235961914,23
6BPC,4,23.182418823242188,18.355682373046875,43.757972717285156,0.0,0.014331595788221874,-17.569005966186523,3
6BPC,5,17.244054794311523,12.963581085205078,30.05316925048828,0.0,0.029093515476621448,-16.639047622680664,17
6BPC,6,21.930850982666016,17.286962509155273,43.959388732910156,0.0,0.014504525006828098,-16.87085723876953,2
6BPC,7,19.786348342895508,17.852619171142578,35.51596450805664,0.0,0.020395127430280893,-16.573854446411133,1
6BPC,8,22.83491325378418,18.360164642333984,43.88461685180664,0.0,0.014263195158497716,-18.45633316040039,0
6BPC,9,13.345149993896484,10.0265474319458,25.463863372802734,0.0,0.040715539715433645,-14.923858642578125,2
6BPC,10,26.623138427734375,15.914234161376953,49.616119384765625,0.0,0.012439316113565442,-15.490387916564941,1
6BPC,11,23.822525024414062,16.73516845703125,43.38535690307617,0.0,0.014978343754245104,-17.371868133544922,2
6BPC,12,25.486249923706055,16.22921371459961,48.711158752441406,0.0,0.01267332320827227,-16.17784309387207,1
6BPC,13,24.71776008605957,13.319437026977539,50.31163024902344,0.0,0.01342494435482086,-17.509538650512695,0
6BPC,14,18.301408767700195,15.726658821105957,35.06528854370117,0.0,0.021504752997622695,-16.847837448120117,1
1FFW,0,14.034321784973145,13.763043403625488,42.45008087158203,0.0,0.01676246765245449,-19.07445526123047,0
1FFW,1,14.06725788116455,11.328948974609375,43.362613677978516,0.0,0.018077137154736935,-21.391977310180664,0
1FFW,2,15.593839645385742,12.742403984069824,44.06005859375,0.0,0.016516678722240028,-18.91808319091797,1
1FFW,3,14.23342227935791,11.600605964660645,39.24042510986328,0.0,0.020420960223755953,-18.04628562927246,0
1FFW,4,5.671328544616699,5.529697418212891,20.82480812072754,0.0,0.07044946021936054,-23.795259475708008,0
1FFW,5,15.237919807434082,13.089179992675781,41.95831298828125,0.0,0.017461402611238335,-17.62530517578125,12
1FFW,6,15.147214889526367,11.708548545837402,42.60546112060547,0.0,0.018142062124577883,-17.9970703125,2
1FFW,7,12.60551643371582,11.795605659484863,43.01726531982422,0.0,0.01783017493565708,-22.051715850830078,0
1FFW,8,6.795881748199463,6.416896820068359,13.074724197387695,0.0,0.11629804513646767,-18.57735252380371,0
1FFW,9,12.525256156921387,12.108329772949219,41.40512466430664,0.0,0.018517956610870693,-18.719167709350586,0
1FFW,10,4.671376705169678,4.7981181144714355,10.496206283569336,0.0,0.16169827850528543,-22.5101375579834,0
1FFW,11,10.12664794921875,10.3162260055542,37.662193298339844,0.0,0.023057162484240168,-14.695028305053711,0
1FFW,12,14.728368759155273,14.270228385925293,45.09230422973633,0.0,0.015080670660681533,-17.763484954833984,0
1FFW,13,15.209064483642578,11.99843692779541,42.65304946899414,0.0,0.017861700481917247,-18.76805877685547,2
1FFW,14,5.001163959503174,5.904324054718018,13.483755111694336,0.0,0.1150028825379872,-17.193410873413086,0
1SYX,0,8.891530990600586,7.544875144958496,29.07943344116211,0.0,0.038912711863249815,-22.0491943359375,0
1SYX,1,13.430235862731934,10.232933044433594,42.5537109375,0.0,0.019801186074205005,-18.307958602905273,0
1SYX,2,7.473200798034668,6.474782466888428,24.85382843017578,0.0,0.05188403531280831,-19.526344299316406,0
1SYX,3,17.733854293823242,13.466148376464844,49.399864196777344,0.0,0.01367029104155331,-17.74148178100586,3
1SYX,4,15.25178050994873,13.121740341186523,43.94404983520508,0.0,0.01632137089310565,-19.354387283325195,0
1SYX,5,17.477863311767578,14.007954597473145,55.847991943359375,0.0,0.011325536850429307,-19.623146057128906,0
1SYX,6,18.65447998046875,18.868680953979492,57.180580139160156,0.0,0.009299898390562528,-18.54075050354004,1
1SYX,7,18.723974227905273,15.786273956298828,56.688507080078125,0.0,0.010312060658910467,-16.48795509338379,0
1SYX,8,5.830151557922363,5.870904445648193,17.481462478637695,0.0,0.08416377337608284,-22.93475341796875,0
1SYX,9,4.352283477783203,4.507493019104004,13.19662857055664,0.0,0.1309740442363545,-21.64023780822754,0
1SYX,10,6.773306846618652,5.913363456726074,22.98204803466797,0.0,0.06026211996282815,-18.739896774291992,0
1SYX,11,7.519233226776123,6.051092624664307,23.410192489624023,0.0,0.05812331629616712,-19.9764347076416,0
1SYX,12,13.638139724731445,10.31137466430664,39.97361755371094,0.0,0.021327650624257417,-21.719877243041992,0
1SYX,13,17.44034194946289,14.13000774383545,56.581485748291016,0.0,0.01107115637745676,-19.709341049194336,0
1SYX,14,12.948046684265137,11.348100662231445,29.932601928710938,0.0,0.030597970171416248,-25.05890464782715,0
2A1A,0,13.079069137573242,11.641780853271484,28.567712783813477,0.0,0.032553170445054624,-15.968961715698242,0
2A1A,1,14.42445182800293,11.090052604675293,34.54148864746094,0.0,0.025021262105013115,-15.679943084716797,0
2A1A,2,15.513386726379395,12.311367988586426,33.8780517578125,0.0,0.02461671971173966,-16.202638626098633,1
2A1A,3,11.703518867492676,11.645733833312988,27.517847061157227,0.0,0.03447397183995398,-16.9273681640625,5
2A1A,4,11.880550384521484,14.534721374511719,27.299442291259766,0.0,0.03297213771519301,-16.005924224853516,0
2A1A,5,14.003124237060547,11.189444541931152,33.4595832824707,0.0,0.026092127062367007,-17.09172248840332,0
2A1A,6,9.302931785583496,10.098374366760254,22.021039962768555,0.0,0.050419729653661094,-16.102758407592773,0
2A1A,7,13.805989265441895,11.519729614257812,33.08979034423828,0.0,0.026191145777729432,-16.13562774658203,1
2A1A,8,12.09100341796875,10.735957145690918,28.23326301574707,0.0,0.034084536959505696,-16.890287399291992,2
2A1A,9,11.063508987426758,11.468311309814453,23.148733139038086,0.0,0.04520987757445616,-18.118913650512695,4
2A1A,10,15.136069297790527,12.934463500976562,32.1220588684082,0.0,0.02623656361533704,-15.564373970031738,10
2A1A,11,12.51544189453125,11.944684982299805,44.87333297729492,0.0,0.016721036467407024,-14.037989616394043,1
2A1A,12,8.764792442321777,9.002429008483887,20.55637550354004,0.0,0.0576757102925081,-16.04776382446289,0
2A1A,13,10.894697189331055,10.591984748840332,26.536605834960938,0.0,0.03757122265236117,-16.8565673828125,2
2A1A,14,10.222174644470215,11.30490779876709,21.98203468322754,0.0,0.04912444027255237,-17.498971939086914,5
3R9A,0,15.840044021606445,11.596063613891602,36.24398422241211,0.0,0.0228634088109568,-20.29290199279785,2
3R9A,1,15.065356254577637,12.42214298248291,34.18070983886719,0.0,0.024203611547914335,-16.283756256103516,21
3R9A,2,35.84564208984375,26.19915199279785,94.32193756103516,0.0,0.0037743057737611506,-14.995556831359863,26
3R9A,3,15.521403312683105,12.543313980102539,35.502864837646484,0.0,0.022770735404676043,-16.744871139526367,14
3R9A,4,26.962797164916992,15.999595642089844,71.3436508178711,0.0,0.007569661984709021,-15.686574935913086,15
3R9A,5,16.803733825683594,10.80001449584961,40.36394500732422,0.0,0.020462529497871012,-17.641794204711914,15
3R9A,6,28.244173049926758,16.432199478149414,73.54663848876953,0.0,0.007148327142355623,-16.47977638244629,11
3R9A,7,34.91781234741211,23.513755798339844,83.45622253417969,0.0,0.004773287728254339,-13.031242370605469,67
3R9A,8,33.97648620605469,23.578184127807617,90.21162414550781,0.0,0.0042769269600483354,-20.399030685424805,3
3R9A,9,27.433975219726562,15.14599895477295,70.15821075439453,0.0,0.008059668738142768,-16.349411010742188,17
3R9A,10,15.616063117980957,10.179783821105957,35.82060623168945,0.0,0.024852505030477354,-14.612773895263672,36
3R9A,11,35.39686965942383,24.392681121826172,93.2386245727539,0.0,0.004003203490606548,-17.149261474609375,12
3R9A,12,24.68274688720703,19.72306251525879,66.80224609375,0.0,0.007227730271236115,-14.351921081542969,52
3R9A,13,14.842735290527344,11.699158668518066,34.0626335144043,0.0,0.02493104092951189,-13.181318283081055,66
3R9A,14,17.045961380004883,9.978622436523438,39.580806732177734,0.0,0.022060632637604105,-18.668657302856445,7
3LVK,0,21.449621200561523,25.04088020324707,75.90792846679688,0.0,0.005319721721744549,-18.94060707092285,0
3LVK,1,11.924200057983398,14.382603645324707,46.84004211425781,0.0,0.01421364377454745,-13.786526679992676,0
3LVK,2,5.985517978668213,8.354209899902344,23.480314254760742,0.0,0.049031855232469494,-17.97189712524414,0
3LVK,3,21.65962791442871,26.127490997314453,76.71212005615234,0.0,0.005137920280681089,-20.346471786499023,0
3LVK,4,21.311635971069336,26.241674423217773,75.96916961669922,0.0,0.00520692191430307,-19.219940185546875,0
3LVK,5,5.376175403594971,9.490692138671875,19.406644821166992,0.0,0.06177713514519808,-20.739091873168945,0
3LVK,6,6.53681755065918,12.38480281829834,22.72205352783203,0.0,0.04573936934517353,-18.551576614379883,2
3LVK,7,21.10782814025879,25.527244567871094,75.3299331665039,0.0,0.005337683956038552,-20.40873146057129,0
3LVK,8,4.711447238922119,8.078877449035645,17.21161460876465,0.0,0.07646497979315459,-18.877613067626953,0
3LVK,9,21.436004638671875,25.447132110595703,76.38679504394531,0.0,0.005231140543369463,-16.4600830078125,0
3LVK,10,6.802370071411133,10.846349716186523,24.40286636352539,0.0,0.04232196035374667,-19.779964447021484,0
3LVK,11,21.55296516418457,25.64861297607422,76.72610473632812,0.0,0.005177596572392353,-18.919450759887695,0
3LVK,12,6.33547306060791,11.608423233032227,22.011783599853516,0.0,0.04872978421415831,-19.206579208374023,1
3LVK,13,21.08549690246582,24.77760124206543,75.20510864257812,0.0,0.0054216274502338,-20.144207000732422,0
3LVK,14,6.753971576690674,9.607762336730957,25.533437728881836,0.0,0.04118633806134994,-21.0046443939209,0
2OZA,0,19.83681869506836,22.60857582092285,62.746761322021484,0.0,0.00746756425670935,-13.679909706115723,3
2OZA,1,9.998769760131836,10.584228515625,31.075037002563477,0.0,0.02976679214303063,-11.795906066894531,13
2OZA,2,25.768325805664062,23.274280548095703,38.63096618652344,0.0,0.01677145351855886,-16.017011642456055,2
2OZA,3,15.9069185256958,15.811975479125977,45.63249969482422,0.0,0.014150786979128561,-13.476080894470215,38
2OZA,4,20.000656127929688,22.721641540527344,63.38615036010742,0.0,0.0073346838192897565,-13.823599815368652,4
2OZA,5,8.47424602508545,9.465822219848633,23.11467170715332,0.0,0.04787154830968835,-13.202288627624512,9
2OZA,6,8.392048835754395,10.149919509887695,19.92426109313965,0.018182,0.06451078354044931,-12.44654655456543,10
2OZA,7,11.504888534545898,11.867671012878418,29.49394416809082,0.0,0.030803695034292086,-15.609123229980469,13
2OZA,8,11.53542423248291,10.508111953735352,23.14352798461914,0.0,0.046275611791310824,-13.23832893371582,24
2OZA,9,7.194755554199219,8.095645904541016,20.98361587524414,0.0,0.058049836481815414,-12.478556632995605,7
2OZA,10,20.84960174560547,17.03935432434082,42.52774429321289,0.0,0.01536775030905464,-15.452632904052734,9
2OZA,11,11.877890586853027,13.032075881958008,41.0671501159668,0.0,0.01805166459596793,-12.223711967468262,10
2OZA,12,25.566692352294922,21.00876808166504,39.68275451660156,0.0,0.016313445935176574,-14.56566047668457,6
2OZA,13,16.75981903076172,17.595924377441406,54.981388092041016,0.0,0.010185732103049317,-11.603163719177246,14
2OZA,14,22.56511688232422,18.98006248474121,43.890098571777344,0.0,0.014119164265221362,-13.139205932617188,18
1R0R,0,2.748486042022705,2.6766915321350098,8.209078788757324,0.3125,0.35629807514181894,-21.702844619750977,1
1R0R,1,3.781855821609497,3.8000757694244385,11.428482055664062,0.125,0.2053210712435749,-18.97960662841797,0
1R0R,2,5.441380500793457,6.768528938293457,13.937807083129883,0.09375,0.13721927781469057,-21.666845321655273,1
1R0R,3,5.672325134277344,7.114104270935059,14.596545219421387,0.09375,0.12984965861148012,-21.91213035583496,0
1R0R,4,1.006604790687561,1.2107412815093994,2.7557356357574463,0.375,0.6284652044121245,-23.076030731201172,0
1R0R,5,3.2803432941436768,3.7781550884246826,10.907693862915039,0.21875,0.24424449479862587,-20.266599655151367,0
1R0R,6,2.096855640411377,2.1402668952941895,6.585620403289795,0.375,0.4430943109936982,-23.875980377197266,2
1R0R,7,11.26876449584961,13.62924861907959,35.943912506103516,0.0,0.021642847599741808,-16.424898147583008,1
1R0R,8,5.355465888977051,5.4847540855407715,17.68263816833496,0.15625,0.13784597604644608,-20.24644660949707,2
1R0R,9,6.058942794799805,7.485681056976318,15.376602172851562,0.09375,0.12213559894701083,-20.599557876586914,1
1R0R,10,6.0686540603637695,7.333612442016602,15.735560417175293,0.09375,0.11992910003313724,-21.36225700378418,1
1R0R,11,6.550629138946533,7.932709693908691,19.30178451538086,0.09375,0.09690007390937394,-20.19390106201172,21
1R0R,12,5.855128765106201,7.0197319984436035,17.095558166503906,0.1875,0.14312635342799804,-18.146259307861328,4
1R0R,13,3.69452166557312,3.875882148742676,12.656582832336426,0.25,0.23036642553946277,-20.029321670532227,1
1R0R,14,9.66919231414795,10.828163146972656,30.94209861755371,0.0,0.02966571610440309,-14.502463340759277,3
2ABZ,0,7.21631383895874,8.841584205627441,20.697675704956055,0.0,0.05743034851289702,-21.16046905517578,4
2ABZ,1,7.841032028198242,9.332704544067383,23.022592544555664,0.0,0.04838030519622602,-19.677459716796875,4
2ABZ,2,7.028485298156738,9.394319534301758,21.21120834350586,0.0,0.05440903951261635,-16.801326751708984,4
2ABZ,3,8.709258079528809,9.131239891052246,25.186243057250977,0.0,0.04284221603995492,-17.184404373168945,3
2ABZ,4,8.460996627807617,11.5596923828125,24.341596603393555,0.0,0.04174815137863621,-14.562349319458008,2
2ABZ,5,7.707762718200684,10.379294395446777,23.233205795288086,0.0,0.046169240973623814,-15.496137619018555,2
2ABZ,6,6.82588005065918,8.450888633728027,18.856061935424805,0.0,0.0664765135349931,-20.679533004760742,3
2ABZ,7,7.4797186851501465,9.660436630249023,22.006908416748047,0.0,0.05111954928874734,-18.66081428527832,2
2ABZ,8,8.42550277709961,9.300840377807617,24.583711624145508,0.0,0.04404434086870876,-16.685497283935547,1
2ABZ,9,8.685381889343262,11.6224365234375,25.22718620300293,0.0,0.03944553954464299,-19.627946853637695,0
2ABZ,10,7.185357093811035,8.890219688415527,22.71677589416504,0.125,0.09183037795233817,-15.762238502502441,2
2ABZ,11,7.897761344909668,8.320295333862305,24.20194435119629,0.0,0.0470945340710679,-16.21965217590332,4
2ABZ,12,7.340570449829102,9.244955062866211,22.7619571685791,0.125,0.09101122284625844,-17.294233322143555,6
2ABZ,13,8.526656150817871,9.961681365966797,24.742355346679688,0.0,0.04257746539866631,-14.62337875366211,2
2ABZ,14,8.75969409942627,8.852359771728516,24.52025604248047,0.0,0.0450624129402897,-18.15174102783203,9
1JK9,0,19.740259170532227,19.20974349975586,47.21372985839844,0.0,0.012484831568321789,-15.650860786437988,0
1JK9,1,22.256845474243164,20.548011779785156,54.106998443603516,0.0,0.00979517279284898,-12.463712692260742,3
1JK9,2,16.502885818481445,16.185155868530273,31.16252326965332,0.0,0.025921294073593004,-13.268388748168945,8
1JK9,3,14.993684768676758,14.371747016906738,25.034957885742188,0.058824,0.057654029134852895,-14.392801284790039,8
1JK9,4,14.407402992248535,13.398104667663574,24.488183975219727,0.117647,0.07918450409616731,-15.728744506835938,5
1JK9,5,20.35555648803711,20.353879928588867,46.830596923828125,0.0,0.012431741640328722,-16.12029457092285,0
1JK9,6,14.54320240020752,13.529756546020508,24.762636184692383,0.117647,0.0783987398336944,-14.852170944213867,4
1JK9,7,14.665655136108398,13.76423168182373,24.65785789489746,0.088235,0.06872707906208093,-14.036022186279297,5
1JK9,8,14.19257640838623,13.206735610961914,24.336624145507812,0.0,0.0404868829545919,-12.363784790039062,13
1JK9,9,13.984577178955078,12.910392761230469,24.17134666442871,0.117647,0.08033963582918281,-16.36579704284668,3
1JK9,10,14.67641830444336,13.945934295654297,24.32286262512207,0.0,0.04009034135660442,-14.931851387023926,2
1JK9,11,16.485210418701172,15.930197715759277,31.472078323364258,0.0,0.02559095618810781,-14.816207885742188,2
1JK9,12,14.655341148376465,13.489850044250488,35.857181549072266,0.0,0.02180566240622162,-12.637158393859863,0
1JK9,13,17.077394485473633,15.305402755737305,35.133460998535156,0.0,0.021603096212714296,-12.335680961608887,12
1JK9,14,10.21984577178955,9.25325870513916,18.687070846557617,0.147059,0.11469782118527533,-12.624500274658203,8
1EWY,0,20.762657165527344,15.761391639709473,53.369564056396484,0.0,0.011238098393127996,-11.013603210449219,8
1EWY,1,16.39896011352539,15.93478775024414,44.91554641723633,0.0,0.014452793546682824,-15.477627754211426,5
1EWY,2,9.630206108093262,10.313461303710938,22.372568130493164,0.0,0.048951226812991945,-18.690853118896484,5
1EWY,3,8.213724136352539,6.609171390533447,24.107318878173828,0.0,0.0531865494821726,-16.662639617919922,9
1EWY,4,13.990926742553711,12.385869026184082,39.45737075805664,0.0,0.019601105327243826,-14.772773742675781,3
1EWY,5,5.8035888671875,6.363070011138916,16.698511123657227,0.0,0.08614435774136275,-16.956579208374023,2
1EWY,6,6.384458065032959,5.7033820152282715,19.561826705932617,0.0,0.07450529161035008,-16.56827735900879,7
1EWY,7,21.233734130859375,15.4284029006958,53.729225158691406,0.0,0.01126007734755055,-13.09070873260498,13
1EWY,8,10.204678535461426,10.906193733215332,25.96277618408203,0.0,0.03845800136836674,-17.696643829345703,4
1EWY,9,11.956924438476562,9.346901893615723,32.8644905090332,0.0,0.029268954194520233,-15.620165824890137,13
1EWY,10,5.61770486831665,4.860711574554443,13.319250106811523,0.2,0.19211792728459065,-18.141708374023438,1
1EWY,11,9.325490951538086,7.138067245483398,25.586421966552734,0.0,0.04722809341403802,-15.061783790588379,8
1EWY,12,10.604374885559082,10.497261047363281,24.97991371154785,0.0,0.041260336568259615,-12.854637145996094,31
1EWY,13,19.689064025878906,13.776944160461426,50.9133415222168,0.0,0.012944018663155801,-10.503957748413086,15
1EWY,14,18.55646324157715,15.695047378540039,52.116756439208984,0.0,0.01165403527297345,-13.625986099243164,6
