id,index,c_rmsd,i_rmsd,l_rmsd,fnat,DockQ,ranking_energy,ranking_num_clashes
2HRK,0,13.785477638244629,11.543383598327637,24.583370208740234,0.0,0.041130123363017405,-24.35707664489746,0
2HRK,1,5.383502006530762,4.431794166564941,11.66169548034668,0.0,0.14990992542796458,-20.22344398498535,0
2HRK,2,2.0865015983581543,2.4154374599456787,6.020131587982178,0.0,0.3147545785040696,-23.427881240844727,0
2HRK,3,14.580065727233887,12.373703002929688,24.93363380432129,0.0,0.03953294840453629,-22.0695858001709,0
2HRK,4,5.983924388885498,5.058474063873291,12.894708633422852,0.0,0.12790981953853917,-20.605878829956055,0
2HRK,5,14.817124366760254,12.913764953613281,25.178146362304688,0.0,0.03854070534360485,-23.245943069458008,2
2HRK,6,4.835508346557617,3.9073996543884277,10.254847526550293,0.0,0.17856179342307374,-26.790721893310547,0
2HRK,7,9.403115272521973,7.108380317687988,25.755653381347656,0.0,0.04694972796805622,-15.065155029296875,0
2HRK,8,11.425454139709473,9.2968168258667,21.36066436767578,0.0,0.054024106703437054,-18.695478439331055,0
2HRK,9,7.198685646057129,5.636873722076416,16.177371978759766,0.0,0.09415803389847625,-20.52951431274414,0
2HRK,10,9.481780052185059,7.474193096160889,19.488454818725586,0.142857,0.11380059809047327,-19.58955192565918,0
2HRK,11,14.576485633850098,12.323445320129395,24.250885009765625,0.0,0.041336682023801974,-20.164987564086914,0
2HRK,12,4.495479106903076,3.6359310150146484,10.666071891784668,0.0,0.17795073181099455,-19.959482192993164,0
2HRK,13,13.902375221252441,11.496755599975586,23.71234130859375,0.0,0.043534196015406784,-21.852062225341797,1
2HRK,14,4.265589714050293,3.3395562171936035,9.527387619018555,0.0,0.20369051659405754,-23.748891830444336,0
1LFD,0,8.905464172363281,7.97514533996582,25.98708152770996,0.0,0.043604139644859374,-13.614910125732422,7
1LFD,1,4.048110485076904,4.346408843994141,10.109060287475586,0.0,0.17353402525268888,-18.740488052368164,0
1LFD,2,9.481492042541504,10.124044418334961,19.29359245300293,0.0,0.061341775173074375,-14.461170196533203,2
1LFD,3,7.369858264923096,7.356595993041992,16.652883529663086,0.0,0.08219952132400482,-13.884464263916016,4
1LFD,4,7.88957405090332,8.554094314575195,23.822097778320312,0.0,0.04758934230941935,-15.164965629577637,1
1LFD,5,5.0013298988342285,5.634303569793701,12.495064735412598,0.0,0.12751627382321953,-16.506061553955078,2
1LFD,6,11.283990859985352,11.158589363098145,24.057138442993164,0.0,0.04291110088234434,-18.189590454101562,0
1LFD,7,7.968443393707275,8.000506401062012,16.015281677246094,0.0,0.08457905420038626,-15.7247314453125,3
1LFD,8,5.830802917480469,6.7287983894348145,16.516061782836914,0.0,0.08558122771781863,-14.231732368469238,0
1LFD,9,6.6901631355285645,6.417823314666748,14.640008926391602,0.0,0.10130288212031001,-16.54139518737793,2
1LFD,10,3.4529848098754883,3.5420923233032227,10.02145004272461,0.0,0.19015637355287937,-17.9705867767334,0
1LFD,11,5.34746789932251,4.845228672027588,14.787697792053223,0.066667,0.1341570909852895,-15.929999351501465,0
1LFD,12,11.268115043640137,7.974856853485107,26.65358543395996,0.0,0.042160797190594325,-17.08774185180664,33
1LFD,13,6.839155673980713,6.344021320343018,13.533011436462402,0.133333,0.15639213627888088,-16.333812713623047,3
1LFD,14,5.8494343757629395,5.699828624725342,13.739703178405762,0.066667,0.13607539354883816,-16.541906356811523,0
2YVJ,0,7.510673522949219,3.7533395290374756,22.496335983276367,0.0,0.0875490162955259,-17.205459594726562,0
2YVJ,1,7.128891944885254,3.61418080329895,21.814716339111328,1.0,0.4262506729844356,-16.547630310058594,0
2YVJ,2,4.717403411865234,2.2856531143188477,14.222616195678711,1.0,0.5214031747555093,-16.236026763916016,0
2YVJ,3,9.130020141601562,6.230861186981201,24.794391632080078,0.0,0.0533150834976751,-17.416505813598633,0
2YVJ,4,20.080617904663086,12.914777755737305,49.005210876464844,0.0,0.014172295320268353,-15.50078296661377,31
2YVJ,5,17.597536087036133,9.454684257507324,42.27198028564453,0.0,0.021137911799938198,-14.62588882446289,46
2YVJ,6,2.1987953186035156,1.8088868856430054,6.300862789154053,0.5,0.5176093812652213,-14.13983154296875,0
2YVJ,7,21.05809783935547,16.106426239013672,56.027191162109375,0.0,0.010365806599052034,-28.09527587890625,1
2YVJ,8,8.30687427520752,5.332557678222656,22.711408615112305,0.0,0.06539498124480349,-17.23054313659668,0
2YVJ,9,6.523320198059082,3.433197498321533,19.547319412231445,0.5,0.27310387129558156,-16.283245086669922,0
2YVJ,10,22.032001495361328,14.660823822021484,55.70854568481445,0.0,0.011036850365432492,-20.825653076171875,7
2YVJ,11,21.842334747314453,14.934595108032227,56.32191467285156,0.0,0.01075203949966629,-22.751455307006836,4
2YVJ,12,8.83423900604248,5.925434112548828,23.99368667602539,0.0,0.05724321090879486,-17.384008407592773,0
2YVJ,13,23.428207397460938,13.528783798217773,57.60126495361328,0.0,0.011151873146747223,-22.648738861083984,4
2YVJ,14,9.218429565429688,6.629960536956787,25.07781982421875,0.0,0.050580003047686034,-16.38676643371582,0
1BUH,0,10.779743194580078,13.615015029907227,29.74090576171875,0.0,0.02916892907201675,-18.53110122680664,0
1BUH,1,10.612184524536133,15.493720054626465,28.74666404724121,0.0,0.02989560031488871,-20.182422637939453,0
1BUH,2,11.094680786132812,15.940221786499023,29.99127769470215,0.0,0.027709853563878218,-20.44878578186035,0
1BUH,3,11.5073881149292,16.196409225463867,30.72196388244629,0.0,0.026536739655956598,-20.55564308166504,0
1BUH,4,9.823657989501953,12.985677719116211,28.416595458984375,0.0,0.03176421191572431,-19.318580627441406,0
1BUH,5,9.673837661743164,13.820565223693848,27.140260696411133,0.0,0.03365583523927342,-16.736019134521484,0
1BUH,6,10.567523002624512,13.825570106506348,28.97422218322754,0.0,0.030292289237114783,-17.593704223632812,0
1BUH,7,10.363972663879395,11.922324180603027,28.465307235717773,0.0,0.0324833630480215,-17.919790267944336,0
1BUH,8,9.768272399902344,12.501456260681152,28.822315216064453,0.0,0.031401845735804755,-20.677677154541016,0
1BUH,9,10.607876777648926,15.667469024658203,28.103330612182617,0.0,0.03096498918907449,-17.518075942993164,0
1BUH,10,9.156294822692871,12.729148864746094,25.77546501159668,0.0,0.03725951679780534,-17.089609146118164,0
1BUH,11,9.905086517333984,13.55986213684082,25.78059196472168,0.0,0.036712108553355,-19.41798973083496,0
1BUH,12,8.768953323364258,12.434388160705566,24.06254768371582,0.0,0.041761025712797016,-17.450420379638672,0
1BUH,13,10.964573860168457,15.827603340148926,29.67627716064453,0.0,0.028240098445148312,-21.855499267578125,0
1BUH,14,10.674538612365723,13.551203727722168,29.180492401123047,0.0,0.0301059854065327,-18.50290298461914,0
2J0T,0,12.367788314819336,8.687383651733398,27.6872501373291,0.214286,0.10978910755941784,-16.09345817565918,8
2J0T,1,9.470090866088867,8.915609359741211,35.24031066894531,0.0,0.027502102356370295,-19.60699462890625,1
2J0T,2,14.920334815979004,10.156193733215332,27.289270401000977,0.0,0.03659528015145495,-16.62954330444336,5
2J0T,3,15.027429580688477,12.626669883728027,49.75322723388672,0.0,0.014091929517280777,-18.753421783447266,1
2J0T,4,53.99658203125,62.49713134765625,139.98257446289062,0.0,0.0014164394843689304,0.0,0
2J0T,5,5.481551647186279,5.131021499633789,18.294225692749023,0.178571,0.1449513764851848,-18.55994415283203,4
2J0T,6,11.716976165771484,8.639225959777832,25.21591567993164,0.25,0.12709957509321926,-15.607752799987793,8
2J0T,7,11.093982696533203,8.080239295959473,23.324691772460938,0.214286,0.12161099765127542,-15.658073425292969,9
2J0T,8,13.454257011413574,9.826470375061035,27.31439781188965,0.321429,0.1441633489115123,-18.834272384643555,3
2J0T,9,14.922173500061035,11.470769882202148,34.16155242919922,0.071429,0.048847465938003876,-19.18804931640625,0
2J0T,10,7.892043590545654,6.664976119995117,26.87868309020996,0.035714,0.05827870892893653,-18.277912139892578,3
2J0T,11,10.784747123718262,9.14553165435791,39.95105743408203,0.0,0.02316755581970219,-17.810026168823242,2
2J0T,12,15.436661720275879,11.038604736328125,27.845731735229492,0.25,0.11778920207050299,-17.1226863861084,4
2J0T,13,6.9733734130859375,5.295012474060059,24.688352584838867,0.178571,0.11961162824963852,-17.389007568359375,3
2J0T,14,12.190044403076172,8.808370590209961,26.06401252746582,0.214286,0.1128662497596737,-16.011932373046875,8
5GRJ,0,14.431118965148926,9.126893043518066,38.40528106689453,0.6,0.22433238104486541,-14.940178871154785,10
5GRJ,1,5.627448558807373,4.662439823150635,12.899868965148926,0.133333,0.1766215857598501,-19.372547149658203,7
5GRJ,2,16.04918670654297,11.312981605529785,35.02019500732422,0.0,0.02430358302441145,-15.90127944946289,11
5GRJ,3,17.823715209960938,9.90990161895752,68.25918579101562,0.0,0.012555872258227579,-16.758968353271484,0
5GRJ,4,6.4730916023254395,6.862356662750244,14.693572998046875,0.0,0.09877889018585882,-14.010428428649902,17
5GRJ,5,18.201208114624023,11.914429664611816,49.17205047607422,0.6,0.21487245400389401,-16.676225662231445,5
5GRJ,6,12.636923789978027,8.782792091369629,29.927181243896484,0.133333,0.07877407436350722,-17.225290298461914,8
5GRJ,7,16.2026309967041,10.377845764160156,38.63230895996094,0.0,0.022212911868084412,-15.468974113464355,29
5GRJ,8,20.794958114624023,13.772163391113281,46.6153564453125,0.0,0.014634216726371474,-18.84687614440918,3
5GRJ,9,14.915781021118164,10.287622451782227,38.242591857910156,0.0,0.022631038216617175,-18.509384155273438,8
5GRJ,10,15.095563888549805,9.517696380615234,42.6185188293457,0.066667,0.04305307883808605,-19.247970581054688,0
5GRJ,11,17.70923614501953,11.385173797607422,46.18716049194336,0.0,0.016606977039674092,-16.383121490478516,6
5GRJ,12,7.4011430740356445,5.3185906410217285,21.78485107421875,0.0,0.06860178300528783,-18.678937911987305,4
5GRJ,13,14.379219055175781,8.684178352355957,47.26100540161133,0.066667,0.04232363602836838,-18.63896942138672,2
5GRJ,14,20.93248176574707,14.044346809387207,38.17062759399414,0.0,0.019508011061666223,-15.689528465270996,15
3BIW,0,28.796415328979492,17.123323440551758,78.7419662475586,0.0,0.006377912263424695,-14.759785652160645,11
3BIW,1,30.11751365661621,17.8901424407959,77.7309341430664,0.0,0.00626579527778165,-11.661294937133789,17
3BIW,2,29.9511775970459,17.50408172607422,78.9021987915039,0.0,0.00625407538360338,-12.387636184692383,11
3BIW,3,28.43841552734375,17.9121036529541,80.31446075439453,0.0,0.006013564728964617,-13.683234214782715,3
3BIW,4,22.690513610839844,17.133872985839844,70.19886779785156,0.0,0.0073518693687290694,-11.88040542602539,19
3BIW,5,30.89901351928711,18.0157527923584,77.37403106689453,0.0,0.006269669248660959,-12.842574119567871,7
3BIW,6,29.163305282592773,17.348148345947266,78.48172760009766,0.0,0.006338238928133114,-11.916937828063965,15
3BIW,7,27.128793716430664,17.234403610229492,77.55381774902344,0.0,0.006462679423643095,-14.543436050415039,10
3BIW,8,27.80125617980957,16.855165481567383,77.54340362548828,0.0,0.006576873954011057,-15.021471977233887,15
3BIW,9,22.9171199798584,16.48395538330078,66.97086334228516,0.0,0.008022025964651255,-12.386150360107422,21
3BIW,10,22.388532638549805,11.382431983947754,53.21879959106445,0.0,0.01398177676909177,-11.83847427368164,108
3BIW,11,26.83729362487793,17.628582000732422,77.40487670898438,0.0,0.006367716639372326,-13.10120964050293,11
3BIW,12,29.92613410949707,17.72718048095703,78.2472915649414,0.0,0.006257259928565986,-12.918131828308105,12
3BIW,13,28.775827407836914,16.07992935180664,76.25485229492188,0.0,0.006966509441381604,-12.2357816696167,17
3BIW,14,19.655105590820312,16.419776916503906,66.61045837402344,0.0,0.008099711158102983,-13.034600257873535,9
3F1P,0,17.6634464263916,18.807958602905273,50.40420913696289,0.0,0.011324126192885581,-15.947269439697266,1
3F1P,1,18.56893539428711,20.35236167907715,51.59412384033203,0.0,0.010609027069014653,-16.066911697387695,0
3F1P,2,16.09129524230957,17.274417877197266,47.45656204223633,0.0,0.012855756259795131,-16.894241333007812,0
3F1P,3,18.090547561645508,17.47218894958496,39.05739212036133,0.0,0.0175122771406768,-16.783010482788086,1
3F1P,4,18.3842830657959,18.97576332092285,53.981483459472656,0.0,0.010134678239572191,-15.666033744812012,0
3F1P,5,11.185033798217773,9.367602348327637,26.27490997314453,0.0,0.0399128430869447,-16.045303344726562,7
3F1P,6,15.308830261230469,15.839380264282227,49.2252311706543,0.0,0.012614028874157917,-16.506229400634766,1
3F1P,7,16.87685203552246,17.583974838256836,53.48191833496094,0.0,0.010620497498291337,-17.70494842529297,0
3F1P,8,16.852994918823242,17.785850524902344,51.4737548828125,0.0,0.011202468355550667,-16.329273223876953,0
3F1P,9,15.988954544067383,17.657855987548828,36.16563034057617,0.0,0.019837282011192264,-13.715291976928711,1
3F1P,10,13.614518165588379,11.133020401000977,20.82951545715332,0.0,0.0535275800308685,-18.049585342407227,10
3F1P,11,14.668255805969238,13.060730934143066,22.450424194335938,0.0,0.04613109733781338,-19.39754295349121,5
3F1P,12,14.412569999694824,15.361568450927734,47.30495834350586,0.0,0.013573891804241634,-17.6838321685791,0
3F1P,13,11.22839641571045,11.259596824645996,38.31806564331055,0.0,0.021445875581191858,-15.611231803894043,0
3F1P,14,15.737319946289062,16.893749237060547,52.08147048950195,0.0,0.011255702751195265,-21.323652267456055,0
3G6D,0,8.610944747924805,10.44039535522461,20.741775512695312,0.0,0.05467123423952419,-18.60747718811035,0
3G6D,1,15.304737091064453,12.348254203796387,41.87299728393555,0.0,0.01803919756553994,-14.484288215637207,8
3G6D,2,8.819585800170898,13.675501823425293,20.57023811340332,0.0,0.05257802324212577,-17.211822509765625,2
3G6D,3,14.384622573852539,13.84361457824707,38.35954284667969,0.0,0.019469059021004955,-15.163875579833984,5
3G6D,4,13.304386138916016,16.176170349121094,36.4337272644043,0.0,0.020048266521344234,-16.681476593017578,3
3G6D,5,8.334675788879395,13.434025764465332,19.632198333740234,0.0,0.05672581563886422,-19.20290184020996,0
3G6D,6,16.095611572265625,17.847225189208984,43.89285659790039,0.0,0.014386796687836836,-15.08006763458252,9
3G6D,7,7.892136096954346,12.46049690246582,18.361347198486328,0.0,0.06358897656561723,-17.032623291015625,0
3G6D,8,10.307146072387695,12.080933570861816,25.936079025268555,0.0,0.03739041553585575,-15.382455825805664,6
3G6D,9,9.308701515197754,12.74107837677002,23.19755744934082,0.0,0.044013423854952265,-14.23202896118164,29
3G6D,10,8.988429069519043,11.545693397521973,21.280574798583984,0.0,0.05139604599971314,-16.639684677124023,18
3G6D,11,10.077037811279297,12.562034606933594,23.418359756469727,0.0,0.043488078927069684,-18.780351638793945,1
3G6D,12,9.207982063293457,10.505974769592285,21.607345581054688,0.0,0.05133018935300478,-16.338193893432617,3
3G6D,13,9.94266128540039,11.590226173400879,23.018497467041016,0.0,0.045489964105825724,-19.01160430908203,0
3G6D,14,9.350045204162598,12.751049995422363,21.62310218811035,0.0,0.049164469621189734,-17.301424026489258,2
5X0T,0,7.293710708618164,10.114493370056152,19.231529235839844,0.0,0.06164804027413689,-13.774415969848633,3
5X0T,1,8.139819145202637,11.128108978271484,20.977611541748047,0.0,0.05295765784382739,-18.869028091430664,0
5X0T,2,8.264939308166504,10.105231285095215,21.88617515563965,0.6,0.2508744860919315,-22.249481201171875,0
5X0T,3,5.095002174377441,8.013036727905273,14.498574256896973,0.0,0.09654841034171475,-17.067935943603516,2
5X0T,4,6.485154628753662,8.85965633392334,20.16935920715332,0.0,0.05956146201303709,-15.92883014678955,0
5X0T,5,4.3939433097839355,5.882493495941162,11.678216934204102,0.0,0.13578592605220266,-19.35023307800293,0
5X0T,6,8.200481414794922,10.872285842895508,21.10228157043457,0.6,0.25275908983219825,-21.421220779418945,0
5X0T,7,7.861852645874023,11.011914253234863,21.062475204467773,0.0,0.05275644876777468,-16.85536003112793,1
5X0T,8,4.357566833496094,5.282009601593018,11.491376876831055,0.0,0.14275712487886094,-19.421205520629883,0
5X0T,9,8.295806884765625,11.552210807800293,21.89034080505371,0.0,0.049200521491441135,-19.196243286132812,1
5X0T,10,7.207899570465088,9.968873977661133,20.09440803527832,0.0,0.05797131661670418,-17.553407669067383,1
5X0T,11,8.038761138916016,10.934891700744629,22.749927520751953,0.0,0.04698894437863547,-16.488656997680664,1
5X0T,12,6.7401275634765625,9.072676658630371,18.634775161743164,0.0,0.06627803026346478,-17.95570182800293,0
5X0T,13,8.218995094299316,6.261720180511475,24.313140869140625,0.2,0.12106081035998974,-15.621392250061035,3
5X0T,14,8.088387489318848,10.764369010925293,22.26445198059082,0.0,0.04875291975428101,-15.864484786987305,2
5WUX,0,21.032251358032227,18.682147979736328,43.76121520996094,0.0,0.01425375037400469,-16.693927764892578,15
5WUX,1,17.187179565429688,14.122031211853027,29.199670791625977,0.0,0.0297584037087935,-17.950227737426758,4
5WUX,2,26.566158294677734,20.611021041870117,52.636146545410156,0.0,0.010227829367324635,-17.60394859313965,6
5WUX,3,25.695472717285156,17.467063903808594,64.75357055664062,0.0,0.008086601136757418,-15.112556457519531,11
5WUX,4,22.670154571533203,19.6800479888916,48.63294982910156,0.0,0.011805968489764092,-18.154571533203125,14
5WUX,5,17.827966690063477,15.401338577270508,31.778520584106445,0.0,0.025387767541794785,-17.730892181396484,8
5WUX,6,26.853166580200195,20.547828674316406,55.08525085449219,0.0,0.00951916265261986,-15.020950317382812,11
5WUX,7,17.435932159423828,15.88170051574707,33.195709228515625,0.0,0.023457533980230146,-17.329891204833984,14
5WUX,8,24.916242599487305,22.2414493560791,56.68669128417969,0.0,0.008839156625035892,-15.762970924377441,4
5WUX,9,23.060405731201172,20.77983283996582,33.018211364746094,0.0,0.02244560204491633,-20.55030059814453,1
5WUX,10,23.5318603515625,19.912076950073242,36.218299865722656,0.0,0.01928198183053609,-21.347320556640625,2
5WUX,11,23.06646728515625,20.403240203857422,33.474342346191406,0.0,0.021982833467850252,-20.93117904663086,3
5WUX,12,28.795433044433594,22.80121612548828,65.51150512695312,0.0,0.006955009456684379,-17.214841842651367,18
5WUX,13,28.940143585205078,24.118141174316406,65.01107788085938,0.0,0.006886871789622347,-15.2783784866333,15
5WUX,14,28.74652099609375,25.430667877197266,66.55575561523438,0.0,0.006505250498738194,-15.535624504089355,15
3RVW,0,15.013070106506348,13.9996919631958,31.76761245727539,0.0,0.02605313772356289,-17.23750114440918,7
3RVW,1,19.544445037841797,13.108870506286621,41.785709381103516,0.0,0.01755306010139441,-13.96019458770752,38
3RVW,2,23.171159744262695,12.821218490600586,47.15999984741211,0.0,0.014988706926168193,-14.139657974243164,129
3RVW,3,16.176916122436523,14.984613418579102,32.34502029418945,0.0,0.02483981347122796,-18.538970947265625,3
3RVW,4,14.507843017578125,14.370195388793945,28.71234703063965,0.0,0.03045204016800601,-16.269649505615234,1
3RVW,5,15.24001693725586,15.453880310058594,34.284915924072266,0.0,0.022413196576869077,-19.517879486083984,0
3RVW,6,14.360201835632324,13.916006088256836,30.062175750732422,0.0,0.02850432238572313,-17.690855026245117,3
3RVW,7,15.060134887695312,13.177019119262695,29.181476593017578,0.0,0.030333792538268317,-16.705915451049805,6
3RVW,8,12.971829414367676,11.774763107299805,29.63719940185547,0.0,0.030657625283161554,-18.75811767578125,0
3RVW,9,15.403677940368652,13.484845161437988,31.913177490234375,0.0,0.02615467381522868,-18.369709014892578,0
3RVW,10,23.774168014526367,15.171586036682129,49.59449768066406,0.0,0.012738914496983009,-14.411813735961914,97
3RVW,11,23.277772903442383,19.9825496673584,55.450828552246094,0.0,0.009520434843373093,-12.333712577819824,24
3RVW,12,35.73977279663086,34.918212890625,94.56114959716797,0.0,0.003285735057174733,-12.685785293579102,14
3RVW,13,13.843372344970703,12.36645221710205,29.000699996948242,0.0,0.03120297075040464,-19.373231887817383,1
3RVW,14,14.91926097869873,13.781576156616211,28.90048599243164,0.0,0.030441010557169787,-17.500810623168945,1
1IB1,0,12.819605827331543,15.99850845336914,27.640941619873047,0.0,0.031703156542278475,-19.328245162963867,4
1IB1,1,12.569589614868164,14.502445220947266,26.937175750732422,0.0,0.033713091214354236,-16.151039123535156,4
1IB1,2,10.809528350830078,12.317621231079102,23.508663177490234,0.0,0.043410011668233446,-14.706194877624512,9
1IB1,3,7.439067363739014,8.39282512664795,14.766789436340332,0.0,0.09327570686229347,-17.277935028076172,4
1IB1,4,22.90115737915039,23.119855880737305,56.68134689331055,0.0,0.00872847427819915,-17.12432098388672,11
1IB1,5,19.088300704956055,19.59132957458496,46.33589553833008,0.0,0.012794592075881956,-14.58637809753418,16
1IB1,6,8.249908447265625,8.868139266967773,17.786645889282227,0.0,0.07124365827104003,-16.11074447631836,10
1IB1,7,12.643624305725098,15.664363861083984,27.516002655029297,0.0,0.03206654746244842,-18.57162094116211,2
1IB1,8,13.941816329956055,15.196931838989258,33.715824127197266,0.0,0.02313610062696428,-19.680482864379883,2
1IB1,9,11.01734733581543,12.048812866210938,24.79678726196289,0.0,0.040136503059392134,-14.729787826538086,9
1IB1,10,8.582244873046875,9.855087280273438,19.609493255615234,0.0,0.060271225598747785,-16.399246215820312,15
1IB1,11,14.29851245880127,16.89200210571289,32.89081573486328,0.0,0.023476312970503493,-15.393745422363281,6
1IB1,12,8.341696739196777,9.903654098510742,18.35399055480957,0.0,0.06634148787258001,-16.371124267578125,4
1IB1,13,28.14712905883789,29.70690155029297,71.84608459472656,0.0,0.005448925173349792,-15.11193561553955,11
1IB1,14,14.357748031616211,16.844173431396484,32.516632080078125,0.0,0.023943179198330503,-14.22229290008545,6
3MXW,0,11.543344497680664,11.695047378540039,27.73089027404785,0.0,0.03402270306493332,-16.46126937866211,1
3MXW,1,14.227140426635742,15.713835716247559,33.278770446777344,0.0,0.023424272279430475,-12.770401000976562,22
3MXW,2,9.79894733428955,10.267881393432617,20.5753116607666,0.0,0.05556006001713357,-13.79956340789795,8
3MXW,3,11.381372451782227,13.817163467407227,25.18529510498047,0.0,0.037968570916126605,-16.331052780151367,7
3MXW,4,12.001805305480957,14.439984321594238,26.647212982177734,0.0,0.03434284526618807,-16.051042556762695,3
3MXW,5,12.38213062286377,14.75353717803955,27.146867752075195,0.0,0.03317219516821982,-16.35335350036621,6
3MXW,6,9.599696159362793,10.586871147155762,20.447101593017578,0.0,0.05567603672620783,-15.958866119384766,10
3MXW,7,11.24899673461914,10.784926414489746,27.652929306030273,0.0,0.03510131242544545,-16.39056968688965,8
3MXW,8,9.887565612792969,9.644892692565918,24.41642951965332,0.0,0.043902706015779024,-14.562908172607422,10
3MXW,9,10.197392463684082,11.133465766906738,26.27068328857422,0.0,0.03753164847165052,-16.063451766967773,4
3MXW,10,11.371236801147461,11.812100410461426,27.93594741821289,0.0,0.03353475173643113,-17.295743942260742,1
3MXW,11,11.841635704040527,14.370771408081055,26.9173641204834,0.0,0.033817762072681064,-16.669002532958984,6
3MXW,12,12.44355583190918,15.0347261428833,28.1505184173584,0.0,0.031136861035675797,-15.094173431396484,3
3MXW,13,16.04346466064453,14.958477973937988,40.2706184387207,0.0,0.017535567840945537,-17.155858993530273,4
3MXW,14,11.354474067687988,10.88828182220459,28.437028884887695,0.0,0.03354737864091872,-17.14104652404785,10
3U7Y,0,15.864331245422363,14.532951354980469,28.784297943115234,0.0,0.030249509159367877,-16.484704971313477,7
3U7Y,1,29.492774963378906,21.763395309448242,61.85131072998047,0.0,0.007754620837887656,-15.98465347290039,24
3U7Y,2,16.869037628173828,13.984314918518066,31.492658615112305,0.0,0.026425409792610082,-14.974250793457031,11
3U7Y,3,18.21422004699707,19.8135929107666,40.59082794189453,0.0,0.015902593607039817,-13.596784591674805,4
3U7Y,4,29.884140014648438,20.47555923461914,65.9635238647461,0.0,0.007223850600322585,-15.545233726501465,29
3U7Y,5,28.129959106445312,19.20209312438965,56.176395416259766,0.0,0.009482398323098063,-14.574545860290527,57
3U7Y,6,28.263364791870117,22.81725311279297,64.24591827392578,0.0,0.007168788061399028,-15.184527397155762,24
3U7Y,7,22.009010314941406,16.30219078063965,37.665382385253906,0.0,0.01895160575712894,-16.547527313232422,5
3U7Y,8,28.756244659423828,25.09482765197754,69.5585708618164,0.0,0.006091019995840947,-15.260393142700195,12
3U7Y,9,19.902673721313477,22.166637420654297,33.0898551940918,0.0,0.02215304645444223,-13.518303871154785,10
3U7Y,10,23.208450317382812,21.477027893066406,59.818092346191406,0.0,0.008215431149962241,-14.979215621948242,34
3U7Y,11,22.964366912841797,13.799918174743652,55.951908111572266,0.0,0.011411614938609297,-15.37820053100586,18
3U7Y,12,17.77814483642578,14.730146408081055,32.03773880004883,0.0,0.02534161701920615,-13.747514724731445,0
3U7Y,13,30.238693237304688,25.305559158325195,68.25562286376953,0.0,0.006257546244906456,-13.4556245803833,37
3U7Y,14,30.62485694885254,22.130359649658203,62.77260971069336,0.0,0.007526233194405026,-14.936413764953613,38
1S78,0,19.08182144165039,22.225746154785156,55.817813873291016,0.0,0.009066043218245839,-14.545350074768066,3
1S78,1,19.599119186401367,15.631488800048828,49.65640640258789,0.0,0.0125305099247265,-15.296104431152344,21
1S78,2,14.491998672485352,12.455833435058594,50.61405944824219,0.0,0.013908137396731279,-15.706136703491211,28
1S78,3,23.45442008972168,15.014674186706543,50.058650970458984,0.0,0.012635383483841703,-13.408390998840332,41
1S78,4,27.5593318939209,33.12555694580078,91.81635284423828,0.0,0.003514598350204819,-12.954385757446289,26
1S78,5,14.913410186767578,11.912121772766113,54.89319610595703,0.0,0.0130082556897199,-15.326824188232422,29
1S78,6,23.37722396850586,18.91504669189453,50.568885803222656,0.0,0.011242199396933683,-13.225652694702148,63
1S78,7,26.699445724487305,17.227680206298828,63.98505401611328,0.0,0.008288457971855963,-15.161556243896484,13
1S78,8,20.605674743652344,17.90106773376465,62.48106384277344,0.0,0.008381126110179802,-14.354118347167969,22
1S78,9,15.397276878356934,11.791457176208496,54.56751251220703,0.5,0.1798714842021445,-14.676937103271484,25
1S78,10,28.425830841064453,23.73851776123047,63.93115997314453,0.0,0.007115671295612379,-14.905536651611328,29
1S78,11,25.86629867553711,17.88169288635254,61.642356872558594,0.0,0.008548977507009023,-14.1223726272583,28
1S78,12,15.133256912231445,18.93115234375,42.115447998046875,0.0,0.015126146671405084,-14.719924926757812,1
1S78,13,27.39219093322754,22.758325576782227,69.23767852783203,0.0,0.006390977236290972,-17.277860641479492,10
1S78,14,22.474342346191406,19.0752010345459,38.483158111572266,0.0,0.01755413448146621,-11.507779121398926,40
1OYV,0,12.873226165771484,12.37147331237793,25.87462615966797,0.0,0.037297683167448595,-17.742773056030273,1
1OYV,1,14.40237808227539,13.276269912719727,29.324844360351562,0.0,0.030036500284434095,-13.969861030578613,0
1OYV,2,3.5679471492767334,4.4127421379089355,8.725035667419434,0.054054,0.21485733362360507,-15.096940040588379,5
1OYV,3,7.5477986335754395,7.439692974090576,16.81394386291504,0.0,0.0808693196098296,-16.517892837524414,8
1OYV,4,9.041131019592285,8.922436714172363,24.36058807373047,0.0,0.04534009345796206,-15.083112716674805,0
1OYV,5,8.34587287902832,8.176837921142578,19.598695755004883,0.0,0.06362495289450487,-15.923073768615723,0
1OYV,6,13.280835151672363,13.16497802734375,27.028627395629883,0.0,0.034271174948194344,-13.471534729003906,0
1OYV,7,12.350440979003906,11.496960639953613,26.65340805053711,0.0,0.0363504680003869,-15.122464179992676,0
1OYV,8,8.513702392578125,8.15343952178955,20.59803009033203,0.0,0.05941588386216475,-16.533546447753906,1
1OYV,9,13.296592712402344,12.360824584960938,28.811927795410156,0.0,0.03152622761445662,-14.335236549377441,0
1OYV,10,7.752921104431152,8.931530952453613,20.242027282714844,0.0,0.059110353761198005,-15.99728775024414,0
1OYV,11,9.080598831176758,9.104243278503418,20.205442428588867,0.0,0.058929673694367635,-16.641929626464844,2
1OYV,12,15.284996032714844,14.551392555236816,30.371736526489258,0.0,0.027716627717014136,-13.499618530273438,0
1OYV,13,9.330236434936523,8.883405685424805,22.617177963256836,0.0,0.050494097113576795,-18.540163040161133,0
1OYV,14,14.986797332763672,13.611783981323242,31.633302688598633,0.0,0.026445965217372403,-13.991264343261719,0
1EER,0,16.902870178222656,13.574708938598633,46.396644592285156,0.041667,0.028734421014077468,-14.397388458251953,33
1EER,1,15.381438255310059,14.996856689453125,51.39883804321289,0.0,0.012175144992299684,-22.96193504333496,0
1EER,2,17.338537216186523,14.103248596191406,45.116397857666016,0.041667,0.02904367470130048,-16.962963104248047,45
1EER,3,15.2918062210083,15.15084457397461,50.80020523071289,0.0,0.012313653168080965,-19.178207397460938,23
1EER,4,15.862645149230957,14.411104202270508,28.092866897583008,0.0,0.03152906272908232,-20.843074798583984,0
1EER,5,11.480911254882812,15.45849323272705,66.59571075439453,0.0,0.00845251590645831,-17.6369571685791,8
1EER,6,14.66588306427002,14.634946823120117,43.956668853759766,0.0,0.015480297900058308,-14.392001152038574,13
1EER,7,15.739302635192871,11.88023567199707,44.223453521728516,0.041667,0.030995112937613613,-18.171262741088867,24
1EER,8,12.37105941772461,14.634124755859375,63.439876556396484,0.0,0.00934415664363953,-17.018293380737305,17
1EER,9,16.669219970703125,17.370988845825195,52.923465728759766,0.0,0.010849320218090782,-17.915157318115234,10
1EER,10,9.969586372375488,12.124967575073242,54.224422454833984,0.0,0.013018992750799341,-18.422197341918945,17
1EER,11,7.80665922164917,6.344725131988525,27.674528121948242,0.208333,0.1158237138872746,-19.15070152282715,13
1EER,12,11.781471252441406,12.037007331848145,29.85150909423828,0.0,0.030096442729588307,-17.668060302734375,14
1EER,13,15.817317008972168,16.884681701660156,54.18478775024414,0.0,0.010615911052589334,-21.389644622802734,0
1EER,14,12.350460052490234,10.673582077026367,21.980642318725586,0.0,0.0498180060643283,-18.545730590820312,1
2BTF,0,25.05204963684082,22.399869918823242,71.11558532714844,0.0,0.006182985890714507,-17.841529846191406,1
2BTF,1,18.99559783935547,21.57201385498047,51.51201248168945,0.0,0.010439458324901103,-18.654319763183594,0
2BTF,2,27.987890243530273,26.860607147216797,78.06640625,0.0,0.004941719471153982,-20.432100296020508,1
2BTF,3,10.06234073638916,10.080604553222656,24.77646827697754,0.0,0.042321249212354334,-14.314399719238281,1
2BTF,4,27.148862838745117,24.942476272583008,77.39554595947266,0.0,0.00517382330868989,-16.54826545715332,0
2BTF,5,13.689796447753906,13.717020034790039,37.512855529785156,0.0,0.020217352610777332,-15.664959907531738,1
2BTF,6,13.787588119506836,13.648605346679688,37.45417022705078,0.0,0.020305018873732678,-15.394387245178223,1
2BTF,7,27.86296844482422,25.83002281188965,78.0943374633789,0.0,0.005023017717026453,-17.48660659790039,0
2BTF,8,13.562710762023926,13.862748146057129,36.18657684326172,0.0,0.021287500421818914,-17.878726959228516,0
2BTF,9,25.545244216918945,22.240177154541016,73.02983093261719,0.0,0.0059646836669723395,-16.71240234375,1
2BTF,10,23.14917755126953,17.262981414794922,62.19499969482422,0.0,0.00860962602381858,-16.32327651977539,0
2BTF,11,21.117809295654297,14.917832374572754,60.488399505615234,0.0,0.009791182062986082,-16.136898040771484,1
2BTF,12,17.95758628845215,18.907987594604492,49.26971435546875,0.0,0.011718990034752172,-16.246604919433594,0
2BTF,13,14.332038879394531,14.016572952270508,37.973941802978516,0.0,0.0196785129247528,-16.802852630615234,0
2BTF,14,25.994609832763672,21.740041732788086,71.92240142822266,0.0,0.006170951285467918,-16.5103816986084,0
1IRA,0,14.8370361328125,18.279003143310547,28.242473602294922,0.0,0.02991525283180091,-17.475099563598633,0
1IRA,1,10.85141372680664,9.295160293579102,24.716060638427734,0.0,0.04371444064631833,-17.267807006835938,0
1IRA,2,15.093018531799316,17.506793975830078,28.373458862304688,0.0,0.029880797284128003,-15.318410873413086,4
1IRA,3,12.064510345458984,14.366854667663574,25.283954620361328,0.0,0.037441751414236786,-17.087003707885742,1
1IRA,4,11.823978424072266,13.112600326538086,25.17273712158203,0.0,0.03842203195032138,-16.45832633972168,1
1IRA,5,4.745157241821289,3.9265148639678955,11.049336433410645,0.047619,0.18224886994991132,-17.297574996948242,0
1IRA,6,7.359106063842773,6.963976860046387,16.886327743530273,0.0,0.08216438758728488,-15.77322769165039,0
1IRA,7,19.37972640991211,21.40424919128418,40.69265365600586,0.0,0.015565015463945127,-12.299091339111328,1
1IRA,8,6.694847106933594,5.861353397369385,14.507514953613281,0.0,0.10567374947284648,-15.569930076599121,1
1IRA,9,25.80315399169922,23.22348403930664,55.669097900390625,0.0,0.00897899181931282,-17.3886661529541,1
1IRA,10,13.931553840637207,13.466054916381836,29.9672908782959,0.0,0.02890610505740167,-15.02827262878418,0
1IRA,11,15.241020202636719,19.310752868652344,29.034059524536133,0.0,0.028313238568726695,-17.94341278076172,1
1IRA,12,7.7347025871276855,6.626379013061523,17.263540267944336,0.0,0.08128912236968307,-17.32209587097168,1
1IRA,13,12.51067066192627,15.64990520477295,22.32598876953125,0.0,0.04523400910598078,-16.6794490814209,0
1IRA,14,14.055191040039062,18.319637298583984,25.97982406616211,0.0,0.03445124776018013,-15.379371643066406,0
2HLE,0,14.698935508728027,12.905709266662598,49.05508041381836,0.181818,0.07476524202882302,-14.09228801727295,12
2HLE,1,16.298049926757812,14.217317581176758,50.465362548828125,0.0,0.012865208790923262,-13.7772216796875,8
2HLE,2,10.51836109161377,8.98541259765625,35.55546569824219,0.0,0.027057987272289433,-14.470623016357422,5
2HLE,3,11.510734558105469,10.311629295349121,41.29987716674805,0.0,0.02045308484612962,-13.985062599182129,8
2HLE,4,11.494526863098145,9.96280574798584,41.29887008666992,0.0,0.020934966773394067,-13.365891456604004,12
2HLE,5,13.92648983001709,13.619710922241211,49.60926818847656,0.0,0.013501341061969893,-12.189866065979004,10
2HLE,6,12.877339363098145,11.74463939666748,41.59425735473633,0.0,0.018712329978294497,-13.850107192993164,7
2HLE,7,15.715394973754883,13.57164192199707,51.09236145019531,0.090909,0.043303096535636375,-13.71021842956543,10
2HLE,8,12.960122108459473,13.76779842376709,43.625587463378906,0.0,0.01610164206589602,-17.9158935546875,0
2HLE,9,14.710735321044922,13.088441848754883,44.204071044921875,0.0,0.016207007046180097,-14.182442665100098,2
2HLE,10,14.03696060180664,12.16344928741455,47.1251335144043,0.181818,0.07610220975740738,-14.71282958984375,12
2HLE,11,19.15387725830078,18.756010055541992,60.57196044921875,0.0,0.00855572434942384,-14.626470565795898,4
2HLE,12,14.856000900268555,13.432109832763672,49.40823745727539,0.272727,0.10459661183257794,-14.88489055633545,12
2HLE,13,19.692346572875977,16.351640701293945,49.72989273071289,0.0,0.012243467794816042,-14.055950164794922,1
2HLE,14,12.248275756835938,11.544526100158691,43.184600830078125,0.090909,0.048269280898027435,-16.094255447387695,3
1T6B,0,18.58935546875,13.998381614685059,54.852272033691406,0.0,0.011600638007248637,-17.845746994018555,0
1T6B,1,17.772708892822266,14.150897026062012,53.41426467895508,0.0,0.011936421442832112,-13.631587982177734,0
1T6B,2,18.11741828918457,13.268495559692383,53.38844299316406,0.0,0.012446771224688494,-15.731298446655273,0
1T6B,3,22.135330200195312,17.91588020324707,65.07279205322266,0.0,0.007912376317967752,-13.011590957641602,0
1T6B,4,36.210819244384766,28.345239639282227,97.65498352050781,0.0,0.003437261726717845,-14.64560317993164,2
1T6B,5,42.884307861328125,39.79179000854492,110.84188842773438,0.0,0.0024217737773407208,-18.412220001220703,2
1T6B,6,17.428524017333984,12.78569221496582,46.63008499145508,0.0,0.015245430734916457,-14.786469459533691,4
1T6B,7,42.10218811035156,35.953025817871094,109.37992095947266,0.0,0.002580114221005795,-14.641844749450684,0
1T6B,8,23.669231414794922,28.311786651611328,67.55082702636719,0.0,0.006128623884861174,-13.669742584228516,2
1T6B,9,19.73236846923828,14.231103897094727,56.11216735839844,0.0,0.011139948182008664,-15.516816139221191,2
1T6B,10,17.769710540771484,14.615925788879395,47.035194396972656,0.0,0.01401601234527547,-14.922382354736328,1
1T6B,11,9.10374927520752,7.821742057800293,25.486730575561523,0.0,0.045188700123020266,-15.682684898376465,3
1T6B,12,39.897613525390625,44.468719482421875,105.35509490966797,0.0,0.002534539275243998,-17.942527770996094,0
1T6B,13,21.089494705200195,15.009145736694336,57.998619079589844,0.0,0.010305284867568197,-14.795988082885742,0
1T6B,14,22.680816650390625,15.81308364868164,58.745784759521484,0.0,0.009808023426102026,-16.678178787231445,7
5KOV,0,22.712785720825195,18.107864379882812,37.56476593017578,0.0,0.01850737602814907,-16.396087646484375,20
5KOV,1,21.255403518676758,11.40304183959961,47.46927261352539,0.0,0.01602564998890264,-16.41343879699707,26
5KOV,2,28.658077239990234,21.68677520751953,41.504695892333984,0.0,0.015004801849891468,-19.158227920532227,26
5KOV,3,24.502267837524414,21.30738639831543,33.43988800048828,0.0,0.02187382000464953,-21.774953842163086,8
5KOV,4,25.42963981628418,22.129962921142578,35.592281341552734,0.0,0.01950968265932936,-18.02788543701172,13
5KOV,5,24.008014678955078,19.533687591552734,33.28845977783203,0.0,0.02235724669800355,-18.488422393798828,20
5KOV,6,17.054800033569336,14.0354642868042,30.817575454711914,0.0,0.02732975289588488,-15.452829360961914,18
5KOV,7,18.94713020324707,15.241576194763184,33.898860931396484,0.0,0.022915623776579522,-17.759109497070312,16
5KOV,8,25.49576759338379,21.578781127929688,35.7208251953125,0.0,0.019465889390781133,-16.992319107055664,17
5KOV,9,20.480043411254883,17.434906005859375,31.95159339904785,0.0,0.024480218137661536,-15.849325180053711,17
5KOV,10,13.511505126953125,11.794095993041992,26.932947158813477,0.0,0.035499429143901966,-16.180185317993164,18
5KOV,11,26.96997833251953,22.97101593017578,36.844913482666016,0.0,0.018259189767528317,-19.942279815673828,11
5KOV,12,29.306795120239258,23.40399742126465,38.811492919921875,0.0,0.01661995182034914,-16.58953094482422,18
5KOV,13,17.829626083374023,11.29644775390625,36.710609436035156,0.0,0.02273652565407809,-16.207359313964844,18
5KOV,14,15.954120635986328,11.080479621887207,33.81007766723633,0.375,0.15081431999738273,-14.935585975646973,12
2AJF,0,18.636112213134766,14.836877822875977,44.77446746826172,0.0,0.014967793971205089,-13.67394733428955,55
2AJF,1,21.181840896606445,17.638154983520508,49.4543342590332,0.0,0.011957995903957545,-14.384353637695312,64
2AJF,2,21.403390884399414,18.91122055053711,49.8354377746582,0.0,0.011506938134924746,-14.165157318115234,69
2AJF,3,19.723350524902344,18.28460121154785,46.98420333862305,0.0,0.012792271270161401,-16.216421127319336,56
2AJF,4,19.198394775390625,19.021774291992188,46.15883255004883,0.0,0.012992617746282147,-17.150470733642578,44
2AJF,5,20.113853454589844,21.330514907836914,47.50726318359375,0.0,0.011980062171376094,-14.464670181274414,69
2AJF,6,22.276592254638672,22.39664649963379,57.41461944580078,0.0,0.008637681273968177,-14.8455810546875,23
2AJF,7,20.191396713256836,17.637800216674805,47.776458740234375,0.0,0.012620714147012733,-13.710824966430664,62
2AJF,8,19.592721939086914,15.227851867675781,47.885528564453125,0.0,0.013385294966788579,-13.827352523803711,70
2AJF,9,22.060449600219727,22.542682647705078,50.85700988769531,0.0,0.010527732107325133,-13.72623348236084,56
2AJF,10,20.094871520996094,18.242473602294922,47.63654327392578,0.0,0.012524025467233935,-14.553653717041016,55
2AJF,11,19.088245391845703,19.438234329223633,45.446571350097656,0.0,0.013239505305133473,-15.951526641845703,60
2AJF,12,21.59113883972168,16.97589683532715,50.76197052001953,0.0,0.011673754473033482,-16.830774307250977,43
2AJF,13,17.919008255004883,16.702831268310547,42.89878845214844,0.0,0.015259036496956977,-14.973957061767578,43
2AJF,14,19.405118942260742,13.116625785827637,45.010581970214844,0.0,0.015781106615016263,-15.05767822265625,49
4Y7M,0,10.315692901611328,7.617812633514404,24.969013214111328,0.0,0.047059047984174686,-19.590301513671875,0
4Y7M,1,6.202954292297363,6.084548473358154,18.747516632080078,0.384615,0.20414063919792672,-17.61612892150879,5
4Y7M,2,12.798694610595703,11.099458694458008,34.836402893066406,0.0,0.024708442709760983,-16.996355056762695,7
4Y7M,3,9.00311279296875,8.264632225036621,18.155359268188477,0.0,0.07055873970955683,-17.274873733520508,8
4Y7M,4,12.306172370910645,9.892012596130371,30.915237426757812,0.076923,0.05656068793045985,-14.048537254333496,18
4Y7M,5,13.294044494628906,11.349163055419922,45.649471282958984,0.0,0.01689258719718999,-21.58220100402832,5
4Y7M,6,6.042250156402588,5.070223331451416,16.917482376098633,0.307692,0.1965779553430603,-18.214309692382812,14
4Y7M,7,14.370603561401367,12.611989974975586,38.145111083984375,0.0,0.02041793952406269,-18.81515121459961,3
4Y7M,8,3.8952510356903076,5.363081932067871,17.278520584106445,0.153846,0.14041581755590832,-19.28125,9
4Y7M,9,5.799888610839844,5.9786505699157715,20.334197998046875,0.0,0.06932159169730907,-18.86932373046875,9
4Y7M,10,5.3853678703308105,4.438611030578613,29.64008140563965,0.0,0.059496553339255624,-17.704788208007812,1
4Y7M,11,5.067290782928467,5.161282062530518,26.585350036621094,0.153846,0.1081580692604543,-19.368640899658203,0
4Y7M,12,12.014636039733887,10.571370124816895,33.63792037963867,0.0,0.026585486052095087,-15.716866493225098,12
4Y7M,13,7.343443870544434,6.014644145965576,17.73499870300293,0.0,0.08178426650113398,-21.99933624267578,4
4Y7M,14,12.243017196655273,10.591609001159668,37.74589538574219,0.0,0.02264180323594883,-18.60401725769043,1
1HIA,0,10.959036827087402,11.35300064086914,33.450782775878906,0.0,0.0259366766600604,-21.112152099609375,0
1HIA,1,7.639280319213867,9.404342651367188,19.2447509765625,0.0,0.06268181087227491,-18.976970672607422,0
1HIA,2,11.227849960327148,13.30274486541748,33.99208450317383,0.0,0.0238014023842123,-19.393415451049805,1
1HIA,3,11.582321166992188,12.382139205932617,38.192352294921875,0.0,0.020552489964497753,-18.326187133789062,0
1HIA,4,13.536396980285645,14.821431159973145,39.81386184692383,0.0,0.017910370176281106,-18.846193313598633,1
1HIA,5,13.603156089782715,14.43482780456543,41.24000549316406,0.0,0.017144484409713445,-21.08403968811035,0
1HIA,6,10.813889503479004,12.034317970275879,34.242916107177734,0.0,0.024446172145509662,-17.405614852905273,0
1HIA,7,14.848151206970215,15.962316513061523,42.52601623535156,0.0,0.015723204400531477,-20.83362579345703,0
1HIA,8,11.439058303833008,12.060079574584961,33.20366287231445,0.0,0.02557912304565538,-15.811012268066406,6
1HIA,9,8.614960670471191,11.523279190063477,23.08983039855957,0.0,0.04533557662880631,-18.496322631835938,3
1HIA,10,12.284281730651855,13.066883087158203,40.69554901123047,0.0,0.018269493134914914,-22.48626708984375,0
1HIA,11,7.199965000152588,9.469772338867188,19.690561294555664,0.033333,0.07162837575180453,-19.963781356811523,0
1HIA,12,10.407659530639648,12.839447021484375,29.118579864501953,0.033333,0.041772797875119734,-18.100282669067383,0
1HIA,13,14.299040794372559,15.666585922241211,41.0218620300293,0.0,0.016750314670849007,-18.69890785217285,2
1HIA,14,8.67778205871582,10.775186538696289,26.01165771484375,0.0,0.03849703851617733,-16.260408401489258,0
1BKD,0,23.85053062438965,20.177778244018555,63.45118713378906,0.0,0.007708397493500583,-17.818252563476562,6
1BKD,1,23.640031814575195,20.55974006652832,63.18232727050781,0.0,0.007690544519400544,-19.09579849243164,6
1BKD,2,23.339902877807617,19.969032287597656,62.27327346801758,0.0,0.007966988428882922,-15.2880277633667,6
1BKD,3,7.72186279296875,8.668511390686035,24.80129623413086,0.0,0.044728516414701325,-14.45849323272705,3
1BKD,4,5.2666521072387695,6.1094560623168945,11.386651992797852,0.052632,0.1557751624107029,-12.88873291015625,8
1BKD,5,23.70266342163086,20.266469955444336,62.294029235839844,0.0,0.007908802997288118,-15.822209358215332,10
1BKD,6,25.604021072387695,23.047128677368164,62.66010665893555,0.0,0.0074290544484414385,-16.38641357421875,4
1BKD,7,25.78293228149414,23.420652389526367,62.74661636352539,0.0,0.007368448465231631,-15.563709259033203,1
1BKD,8,12.004536628723145,13.667226791381836,23.540145874023438,0.0,0.042415268911245224,-17.58419418334961,2
1BKD,9,12.760496139526367,14.498164176940918,25.031478881835938,0.0,0.037992909236398524,-13.75846004486084,6
1BKD,10,4.768433094024658,5.522606372833252,9.938798904418945,0.263158,0.25143439931671613,-11.993841171264648,10
1BKD,11,23.59665298461914,20.369396209716797,63.05800247192383,0.0,0.007746476058774134,-15.520974159240723,8
1BKD,12,11.629173278808594,13.283323287963867,23.011436462402344,0.0,0.044217470792015455,-17.674068450927734,10
1BKD,13,7.883718013763428,8.270727157592773,15.93635082244873,0.052632,0.10198502176909234,-15.135083198547363,0
1BKD,14,25.96719741821289,23.55524253845215,63.530181884765625,0.0,0.007208326730546763,-15.865728378295898,2
1EXB,0,30.923131942749023,38.002628326416016,80.38124084472656,0.0,0.004204701251750646,-18.12344741821289,12
1EXB,1,23.86276626586914,29.878873825073242,60.54313659667969,0.0,0.007281311100570222,-16.342451095581055,29
1EXB,2,30.025218963623047,38.089927673339844,78.35887145996094,0.0,0.004392819088872366,-16.449846267700195,17
1EXB,3,22.668798446655273,30.637317657470703,57.87759780883789,0.0,0.007834771441218979,-16.804170608520508,8
1EXB,4,25.5130672454834,31.4471435546875,68.04965209960938,0.0,0.005877518573524153,-16.149282455444336,26
1EXB,5,29.551950454711914,37.9808349609375,77.05223083496094,0.0,0.004526784681611623,-17.382915496826172,9
1EXB,6,30.461774826049805,38.605751037597656,79.62995910644531,0.0,0.004257747774975778,-18.6837100982666,7
1EXB,7,31.183876037597656,36.6510124206543,75.6893310546875,0.0,0.004708887971633537,-19.172208786010742,3
1EXB,8,31.705055236816406,38.00429153442383,81.93061065673828,0.0,0.004068027462034986,-19.064409255981445,10
1EXB,9,30.40668296813965,36.925819396972656,78.63284301757812,0.0,0.004399165259474404,-17.961902618408203,17
1EXB,10,33.50657272338867,39.82990264892578,85.24736022949219,0.0,0.0037534857833392533,-19.226001739501953,7
1EXB,11,31.476680755615234,38.50392150878906,79.78225708007812,0.0,0.004246242278908518,-18.60740852355957,20
1EXB,12,29.239055633544922,38.041404724121094,76.31204223632812,0.0,0.004602300179774313,-17.57546043395996,16
1EXB,13,19.1634521484375,28.682886123657227,46.94124221801758,0.0,0.011491821036419192,-19.001522064208984,4
1EXB,14,24.98270606994629,31.21501922607422,64.09638214111328,0.0,0.006528690273913282,-16.892417907714844,22
1D6R,0,15.212363243103027,14.59164810180664,43.327537536621094,0.0,0.015839110970685907,-15.365914344787598,3
1D6R,1,20.83180046081543,15.758952140808105,51.04401779174805,0.0,0.011986778990520091,-18.251333236694336,10
1D6R,2,15.48404598236084,14.953152656555176,43.77375793457031,0.0,0.01543280077948958,-16.426103591918945,3
1D6R,3,9.400379180908203,11.52098274230957,22.37980842590332,0.0,0.04757874262030661,-20.85140037536621,0
1D6R,4,12.533524513244629,12.459918975830078,37.16084289550781,0.0,0.021334786881045297,-17.80335235595703,1
1D6R,5,20.63408088684082,15.1930570602417,50.884925842285156,0.0,0.012266488059686767,-16.068645477294922,8
1D6R,6,15.086017608642578,20.355634689331055,45.471580505371094,0.0,0.013054623018680397,-13.057377815246582,0
1D6R,7,6.429089546203613,6.548507213592529,14.984333992004395,0.0,0.09776627429774881,-15.582186698913574,3
1D6R,8,19.4534912109375,19.589069366455078,55.481849670410156,0.0,0.009587421713378117,-13.43826961517334,1
1D6R,9,17.456880569458008,15.37170124053955,48.177268981933594,0.0,0.013206954741833322,-14.94789981842041,8
1D6R,10,20.815427780151367,16.42608642578125,51.483184814453125,0.0,0.011601845220462632,-17.557838439941406,6
1D6R,11,11.418296813964844,12.610616683959961,30.911718368530273,0.0,0.028082648279956546,-13.514805793762207,3
1D6R,12,21.28508186340332,15.552227973937988,52.0206298828125,0.0,0.011740307997016265,-16.953752517700195,7
1D6R,13,11.436113357543945,11.081258773803711,30.863576889038086,0.0,0.02949815697859615,-15.965733528137207,0
1D6R,14,10.193514823913574,13.473262786865234,27.722021102905273,0.0,0.032725695597023714,-18.906475067138672,0
5E5M,0,7.8655829429626465,6.408787250518799,14.18095874786377,0.0,0.10541651442766302,-18.722352981567383,2
5E5M,1,7.8300371170043945,6.2486371994018555,14.649343490600586,0.0,0.10211877810779708,-21.14473533630371,4
5E5M,2,17.70844841003418,17.749181747436523,36.57875061035156,0.0,0.019441106789515262,-14.864774703979492,0
5E5M,3,4.846083164215088,4.30256462097168,10.50193977355957,0.3125,0.2722242647734601,-19.470876693725586,3
5E5M,4,6.626529216766357,5.309576988220215,18.41312599182129,0.125,0.12485914338557887,-19.660951614379883,3
5E5M,5,16.88576889038086,16.25417137145996,24.444644927978516,0.0,0.03877131508262082,-16.981475830078125,0
5E5M,6,10.065461158752441,9.54069709777832,19.27857780456543,0.0,0.062293051842319584,-17.40764617919922,0
5E5M,7,12.03422737121582,10.387770652770996,18.281957626342773,0.0,0.06605705094801477,-17.915136337280273,0
5E5M,8,17.37629508972168,16.522239685058594,26.127201080322266,0.0,0.03462844865078998,-18.985410690307617,0
5E5M,9,11.518508911132812,9.65487003326416,19.47119140625,0.0,0.06121137430743621,-23.854623794555664,0
5E5M,10,10.121712684631348,7.149953842163086,19.63237190246582,0.0,0.06667281378913074,-18.450435638427734,1
5E5M,11,6.84672737121582,5.881320953369141,17.78536605834961,0.0,0.08233785629711714,-17.95745849609375,4
5E5M,12,10.979987144470215,8.059536933898926,19.178524017333984,0.0,0.06588636178246905,-19.512907028198242,2
5E5M,13,6.955899238586426,7.224682331085205,15.052399635314941,0.0,0.094368614758141,-17.3179874420166,2
5E5M,14,11.052882194519043,9.87094497680664,26.168058395385742,0.0,0.039337110349731814,-17.63258934020996,5
2OOR,0,6.589393138885498,5.8838958740234375,19.94713592529297,0.105263,0.10665534932509639,-14.941448211669922,35
2OOR,1,25.428123474121094,25.18833351135254,71.60327911376953,0.0,0.005809996821649124,-11.842260360717773,15
2OOR,2,14.878724098205566,17.69192886352539,41.58323669433594,0.0,0.015748147186894906,-17.901887893676758,16
2OOR,3,4.989753246307373,5.9592204093933105,13.468223571777344,0.105263,0.14989844953538303,-16.825471878051758,14
2OOR,4,15.48055648803711,18.279300689697266,43.019859313964844,0.0,0.014753708379519727,-20.112476348876953,12
2OOR,5,23.9487247467041,24.52566146850586,70.22127532958984,0.0,0.006055730821168077,-12.469887733459473,14
2OOR,6,19.602981567382812,20.616886138916016,54.102508544921875,0.0,0.009784749711226453,-15.66146469116211,9
2OOR,7,13.313350677490234,16.26856231689453,36.67624282836914,0.0,0.019801114564272908,-17.47859764099121,11
2OOR,8,25.14607048034668,27.479848861694336,72.58689880371094,0.0,0.005499292103060935,-12.413568496704102,5
2OOR,9,24.07967758178711,23.891830444335938,70.50977325439453,0.0,0.0060835067619297465,-12.559025764465332,8
2OOR,10,16.926738739013672,19.599306106567383,45.52342224121094,0.0,0.013170668133080423,-16.659440994262695,9
2OOR,11,25.317094802856445,24.51584815979004,72.17073822021484,0.0,0.005803700245691098,-12.009879112243652,12
2OOR,12,5.3454437255859375,6.137130260467529,14.71157169342041,0.052632,0.11975983526858958,-17.027347564697266,18
2OOR,13,11.135239601135254,15.114309310913086,28.06198501586914,0.0,0.03126391661782999,-18.237863540649414,22
2OOR,14,5.947028160095215,5.94989538192749,17.0336971282959,0.210526,0.15655068195770563,-17.034912109375,13
7CEI,0,13.466835975646973,9.361775398254395,21.207624435424805,0.0,0.054478742903668276,-16.277101516723633,14
7CEI,1,12.628816604614258,7.852011203765869,34.403743743896484,0.4,0.1642463233711552,-14.639313697814941,28
7CEI,2,9.665520668029785,7.875977516174316,16.56239128112793,0.0,0.08115949204017395,-16.056604385375977,11
7CEI,3,15.105184555053711,11.865864753723145,37.11539077758789,0.0,0.02185442906453834,-19.56757926940918,6
7CEI,4,9.87707233428955,8.340168952941895,16.00606918334961,0.0,0.08376994093137798,-15.753947257995605,10
7CEI,5,9.234891891479492,7.892391204833984,15.001371383666992,0.0,0.09262998195118068,-16.99189567565918,8
7CEI,6,11.700960159301758,10.962122917175293,24.098731994628906,0.0,0.04300766787971849,-14.137120246887207,21
7CEI,7,13.302814483642578,9.73208999633789,20.225540161132812,0.0,0.057770618076465274,-17.846933364868164,7
7CEI,8,13.851097106933594,9.350739479064941,21.76859474182129,0.0,0.05246131691682294,-16.227514266967773,13
7CEI,9,11.540302276611328,9.088812828063965,18.725448608398438,0.0,0.06578752591787886,-16.064401626586914,17
7CEI,10,8.714057922363281,6.958671569824219,13.995322227478027,0.0,0.10462403437574574,-16.456743240356445,9
7CEI,11,13.31389045715332,11.152509689331055,25.652921676635742,0.0,0.03889914279370627,-15.071369171142578,15
7CEI,12,8.653260231018066,7.252390384674072,14.951125144958496,0.0,0.09509580062995714,-16.4570369720459,9
7CEI,13,8.086848258972168,8.973377227783203,20.068408966064453,0.0,0.059763800958239056,-16.027454376220703,15
7CEI,14,13.46070384979248,9.388182640075684,21.12267303466797,0.0,0.054753059646694274,-17.397531509399414,5
2VDB,0,8.169698715209961,11.047460556030273,29.086402893066406,0.0,0.03226085216153169,-17.741058349609375,29
2VDB,1,6.452447891235352,10.189329147338867,22.457101821899414,0.083333,0.07661821173902793,-17.380578994750977,30
2VDB,2,8.5628023147583,14.99364948272705,31.99765396118164,0.0,0.025274940984892927,-16.85488510131836,3
2VDB,3,15.243387222290039,27.521480560302734,57.30595779418945,0.0,0.008162980777941564,-21.389789581298828,10
2VDB,4,15.127718925476074,23.073020935058594,56.24217224121094,0.0,0.008846502858905411,-18.73651695251465,3
2VDB,5,5.962335109710693,9.753167152404785,21.071813583374023,0.0,0.05435083750250774,-16.788585662841797,25
2VDB,6,9.853185653686523,16.382991790771484,34.89607620239258,0.0,0.021440533133821108,-17.4232234954834,21
2VDB,7,9.517621994018555,14.083548545837402,35.96664810180664,0.0,0.021371342473993693,-18.324493408203125,2
2VDB,8,7.491820812225342,11.678596496582031,27.34477996826172,0.0,0.03478009378173105,-16.486074447631836,0
2VDB,9,10.272078514099121,14.235929489135742,38.280494689941406,0.0,0.019322579872670973,-16.8685302734375,0
2VDB,10,15.556940078735352,27.34032440185547,58.25912094116211,0.0,0.007948041912877141,-23.308425903320312,1
2VDB,11,9.070565223693848,12.548473358154297,33.5184440612793,0.0,0.024836899131436732,-18.043764114379883,3
2VDB,12,9.803207397460938,13.342463493347168,36.046478271484375,0.0,0.02171898232913795,-18.150190353393555,1
2VDB,13,14.898618698120117,20.235820770263672,53.61711120605469,0.0,0.009993573511852769,-15.07982063293457,33
2VDB,14,8.790693283081055,11.95378303527832,32.259334564208984,0.0,0.026807194440608115,-17.357559204101562,9
1FAK,0,24.086864471435547,26.249969482421875,62.16541290283203,0.0,0.007202402826085586,-13.914287567138672,2
1FAK,1,9.044998168945312,7.858870029449463,19.47377586364746,0.0,0.06505990446991748,-16.687942504882812,5
1FAK,2,14.524782180786133,14.50773811340332,28.09623908996582,0.0,0.03147598180481966,-12.783556938171387,5
1FAK,3,7.7346062660217285,6.26571798324585,18.098873138427734,0.2,0.1449704992836428,-15.76130485534668,3
1FAK,4,20.887224197387695,19.4143123626709,54.5897331237793,0.0,0.009868281326209233,-15.710466384887695,3
1FAK,5,14.433618545532227,14.889516830444336,28.663330078125,0.0,0.030292775552393264,-16.902660369873047,0
1FAK,6,23.051958084106445,27.79274559020996,64.8929214477539,0.0,0.0065906909980977466,-17.128746032714844,0
1FAK,7,25.433238983154297,26.823488235473633,61.504520416259766,0.0,0.007286348745929312,-14.110503196716309,2
1FAK,8,11.748197555541992,12.025094985961914,21.841623306274414,0.0,0.04895031145190488,-13.663820266723633,0
1FAK,9,25.377599716186523,26.608901977539062,65.63967895507812,0.0,0.006553368083790063,-14.802549362182617,1
1FAK,10,29.71109390258789,34.064048767089844,71.01171112060547,0.0,0.005353554612609174,-16.785476684570312,0
1FAK,11,13.156259536743164,16.098546981811523,35.27622985839844,0.0,0.02116021959756209,-11.797987937927246,3
1FAK,12,7.553484916687012,8.235442161560059,13.949726104736328,0.0,0.10095539086819426,-19.58856773376465,5
1FAK,13,16.498485565185547,15.580719947814941,30.081626892089844,0.0,0.02770751224453641,-17.015300750732422,0
1FAK,14,30.134231567382812,33.294090270996094,75.4405746459961,0.0,0.004853794818716567,-14.552556037902832,5
1WEJ,0,18.051870346069336,16.96802520751953,46.85718536376953,0.0,0.013204221844118647,-17.133089065551758,18
1WEJ,1,16.520030975341797,18.35405731201172,46.495845794677734,0.0,0.012991412795540577,-17.061195373535156,1
1WEJ,2,8.827157020568848,11.725414276123047,20.55081558227539,0.0,0.054061211740192905,-19.28970718383789,0
1WEJ,3,8.796683311462402,10.762141227722168,21.155183792114258,0.0,0.05268461911984332,-17.58904266357422,0
1WEJ,4,8.783674240112305,10.932921409606934,20.815074920654297,0.0,0.053799672419272554,-20.366849899291992,3
1WEJ,5,8.330108642578125,9.547318458557129,19.108854293823242,0.0,0.06309028437462222,-24.37693214416504,0
1WEJ,6,9.469963073730469,11.47020435333252,23.501190185546875,0.0,0.044165458776096074,-17.986839294433594,8
1WEJ,7,36.866676330566406,39.21424102783203,94.65931701660156,0.0,0.003153268264202397,-17.297286987304688,2
1WEJ,8,20.605390548706055,21.142210006713867,57.32634353637695,0.0,0.008840207551330801,-17.02322006225586,0
1WEJ,9,9.095159530639648,14.664284706115723,22.095478057861328,0.0,0.0464222321682996,-16.560649871826172,0
1WEJ,10,8.532292366027832,13.046628952026367,23.168575286865234,0.0,0.04389228868229447,-17.746883392333984,4
1WEJ,11,8.691949844360352,10.876450538635254,19.98544692993164,0.0,0.05728154729120857,-25.660612106323242,0
1WEJ,12,8.954957008361816,10.77851390838623,21.685020446777344,0.0,0.05072709973321257,-19.854629516601562,5
1WEJ,13,8.366118431091309,9.78149127960205,19.273759841918945,0.0,0.06193373500886697,-22.199966430664062,0
1WEJ,14,9.890734672546387,13.3456392288208,26.461275100708008,0.0,0.03533633134884227,-17.34522247314453,0
1ML0,0,6.960257053375244,14.409829139709473,27.243013381958008,0.0,0.03314396532881231,-15.064826965332031,2
1ML0,1,16.044952392578125,27.13512420654297,61.89616012573242,0.0,0.007185341899886898,-17.7657470703125,2
1ML0,2,21.428619384765625,32.79707717895508,79.1182861328125,0.0,0.004499258912251967,-19.134971618652344,1
1ML0,3,13.897786140441895,25.760772705078125,54.77665710449219,0.0,0.008964109091851176,-15.805976867675781,0
1ML0,4,21.14767837524414,30.906103134155273,78.12875366210938,0.0,0.004682622307115531,-21.43486785888672,2
1ML0,5,8.759222030639648,18.532028198242188,33.94967269897461,0.0,0.021832186761595363,-17.0825252532959,1
1ML0,6,8.356096267700195,15.114167213439941,33.34465789794922,0.0,0.02358980059175057,-15.413336753845215,1
1ML0,7,5.1855645179748535,11.785574913024902,18.44010353088379,0.0,0.06372744670576218,-16.29735565185547,2
1ML0,8,4.664535999298096,11.02682876586914,16.696138381958008,0.04,0.08800081615768661,-19.78265380859375,0
1ML0,9,19.58702278137207,28.238510131835938,74.26244354248047,0.0,0.00524837270303409,-17.055408477783203,0
1ML0,10,9.126328468322754,16.326589584350586,36.276123046875,0.0,0.02013861657467633,-19.154544830322266,2
1ML0,11,20.167028427124023,29.373043060302734,76.1669921875,0.0,0.004967251797138671,-20.40902328491211,1
1ML0,12,22.626201629638672,32.9300422668457,83.71813201904297,0.0,0.004091334532786867,-17.865684509277344,0
1ML0,13,7.528843402862549,14.452311515808105,28.985225677490234,0.0,0.0299482739856191,-14.636007308959961,1
1ML0,14,20.265600204467773,30.05999183654785,76.40557861328125,0.0,0.004902919851308589,-18.806440353393555,0
5VNW,0,20.229116439819336,18.578088760375977,57.91828536987305,0.0,0.009186905571160692,-16.811616897583008,1
5VNW,1,19.267160415649414,14.191112518310547,71.6501235961914,0.0,0.008309093184306787,-15.85142993927002,11
5VNW,2,17.165775299072266,11.280792236328125,51.7690315246582,0.0,0.014541537842603461,-13.805875778198242,8
5VNW,3,28.961284637451172,26.578121185302734,58.555606842041016,0.0,0.007937324663634367,-15.76449203491211,0
5VNW,4,24.43094825744629,19.338865280151367,56.363826751708984,0.0,0.00940563780711926,-16.447542190551758,5
5VNW,5,17.225555419921875,18.54877281188965,54.41597366333008,0.0,0.010105230184987326,-14.577657699584961,7
5VNW,6,25.346858978271484,21.367740631103516,55.18545913696289,0.0,0.009359340128504772,-16.879404067993164,3
5VNW,7,19.002836227416992,20.318330764770508,54.87914276123047,0.0,0.00961605826078628,-15.65981674194336,19
5VNW,8,22.50092315673828,19.485788345336914,62.04013442993164,0.0,0.008105411673154088,-18.586862564086914,0
5VNW,9,15.664100646972656,14.004741668701172,55.50988006591797,0.0,0.011417352580554742,-18.142541885375977,28
5VNW,10,19.8339786529541,17.803752899169922,60.24549865722656,0.0,0.00885534676470038,-15.96966552734375,11
5VNW,11,24.5578556060791,20.657400131225586,55.25654220581055,0.0,0.009453687058101928,-16.613359451293945,3
5VNW,12,31.84739112854004,29.068029403686523,60.527015686035156,0.0,0.007331954659438079,-15.770976066589355,7
5VNW,13,21.83298683166504,19.564102172851562,49.42629623413086,0.0,0.01152311451212095,-15.423359870910645,11
5VNW,14,23.3196964263916,23.976789474487305,53.36576461791992,0.0,0.009546798996490316,-16.874225616455078,3
3P57,0,24.43136978149414,22.538082122802734,56.08847427368164,0.0,0.008953524362878747,-14.462414741516113,13
3P57,1,25.653188705444336,19.140899658203125,54.247188568115234,0.0,0.010022412096725468,-18.041173934936523,8
3P57,2,21.270740509033203,14.903992652893066,56.93661117553711,0.0,0.010609647582639927,-16.273622512817383,4
3P57,3,24.527294158935547,22.674671173095703,62.4486198425293,0.0,0.007515542595915871,-17.024152755737305,8
3P57,4,21.68071174621582,20.241403579711914,47.38398361206055,0.0,0.012212527227051342,-15.137343406677246,10
3P57,5,23.87026023864746,19.276002883911133,59.2119140625,0.0,0.008736726492197783,-14.934266090393066,7
3P57,6,24.00958251953125,22.823759078979492,61.62496566772461,0.0,0.0076568237737637745,-14.749130249023438,13
3P57,7,24.26875114440918,19.10457420349121,53.91679382324219,0.0,0.010125924277320007,-16.968982696533203,7
3P57,8,23.090572357177734,20.96417808532715,52.285797119140625,0.0,0.010280437132123491,-14.276695251464844,11
3P57,9,22.87467384338379,20.36461067199707,53.50348663330078,0.0,0.010004621775938666,-18.616025924682617,4
3P57,10,22.44061279296875,21.011327743530273,58.780155181884766,0.0,0.00851781937446211,-13.456914901733398,13
3P57,11,22.943334579467773,21.94240951538086,48.76728820800781,0.0,0.011378418575226845,-14.599989891052246,4
3P57,12,24.884296417236328,23.309207916259766,60.98709487915039,0.0,0.00772634425143897,-13.679759979248047,9
3P57,13,24.6534423828125,19.68512535095215,58.74677276611328,0.0,0.008759479122597181,-21.350004196166992,10
3P57,14,23.539108276367188,23.55622673034668,48.540504455566406,0.0,0.011263388553889947,-16.830801010131836,7
1IBR,0,13.262470245361328,16.824918746948242,48.53103256225586,0.0,0.012549552955101786,-15.985750198364258,11
1IBR,1,14.269211769104004,17.990875244140625,58.271488189697266,0.0,0.009245979201980137,-14.203283309936523,0
1IBR,2,13.593000411987305,17.6372013092041,55.17648696899414,0.0,0.01012091542329862,-16.413745880126953,0
1IBR,3,13.897567749023438,16.780094146728516,53.08940505981445,0.0,0.01097372008450806,-14.997248649597168,0
1IBR,4,13.876297950744629,17.628881454467773,57.1386604309082,0.0,0.009612851675466737,-17.60112190246582,0
1IBR,5,13.97573184967041,17.94852638244629,59.88494110107422,0.0,0.008894885868783765,-13.351503372192383,0
1IBR,6,13.009088516235352,17.234657287597656,59.87759017944336,0.0,0.009090492821785081,-15.505319595336914,0
1IBR,7,10.411591529846191,11.887853622436523,34.93766784667969,0.0,0.02385140395557916,-16.078022003173828,0
1IBR,8,10.695455551147461,14.28526782989502,39.08895492553711,0.0,0.018685385625413525,-15.076815605163574,0
1IBR,9,12.98851490020752,14.906750679016113,51.05633544921875,0.0,0.01233100929296404,-14.725793838500977,0
1IBR,10,12.758967399597168,14.31418514251709,50.56022644042969,0.0,0.012782721690584855,-18.493959426879883,1
1IBR,11,13.067708969116211,16.414386749267578,51.814064025878906,0.0,0.011496086989850475,-16.892915725708008,0
1IBR,12,14.72433853149414,17.987804412841797,57.128238677978516,0.0,0.00952141937842081,-15.249237060546875,0
1IBR,13,13.703104972839355,17.13966178894043,49.12664794921875,0.0,0.012222470209067393,-15.060324668884277,4
1IBR,14,11.584827423095703,15.695558547973633,56.041168212890625,0.0,0.01051279937139016,-18.17556381225586,0
2SIC,0,9.962787628173828,7.451355457305908,18.932695388793945,0.171429,0.12604203063670522,-19.578208923339844,1
2SIC,1,11.97770881652832,8.554360389709473,32.437713623046875,0.0,0.03136115628901991,-15.372167587280273,0
2SIC,2,4.8279194831848145,3.62815260887146,12.477507591247559,0.285714,0.24955396635005034,-18.43194007873535,2
2SIC,3,1.5414142608642578,1.403435468673706,4.183503150939941,0.6,0.6460735528030067,-22.891530990600586,0
2SIC,4,6.956362724304199,5.106327533721924,24.005550384521484,0.4,0.19694814194795315,-17.73610496520996,5
2SIC,5,10.153940200805664,7.399935245513916,24.16929054260254,0.2,0.11651224355007522,-17.33469581604004,3
2SIC,6,2.4651174545288086,1.7792614698410034,7.265853404998779,0.371429,0.4548950830417808,-21.98524284362793,1
2SIC,7,6.951156139373779,5.445903778076172,15.558052062988281,0.285714,0.1953677517936966,-17.401708602905273,3
2SIC,8,4.114738941192627,2.9088525772094727,14.680667877197266,0.485714,0.31561230888457065,-19.804874420166016,1
2SIC,9,8.36452579498291,6.452231407165527,16.242713928222656,0.2,0.1554186639175009,-18.05328941345215,3
2SIC,10,3.712885618209839,2.937843084335327,9.92311954498291,0.371429,0.3338082497708242,-19.53287124633789,3
2SIC,11,9.823149681091309,6.932822227478027,23.272075653076172,0.0,0.05414030612768727,-12.959657669067383,6
2SIC,12,10.788761138916016,7.538646221160889,26.90163230895996,0.0,0.042951823615115514,-14.63916015625,6
2SIC,13,10.614415168762207,7.883773326873779,26.866044998168945,0.085714,0.07054693513056379,-16.072063446044922,0
2SIC,14,3.204721689224243,1.863063097000122,9.928596496582031,0.2,0.3387433478134369,-21.84705924987793,0
1BVN,0,7.735980987548828,12.294021606445312,24.72698402404785,0.076923,0.06575675704763953,-14.95692253112793,0
1BVN,1,7.2668633460998535,10.741754531860352,24.71181297302246,0.0,0.04164068028449808,-17.836854934692383,0
1BVN,2,13.776961326599121,21.04144287109375,44.79954528808594,0.0,0.013268128582770385,-17.866003036499023,0
1BVN,3,7.970159530639648,13.204339981079102,24.25465202331543,0.0,0.04070694556439939,-17.227947235107422,0
1BVN,4,11.644213676452637,14.604568481445312,36.23340606689453,0.0,0.020866888292301478,-11.126660346984863,35
1BVN,5,4.051766872406006,5.554380893707275,12.328474044799805,0.076923,0.15569802541863503,-18.497337341308594,1
1BVN,6,7.653105735778809,13.17903995513916,23.24484634399414,0.0,0.04357793705787258,-16.1341552734375,0
1BVN,7,8.405773162841797,11.192756652832031,25.726673126220703,0.0,0.03868715852559996,-17.616735458374023,36
1BVN,8,8.411874771118164,13.537040710449219,25.912574768066406,0.0,0.03642572192252684,-15.590909004211426,0
1BVN,9,3.828529119491577,5.976878643035889,11.172471046447754,0.0,0.14195528589920242,-16.3367862701416,9
1BVN,10,11.319506645202637,16.764209747314453,36.8330078125,0.0,0.019501691037386,-19.34001922607422,0
1BVN,11,4.702075481414795,7.150626182556152,13.788996696472168,0.076923,0.13147656582564451,-17.3116512298584,9
1BVN,12,7.8445048332214355,12.938650131225586,24.495067596435547,0.0,0.04024516229610107,-15.323148727416992,1
1BVN,13,8.801108360290527,13.151617050170898,28.121368408203125,0.076923,0.05782599822627795,-15.30618667602539,21
1BVN,14,6.702266693115234,7.817987442016602,21.488662719726562,0.0,0.05693388890103598,-17.150672912597656,13
1E6J,0,29.328750610351562,27.31932258605957,53.28066635131836,0.0,0.009274867194628535,-12.859328269958496,18
1E6J,1,28.01990509033203,23.310564041137695,52.78833770751953,0.0,0.009798659726511482,-14.497931480407715,38
1E6J,2,29.126895904541016,25.622575759887695,53.72959899902344,0.0,0.009277172995898373,-15.572604179382324,25
1E6J,3,42.40365982055664,50.80491638183594,118.097900390625,0.0,0.002008178302620977,-14.77462387084961,9
1E6J,4,17.844820022583008,12.944108009338379,37.90948486328125,0.0,0.02037275176870365,-13.329338073730469,41
1E6J,5,27.72830581665039,24.666881561279297,53.060028076171875,0.0,0.00956830036994908,-16.9130802154541,5
1E6J,6,31.438600540161133,23.085031509399414,64.4674301147461,0.0,0.007097176404269027,-14.047203063964844,56
1E6J,7,27.5944881439209,24.110231399536133,53.03763198852539,0.0,0.00963231002636772,-19.682743072509766,0
1E6J,8,28.7241153717041,26.13239288330078,54.05987548828125,0.0,0.009136578885738482,-14.242801666259766,33
1E6J,9,29.71870231628418,18.864748001098633,59.6001091003418,0.0,0.00873895491163718,-18.374866485595703,21
1E6J,10,17.768489837646484,5.196272373199463,59.45522689819336,0.0,0.032316442922202426,-13.874759674072266,7
1E6J,11,40.61664581298828,10.918676376342773,91.5153579711914,0.0,0.009025497400064274,-14.472023963928223,74
1E6J,12,29.478443145751953,20.022808074951172,55.49182891845703,0.0,0.009501928456124341,-12.618875503540039,31
1E6J,13,28.604228973388672,25.78917121887207,53.53561019897461,0.0,0.009320196578853539,-16.73772621154785,12
1E6J,14,27.37150764465332,19.07219123840332,54.33578109741211,0.0,0.010011602881537294,-13.744087219238281,18
2IDO,0,11.536304473876953,10.856067657470703,25.421974182128906,0.0,0.03976223362421425,-18.83262062072754,22
2IDO,1,17.266586303710938,15.196306228637695,37.13330841064453,0.0,0.019812662858970386,-17.606170654296875,12
2IDO,2,12.14983081817627,12.053936004638672,32.91185760498047,0.0,0.025926537001667766,-20.047405242919922,5
2IDO,3,16.616371154785156,13.9149169921875,37.15205383300781,0.0,0.02040929580658127,-19.33165740966797,3
2IDO,4,19.097126007080078,20.01239013671875,40.314979553222656,0.0,0.016049350057387234,-19.576711654663086,10
2IDO,5,18.66623878479004,14.235923767089844,40.76598358154297,0.0,0.017548080716303874,-18.550809860229492,5
2IDO,6,12.953027725219727,12.924962997436523,35.8885612487793,0.0,0.022135107884793764,-19.77699089050293,3
2IDO,7,17.290796279907227,13.86388111114502,37.351837158203125,0.0,0.02026902935013211,-20.398876190185547,3
2IDO,8,17.94223403930664,15.175152778625488,38.1209831237793,0.0,0.019012911539022025,-18.60758399963379,8
2IDO,9,16.05280303955078,13.804521560668945,36.52562713623047,0.0,0.02101418972288799,-17.85584259033203,8
2IDO,10,17.702116012573242,14.677509307861328,37.359764099121094,0.0,0.019850954243277378,-16.063570022583008,30
2IDO,11,13.693623542785645,11.573526382446289,32.19200134277344,0.0,0.027231336255982425,-15.723259925842285,6
2IDO,12,20.29586410522461,16.150279998779297,44.705989837646484,0.0,0.01448036883365191,-18.136960983276367,1
2IDO,13,18.448217391967773,14.83104133605957,39.6688117980957,0.0,0.018007822016192856,-19.233524322509766,7
2IDO,14,15.97708511352539,15.470396995544434,33.694801330566406,0.0,0.02304782978133064,-18.088075637817383,3
4GAM,0,18.835786819458008,39.345340728759766,81.16572570800781,0.0,0.004099823743160805,-16.96537208557129,14
4GAM,1,18.303133010864258,37.252803802490234,79.11927795410156,0.0,0.00434292618454554,-17.21019744873047,14
4GAM,2,18.377147674560547,36.395912170410156,79.62214660644531,0.0,0.004321237658505722,-18.40069007873535,5
4GAM,3,18.632999420166016,36.67395782470703,80.69739532470703,0.0,0.004214378029377791,-20.588878631591797,5
4GAM,4,4.505623817443848,10.95865249633789,18.824193954467773,0.069767,0.08584011598503981,-15.919483184814453,11
4GAM,5,7.184230804443359,19.29412078857422,29.76667594909668,0.0,0.027133778060570646,-13.60367202758789,27
4GAM,6,0.9856375455856323,2.0406017303466797,4.179102897644043,0.372093,0.5094046586664439,-20.170631408691406,1
4GAM,7,5.438385009765625,13.561663627624512,22.61724090576172,0.116279,0.08404171838424668,-15.255366325378418,22
4GAM,8,16.471437454223633,32.996742248535156,70.13810729980469,0.0,0.005512188986208755,-15.930797576904297,20
4GAM,9,12.816766738891602,26.68059539794922,54.657711029052734,0.0,0.00892136943560531,-17.439865112304688,3
4GAM,10,18.66682243347168,36.44580078125,80.9673080444336,0.0,0.0041972776211736664,-15.185933113098145,7
4GAM,11,7.2564873695373535,15.903942108154297,31.178035736083984,0.0,0.026000300206679847,-15.450681686401367,11
4GAM,12,15.487937927246094,31.33031463623047,65.87554168701172,0.0,0.006221119595840288,-14.720382690429688,23
4GAM,13,1.07034170627594,2.268989086151123,4.602112770080566,0.116279,0.3979044287433373,-18.234939575195312,0
4GAM,14,14.055794715881348,28.468902587890625,60.03089904785156,0.0,0.007474396111624635,-16.696317672729492,4
2A5T,0,17.382640838623047,12.617149353027344,29.824392318725586,0.0,0.029686922089529343,-10.637125015258789,25
2A5T,1,12.498266220092773,10.074416160583496,23.666751861572266,0.0,0.04531387983373946,-11.748969078063965,33
2A5T,2,13.72145938873291,11.307065963745117,25.071046829223633,0.0,0.04012993252240655,-11.380206108093262,34
2A5T,3,18.24016571044922,12.80839729309082,31.104827880859375,0.0,0.02767217449607791,-10.72678279876709,27
2A5T,4,17.581531524658203,12.650382995605469,31.1074275970459,0.0,0.027780366279528446,-11.37084674835205,18
2A5T,5,14.308222770690918,11.229170799255371,28.17244529724121,0.0,0.03365554500074757,-10.9231538772583,30
2A5T,6,14.780892372131348,11.789876937866211,28.150392532348633,0.0,0.03316152680360775,-11.045352935791016,29
2A5T,7,15.01302719116211,11.355079650878906,27.347402572631836,0.0,0.0350822414739217,-10.611796379089355,22
2A5T,8,9.992959022521973,8.797601699829102,19.57259750366211,0.0,0.06230773460231063,-12.77389144897461,21
2A5T,9,19.237146377563477,12.395027160644531,31.527751922607422,0.0,0.027398152855248437,-10.5726900100708,27
2A5T,10,13.672857284545898,11.20136833190918,25.689218521118164,0.0,0.03876456350780321,-12.069378852844238,26
2A5T,11,16.57520294189453,11.373910903930664,28.748083114624023,0.0,0.032496301224441915,-10.302865028381348,39
2A5T,12,6.974728584289551,5.671895980834961,14.394476890563965,0.285714,0.2032082930693567,-10.263127326965332,24
2A5T,13,13.354704856872559,9.84543228149414,25.3353214263916,0.0,0.041285903837103274,-11.700346946716309,17
2A5T,14,12.932315826416016,10.146554946899414,24.741724014282227,0.0,0.042317926745575885,-11.168447494506836,29
4H03,0,32.24464797973633,34.9929313659668,99.38938903808594,0.0,0.003031682624027206,-12.247159957885742,10
4H03,1,19.336963653564453,17.17211151123047,29.25736427307129,0.0,0.028469199498690232,-17.653614044189453,4
4H03,2,18.37603759765625,15.427462577819824,30.73134422302246,0.0,0.02681021376201173,-13.78304672241211,14
4H03,3,30.787017822265625,34.97224044799805,92.76309967041016,0.0,0.0033875504412049957,-11.65671443939209,15
4H03,4,21.3139591217041,16.64204216003418,33.97291946411133,0.0,0.02232344656964004,-15.04889965057373,9
4H03,5,22.60698890686035,19.274293899536133,35.11907958984375,0.0,0.02045288159535649,-16.076383590698242,8
4H03,6,22.666271209716797,18.17267417907715,35.31925582885742,0.0,0.020504764980527824,-15.734481811523438,15
4H03,7,21.22148895263672,18.182682037353516,31.91558265686035,0.0,0.024330695420694406,-16.938941955566406,8
4H03,8,19.104530334472656,16.752267837524414,29.291400909423828,0.0,0.02854070433772349,-14.798713684082031,11
4H03,9,19.415571212768555,17.0490779876709,30.08024787902832,0.0,0.02720890766635239,-14.5077543258667,17
4H03,10,20.370641708374023,17.427663803100586,30.917116165161133,0.0,0.025875869535027417,-18.150724411010742,2
4H03,11,31.801084518432617,36.218894958496094,83.09486389160156,0.0,0.004022565618729265,-13.95492935180664,6
4H03,12,19.76035499572754,16.719532012939453,31.90324592590332,0.0,0.024754971644108812,-15.950582504272461,12
4H03,13,31.226003646850586,36.994056701660156,93.16468048095703,0.0,0.003298902687067805,-11.855756759643555,11
4H03,14,32.7768669128418,35.752830505371094,96.08184051513672,0.0,0.003174202626979712,-16.57015037536621,9
3BP8,0,15.567401885986328,21.277862548828125,58.42142105102539,0.0,0.0085583105561323,-21.06191062927246,0
3BP8,1,13.908345222473145,21.324167251586914,53.024471282958984,0.0,0.009992365688172973,-18.247804641723633,2
3BP8,2,22.376623153686523,28.011117935180664,79.38241577148438,0.0,0.004731618554148929,-17.161951065063477,11
3BP8,3,24.168933868408203,30.89263343811035,84.62126159667969,0.0,0.004113665711048486,-16.693635940551758,18
3BP8,4,13.626394271850586,18.38382339477539,52.39706802368164,0.0,0.010751640490134183,-18.14702033996582,0
3BP8,5,11.216283798217773,12.080238342285156,42.04853820800781,0.0,0.01814776225740282,-19.46100425720215,1
3BP8,6,12.440637588500977,16.51232147216797,45.59064865112305,0.0,0.013925804246571133,-16.0374755859375,29
3BP8,7,13.719033241271973,19.07082176208496,52.46269607543945,0.0,0.010575809208883598,-18.5733585357666,2
3BP8,8,11.57628345489502,14.709506034851074,41.68564224243164,0.0,0.016736746727248952,-16.90811538696289,15
3BP8,9,22.35475730895996,27.536359786987305,78.4175033569336,0.0,0.004857142762765683,-16.19192886352539,35
3BP8,10,13.097411155700684,17.730520248413086,50.644493103027344,0.0,0.011501215871618677,-18.866748809814453,0
3BP8,11,12.54653549194336,17.080425262451172,48.879493713378906,0.0,0.012335285421855913,-17.89417839050293,1
3BP8,12,20.702556610107422,26.983734130859375,75.21036529541016,0.0,0.00523074352800255,-18.651578903198242,2
3BP8,13,13.666875839233398,15.400141716003418,50.13041687011719,0.0,0.012448101631541643,-15.747057914733887,11
3BP8,14,21.874303817749023,29.166126251220703,78.38655090332031,0.0,0.004753312492340898,-18.224895477294922,10
1XQS,0,11.471807479858398,12.603787422180176,34.95010757446289,0.0,0.02327032849122544,-17.501083374023438,0
1XQS,1,21.3328800201416,15.267312049865723,43.123085021972656,0.0,0.01565332584873617,-14.15690803527832,18
1XQS,2,22.489255905151367,13.539193153381348,45.34000015258789,0.0,0.015359363544783006,-14.46314525604248,0
1XQS,3,22.190608978271484,14.235579490661621,43.155879974365234,0.0,0.016108517191990742,-14.640289306640625,4
1XQS,4,15.054914474487305,12.657983779907227,28.733760833740234,0.0,0.031438578007298566,-18.81412696838379,0
1XQS,5,10.522111892700195,11.185903549194336,33.8413200378418,0.0,0.025669368175102663,-17.718557357788086,0
1XQS,6,22.03704261779785,11.426933288574219,42.91026306152344,0.0,0.01823227983304195,-17.636157989501953,0
1XQS,7,23.0780029296875,12.180146217346191,43.361480712890625,0.0,0.01731469838086613,-16.49744415283203,1
1XQS,8,21.869892120361328,13.005253791809082,42.39469909667969,0.0,0.017257886110075563,-14.779217720031738,0
1XQS,9,21.902673721313477,12.528100967407227,39.288143157958984,0.0,0.019615779111760226,-17.558794021606445,3
1XQS,10,23.188472747802734,14.22968578338623,44.7990608215332,0.0,0.015246238729240023,-15.041168212890625,0
1XQS,11,13.230860710144043,13.403687477111816,28.929458618164062,0.0,0.030612493526622788,-17.39168930053711,0
1XQS,12,20.021595001220703,16.13262176513672,34.6768684387207,0.0,0.02174983045249049,-14.856889724731445,5
1XQS,13,11.564192771911621,12.485891342163086,29.569231033325195,0.0,0.03018462550566399,-18.513364791870117,0
1XQS,14,23.847387313842773,15.59652042388916,45.117469787597656,0.0,0.014480591430579455,-17.096670150756836,0
2J7P,0,23.390108108520508,17.89084243774414,36.476070404052734,0.0,0.019495403108839633,-16.43712615966797,0
2J7P,1,13.300105094909668,10.082050323486328,24.056598663330078,0.066667,0.06643704572672605,-20.60334014892578,0
2J7P,2,17.059738159179688,12.986567497253418,29.414894104003906,0.0,0.030077779934179896,-18.103073120117188,3
2J7P,3,27.735395431518555,25.066743850708008,70.59198760986328,0.0,0.005953167906500074,-14.853049278259277,7
2J7P,4,10.459715843200684,9.463778495788574,24.434005737304688,0.0,0.044153215028377546,-16.900545120239258,6
2J7P,5,23.738317489624023,18.40053939819336,35.97151184082031,0.0,0.019828486346386537,-19.303203582763672,0
2J7P,6,11.189543724060059,9.349842071533203,21.186201095581055,0.0,0.054579927039812515,-16.688796997070312,4
2J7P,7,8.435196876525879,6.466831207275391,15.696783065795898,0.066667,0.11482262569702395,-17.473833084106445,3
2J7P,8,8.6260404586792,8.0348482131958,18.578664779663086,0.0,0.06892219899170146,-18.178255081176758,4
2J7P,9,10.781044006347656,8.22426986694336,19.758651733398438,0.0,0.06278606506946606,-18.64887046813965,0
2J7P,10,15.475844383239746,11.67199993133545,27.572294235229492,0.066667,0.05656763451259491,-19.865659713745117,18
2J7P,11,20.951946258544922,16.050617218017578,33.87266540527344,0.0,0.022632823467997467,-19.45264434814453,0
2J7P,12,3.807521104812622,3.0814146995544434,7.952077865600586,0.2,0.30827873700499914,-20.387432098388672,3
2J7P,13,3.262712240219116,2.96331524848938,7.774601459503174,0.333333,0.3605944316769814,-19.523941040039062,4
2J7P,14,24.7994327545166,19.869218826293945,36.96540451049805,0.0,0.018628750571216487,-18.773422241210938,1
3HI6,0,14.109980583190918,12.4962797164917,31.12212371826172,0.0,0.027873077577981856,-16.67213249206543,0
3HI6,1,25.08391761779785,23.046621322631836,71.66154479980469,0.0,0.006030709967087627,-14.886581420898438,2
3HI6,2,24.318994522094727,17.74761199951172,71.06519317626953,0.0,0.007065701819176373,-15.808100700378418,0
3HI6,3,8.764071464538574,8.380338668823242,17.290639877319336,0.666667,0.29744683795987076,-17.6501522064209,0
3HI6,4,8.028197288513184,7.584614276885986,17.788713455200195,0.166667,0.13006295622733202,-15.915733337402344,0
3HI6,5,10.451656341552734,10.308609008789062,20.111207962036133,0.5,0.22409780958810468,-17.444398880004883,0
3HI6,6,9.515438079833984,8.304425239562988,18.94184684753418,0.0,0.06640387060434823,-15.55124282836914,17
3HI6,7,28.86583709716797,25.489490509033203,81.88371276855469,0.0,0.004703955635816156,-17.15083122253418,2
3HI6,8,18.696701049804688,12.103280067443848,53.46781539916992,0.0,0.013258979271460488,-15.539382934570312,0
3HI6,9,8.252193450927734,7.831723213195801,16.132081985473633,0.666667,0.3064497729161369,-17.530635833740234,2
3HI6,10,21.158430099487305,14.889571189880371,62.52762985229492,0.0,0.009397090510169155,-14.496057510375977,0
3HI6,11,18.088823318481445,12.118017196655273,50.61946487426758,0.0,0.014171545757103958,-17.76192855834961,0
3HI6,12,9.619434356689453,9.11008358001709,21.449256896972656,0.166667,0.10959613617087664,-16.07579803466797,0
3HI6,13,24.342864990234375,21.0390682220459,71.53141784667969,0.0,0.006327034752079202,-17.73986053466797,1
3HI6,14,18.834678649902344,11.545615196228027,53.448387145996094,0.0,0.013755393288647735,-17.202062606811523,3
2MTA,0,8.9754638671875,11.276860237121582,22.820932388305664,1.0,0.379738152774962,-22.392906188964844,1
2MTA,1,8.540687561035156,11.151453018188477,20.98567771911621,1.0,0.3862355166240213,-20.439599990844727,1
2MTA,2,17.767053604125977,15.549171447753906,53.643646240234375,0.0,0.011237577835073643,-12.796037673950195,1
2MTA,3,21.400074005126953,18.474550247192383,62.95027542114258,0.0,0.008151658093120904,-16.69266128540039,0
2MTA,4,1.7707908153533936,2.1041479110717773,4.652944564819336,0.5,0.5354640015369119,-21.944217681884766,1
2MTA,5,22.43536949157715,20.741859436035156,66.45087432861328,0.0,0.007100404402475307,-20.603233337402344,0
2MTA,6,6.580679893493652,8.053132057189941,16.46336555480957,1.0,0.4146641854948978,-21.484037399291992,1
2MTA,7,20.15070343017578,18.088727951049805,60.13490676879883,0.0,0.008805885995122666,-16.967008590698242,1
2MTA,8,19.646961212158203,17.906227111816406,57.856040954589844,0.0,0.009365615829840164,-15.602229118347168,0
2MTA,9,7.931693077087402,10.136404991149902,19.588932037353516,1.0,0.39329349196106084,-21.035751342773438,4
2MTA,10,7.553689956665039,9.443670272827148,18.82037353515625,1.0,0.39800920447245564,-22.339242935180664,1
2MTA,11,17.65180015563965,16.906936645507812,55.213897705078125,0.0,0.010320290178135176,-17.491214752197266,0
2MTA,12,7.520097732543945,9.317628860473633,18.74677085876465,0.5,0.23192886286339687,-21.719295501708984,2
2MTA,13,18.75558090209961,17.289527893066406,57.172760009765625,0.0,0.009698699270248376,-13.574749946594238,0
2MTA,14,8.364538192749023,10.91468334197998,20.520008087158203,1.0,0.38833107416129015,-21.058406829833984,5
6EY6,0,15.171382904052734,12.42879867553711,34.19019317626953,0.0,0.024188414913919747,-16.179275512695312,3
6EY6,1,26.931682586669922,24.404123306274414,47.083641052246094,0.0,0.011775362416535574,-16.3835506439209,12
6EY6,2,24.23693084716797,21.4182186126709,44.183597564697266,0.0,0.013523225254955161,-15.785329818725586,2
6EY6,3,28.859575271606445,21.592164993286133,47.66975021362305,0.0,0.011872539852247168,-13.883767127990723,1
6EY6,4,18.014867782592773,15.368562698364258,29.865358352661133,0.0,0.02812320703742993,-14.948293685913086,6
6EY6,5,26.364194869995117,22.397411346435547,40.61699676513672,0.0,0.015474161500348325,-15.499663352966309,1
6EY6,6,20.22096061706543,16.667200088500977,38.117088317871094,0.0,0.018468803593220656,-20.426855087280273,6
6EY6,7,26.37503433227539,21.04704475402832,40.068199157714844,0.0,0.0160394093623331,-18.19338035583496,0
6EY6,8,26.305688858032227,22.891183853149414,43.044029235839844,0.0,0.013935733696595962,-17.490829467773438,7
6EY6,9,17.110633850097656,18.621248245239258,46.94408416748047,0.0,0.012730434855334045,-19.345687866210938,0
6EY6,10,25.547956466674805,21.810352325439453,38.48984909057617,0.0,0.017069678312692734,-16.772674560546875,9
6EY6,11,26.378662109375,20.984317779541016,39.91472244262695,0.0,0.016155250357572908,-12.865616798400879,0
6EY6,12,28.867576599121094,21.833539962768555,47.61890411376953,0.0,0.011858772535076292,-17.583654403686523,9
6EY6,13,21.321563720703125,18.872344970703125,42.670684814453125,0.0,0.014814603289545425,-17.35999298095703,7
6EY6,14,25.299400329589844,17.993236541748047,40.69134521484375,0.0,0.016237394466046395,-16.389888763427734,5
1GL1,0,6.16609001159668,7.76010799407959,21.285165786743164,0.0,0.057851996715735654,-16.6590633392334,2
1GL1,1,9.401691436767578,11.56647777557373,31.27408218383789,0.0,0.02844291036763394,-18.12514305114746,2
1GL1,2,4.352470874786377,6.509798049926758,12.86563777923584,0.037037,0.13043784416944013,-21.723173141479492,0
1GL1,3,3.822218418121338,5.049385070800781,12.663642883300781,0.0,0.13056239180932608,-19.155229568481445,0
1GL1,4,9.307494163513184,10.941102981567383,31.16806411743164,0.0,0.02922466848709947,-19.1009578704834,0
1GL1,5,4.408461570739746,6.977034568786621,12.745991706848145,0.037037,0.12968080725231532,-20.967065811157227,0
1GL1,6,6.884708881378174,10.595832824707031,20.53438377380371,0.0,0.0553094585984262,-19.350830078125,0
1GL1,7,4.480701446533203,5.769524097442627,14.868560791015625,0.0,0.10320937872856234,-18.95372772216797,2
1GL1,8,8.382644653320312,9.875875473022461,28.456405639648438,0.0,0.034821156322448,-14.972827911376953,2
1GL1,9,7.44374942779541,10.082306861877441,24.121540069580078,0.0,0.044037389347127,-16.497743606567383,0
1GL1,10,6.451567649841309,7.8984575271606445,21.526811599731445,0.0,0.05656415421114278,-19.245759963989258,0
1GL1,11,6.794495105743408,10.228815078735352,20.614065170288086,0.0,0.055456227830347433,-20.799251556396484,0
1GL1,12,5.2933669090271,7.4500579833984375,16.161191940307617,0.037037,0.09756008322503991,-21.011123657226562,0
1GL1,13,4.958095550537109,7.415220260620117,16.201364517211914,0.0,0.08505138773086897,-16.499879837036133,3
1GL1,14,6.851541519165039,8.815839767456055,23.441665649414062,0.0,0.048112656492647975,-14.901354789733887,1
1E96,0,19.228742599487305,12.818951606750488,35.746971130371094,0.0,0.022340700701267594,-12.32131576538086,5
1E96,1,17.847137451171875,13.935381889343262,35.12991714477539,0.0,0.022253298978394426,-11.65110969543457,3
1E96,2,6.8086323738098145,8.365131378173828,26.54654884338379,0.0,0.041380662650420154,-14.028843879699707,4
1E96,3,20.66370964050293,12.59575366973877,33.554019927978516,0.181818,0.0853680911919404,-18.17308807373047,4
1E96,4,15.919524192810059,8.931560516357422,38.520652770996094,0.0,0.02462062062283045,-14.673890113830566,4
1E96,5,17.28280258178711,13.572952270507812,35.274410247802734,0.0,0.02231496831992819,-12.68325138092041,2
1E96,6,13.274314880371094,8.497161865234375,41.06940460205078,0.0,0.02376554872792935,-15.2896146774292,25
1E96,7,17.958017349243164,13.583449363708496,37.056114196777344,0.0,0.020677836926796766,-12.821245193481445,5
1E96,8,20.02018165588379,11.919061660766602,38.698062896728516,0.0,0.02053875401084602,-13.356492042541504,1
1E96,9,18.81385040283203,12.990134239196777,36.35696792602539,0.0,0.02166157168352247,-12.682941436767578,3
1E96,10,17.143102645874023,9.841545104980469,40.44314193725586,0.0,0.0216688106602539,-14.3619966506958,8
1E96,11,17.73253059387207,13.244317054748535,35.00480651855469,0.0,0.02278159967088365,-12.701369285583496,3
1E96,12,8.631896018981934,10.231586456298828,29.29033088684082,0.0,0.03290481025529351,-13.89535903930664,3
1E96,13,17.414274215698242,13.611661911010742,34.71617889404297,0.0,0.02285188604778501,-12.876596450805664,3
1E96,14,18.288063049316406,13.422874450683594,34.94963836669922,0.0,0.022726775718125067,-12.231125831604004,2
4POU,0,12.784713745117188,12.91171646118164,20.159923553466797,0.0,0.054751612297416964,-18.80412483215332,0
4POU,1,9.094473838806152,6.979952335357666,18.052963256835938,0.0,0.07520126478230349,-15.735891342163086,4
4POU,2,16.900432586669922,14.202277183532715,25.124774932861328,0.0,0.03791067151324048,-16.744367599487305,0
4POU,3,17.33424186706543,13.806817054748535,25.361984252929688,0.0,0.03754883934561151,-16.78761100769043,0
4POU,4,9.85202407836914,8.053654670715332,19.83193016052246,0.0,0.06290577787546958,-16.0013370513916,4
4POU,5,9.40661334991455,6.721100330352783,18.589387893676758,0.0,0.0734561413623014,-16.080368041992188,3
4POU,6,39.38718795776367,50.89534378051758,89.21076965332031,0.0,0.0032881531958346305,0.0,0
4POU,7,14.966752052307129,12.957438468933105,24.307294845581055,0.0,0.040727604470597784,-19.49651527404785,0
4POU,8,15.85250473022461,15.237873077392578,36.3134651184082,0.0,0.020513781936149306,-22.597238540649414,1
4POU,9,16.587121963500977,12.854507446289062,24.002058029174805,0.0,0.04162356708621643,-16.930940628051758,0
4POU,10,10.390042304992676,8.542817115783691,17.5904483795166,0.0,0.0730687087226267,-16.55093002319336,0
4POU,11,8.249194145202637,6.640423774719238,16.5880069732666,0.0,0.08550501215460747,-16.115676879882812,2
4POU,12,7.159596920013428,5.830679893493652,14.421782493591309,0.0,0.10663038064553747,-17.72873306274414,1
4POU,13,8.640366554260254,8.156938552856445,15.43214225769043,0.0,0.08849124232118145,-17.342287063598633,0
4POU,14,8.458625793457031,6.3860764503479,16.780494689941406,0.0,0.08549264059294992,-16.503501892089844,4
1RV6,0,10.595335006713867,12.085439682006836,25.201370239257812,0.0,0.039103877924420584,-17.547481536865234,0
1RV6,1,16.988380432128906,13.782652854919434,46.08831024169922,0.0,0.014866951795312036,-17.176631927490234,0
1RV6,2,24.29844856262207,22.51066017150879,70.70657348632812,0.0,0.006222136490195932,-20.519458770751953,0
1RV6,3,26.007966995239258,24.897533416748047,69.50111389160156,0.0,0.006117826414098851,-21.118453979492188,0
1RV6,4,13.165881156921387,12.548993110656738,30.618270874023438,0.0,0.028546800744568345,-16.489774703979492,0
1RV6,5,13.191807746887207,14.243386268615723,30.293344497680664,0.0,0.027984478362239218,-21.30035400390625,0
1RV6,6,25.608722686767578,23.538400650024414,71.30528259277344,0.0,0.0060184836661812645,-18.303503036499023,0
1RV6,7,24.444168090820312,22.85552978515625,65.33536529541016,0.0,0.00697751991513369,-21.0730037689209,1
1RV6,8,9.323118209838867,7.960091590881348,22.078411102294922,0.0,0.05445917563983951,-17.6041316986084,0
1RV6,9,9.39850902557373,9.61661434173584,18.84575653076172,0.0,0.06426410981699746,-18.3514461517334,0
1RV6,10,24.827518463134766,27.75968360900879,66.41521453857422,0.0,0.006342304223921514,-20.700244903564453,0
1RV6,11,25.09309196472168,28.605348587036133,67.76231384277344,0.0,0.006077744784582557,-19.73155403137207,0
1RV6,12,26.39034080505371,26.66517448425293,69.79888916015625,0.0,0.005922569670168036,-19.831157684326172,0
1RV6,13,14.6484956741333,15.07540512084961,41.783329010009766,0.0,0.016514174166247463,-15.901178359985352,0
1RV6,14,26.43665885925293,25.85651206970215,69.19026947021484,0.0,0.006073936617680047,-15.815689086914062,0
1AVX,0,15.953986167907715,15.536182403564453,25.762540817260742,0.0,0.035802292559053255,-16.014297485351562,0
1AVX,1,19.82707977294922,17.789751052856445,69.0857162475586,0.0,0.007323795753683864,-15.527786254882812,0
1AVX,2,22.16436195373535,26.21358871459961,66.48262023925781,0.0,0.006449056875830118,-15.233896255493164,0
1AVX,3,22.28489112854004,22.354022979736328,69.83924865722656,0.0,0.006359711050077359,-16.190866470336914,0
1AVX,4,15.754476547241211,14.576594352722168,24.205015182495117,0.0,0.040086232812779586,-19.431142807006836,0
1AVX,5,15.992632865905762,15.622529029846191,62.674739837646484,0.0,0.009065173091079572,-17.687406539916992,2
1AVX,6,23.312776565551758,25.136133193969727,64.24439239501953,0.0,0.006917509147742782,-14.963061332702637,1
1AVX,7,21.72020721435547,23.00180435180664,70.32725524902344,0.0,0.006210767734750142,-14.970795631408691,3
1AVX,8,21.759262084960938,24.42725944519043,66.97765350341797,0.0,0.006535663500522063,-14.742250442504883,2
1AVX,9,23.042800903320312,23.82062339782715,71.62480926513672,0.0,0.005945853160436485,-14.91085147857666,0
1AVX,10,21.6318302154541,22.82772445678711,69.4319839477539,0.0,0.006355008396131289,-18.713302612304688,5
1AVX,11,19.62645149230957,18.890968322753906,57.29712677001953,0.0,0.009266335980472452,-15.75079345703125,2
1AVX,12,21.457866668701172,21.83042335510254,69.17893981933594,0.0,0.006523842440578453,-15.797270774841309,2
1AVX,13,22.034351348876953,23.46208381652832,67.98513793945312,0.0,0.006487340266960499,-16.511146545410156,7
1AVX,14,17.32414436340332,18.94869613647461,44.600093841552734,0.0,0.013758714022538483,-15.227762222290039,0
6CWG,0,22.519786834716797,18.541828155517578,37.11393356323242,0.0,0.01878002118929258,-14.250469207763672,4
6CWG,1,23.759458541870117,19.658218383789062,35.93632507324219,0.0,0.019590213185978516,-18.111352920532227,6
6CWG,2,23.458473205566406,20.42823600769043,36.47998046875,0.0,0.018952695640023477,-20.096954345703125,0
6CWG,3,21.551698684692383,20.5400447845459,42.191429138183594,0.0,0.014769655148504044,-14.27859878540039,11
6CWG,4,22.260251998901367,20.512540817260742,30.290206909179688,0.0,0.02610581627507873,-18.1525936126709,2
6CWG,5,21.086271286010742,21.96164894104004,52.40835189819336,0.0,0.010091349194559196,-15.42619514465332,6
6CWG,6,23.1968936920166,21.333681106567383,35.95130157470703,0.0,0.019286539151917994,-18.952648162841797,0
6CWG,7,22.090696334838867,21.496700286865234,36.14414596557617,0.0,0.01908392159501709,-14.866385459899902,0
6CWG,8,24.98212432861328,20.34166717529297,46.362579345703125,0.0,0.012642598054864887,-15.766547203063965,4
6CWG,9,23.289562225341797,24.350391387939453,49.74728775024414,0.0,0.010715508864787128,-13.580611228942871,3
6CWG,10,23.061574935913086,26.678125381469727,64.2699203491211,0.0,0.006780668523324061,-18.841413497924805,0
6CWG,11,21.83304214477539,17.570478439331055,32.757747650146484,0.0,0.023439396543453988,-16.204099655151367,11
6CWG,12,24.79473304748535,19.0750732421875,32.019439697265625,0.0,0.023992494776805273,-16.98623275756836,0
6CWG,13,22.995731353759766,22.518375396728516,43.228065490722656,0.0,0.013880763611024608,-17.058134078979492,0
6CWG,14,22.05362892150879,16.32997703552246,34.83518981933594,0.0,0.021520053005505514,-18.848026275634766,21
1TMQ,0,9.012348175048828,12.85212516784668,20.60516929626465,0.0,0.0529542355632256,-18.689767837524414,1
1TMQ,1,8.862954139709473,8.566205024719238,20.686214447021484,0.0,0.05806706372792622,-18.239233016967773,19
1TMQ,2,13.561991691589355,15.825644493103027,39.12384796142578,0.0,0.017992546122606597,-17.967002868652344,4
1TMQ,3,7.778751373291016,10.35031795501709,17.57134246826172,0.0,0.07006739116331792,-20.488370895385742,7
1TMQ,4,8.577579498291016,10.230569839477539,20.009153366088867,0.0,0.0579724311953172,-20.09733009338379,0
1TMQ,5,11.333434104919434,15.355827331542969,28.90883445739746,0.0,0.0296749301320567,-19.86530303955078,5
1TMQ,6,8.27901554107666,11.810461044311523,20.874921798706055,0.0,0.052698473975913616,-17.40718650817871,5
1TMQ,7,7.596591472625732,9.92221736907959,17.27985382080078,0.0,0.07238990194214513,-19.390087127685547,5
1TMQ,8,8.917681694030762,10.89471435546875,20.38505744934082,0.0,0.05557244566600484,-19.404081344604492,1
1TMQ,9,8.098299026489258,11.727850914001465,19.112401962280273,0.0,0.060408448061507185,-19.723024368286133,0
1TMQ,10,8.963486671447754,10.618157386779785,20.71607208251953,0.0,0.05455364363984556,-20.866525650024414,1
1TMQ,11,8.630931854248047,11.706216812133789,20.15914535522461,0.0,0.05570067681276871,-21.974586486816406,0
1TMQ,12,8.18939208984375,10.024734497070312,18.682512283325195,0.0,0.06446580014275255,-21.11924934387207,0
1TMQ,13,7.863314151763916,9.971454620361328,17.87249183654785,0.0,0.06886399059382702,-18.771623611450195,9
1TMQ,14,7.303709030151367,9.924127578735352,16.656675338745117,0.0,0.07631460422855599,-18.035444259643555,2
1JMO,0,25.602190017700195,20.345348358154297,63.61112976074219,0.0,0.007649510586818048,-16.846986770629883,1
1JMO,1,21.529077529907227,21.000732421875,70.73015594482422,0.0,0.006437409717425505,-15.179716110229492,4
1JMO,2,21.032947540283203,16.48255729675293,56.47600555419922,0.0,0.01012145202244065,-13.663665771484375,6
1JMO,3,23.549732208251953,18.989290237426758,67.53785705566406,0.0,0.007264537854514776,-15.93460464477539,5
1JMO,4,8.3585786819458,8.06418514251709,25.122318267822266,0.0,0.04538665599615654,-13.647342681884766,4
1JMO,5,26.279306411743164,21.206974029541016,73.17884063720703,0.0,0.006096711357066191,-14.822489738464355,4
1JMO,6,27.630216598510742,20.287879943847656,70.80921173095703,0.0,0.006547299076508757,-14.928417205810547,0
1JMO,7,22.537704467773438,18.888078689575195,64.04501342773438,0.0,0.007858907184324422,-13.267291069030762,5
1JMO,8,20.42067527770996,17.950319290161133,54.09323501586914,0.0,0.010343758999741215,-13.810154914855957,0
1JMO,9,18.201698303222656,13.943708419799805,54.262359619140625,0.0,0.011796818677525453,-14.594890594482422,1
1JMO,10,18.840267181396484,15.986589431762695,55.140953063964844,0.0,0.010645928814803599,-14.549003601074219,9
1JMO,11,9.506169319152832,9.568543434143066,32.21279525756836,0.0,0.029693511303252925,-14.519281387329102,1
1JMO,12,26.06807518005371,19.862686157226562,66.28333282470703,0.0,0.007283155555251562,-14.597728729248047,2
1JMO,13,20.286823272705078,15.486072540283203,56.341888427734375,0.0,0.010516180672651879,-16.24509048461914,12
1JMO,14,21.932971954345703,17.72269630432129,62.312652587890625,0.0,0.008459995838129558,-13.92624282836914,6
5O1R,0,6.362679481506348,9.15346622467041,15.564421653747559,0.0,0.08529356599883524,-16.139196395874023,6
5O1R,1,5.009727478027344,7.397789001464844,12.354364395141602,0.0,0.12025714274444925,-19.26900863647461,9
5O1R,2,22.480918884277344,20.789419174194336,58.492774963378906,0.0,0.008619770601884881,-14.678030967712402,8
5O1R,3,16.365257263183594,16.405384063720703,44.553462982177734,0.0,0.014470088217109836,-13.725118637084961,22
5O1R,4,5.288603782653809,8.287893295288086,15.83775520324707,0.0,0.08511434248778764,-16.0448055267334,3
5O1R,5,7.12853479385376,10.304624557495117,20.167476654052734,0.0,0.0571973276266221,-14.598240852355957,1
5O1R,6,7.505595684051514,10.490862846374512,21.44074821472168,0.0,0.051951246658860036,-13.761956214904785,1
5O1R,7,16.663442611694336,13.865038871765137,42.886505126953125,0.0,0.01645541831123185,-14.200756072998047,10
5O1R,8,10.216012954711914,13.266439437866211,24.293087005615234,0.0,0.04056507651336284,-12.895888328552246,7
5O1R,9,5.703275203704834,9.32183837890625,14.797649383544922,0.0,0.0911110550490461,-15.506585121154785,1
5O1R,10,10.449738502502441,13.85098934173584,25.465106964111328,0.0,0.03727957037421128,-16.047523498535156,0
5O1R,11,6.026275634765625,8.69571590423584,13.575333595275879,0.0,0.10350961098430883,-15.880736351013184,5
5O1R,12,8.276187896728516,10.74901294708252,22.96739387512207,0.0,0.04652273591653184,-13.906037330627441,1
5O1R,13,5.334530353546143,8.30798625946045,15.81689167022705,0.0,0.08521756335098961,-17.718055725097656,5
5O1R,14,18.585893630981445,16.06551170349121,48.07614517211914,0.0,0.012984639958630148,-14.246262550354004,5
1PPE,0,6.537560939788818,7.905629634857178,20.80506134033203,0.44,0.2059301335572644,-14.369270324707031,25
1PPE,1,10.058958053588867,12.725156784057617,33.91331100463867,0.0,0.02427044914587943,-23.32267189025879,0
1PPE,2,9.732358932495117,11.587252616882324,32.86808395385742,0.0,0.026389421643844238,-21.651208877563477,0
1PPE,3,11.108468055725098,14.658286094665527,37.544193267822266,0.0,0.019706960194393715,-20.19570541381836,0
1PPE,4,6.112728595733643,9.076870918273926,19.420164108276367,0.0,0.06245193549214833,-17.727230072021484,0
1PPE,5,4.118635654449463,6.172560691833496,12.602134704589844,0.0,0.12281519559761063,-19.858266830444336,0
1PPE,6,6.738193035125732,9.420228958129883,23.33323860168457,0.0,0.04729517427507537,-15.082008361816406,0
1PPE,7,3.179105043411255,4.631316184997559,10.38802719116211,0.0,0.16532343434461766,-18.94253158569336,0
1PPE,8,4.994068622589111,6.29041862487793,17.130109786987305,0.0,0.08379139337204135,-16.659561157226562,0
1PPE,9,8.736100196838379,10.86072826385498,30.005020141601562,0.0,0.031002367870681197,-19.582796096801758,0
1PPE,10,3.767300844192505,6.204587936401367,11.633275032043457,0.12,0.1744241037541798,-22.744770050048828,3
1PPE,11,8.484838485717773,11.451067924499512,29.317827224731445,0.0,0.03146960927509677,-24.538312911987305,0
1PPE,12,3.569896697998047,5.19609260559082,10.948740005493164,0.0,0.1509940489339867,-23.125978469848633,0
1PPE,13,12.388351440429688,15.652547836303711,40.70476150512695,0.0,0.016961364829538774,-17.016155242919922,3
1PPE,14,6.899455547332764,8.315322875976562,23.97469711303711,0.0,0.04772600098886778,-18.1289119720459,0
1SBB,0,23.618471145629883,10.824762344360352,54.62300491333008,0.0,0.014160938209978708,-13.644820213317871,23
1SBB,1,23.845834732055664,12.48227596282959,55.52168655395508,0.0,0.012378726729344841,-15.732144355773926,3
1SBB,2,23.382156372070312,15.384225845336914,52.838932037353516,0.0,0.011547458077116548,-14.97489070892334,27
1SBB,3,25.457141876220703,16.18024253845215,56.08241271972656,0.0,0.010325506157404038,-18.222393035888672,5
1SBB,4,22.05722427368164,10.304394721984863,59.47119140625,0.0,0.013589867527957622,-15.7980318069458,4
1SBB,5,22.79836654663086,11.08219051361084,53.918434143066406,0.0,0.01408003819279964,-16.71225357055664,14
1SBB,6,24.10477066040039,17.610532760620117,57.62860870361328,0.0,0.009498220858504885,-16.310243606567383,9
1SBB,7,23.768293380737305,12.708290100097656,57.013431549072266,0.0,0.011828078843744623,-17.258127212524414,6
1SBB,8,25.409936904907227,17.039701461791992,58.59805679321289,0.0,0.009432425163481395,-17.043682098388672,2
1SBB,9,25.47919464111328,9.756142616271973,54.91328811645508,0.0,0.015497367272775647,-15.35667896270752,11
1SBB,10,16.955669403076172,12.669000625610352,53.00716781616211,0.0,0.01296463054041964,-15.943676948547363,7
1SBB,11,23.669092178344727,12.410560607910156,55.489803314208984,0.0,0.012441506901705958,-16.415102005004883,1
1SBB,12,24.603425979614258,16.319896697998047,56.92868423461914,0.0,0.010061438740231804,-17.85108184814453,7
1SBB,13,23.35540771484375,12.813003540039062,54.813446044921875,0.0,0.012334075367507441,-16.66785430908203,2
1SBB,14,25.04266357421875,17.005104064941406,59.2204704284668,0.0,0.00930205080166553,-17.797149658203125,1
1FQJ,0,8.755935668945312,10.114533424377441,23.229389190673828,0.0,0.04653454971755407,-14.670587539672852,6
1FQJ,1,14.349632263183594,12.028373718261719,33.97735595703125,0.0,0.024736857024610173,-19.622608184814453,0
1FQJ,2,24.614192962646484,20.8065242767334,57.270328521728516,0.0,0.008907962359158686,-11.917733192443848,13
1FQJ,3,21.6583194732666,17.78340721130371,53.305641174316406,0.0,0.010620223948027545,-12.097553253173828,14
1FQJ,4,15.422093391418457,12.72428035736084,39.20589828491211,0.0,0.01953339917684315,-19.25093650817871,0
1FQJ,5,16.985088348388672,15.398897171020508,35.334861755371094,0.0,0.021367010485809135,-20.303247451782227,0
1FQJ,6,15.759936332702637,12.480325698852539,37.083492279052734,0.0,0.02138520317023759,-17.89278221130371,1
1FQJ,7,12.620596885681152,10.412960052490234,29.817354202270508,0.0,0.03182854649412717,-19.12037467956543,0
1FQJ,8,17.852764129638672,15.67814826965332,38.31683349609375,0.0,0.018657696641190283,-15.876989364624023,1
1FQJ,9,21.663610458374023,16.808927536010742,58.207679748535156,0.0,0.009593247611072763,-15.767996788024902,3
1FQJ,10,17.838226318359375,16.67275619506836,38.99897384643555,0.0,0.01779297808880187,-13.219527244567871,6
1FQJ,11,9.438033103942871,8.05946159362793,19.12479019165039,0.307692,0.16870772228434325,-14.231276512145996,31
1FQJ,12,9.420782089233398,12.48784065246582,24.264328002929688,0.0,0.04117522459430221,-15.802286148071289,1
1FQJ,13,18.245681762695312,15.505343437194824,40.24313735961914,0.0,0.017326338875566918,-16.957656860351562,0
1FQJ,14,16.637086868286133,15.209571838378906,35.11603927612305,0.076923,0.04730107808039577,-18.66210174560547,0
1EFN,0,11.295266151428223,10.787835121154785,31.5301570892334,0.0,0.028906071352811553,-17.908777236938477,0
1EFN,1,15.803624153137207,13.756640434265137,48.53147506713867,0.0,0.013837370767485526,-24.589359283447266,0
1EFN,2,11.442408561706543,12.54094409942627,36.543880462646484,0.0,0.021809671426478022,-18.855113983154297,0
1EFN,3,10.774368286132812,9.455068588256836,30.647769927978516,0.0,0.03199213699664911,-23.195466995239258,0
1EFN,4,12.95466136932373,11.422831535339355,37.2894401550293,0.0,0.022114918452472238,-18.320344924926758,1
1EFN,5,10.446041107177734,10.210476875305176,33.04640579223633,0.0,0.02772655217243672,-19.701818466186523,0
1EFN,6,12.749907493591309,13.676182746887207,35.08068084716797,0.0,0.022446564277031844,-20.445018768310547,0
1EFN,7,14.352266311645508,12.572607040405273,44.79512023925781,0.0,0.01626304582865218,-21.656169891357422,0
1EFN,8,11.00269889831543,12.117982864379883,35.87662124633789,0.0,0.022746717105320818,-18.28208351135254,0
1EFN,9,13.005376815795898,13.960823059082031,37.13001251220703,0.0,0.020403153491254374,-18.992353439331055,0
1EFN,10,3.793632984161377,4.226569175720215,7.20306921005249,0.0,0.23129812223053578,-18.08240509033203,0
1EFN,11,13.772083282470703,11.164998054504395,40.17158889770508,0.0,0.020194077597609852,-17.423870086669922,0
1EFN,12,15.609935760498047,13.540446281433105,46.38059997558594,0.0,0.014872795949269215,-21.30612564086914,0
1EFN,13,10.227128028869629,8.541972160339355,31.697715759277344,0.0,0.032332975018904385,-19.77048683166504,0
1EFN,14,10.625639915466309,9.225400924682617,30.24478530883789,0.0,0.03298597277784504,-21.791284561157227,1
6B0S,0,8.019001960754395,10.86524486541748,22.42352867126465,0.083333,0.07589124701462494,-16.126604080200195,8
6B0S,1,8.510263442993164,10.524267196655273,24.25628662109375,0.083333,0.07087002976019613,-15.182771682739258,22
6B0S,2,13.791877746582031,10.589058876037598,43.353641510009766,0.0,0.018896307297327778,-18.55466079711914,0
6B0S,3,6.968194007873535,10.107260704040527,20.182661056518555,0.083333,0.08517763695290913,-18.00208854675293,2
6B0S,4,16.87595558166504,17.045778274536133,51.62727355957031,0.0,0.011358562339113124,-15.907575607299805,5
6B0S,5,7.60527229309082,9.687482833862305,22.057527542114258,0.0,0.05090408754918405,-16.85685920715332,3
6B0S,6,13.904913902282715,16.9449405670166,43.39164352416992,0.0,0.014910045538403695,-17.282373428344727,3
6B0S,7,14.054305076599121,11.622762680053711,44.10442352294922,0.0,0.017398465978041382,-20.3295955657959,0
6B0S,8,13.370681762695312,15.338953018188477,42.026065826416016,0.0,0.01625732268338106,-19.56287956237793,5
6B0S,9,12.751694679260254,14.59736156463623,39.99420928955078,0.0,0.017888722701178503,-19.193077087402344,2
6B0S,10,14.027975082397461,15.787032127380371,44.32459259033203,0.0,0.01480574940902987,-17.082239151000977,0
6B0S,11,7.465641498565674,9.172018051147461,22.700944900512695,0.0,0.0496701003225822,-18.48485565185547,9
6B0S,12,15.442410469055176,13.757147789001465,48.425262451171875,0.0,0.013879350117411668,-19.07599639892578,1
6B0S,13,16.98139190673828,18.77788543701172,54.190181732177734,0.0,0.010117745496569892,-20.466445922851562,0
6B0S,14,5.663651466369629,8.099477767944336,16.850515365600586,0.083333,0.10644496269765617,-18.19196891784668,7
2OUL,0,12.477766036987305,11.369539260864258,38.5333137512207,0.043478,0.03566249812062764,-21.785982131958008,5
2OUL,1,19.352012634277344,19.582841873168945,57.64426040649414,0.0,0.00903786036078477,-13.900676727294922,0
2OUL,2,10.436104774475098,9.615734100341797,35.77000427246094,0.0,0.02573521489608267,-12.704230308532715,1
2OUL,3,10.33710765838623,9.255669593811035,24.409421920776367,0.043478,0.05907252245766878,-17.333297729492188,4
2OUL,4,10.363039016723633,8.452717781066895,39.24665451049805,0.217391,0.09757521157334452,-18.258148193359375,5
2OUL,5,7.585567951202393,8.13846492767334,21.02354621887207,0.0,0.057784277909459454,-20.50334930419922,2
2OUL,6,8.822746276855469,7.782952308654785,31.048460006713867,0.043478,0.049671412001775904,-20.38204574584961,2
2OUL,7,12.543963432312012,10.381704330444336,35.8195686340332,0.0,0.02458619111297232,-16.619922637939453,0
2OUL,8,9.39527416229248,7.95475435256958,34.1328239440918,0.26087,0.11786656562740733,-18.57060432434082,6
2OUL,9,11.666581153869629,9.372879028320312,43.952571868896484,0.130435,0.06381949834232738,-18.033185958862305,5
2OUL,10,7.275232315063477,7.06439733505249,22.119699478149414,0.0,0.05726870687358281,-14.957236289978027,0
2OUL,11,8.720986366271973,7.802401065826416,32.77450180053711,0.043478,0.04738085458615071,-18.139404296875,0
2OUL,12,10.93838882446289,10.766070365905762,29.036495208740234,0.0,0.03265741835026925,-23.913082122802734,0
2OUL,13,10.16894817352295,9.04815673828125,39.6241455078125,0.043478,0.03807278119453051,-17.825288772583008,2
2OUL,14,6.194276809692383,5.796553611755371,15.444134712219238,0.0,0.09841584171999802,-18.661048889160156,2
1YVB,0,16.22780990600586,13.62056827545166,52.5882682800293,0.0,0.01248094381514795,-15.689168930053711,2
1YVB,1,6.781215667724609,6.448060035705566,12.816349983215332,0.423077,0.2599666943690067,-19.97256851196289,5
1YVB,2,7.199030876159668,6.865391731262207,25.666229248046875,0.230769,0.12505572352895192,-17.800472259521484,4
1YVB,3,6.034634590148926,5.3046112060546875,22.666723251342773,0.076923,0.09141677458966213,-17.985048294067383,1
1YVB,4,8.20141887664795,7.372612476348877,32.60521697998047,0.038462,0.04728253392168202,-21.688566207885742,3
1YVB,5,16.172569274902344,12.247084617614746,50.67527770996094,0.0,0.014048063975987206,-12.90665054321289,3
1YVB,6,10.010436058044434,9.02625560760498,26.103862762451172,0.0,0.04091318068317906,-17.659099578857422,8
1YVB,7,7.042914867401123,6.07688570022583,28.315263748168945,0.269231,0.13644196981366577,-20.8884220123291,6
1YVB,8,11.159135818481445,8.820444107055664,38.43845748901367,0.346154,0.1402937738651233,-17.72066307067871,5
1YVB,9,9.615768432617188,7.350767135620117,30.166818618774414,0.153846,0.08912494680939904,-16.174654006958008,6
1YVB,10,9.262102127075195,8.019680976867676,37.25497055053711,0.038462,0.040581169605628874,-21.606203079223633,5
1YVB,11,8.620767593383789,6.436625003814697,31.916963577270508,0.0,0.03924598559671257,-19.802478790283203,0
1YVB,12,66.72797393798828,79.42159271240234,185.92144775390625,0.0,0.0008141239294430302,0.0,0
1YVB,13,5.353507041931152,4.252557754516602,17.546648025512695,0.192308,0.16434096364042924,-22.46421241760254,0
1YVB,14,6.457876205444336,4.714090824127197,25.86219596862793,0.230769,0.14006605309962947,-19.772462844848633,6
2B42,0,23.253721237182617,21.024309158325195,63.065982818603516,0.0,0.007635292758295761,-17.915624618530273,2
2B42,1,22.314006805419922,20.40438461303711,68.7465591430664,0.0,0.00681083155266948,-16.965850830078125,0
2B42,2,10.99904727935791,11.604515075683594,36.77812957763672,0.0,0.02237985887003485,-18.776004791259766,1
2B42,3,22.388614654541016,20.71208381652832,66.60098266601562,0.0,0.007081593467331439,-16.119966506958008,1
2B42,4,12.234033584594727,11.497166633605957,39.04816436767578,0.0,0.02065918361209493,-21.84906005859375,1
2B42,5,20.783245086669922,19.10312271118164,64.7465591430664,0.0,0.007690174131142789,-13.544896125793457,5
2B42,6,6.754997253417969,7.569295883178711,16.955341339111328,0.0,0.07954336617747089,-13.662379264831543,5
2B42,7,21.00242042541504,19.655370712280273,62.75764846801758,0.0,0.00793474872832992,-16.201745986938477,1
2B42,8,22.140399932861328,19.6866397857666,66.0451431274414,0.0,0.007355251263086296,-17.369470596313477,0
2B42,9,11.059122085571289,12.533696174621582,36.732383728027344,0.0,0.021648793972707026,-17.368263244628906,3
2B42,10,21.231243133544922,19.345518112182617,65.73918151855469,0.0,0.007473132902028694,-17.094018936157227,0
2B42,11,20.3144474029541,17.984159469604492,63.41191864013672,0.0,0.008186441648708053,-16.112585067749023,2
2B42,12,21.809181213378906,19.41950798034668,63.96612548828125,0.0,0.007760795269249242,-16.24782943725586,2
2B42,13,12.755990028381348,12.35786247253418,23.564416885375977,0.0,0.04321762008385938,-15.077070236206055,2
2B42,14,21.139568328857422,19.18860626220703,64.08882904052734,0.0,0.007786626237929522,-17.680255889892578,0
1MQ8,0,11.044017791748047,7.907375335693359,22.83466148376465,0.0,0.05214500659452515,-19.48499298095703,0
1MQ8,1,14.710944175720215,11.17443561553955,22.75850486755371,0.0,0.046705437616702726,-17.964033126831055,0
1MQ8,2,8.877983093261719,6.953333377838135,40.25387954711914,0.0,0.02905086701517617,-14.053683280944824,0
1MQ8,3,16.22303009033203,12.249202728271484,26.332927703857422,0.0,0.03637852554239057,-17.886058807373047,2
1MQ8,4,19.42885971069336,12.865784645080566,60.739227294921875,0.0,0.010872762977278872,-14.982059478759766,0
1MQ8,5,19.47928237915039,11.67460823059082,60.76502990722656,0.0,0.011810595169839367,-17.779930114746094,1
1MQ8,6,16.650482177734375,12.390052795410156,27.545900344848633,0.0,0.03379521346061472,-14.68770980834961,0
1MQ8,7,16.7691650390625,15.834181785583496,26.889612197875977,0.0,0.03324678952413655,-23.941486358642578,1
1MQ8,8,18.53847312927246,18.240964889526367,60.237674713134766,0.0,0.008746474605866153,-16.244014739990234,0
1MQ8,9,16.720355987548828,13.353739738464355,60.07241439819336,0.0,0.010696163457798268,-17.287601470947266,0
1MQ8,10,15.419567108154297,10.407901763916016,23.00531005859375,0.0,0.04682193422629496,-16.141559600830078,0
1MQ8,11,17.060213088989258,13.582884788513184,56.79717254638672,0.0,0.011318208705498501,-14.808623313903809,0
1MQ8,12,15.577926635742188,10.911026000976562,23.18707275390625,0.0,0.045670965319519106,-16.81304359436035,0
1MQ8,13,19.204172134399414,12.270648956298828,59.35201644897461,0.0,0.011607055700830851,-13.565282821655273,0
1MQ8,14,15.302811622619629,12.9295654296875,38.84565353393555,0.0,0.01965748540582953,-14.07898235321045,1
2B4J,0,7.646238327026367,7.893838882446289,17.07038116455078,0.0,0.07784367915856918,-19.257143020629883,4
2B4J,1,11.175748825073242,8.303864479064941,33.54979705810547,0.0,0.030638745007985538,-13.621267318725586,3
2B4J,2,18.450244903564453,16.018640518188477,58.11732482910156,0.0,0.009878398677754049,-19.648452758789062,2
2B4J,3,11.236323356628418,10.737981796264648,34.80773162841797,0.0,0.025139033259488425,-17.655487060546875,0
2B4J,4,17.537296295166016,13.019373893737793,56.17326354980469,0.0,0.011828194964647626,-15.886585235595703,4
2B4J,5,10.723760604858398,7.56807279586792,31.189685821533203,0.0,0.035644820866370504,-14.324386596679688,4
2B4J,6,15.30114459991455,13.784941673278809,48.58435821533203,0.0,0.01380054907954096,-15.962656021118164,1
2B4J,7,19.14419937133789,16.396575927734375,57.96328353881836,0.0,0.009783834409965246,-18.058195114135742,5
2B4J,8,22.588743209838867,17.40907096862793,68.84693145751953,0.0,0.007461085881327683,-20.416624069213867,2
2B4J,9,23.170337677001953,17.757278442382812,68.24268341064453,0.0,0.00745402960330007,-16.945825576782227,8
2B4J,10,18.281816482543945,17.092130661010742,57.287742614746094,0.0,0.009727823871867257,-21.291004180908203,0
2B4J,11,18.309253692626953,15.403377532958984,57.683433532714844,0.0,0.0102154478177018,-19.839630126953125,2
2B4J,12,11.75400447845459,10.795361518859863,36.506778717041016,0.0,0.0234548966141875,-17.884061813354492,0
2B4J,13,6.864475250244141,8.240768432617188,16.196430206298828,0.0,0.08267181856888976,-20.482481002807617,7
2B4J,14,17.42481231689453,12.757105827331543,56.4167594909668,0.0,0.011944271272283086,-16.90135955810547,5
3D5S,0,16.13742446899414,16.858631134033203,46.698062896728516,0.0,0.013307780371401881,-22.192626953125,0
3D5S,1,14.252553939819336,19.55255699157715,44.26115417480469,0.0,0.013806438716116524,-16.59613609313965,3
3D5S,2,17.44373893737793,19.88792610168457,51.43380355834961,0.0,0.01074717134933755,-15.047443389892578,1
3D5S,3,16.73099708557129,21.21285629272461,49.08928680419922,0.0,0.011361593563935514,-17.305891036987305,0
3D5S,4,16.762022018432617,21.867721557617188,50.473976135253906,0.0,0.01075360560097536,-16.698177337646484,0
3D5S,5,14.706441879272461,13.183032989501953,44.95510482788086,0.0,0.01576578524813852,-19.138341903686523,0
3D5S,6,17.374011993408203,20.686176300048828,50.729496002197266,0.0,0.010846216950547272,-20.94043731689453,1
3D5S,7,16.67147445678711,17.251558303833008,49.91661834716797,0.0,0.011894288201217318,-16.608434677124023,2
3D5S,8,15.961409568786621,15.071301460266113,47.876548767089844,0.0,0.01345523391304769,-17.212678909301758,0
3D5S,9,17.06131935119629,16.744050979614258,50.34274673461914,0.0,0.011893020787913988,-17.02275848388672,2
3D5S,10,16.71796226501465,19.735204696655273,49.58293533325195,0.0,0.011430997663061354,-16.12062644958496,1
3D5S,11,16.681840896606445,17.714218139648438,49.17046356201172,0.0,0.012045172541175481,-18.87179183959961,0
3D5S,12,17.546749114990234,18.22970199584961,51.52341842651367,0.0,0.011073391325747852,-17.060415267944336,0
3D5S,13,16.53049087524414,18.907075881958008,48.48560333251953,0.0,0.012023954868482225,-21.21044158935547,0
3D5S,14,17.78924560546875,19.954822540283203,50.19416809082031,0.0,0.011165385461379095,-20.49390983581543,0
1JIW,0,24.490341186523438,26.244792938232422,69.3360595703125,0.0,0.006020695093709345,-19.950252532958984,6
1JIW,1,14.176898956298828,18.540483474731445,38.779945373535156,0.0,0.017447635124521594,-15.09818172454834,0
1JIW,2,8.216592788696289,9.024726867675781,25.215335845947266,0.0,0.04297400755257663,-20.178831100463867,0
1JIW,3,13.802170753479004,15.75900936126709,43.291744232177734,0.0,0.015365971152322718,-15.685102462768555,1
1JIW,4,10.490554809570312,14.030698776245117,27.09172821044922,0.0,0.03363897117115069,-18.89657211303711,1
1JIW,5,10.02170467376709,11.755915641784668,29.87487030029297,0.0,0.030303005112496367,-20.269847869873047,0
1JIW,6,14.136860847473145,16.36495018005371,44.371315002441406,0.0,0.014576547934135079,-17.119140625,0
1JIW,7,17.258291244506836,18.550668716430664,50.817901611328125,0.0,0.011237198094239599,-17.404644012451172,0
1JIW,8,8.018387794494629,8.041361808776855,24.873546600341797,0.0,0.04606422986036656,-21.93716049194336,0
1JIW,9,12.38813591003418,16.241355895996094,33.33744430541992,0.0,0.023166135848281994,-16.537221908569336,2
1JIW,10,5.8262152671813965,5.92937707901001,18.919952392578125,0.0,0.07602926289477745,-22.211341857910156,0
1JIW,11,10.209137916564941,11.90715503692627,30.496479034423828,0.0,0.029235658935510844,-21.299144744873047,0
1JIW,12,9.029805183410645,9.278172492980957,28.41657829284668,0.0,0.03586559684512467,-20.577556610107422,0
1JIW,13,8.19005012512207,8.383774757385254,25.96042823791504,0.0,0.04261435665330084,-22.043703079223633,0
1JIW,14,11.483217239379883,14.582795143127441,32.81643295288086,0.0,0.024447052926075866,-20.132556915283203,1
1OFU,0,20.50421714782715,19.06351089477539,46.167015075683594,0.0,0.012979915017169287,-18.378293991088867,8
1OFU,1,21.217391967773438,18.62877655029297,47.858642578125,0.0,0.012340408346288169,-15.801618576049805,6
1OFU,2,26.439985275268555,20.99853515625,93.3919448852539,0.0,0.004430796823067357,-18.5087833404541,1
1OFU,3,27.30899429321289,21.43017578125,94.13890838623047,0.0,0.004320705325209967,-19.94202995300293,1
1OFU,4,19.404735565185547,19.430421829223633,38.697776794433594,0.0,0.017316739362795767,-17.60183334350586,0
1OFU,5,30.01416015625,24.707868576049805,88.62893676757812,0.0,0.0042620426057139085,-13.742557525634766,8
1OFU,6,21.43474006652832,19.74553871154785,46.49504470825195,0.0,0.012692775287535868,-19.178857803344727,4
1OFU,7,19.988039016723633,14.646101951599121,67.52079772949219,0.0,0.008660189749258038,-14.00784683227539,9
1OFU,8,19.48147201538086,19.49005699157715,42.55867385864258,0.0,0.014749315728134293,-18.856693267822266,3
1OFU,9,32.55278396606445,32.684139251708984,86.73282623291016,0.0,0.003871620717918109,-18.974411010742188,3
1OFU,10,27.438289642333984,20.920053482055664,92.65782928466797,0.0,0.004486654892524221,-17.26673126220703,2
1OFU,11,27.415212631225586,19.335927963256836,92.16837310791016,0.0,0.0048050911339930814,-16.54636001586914,9
1OFU,12,25.029193878173828,14.247931480407715,75.69346618652344,0.0,0.007805062954388364,-15.324728012084961,16
1OFU,13,21.454442977905273,17.388511657714844,47.51416778564453,0.0,0.012799039156706276,-13.897628784179688,2
1OFU,14,7.297725200653076,8.145456314086914,32.260807037353516,0.0,0.03257121729878239,-15.623076438903809,2
2I9B,0,26.497407913208008,24.988924026489258,59.40005111694336,0.0,0.007885422047680052,-18.663982391357422,5
2I9B,1,14.256189346313477,13.429600715637207,27.674623489379883,0.0,0.03284168409041804,-17.8450984954834,3
2I9B,2,17.440902709960938,20.090469360351562,39.208030700683594,0.0,0.016810906864889192,-14.787447929382324,4
2I9B,3,26.4536075592041,23.69247055053711,58.23887252807617,0.0,0.008283201547560537,-19.889904022216797,5
2I9B,4,26.138994216918945,22.672563552856445,64.0272216796875,0.0,0.007225635080570211,-19.21517562866211,4
2I9B,5,17.76194190979004,18.051971435546875,39.263545989990234,0.0,0.01720838963553379,-15.94390869140625,3
2I9B,6,14.701735496520996,15.184830665588379,29.881196975708008,0.0,0.028174554184787582,-16.467369079589844,4
2I9B,7,22.801977157592773,24.9610652923584,58.770713806152344,0.0,0.008029150712338432,-19.898902893066406,0
2I9B,8,27.31536865234375,21.55489158630371,67.08748626708984,0.0,0.006872906715660807,-17.438711166381836,1
2I9B,9,15.203747749328613,16.744325637817383,29.474863052368164,0.0,0.028246580131760415,-15.990880012512207,4
2I9B,10,20.581323623657227,17.533668518066406,55.087162017822266,0.0,0.010173558382846629,-14.164701461791992,4
2I9B,11,23.20751953125,22.292827606201172,61.514190673828125,0.0,0.007747623030063537,-18.413921356201172,1
2I9B,12,22.437131881713867,20.822221755981445,54.97970199584961,0.0,0.009502237479849253,-21.43482780456543,0
2I9B,13,16.942636489868164,18.681978225708008,39.775794982910156,0.0,0.01669259067259155,-14.957648277282715,13
2I9B,14,18.347776412963867,22.08314323425293,42.28907012939453,0.0,0.014474622871802107,-19.904888153076172,0
3H11,0,9.530887603759766,9.276019096374512,18.05916976928711,0.230769,0.14586991785650255,-14.022836685180664,55
3H11,1,14.582027435302734,13.81859016418457,23.985095977783203,0.0,0.04107425519296425,-12.330303192138672,48
3H11,2,10.03046703338623,9.558831214904785,18.87777328491211,0.038462,0.0770197020468175,-14.288623809814453,56
3H11,3,10.536335945129395,11.743501663208008,19.11841583251953,0.0,0.0603654777361231,-12.139129638671875,34
3H11,4,8.730502128601074,8.475580215454102,16.84253692626953,0.115385,0.116249929310349,-13.596001625061035,57
3H11,5,6.943012237548828,6.5408806800842285,14.483136177062988,0.423077,0.24307856504997316,-11.916938781738281,33
3H11,6,8.924474716186523,8.798554420471191,16.443328857421875,0.192308,0.14380613545535784,-13.96017074584961,54
3H11,7,19.621057510375977,14.948043823242188,30.27988052368164,0.0,0.027671296801265483,-12.579347610473633,78
3H11,8,11.511070251464844,10.664093971252441,19.082502365112305,0.0,0.06165442618950915,-11.202380180358887,56
3H11,9,8.70698070526123,8.423210144042969,17.662395477294922,0.0,0.07292853533063968,-14.054387092590332,62
3H11,10,8.993280410766602,8.525575637817383,18.004230499267578,0.115385,0.1092250566424775,-13.199856758117676,44
3H11,11,8.477649688720703,8.334464073181152,16.668100357055664,0.192308,0.1433556491562972,-13.754842758178711,44
3H11,12,10.239338874816895,9.836583137512207,19.573579788208008,0.115385,0.09892359587583459,-11.49101448059082,33
3H11,13,7.841909885406494,7.4474334716796875,14.378368377685547,0.153846,0.1506011198757113,-12.796364784240723,45
3H11,14,9.56958293914795,9.318459510803223,18.845808029174805,0.0,0.06476560433150937,-14.457592010498047,66
1FCC,0,13.418745040893555,17.230361938476562,43.9085693359375,0.0,0.014547613664556612,-21.902259826660156,4
1FCC,1,19.49294662475586,22.27882957458496,63.32978057861328,0.0,0.007402792222821273,-16.14701271057129,0
1FCC,2,16.581687927246094,20.43159294128418,54.198387145996094,0.0,0.009788855371189639,-16.21371078491211,5
1FCC,3,17.911577224731445,21.910648345947266,56.9136962890625,0.0,0.008827777294612189,-18.5539493560791,0
1FCC,4,13.914422035217285,19.139650344848633,46.00766372680664,0.0,0.013037062453363996,-25.922189712524414,0
1FCC,5,12.270654678344727,14.632546424865723,38.703556060791016,0.0,0.018804022074420456,-17.75147819519043,0
1FCC,6,19.050514221191406,23.160648345947266,60.158878326416016,0.0,0.00791660762306814,-19.190908432006836,0
1FCC,7,19.35780906677246,22.413053512573242,62.50183868408203,0.0,0.007539361139212438,-17.084009170532227,0
1FCC,8,12.108255386352539,14.175210952758789,40.22967529296875,0.0,0.0179359768516895,-19.596158981323242,3
1FCC,9,14.369330406188965,17.74648094177246,47.782325744628906,0.0,0.012589260364769263,-19.522863388061523,1
1FCC,10,22.17610740661621,25.601593017578125,69.39070892333984,0.0,0.006068069389014944,-19.640817642211914,0
1FCC,11,19.176284790039062,19.902555465698242,60.61054611206055,0.0,0.008311982666086792,-19.11773109436035,0
1FCC,12,21.171152114868164,25.423532485961914,68.08655548095703,0.0,0.006271700871838968,-20.342729568481445,0
1FCC,13,14.599166870117188,15.64626407623291,45.190345764160156,0.0,0.014425810764211908,-19.372055053710938,2
1FCC,14,16.103900909423828,21.508991241455078,51.86792755126953,0.0,0.010331144322122949,-16.37677764892578,0
3RJQ,0,16.678009033203125,14.255378723144531,27.385910034179688,0.0,0.03294021817470227,-16.124006271362305,9
3RJQ,1,19.22447395324707,15.634719848632812,42.224159240722656,0.0,0.01602221978936906,-12.156208992004395,16
3RJQ,2,17.480945587158203,14.431655883789062,31.197694778442383,0.0,0.026596774707172352,-11.945663452148438,12
3RJQ,3,12.397790908813477,12.708974838256836,28.07840919494629,0.0,0.03256246983020806,-13.6693115234375,6
3RJQ,4,17.00605583190918,14.521629333496094,29.494508743286133,0.0,0.029080410913516666,-12.979418754577637,9
3RJQ,5,11.104904174804688,12.654352188110352,24.102291107177734,0.0,0.04149015874731652,-17.478458404541016,4
3RJQ,6,19.08929443359375,16.365266799926758,27.9714412689209,0.0,0.030956163996874033,-15.37879753112793,8
3RJQ,7,11.16904067993164,10.734399795532227,46.65492248535156,0.0,0.01709299777877329,-13.596712112426758,2
3RJQ,8,20.639307022094727,15.35840892791748,30.43870735168457,0.0,0.027262645896568984,-13.689884185791016,13
3RJQ,9,15.768630027770996,12.87055778503418,30.8647518157959,0.0,0.027965530576061937,-15.397459983825684,13
3RJQ,10,15.877483367919922,14.965466499328613,27.31451988220215,0.0,0.03274517461416438,-12.536449432373047,22
3RJQ,11,13.102931022644043,12.333063125610352,24.31684684753418,0.0,0.041153129653482334,-13.851987838745117,18
3RJQ,12,14.395697593688965,12.214612007141113,39.55967712402344,0.0,0.019662147699049014,-14.165607452392578,1
3RJQ,13,10.57565689086914,10.735451698303223,26.430461883544922,0.0,0.03762679432345195,-14.852446556091309,6
3RJQ,14,12.818002700805664,11.497686386108398,21.517240524291992,0.0,0.05057366860785548,-14.562232971191406,14
4FP8,0,34.61312484741211,25.573509216308594,75.91324615478516,0.0,0.005270191519797684,-16.763715744018555,21
4FP8,1,16.413387298583984,12.504383087158203,28.76033592224121,0.0,0.03150549614150904,-16.05595588684082,3
4FP8,2,28.930740356445312,18.086679458618164,65.69437408447266,0.0,0.007765471663684132,-13.447471618652344,0
4FP8,3,18.31465721130371,13.751740455627441,36.052650451660156,0.0,0.021472198983553584,-14.29948616027832,4
4FP8,4,16.221059799194336,15.8691987991333,34.03169631958008,0.0,0.022525288432855364,-15.749061584472656,0
4FP8,5,13.602726936340332,14.850484848022461,24.573305130004883,0.0,0.038987549992959884,-17.588069915771484,0
4FP8,6,17.676572799682617,11.745597839355469,31.095109939575195,0.0,0.028525017169724786,-15.305093765258789,10
4FP8,7,13.767942428588867,13.919220924377441,29.754718780517578,0.0,0.028976489860226707,-15.924588203430176,2
4FP8,8,34.91069030761719,25.65225601196289,73.4426498413086,0.0,0.005541834005207264,-15.455604553222656,42
4FP8,9,15.643594741821289,15.546262741088867,31.32185935974121,0.0,0.025939028332292693,-16.341150283813477,0
4FP8,10,24.8173828125,18.521127700805664,62.4842529296875,0.0,0.008228502719138832,-14.528603553771973,1
4FP8,11,15.970867156982422,16.305025100708008,27.530364990234375,0.0,0.03180751113098676,-18.141124725341797,0
4FP8,12,18.902864456176758,14.961601257324219,36.81468200683594,0.0,0.020187273204981194,-16.31661605834961,3
4FP8,13,14.041557312011719,15.176584243774414,28.2705135345459,0.0,0.030859951609517492,-17.680967330932617,0
4FP8,14,29.320093154907227,18.331846237182617,65.64974212646484,0.0,0.007712718501918482,-15.218352317810059,0
2GTP,0,13.796165466308594,11.34072208404541,26.421621322631836,0.0,0.03699399105928917,-14.543760299682617,0
2GTP,1,10.351932525634766,9.026323318481445,27.75568199157715,0.0,0.03753917054069398,-19.147537231445312,0
2GTP,2,9.570701599121094,8.923592567443848,20.1855411529541,0.0,0.05936404333902882,-12.124549865722656,3
2GTP,3,11.123779296875,10.413946151733398,22.60161018371582,0.0,0.04807850569423556,-11.88344955444336,1
2GTP,4,11.314897537231445,8.464759826660156,24.204477310180664,0.0,0.04674342848354069,-14.951464653015137,0
2GTP,5,10.52331256866455,9.976519584655762,23.79776954650879,0.0,0.04508242597284438,-14.050868034362793,6
2GTP,6,10.033967018127441,8.206023216247559,28.62238311767578,0.0,0.037792267290292114,-15.213057518005371,0
2GTP,7,15.828147888183594,14.21591567993164,29.57649040222168,0.0,0.02910099452768808,-14.079082489013672,0
2GTP,8,7.666571140289307,6.817617416381836,16.680522918701172,0.0,0.08410431448390161,-12.058815956115723,3
2GTP,9,5.35500955581665,5.630815505981445,15.122624397277832,0.0,0.10211337733839759,-13.48645305633545,3
2GTP,10,9.292531967163086,9.372315406799316,25.000032424926758,0.0,0.04286535720676171,-11.798111915588379,10
2GTP,11,20.061269760131836,15.53852653503418,52.00384521484375,0.0,0.011751129032238475,-17.762786865234375,0
2GTP,12,9.355040550231934,7.086775779724121,20.06884765625,0.0,0.06499406240213602,-19.73505210876465,0
2GTP,13,11.858253479003906,11.504358291625977,25.817773818969727,0.0,0.0381696326537282,-13.91378116607666,4
2GTP,14,17.947525024414062,13.97452163696289,39.38844299316406,0.0,0.018629135988391,-16.758285522460938,1
1ZM4,0,13.230916023254395,11.79088306427002,32.466163635253906,0.111111,0.06372846247634688,-17.006322860717773,5
1ZM4,1,26.575668334960938,25.50069236755371,74.81996154785156,0.0,0.005396657326684217,-11.95262622833252,23
1ZM4,2,29.575199127197266,21.427845001220703,81.95477294921875,0.0,0.0051729701272870765,-14.850691795349121,13
1ZM4,3,21.599451065063477,12.528962135314941,51.820011138916016,0.0,0.013443873912758668,-14.794208526611328,93
1ZM4,4,28.477453231811523,24.701313018798828,79.17931365966797,0.0,0.005022346419500453,-15.216670036315918,4
1ZM4,5,26.067590713500977,28.592426300048828,73.89231872558594,0.0,0.005268086228136087,-13.077336311340332,13
1ZM4,6,12.278735160827637,8.473651885986328,34.21943664550781,0.222222,0.1035736533832448,-18.077985763549805,0
1ZM4,7,26.286340713500977,31.463062286376953,75.10797882080078,0.0,0.004971109125438703,-11.802145004272461,16
1ZM4,8,17.795257568359375,13.189879417419434,53.81553268432617,0.222222,0.0864433153631856,-15.687321662902832,4
1ZM4,9,27.22896385192871,31.83880615234375,78.03155517578125,0.0,0.0046471056607433085,-11.296106338500977,20
1ZM4,10,28.398557662963867,29.94765281677246,79.64684295654297,0.0,0.004587869488607636,-17.87036895751953,2
1ZM4,11,27.906858444213867,28.62710189819336,80.82286834716797,0.0,0.004559130302028352,-12.905385971069336,10
1ZM4,12,31.64459991455078,25.216552734375,89.53303527832031,0.0,0.004152828999047433,-13.265859603881836,21
1ZM4,13,34.49502944946289,37.55234909057617,97.1866683959961,0.0,0.0030614269741513563,-12.953603744506836,17
1ZM4,14,28.691179275512695,29.403200149536133,83.48760223388672,0.0,0.004285001084625313,-13.480077743530273,13
1FQ1,0,11.011147499084473,9.457462310791016,22.673002243041992,0.25,0.13258850517519188,-18.11754035949707,9
1FQ1,1,15.255414962768555,12.98780632019043,30.541210174560547,0.0,0.028350826884891198,-14.601226806640625,10
1FQ1,2,9.838874816894531,7.885416030883789,21.133647918701172,0.333333,0.16916555402011446,-17.326536178588867,6
1FQ1,3,11.01587200164795,6.6235270500183105,39.952064514160156,0.166667,0.08625203705619362,-12.864584922790527,5
1FQ1,4,10.209842681884766,7.987693786621094,21.26502799987793,0.166667,0.11283114143029917,-17.16022300720215,8
1FQ1,5,14.404167175292969,13.01894760131836,30.06569480895996,0.0,0.029037582295454518,-14.075434684753418,8
1FQ1,6,3.4212758541107178,3.2205615043640137,9.247754096984863,0.666667,0.4342897615106063,-15.730472564697266,2
1FQ1,7,4.619566917419434,4.312641143798828,12.32517147064209,0.5,0.310078043505799,-18.71912956237793,1
1FQ1,8,9.00998592376709,7.861082553863525,19.699262619018555,0.166667,0.11958559243902826,-16.02977180480957,5
1FQ1,9,3.4373741149902344,3.3335013389587402,7.637559413909912,0.583333,0.4350029690810717,-17.364538192749023,2
1FQ1,10,19.02785301208496,16.009334564208984,32.5452880859375,0.0,0.024186257154924132,-16.001192092895508,18
1FQ1,11,3.341482162475586,3.970276355743408,8.046120643615723,0.583333,0.41188422401799957,-18.44151496887207,5
1FQ1,12,16.18405532836914,12.16971492767334,54.17362976074219,0.0,0.012997299657193493,-13.849370956420898,14
1FQ1,13,31.498308181762695,36.47290802001953,87.88992309570312,0.0,0.00365168103383,0.0,0
1FQ1,14,17.814834594726562,15.448715209960938,32.20579528808594,0.0,0.02482035298823008,-14.83287239074707,21
1RKE,0,26.90078353881836,26.759552001953125,65.47954559326172,0.0,0.006568024869019337,-17.03277015686035,0
1RKE,1,26.43941307067871,28.264482498168945,65.59965515136719,0.0,0.006440227917352541,-17.50575065612793,9
1RKE,2,25.983213424682617,26.834569931030273,67.22644805908203,0.0,0.00628331972142569,-18.481210708618164,0
1RKE,3,5.533420085906982,3.945828914642334,11.312731742858887,0.0,0.16236817591889138,-19.30445098876953,0
1RKE,4,28.859848022460938,28.928056716918945,69.87120819091797,0.0,0.005754993631776866,-16.916994094848633,0
1RKE,5,23.093965530395508,23.36587142944336,72.32801818847656,0.0,0.005909026429637108,-17.355266571044922,0
1RKE,6,28.236961364746094,26.902809143066406,72.4919662475586,0.0,0.00555375124088623,-17.205703735351562,0
1RKE,7,26.1988525390625,28.30188751220703,68.3873519897461,0.0,0.006004868228615276,-19.020050048828125,0
1RKE,8,26.6353816986084,26.786605834960938,65.91950225830078,0.0,0.006493636420894014,-18.768295288085938,0
1RKE,9,17.130069732666016,14.671793937683105,28.03402328491211,0.0,0.031512128377923394,-17.791610717773438,0
1RKE,10,77.16158294677734,89.50809478759766,196.29051208496094,0.0,0.000717471569163393,0.0,0
1RKE,11,16.199756622314453,15.123625755310059,38.28125,0.0,0.01890899547747742,-19.370634078979492,0
1RKE,12,27.387557983398438,25.30571174621582,70.7391128540039,0.0,0.005911375972326213,-18.09195327758789,0
1RKE,13,25.249887466430664,25.001060485839844,66.72442626953125,0.0,0.006518584950112906,-18.019603729248047,0
1RKE,14,29.057411193847656,29.72665786743164,75.70673370361328,0.0,0.00499618266391652,-16.98916244506836,1
4M76,0,24.0919132232666,20.940223693847656,73.45156860351562,0.0,0.006106582728192686,-15.060271263122559,0
4M76,1,20.902524948120117,18.66185760498047,73.2795639038086,0.0,0.006565047980006167,-13.614798545837402,2
4M76,2,20.904640197753906,18.445180892944336,74.0413818359375,0.0,0.006525863229278672,-13.017751693725586,0
4M76,3,23.360624313354492,18.493778228759766,71.14440155029297,0.0,0.006869677749522182,-15.958667755126953,0
4M76,4,21.759662628173828,20.712034225463867,70.4507827758789,0.0,0.0065218271594398415,-13.375214576721191,0
4M76,5,16.9581298828125,16.000680923461914,46.99391555786133,0.0,0.01346364252085093,-15.833860397338867,0
4M76,6,19.828845977783203,15.104372024536133,72.88243865966797,0.0,0.0077283678930294445,-12.753838539123535,3
4M76,7,20.13650894165039,15.96056842803955,74.11457061767578,0.0,0.007245876653278809,-12.200409889221191,4
4M76,8,25.40227699279785,25.049528121948242,81.72372436523438,0.0,0.004758352457170892,-12.380069732666016,3
4M76,9,17.357275009155273,14.994170188903809,62.76945877075195,0.0,0.009305314884426315,-13.497638702392578,3
4M76,10,23.652597427368164,18.96483039855957,71.94297790527344,0.0,0.006661323996783764,-12.994998931884766,0
4M76,11,23.22300910949707,21.60828399658203,71.67427825927734,0.0,0.006221581618073592,-13.918237686157227,0
4M76,12,21.054155349731445,19.946495056152344,73.68663787841797,0.0,0.006251691590763928,-12.019686698913574,0
4M76,13,23.864032745361328,19.996931076049805,77.74207305908203,0.0,0.00580278867936426,-13.976743698120117,0
4M76,14,23.546754837036133,19.944345474243164,72.47050476074219,0.0,0.006398224669982297,-12.833373069763184,0
2UUY,0,13.373720169067383,11.54477596282959,43.38981246948242,0.0,0.017853062510544342,-17.94870948791504,1
2UUY,1,10.61133861541748,8.046219825744629,32.76865005493164,0.0,0.032209918305858065,-13.758933067321777,6
2UUY,2,11.30423641204834,8.989623069763184,35.33713912963867,0.0,0.027260899047724146,-18.644227981567383,0
2UUY,3,6.959034442901611,4.723201274871826,18.773422241210938,0.090909,0.11755000800924022,-21.787370681762695,0
2UUY,4,11.09874153137207,10.319809913635254,35.70536804199219,0.0,0.024774249592736084,-21.657808303833008,0
2UUY,5,9.156083106994629,5.997400760650635,26.3002986907959,0.0,0.05114835695928289,-17.204301834106445,0
2UUY,6,11.583344459533691,9.851208686828613,36.33812713623047,0.0,0.02484558205935386,-16.493600845336914,0
2UUY,7,13.210689544677734,10.744097709655762,40.18353271484375,0.0,0.020649030293360748,-19.54059600830078,0
2UUY,8,12.431201934814453,10.936506271362305,39.99063491821289,0.0,0.020562955184151865,-18.97279930114746,1
2UUY,9,12.7373046875,11.117376327514648,39.527706146240234,0.0,0.020692327173720684,-19.672391891479492,0
2UUY,10,6.007869243621826,4.371185779571533,14.944265365600586,0.0,0.11659478521891838,-21.88566780090332,0
2UUY,11,8.340155601501465,6.292074680328369,21.346355438232422,0.0,0.06354489735883491,-18.902721405029297,0
2UUY,12,10.091267585754395,8.548831939697266,32.512447357177734,0.0,0.03128157944308684,-20.69965362548828,0
2UUY,13,18.829458236694336,13.866143226623535,53.802330017089844,0.0,0.01197287378290445,-17.084548950195312,0
2UUY,14,12.898089408874512,10.572382926940918,40.025455474853516,0.0,0.020961720411925715,-19.69437026977539,0
3HMX,0,39.70280456542969,31.06551742553711,101.92546081542969,0.0,0.0030775318762505197,-16.75990104675293,19
3HMX,1,42.40334701538086,26.74818229675293,113.36824035644531,0.0,0.002908353179564715,-13.640817642211914,15
3HMX,2,30.735143661499023,16.324527740478516,53.968833923339844,0.0,0.010859228498361476,-15.530906677246094,8
3HMX,3,30.921274185180664,25.52275276184082,55.3773307800293,0.0,0.008819926128816049,-18.236448287963867,11
3HMX,4,33.393733978271484,18.111103057861328,60.4089241027832,0.0,0.008742349498490272,-14.3694486618042,9
3HMX,5,39.36776351928711,17.512258529663086,112.2796401977539,0.0,0.004327211897014095,-17.223783493041992,27
3HMX,6,40.63792419433594,16.64950942993164,82.76152038574219,0.0,0.006163170100214585,-14.468008041381836,102
3HMX,7,31.26918601989746,27.06226348876953,59.549652099609375,0.0,0.007676717353836485,-15.977365493774414,21
3HMX,8,26.348730087280273,23.81045150756836,64.44999694824219,0.0,0.007016445627121173,-15.247803688049316,17
3HMX,9,31.089893341064453,26.199325561523438,69.6190185546875,0.0,0.005985004069783519,-15.114442825317383,32
3HMX,10,40.15260314941406,12.59731388092041,95.50948333740234,0.0,0.007279427942729108,-16.201446533203125,20
3HMX,11,42.59857940673828,35.047760009765625,101.39336395263672,0.0,0.002935709383035975,-16.70888900756836,18
3HMX,12,32.176509857177734,21.9683780670166,58.0838623046875,0.0,0.008535648987604215,-15.954444885253906,5
3HMX,13,31.14260482788086,21.98249053955078,50.53773880004883,0.0,0.010714879434702305,-16.177248001098633,7
3HMX,14,37.73870849609375,22.04265022277832,68.42220306396484,0.0,0.006602552408070276,-15.307671546936035,22
1IJK,0,16.895572662353516,14.73577880859375,51.25303268432617,0.0,0.012341170273012257,-15.434197425842285,4
1IJK,1,14.540221214294434,14.981432914733887,56.855716705322266,0.0,0.01059576462840763,-17.646900177001953,2
1IJK,2,18.371219635009766,17.19757843017578,48.5954475402832,0.0,0.012412216492593659,-15.073229789733887,2
1IJK,3,16.73079490661621,14.560589790344238,47.33428192138672,0.0,0.013913541854021003,-15.363763809204102,3
1IJK,4,19.815793991088867,18.1766414642334,68.0458755493164,0.0,0.00737608669407248,-15.279056549072266,5
1IJK,5,17.47711944580078,15.45047664642334,51.88733673095703,0.0,0.011823954025747216,-14.097990036010742,5
1IJK,6,15.232427597045898,12.332845687866211,50.08830642700195,0.0,0.014189804294428218,-17.57952117919922,4
1IJK,7,9.74370002746582,6.393310070037842,25.13102912902832,0.0,0.051609636887806926,-13.48581600189209,0
1IJK,8,20.54564666748047,18.4595890045166,67.95133972167969,0.0,0.0073219871831149,-13.965786933898926,4
1IJK,9,17.57456398010254,15.98012924194336,48.69818878173828,0.0,0.012766344118660108,-14.753188133239746,0
1IJK,10,10.700639724731445,7.595747470855713,19.961809158325195,0.0,0.06367373164728161,-15.24846076965332,0
1IJK,11,15.795680046081543,11.85158920288086,25.525569915771484,0.0,0.038528654105962325,-17.943281173706055,0
1IJK,12,10.067179679870605,11.778327941894531,30.63686752319336,0.0,0.0291443587838553,-15.810657501220703,0
1IJK,13,18.299123764038086,16.993200302124023,51.080047607421875,0.0,0.01155870788025594,-15.169292449951172,3
1IJK,14,10.306398391723633,6.882665157318115,22.13236427307129,0.0,0.05796047096064753,-15.519988059997559,3
1JTG,0,12.880630493164062,10.073139190673828,37.31343078613281,0.0,0.023675411716624222,-15.222892761230469,7
1JTG,1,18.43588638305664,14.621914863586426,37.07649230957031,0.0,0.02011600581190586,-16.76085662841797,1
1JTG,2,20.051902770996094,15.477696418762207,44.07939529418945,0.0,0.015052205169298278,-13.4896240234375,1
1JTG,3,17.48310089111328,14.331878662109375,31.447694778442383,0.0,0.026306072530794273,-17.27433204650879,4
1JTG,4,18.558019638061523,15.287515640258789,32.55690383911133,0.0,0.024449763890840265,-15.630704879760742,0
1JTG,5,15.561762809753418,12.66051959991455,34.601314544677734,0.0,0.023584993013763513,-19.058490753173828,1
1JTG,6,7.338006973266602,6.528022289276123,24.765153884887695,0.333333,0.16295707518710018,-15.19583511352539,4
1JTG,7,18.611087799072266,15.825901985168457,31.618581771850586,0.0,0.025433954828331492,-14.75307559967041,0
1JTG,8,19.24161720275879,16.76569938659668,53.388221740722656,0.0,0.010887523199614295,-14.474386215209961,0
1JTG,9,18.528446197509766,15.223714828491211,32.0372314453125,0.0,0.02512612831585287,-14.549277305603027,2
1JTG,10,17.81560707092285,15.04768180847168,45.85000228881836,0.0,0.014355135013634399,-16.218584060668945,1
1JTG,11,18.107074737548828,14.884198188781738,32.747947692871094,0.0,0.024390760044649493,-15.606776237487793,0
1JTG,12,7.8528313636779785,6.799138069152832,25.82512664794922,0.666666,0.27027367900408233,-15.179375648498535,2
1JTG,13,18.809770584106445,16.058988571166992,33.27490234375,0.0,0.023301841416329325,-15.635733604431152,0
1JTG,14,17.965158462524414,15.288080215454102,31.47333526611328,0.0,0.025838121743886708,-15.14263916015625,3
2A9K,0,19.981735229492188,16.077186584472656,44.69031524658203,0.0,0.014514000000378785,-16.619606018066406,1
2A9K,1,16.758466720581055,16.92765998840332,36.112300872802734,0.0,0.02009498544879851,-15.706607818603516,1
2A9K,2,18.518522262573242,17.246360778808594,52.51604461669922,0.0,0.011012067071197817,-16.14434051513672,4
2A9K,3,22.776470184326172,15.571747779846191,44.63725662231445,0.0,0.014728740027854388,-17.680070877075195,2
2A9K,4,21.921764373779297,14.899768829345703,42.411434173583984,0.0,0.01621647903768895,-17.990741729736328,0
2A9K,5,17.48642921447754,16.57766342163086,36.99050521850586,0.0,0.019425088601423928,-16.662805557250977,0
2A9K,6,17.233274459838867,14.55756950378418,36.0032958984375,0.0,0.021100351554381985,-18.119150161743164,5
2A9K,7,16.893335342407227,17.443378448486328,36.086124420166016,0.0,0.01996886440792405,-16.494537353515625,2
2A9K,8,15.11544132232666,17.441852569580078,32.89989471435547,0.0,0.023304871660323936,-15.612207412719727,2
2A9K,9,16.574949264526367,14.69750690460205,35.05208206176758,0.0,0.021949009459250445,-16.862558364868164,1
2A9K,10,15.284259796142578,17.161277770996094,31.716978073120117,0.0,0.02486356390549117,-15.34787654876709,2
2A9K,11,16.29909896850586,17.533170700073242,35.446537017822266,0.0,0.020547385767512586,-15.875282287597656,0
2A9K,12,21.278648376464844,15.773679733276367,43.62083435058594,0.0,0.015181270888898875,-19.011289596557617,0
2A9K,13,15.264567375183105,17.237045288085938,32.92658996582031,0.0,0.02333123786284515,-16.61615562438965,2
2A9K,14,15.667680740356445,17.89142608642578,35.37495422363281,0.0,0.02052145294099852,-15.990499496459961,1
5HGG,0,11.992005348205566,9.195901870727539,31.038349151611328,0.0,0.03189388458259223,-19.277118682861328,8
5HGG,1,10.267017364501953,6.508250713348389,25.978139877319336,0.193548,0.11356454392053321,-19.048185348510742,4
5HGG,2,11.418192863464355,9.635688781738281,26.479719161987305,0.032258,0.04977792157119254,-13.69188117980957,1
5HGG,3,8.911022186279297,5.477670192718506,24.595844268798828,0.16129,0.11257844671481841,-18.36333656311035,4
5HGG,4,9.336861610412598,6.103865146636963,24.44535255432129,0.16129,0.10870188003712095,-18.785032272338867,1
5HGG,5,6.236396789550781,4.171576499938965,16.773714065551758,0.16129,0.16003482276046038,-17.355602264404297,0
5HGG,6,8.592061996459961,5.882268905639648,20.664175033569336,0.096774,0.1008484206247408,-16.181493759155273,3
5HGG,7,9.836169242858887,6.444578647613525,23.050254821777344,0.258065,0.1430536172304208,-18.1527042388916,2
5HGG,8,10.788934707641602,6.709603786468506,27.34944725036621,0.129032,0.08823861922129979,-16.1278133392334,6
5HGG,9,10.62300968170166,6.340762138366699,27.422386169433594,0.096774,0.07914258664770323,-16.62038230895996,9
5HGG,10,11.000530242919922,6.649283409118652,28.011852264404297,0.225806,0.11951528400815616,-17.906436920166016,5
5HGG,11,14.039294242858887,12.927677154541016,53.24143981933594,0.0,0.012712931334539277,-17.452543258666992,0
5HGG,12,11.519393920898438,7.63885498046875,26.517671585083008,0.129032,0.08644423432365929,-19.336715698242188,4
5HGG,13,9.185564994812012,5.849388122558594,23.062026977539062,0.193548,0.12494947531020613,-18.18918228149414,2
5HGG,14,5.3370041847229,3.7061703205108643,14.187837600708008,0.290323,0.23173293250410754,-17.741718292236328,2
3BX7,0,16.251968383789062,15.450848579406738,25.89990997314453,0.0,0.03552353248750743,-18.896970748901367,2
3BX7,1,18.429357528686523,13.901196479797363,44.2321662902832,0.0,0.0157075605673723,-16.277379989624023,1
3BX7,2,10.066537857055664,9.160819053649902,18.89067268371582,0.0,0.0648279044940034,-15.15308666229248,7
3BX7,3,15.229107856750488,11.869604110717773,25.6442928314209,0.0,0.03823601970313658,-16.677148818969727,0
3BX7,4,11.086350440979004,8.917655944824219,20.474891662597656,0.0,0.05817408684113795,-21.368383407592773,0
3BX7,5,16.54123878479004,15.321491241455078,27.278451919555664,0.0,0.03266531386364813,-16.750661849975586,8
3BX7,6,11.655491828918457,10.605154991149902,19.965322494506836,0.0,0.057684796102626286,-14.925139427185059,2
3BX7,7,15.973847389221191,15.15025520324707,32.364864349365234,0.0,0.02474389965369861,-14.67807674407959,0
3BX7,8,14.41427230834961,11.85356330871582,24.166595458984375,0.0,0.04195073603067697,-17.764991760253906,0
3BX7,9,9.096484184265137,6.611470699310303,24.131576538085938,0.0,0.05310986121240543,-17.510095596313477,7
3BX7,10,10.313920021057129,9.784727096557617,20.046972274780273,0.0,0.058448444640621156,-12.793769836425781,3
3BX7,11,18.532960891723633,18.645174026489258,37.487892150878906,0.0,0.018442556284342677,-14.089390754699707,14
3BX7,12,8.18413257598877,7.4598469734191895,14.50648307800293,0.0,0.09814754720881474,-15.746589660644531,3
3BX7,13,7.1786041259765625,7.4168171882629395,12.040380477905273,0.0,0.12396864749963643,-15.20044994354248,4
3BX7,14,8.483739852905273,8.504523277282715,14.291707992553711,0.0,0.09715647526707975,-15.22087287902832,0
1DQJ,0,11.900818824768066,14.489215850830078,25.27091407775879,0.0,0.037413329246400236,-16.220842361450195,7
1DQJ,1,9.282665252685547,11.496160507202148,21.776296615600586,0.0,0.04965164471384142,-20.75933074951172,0
1DQJ,2,13.757568359375,14.522721290588379,29.824899673461914,0.0,0.028559009176897326,-13.638880729675293,58
1DQJ,3,11.420687675476074,13.631688117980957,24.01477813720703,0.0,0.04109849867266671,-17.162517547607422,3
1DQJ,4,11.722917556762695,14.584256172180176,24.35041618347168,0.0,0.03969421879074529,-17.274423599243164,2
1DQJ,5,13.313876152038574,13.443194389343262,29.829647064208984,0.0,0.029132189200930466,-13.146394729614258,66
1DQJ,6,13.846100807189941,13.921844482421875,30.278377532958984,0.0,0.028175662564947083,-15.012444496154785,55
1DQJ,7,14.447725296020508,15.415621757507324,34.14842224121094,0.0,0.022574104562588057,-13.437504768371582,51
1DQJ,8,9.014310836791992,8.498366355895996,20.415956497192383,0.0,0.05931486726722851,-13.333600997924805,67
1DQJ,9,12.241068840026855,15.349796295166016,27.031919479370117,0.0,0.033145676344485085,-16.865995407104492,4
1DQJ,10,11.905336380004883,14.97916316986084,25.88059425354004,0.0,0.03576433698581249,-19.429718017578125,0
1DQJ,11,8.471517562866211,8.543608665466309,19.44278335571289,0.181818,0.1240598815691577,-13.611485481262207,47
1DQJ,12,23.381826400756836,19.993532180786133,53.96196746826172,0.0,0.009936144770089375,-13.066192626953125,55
1DQJ,13,12.111193656921387,11.891033172607422,27.571199417114258,0.0,0.03415281745769722,-14.5693941116333,66
1DQJ,14,11.67313289642334,14.482244491577148,24.413677215576172,0.0,0.03957589548786438,-19.120361328125,1
1GXD,0,24.66276741027832,15.078893661499023,64.02175903320312,0.0,0.009040168569573211,-11.838082313537598,6
1GXD,1,38.8288688659668,35.88239669799805,101.07102966308594,0.0,0.0029224924375124504,-14.205789566040039,16
1GXD,2,10.615131378173828,13.316848754882812,22.527271270751953,0.0,0.04571868887819536,-15.97669506072998,6
1GXD,3,24.914051055908203,15.730842590332031,63.95259094238281,0.0,0.008789716362499264,-12.15588092803955,19
1GXD,4,26.230573654174805,15.04676628112793,67.62200927734375,0.0,0.008464850194565028,-14.467336654663086,10
1GXD,5,39.0190315246582,34.85511779785156,100.5848388671875,0.0,0.0029797343766596912,-13.917901039123535,21
1GXD,6,38.380455017089844,36.74177169799805,96.30805206298828,0.0,0.0031310974600243283,-15.968671798706055,15
1GXD,7,10.055191040039062,13.676121711730957,22.37548065185547,0.0,0.04599894796707373,-13.442878723144531,6
1GXD,8,38.83860778808594,36.9267578125,98.73863983154297,0.0,0.0030012006190376687,-16.27478790283203,6
1GXD,9,38.8350830078125,37.1485481262207,98.7266845703125,0.0,0.0029952635425926463,-16.29517364501953,7
1GXD,10,37.64332962036133,30.97189712524414,97.45369720458984,0.0,0.0032967076977709607,-14.38131332397461,13
1GXD,11,22.730300903320312,21.49931526184082,63.58746337890625,0.0,0.007466438377877521,-14.868478775024414,5
1GXD,12,18.526504516601562,20.03753662109375,58.123477935791016,0.0,0.008837057308242071,-12.178760528564453,5
1GXD,13,25.769702911376953,16.123228073120117,66.17478942871094,0.0,0.008270659682339102,-12.1776704788208,13
1GXD,14,37.820613861083984,37.30068588256836,99.44831085205078,0.0,0.0029556452866208206,-14.425078392028809,12
2VIS,0,38.33247756958008,37.86181640625,104.80562591552734,0.0,0.0027005807737745784,-14.038735389709473,4
2VIS,1,29.22126007080078,19.21795654296875,62.74107360839844,0.0,0.008026186629546895,-13.793529510498047,21
2VIS,2,21.519683837890625,19.673940658569336,36.95092010498047,0.0,0.018678684773323573,-16.777875900268555,1
2VIS,3,22.24750328063965,20.344392776489258,39.427032470703125,0.0,0.016606911732045242,-15.436844825744629,0
2VIS,4,22.530271530151367,17.72051429748535,46.78229904174805,0.0,0.013023830322923492,-12.997041702270508,0
2VIS,5,18.520017623901367,14.424999237060547,41.68703842163086,0.0,0.016871088958250475,-15.828041076660156,0
2VIS,6,22.20496368408203,17.811222076416016,40.39169692993164,0.0,0.01648306923149544,-14.004342079162598,0
2VIS,7,33.268882751464844,29.75487518310547,80.39006805419922,0.0,0.004530362542290083,-17.39463233947754,2
2VIS,8,20.57721710205078,19.5953426361084,35.25109100341797,0.0,0.020257723100149776,-16.12944984436035,0
2VIS,9,32.936126708984375,29.568103790283203,77.76693725585938,0.0,0.00479087333044335,-16.631906509399414,1
2VIS,10,36.86882781982422,33.642906188964844,104.2296142578125,0.0,0.0028635143754630267,-13.384435653686523,8
2VIS,11,26.162090301513672,15.21944808959961,53.94609451293945,0.0,0.011281818525697677,-15.776023864746094,7
2VIS,12,34.55561447143555,32.898529052734375,76.53631591796875,0.0,0.004752753515826491,-14.381050109863281,44
2VIS,13,21.20321273803711,15.092949867248535,37.88808822631836,0.0,0.019233153081642976,-11.234777450561523,13
2VIS,14,58.06480026245117,63.5053596496582,137.0582733154297,0.0,0.0014630065028499513,0.0,0
2SNI,0,8.69340705871582,8.213245391845703,25.095687866210938,0.058824,0.064671873948164,-14.856653213500977,1
2SNI,1,2.4128146171569824,2.591270685195923,5.863226413726807,0.235294,0.3879573026104111,-17.806842803955078,1
2SNI,2,3.4387240409851074,3.560858964920044,8.512901306152344,0.294118,0.314688606187854,-17.819488525390625,2
2SNI,3,7.206582546234131,7.284498691558838,16.660215377807617,0.235294,0.16083665839358977,-22.843120574951172,1
2SNI,4,4.544163703918457,4.487475395202637,11.097448348999023,0.382353,0.2842012649281989,-18.860475540161133,1
2SNI,5,5.103044033050537,4.424397945404053,17.007457733154297,0.235294,0.17941502220733793,-21.094240188598633,0
2SNI,6,6.489490985870361,6.176756381988525,17.90406036376953,0.235294,0.15830573307623336,-18.401470184326172,3
2SNI,7,7.3122100830078125,7.371410846710205,17.03573226928711,0.235294,0.15812807907808366,-24.933544158935547,0
2SNI,8,5.354223728179932,4.771739482879639,17.941865921020508,0.323529,0.19891993448302595,-17.836896896362305,3
2SNI,9,2.6898491382598877,2.374976634979248,9.10777473449707,0.558824,0.4365000650072655,-22.782573699951172,2
2SNI,10,7.698268413543701,7.423582553863525,19.41766357421875,0.264706,0.15491316053119744,-21.165367126464844,3
2SNI,11,7.200926303863525,7.255073547363281,16.77276611328125,0.235294,0.1602096556936547,-21.81648063659668,2
2SNI,12,5.527462005615234,4.776425838470459,18.986244201660156,0.323529,0.19342084172857055,-19.65345573425293,6
2SNI,13,2.4153153896331787,1.9857534170150757,7.050394535064697,0.235294,0.3970038216988205,-22.233200073242188,1
2SNI,14,7.271301746368408,7.3775224685668945,16.866609573364258,0.088235,0.1101552519900106,-18.923173904418945,1
3A4S,0,15.240303993225098,16.838171005249023,45.35183334350586,0.0,0.013936285458385685,-19.360132217407227,0
3A4S,1,15.566893577575684,16.09953498840332,48.726959228515625,0.0,0.012712398922211985,-19.807846069335938,0
3A4S,2,14.396639823913574,16.481307983398438,38.005027770996094,0.0,0.018617872880782975,-17.020809173583984,0
3A4S,3,15.3261137008667,16.721099853515625,45.496829986572266,0.0,0.013903311375391627,-23.29684066772461,0
3A4S,4,14.546825408935547,16.62465476989746,43.49274444580078,0.0,0.014954958756382447,-15.918108940124512,0
3A4S,5,14.987502098083496,15.872176170349121,43.89729309082031,0.0,0.014997062237277948,-19.14396858215332,0
3A4S,6,13.327576637268066,15.653895378112793,43.303409576416016,0.0,0.015399514446336986,-18.171398162841797,0
3A4S,7,15.22927188873291,16.496442794799805,45.045021057128906,0.0,0.014194546805256794,-22.193700790405273,0
3A4S,8,15.288628578186035,15.672526359558105,45.60652542114258,0.0,0.014215754200599609,-15.124282836914062,0
3A4S,9,17.903705596923828,18.453439712524414,53.41117858886719,0.0,0.010421602869424507,-18.6522274017334,0
3A4S,10,15.859804153442383,17.162044525146484,47.05459213256836,0.0,0.013060444421766765,-21.457983016967773,0
3A4S,11,15.370266914367676,18.167627334594727,46.756439208984375,0.0,0.012920733416138098,-16.21795654296875,0
3A4S,12,14.85655403137207,17.159761428833008,43.316402435302734,0.0,0.014887292554779491,-17.797685623168945,0
3A4S,13,14.762214660644531,14.045267105102539,45.7404670715332,0.0,0.014885848420104738,-19.880674362182617,0
3A4S,14,11.00733757019043,11.441055297851562,27.097841262817383,0.0,0.03549278992773053,-14.277456283569336,0
4GXU,0,33.866844177246094,32.41019821166992,74.131591796875,0.0,0.005037984382460735,-13.5887451171875,55
4GXU,1,55.881771087646484,34.81268310546875,88.92037200927734,0.0,0.0036360130230493758,-11.218164443969727,199
4GXU,2,39.28388595581055,25.32225227355957,81.42765045166016,0.0,0.004758634750331762,-11.889091491699219,121
4GXU,3,36.85502243041992,22.375659942626953,79.91352844238281,0.0,0.005220271439781228,-14.03596305847168,51
4GXU,4,36.93364334106445,26.63270378112793,79.02603149414062,0.0,0.004866279873502473,-10.965009689331055,116
4GXU,5,31.106536865234375,25.607419967651367,74.96123504638672,0.0,0.005371338308653644,-13.70931339263916,118
4GXU,6,30.57076644897461,24.548871994018555,67.65203094482422,0.0,0.006420153093260349,-14.06753921508789,76
4GXU,7,47.21461868286133,31.373876571655273,89.05320739746094,0.0,0.003769601577634707,-13.118618965148926,102
4GXU,8,54.30585861206055,34.54400634765625,90.53601837158203,0.0,0.003539809551099822,-11.255668640136719,162
4GXU,9,55.230953216552734,34.76650619506836,83.91748809814453,0.0,0.004004498941736626,-12.008322715759277,133
4GXU,10,56.25233840942383,35.69080352783203,85.48403930664062,0.0,0.003851161427873286,-14.068303108215332,51
4GXU,11,42.047611236572266,30.0025691986084,88.97035217285156,0.0,0.0038460622437500916,-12.804777145385742,66
4GXU,12,42.08317565917969,35.36028289794922,83.13853454589844,0.0,0.004046981633965616,-12.737473487854004,119
4GXU,13,42.13495635986328,33.10498809814453,80.0367202758789,0.0,0.00440058036232368,-13.690593719482422,63
4GXU,14,38.088836669921875,27.65372657775879,76.07794189453125,0.0,0.005087574454362079,-13.51856803894043,116
1FC2,0,7.558277606964111,9.398192405700684,36.560428619384766,0.0,0.025373869790856568,-15.794285774230957,17
1FC2,1,7.385770797729492,10.1646089553833,41.07759475708008,0.0,0.020791016366872316,-18.438594818115234,5
1FC2,2,10.195978164672852,11.468610763549805,44.21994400024414,0.0,0.017483700273527723,-14.009125709533691,24
1FC2,3,7.945613861083984,10.49323558807373,36.2563591003418,0.0,0.024041542077321437,-16.754053115844727,2
1FC2,4,16.491838455200195,18.474647521972656,44.004390716552734,0.0,0.01417290017326646,-18.527536392211914,7
1FC2,5,13.0684232711792,13.680205345153809,23.034189224243164,0.0,0.043910776657530896,-15.932574272155762,0
1FC2,6,16.213808059692383,21.56829833984375,54.70111083984375,0.0,0.009463390828043408,-17.412939071655273,0
1FC2,7,18.056968688964844,18.688241958618164,32.643463134765625,0.0,0.023299439230148603,-16.509601593017578,2
1FC2,8,16.767789840698242,17.032135009765625,36.061283111572266,0.0,0.020110405580497277,-20.809673309326172,0
1FC2,9,9.873473167419434,11.51286506652832,39.9995002746582,0.0,0.019966059190128515,-15.528770446777344,0
1FC2,10,7.054576396942139,10.057181358337402,39.63896942138672,0.0,0.021907307591266228,-16.920738220214844,0
1FC2,11,10.355680465698242,13.105199813842773,39.23049545288086,0.0,0.01925713000703783,-17.91541290283203,3
1FC2,12,4.296182632446289,5.299417972564697,19.390897750854492,0.0,0.07845149894135907,-18.05307960510254,0
1FC2,13,12.050803184509277,15.265318870544434,39.556827545166016,0.0,0.017899629565665754,-15.531692504882812,15
1FC2,14,8.16883659362793,11.404630661010742,39.62697982788086,0.0,0.0203304493738589,-14.61999797821045,3
1ACB,0,21.814294815063477,21.519216537475586,72.85311126708984,0.0,0.006088371835625657,-2.47104811668396,0
1ACB,1,4.505849361419678,3.6548244953155518,13.01197624206543,0.275862,0.23970562277546267,-22.030424118041992,3
1ACB,2,12.450090408325195,12.829154014587402,38.58317565917969,0.0,0.01992442014765918,-17.113588333129883,0
1ACB,3,14.270401000976562,15.885305404663086,48.86893844604492,0.0,0.012734168374002902,-15.378524780273438,0
1ACB,4,5.301999568939209,5.202836513519287,15.96721363067627,0.0,0.09918412800469335,-20.156044006347656,0
1ACB,5,3.5204153060913086,3.5939455032348633,11.111088752746582,0.0,0.17250982790631678,-18.23065948486328,0
1ACB,6,4.640379905700684,3.955705165863037,12.935039520263672,0.413793,0.280365380035166,-24.270814895629883,2
1ACB,7,22.665449142456055,23.693185806274414,76.57110595703125,0.0,0.0053882769566774855,-1.160276174545288,0
1ACB,8,8.753467559814453,8.756512641906738,23.615459442138672,0.034483,0.05922800238282135,-16.538408279418945,1
1ACB,9,21.09552001953125,20.351930618286133,68.29032135009766,0.0,0.0068862905414426995,-7.663132667541504,0
1ACB,10,2.423837661743164,2.5225911140441895,7.1713714599609375,0.310345,0.3852464908528425,-16.19837188720703,2
1ACB,11,4.275688648223877,4.110459327697754,11.293810844421387,0.344828,0.2746526990506782,-21.66828727722168,0
1ACB,12,8.969476699829102,8.12536907196045,26.868610382080078,0.068966,0.06429927364786621,-16.887901306152344,3
1ACB,13,5.047832012176514,5.403377532958984,11.90523624420166,0.103448,0.17087971986933656,-18.990020751953125,3
1ACB,14,6.273281574249268,6.727954387664795,15.39576530456543,0.068966,0.11664216532554479,-20.257051467895508,0
3H2V,0,18.625268936157227,21.128389358520508,49.72079086303711,0.0,0.011136853415757826,-24.453731536865234,0
3H2V,1,18.421531677246094,18.059961318969727,50.471622467041016,0.0,0.011477109244896234,-21.183292388916016,0
3H2V,2,14.835380554199219,15.469931602478027,42.9366455078125,0.0,0.015675571138594937,-23.358230590820312,0
3H2V,3,13.135113716125488,15.444710731506348,43.1870231628418,0.0,0.015545707280975355,-19.40179443359375,0
3H2V,4,14.893768310546875,17.053861618041992,43.15010070800781,0.0,0.015010427624297802,-24.948911666870117,0
3H2V,5,18.764705657958984,18.009727478027344,51.73773193359375,0.0,0.011057009777693536,-20.757320404052734,0
3H2V,6,18.575727462768555,20.061233520507812,49.732757568359375,0.0,0.01131398986567004,-27.485692977905273,0
3H2V,7,14.915607452392578,13.847180366516113,48.009239196777344,0.0,0.013997325591203341,-21.947370529174805,0
3H2V,8,14.164144515991211,13.279707908630371,45.35765838623047,0.0,0.015508340319712538,-22.60985565185547,0
3H2V,9,12.944782257080078,15.102035522460938,41.85688018798828,0.0,0.01645810198433069,-24.22000503540039,0
3H2V,10,18.92734718322754,21.06011962890625,50.24170684814453,0.0,0.010957830530057165,-22.347932815551758,0
3H2V,11,18.809959411621094,18.62267303466797,52.87086486816406,0.0,0.010547156798991613,-17.59676170349121,0
3H2V,12,13.314241409301758,15.10214614868164,40.73678970336914,0.0,0.017163317249214053,-18.93228530883789,0
3H2V,13,13.171757698059082,15.332344055175781,42.431941986083984,0.0,0.01602023079440051,-19.01656150817871,0
3H2V,14,12.87203598022461,15.316253662109375,42.439422607421875,0.0,0.01602245255790084,-19.72241973876953,0
5CBA,0,9.359925270080566,12.275386810302734,21.46674156188965,0.0,0.0500825130408963,-21.283695220947266,0
5CBA,1,8.996137619018555,11.918099403381348,21.265602111816406,0.0,0.05111668788365354,-16.846542358398438,0
5CBA,2,8.899441719055176,11.357179641723633,20.277801513671875,0.0,0.0555315869059197,-18.073328018188477,0
5CBA,3,10.027095794677734,12.845207214355469,28.010005950927734,0.0,0.032592445736034266,-17.613088607788086,7
5CBA,4,9.148685455322266,11.884160041809082,21.16631507873535,0.0,0.051517790194098245,-19.764795303344727,0
5CBA,5,8.944290161132812,11.597030639648438,21.781578063964844,0.0,0.049538044834018406,-17.794641494750977,0
5CBA,6,13.29919719696045,14.557441711425781,34.382652282714844,0.0,0.022700734680956517,-17.73601722717285,34
5CBA,7,8.584343910217285,11.50294017791748,19.295480728149414,0.0,0.05974614098881778,-17.670957565307617,0
5CBA,8,9.176046371459961,11.974834442138672,21.186769485473633,0.0,0.05136319620004387,-19.95183753967285,0
5CBA,9,8.526205062866211,10.980685234069824,20.32076072692871,0.0,0.05574382220181281,-15.1786527633667,1
5CBA,10,9.05921745300293,11.759346008300781,20.849925994873047,0.0,0.052841363959762744,-19.907135009765625,0
5CBA,11,10.97569751739502,11.530426025390625,27.340892791748047,0.0,0.03492530812255293,-19.56090545654297,8
5CBA,12,9.959567070007324,13.372838973999023,23.795013427734375,0.0,0.0418631590717978,-17.447452545166016,5
5CBA,13,8.940434455871582,11.929803848266602,21.311397552490234,0.0,0.050936573010653095,-16.65482521057129,1
5CBA,14,9.446122169494629,12.305706977844238,21.88397789001465,0.0,0.04857609760958168,-21.36418342590332,0
6A0Z,0,23.877687454223633,14.24985408782959,43.91196060180664,0.0,0.015691637142664413,-13.243590354919434,40
6A0Z,1,28.207345962524414,17.32530403137207,59.098567962646484,0.0,0.009235726480101339,-17.684839248657227,25
6A0Z,2,30.99940299987793,19.47877311706543,70.75235748291016,0.0,0.006707579349829136,-13.63760757446289,17
6A0Z,3,31.643253326416016,11.091114044189453,60.66979217529297,0.0,0.01240437411870792,-15.074767112731934,91
6A0Z,4,15.684919357299805,17.766021728515625,29.586122512817383,0.0,0.027774757818123177,-14.478039741516113,2
6A0Z,5,19.986679077148438,18.987503051757812,34.413238525390625,0.0,0.021234073753811283,-15.544194221496582,4
6A0Z,6,18.843870162963867,16.364295959472656,37.352684020996094,0.0,0.01918879638944676,-15.163467407226562,35
6A0Z,7,19.12835121154785,17.326791763305664,33.681209564208984,0.0,0.02243804776647844,-14.319127082824707,18
6A0Z,8,20.65398406982422,14.288800239562988,39.16768264770508,0.0,0.018625884958934698,-13.736252784729004,25
6A0Z,9,26.44025230407715,12.979314804077148,50.98565673828125,0.0,0.013407289945537568,-15.190288543701172,106
6A0Z,10,28.013320922851562,27.306486129760742,66.31866455078125,0.0,0.006390085496842539,-13.196235656738281,13
6A0Z,11,19.255008697509766,12.898855209350586,34.67209243774414,0.0,0.023345317640913396,-12.883313179016113,35
6A0Z,12,24.762298583984375,15.065345764160156,45.15721893310547,0.0,0.014678244205443674,-13.53364372253418,21
6A0Z,13,26.168935775756836,13.552444458007812,47.17435073852539,0.0,0.014515655947706832,-13.852823257446289,71
6A0Z,14,25.008230209350586,21.721899032592773,59.027618408203125,0.0,0.008353595358303876,-15.60013198852539,13
5SV3,0,19.5108642578125,16.717937469482422,28.695903778076172,0.0,0.02954961010010119,-16.297466278076172,3
5SV3,1,17.374128341674805,16.315635681152344,27.862123489379883,0.0,0.031175635340172658,-16.346759796142578,5
5SV3,2,15.775596618652344,13.312152862548828,27.009796142578125,0.0,0.03421649255934122,-13.998300552368164,0
5SV3,3,12.927919387817383,11.016814231872559,27.742691040039062,0.0,0.03467266621803705,-14.758611679077148,0
5SV3,4,18.904991149902344,16.97713851928711,38.111610412597656,0.0,0.01837698593628855,-17.183013916015625,14
5SV3,5,19.386146545410156,16.812543869018555,28.534149169921875,0.0,0.02980075961229353,-16.98518943786621,4
5SV3,6,17.25166893005371,16.03349494934082,25.08452796936035,0.0,0.03722414698678158,-15.485457420349121,0
5SV3,7,19.583831787109375,16.847747802734375,31.357664108276367,0.0,0.025437334712800075,-15.772151947021484,5
5SV3,8,17.338504791259766,15.436196327209473,33.83296585083008,0.0,0.022908570649199,-17.997577667236328,1
5SV3,9,18.668432235717773,17.87051773071289,29.684465408325195,0.0,0.027592058360723173,-13.971125602722168,0
5SV3,10,15.046904563903809,12.746585845947266,25.512313842773438,0.0,0.037857408256758734,-20.119068145751953,0
5SV3,11,18.00298500061035,15.922737121582031,27.976472854614258,0.0,0.031102014271847975,-17.338685989379883,9
5SV3,12,18.801000595092773,16.526599884033203,27.361133575439453,0.0,0.03206189940627453,-15.929482460021973,2
5SV3,13,17.469711303710938,17.208736419677734,29.138608932495117,0.0,0.02865384031707918,-15.235783576965332,5
5SV3,14,17.559274673461914,16.65888214111328,39.75016784667969,0.0,0.017256203321232504,-17.3568058013916,3
1M10,0,20.087961196899414,21.91742706298828,46.0434455871582,0.0,0.012539680850980492,-15.195980072021484,0
1M10,1,20.701292037963867,22.869991302490234,49.06153106689453,0.0,0.011141618900563796,-20.605907440185547,0
1M10,2,8.557090759277344,10.61727523803711,32.3817253112793,0.0,0.02801019706761541,-14.380019187927246,6
1M10,3,18.633974075317383,20.448043823242188,47.78388214111328,0.0,0.01200821530083223,-16.126543045043945,1
1M10,4,18.58582305908203,18.35774040222168,37.87441635131836,0.166667,0.07375031494330257,-16.972253799438477,4
1M10,5,46.134979248046875,57.293338775634766,115.6365966796875,0.0,0.002019697899094189,0.0,0
1M10,6,19.065584182739258,21.389537811279297,48.922142028808594,0.0,0.01139891210485548,-16.054235458374023,2
1M10,7,12.738509178161621,16.748502731323242,53.2718620300293,0.0,0.010928061871643262,-14.047840118408203,2
1M10,8,12.537450790405273,13.570473670959473,42.267093658447266,0.0,0.016980123669711033,-13.207284927368164,6
1M10,9,13.173233032226562,14.562837600708008,37.948543548583984,0.0,0.01942386720445571,-17.190637588500977,0
1M10,10,18.0771484375,19.01906967163086,44.59140396118164,0.333333,0.12485886976623145,-14.899738311767578,6
1M10,11,19.09737205505371,20.691682815551758,44.548912048339844,0.0,0.013451393444868204,-15.966899871826172,0
1M10,12,18.48837661743164,19.747882843017578,44.90304183959961,0.0,0.01344336786210421,-14.819518089294434,2
1M10,13,18.51689910888672,20.318397521972656,46.47956085205078,0.0,0.012593975094800635,-15.007314682006836,3
1M10,14,17.628997802734375,19.901012420654297,52.33755874633789,0.0,0.010449101255343882,-15.722517967224121,0
2FJU,0,7.753559589385986,9.885611534118652,22.03353500366211,0.0,0.05068309963370476,-11.054275512695312,17
2FJU,1,19.24129295349121,17.287038803100586,55.57340621948242,0.0,0.010110667676580249,-11.551422119140625,10
2FJU,2,17.555023193359375,17.707435607910156,51.76697540283203,0.0,0.011125885670065554,-12.28538990020752,13
2FJU,3,25.377370834350586,23.25176429748535,67.0843505859375,0.0,0.0066484092650209775,-10.461177825927734,47
2FJU,4,26.180267333984375,20.071870803833008,64.89035034179688,0.0,0.007474253378437657,-11.322311401367188,113
2FJU,5,17.862409591674805,17.41233253479004,52.775146484375,0.0,0.010883692682981316,-12.630884170532227,17
2FJU,6,26.490650177001953,16.879098892211914,65.09049987792969,0.0,0.008200886197593129,-11.690680503845215,118
2FJU,7,19.18662452697754,16.775819778442383,54.0572395324707,0.0,0.010686538051082127,-11.707966804504395,17
2FJU,8,26.493877410888672,18.186262130737305,73.9913101196289,0.0,0.006594033403636519,-12.30123519897461,21
2FJU,9,17.72110939025879,15.200423240661621,50.29178237915039,0.0,0.012472137527295498,-12.279647827148438,10
2FJU,10,18.788558959960938,16.144779205322266,54.05743408203125,0.0,0.010895393563781363,-11.984561920166016,9
2FJU,11,26.38389778137207,18.712127685546875,65.27865600585938,0.0,0.007685711929207461,-12.063186645507812,101
2FJU,12,25.066390991210938,19.544052124023438,69.5359878540039,0.0,0.006859457767386869,-9.851466178894043,36
2FJU,13,21.81605339050293,15.8482666015625,61.89244079589844,0.0,0.009130129369682884,-12.297916412353516,7
2FJU,14,24.823421478271484,15.416853904724121,66.41038513183594,0.0,0.008498558631795989,-10.950907707214355,75
1AHW,0,17.879972457885742,18.368595123291016,34.2160758972168,0.0,0.021583446905708483,-15.105835914611816,3
1AHW,1,12.422237396240234,14.602925300598145,31.831342697143555,0.0,0.02566706801193712,-14.105935096740723,9
1AHW,2,15.494585990905762,15.577873229980469,31.594524383544922,0.0,0.02556025533487354,-14.616654396057129,4
1AHW,3,17.6224365234375,18.95553207397461,39.11398696899414,0.0,0.017106178836261428,-19.155370712280273,0
1AHW,4,18.50839614868164,20.35138511657715,52.205902099609375,0.0,0.010409270269777946,-14.794989585876465,10
1AHW,5,18.653640747070312,18.524276733398438,38.01914978027344,0.0,0.018039652232688816,-15.32555103302002,4
1AHW,6,16.011486053466797,16.464920043945312,36.61835479736328,0.0,0.019786057344634653,-16.914230346679688,4
1AHW,7,18.878416061401367,16.78713607788086,41.87739944458008,0.0,0.01582966791398147,-16.443796157836914,1
1AHW,8,15.616056442260742,15.087505340576172,31.328847885131836,0.0,0.02611748650566857,-16.21217918395996,0
1AHW,9,18.94553565979004,15.661253929138184,40.419551849365234,0.0,0.017146922349102412,-13.72500991821289,11
1AHW,10,21.767778396606445,19.15560531616211,41.91089630126953,0.0,0.015200609212479161,-16.92848777770996,8
1AHW,11,19.35529327392578,20.197053909301758,48.0886116027832,0.0,0.011927336315588337,-13.45773696899414,47
1AHW,12,15.969058990478516,16.052234649658203,32.631011962890625,0.0,0.02406631423965945,-15.979870796203613,3
1AHW,13,18.178293228149414,18.02786636352539,37.56441116333008,0.0,0.01852773501545913,-16.143606185913086,3
1AHW,14,17.222925186157227,21.861108779907227,48.115962982177734,0.0,0.011649685501911847,-17.837078094482422,0
1OC0,0,4.380805969238281,7.067770481109619,16.041790008544922,0.0,0.08743768437024001,-23.156206130981445,0
1OC0,1,10.496630668640137,16.45979881286621,38.67185592651367,0.0,0.018107089107333156,-18.733572006225586,1
1OC0,2,1.3551779985427856,2.6044371128082275,4.91336727142334,0.25,0.41621134987111885,-21.4124698638916,0
1OC0,3,8.891562461853027,13.009343147277832,35.01909255981445,0.0,0.022919157228683647,-21.642709732055664,0
1OC0,4,10.515524864196777,15.039605140686035,39.79353332519531,0.0,0.017828191115547645,-21.8828125,0
1OC0,5,9.53079605102539,13.154973983764648,36.56364059448242,0.0,0.021368981798108703,-22.407306671142578,0
1OC0,6,1.8989380598068237,3.6010348796844482,6.727509021759033,0.0,0.2542336992013957,-23.152801513671875,0
1OC0,7,6.698037624359131,9.150818824768066,26.615697860717773,0.0,0.03957274211168593,-22.546926498413086,0
1OC0,8,2.0163466930389404,3.3286643028259277,7.403726100921631,0.0,0.24579934114473698,-25.16267967224121,0
1OC0,9,19.168134689331055,25.364309310913086,67.91461944580078,0.0,0.006302621647392585,-17.540695190429688,2
1OC0,10,3.3094918727874756,3.622659206390381,12.270452499389648,0.0,0.15687190216401312,-22.61151885986328,0
1OC0,11,11.44024658203125,17.092933654785156,42.486419677734375,0.0,0.015375789836014163,-16.88277244567871,0
1OC0,12,3.609712600708008,6.093389987945557,13.505807876586914,0.0,0.11361719967373153,-27.015668869018555,0
1OC0,13,8.875096321105957,11.160249710083008,34.00583267211914,0.0,0.025516284704680304,-21.169445037841797,0
1OC0,14,8.993228912353516,13.592103958129883,35.376834869384766,0.0,0.02220377930177861,-20.24138641357422,0
2O3B,0,18.771432876586914,15.470588684082031,57.385982513427734,0.0,0.010260600171935334,-17.629980087280273,1
2O3B,1,2.7463626861572266,2.865901231765747,6.057741641998291,0.25,0.3760688772299994,-17.880460739135742,0
2O3B,2,9.001770973205566,7.231926918029785,26.04471778869629,0.0,0.045835073036127216,-15.743462562561035,2
2O3B,3,3.077890157699585,2.8337435722351074,8.552696228027344,0.0,0.23859308016997027,-18.49652862548828,0
2O3B,4,4.519762992858887,4.000828742980957,10.002161979675293,0.0,0.1808620306962477,-17.74538803100586,1
2O3B,5,5.3659257888793945,5.317810535430908,10.856658935546875,0.0,0.1512430688787101,-20.6594181060791,0
2O3B,6,9.609113693237305,9.257970809936523,17.37021255493164,0.25,0.15625830140427457,-14.592759132385254,5
2O3B,7,10.589219093322754,10.2255220413208,18.86655616760254,1.0,0.3965986524960799,-15.183990478515625,3
2O3B,8,1.7865113019943237,1.3899359703063965,4.106557369232178,0.75,0.6995970235064122,-21.246679306030273,0
2O3B,9,6.37047815322876,6.345381736755371,12.639521598815918,0.75,0.3714454145209127,-23.903366088867188,0
2O3B,10,10.985252380371094,10.397482872009277,19.50101089477539,0.25,0.14334761784436037,-16.563615798950195,0
2O3B,11,9.049153327941895,8.021021842956543,17.820068359375,0.5,0.23971321599301967,-14.545708656311035,6
2O3B,12,6.464534759521484,6.329268932342529,12.649788856506348,0.0,0.12141452441101143,-20.55815887451172,0
2O3B,13,8.724502563476562,8.667790412902832,15.770975112915039,0.25,0.16805780464848144,-14.373578071594238,6
2O3B,14,20.461244583129883,14.379310607910156,60.8501091003418,0.0,0.009967981521859631,-13.17958927154541,6
1KXP,0,19.440340042114258,21.85807991027832,85.73751068115234,0.0,0.004806762355455465,-16.4621524810791,14
1KXP,1,31.922748565673828,23.86253547668457,49.88803482055664,0.0,0.010715580610761303,-16.72782325744629,17
1KXP,2,29.593318939208984,30.854324340820312,74.76789855957031,0.0,0.005039102166951398,-20.04574966430664,15
1KXP,3,25.168609619140625,28.94608497619629,87.15904998779297,0.0,0.00403309247536069,-17.56175422668457,6
1KXP,4,16.493066787719727,13.943198204040527,42.574371337890625,0.333333,0.1277021109580558,-14.105499267578125,34
1KXP,5,15.72935962677002,14.555807113647461,41.69309997558594,0.0,0.016804243809701917,-18.174114227294922,3
1KXP,6,19.131900787353516,20.53913688659668,87.60269927978516,0.0,0.004877362986820396,-16.218914031982422,13
1KXP,7,25.278377532958984,22.732139587402344,43.23710250854492,0.0,0.013848325727354366,-19.13114356994629,5
1KXP,8,22.096435546875,21.67685317993164,86.26726531982422,0.0,0.004793529516622367,-13.363511085510254,29
1KXP,9,30.216203689575195,22.662988662719727,57.28443908691406,0.0,0.008634881232145352,-18.940654754638672,14
1KXP,10,26.488975524902344,24.450115203857422,59.51364517211914,0.0,0.007913549983189832,-16.252140045166016,13
1KXP,11,19.606115341186523,22.29346466064453,88.82025146484375,0.0,0.004527312953916556,-17.03317642211914,11
1KXP,12,24.806293487548828,21.0847225189209,80.19681549072266,0.0,0.0053815203121951845,-17.480764389038086,7
1KXP,13,33.68152618408203,26.430522918701172,67.79419708251953,0.0,0.0062290762343269026,-13.717612266540527,24
1KXP,14,31.178356170654297,29.329437255859375,74.83499145507812,0.0,0.005115209687996825,-19.687583923339844,13
1UDI,0,10.320542335510254,11.320911407470703,23.487098693847656,0.0,0.04435261372485733,-18.92148208618164,2
1UDI,1,11.85539436340332,14.75972843170166,26.44076156616211,0.0,0.03462930282782842,-16.196651458740234,2
1UDI,2,9.946405410766602,10.682276725769043,23.736703872680664,0.0,0.04433132875200274,-21.005475997924805,0
1UDI,3,13.044864654541016,13.35819149017334,39.1048469543457,0.0,0.01918928354718655,-17.187278747558594,0
1UDI,4,10.912503242492676,11.692453384399414,31.823219299316406,0.0,0.027594391838202226,-15.106033325195312,0
1UDI,5,8.63306713104248,9.950464248657227,21.501680374145508,0.0,0.05245814450196088,-15.17833137512207,0
1UDI,6,11.154316902160645,12.64093017578125,25.59233856201172,0.0,0.03774548261504999,-18.762432098388672,0
1UDI,7,15.404973983764648,15.980849266052246,40.351234436035156,0.0,0.017073799838575075,-14.297087669372559,1
1UDI,8,10.339597702026367,12.075183868408203,23.727375030517578,0.0,0.04297779183176625,-16.87601661682129,0
1UDI,9,9.69451904296875,10.454583168029785,23.40468978881836,0.0,0.04556578193768238,-23.865278244018555,0
1UDI,10,9.343279838562012,10.114858627319336,22.836687088012695,0.0,0.04773331823337155,-15.919585227966309,0
1UDI,11,12.078685760498047,14.718852996826172,26.695037841796875,0.0,0.03411059579697023,-15.816695213317871,2
1UDI,12,10.322000503540039,11.172584533691406,24.20169448852539,0.0,0.04250431714148514,-17.851232528686523,0
1UDI,13,11.06930160522461,11.659379959106445,27.51680564880371,0.0,0.03446345933910022,-19.713211059570312,0
1UDI,14,10.158953666687012,11.192587852478027,24.799571990966797,0.0,0.04092333367764923,-14.354805946350098,0
3SGQ,0,13.519790649414062,12.340044975280762,38.76551055908203,0.0,0.020144391371776888,-21.322553634643555,0
3SGQ,1,11.350174903869629,10.099191665649414,35.357357025146484,0.0,0.02540661895898481,-20.36762046813965,4
3SGQ,2,10.80434513092041,10.43721866607666,34.974300384521484,0.0,0.025336166157266863,-22.68829345703125,4
3SGQ,3,10.889452934265137,12.30272102355957,31.44715690612793,0.0,0.02757758865948373,-19.37822151184082,0
3SGQ,4,10.606637001037598,11.266200065612793,33.342041015625,0.0,0.026147630061045646,-20.060304641723633,0
3SGQ,5,10.118413925170898,10.469754219055176,29.89727020263672,0.0,0.0316329545118216,-21.458038330078125,0
3SGQ,6,10.51945972442627,10.282527923583984,32.08053970336914,0.0,0.02881159708519208,-26.9609432220459,0
3SGQ,7,13.428033828735352,12.365615844726562,39.25587844848633,0.0,0.019762003187157068,-21.32910919189453,0
3SGQ,8,10.784334182739258,10.603483200073242,31.837495803833008,0.0,0.028718428569154273,-17.99789810180664,3
3SGQ,9,11.126310348510742,10.602106094360352,34.73976135253906,0.0,0.025369710829160636,-21.9569091796875,2
3SGQ,10,10.193220138549805,10.501066207885742,31.096302032470703,0.0,0.02983954913470881,-23.62765884399414,0
3SGQ,11,8.706345558166504,9.79265022277832,22.123165130615234,0.0,0.050518658646154485,-19.372989654541016,1
3SGQ,12,10.852327346801758,12.339756965637207,31.190845489501953,0.0,0.027897384481621813,-20.97333335876465,0
3SGQ,13,9.880513191223145,10.03004264831543,30.657766342163086,0.0,0.031086314038679674,-23.006500244140625,0
3SGQ,14,8.739309310913086,10.012422561645508,22.38355827331543,0.166667,0.10488302427810564,-17.37577247619629,0
3VLB,0,28.48516845703125,34.24824142456055,89.98966217041016,0.0,0.0035858295307048204,-19.47295570373535,0
3VLB,1,27.51207160949707,30.6562442779541,83.13981628417969,0.0,0.004244253231776171,-16.26205062866211,0
3VLB,2,26.611061096191406,28.85988998413086,86.34554290771484,0.0,0.004097300893189209,-17.10165786743164,0
3VLB,3,12.927638053894043,16.809612274169922,31.615291595458984,0.0,0.025103783620227988,-17.7768611907959,0
3VLB,4,23.16434669494629,24.93808937072754,70.49984741210938,0.0,0.005977708689745745,-15.9910306930542,3
3VLB,5,17.702518463134766,19.306610107421875,36.850563049316406,0.0,0.01883899755135675,-14.474384307861328,0
3VLB,6,25.63405990600586,28.235626220703125,76.75875854492188,0.0,0.004976096900249324,-15.786447525024414,0
3VLB,7,17.834699630737305,19.23372459411621,42.414371490478516,0.0,0.014885450472692923,-16.157791137695312,0
3VLB,8,11.346376419067383,12.913057327270508,30.171018600463867,0.0,0.028949238878884242,-16.220537185668945,0
3VLB,9,26.092859268188477,28.906442642211914,86.38831329345703,0.0,0.004091281726286364,-17.331026077270508,0
3VLB,10,26.044464111328125,27.744373321533203,70.80985260009766,0.0,0.005706457604046204,-13.962932586669922,0
3VLB,11,27.911449432373047,33.25815200805664,92.2698745727539,0.0,0.003481639114482066,-17.2739315032959,0
3VLB,12,26.576065063476562,23.88126564025879,73.99641418457031,0.0,0.005651018550548628,-15.06502914428711,0
3VLB,13,18.021879196166992,22.87470245361328,37.56665802001953,0.0,0.017661296183269885,-16.846965789794922,0
3VLB,14,22.29816436767578,23.19761085510254,72.32825469970703,0.0,0.005928832511849464,-14.453657150268555,0
1JWH,0,28.53522491455078,30.522113800048828,81.21399688720703,0.0,0.004414924858644286,-17.17427635192871,1
1JWH,1,30.0905704498291,26.720285415649414,82.59081268310547,0.0,0.004540792085216177,-19.78753662109375,8
1JWH,2,32.58513259887695,18.223596572875977,79.8978271484375,0.0,0.005973592313297947,-14.009687423706055,18
1JWH,3,13.30151081085205,12.75241470336914,33.6331672668457,0.0,0.024561003527052806,-16.3101863861084,0
1JWH,4,17.924488067626953,16.881967544555664,39.019805908203125,0.0,0.01771216558833464,-16.457624435424805,0
1JWH,5,34.00503921508789,16.933256149291992,77.47592163085938,0.0,0.0065597747655372456,-15.549016952514648,21
1JWH,6,20.867355346679688,20.666179656982422,47.31468963623047,0.0,0.012168353703951175,-12.285685539245605,7
1JWH,7,33.228240966796875,19.569202423095703,81.29005432128906,0.0,0.0055521370189449415,-16.832130432128906,10
1JWH,8,27.83757781982422,29.206388473510742,78.74078369140625,0.0,0.004716519277622678,-17.5538387298584,0
1JWH,9,24.227781295776367,25.449018478393555,63.71334457397461,0.0,0.006983019705779282,-15.969264030456543,3
1JWH,10,14.955216407775879,13.414255142211914,27.89886474609375,0.0,0.03242998976891202,-16.628482818603516,12
1JWH,11,29.25168800354004,27.643352508544922,81.05673217773438,0.0,0.004604268561766579,-15.570281982421875,2
1JWH,12,29.647192001342773,26.326337814331055,81.63607788085938,0.0,0.004653576264658466,-17.427114486694336,9
1JWH,13,34.10702133178711,30.996980667114258,81.05628967285156,0.0,0.004404478175895937,-15.327378273010254,11
1JWH,14,28.621170043945312,16.844881057739258,74.19064331054688,0.0,0.006941094686087748,-18.333171844482422,1
5WHK,0,18.693410873413086,12.396052360534668,35.31103515625,0.0,0.02306753427736281,-16.281185150146484,8
5WHK,1,27.52439308166504,18.653810501098633,51.005367279052734,0.0,0.011148708097003029,-14.265839576721191,0
5WHK,2,25.189781188964844,14.51099967956543,57.06516647338867,0.066667,0.032981546111119926,-16.398616790771484,4
5WHK,3,27.60558319091797,17.975236892700195,50.80890655517578,0.0,0.011380199208670318,-13.289891242980957,67
5WHK,4,26.907058715820312,16.19015121459961,68.21754455566406,0.0,0.007932971401681333,-15.166326522827148,4
5WHK,5,29.589031219482422,17.6164493560791,55.81275177001953,0.0,0.009955312688798677,-16.35623550415039,9
5WHK,6,32.82585144042969,21.31155014038086,73.22099304199219,0.0,0.0060755068479421805,-15.943460464477539,13
5WHK,7,27.975481033325195,14.926018714904785,50.7984504699707,0.133333,0.05685582165204058,-17.613985061645508,3
5WHK,8,33.243656158447266,26.08037567138672,81.1484375,0.0,0.004716576592222645,-16.163158416748047,4
5WHK,9,32.40571975708008,17.12601661682129,71.34989929199219,0.0,0.007202186030113518,-15.8515625,13
5WHK,10,32.71707534790039,18.971904754638672,73.04456329345703,0.0,0.0065242535959474,-17.90259552001953,4
5WHK,11,32.33913040161133,30.4128360748291,82.92213439941406,0.0,0.004274955657284222,-14.750146865844727,6
5WHK,12,31.653961181640625,26.66843605041504,80.28802490234375,0.0,0.004745881707903603,-16.275646209716797,5
5WHK,13,15.509405136108398,15.157853126525879,45.65129089355469,0.0,0.014401485227118538,-18.24955940246582,0
5WHK,14,26.543745040893555,14.822966575622559,50.16820526123047,0.133333,0.05712498399698707,-17.27042579650879,3
2Z0E,0,10.42453384399414,10.949501037597656,23.569198608398438,0.0,0.044504509524384145,-20.07931137084961,1
2Z0E,1,14.101812362670898,15.104300498962402,47.25703430175781,0.0,0.013701488866365763,-13.869572639465332,0
2Z0E,2,20.862442016601562,17.29442024230957,62.509822845458984,0.0,0.008540327830158055,-14.202839851379395,0
2Z0E,3,5.981019496917725,6.046668529510498,15.29769229888916,0.133333,0.14240263122245342,-16.45598602294922,3
2Z0E,4,9.710518836975098,11.730895042419434,22.078414916992188,0.0,0.048390867102252814,-15.23880672454834,0
2Z0E,5,7.1729936599731445,6.926906108856201,17.634531021118164,0.0,0.07777428402499098,-16.42522430419922,0
2Z0E,6,18.422687530517578,16.959768295288086,51.484703063964844,0.0,0.011431900656788641,-15.126370429992676,3
2Z0E,7,14.310844421386719,14.030390739440918,38.3677864074707,0.0,0.019361525738376215,-14.770652770996094,0
2Z0E,8,19.680187225341797,17.25019645690918,59.16370391845703,0.0,0.009242640754345506,-16.4371280670166,0
2Z0E,9,17.68352699279785,17.06214714050293,49.4617919921875,0.0,0.012118265300632333,-17.2987003326416,1
2Z0E,10,11.715720176696777,12.298368453979492,25.644779205322266,0.0,0.037881172740667574,-20.75373649597168,6
2Z0E,11,7.893947601318359,8.006558418273926,23.41226577758789,0.0,0.05012287540203786,-15.741765975952148,1
2Z0E,12,6.852544784545898,7.060042858123779,16.080684661865234,0.166667,0.14274751215855933,-16.813112258911133,2
2Z0E,13,5.0524797439575195,5.938063144683838,13.6925687789917,0.0,0.1127165484992439,-16.19359588623047,0
2Z0E,14,16.935325622558594,16.153352737426758,49.72920227050781,0.0,0.01231184572258538,-15.519527435302734,1
2W9E,0,9.007863998413086,10.180275917053223,23.60232162475586,0.0,0.0453517988137134,-18.077173233032227,4
2W9E,1,8.084253311157227,8.149884223937988,19.59270668029785,0.0,0.0637216540884711,-19.698457717895508,5
2W9E,2,11.787699699401855,13.8093900680542,34.91263961791992,0.0,0.02253976444925167,-13.710192680358887,10
2W9E,3,14.098360061645508,15.038376808166504,35.879234313964844,0.0,0.020997614023621464,-16.848529815673828,58
2W9E,4,13.509663581848145,15.896744728088379,39.010128021240234,0.0,0.018050039513073306,-16.882789611816406,5
2W9E,5,7.789246559143066,7.468458652496338,19.14826011657715,0.0,0.06779611809983709,-20.13128662109375,8
2W9E,6,7.54065465927124,7.765814304351807,18.78006935119629,0.0,0.06866343267222082,-18.688302993774414,5
2W9E,7,13.232006072998047,14.476228713989258,33.76560974121094,0.0,0.023405621024344656,-15.621882438659668,53
2W9E,8,9.39720630645752,8.916531562805176,22.66162872314453,0.0,0.05028571377279182,-17.121932983398438,7
2W9E,9,15.261582374572754,16.971818923950195,42.97038650512695,0.0,0.015135474330709787,-14.640243530273438,10
2W9E,10,10.989362716674805,11.753374099731445,26.476478576660156,0.0,0.03648763202801626,-20.68474006652832,5
2W9E,11,9.550023078918457,9.74250602722168,22.822410583496094,0.0,0.04832372130149737,-17.579641342163086,8
2W9E,12,17.691925048828125,18.52666664123535,44.5786247253418,0.0,0.01386460164857741,-15.544940948486328,56
2W9E,13,6.64531135559082,8.921701431274414,18.890409469604492,0.0,0.06528900755437088,-16.569562911987305,3
2W9E,14,7.313453197479248,8.209626197814941,18.311317443847656,0.0,0.06986076499827014,-17.947460174560547,3
3S9D,0,11.298439025878906,11.154243469238281,18.779369354248047,0.0,0.06259907066440092,-20.937252044677734,0
3S9D,1,20.336877822875977,23.792451858520508,63.33421325683594,0.0,0.007217412135405738,-19.159887313842773,1
3S9D,2,16.96381378173828,12.15440559387207,45.59933853149414,0.0,0.01619416327704911,-17.477680206298828,0
3S9D,3,13.488741874694824,15.368846893310547,28.169912338256836,0.0,0.030961766125809323,-16.275043487548828,0
3S9D,4,15.310879707336426,12.022468566894531,24.851469039916992,0.0,0.04002054659471152,-14.970331192016602,0
3S9D,5,87.91206359863281,98.0780029296875,224.7401580810547,0.0,0.0005540898062761798,0.0,0
3S9D,6,13.716994285583496,15.600419044494629,27.38987159729004,0.0,0.0323357071968702,-17.48810577392578,0
3S9D,7,20.104455947875977,17.573610305786133,56.71018600463867,0.0,0.009734898807977416,-17.516788482666016,0
3S9D,8,14.971612930297852,15.631757736206055,25.091745376586914,0.0,0.037355625336957014,-19.313892364501953,0
3S9D,9,15.574851989746094,15.944563865661621,25.1632022857666,0.0,0.037063821614013996,-19.79252815246582,0
3S9D,10,15.019902229309082,15.9827241897583,23.869535446166992,0.0,0.04042309376380648,-18.660282135009766,0
3S9D,11,13.119516372680664,11.814355850219727,22.040700912475586,0.0,0.04844486680032636,-15.79614543914795,3
3S9D,12,15.77462100982666,12.329861640930176,24.858184814453125,0.0,0.03975574486676635,-17.823150634765625,0
3S9D,13,15.113285064697266,14.694709777832031,24.22923469543457,0.0,0.0399657771891161,-24.71135711669922,0
3S9D,14,12.656002044677734,10.677645683288574,21.01923370361328,0.0,0.05330037118174494,-19.56757354736328,0
1AY7,0,10.95130443572998,8.697793006896973,18.98533821105957,0.0,0.06528669130816489,-24.09584617614746,0
1AY7,1,8.309915542602539,6.794948101043701,15.222559928894043,0.2,0.16138337150631013,-18.063438415527344,0
1AY7,2,59.63405227661133,69.118896484375,154.36561584472656,0.0,0.001164543508640469,0.0,0
1AY7,3,11.43901538848877,8.88753890991211,19.354053497314453,0.0,0.06313036858552064,-24.154096603393555,1
1AY7,4,2.1818082332611084,2.0994656085968018,7.526778697967529,0.6,0.49948443788670893,-19.654403686523438,0
1AY7,5,11.967375755310059,9.433838844299316,20.043136596679688,0.2,0.1256972374047789,-18.08799934387207,0
1AY7,6,12.34639835357666,9.472261428833008,19.75716209411621,0.0,0.06021582908299206,-23.75030517578125,0
1AY7,7,5.803185939788818,4.3143205642700195,17.77522087097168,0.4,0.23131863205736977,-15.6264066696167,7
1AY7,8,7.3917694091796875,5.826562404632568,14.15173625946045,0.0,0.10909108927967359,-22.078567504882812,0
1AY7,9,14.106707572937012,10.793258666992188,22.071996688842773,0.0,0.04936639225380174,-20.35764503479004,0
1AY7,10,3.281336784362793,2.9420268535614014,8.686996459960938,0.0,0.23181289054962564,-19.56140899658203,0
1AY7,11,10.52971363067627,8.752028465270996,27.337343215942383,0.0,0.03889692968863587,-16.688690185546875,0
1AY7,12,7.947312831878662,6.258988380432129,14.947711944580078,0.0,0.09955457730287813,-20.47907066345215,0
1AY7,13,6.255494594573975,6.511864185333252,15.59997272491455,0.0,0.09310312924970178,-16.367446899414062,0
1AY7,14,12.754059791564941,9.81753158569336,19.764646530151367,0.0,0.05963193338930361,-17.805030822753906,0
1F6M,0,8.876115798950195,10.67368221282959,22.005613327026367,0.071429,0.07354196808730824,-20.637235641479492,2
1F6M,1,19.294719696044922,17.82065200805664,57.46648406982422,0.0,0.009481577102251273,-14.770947456359863,0
1F6M,2,19.33573341369629,17.825693130493164,56.24168014526367,0.0,0.009787460573822192,-17.417736053466797,0
1F6M,3,19.944673538208008,19.018386840820312,59.18181228637695,0.0,0.008797820612092054,-18.361732482910156,0
1F6M,4,19.496213912963867,17.79532814025879,57.41672134399414,0.0,0.009500319332805065,-18.882843017578125,0
1F6M,5,8.512228012084961,10.455103874206543,20.68238067626953,0.0,0.05488850762097544,-21.708192825317383,0
1F6M,6,20.464807510375977,19.031925201416016,59.00841522216797,0.0,0.008833754163600528,-16.45047378540039,0
1F6M,7,20.419570922851562,19.65125274658203,56.91886901855469,0.0,0.009202411965023376,-15.759454727172852,3
1F6M,8,10.680106163024902,13.064932823181152,24.44288444519043,0.071429,0.06410749766437918,-13.503863334655762,5
1F6M,9,22.19671630859375,20.47731590270996,60.75086975097656,0.0,0.008179236607362595,-14.135986328125,0
1F6M,10,19.132484436035156,17.380266189575195,56.514930725097656,0.0,0.009838012252783204,-20.806190490722656,0
1F6M,11,21.37428092956543,20.223665237426758,58.542457580566406,0.0,0.008705718936582679,-16.274585723876953,0
1F6M,12,9.369128227233887,11.004215240478516,22.283388137817383,0.0,0.04842126239896849,-13.285173416137695,2
1F6M,13,21.72658920288086,20.47228240966797,62.188453674316406,0.0,0.007892990611786704,-15.375150680541992,1
1F6M,14,19.671480178833008,18.30619239807129,57.10160827636719,0.0,0.009449161901613637,-19.129186630249023,0
4FQI,0,17.91415786743164,13.587384223937988,52.25250244140625,0.0,0.012606840279913678,-12.774641990661621,82
4FQI,1,34.0420036315918,12.8169584274292,91.59469604492188,0.0,0.007349955103964582,-12.106735229492188,127
4FQI,2,34.67598342895508,18.212909698486328,85.53048706054688,0.0,0.0055056941534772615,-11.88489818572998,47
4FQI,3,14.335284233093262,10.692667007446289,66.11599731445312,0.0,0.011852988020133034,-14.064167022705078,27
4FQI,4,19.845869064331055,10.98197078704834,67.9717025756836,0.5,0.17790389990685015,-12.329230308532715,80
4FQI,5,34.37388229370117,18.76436424255371,74.88468170166016,0.0,0.0063565924644788385,-12.11580753326416,31
4FQI,6,22.227630615234375,13.840484619140625,48.15022277832031,0.0,0.013943572551837537,-13.024287223815918,86
4FQI,7,16.204744338989258,13.466876983642578,33.74535369873047,0.0,0.023971980307104398,-12.456451416015625,56
4FQI,8,27.290307998657227,17.063804626464844,61.88711929321289,0.0,0.008727661654170523,-12.562856674194336,63
4FQI,9,35.55745315551758,32.00252914428711,92.37896728515625,0.0,0.0035290958342219666,-11.059308052062988,176
4FQI,10,14.233713150024414,12.074479103088379,38.17856216430664,0.0,0.020808351356397067,-12.656856536865234,29
4FQI,11,17.2197265625,13.711356163024902,84.96936798095703,0.0,0.007244841117583608,-12.582210540771484,38
4FQI,12,35.13945007324219,16.735820770263672,79.75355529785156,0.0,0.006400180789355274,-14.300797462463379,36
4FQI,13,32.98832321166992,12.703642845153809,89.08133697509766,0.0,0.007590949322868122,-11.609631538391113,107
4FQI,14,37.9267578125,17.29515838623047,85.65119171142578,0.0,0.005739439199093814,-12.049323081970215,39
1Z5Y,0,12.706789016723633,8.864398956298828,42.744163513183594,0.0,0.02195903222228737,-16.262313842773438,0
1Z5Y,1,18.118167877197266,13.084388732910156,56.064701080322266,0.0,0.011813743537018315,-12.544428825378418,2
1Z5Y,2,13.48227596282959,8.744832038879395,41.72999572753906,0.0,0.022806172059420444,-15.279119491577148,0
1Z5Y,3,12.478489875793457,8.646102905273438,41.53112030029297,0.0,0.023140955372198273,-16.160356521606445,0
1Z5Y,4,7.658434867858887,5.650504112243652,23.191856384277344,0.090909,0.09172042783739041,-17.09927749633789,1
1Z5Y,5,17.238855361938477,12.322580337524414,57.61293411254883,0.0,0.011968181950764841,-14.596243858337402,0
1Z5Y,6,20.259464263916016,9.292340278625488,39.32757568359375,0.090909,0.05364452269270396,-14.77985668182373,46
1Z5Y,7,13.909189224243164,9.4313325881958,42.08741760253906,0.0,0.02128688566694426,-17.190998077392578,0
1Z5Y,8,13.426713943481445,9.225567817687988,34.05042266845703,0.0,0.028138275136884966,-17.03962516784668,0
1Z5Y,9,4.9392547607421875,5.5467963218688965,16.895360946655273,0.0,0.09004330037106052,-20.169652938842773,0
1Z5Y,10,11.200000762939453,9.072745323181152,36.093048095703125,0.0,0.026384633056906238,-14.463634490966797,2
1Z5Y,11,13.585031509399414,8.418164253234863,37.558326721191406,0.0,0.02649868588009033,-18.449405670166016,4
1Z5Y,12,12.864696502685547,8.489484786987305,42.71366500854492,0.0,0.022788756741641256,-16.03206443786621,0
1Z5Y,13,13.003971099853516,8.162819862365723,37.804893493652344,0.0,0.026928188020932758,-14.694279670715332,0
1Z5Y,14,13.90159797668457,9.365177154541016,39.71821975708008,0.0,0.022935203276822764,-16.345966339111328,1
2FD6,0,17.109487533569336,14.358101844787598,30.84046745300293,0.0,0.027131787346424224,-17.87091636657715,0
2FD6,1,20.40937042236328,20.687850952148438,46.769466400146484,0.0,0.012401297528780726,-15.611133575439453,8
2FD6,2,18.387319564819336,18.711238861083984,34.08452606201172,0.0,0.021644901977728406,-14.894688606262207,3
2FD6,3,17.92273712158203,13.625762939453125,32.65631103515625,0.0,0.0251413766935282,-16.979053497314453,2
2FD6,4,18.001779556274414,16.62523651123047,30.793926239013672,0.0,0.02629073830776356,-14.588053703308105,9
2FD6,5,20.3610897064209,16.49230194091797,39.14112091064453,0.0,0.017746722003044824,-17.29412078857422,4
2FD6,6,19.464996337890625,18.080549240112305,35.64700698852539,0.0,0.020211588535017172,-19.58019256591797,7
2FD6,7,18.56134796142578,16.95395851135254,36.667598724365234,0.0,0.0195878503550115,-14.745528221130371,22
2FD6,8,17.886219024658203,18.10014533996582,36.45106887817383,0.0,0.01946461166362427,-20.2866268157959,4
2FD6,9,37.40102005004883,26.179601669311523,82.05940246582031,0.0,0.004629263006512726,-15.179424285888672,66
2FD6,10,22.107868194580078,24.1290283203125,48.096073150634766,0.0,0.011379028080753565,-18.427518844604492,8
2FD6,11,21.175701141357422,16.221792221069336,43.08219909667969,0.0,0.015315204422763273,-18.64036750793457,3
2FD6,12,17.756948471069336,19.262697219848633,37.63825988769531,0.0,0.018184476053280482,-22.981218338012695,2
2FD6,13,19.146194458007812,18.935287475585938,36.7302360534668,0.0,0.019022605233578342,-15.523202896118164,10
2FD6,14,16.20330810546875,15.354987144470215,31.30330467224121,0.0,0.026040627660141914,-19.106552124023438,0
1GP2,0,6.789272785186768,5.199465274810791,15.598587036132812,0.111111,0.13896578769814952,-15.137212753295898,3
1GP2,1,12.893020629882812,10.289803504943848,25.92182731628418,0.0,0.039297849881553625,-13.975031852722168,10
1GP2,2,13.63991641998291,10.405752182006836,24.660608291625977,0.0,0.04218158225300713,-14.689855575561523,1
1GP2,3,17.922409057617188,13.364848136901855,34.478614807128906,0.0,0.02324486596959888,-15.103593826293945,14
1GP2,4,10.271771430969238,6.34323787689209,23.557079315185547,0.0,0.0560516266086658,-15.641507148742676,7
1GP2,5,11.387033462524414,9.06054973602295,22.870586395263672,0.0,0.049347062246921314,-14.15496826171875,7
1GP2,6,12.376998901367188,13.028149604797363,36.65793228149414,0.0,0.021368259386365784,-13.689078330993652,12
1GP2,7,18.94073486328125,15.265390396118164,32.93813705444336,0.0,0.023999915532670158,-14.58372974395752,8
1GP2,8,15.908777236938477,10.277502059936523,44.21831512451172,0.0,0.018830643753210075,-11.475630760192871,23
1GP2,9,4.249891757965088,3.7207818031311035,10.296953201293945,0.333333,0.29280080511053114,-14.801520347595215,6
1GP2,10,5.767082691192627,3.8299474716186523,15.557684898376465,0.444444,0.2691055400671593,-14.20703411102295,2
1GP2,11,8.338019371032715,7.2768659591674805,21.126615524291992,0.0,0.06002684695513503,-12.669130325317383,10
1GP2,12,21.496658325195312,12.165395736694336,63.98870086669922,0.0,0.010771594792889758,-13.685954093933105,20
1GP2,13,7.18834114074707,5.614696979522705,19.389925003051758,0.111111,0.11297404201282683,-13.844165802001953,5
1GP2,14,8.781550407409668,8.12020206451416,16.921321868896484,0.0,0.07816191090310178,-13.23420238494873,8
1AZS,0,21.121028900146484,16.67713737487793,70.08108520507812,0.0,0.00750747969953362,-13.156190872192383,21
1AZS,1,17.760175704956055,13.466131210327148,69.22783660888672,0.0,0.009035850091887612,-13.998628616333008,7
1AZS,2,15.807839393615723,17.80971908569336,61.785465240478516,0.0,0.008539463226165668,-16.904979705810547,1
1AZS,3,23.622779846191406,23.36960792541504,70.6274185180664,0.0,0.006126741846495073,-16.986356735229492,7
1AZS,4,28.337074279785156,15.097694396972656,67.63797760009766,0.0,0.008440564920360482,-16.316078186035156,8
1AZS,5,25.710819244384766,14.16647720336914,73.03942108154297,0.0,0.008149787332119166,-18.80038070678711,2
1AZS,6,15.316204071044922,11.171599388122559,32.426971435546875,0.0,0.027334030687777313,-15.636022567749023,1
1AZS,7,23.00227928161621,13.519695281982422,72.8088150024414,0.0,0.008535325804081546,-13.818927764892578,31
1AZS,8,21.32166290283203,13.438718795776367,44.83726501464844,0.0,0.015665643621695598,-14.936095237731934,6
1AZS,9,25.44809341430664,19.667333602905273,50.00807189941406,0.0,0.011287565355977995,-12.995298385620117,107
1AZS,10,16.317630767822266,12.828170776367188,55.31780242919922,0.0,0.012184763455553858,-14.203960418701172,33
1AZS,11,14.299612045288086,12.088044166564941,50.609920501708984,0.0,0.014199497369007436,-13.930998802185059,9
1AZS,12,27.58099937438965,17.435651779174805,72.06609344482422,0.0,0.007022525863934505,-16.414926528930664,13
1AZS,13,13.082284927368164,10.300999641418457,28.64434814453125,0.0,0.03389794567423322,-14.57300853729248,4
1AZS,14,21.897436141967773,11.68338394165039,70.63741302490234,0.0,0.01016311957193615,-12.504731178283691,26
3CPH,0,28.3818302154541,24.001081466674805,76.8877944946289,0.0,0.005321533118408955,-18.612075805664062,6
3CPH,1,14.596996307373047,12.280596733093262,28.002634048461914,0.0,0.033021617279083273,-13.957094192504883,2
3CPH,2,5.573983192443848,6.067420959472656,15.164188385009766,0.0,0.09889213246036355,-17.148693084716797,6
3CPH,3,24.538053512573242,20.91019058227539,69.3712387084961,0.0,0.006636981517063896,-18.609676361083984,8
3CPH,4,17.615909576416016,15.093831062316895,47.60050582885742,0.0,0.013560395194173435,-15.022014617919922,6
3CPH,5,23.629201889038086,21.499557495117188,70.40713500976562,0.0,0.006403201809547528,-14.595685005187988,10
3CPH,6,16.921920776367188,13.16415786743164,44.01381301879883,0.0,0.0162573510181043,-18.99156379699707,6
3CPH,7,18.199888229370117,14.760808944702148,48.252777099609375,0.0,0.013439350388227278,-15.301727294921875,8
3CPH,8,17.60451316833496,14.401185989379883,46.85537338256836,0.0,0.014197761366254115,-17.26337432861328,5
3CPH,9,24.690937042236328,22.23368263244629,72.66231536865234,0.0,0.006010133701470139,-16.37326431274414,6
3CPH,10,18.025278091430664,14.80989933013916,46.913177490234375,0.0,0.013979681095128265,-15.360139846801758,5
3CPH,11,4.549072742462158,5.378060817718506,9.102365493774414,0.0,0.17933197164737938,-20.663883209228516,7
3CPH,12,22.537269592285156,18.829334259033203,62.369747161865234,0.0,0.008180273062888545,-18.371431350708008,7
3CPH,13,24.18242073059082,20.20793342590332,67.70840454101562,0.0,0.006998332260810129,-17.490556716918945,7
3CPH,14,21.57402992248535,18.393177032470703,60.21489715576172,0.0,0.008714643474944515,-17.124618530273438,8
1MLC,0,13.198293685913086,11.750099182128906,30.627262115478516,0.0,0.02918341788656037,-13.366844177246094,51
1MLC,1,13.44640827178955,11.398533821105957,31.680070877075195,0.0,0.028059069085445597,-15.075145721435547,40
1MLC,2,13.173373222351074,12.237661361694336,29.662582397460938,0.0,0.030228337086779553,-13.828370094299316,58
1MLC,3,10.113953590393066,9.958738327026367,22.822219848632812,0.0,0.04800012110004682,-19.315221786499023,5
1MLC,4,7.79839563369751,6.890377044677734,21.168804168701172,0.3125,0.16553025217500938,-18.047626495361328,8
1MLC,5,11.552571296691895,12.452071189880371,25.45192527770996,0.0,0.038214563881980516,-18.30712127685547,5
1MLC,6,12.266087532043457,10.22554874420166,30.914960861206055,0.0,0.030449406349790018,-15.198333740234375,29
1MLC,7,12.646384239196777,13.675409317016602,29.72144317626953,0.0,0.02916460178488059,-16.627859115600586,27
1MLC,8,9.94706916809082,11.383191108703613,22.95466423034668,0.0,0.045883991549225046,-20.541061401367188,0
1MLC,9,11.807107925415039,12.293784141540527,26.374792098999023,0.0,0.03625301032815402,-14.62114143371582,35
1MLC,10,10.495007514953613,10.314207077026367,25.347335815429688,0.0,0.040599345382935886,-18.254329681396484,0
1MLC,11,14.749913215637207,12.35734748840332,33.97584915161133,0.0,0.024474230938011852,-13.334898948669434,86
1MLC,12,13.698654174804688,11.002237319946289,30.88382911682129,0.0,0.02955440445961696,-15.250019073486328,40
1MLC,13,10.282588005065918,10.567944526672363,23.00503921508789,0.0,0.04662290716328512,-19.644617080688477,0
1MLC,14,13.05663776397705,14.642390251159668,30.61231803894043,0.0,0.027321720041874914,-13.563376426696777,74
4G6M,0,27.37250328063965,23.3309326171875,70.71917724609375,0.0,0.006119094994760159,-15.176538467407227,8
4G6M,1,21.344268798828125,19.862730026245117,54.740970611572266,0.0,0.009737966062538662,-16.762489318847656,1
4G6M,2,25.54684829711914,21.750690460205078,65.20512390136719,0.0,0.007147551991218121,-20.73421287536621,1
4G6M,3,10.493939399719238,13.013952255249023,20.85157585144043,0.0,0.05186836293155472,-18.693687438964844,1
4G6M,4,36.75314712524414,35.67060852050781,93.00911712646484,0.0,0.003349317798625477,-15.839704513549805,7
4G6M,5,10.344080924987793,12.354259490966797,20.869029998779297,0.0,0.05227247529469634,-18.20360565185547,2
4G6M,6,12.217247009277344,16.792062759399414,29.36077880859375,0.0,0.02841549646376749,-17.47079086303711,3
4G6M,7,18.47475242614746,19.96786880493164,47.560611724853516,0.0,0.01218780700462714,-15.96600341796875,16
4G6M,8,10.918007850646973,14.019083976745605,22.235897064208984,0.0,0.04627154206718894,-20.006248474121094,0
4G6M,9,22.17330551147461,25.1872615814209,59.40811538696289,0.0,0.007864935575300257,-17.347251892089844,1
4G6M,10,12.75706672668457,17.405149459838867,30.692031860351562,0.0,0.0262024400746359,-20.36825180053711,1
4G6M,11,17.80194854736328,19.602367401123047,44.90761947631836,0.0,0.01346942706155676,-15.734130859375,17
4G6M,12,10.699959754943848,13.831586837768555,23.7131404876709,0.0,0.041827337439430706,-16.903263092041016,5
4G6M,13,23.013158798217773,25.41054916381836,59.33653259277344,0.0,0.007860213747807723,-20.003488540649414,0
4G6M,14,11.117212295532227,14.047120094299316,21.961416244506836,0.0,0.04718635798061028,-17.86276626586914,6
3FN1,0,21.66211700439453,19.09381866455078,56.52547836303711,0.0,0.009415417827225799,-17.72588348388672,1
3FN1,1,17.312808990478516,18.55304527282715,44.76061248779297,0.0,0.01376688041586586,-20.473041534423828,0
3FN1,2,21.39078712463379,18.180862426757812,54.77300262451172,0.0,0.010092428079253495,-19.781272888183594,0
3FN1,3,12.620895385742188,13.998494148254395,29.822298049926758,0.0,0.028828463790302707,-14.189560890197754,8
3FN1,4,21.164459228515625,19.900169372558594,57.858726501464844,0.0,0.008925312837592382,-15.504045486450195,0
3FN1,5,18.99186897277832,18.20976448059082,59.6915397644043,0.0,0.008871347940525057,-21.175495147705078,0
3FN1,6,21.153532028198242,19.671939849853516,58.278106689453125,0.0,0.008870123223940903,-20.09415054321289,0
3FN1,7,18.861738204956055,18.52916145324707,58.73835372924805,0.0,0.009007374132829449,-19.34209442138672,0
3FN1,8,21.11109161376953,19.30170249938965,57.23289108276367,0.0,0.009194700048957675,-20.27181053161621,0
3FN1,9,13.903356552124023,15.95107650756836,29.03555679321289,0.0,0.02923341450772771,-22.466041564941406,0
3FN1,10,18.03984260559082,16.97430992126465,53.37107467651367,0.0,0.010828526599019485,-16.30939483642578,6
3FN1,11,21.646089553833008,20.44588851928711,58.87653350830078,0.0,0.008590214188814364,-21.484682083129883,0
3FN1,12,21.08241844177246,19.79029083251953,58.14998245239258,0.0,0.00887726690562016,-15.158918380737305,0
3FN1,13,13.828635215759277,14.799436569213867,29.428937911987305,0.0,0.029056120776672436,-17.770763397216797,1
3FN1,14,13.453885078430176,15.60448932647705,28.540307998657227,0.0,0.030209476293653403,-18.011659622192383,0
1EZU,0,14.713905334472656,14.160599708557129,64.99385070800781,0.0,0.009304126959459286,-17.169679641723633,11
1EZU,1,24.780765533447266,25.380245208740234,51.07179260253906,0.0,0.010144640720453048,-16.35930061340332,5
1EZU,2,13.265997886657715,12.865540504455566,43.574893951416016,0.324324,0.12479705637841972,-15.4153413772583,7
1EZU,3,13.944222450256348,13.460245132446289,47.422550201416016,0.324324,0.12257240513863836,-15.899064064025879,2
1EZU,4,24.45745849609375,25.510517120361328,53.315093994140625,0.0,0.009411055689879011,-17.216428756713867,8
1EZU,5,16.28064727783203,16.64374351501465,45.787010192871094,0.0,0.013790590381194462,-13.239229202270508,11
1EZU,6,24.017385482788086,25.604331970214844,56.411800384521484,0.0,0.008540025552611671,-19.88884162902832,0
1EZU,7,14.524971008300781,13.616347312927246,51.19696044921875,0.0,0.01293837876540503,-18.395479202270508,1
1EZU,8,14.138901710510254,13.331172943115234,44.85875701904297,0.27027,0.10581056535448445,-16.322002410888672,6
1EZU,9,12.542646408081055,11.991710662841797,53.90254592895508,0.0,0.013222992346563085,-16.984310150146484,13
1EZU,10,17.188505172729492,20.495256423950195,44.042816162109375,0.0,0.013745696000067554,-12.237314224243164,0
1EZU,11,23.073110580444336,24.2894344329834,55.65153503417969,0.0,0.008865247189608705,-17.81304168701172,10
1EZU,12,24.053579330444336,25.71381378173828,54.27578353881836,0.0,0.009110059821513958,-19.147663116455078,1
1EZU,13,24.929378509521484,24.77442741394043,48.83393859863281,0.0,0.011019400754561997,-15.534733772277832,5
1EZU,14,14.675565719604492,13.967700958251953,54.43383026123047,0.108108,0.047770856207254776,-20.52560043334961,0
2HQS,0,17.063600540161133,16.59822654724121,49.29078674316406,0.0,0.012326539607361513,-20.015588760375977,0
2HQS,1,7.577080726623535,9.402783393859863,18.471294403076172,0.0,0.0665237312647244,-15.927962303161621,0
2HQS,2,7.260783672332764,8.956398963928223,18.467620849609375,0.0,0.0673649403526614,-16.662765502929688,3
2HQS,3,9.426960945129395,10.19100284576416,23.190439224243164,0.0,0.04654623417722268,-18.282283782958984,0
2HQS,4,6.4677734375,7.766918182373047,15.584918975830078,0.0,0.08840674821548396,-17.22357940673828,0
2HQS,5,4.84468412399292,4.549048900604248,13.824141502380371,0.0,0.12413602036557936,-19.886512756347656,4
2HQS,6,8.412344932556152,9.610494613647461,20.267810821533203,0.0,0.057785593810319676,-17.842742919921875,0
2HQS,7,8.453388214111328,7.432894229888916,22.013242721557617,0.0,0.05629451181485679,-19.830625534057617,0
2HQS,8,21.232839584350586,18.4812068939209,57.724403381347656,0.0,0.0092557374898675,-20.209274291992188,1
2HQS,9,7.799360752105713,9.083581924438477,18.967878341674805,0.0,0.06459289386859653,-17.526275634765625,3
2HQS,10,5.316551685333252,5.985256671905518,15.295595169067383,0.0,0.09834979858610747,-17.106189727783203,0
2HQS,11,14.578359603881836,14.320310592651367,40.467281341552734,0.0,0.017702622498399684,-17.774578094482422,5
2HQS,12,6.9446635246276855,8.295331954956055,16.5860538482666,0.0,0.07988913228438055,-18.31740951538086,0
2HQS,13,4.678938865661621,6.023571014404297,11.682397842407227,0.0,0.13484481985032282,-16.835708618164062,1
2HQS,14,6.937255382537842,6.970230579376221,18.252315521240234,0.0,0.07416065573317711,-18.88321876525879,0
1FLE,0,8.85843563079834,8.482257843017578,30.667184829711914,0.076923,0.059529688913527196,-20.2003116607666,3
1FLE,1,6.186948299407959,5.026943206787109,20.12788963317871,0.192308,0.14180419049449253,-28.16084861755371,0
1FLE,2,10.217131614685059,8.704934120178223,34.91162872314453,0.0,0.02826594741511675,-20.82341957092285,1
1FLE,3,13.002923011779785,12.146523475646973,43.10061264038086,0.0,0.01748605038640012,-19.729835510253906,2
1FLE,4,7.092740535736084,7.038436412811279,23.560609817504883,0.038462,0.06569119010572645,-18.919189453125,0
1FLE,5,9.891828536987305,9.046748161315918,33.68968963623047,0.0,0.02886762721628307,-19.985055923461914,1
1FLE,6,10.106470108032227,9.36859130859375,34.797855377197266,0.038462,0.03992115250212909,-21.026504516601562,4
1FLE,7,12.211917877197266,11.71794319152832,40.920166015625,0.0,0.019161851235318914,-19.323944091796875,2
1FLE,8,12.26312255859375,10.649492263793945,41.22908401489258,0.0,0.020074804931928376,-17.57175064086914,1
1FLE,9,14.992002487182617,13.83147144317627,46.88359451293945,0.0,0.014482671330308061,-20.32897186279297,1
1FLE,10,9.042202949523926,8.63659954071045,30.569019317626953,0.076923,0.059324127039470535,-19.677881240844727,4
1FLE,11,13.149768829345703,12.689669609069824,42.64314651489258,0.0,0.017331268815843823,-20.936126708984375,0
1FLE,12,18.548168182373047,15.306899070739746,52.7070198059082,0.0,0.011620023970718277,-19.717273712158203,7
1FLE,13,8.359249114990234,7.885210990905762,28.61528968811035,0.115385,0.07712981212566944,-19.458084106445312,4
1FLE,14,7.787250518798828,7.253978252410889,27.118961334228516,0.230769,0.12040923844981544,-19.60417366027832,3
2NZ8,0,18.533485412597656,16.181371688842773,51.13954162597656,0.0,0.011801206699954167,-11.314741134643555,8
2NZ8,1,5.285770893096924,4.497625827789307,10.0814847946167,0.25,0.25519878018970804,-14.181092262268066,1
2NZ8,2,5.972015380859375,5.475985527038574,10.889326095581055,0.25,0.23280372809776817,-17.46105194091797,4
2NZ8,3,25.14136505126953,15.089759826660156,53.341392517089844,0.0,0.011516197646701082,-13.175529479980469,4
2NZ8,4,22.93027114868164,16.02823829650879,52.49592590332031,0.0,0.011409840049904902,-14.809517860412598,2
2NZ8,5,14.226361274719238,11.780624389648438,23.582015991210938,0.0,0.04364509581477891,-15.609000205993652,6
2NZ8,6,20.490060806274414,17.198368072509766,54.14553451538086,0.0,0.010533610481616803,-10.850275039672852,7
2NZ8,7,26.445354461669922,16.165363311767578,55.74794006347656,0.0,0.010418733010432656,-13.692573547363281,0
2NZ8,8,14.39163875579834,11.434404373168945,23.99195671081543,0.0,0.0428127246140087,-15.955286979675293,10
2NZ8,9,21.34318733215332,15.484090805053711,53.728084564208984,0.0,0.011238212048540926,-16.66698455810547,1
2NZ8,10,13.927685737609863,14.348891258239746,30.3848876953125,0.0,0.0277957393393299,-13.9740571975708,0
2NZ8,11,25.784873962402344,23.41341781616211,61.88761520385742,0.0,0.007534082407687788,-15.191762924194336,1
2NZ8,12,23.26944351196289,21.970436096191406,56.557918548583984,0.0,0.008909124768323994,-14.929487228393555,8
2NZ8,13,15.054275512695312,12.46056079864502,25.017902374267578,0.0,0.03925758896781368,-14.901534080505371,2
2NZ8,14,14.079052925109863,12.085100173950195,23.236604690551758,0.0,0.04439697989087892,-15.15103530883789,1
1N2C,0,49.0800666809082,41.0812873840332,121.79396057128906,0.0,0.0020594858656245254,-15.55855941772461,118
1N2C,1,15.601096153259277,16.656726837158203,34.275569915771484,0.142857,0.06961249351260206,-16.79836654663086,36
1N2C,2,51.315303802490234,40.73398971557617,126.86930084228516,0.0,0.0019409586547305096,-14.26923656463623,93
1N2C,3,52.001304626464844,40.849090576171875,128.32484436035156,0.0,0.0019049691189315214,-17.073591232299805,59
1N2C,4,5.87657356262207,5.486233234405518,14.389358520507812,0.510204,0.27947916812920043,-18.216964721679688,24
1N2C,5,17.07154655456543,18.71045684814453,37.12348556518555,0.020408,0.02553592402645123,-18.093042373657227,22
1N2C,6,8.257259368896484,8.732203483581543,19.289785385131836,0.102041,0.09776716624252539,-16.56813621520996,76
1N2C,7,4.114686012268066,4.260797500610352,10.079176902770996,0.673469,0.3997839591404229,-19.242610931396484,26
1N2C,8,17.49164390563965,20.134090423583984,37.79958724975586,0.061224,0.03829212713337289,-17.462646484375,19
1N2C,9,53.17012023925781,43.11909484863281,133.13861083984375,0.0,0.0017560371870907838,-18.569589614868164,19
1N2C,10,5.594860553741455,6.017245769500732,13.21737003326416,0.387755,0.2462774042134458,-18.21502113342285,40
1N2C,11,17.33189582824707,18.614486694335938,37.99684524536133,0.0,0.0180365394802933,-17.197370529174805,49
1N2C,12,53.14370346069336,42.68232727050781,131.93870544433594,0.0,0.0017889365988167304,-18.597915649414062,34
1N2C,13,4.647297382354736,5.019211292266846,11.861696243286133,0.44898,0.29008381613245815,-18.211164474487305,45
1N2C,14,5.1301469802856445,5.61689567565918,12.74576187133789,0.306122,0.22684165434801137,-17.1658935546875,50
3MJ9,0,20.04651641845703,18.39405059814453,34.18467330932617,0.0,0.021610919532269974,-17.846149444580078,2
3MJ9,1,17.003807067871094,15.267776489257812,36.30733108520508,0.0,0.02050692952079737,-14.662153244018555,10
3MJ9,2,15.504281044006348,16.058834075927734,40.062965393066406,0.0,0.0172415744298369,-15.888001441955566,2
3MJ9,3,21.322622299194336,17.90024185180664,43.39704895019531,0.0,0.014639717420215541,-18.659231185913086,5
3MJ9,4,19.025129318237305,16.397674560546875,44.12616729736328,0.0,0.014692332470270896,-14.131446838378906,5
3MJ9,5,11.8224515914917,13.418127059936523,33.0964241027832,0.0,0.024740129557326584,-15.150731086730957,11
3MJ9,6,15.707151412963867,12.164584159851074,31.618385314941406,0.0,0.027458817937215923,-14.271480560302734,33
3MJ9,7,20.075008392333984,16.17426300048828,34.48731994628906,0.0,0.021931585180822638,-16.796283721923828,6
3MJ9,8,19.958189010620117,16.601451873779297,59.281639099121094,0.0,0.00941409707511798,-14.877498626708984,8
3MJ9,9,20.746135711669922,16.172649383544922,39.948360443115234,0.0,0.017280411057500764,-12.913782119750977,8
3MJ9,10,18.44375991821289,18.240798950195312,45.70179748535156,0.0,0.013383986829866292,-17.012100219726562,6
3MJ9,11,13.301488876342773,15.696206092834473,29.14213752746582,0.0,0.029151163965546765,-13.460923194885254,18
3MJ9,12,12.633790969848633,12.588920593261719,23.001853942871094,0.0,0.04471594282068214,-14.44531536102295,40
3MJ9,13,11.624553680419922,13.610581398010254,30.50298500061035,0.0,0.028018956599880757,-14.804513931274414,23
3MJ9,14,18.165035247802734,18.521944046020508,45.561920166015625,0.0,0.013383203148942207,-20.337467193603516,7
1F51,0,10.167059898376465,12.756570816040039,22.465721130371094,0.0,0.04628787523266462,-21.686647415161133,5
1F51,1,9.609026908874512,11.769794464111328,22.9013729095459,0.0,0.04568686070693964,-19.086822509765625,7
1F51,2,18.337615966796875,18.944799423217773,50.041202545166016,0.0,0.011424438582171554,-19.71047019958496,5
1F51,3,8.515686988830566,9.607367515563965,20.483625411987305,0.0,0.05689907665301908,-16.215843200683594,6
1F51,4,9.466597557067871,9.819344520568848,30.18185043334961,0.0,0.032096124868815905,-18.142061233520508,0
1F51,5,7.467037200927734,7.993878364562988,21.31740379333496,0.090909,0.08736705252887773,-17.383533477783203,5
1F51,6,9.380069732666016,11.638856887817383,21.53591537475586,0.0,0.05037387489547615,-19.831918716430664,7
1F51,7,17.309066772460938,16.83760643005371,48.91741180419922,0.0,0.012394094304998687,-18.976110458374023,10
1F51,8,17.34982681274414,16.745973587036133,49.087249755859375,0.0,0.012357145637103736,-20.65489387512207,4
1F51,9,5.0277419090271,5.388755798339844,14.513860702514648,0.272727,0.200008874952982,-17.659482955932617,3
1F51,10,17.355331420898438,16.252227783203125,49.973915100097656,0.0,0.012187726496345834,-22.394577026367188,1
1F51,11,18.48456573486328,18.58205795288086,50.51572799682617,0.0,0.011335796197368036,-18.974275588989258,4
1F51,12,17.766489028930664,17.869400024414062,51.179630279541016,0.0,0.01127991495615384,-20.36092758178711,3
1F51,13,9.970053672790527,12.459688186645508,20.984590530395508,0.0,0.05174451527913596,-19.324453353881836,1
1F51,14,8.861980438232422,10.828171730041504,20.24141502380371,0.0,0.05624524976170906,-18.572345733642578,5
2OOB,0,9.695780754089355,9.422828674316406,43.9441032409668,0.0,0.02025978956605746,-18.90918731689453,0
2OOB,1,9.392603874206543,9.463221549987793,44.47053146362305,0.0,0.019918372329000275,-20.263452529907227,0
2OOB,2,4.870659828186035,4.307502269744873,11.603744506835938,0.0,0.15245235108378644,-20.41004180908203,2
2OOB,3,8.237533569335938,8.83279800415039,46.56086349487305,0.0,0.020094362237326528,-22.19917106628418,0
2OOB,4,7.856412410736084,7.974628448486328,44.0138053894043,0.0,0.023375386116062703,-21.378597259521484,2
2OOB,5,8.880560874938965,8.023834228515625,25.71073341369629,0.999999,0.37743163589797657,-20.82426643371582,3
2OOB,6,9.822809219360352,9.371577262878418,44.863792419433594,0.0,0.01987696438891143,-20.08199691772461,0
2OOB,7,8.313769340515137,8.773808479309082,45.37747573852539,0.0,0.020765631774159375,-19.513324737548828,0
2OOB,8,9.172551155090332,8.689496994018555,43.90571975708008,0.0,0.02168728353584592,-27.63812255859375,1
2OOB,9,9.043280601501465,8.817933082580566,36.21849060058594,0.0,0.02677519052969066,-17.425369262695312,0
2OOB,10,3.6711266040802,3.6511783599853516,18.418081283569336,0.0,0.10666440282761687,-15.893125534057617,0
2OOB,11,9.184499740600586,9.276837348937988,46.20246887207031,0.0,0.019405490912703053,-22.120943069458008,1
2OOB,12,8.809154510498047,8.811369895935059,44.55902099609375,0.0,0.021091565811097463,-26.058834075927734,2
2OOB,13,8.646444320678711,8.640390396118164,44.538326263427734,0.0,0.021466303108985885,-21.227787017822266,1
2OOB,14,9.275406837463379,9.228767395019531,41.533390045166016,0.0,0.02197919232628197,-20.62460708618164,0
5WK3,0,7.016692161560059,10.021648406982422,20.93112564086914,0.0,0.0544927273044683,-18.545637130737305,1
5WK3,1,5.917972087860107,10.017650604248047,17.2620792388916,0.0,0.07235946754450177,-17.804351806640625,0
5WK3,2,6.753028392791748,9.013174057006836,19.98621940612793,0.0,0.06003997590198885,-20.006315231323242,3
5WK3,3,6.589245319366455,10.388041496276855,19.088197708129883,0.0,0.061968111344808195,-18.635650634765625,0
5WK3,4,6.389169692993164,9.628374099731445,18.9283390045166,0.0,0.06383697131334552,-20.168087005615234,0
5WK3,5,23.895076751708984,28.700939178466797,72.95488739013672,0.0,0.005372283611493493,-16.23894691467285,41
5WK3,6,6.3497185707092285,9.330233573913574,18.556360244750977,0.0,0.0662091943072245,-19.974300384521484,0
5WK3,7,5.586603164672852,8.45644474029541,16.1564998626709,0.0,0.08242893430788492,-19.232036590576172,0
5WK3,8,26.5054931640625,29.74158477783203,80.77915954589844,0.0,0.0044960862696045035,-15.07411003112793,18
5WK3,9,5.472709655761719,7.599066257476807,16.14594841003418,0.0,0.08483587062295235,-16.349685668945312,2
5WK3,10,18.524423599243164,23.221250534057617,58.72447967529297,0.0,0.008225374972566955,-15.083789825439453,15
5WK3,11,6.251604080200195,9.26318359375,18.080949783325195,0.0,0.06885066479024245,-18.251394271850586,1
5WK3,12,27.619016647338867,32.28269958496094,84.09552001953125,0.0,0.004089082728317879,-14.701065063476562,22
5WK3,13,20.140350341796875,20.422510147094727,63.786285400390625,0.0,0.007604481545208858,-15.933374404907227,3
5WK3,14,6.5867180824279785,9.524764060974121,19.328824996948242,0.0,0.06208327151224275,-20.714818954467773,1
1KTZ,0,22.343198776245117,11.337432861328125,46.37907028198242,0.0,0.016566899557257448,-14.036530494689941,2
1KTZ,1,12.903234481811523,10.130767822265625,20.575605392456055,0.0,0.055744615794021124,-15.151150703430176,3
1KTZ,2,22.35149574279785,23.338598251342773,72.58733367919922,0.0,0.0058802639002071,-18.82025909423828,0
1KTZ,3,13.463705062866211,11.20693588256836,22.589750289916992,0.0,0.047207915494274055,-17.010114669799805,0
1KTZ,4,15.379342079162598,11.380950927734375,32.66073226928711,0.0,0.026836246360938825,-16.953786849975586,0
1KTZ,5,15.538304328918457,11.953390121459961,33.396484375,0.0,0.02544707279500434,-16.474103927612305,3
1KTZ,6,15.135515213012695,11.901869773864746,30.64234161376953,0.0,0.029028304163661114,-14.604246139526367,0
1KTZ,7,23.78754425048828,27.838125228881836,80.6878433227539,0.0,0.004623525075457107,-16.395177841186523,0
1KTZ,8,24.259511947631836,29.647930145263672,81.29381561279297,0.0,0.004455849211981844,-23.799171447753906,0
1KTZ,9,23.41559600830078,24.330713272094727,74.91987609863281,0.0,0.005498247014057143,-16.27086067199707,0
1KTZ,10,15.668633460998535,11.102645874023438,35.914649963378906,0.0,0.023656078035424234,-17.16297721862793,4
1KTZ,11,15.40164852142334,10.901684761047363,32.09980010986328,0.0,0.02803477372034859,-15.81539249420166,0
1KTZ,12,13.988500595092773,11.909942626953125,29.066869735717773,0.0,0.03146420774860272,-15.290949821472168,1
1KTZ,13,15.994184494018555,11.59256362915039,32.18400955200195,0.0,0.02722364924577479,-15.675139427185059,0
1KTZ,14,22.146081924438477,22.201683044433594,68.01571655273438,0.0,0.006640519328153314,-17.639488220214844,2
2AYO,0,16.550661087036133,18.342506408691406,47.68252182006836,0.04,0.025813955126722663,-19.914003372192383,0
2AYO,1,13.453004837036133,14.698249816894531,38.777565002441406,0.0,0.018717611369121416,-17.629446029663086,0
2AYO,2,16.13179588317871,17.958927154541016,45.68687057495117,0.0,0.013461370406673714,-19.34406280517578,1
2AYO,3,21.040536880493164,23.56096839904785,57.00519561767578,0.0,0.008595600021048734,-17.530593872070312,3
2AYO,4,5.99721097946167,8.151618957519531,14.77479362487793,0.0,0.09380754234149634,-18.286930084228516,0
2AYO,5,16.36833381652832,19.787883758544922,45.38045120239258,0.04,0.02653585832131626,-18.45574378967285,0
2AYO,6,8.831987380981445,10.359761238098145,24.580257415771484,0.0,0.04244775755969893,-17.555564880371094,0
2AYO,7,20.903825759887695,23.329130172729492,56.66977310180664,0.0,0.008706550744239712,-20.703031539916992,0
2AYO,8,13.795342445373535,17.255590438842773,39.186031341552734,0.0,0.017479061498370023,-15.99057388305664,1
2AYO,9,20.132596969604492,22.027671813964844,55.59281539916992,0.0,0.009153095659986267,-19.43999481201172,4
2AYO,10,4.21686315536499,5.371341705322266,11.640503883361816,0.0,0.1400385848769228,-17.478382110595703,0
2AYO,11,20.18174934387207,22.826171875,54.87202453613281,0.0,0.009244432057182573,-21.854150772094727,2
2AYO,12,68.82307434082031,89.34723663330078,196.114501953125,0.0,0.0007189270176365825,0.0,0
2AYO,13,16.202287673950195,17.06525421142578,46.80499267578125,0.16,0.06653135153223401,-19.133573532104492,5
2AYO,14,14.494248390197754,15.414810180664062,41.10414123535156,0.0,0.016796469308485846,-17.160898208618164,1
1Z0K,0,11.808982849121094,13.264999389648438,28.84044075012207,0.0,0.030848749043805926,-17.46958351135254,0
1Z0K,1,9.917360305786133,11.034004211425781,21.213054656982422,0.0,0.05216354947145125,-14.713333129882812,0
1Z0K,2,10.53963565826416,13.407806396484375,21.743999481201172,0.0,0.04830586883535582,-19.51321792602539,0
1Z0K,3,10.96383285522461,12.485923767089844,24.679767608642578,0.0,0.04008934848927646,-16.559722900390625,0
1Z0K,4,10.451704978942871,11.788290023803711,24.019554138183594,0.0,0.04240866583453154,-14.514082908630371,0
1Z0K,5,4.874546051025391,5.644453048706055,15.088862419128418,0.0,0.10228596523199522,-18.119869232177734,0
1Z0K,6,12.287041664123535,14.04411506652832,27.625228881835938,0.0,0.032588032756659335,-21.342491149902344,5
1Z0K,7,11.127138137817383,12.835044860839844,24.7711124420166,0.0,0.03960549840525277,-18.463279724121094,0
1Z0K,8,10.780739784240723,13.906729698181152,24.63295555114746,0.0,0.039300561273497805,-17.23533058166504,0
1Z0K,9,9.629111289978027,10.944894790649414,20.078813552856445,0.0,0.05680365101230315,-16.149993896484375,0
1Z0K,10,12.642818450927734,14.662917137145996,27.29958724975586,0.0,0.0329113314979741,-20.11139488220215,3
1Z0K,11,4.926295757293701,6.100396633148193,15.7213773727417,0.0,0.0944032899526216,-19.109939575195312,0
1Z0K,12,10.002385139465332,13.025747299194336,20.0385799407959,0.0,0.055193229369317705,-19.06402015686035,0
1Z0K,13,13.028314590454102,15.204780578613281,27.683317184448242,0.0,0.03193083040347529,-22.76314926147461,3
1Z0K,14,6.708507537841797,7.111277103424072,16.20237159729004,0.166667,0.14169537998503465,-17.852128982543945,0
1B6C,0,4.7521257400512695,5.694920539855957,15.519387245178223,0.0,0.09854361874831324,-15.179121971130371,11
1B6C,1,10.053080558776855,10.597494125366211,31.007308959960938,0.0,0.029845078104770512,-15.321037292480469,2
1B6C,2,5.038369178771973,5.810916900634766,18.7789249420166,0.0,0.07750390853238676,-16.435924530029297,12
1B6C,3,3.8536553382873535,5.168033123016357,15.629117012023926,0.0,0.10198711305877207,-14.948210716247559,3
1B6C,4,9.241719245910645,11.081396102905273,38.51388168334961,0.0,0.021479736788996086,-14.970653533935547,9
1B6C,5,5.250749111175537,5.910524845123291,18.697677612304688,0.285714,0.1724971775250105,-15.168730735778809,10
1B6C,6,7.505652904510498,9.178778648376465,57.83068084716797,0.0,0.015719362846019325,-15.104693412780762,5
1B6C,7,13.476424217224121,14.42884635925293,34.34123229980469,0.0,0.022806428466812124,-15.327618598937988,4
1B6C,8,8.486947059631348,11.212278366088867,60.72932052612305,0.0,0.012265599288083068,-14.582967758178711,3
1B6C,9,10.854728698730469,13.015893936157227,78.62675476074219,0.0,0.00821962505771649,-20.823619842529297,3
1B6C,10,5.926913261413574,6.702443599700928,22.868305206298828,0.142857,0.10397996116667359,-15.307357788085938,15
1B6C,11,7.275624752044678,7.247852325439453,25.788862228393555,0.0,0.04635432983744994,-15.31747055053711,9
1B6C,12,8.749066352844238,9.21947956085205,27.78244972229004,0.0,0.037126990543127646,-16.372915267944336,7
1B6C,13,3.1598000526428223,4.095043182373047,14.093953132629395,0.0,0.1283380994230115,-15.506135940551758,8
1B6C,14,10.971992492675781,10.61890983581543,32.05774688720703,0.0,0.028416053244462027,-16.035511016845703,0
2FJG,0,10.831645011901855,8.041357040405273,27.38566017150879,0.0,0.040498976981236286,-16.750253677368164,3
2FJG,1,18.540258407592773,16.317319869995117,51.16838455200195,0.0,0.011744647493433182,-16.886882781982422,16
2FJG,2,11.390493392944336,9.422684669494629,25.613277435302734,0.0,0.04130673966348081,-20.034164428710938,1
2FJG,3,15.581690788269043,17.745805740356445,32.162330627441406,0.0,0.024126780951428603,-16.196422576904297,5
2FJG,4,25.904508590698242,16.30874252319336,59.75265121459961,0.0,0.009407683658600842,-16.312421798706055,1
2FJG,5,15.424443244934082,12.837492942810059,39.42626190185547,0.0,0.019294846179485944,-16.696290969848633,7
2FJG,6,10.340703964233398,7.534133434295654,24.300411224365234,0.0,0.04904696934017814,-18.06112289428711,7
2FJG,7,13.156618118286133,9.315394401550293,28.76508140563965,0.0,0.03519323076770037,-18.034719467163086,2
2FJG,8,18.616743087768555,19.228649139404297,37.48227310180664,0.0,0.018319867135468636,-20.058765411376953,0
2FJG,9,11.797248840332031,8.90385627746582,26.227008819580078,0.0,0.040883397137127145,-19.20962905883789,2
2FJG,10,18.392526626586914,17.235309600830078,35.21095657348633,0.0,0.020861136905770045,-18.403913497924805,0
2FJG,11,19.963598251342773,20.29513168334961,37.48698806762695,0.0,0.01811076003620225,-16.74127197265625,10
2FJG,12,23.651470184326172,23.385181427001953,50.36163330078125,0.0,0.010598310635176597,-17.940189361572266,47
2FJG,13,16.679561614990234,9.5513916015625,42.18124771118164,0.0,0.02103060299364644,-16.68377685546875,20
2FJG,14,17.92501449584961,16.485441207885742,34.82686233520508,0.0,0.021476584128349147,-19.83384895324707,4
1JTD,0,10.364232063293457,9.190167427062988,25.00079345703125,0.0,0.04318809477393711,-16.26702117919922,2
1JTD,1,11.067951202392578,9.496659278869629,26.90265655517578,0.0,0.0383690072799851,-19.632232666015625,12
1JTD,2,12.930712699890137,11.227067947387695,28.52556800842285,0.0,0.03302918787406408,-18.528074264526367,7
1JTD,3,11.191291809082031,9.683696746826172,24.586580276489258,0.0,0.043397302868909825,-18.784957885742188,14
1JTD,4,11.195716857910156,9.603389739990234,26.876379013061523,0.0,0.038247741909639595,-18.963336944580078,7
1JTD,5,13.287795066833496,11.642926216125488,28.999691009521484,0.0,0.03181390196965071,-19.418691635131836,6
1JTD,6,10.528959274291992,8.877317428588867,34.62700271606445,0.0,0.028196946364475308,-20.563064575195312,1
1JTD,7,13.565974235534668,11.61583423614502,33.543479919433594,0.0,0.025580134681914928,-13.729889869689941,0
1JTD,8,11.850747108459473,10.30677604675293,27.196216583251953,0.0,0.036577248209146276,-19.822900772094727,11
1JTD,9,18.68413734436035,16.6206111907959,33.13773727416992,0.0,0.023270769752824192,-21.404762268066406,0
1JTD,10,10.146063804626465,8.521153450012207,23.787601470947266,0.0,0.04776095068229769,-18.167469024658203,0
1JTD,11,14.029903411865234,12.35678482055664,29.69430160522461,0.0,0.030085122604545527,-22.184402465820312,1
1JTD,12,9.800253868103027,8.814661979675293,24.68951988220215,0.0,0.044703070633272134,-15.766712188720703,6
1JTD,13,10.76536750793457,9.343818664550781,25.348281860351562,0.0,0.042067656328200136,-18.352462768554688,11
1JTD,14,14.35362434387207,12.443461418151855,29.718847274780273,0.0,0.02998035337853905,-17.681516647338867,8
1HE8,0,10.739164352416992,16.80632781982422,25.617399215698242,0.0,0.035693072149534044,-13.66157054901123,9
1HE8,1,26.075773239135742,24.675918579101562,72.4012451171875,0.0,0.005759084117415694,-16.602182388305664,2
1HE8,2,4.447082042694092,5.433736324310303,12.157633781433105,0.0,0.1330439124908351,-17.156145095825195,2
1HE8,3,32.16323471069336,32.95408248901367,91.02755737304688,0.0,0.0035705769665819813,-16.504871368408203,6
1HE8,4,5.434028625488281,5.752777576446533,15.067472457885742,0.357143,0.22073865608554313,-17.5667667388916,5
1HE8,5,26.68868064880371,24.06794548034668,73.81209564208984,0.0,0.005652279294540469,-19.952470779418945,3
1HE8,6,24.700166702270508,23.21035385131836,70.350341796875,0.0,0.006182516682387895,-19.891298294067383,4
1HE8,7,25.874027252197266,23.959400177001953,72.07614135742188,0.0,0.005873703362629795,-20.80228042602539,1
1HE8,8,25.549196243286133,24.140146255493164,71.38394927978516,0.0,0.005942220066944003,-16.9097957611084,3
1HE8,9,33.2923698425293,34.92569351196289,94.24581146240234,0.0,0.0033032368572210517,-16.78460121154785,2
1HE8,10,26.36756134033203,23.93762969970703,73.24735260009766,0.0,0.005732938179165877,-18.663280487060547,1
1HE8,11,26.139751434326172,24.49211311340332,72.47452545166016,0.0,0.00576846788298581,-22.552095413208008,1
1HE8,12,26.243488311767578,23.968280792236328,72.71381378173828,0.0,0.005793976167831384,-20.376358032226562,1
1HE8,13,34.32661056518555,34.643436431884766,97.73241424560547,0.0,0.003126200370115368,-20.490123748779297,2
1HE8,14,30.217708587646484,31.10780143737793,86.50142669677734,0.0,0.003961080694025538,-16.870412826538086,6
3K75,0,15.480026245117188,9.806962966918945,36.32420349121094,0.0,0.024924899953579688,-16.765884399414062,1
3K75,1,17.647584915161133,10.17890739440918,37.973846435546875,0.0,0.02298914507360607,-16.6521053314209,3
3K75,2,12.105900764465332,8.3390474319458,29.785037994384766,0.0,0.03554971355212657,-15.399229049682617,0
3K75,3,14.579926490783691,8.002779960632324,31.93010902404785,0.0,0.03337189889756865,-16.0240421295166,0
3K75,4,16.047847747802734,7.520725250244141,33.64622116088867,0.0,0.03275013300518321,-17.534709930419922,2
3K75,5,22.872575759887695,13.315863609313965,48.13276672363281,0.0,0.014257695715826933,-19.252450942993164,11
3K75,6,16.6756649017334,11.56984806060791,47.86326217651367,0.0,0.015701427705396297,-12.564387321472168,3
3K75,7,13.935857772827148,8.253791809082031,31.883668899536133,0.0,0.03277596156723397,-14.050331115722656,0
3K75,8,16.991554260253906,10.28904914855957,38.17428207397461,0.0,0.022682708498782372,-18.59526824951172,3
3K75,9,9.576986312866211,5.596534252166748,22.323406219482422,0.0,0.06454876320496711,-15.943081855773926,3
3K75,10,14.519071578979492,7.28710412979126,29.87405014038086,0.0,0.03851402719688065,-21.111600875854492,1
3K75,11,12.3875093460083,7.916098117828369,31.498050689697266,0.0,0.034180329991540824,-14.519753456115723,0
3K75,12,67.91866302490234,80.2407455444336,186.7703399658203,0.0,0.0008054176613471877,0.0,0
3K75,13,11.842004776000977,8.02186107635498,28.74807357788086,0.0,0.03805913383829223,-15.582221984863281,0
3K75,14,12.9637451171875,6.493136882781982,29.707490921020508,0.0,0.04211160225155131,-16.50032615661621,0
5O14,0,14.239798545837402,9.781529426574707,35.12467575073242,0.0,0.026099295040571378,-14.726672172546387,4
5O14,1,22.520700454711914,21.492738723754883,56.9532585144043,0.0,0.008878658897742865,-18.999052047729492,2
5O14,2,21.28464698791504,14.485107421875,53.60746765136719,0.0,0.011711492920194818,-16.23680877685547,4
5O14,3,16.832828521728516,14.428914070129395,36.47075653076172,0.0,0.02073725788689777,-14.61099910736084,4
5O14,4,32.42377853393555,30.241790771484375,92.58805084228516,0.0,0.0036039246784882553,-15.43847370147705,2
5O14,5,15.121095657348633,10.761116027832031,32.557228088378906,0.0,0.027623990339519327,-17.34459114074707,0
5O14,6,20.35060691833496,18.158323287963867,51.346885681152344,0.0,0.01115013937007274,-16.513355255126953,3
5O14,7,14.798013687133789,10.858356475830078,31.311128616333008,0.0,0.0291210480885874,-17.165721893310547,0
5O14,8,23.33956527709961,17.102449417114258,58.63447952270508,0.0,0.009405438577985393,-19.662675857543945,1
5O14,9,12.98554515838623,9.42286205291748,29.850250244140625,0.0,0.03323929835708409,-14.415860176086426,2
5O14,10,23.09636688232422,21.858871459960938,58.006507873535156,0.0,0.008569373575314378,-17.597454071044922,2
5O14,11,14.076457023620605,10.046493530273438,33.27412414550781,0.0,0.027688394773269263,-14.759517669677734,0
5O14,12,22.763051986694336,21.246532440185547,55.52459716796875,0.0,0.009286029310349624,-17.479759216308594,3
5O14,13,22.625303268432617,23.373647689819336,55.78539276123047,0.0,0.008930415863848776,-15.964616775512695,5
5O14,14,23.14887809753418,15.994353294372559,56.71995162963867,0.0,0.010227686557744312,-16.726938247680664,2
1R8S,0,7.332185745239258,6.913911819458008,16.800539016723633,0.142857,0.130537869104334,-12.957287788391113,3
1R8S,1,9.078983306884766,7.946463108062744,20.16844940185547,0.142857,0.10936418439392619,-14.044159889221191,1
1R8S,2,7.099843978881836,6.656950950622559,18.1806697845459,0.214286,0.14732695680402733,-13.277718544006348,1
1R8S,3,8.095396041870117,7.716521739959717,19.64911460876465,0.142857,0.11230091505021943,-13.023425102233887,3
1R8S,4,13.520331382751465,13.523033142089844,32.346343994140625,0.0,0.025582494044996004,-17.240699768066406,1
1R8S,5,10.408947944641113,9.788743019104004,25.094959259033203,0.0,0.041954039953266305,-13.835918426513672,5
1R8S,6,16.904766082763672,15.902352333068848,34.75197982788086,0.0,0.021755460054949664,-11.680525779724121,1
1R8S,7,10.213606834411621,10.18307113647461,30.063817977905273,0.0,0.03175259336389624,-14.448525428771973,1
1R8S,8,12.8218412399292,13.216225624084473,31.650333404541016,0.0,0.026663331035342158,-16.769248962402344,1
1R8S,9,8.438075065612793,7.939440727233887,22.11199378967285,0.142857,0.10202187803715501,-15.075922012329102,0
1R8S,10,16.94529914855957,15.97616195678711,34.52892303466797,0.0,0.02195854837124281,-13.965873718261719,0
1R8S,11,16.934650421142578,16.04720687866211,36.97175979614258,0.071429,0.04343120239363211,-13.282065391540527,5
1R8S,12,7.008162498474121,6.441108226776123,16.544803619384766,0.142857,0.13437553669413774,-13.285760879516602,2
1R8S,13,13.349044799804688,15.897379875183105,43.88531494140625,0.0,0.014994135038911791,-15.95607852935791,0
1R8S,14,17.205636978149414,15.947576522827148,35.14427185058594,0.0,0.021344328802107335,-13.2948637008667,2
1K74,0,24.497989654541016,26.862497329711914,53.27704620361328,0.0,0.009310222480719275,-15.6454496383667,9
1K74,1,25.43421745300293,26.780227661132812,66.61154174804688,0.0,0.0063832490305616415,-15.377493858337402,13
1K74,2,25.7921199798584,27.42532730102539,63.359867095947266,0.0,0.0068872369895399905,-13.42743968963623,32
1K74,3,20.372356414794922,18.809690475463867,65.70433044433594,0.0,0.0075932358799705585,-17.87139320373535,21
1K74,4,19.96864891052246,18.920299530029297,65.68378448486328,0.0,0.007572209332533696,-16.772014617919922,18
1K74,5,20.365394592285156,18.81507110595703,63.54207992553711,0.0,0.007965133868110328,-15.750317573547363,22
1K74,6,21.702983856201172,22.405330657958984,63.175506591796875,0.0,0.0074142607993860745,-16.578134536743164,12
1K74,7,19.162769317626953,16.489837646484375,64.14103698730469,0.0,0.008488442756489622,-19.390621185302734,15
1K74,8,22.517045974731445,22.306663513183594,47.099945068359375,0.0,0.01201422149290147,-21.302474975585938,7
1K74,9,23.589813232421875,24.1272029876709,48.32806396484375,0.0,0.011285429200524152,-18.434019088745117,5
1K74,10,17.403640747070312,14.050765037536621,66.6851806640625,0.0,0.009085280065916065,-17.540145874023438,9
1K74,11,22.061033248901367,24.12336540222168,47.72856521606445,0.0,0.011530903356994913,-16.360187530517578,3
1K74,12,24.709543228149414,25.311800003051758,62.83123779296875,0.0,0.007157378776052451,-13.752531051635742,24
1K74,13,20.708444595336914,20.211267471313477,68.72110748291016,0.0,0.0068487088636372965,-16.894813537597656,9
1K74,14,21.239362716674805,20.466720581054688,65.30158996582031,0.0,0.0073344674848680605,-16.977306365966797,11
3V6Z,0,19.579771041870117,15.484294891357422,47.838592529296875,0.0,0.013300428665627043,-13.925424575805664,52
3V6Z,1,9.5125732421875,11.093875885009766,20.449844360351562,0.066667,0.07731176848916582,-13.689738273620605,2
3V6Z,2,14.103673934936523,8.67832088470459,29.60219383239746,0.0,0.0350594280281842,-16.108810424804688,25
3V6Z,3,14.60628604888916,14.816378593444824,30.45176887512207,0.0,0.027475733924229223,-12.583124160766602,19
3V6Z,4,8.917956352233887,10.395817756652832,19.217029571533203,0.133333,0.1057859741489366,-12.593757629394531,7
3V6Z,5,10.93642520904541,11.753219604492188,23.997020721435547,0.066667,0.06472416552895689,-15.905932426452637,4
3V6Z,6,12.825204849243164,12.63455867767334,26.99304962158203,0.0,0.03470428862456746,-17.652196884155273,0
3V6Z,7,12.193424224853516,10.053545951843262,30.700618743896484,0.0,0.030991348148062425,-16.258663177490234,4
3V6Z,8,8.989276885986328,10.157120704650879,19.768808364868164,0.333333,0.17023516759524307,-12.88286018371582,7
3V6Z,9,13.618107795715332,12.70595645904541,27.41080665588379,0.0,0.03382325307281394,-13.53087043762207,3
3V6Z,10,8.943266868591309,7.881153106689453,20.47545051574707,0.066667,0.08287531970362799,-17.350788116455078,15
3V6Z,11,12.752695083618164,12.533609390258789,26.034088134765625,0.0,0.036816970231173814,-17.24982452392578,0
3V6Z,12,7.1791300773620605,6.762756824493408,17.6528263092041,0.066667,0.1005901381107535,-12.279561996459961,10
3V6Z,13,12.591270446777344,12.260514259338379,26.73738670349121,0.0,0.035511850584069006,-15.756966590881348,1
3V6Z,14,11.125066757202148,10.553728103637695,26.143705368041992,0.466667,0.19402304814514829,-14.690909385681152,36
5HYS,0,25.666400909423828,19.719661712646484,41.30592346191406,0.0,0.015459506328509781,-17.865081787109375,9
5HYS,1,20.590789794921875,14.953282356262207,73.29439544677734,0.0,0.007744350323807468,-15.84289264678955,33
5HYS,2,18.8577880859375,13.578372955322266,50.32341766357422,0.0,0.013264933520667675,-17.306900024414062,16
5HYS,3,23.561824798583984,15.379427909851074,38.178016662597656,0.0,0.018883694512143154,-14.454357147216797,34
5HYS,4,24.759716033935547,18.605846405029297,40.25597381591797,0.0,0.01637950511799964,-16.360103607177734,14
5HYS,5,14.778105735778809,10.625670433044434,23.99447250366211,0.0,0.043679482810279696,-14.2743558883667,27
5HYS,6,26.781112670898438,17.080738067626953,44.52259826660156,0.0,0.01427317507813393,-15.848877906799316,21
5HYS,7,25.318918228149414,18.43540382385254,38.25913619995117,0.0,0.017871387028731624,-17.893407821655273,13
5HYS,8,20.802892684936523,22.83792495727539,36.31364059448242,0.0,0.01874633570554422,-14.806589126586914,7
5HYS,9,14.917176246643066,11.695759773254395,24.6394100189209,0.0,0.04084462605050004,-16.090953826904297,18
5HYS,10,24.21748924255371,16.786449432373047,36.861061096191406,0.0,0.019470386719649225,-13.209478378295898,12
5HYS,11,18.239673614501953,18.665334701538086,33.45603942871094,0.0,0.022350574606815155,-14.852195739746094,34
5HYS,12,25.780433654785156,19.429052352905273,47.894386291503906,0.0,0.012153443339417832,-16.440038681030273,9
5HYS,13,22.948904037475586,18.810165405273438,74.78325653076172,0.0,0.006357725044003867,-15.495993614196777,13
5HYS,14,23.196552276611328,16.9239559173584,54.51744842529297,0.0,0.010508813622786365,-16.88724136352539,11
1DE4,0,9.678505897521973,7.607951641082764,32.346744537353516,0.0,0.034003404925923346,-15.840401649475098,7
1DE4,1,37.26082229614258,27.017166137695312,60.873600006103516,0.0,0.007399228366920716,-13.697218894958496,26
1DE4,2,33.406471252441406,29.0153865814209,59.957740783691406,0.0,0.007455736600313151,-12.8338623046875,47
1DE4,3,31.980178833007812,18.905595779418945,65.36084747314453,0.0,0.00762891066094975,-12.520466804504395,79
1DE4,4,19.486345291137695,16.41257667541504,34.94124984741211,0.0,0.021385087798182278,-12.428762435913086,18
1DE4,5,38.27629089355469,22.023334503173828,59.70344161987305,0.0,0.008161376121044053,-13.520764350891113,34
1DE4,6,20.253093719482422,15.915797233581543,68.53297424316406,0.0,0.007984657579349496,-14.12893295288086,33
1DE4,7,38.269813537597656,24.024127960205078,54.069705963134766,0.0,0.009333500801703492,-14.90531063079834,16
1DE4,8,35.66796875,28.24371910095215,88.17051696777344,0.0,0.004006940766755226,-13.789580345153809,63
1DE4,9,21.43849754333496,15.911283493041992,64.18561553955078,0.0,0.008681363016465049,-12.471038818359375,47
1DE4,10,27.430437088012695,19.237091064453125,50.6140022277832,0.0,0.01115758001204146,-14.60204792022705,20
1DE4,11,27.874910354614258,18.802753448486328,47.06003189086914,0.0,0.012638975119105828,-11.956862449645996,56
1DE4,12,25.808237075805664,19.181884765625,52.341949462890625,0.0,0.010590660652372437,-15.649212837219238,4
1DE4,13,19.22588539123535,15.946303367614746,61.627952575683594,0.0,0.009146256608824609,-14.49705696105957,40
1DE4,14,39.447391510009766,22.524621963500977,59.0526123046875,0.0,0.008237723361134689,-14.376151084899902,27
1CGI,0,7.748970031738281,7.33683443069458,24.352882385253906,0.193548,0.11408846456371884,-18.96672821044922,4
1CGI,1,4.381194114685059,5.1109089851379395,11.134672164916992,0.387097,0.2781969655478674,-22.64163589477539,5
1CGI,2,4.4640936851501465,4.596330165863037,12.927661895751953,0.064516,0.15419863765618774,-22.545074462890625,3
1CGI,3,2.984689474105835,3.0041544437408447,9.127337455749512,0.193548,0.28585388589521954,-20.652681350708008,7
1CGI,4,6.0174360275268555,7.506457328796387,14.194769859313965,0.290323,0.19755202629217908,-23.774412155151367,5
1CGI,5,5.714900970458984,7.04288911819458,15.0438871383667,0.032258,0.10587949325635405,-21.737321853637695,5
1CGI,6,6.40817928314209,8.066302299499512,15.043290138244629,0.032258,0.10256179091499303,-18.996488571166992,9
1CGI,7,8.152848243713379,8.643701553344727,24.3269100189209,0.129032,0.08902296452135827,-17.507863998413086,6
1CGI,8,4.94042444229126,5.9670186042785645,13.188053131103516,0.064516,0.1391478483379062,-23.467226028442383,3
1CGI,9,8.027419090270996,7.624756813049316,25.8098201751709,0.064516,0.0665409479747124,-15.859230041503906,10
1CGI,10,5.649752616882324,6.823099136352539,13.584184646606445,0.322581,0.21668410681511438,-21.94056510925293,5
1CGI,11,6.299934387207031,9.041936874389648,15.26867389678955,0.0,0.08779073959661826,-16.889955520629883,1
1CGI,12,8.792881965637207,9.570476531982422,24.529739379882812,0.032258,0.054478820853053805,-14.326409339904785,21
1CGI,13,6.177821159362793,7.028590679168701,19.037250518798828,0.0,0.06992691863499366,-20.036951065063477,4
1CGI,14,2.577745199203491,2.5638208389282227,7.678478717803955,0.258065,0.35457441014835456,-21.67722511291504,5
2CFH,0,17.66213607788086,15.659873008728027,26.971065521240234,0.0,0.03314642578957569,-14.852264404296875,1
2CFH,1,10.289505958557129,10.502650260925293,17.621967315673828,0.0,0.06957966249308871,-12.787632942199707,7
2CFH,2,6.080817222595215,4.792923450469971,14.918957710266113,0.090909,0.14172560249861413,-18.270069122314453,0
2CFH,3,14.071314811706543,13.313613891601562,24.2804012298584,0.0,0.04056953710129232,-13.594123840332031,1
2CFH,4,23.835758209228516,26.088518142700195,79.82195281982422,0.0,0.004835766613264285,0.0,0
2CFH,5,5.144476890563965,4.250453472137451,17.60630989074707,0.272727,0.190832156060989,-15.342199325561523,3
2CFH,6,16.67625617980957,17.75227165222168,40.62254333496094,0.0,0.016345094537937862,-14.814318656921387,3
2CFH,7,16.354860305786133,14.728774070739746,24.768178939819336,0.0,0.03854334873610356,-16.346399307250977,0
2CFH,8,4.147310256958008,3.535566806793213,10.829687118530273,0.272727,0.26882294609323204,-17.343807220458984,1
2CFH,9,15.019163131713867,14.010519027709961,24.083160400390625,0.0,0.04070103641075422,-12.588309288024902,4
2CFH,10,10.832934379577637,11.684735298156738,34.43826675415039,0.0,0.02454454697310865,-12.99748420715332,2
2CFH,11,12.019485473632812,10.260566711425781,29.60270881652832,0.0,0.032363932303197694,-13.90841007232666,0
2CFH,12,14.304117202758789,13.423815727233887,22.658029556274414,0.0,0.04523410302239899,-12.786629676818848,2
2CFH,13,4.29703950881958,3.6159627437591553,11.120387077331543,0.363636,0.2930797547993745,-18.921100616455078,0
2CFH,14,14.9420804977417,14.008366584777832,24.594505310058594,0.0,0.03934490609542845,-13.045681953430176,2
1DFJ,0,11.216279029846191,15.68067455291748,64.64412689208984,0.0,0.008687748684714674,-20.28761100769043,4
1DFJ,1,8.8160400390625,10.787007331848145,41.3475456237793,0.0,0.019839036426592845,-16.695417404174805,16
1DFJ,2,9.43132209777832,12.521469116210938,52.9432373046875,0.0,0.013092001053339969,-14.013782501220703,8
1DFJ,3,9.10098648071289,13.36087417602539,50.40544509887695,0.0,0.013365961944809199,-15.403301239013672,0
1DFJ,4,11.487568855285645,16.366519927978516,66.38645935058594,0.0,0.008153065698783978,-19.531354904174805,0
1DFJ,5,10.33772087097168,14.698652267456055,51.040897369384766,0.0,0.012430600059552934,-20.444313049316406,1
1DFJ,6,11.086067199707031,15.989782333374023,65.03562927246094,0.0,0.008506166572793876,-19.227651596069336,0
1DFJ,7,8.085406303405762,10.738801002502441,39.82905960083008,0.0,0.02089932137660505,-16.979507446289062,10
1DFJ,8,10.550098419189453,14.123525619506836,56.328006744384766,0.0,0.011139410306255294,-16.13527488708496,2
1DFJ,9,9.454222679138184,13.436823844909668,54.83457565307617,0.0,0.011924482899080519,-22.191362380981445,1
1DFJ,10,10.956938743591309,15.025445938110352,57.783782958984375,0.0,0.010349315720891981,-19.6435489654541,8
1DFJ,11,11.088125228881836,15.927623748779297,61.343017578125,0.0,0.009209908434039757,-16.766498565673828,8
1DFJ,12,10.445914268493652,14.720373153686523,57.700767517089844,0.0,0.010505547763183626,-18.566495895385742,6
1DFJ,13,10.032108306884766,13.779719352722168,54.75410079956055,0.0,0.011747659107771534,-19.838909149169922,0
1DFJ,14,9.510725975036621,11.159175872802734,40.62942123413086,0.0,0.019893449529502453,-16.985076904296875,0
6DBG,0,8.278410911560059,8.40024471282959,39.371192932128906,0.0,0.025145006271641235,-16.7832088470459,0
6DBG,1,9.444436073303223,9.165989875793457,44.563846588134766,0.0,0.02039534283654996,-17.00724983215332,0
6DBG,2,8.65285873413086,7.7413506507873535,41.223636627197266,0.0,0.02565586655399345,-16.961883544921875,0
6DBG,3,10.233295440673828,8.787664413452148,45.597740173339844,0.0,0.020631402658380472,-18.76691436767578,1
6DBG,4,10.347110748291016,9.413013458251953,46.90355682373047,0.0,0.018854083130738355,-18.67485237121582,0
6DBG,5,7.260580062866211,5.505053520202637,16.486513137817383,0.0,0.0930359759354812,-15.408514976501465,0
6DBG,6,10.564640045166016,9.459450721740723,46.7435188293457,0.0,0.01884559165978392,-18.75888442993164,0
6DBG,7,4.344541549682617,4.935452461242676,21.756275177001953,0.0,0.07232845864195626,-16.75140380859375,0
6DBG,8,4.752774238586426,3.1046788692474365,17.897632598876953,0.0,0.1244304079140547,-18.39549446105957,0
6DBG,9,9.724263191223145,8.725289344787598,42.48023223876953,0.0,0.022400673206527347,-17.710552215576172,0
6DBG,10,10.56080150604248,9.124961853027344,46.176944732666016,0.0,0.019694723892955245,-17.784997940063477,0
6DBG,11,10.236833572387695,7.817232608795166,41.588829040527344,0.0,0.025202949291867404,-17.747785568237305,0
6DBG,12,10.429830551147461,9.221231460571289,47.13359832763672,0.0,0.0190921222403159,-17.562593460083008,0
6DBG,13,7.515318870544434,7.638349533081055,36.63702392578125,0.0,0.02940316553238151,-17.436737060546875,0
6DBG,14,4.865523338317871,5.327733993530273,21.73877716064453,0.0,0.06868584441783292,-17.117868423461914,0
4HX3,0,22.00973129272461,21.22697639465332,57.23316192626953,0.0,0.008849830866146888,-18.789913177490234,0
4HX3,1,20.746498107910156,19.254907608032227,65.42984771728516,0.0,0.007542898550507913,-20.054311752319336,0
4HX3,2,16.974178314208984,17.328062057495117,48.71308135986328,0.0,0.012328413505762914,-17.28801727294922,0
4HX3,3,22.63838005065918,19.158178329467773,65.3095703125,0.0,0.007583185655321348,-17.86178970336914,2
4HX3,4,21.540590286254883,19.486949920654297,64.85458374023438,0.0,0.007592490661581523,-17.675607681274414,1
4HX3,5,20.740243911743164,20.03810691833496,58.100223541259766,0.0,0.008842423208079748,-19.881975173950195,0
4HX3,6,22.55986976623535,20.143083572387695,66.47795104980469,0.0,0.007200162044995182,-18.282140731811523,0
4HX3,7,23.1955623626709,19.963056564331055,67.00127410888672,0.0,0.007151168378043863,-20.064481735229492,0
4HX3,8,16.01167869567871,16.87483787536621,48.22873306274414,0.0,0.01265514774479244,-18.43130111694336,0
4HX3,9,22.04410171508789,19.109943389892578,64.61009979248047,0.0,0.0077121999901228235,-17.725372314453125,1
4HX3,10,15.258915901184082,16.18942642211914,46.90239715576172,0.0,0.013436837042412164,-20.947343826293945,0
4HX3,11,22.38532829284668,19.856714248657227,66.2707290649414,0.0,0.00728630455726195,-22.476320266723633,0
4HX3,12,17.870357513427734,17.65610122680664,53.371795654296875,0.0,0.010634088896038056,-17.56368064880371,0
4HX3,13,21.389772415161133,20.01744842529297,65.88294982910156,0.0,0.0073188732292934,-19.608989715576172,1
4HX3,14,20.07210350036621,19.081933975219727,57.94719696044922,0.0,0.009068228417000198,-16.410646438598633,0
1ZHI,0,20.67698860168457,19.891326904296875,45.61178970336914,0.0,0.013072402240518671,-15.54996109008789,16
1ZHI,1,18.418012619018555,17.326452255249023,43.95356369018555,0.0,0.014496337401338892,-16.146045684814453,4
1ZHI,2,25.149351119995117,24.885784149169922,63.74714279174805,0.0,0.0070295855234086225,-13.579771041870117,4
1ZHI,3,19.433286666870117,18.66509246826172,46.71333694458008,0.0,0.012821852228597568,-16.875612258911133,2
1ZHI,4,17.187578201293945,17.285694122314453,40.92000198364258,0.0,0.01627925201092961,-15.823810577392578,6
1ZHI,5,18.711458206176758,17.410303115844727,40.64149856567383,0.0,0.01642564931940413,-14.823867797851562,10
1ZHI,6,17.956302642822266,18.599443435668945,46.253292083740234,0.0,0.013043468949266362,-16.105634689331055,8
1ZHI,7,16.098587036132812,13.50648021697998,29.49479866027832,0.0,0.029622118646563392,-15.694607734680176,22
1ZHI,8,19.585052490234375,18.978656768798828,45.907997131347656,0.0,0.01311775499839119,-14.661630630493164,22
1ZHI,9,16.463537216186523,13.701047897338867,32.247337341308594,0.0,0.02560295113615424,-15.187643051147461,15
1ZHI,10,20.831552505493164,20.16783332824707,53.98030090332031,0.0,0.009898863414157076,-13.722395896911621,4
1ZHI,11,18.353740692138672,18.23833465576172,41.797950744628906,0.0,0.015477118587293476,-16.575355529785156,4
1ZHI,12,22.887632369995117,23.149084091186523,59.1008415222168,0.0,0.008148906078850396,-13.6788330078125,6
1ZHI,13,13.081345558166504,13.034927368164062,27.13268280029297,0.0,0.03414659020610989,-14.077756881713867,6
1ZHI,14,22.718942642211914,21.98959732055664,57.332435607910156,0.0,0.008713110956409075,-13.915609359741211,2
1GRN,0,14.09557056427002,11.93575668334961,33.69279861450195,0.0,0.025128235555619185,-15.151211738586426,1
1GRN,1,9.731619834899902,7.91694450378418,28.213001251220703,0.0,0.03928989022933521,-18.071128845214844,0
1GRN,2,15.764427185058594,15.352474212646484,55.61251449584961,0.0,0.010761206796970041,-15.317143440246582,0
1GRN,3,13.772153854370117,11.475896835327148,32.323646545410156,0.0,0.027158675875042285,-13.62548828125,0
1GRN,4,7.7826924324035645,8.199292182922363,20.672775268554688,0.0,0.05899863806481962,-13.695159912109375,0
1GRN,5,8.334739685058594,7.402019023895264,28.592044830322266,0.0,0.040216069352196786,-15.840902328491211,0
1GRN,6,16.833698272705078,14.086824417114258,42.03562927246094,0.0,0.016831279827524484,-14.766124725341797,4
1GRN,7,17.966596603393555,16.539634704589844,56.37351989746094,0.0,0.010129014318895029,-15.124408721923828,1
1GRN,8,12.518492698669434,10.310284614562988,30.177616119384766,0.0,0.031410496070253,-15.877083778381348,0
1GRN,9,17.214534759521484,15.090837478637695,49.85030746459961,0.0,0.012678578245553324,-14.578204154968262,0
1GRN,10,13.448553085327148,11.229191780090332,29.59041404724121,0.0,0.03125221472226148,-13.576899528503418,1
1GRN,11,17.232267379760742,13.496973991394043,33.68180465698242,0.0,0.024024622611393456,-15.33422565460205,4
1GRN,12,20.161596298217773,19.85976791381836,64.46389770507812,0.0,0.007587148928148028,0.0,0
1GRN,13,12.343733787536621,10.42425537109375,30.17372703552246,0.0,0.03126914366161099,-14.922294616699219,0
1GRN,14,13.631242752075195,11.325952529907227,30.628286361694336,0.0,0.02958274355856205,-13.625473976135254,0
1H1V,0,21.508434295654297,19.886690139770508,71.398193359375,0.0,0.0065440274601301154,-10.309714317321777,43
1H1V,1,20.561927795410156,19.955957412719727,70.02582550048828,0.0,0.006712733116232561,-10.099615097045898,35
1H1V,2,24.08771324157715,15.827706336975098,45.02181625366211,0.0,0.014439716151826784,-13.741250038146973,16
1H1V,3,20.065462112426758,18.048765182495117,65.95716857910156,0.0,0.0077320471826319995,-10.096997261047363,57
1H1V,4,18.523035049438477,13.776273727416992,43.97935104370117,0.0,0.015908580378632273,-10.192561149597168,45
1H1V,5,25.923173904418945,24.708168029785156,76.41805267333984,0.0,0.005297660117089855,-12.07554817199707,3
1H1V,6,21.748310089111328,21.670995712280273,77.29327392578125,0.0,0.00557240056241681,-12.131858825683594,10
1H1V,7,12.856817245483398,12.903214454650879,24.144439697265625,0.0,0.04120163194284703,-10.940157890319824,34
1H1V,8,11.886874198913574,12.530128479003906,21.74254035949707,0.0,0.04890002478815029,-12.417821884155273,14
1H1V,9,21.3387451171875,20.71781349182129,74.46713256835938,0.0,0.006025330774980378,-10.088224411010742,41
1H1V,10,10.30009937286377,12.174243927001953,21.757564544677734,0.0,0.04912228045990347,-10.87692642211914,40
1H1V,11,15.969510078430176,15.168818473815918,33.5965576171875,0.0,0.023281075211948995,-10.547432899475098,27
1H1V,12,23.897523880004883,19.86908531188965,71.45421600341797,0.0,0.006540151767044342,-11.955268859863281,18
1H1V,13,12.064167976379395,13.108304977416992,22.955276489257812,0.0,0.044501255017304654,-10.050923347473145,37
1H1V,14,21.270610809326172,20.50926399230957,70.32849884033203,0.0,0.006572609450946923,-9.96243953704834,21
2VXT,0,4.953064441680908,5.210555553436279,14.110039710998535,0.0,0.11426627975933873,-20.334989547729492,1
2VXT,1,11.81083869934082,11.412371635437012,22.87527084350586,0.0,0.04610101232391059,-18.17779541015625,4
2VXT,2,17.568159103393555,14.058658599853516,45.82228469848633,0.0,0.01484039239020263,-16.857728958129883,7
2VXT,3,18.45661163330078,14.779301643371582,48.62592315673828,0.0,0.013282083138181383,-17.948135375976562,2
2VXT,4,17.093149185180664,14.109553337097168,49.13853454589844,0.0,0.013409526406106756,-18.377613067626953,2
2VXT,5,17.017881393432617,13.63892936706543,49.69380569458008,0.0,0.013458827064792933,-21.08582878112793,1
2VXT,6,18.802385330200195,12.785848617553711,49.204105377197266,0.0,0.014184732939265499,-15.582347869873047,4
2VXT,7,11.628341674804688,10.548246383666992,26.199419021606445,0.0,0.03835161284009004,-17.887107849121094,1
2VXT,8,4.626079559326172,4.412038326263428,10.333741188049316,0.066667,0.19127550223141168,-18.73482894897461,5
2VXT,9,17.322715759277344,14.414217948913574,45.6732177734375,0.0,0.01472960452624523,-15.498771667480469,3
2VXT,10,5.328239917755127,4.207530498504639,13.339165687561035,0.0,0.13385048075848643,-18.506357192993164,2
2VXT,11,23.71050453186035,18.445632934570312,60.644142150878906,0.0,0.008612123511939683,-18.480987548828125,7
2VXT,12,19.617300033569336,15.433752059936523,47.19809341430664,0.0,0.013590566620168764,-15.633980751037598,12
2VXT,13,5.402549743652344,4.9643425941467285,13.347699165344238,0.0,0.12406173119865622,-18.328655242919922,6
2VXT,14,4.871631145477295,5.22004508972168,10.409497261047363,0.0,0.15877085640097469,-19.0019474029541,6
6A77,0,9.572237014770508,12.835789680480957,27.50690269470215,0.0,0.0335460984004343,-16.30333137512207,1
6A77,1,7.520203590393066,9.797990798950195,18.314340591430664,0.0,0.06670981303635182,-14.968770027160645,3
6A77,2,9.610651969909668,13.003141403198242,23.76036262512207,0.0,0.04219649187071159,-16.6710205078125,0
6A77,3,7.193797588348389,9.46008586883545,17.576311111450195,0.0,0.07135653490956588,-16.170602798461914,4
6A77,4,6.154003620147705,8.542437553405762,15.314130783081055,0.0,0.08847581283558514,-15.99315357208252,3
6A77,5,24.764415740966797,25.22050666809082,68.17568969726562,0.0,0.006277164305505314,-15.014097213745117,13
6A77,6,10.580883026123047,13.463083267211914,32.13344192504883,0.0,0.025885748418929242,-14.811367988586426,2
6A77,7,8.150739669799805,11.028767585754395,19.939733505249023,0.0,0.057312324734581484,-13.697272300720215,2
6A77,8,12.802347183227539,14.466072082519531,37.13887405395508,0.0,0.02013731604952016,-17.139497756958008,4
6A77,9,31.221923828125,30.747129440307617,82.04786682128906,0.0,0.00433097441628419,-15.201545715332031,7
6A77,10,8.594338417053223,11.2845458984375,20.735349655151367,0.0,0.05374265054111869,-13.788113594055176,1
6A77,11,9.759488105773926,11.513299942016602,23.800262451171875,0.0,0.04327020057390154,-16.474802017211914,3
6A77,12,9.961697578430176,12.635493278503418,24.62523651123047,0.0,0.04011932654247664,-16.07848358154297,0
6A77,13,29.05780029296875,29.167007446289062,80.1108627319336,0.0,0.004590123481041864,-12.90670394897461,3
6A77,14,10.462935447692871,13.4595947265625,31.291763305664062,0.0,0.026994617645433164,-16.956981658935547,0
1K5D,0,28.999225616455078,14.922021865844727,45.66591262817383,0.0,0.014496528692944141,-14.278580665588379,0
1K5D,1,28.759428024291992,14.631178855895996,44.4772834777832,0.0,0.015212288010541171,-14.290136337280273,0
1K5D,2,29.867050170898438,14.833929061889648,59.57030487060547,0.0,0.010025141958318641,-14.440104484558105,16
1K5D,3,26.665199279785156,14.656781196594238,43.759498596191406,0.0,0.015574659983939329,-14.612764358520508,0
1K5D,4,28.604629516601562,15.515446662902832,50.061546325683594,0.0625,0.03326040608182449,-16.768342971801758,0
1K5D,5,9.28887939453125,7.96704626083374,34.135623931884766,0.0,0.030872810582231985,-13.073230743408203,2
1K5D,6,17.514867782592773,14.327315330505371,58.85116958618164,0.0,0.010425531025504928,-15.193981170654297,3
1K5D,7,7.188381671905518,8.211952209472656,29.423614501953125,0.0,0.03643775927889965,-12.513171195983887,0
1K5D,8,11.421798706054688,9.062039375305176,26.143049240112305,0.0,0.04075788379820358,-13.453654289245605,24
1K5D,9,8.169196128845215,6.794921875,28.78827476501465,0.0,0.042218280774935356,-12.555898666381836,0
1K5D,10,26.35549545288086,14.879276275634766,46.77322769165039,0.0,0.01400997480147921,-16.543373107910156,0
1K5D,11,8.625808715820312,7.637149810791016,33.40363693237305,0.0,0.0326523917732948,-12.784770011901855,0
1K5D,12,27.988149642944336,14.850768089294434,44.60060501098633,0.0,0.015048954660044524,-14.241007804870605,0
1K5D,13,27.824308395385742,14.972257614135742,43.28215026855469,0.0,0.01569084299754657,-15.000870704650879,0
1K5D,14,14.73320198059082,12.993083953857422,51.19520568847656,0.0,0.013326441718599572,-13.598553657531738,10
1I2M,0,12.88206672668457,17.55194091796875,48.43728256225586,0.0,0.012375146029240948,-14.790778160095215,6
1I2M,1,9.420578956604004,10.774737358093262,43.80803298950195,0.111111,0.05546811259613132,-19.05097007751465,1
1I2M,2,11.507247924804688,11.329534530639648,52.312400817871094,0.0,0.014316487678149007,-15.659591674804688,7
1I2M,3,13.086145401000977,15.162056922912598,50.678611755371094,0.0,0.01235133695755509,-16.478044509887695,0
1I2M,4,11.9057035446167,12.587601661682129,46.13990020751953,0.0,0.015608446033328333,-20.472640991210938,0
1I2M,5,10.047932624816895,11.823058128356934,45.0930061340332,0.222222,0.0907919943260429,-18.81688117980957,0
1I2M,6,13.172735214233398,15.22044563293457,56.59139633178711,0.0,0.010560392002126153,-18.04547119140625,0
1I2M,7,12.295852661132812,14.39883804321289,56.85053253173828,0.0,0.010867275239318248,-17.916154861450195,0
1I2M,8,13.619215965270996,16.049928665161133,55.73228454589844,0.0,0.010463614799256208,-16.53725242614746,1
1I2M,9,11.273816108703613,12.218351364135742,45.57953643798828,0.0,0.016152133630996574,-19.643829345703125,0
1I2M,10,10.812451362609863,12.28333854675293,45.670040130615234,0.666667,0.23828013105452098,-20.827102661132812,0
1I2M,11,10.270256042480469,11.481584548950195,43.55894088745117,0.0,0.01782114014143951,-20.509796142578125,0
1I2M,12,11.691431999206543,12.595210075378418,45.0423583984375,0.0,0.016124035865912323,-21.07014274597168,0
1I2M,13,10.983627319335938,12.652427673339844,46.306549072265625,0.555555,0.20067035706370454,-21.22364616394043,0
1I2M,14,8.978364944458008,10.175251007080078,46.13065719604492,0.0,0.018035342076438577,-18.400943756103516,1
1ZHH,0,15.650894165039062,16.34695053100586,35.539913177490234,0.0,0.020818630873108823,-17.642436981201172,0
1ZHH,1,19.680049896240234,24.870994567871094,57.799781799316406,0.0,0.008264305936884245,-15.772171974182129,0
1ZHH,2,29.34052085876465,31.23334312438965,75.64132690429688,0.0,0.004923749182055479,-17.022008895874023,5
1ZHH,3,15.48942756652832,16.499269485473633,34.46751022338867,0.0,0.021842304926856432,-19.6057071685791,0
1ZHH,4,17.94771385192871,17.939979553222656,39.485443115234375,0.0,0.017076973794992432,-16.368547439575195,0
1ZHH,5,25.633834838867188,27.869901657104492,71.90516662597656,0.0,0.005556569758413808,-15.662432670593262,0
1ZHH,6,15.313739776611328,16.304677963256836,34.53005599975586,0.0,0.021842151706148446,-17.59917449951172,0
1ZHH,7,25.777217864990234,27.993404388427734,68.24217224121094,0.0,0.006046770999618957,-13.01835823059082,0
1ZHH,8,20.874399185180664,21.509767532348633,42.61970901489258,0.0,0.014364525783221496,-18.372718811035156,0
1ZHH,9,21.170225143432617,21.512155532836914,42.36407470703125,0.0,0.014512549287391542,-19.90804672241211,0
1ZHH,10,16.045053482055664,16.174903869628906,36.54166030883789,0.0,0.01995242218942322,-18.3469295501709,0
1ZHH,11,19.23419761657715,22.59331703186035,59.04194641113281,0.0,0.00823122178397548,-12.292742729187012,1
1ZHH,12,14.48072338104248,15.884358406066895,33.09518051147461,0.0,0.02357362617791008,-15.695622444152832,2
1ZHH,13,14.250042915344238,16.000925064086914,31.811342239379883,0.0,0.02511659309452211,-15.99622917175293,0
1ZHH,14,14.400521278381348,15.133209228515625,31.635501861572266,0.0,0.02568675529330608,-15.636940002441406,3
3DAW,0,5.542110919952393,4.577216148376465,15.91889762878418,0.0,0.10627840976120428,-15.607863426208496,0
3DAW,1,28.10040855407715,23.273700714111328,77.45974731445312,0.0,0.005345013493225875,-15.665472984313965,1
3DAW,2,25.424978256225586,22.40768814086914,77.3838882446289,0.0,0.005460858269655304,-14.840564727783203,0
3DAW,3,12.493432998657227,12.879894256591797,29.767005920410156,0.0,0.029591186822265417,-16.729536056518555,0
3DAW,4,25.358840942382812,21.2603702545166,69.709228515625,0.0,0.00653450733582927,-18.222402572631836,0
3DAW,5,25.794477462768555,21.85983657836914,71.87173461914062,0.0,0.006160156293203001,-18.994586944580078,0
3DAW,6,25.104448318481445,22.24312400817871,75.71321868896484,0.0,0.0056579415210490135,-14.271547317504883,4
3DAW,7,24.398845672607422,22.01303482055664,70.38732147216797,0.0,0.0063317525270635555,-14.076624870300293,1
3DAW,8,25.946043014526367,21.71933364868164,71.98436737060547,0.0,0.0061661569754995075,-13.929759979248047,0
3DAW,9,15.23791217803955,13.482650756835938,45.660667419433594,0.0,0.015239821094971628,-12.681635856628418,0
3DAW,10,26.193368911743164,21.99091339111328,77.82041931152344,0.0,0.005473561676060099,-14.754751205444336,0
3DAW,11,25.277877807617188,22.03643035888672,78.4217529296875,0.0,0.005407880628380664,-15.843310356140137,0
3DAW,12,10.915790557861328,11.238604545593262,28.959585189819336,0.0,0.0322728559885454,-16.621564865112305,0
3DAW,13,9.299603462219238,10.072149276733398,22.40715789794922,0.0,0.049165393320926905,-15.931866645812988,0
3DAW,14,21.905784606933594,22.363067626953125,68.97930908203125,0.0,0.006478752342330997,-16.22854995727539,3
2X9A,0,11.458503723144531,10.461594581604004,41.67528533935547,0.0,0.020027196451741947,-16.21294403076172,10
2X9A,1,5.305661678314209,5.2372660636901855,10.063015937805176,0.166667,0.2196235035479358,-17.439157485961914,7
2X9A,2,8.87310791015625,8.886798858642578,19.64362144470215,0.0,0.06180329791426344,-14.686141967773438,0
2X9A,3,12.968649864196777,10.128194808959961,29.99260711669922,0.0,0.031936443828198886,-15.95871353149414,0
2X9A,4,13.143248558044434,11.473602294921875,37.16461181640625,0.0,0.022171140100101367,-13.77362060546875,16
2X9A,5,13.798531532287598,13.116827011108398,43.64942169189453,0.0,0.016481438785013913,-12.108844757080078,0
2X9A,6,14.316024780273438,14.773603439331055,44.7856559753418,0.0,0.014990857960631638,-16.938642501831055,0
2X9A,7,8.724096298217773,7.359741687774658,24.071666717529297,0.0,0.05024905577925894,-13.760348320007324,8
2X9A,8,13.13124942779541,14.068038940429688,40.68755340576172,0.0,0.017686324045239014,-13.850960731506348,0
2X9A,9,13.009480476379395,13.698100090026855,51.54136276245117,0.0,0.012775433656266008,-15.871210098266602,0
2X9A,10,10.870326042175293,10.969161987304688,22.67140769958496,0.0,0.04719964926251218,-15.719754219055176,0
2X9A,11,13.909134864807129,14.295244216918945,52.38356399536133,0.0,0.012181579054854846,-16.130882263183594,0
2X9A,12,7.412951946258545,7.816668510437012,18.81830406188965,0.0,0.06832238436420027,-15.037657737731934,0
2X9A,13,11.399785995483398,11.08953857421875,28.981491088867188,0.0,0.0323911270507812,-14.151658058166504,4
2X9A,14,12.159551620483398,13.083657264709473,41.683006286621094,0.0,0.01763220480803138,-13.998684883117676,0
1XU1,0,4.276683807373047,6.066174507141113,16.495014190673828,0.166667,0.14470404166223869,-14.961241722106934,0
1XU1,1,9.729480743408203,12.02292251586914,37.66967010498047,0.0,0.021258687342186777,-14.509634971618652,6
1XU1,2,10.049446105957031,13.635884284973145,37.883296966552734,0.0,0.019962188874251306,-16.53485679626465,3
1XU1,3,3.9100894927978516,7.023315906524658,13.709176063537598,0.833333,0.38487906963676527,-15.292862892150879,4
1XU1,4,9.567874908447266,14.036850929260254,36.3208122253418,0.0,0.02107155511425504,-18.481054306030273,1
1XU1,5,7.284789085388184,11.00822639465332,28.570058822631836,0.0,0.03318192870412771,-16.6627140045166,3
1XU1,6,7.3029866218566895,12.133277893066406,27.72777557373047,0.0,0.033651684805398055,-15.898015975952148,6
1XU1,7,2.4915921688079834,3.7526278495788574,9.213407516479492,0.333333,0.31029591660656375,-21.127857208251953,3
1XU1,8,8.470259666442871,12.953469276428223,30.19532585144043,0.0,0.028885406156536623,-11.283590316772461,30
1XU1,9,3.767528533935547,6.3239288330078125,14.387301445007324,0.166667,0.15955510477335125,-12.840447425842285,3
1XU1,10,6.443735599517822,10.659156799316406,24.321245193481445,0.0,0.042755389843618395,-13.650918006896973,9
1XU1,11,5.30420446395874,6.80739164352417,20.62885856628418,0.0,0.06381464569782004,-15.4689302444458,1
1XU1,12,2.5398097038269043,4.063539505004883,9.011106491088867,0.666667,0.4191417579572608,-17.56912612915039,8
1XU1,13,7.040264129638672,8.868536949157715,27.52568244934082,0.0,0.03828969520752793,-13.577095031738281,1
1XU1,14,8.386820793151855,11.67585563659668,32.98861312866211,0.0,0.026164782313313498,-17.28610610961914,2
4LW4,0,16.249544143676758,15.611470222473145,53.470333099365234,0.0,0.011265025163222253,-13.978658676147461,1
4LW4,1,10.872210502624512,13.353623390197754,31.770023345947266,0.0,0.02642024790836239,-17.863170623779297,4
4LW4,2,9.412443161010742,11.20789623260498,27.85694122314453,0.0,0.03425695237769003,-16.032861709594727,13
4LW4,3,25.58600616455078,22.7377986907959,74.80156707763672,0.0,0.005693726885301005,-15.393828392028809,6
4LW4,4,10.994906425476074,10.440056800842285,36.05521774291992,0.0,0.024292413107142835,-13.772862434387207,8
4LW4,5,25.566125869750977,25.899513244628906,76.1967544555664,0.0,0.005211417880399575,-16.06088638305664,7
4LW4,6,26.35126495361328,23.862512588500977,77.11958312988281,0.0,0.005312713141564447,-17.6709041595459,8
4LW4,7,9.187299728393555,10.136073112487793,27.734294891357422,0.0,0.03576507047740412,-14.793834686279297,9
4LW4,8,25.58705711364746,25.514373779296875,76.45311737060547,0.0,0.005218101852198184,-15.967647552490234,5
4LW4,9,25.885873794555664,26.203859329223633,76.80023193359375,0.0,0.00512240841525027,-20.41959571838379,5
4LW4,10,8.35490894317627,9.997950553894043,23.75524139404297,0.0,0.04517137952912766,-15.237667083740234,20
4LW4,11,10.496142387390137,11.204757690429688,31.181730270385742,0.0,0.028924874778346387,-19.72897720336914,9
4LW4,12,25.699562072753906,24.540056228637695,77.06056213378906,0.0,0.005247591308491146,-14.935458183288574,8
4LW4,13,7.59155797958374,8.086771965026855,25.104822158813477,0.125,0.0870360390230298,-17.09473419189453,10
4LW4,14,6.664554595947266,6.883227825164795,23.191879272460938,0.0,0.05458573012707218,-18.37522315979004,5
3EO1,0,33.94189453125,29.396663665771484,109.26532745361328,0.0,0.002870716569600787,-14.24166488647461,17
3EO1,1,20.88772964477539,14.038456916809082,48.51763916015625,0.0,0.013688950526320812,-13.619084358215332,6
3EO1,2,24.438600540161133,14.578192710876465,48.32271194458008,0.0,0.013496196800623634,-14.336808204650879,77
3EO1,3,16.61728286743164,15.070638656616211,38.80358123779297,0.0,0.018532012135331746,-18.57146644592285,0
3EO1,4,15.998669624328613,14.14647102355957,40.715484619140625,0.0,0.01762703091876618,-14.338157653808594,9
3EO1,5,20.603412628173828,16.65623664855957,46.72120666503906,0.0,0.013361030727272238,-13.651692390441895,0
3EO1,6,20.23203468322754,15.801406860351562,48.92701721191406,0.0,0.012742709803615864,-14.94255542755127,0
3EO1,7,24.20407485961914,12.330232620239258,52.69708251953125,0.052632,0.0308577137118938,-14.703371047973633,50
3EO1,8,19.634401321411133,14.922971725463867,47.657718658447266,0.0,0.013610763088408489,-15.001773834228516,7
3EO1,9,17.806318283081055,10.953460693359375,46.34355926513672,0.0,0.016984526592595195,-14.391058921813965,29
3EO1,10,22.273399353027344,21.091001510620117,46.764503479003906,0.0,0.012337813785757386,-17.629215240478516,0
3EO1,11,21.790325164794922,16.40894317626953,48.963558197021484,0.0,0.012513996804795952,-14.348624229431152,0
3EO1,12,21.104698181152344,15.636076927185059,50.33171081542969,0.0,0.012282832103876358,-17.119468688964844,3
3EO1,13,21.789649963378906,18.020090103149414,48.77363967895508,0.0,0.012119211484722383,-13.717363357543945,0
3EO1,14,32.9492073059082,15.649725914001465,80.29032135009766,0.0,0.006728874299247086,-12.733473777770996,78
1AK4,0,12.737391471862793,9.939711570739746,26.024066925048828,0.0,0.039554669532280845,-15.843640327453613,40
1AK4,1,16.0075626373291,6.996274948120117,36.79054641723633,0.0,0.03154021841413724,-15.357711791992188,5
1AK4,2,16.064260482788086,7.403805255889893,33.76832580566406,0.0,0.03300432711473312,-16.55718231201172,8
1AK4,3,12.17757797241211,6.634903907775879,29.204898834228516,0.538461,0.22172660361892918,-13.913592338562012,3
1AK4,4,12.506122589111328,8.213111877441406,28.356582641601562,0.0,0.038241139958906524,-12.842192649841309,6
1AK4,5,16.142601013183594,8.122333526611328,37.64858627319336,0.0,0.027160406934274878,-14.866364479064941,6
1AK4,6,17.43979835510254,10.18937873840332,34.39664077758789,0.0,0.026254688219769257,-15.812742233276367,2
1AK4,7,13.214768409729004,6.890139102935791,32.26451110839844,0.384615,0.1649216359775524,-13.662236213684082,8
1AK4,8,14.35677433013916,6.60913610458374,35.89971160888672,0.230769,0.11094676603170416,-14.20291519165039,5
1AK4,9,16.1315975189209,6.579603672027588,35.95930862426758,0.461538,0.18795391803364445,-14.958565711975098,10
1AK4,10,14.876989364624023,7.087092876434326,32.23432922363281,0.461538,0.1898092839874889,-14.61172103881836,16
1AK4,11,14.995977401733398,6.5883402824401855,36.046363830566406,0.153846,0.08526780541666341,-15.164022445678711,9
1AK4,12,16.544471740722656,9.954574584960938,31.434171676635742,0.0,0.03011304247323827,-13.525300979614258,12
1AK4,13,13.08341121673584,8.160689353942871,35.556800842285156,0.0,0.028912961155661193,-13.322256088256836,4
1AK4,14,14.164043426513672,8.02928638458252,29.50649642944336,0.0,0.036783321405408596,-13.531862258911133,11
1E6E,0,7.785829544067383,6.370856285095215,22.004247665405273,0.3,0.1607892343209606,-11.81764030456543,5
1E6E,1,6.994601249694824,6.286502361297607,18.45787811279297,0.0,0.07627658991351728,-14.250712394714355,8
1E6E,2,6.272047996520996,5.923555850982666,16.156570434570312,0.0,0.09234702642211079,-14.302312850952148,6
1E6E,3,7.564114093780518,6.051671028137207,21.3140926361084,0.2,0.1316992028784932,-12.417191505432129,7
1E6E,4,7.069198131561279,5.755166053771973,19.55303955078125,0.3,0.17418356414339495,-12.688706398010254,5
1E6E,5,6.343507289886475,7.240922451019287,16.478893280029297,0.0,0.08376554394251912,-12.770363807678223,9
1E6E,6,6.54046106338501,5.438218593597412,17.534812927246094,0.3,0.1869909376042822,-13.615897178649902,5
1E6E,7,5.045103549957275,5.016143798828125,14.158722877502441,0.2,0.18233534152166478,-13.973495483398438,1
1E6E,8,6.4320478439331055,5.286188125610352,17.636993408203125,0.3,0.1876688807286492,-12.578547477722168,6
1E6E,9,6.257646560668945,6.11505651473999,16.870384216308594,0.1,0.11973855551720798,-12.06116008758545,12
1E6E,10,7.327492713928223,7.519559860229492,18.231924057006836,0.0,0.07227245658667507,-17.341632843017578,2
1E6E,11,6.862315654754639,6.790626525878906,17.083650588989258,0.0,0.08165247734962432,-16.52687644958496,3
1E6E,12,17.766407012939453,16.095537185668945,50.3254280090332,0.0,0.012115485932385579,-12.917733192443848,9
1E6E,13,6.974443435668945,6.793182373046875,17.537796020507812,0.1,0.11223656896649342,-15.267016410827637,8
1E6E,14,4.322749137878418,4.505051136016846,10.78522777557373,0.0,0.16098092615289433,-15.19156265258789,2
2G77,0,4.683690071105957,4.541959285736084,10.751279830932617,0.0,0.16099252943464712,-22.930219650268555,0
2G77,1,21.63115119934082,17.27505874633789,61.10840606689453,0.0,0.008821283701664323,-17.29418182373047,2
2G77,2,8.40992546081543,7.7013139724731445,16.545217514038086,0.0,0.08178936088132234,-17.578798294067383,0
2G77,3,22.555845260620117,17.806489944458008,61.91224670410156,0.0,0.008515445737853474,-15.028568267822266,2
2G77,4,11.238808631896973,9.353900909423828,21.091934204101562,0.125,0.0965957032305746,-17.553617477416992,1
2G77,5,16.457427978515625,13.684957504272461,51.07630920410156,0.0,0.012940032314573538,-13.25821590423584,2
2G77,6,19.710268020629883,15.869100570678711,50.88422393798828,0.0,0.012000782908597936,-13.085039138793945,1
2G77,7,17.1678524017334,14.798273086547852,53.95994567871094,0.0,0.011461023817285615,-14.855140686035156,6
2G77,8,5.525235652923584,4.858035564422607,12.522611618041992,0.0,0.13415015170738406,-22.640766143798828,0
2G77,9,18.6914119720459,15.548907279968262,52.767845153808594,0.0,0.011504023958223883,-14.964756965637207,0
2G77,10,20.75075340270996,16.009916305541992,51.94907760620117,0.0,0.0115919399207085,-12.284736633300781,1
2G77,11,19.75930404663086,15.632582664489746,54.069393157958984,0.0,0.011080190208821367,-14.007140159606934,1
2G77,12,15.027613639831543,12.966750144958496,48.43305206298828,0.0,0.014361733031151305,-13.49612808227539,2
2G77,13,7.906501770019531,6.696158409118652,15.506718635559082,0.25,0.17627610211934153,-16.429153442382812,3
2G77,14,22.381244659423828,17.8812313079834,61.822265625,0.0,0.008513619686681587,-15.707792282104492,2
3SZK,0,17.660018920898438,13.296402931213379,46.56243896484375,0.0,0.014938903620637748,-19.158315658569336,0
3SZK,1,23.855175018310547,14.828496932983398,66.73200225830078,0.0,0.00869813678939229,-17.551382064819336,1
3SZK,2,17.7473201751709,11.848319053649902,44.09516143798828,0.0,0.01720060914226286,-19.542055130004883,3
3SZK,3,16.444177627563477,12.381802558898926,44.885013580322266,0.0,0.016361483971605573,-17.122848510742188,20
3SZK,4,17.38294219970703,13.554357528686523,45.17580795288086,0.0,0.015430033215904441,-20.647010803222656,1
3SZK,5,17.3217830657959,15.251920700073242,50.3840446472168,0.0,0.012417737529288984,-18.92202377319336,0
3SZK,6,17.592802047729492,13.442279815673828,46.46126937866211,0.0,0.014894941661503533,-21.77040672302246,3
3SZK,7,19.095617294311523,13.765206336975098,49.58272933959961,0.0,0.013428214591915746,-20.973081588745117,1
3SZK,8,18.23211097717285,12.16778564453125,44.279029846191406,0.0,0.016836742810302938,-20.585859298706055,6
3SZK,9,20.66367530822754,16.58062744140625,67.74698638916016,0.0,0.00787193418928421,-18.157733917236328,0
3SZK,10,20.62858772277832,16.692201614379883,66.98004150390625,0.0,0.007953265888484237,-18.77396011352539,0
3SZK,11,20.858644485473633,17.754106521606445,67.99055480957031,0.0,0.007492123137151863,-21.597871780395508,0
3SZK,12,20.875965118408203,17.643810272216797,68.5338363647461,0.0,0.007441762936110215,-19.047210693359375,0
3SZK,13,16.26848030090332,13.583970069885254,53.60869216918945,0.0,0.01219007575880932,-20.11758041381836,0
3SZK,14,21.2554931640625,16.599220275878906,67.09547424316406,0.0,0.007965145247010806,-18.474206924438477,0
4IZ7,0,14.808479309082031,19.86615562438965,49.14972686767578,0.0,0.011569585241547569,-14.931662559509277,0
4IZ7,1,9.622455596923828,14.95834732055664,24.29779815673828,0.0,0.039663457539956946,-15.265753746032715,0
4IZ7,2,14.542275428771973,19.679248809814453,47.99295425415039,0.0,0.012063334862301836,-18.742094039916992,0
4IZ7,3,10.115245819091797,13.897937774658203,26.845487594604492,0.0,0.03421080447725919,-14.71003532409668,0
4IZ7,4,14.362899780273438,23.60173988342285,42.149452209472656,0.0,0.014367262958663689,-17.755882263183594,0
4IZ7,5,14.513951301574707,20.26592254638672,47.18642807006836,0.0,0.01229260650394256,-16.07949447631836,0
4IZ7,6,10.202913284301758,16.27983856201172,27.143779754638672,0.0,0.03257399581265595,-13.50450325012207,0
4IZ7,7,13.40466594696045,19.29396629333496,43.29167175292969,0.0,0.014375782597046216,-18.612239837646484,0
4IZ7,8,13.494600296020508,21.50408363342285,40.345306396484375,0.0,0.015780747948252166,-15.431998252868652,0
4IZ7,9,12.826176643371582,17.89972686767578,42.494178771972656,0.0,0.01514838908652931,-15.600669860839844,0
4IZ7,10,11.41053581237793,16.62030029296875,31.947738647460938,0.0,0.02472916071129097,-14.371979713439941,1
4IZ7,11,11.509265899658203,14.89456558227539,31.337358474731445,0.0,0.026190141957805068,-13.546687126159668,0
4IZ7,12,12.5708646774292,20.65900421142578,37.316829681396484,0.0,0.018189497938165346,-16.87643051147461,0
4IZ7,13,10.926286697387695,15.07895278930664,29.473237991333008,0.0,0.028861666113863833,-12.60545539855957,0
4IZ7,14,8.945451736450195,14.0079984664917,21.9934139251709,0.0,0.047097276296314015,-15.276487350463867,0
1US7,0,29.305463790893555,26.130983352661133,57.34339904785156,0.0,0.008261324786999246,-13.417509078979492,14
1US7,1,59.455726623535156,71.57978057861328,160.94552612304688,0.0,0.0010734634778890295,0.0,0
1US7,2,21.33033561706543,22.362415313720703,45.1822624206543,0.0,0.012887042643705063,-15.464913368225098,1
1US7,3,24.474241256713867,19.5331974029541,45.5849723815918,0.0,0.013154465811096541,-14.278955459594727,12
1US7,4,22.328771591186523,20.43231964111328,41.69550704956055,0.0,0.015086949773460095,-15.651686668395996,0
1US7,5,60.0457649230957,71.76344299316406,132.80174255371094,0.0,0.001505550846830882,0.0,0
1US7,6,23.836322784423828,20.307024002075195,44.36185836791992,0.0,0.01361311909118268,-15.483942985534668,2
1US7,7,28.991039276123047,24.362564086914062,58.87753677368164,0.0,0.008064325258085054,-14.097142219543457,3
1US7,8,27.76223373413086,21.00403594970703,56.22907257080078,0.0,0.009138413970343245,-14.089266777038574,27
1US7,9,23.863182067871094,16.66692352294922,44.23985290527344,0.0,0.014545357102167082,-15.028153419494629,8
1US7,10,24.09082794189453,20.915302276611328,45.28252029418945,0.0,0.013051019486439525,-12.352899551391602,16
1US7,11,25.73964500427246,22.093910217285156,49.046905517578125,0.0,0.011248844056114487,-15.376260757446289,17
1US7,12,27.53510093688965,26.121070861816406,64.667236328125,0.0,0.006756797034712634,-15.338724136352539,2
1US7,13,28.460359573364258,23.480955123901367,59.094879150390625,0.0,0.008111282545493998,-12.214310646057129,25
1US7,14,23.31418800354004,25.334625244140625,51.046966552734375,0.0,0.01015731360963934,-15.711852073669434,0
4DN4,0,6.204775333404541,7.520686626434326,17.65346908569336,0.0,0.07548694799581872,-18.576282501220703,1
4DN4,1,5.066168785095215,7.284840106964111,15.36733627319336,0.0,0.09164770580750571,-18.259143829345703,1
4DN4,2,7.218226909637451,8.072837829589844,21.63581657409668,0.0,0.055693349808692054,-19.775714874267578,0
4DN4,3,6.092862129211426,8.037907600402832,18.19141960144043,0.0,0.07095159801408758,-17.93130874633789,3
4DN4,4,5.715725898742676,8.391108512878418,18.725353240966797,0.0,0.0672715061941984,-22.69316291809082,1
4DN4,5,8.431629180908203,11.258580207824707,26.138689041137695,0.0,0.03769184272453696,-20.1397647857666,0
4DN4,6,4.68700647354126,6.901180744171143,14.344913482666016,0.0,0.1016596282712748,-20.27889633178711,3
4DN4,7,6.594908714294434,7.661507606506348,20.003793716430664,0.0,0.06328604783416915,-16.73798179626465,2
4DN4,8,20.775094985961914,21.640674591064453,66.23956298828125,0.0,0.006993751468419472,-14.420949935913086,8
4DN4,9,4.963557243347168,6.922516822814941,15.761327743530273,0.0,0.09005210128339404,-21.8746337890625,0
4DN4,10,5.17561674118042,7.184859752655029,15.939264297485352,0.0,0.0877268745245311,-23.439617156982422,0
4DN4,11,14.723246574401855,14.733165740966797,47.23563003540039,0.0,0.013875030404347918,-18.031084060668945,1
4DN4,12,6.845211982727051,7.653165340423584,20.44367218017578,0.0,0.06146151453259532,-20.92884063720703,0
4DN4,13,6.717033863067627,7.791926383972168,20.715816497802734,0.0,0.05994419688816782,-17.04763412475586,1
4DN4,14,7.21209192276001,8.005202293395996,21.387773513793945,0.0,0.05677365979271962,-19.68939971923828,3
1VFB,0,19.042781829833984,11.145734786987305,36.03602981567383,0.0,0.023498146824896732,-15.095184326171875,53
1VFB,1,16.175432205200195,11.050808906555176,29.623334884643555,0.0,0.03138680460378226,-14.526267051696777,39
1VFB,2,14.534975051879883,11.305004119873047,27.000370025634766,0.0,0.03582332715987179,-19.692092895507812,15
1VFB,3,12.700900077819824,10.404398918151855,24.794883728027344,0.0,0.041841185195774476,-14.11162281036377,43
1VFB,4,12.811564445495605,11.047115325927734,22.687711715698242,0.0,0.047063399882709,-20.399646759033203,0
1VFB,5,14.649916648864746,11.627401351928711,24.818878173828125,0.0,0.040449983854042144,-18.14870834350586,3
1VFB,6,18.14837646484375,10.33203125,32.903987884521484,0.0,0.027733450572538874,-14.129199028015137,62
1VFB,7,14.35606861114502,11.117754936218262,24.943328857421875,0.0,0.0406405017085864,-16.76091957092285,16
1VFB,8,14.387665748596191,12.553999900817871,24.825613021850586,0.0,0.03966813501651392,-20.659072875976562,5
1VFB,9,13.585236549377441,11.516751289367676,26.043685913085938,0.0,0.03764897894793397,-14.058323860168457,45
1VFB,10,14.562549591064453,13.143336296081543,25.98656463623047,0.0,0.03650206543422555,-20.19645118713379,0
1VFB,11,14.293002128601074,12.549771308898926,24.470102310180664,0.0,0.04058471426731682,-21.962112426757812,0
1VFB,12,17.172119140625,10.739957809448242,31.900224685668945,0.0,0.028475079130715026,-14.259207725524902,55
1VFB,13,17.332670211791992,11.190637588500977,31.656444549560547,0.0,0.028299277792205254,-14.802728652954102,72
1VFB,14,12.18234920501709,10.163207054138184,21.592309951782227,0.1,0.08516442708934098,-15.870986938476562,20
2H7V,0,28.627466201782227,32.98045349121094,74.0392074584961,0.0,0.005024270240892304,-14.887469291687012,0
2H7V,1,22.727357864379883,26.40986442565918,66.02249145507812,0.0,0.006506762930088565,-16.406272888183594,0
2H7V,2,27.262588500976562,31.35344886779785,62.44903564453125,0.0,0.0068242728666115,-12.380510330200195,3
2H7V,3,37.13056182861328,38.63906478881836,106.01148223876953,0.0,0.0026308511537854865,-12.067096710205078,0
2H7V,4,37.904048919677734,42.06477355957031,109.13075256347656,0.0,0.0024333211584289514,-14.409557342529297,1
2H7V,5,33.309547424316406,41.482967376708984,89.24591827392578,0.0,0.003431791712895847,-11.398743629455566,7
2H7V,6,15.92606258392334,12.047734260559082,27.415956497192383,0.0,0.034319705442978084,-13.073869705200195,1
2H7V,7,37.7972526550293,40.1004524230957,109.32271575927734,0.0,0.0024687403103226427,-13.973259925842285,1
2H7V,8,31.233375549316406,34.2692756652832,84.3080825805664,0.0,0.0039915885473981606,-12.12136459350586,0
2H7V,9,27.34130859375,32.41139221191406,82.49073791503906,0.0,0.004214446847931093,-13.358525276184082,0
2H7V,10,36.055789947509766,38.016117095947266,106.46395111083984,0.0,0.002629453090289427,-12.667717933654785,2
2H7V,11,30.57164192199707,32.46394729614258,82.95610809326172,0.0,0.004173372694983245,-12.995603561401367,1
2H7V,12,15.53779125213623,19.00932502746582,44.4635009765625,0.0,0.013814931442990092,-17.79599952697754,1
2H7V,13,34.71045684814453,45.90016174316406,101.09320068359375,0.0,0.0026955919616839827,-13.69904899597168,1
2H7V,14,28.99180793762207,30.72418975830078,74.98473358154297,0.0,0.005021507841557507,-12.693062782287598,0
4CPA,0,4.8348894119262695,6.766810417175293,17.295103073120117,0.0,0.08046194680516124,-14.847936630249023,2
4CPA,1,3.5238029956817627,5.517244338989258,10.963418960571289,0.0,0.14808577557088495,-16.43326759338379,0
4CPA,2,5.78053617477417,9.293721199035645,19.192489624023438,0.0,0.06312289617617886,-16.134246826171875,0
4CPA,3,7.082925796508789,10.360428810119629,25.022480010986328,0.0,0.041328625059607625,-15.630348205566406,3
4CPA,4,6.620672702789307,10.079476356506348,23.10584259033203,0.0,0.046955196878227586,-17.036014556884766,0
4CPA,5,2.6475250720977783,2.641160011291504,9.591479301452637,0.222222,0.3019976381955661,-23.3591251373291,0
4CPA,6,6.887049198150635,10.780525207519531,23.952014923095703,0.0,0.04361437550975408,-16.357019424438477,2
4CPA,7,6.829920291900635,10.5306396484375,23.541950225830078,0.0,0.04507140486696314,-11.901100158691406,6
4CPA,8,9.052092552185059,11.745487213134766,32.49264907836914,0.0,0.026699305649571976,-17.07495880126953,0
4CPA,9,5.073920249938965,6.653478622436523,17.131078720092773,0.222222,0.15604766257028554,-19.871570587158203,0
4CPA,10,7.663193702697754,9.903450012207031,27.3286190032959,0.0,0.03687752317424028,-21.170921325683594,2
4CPA,11,7.808051586151123,10.361167907714844,26.96627426147461,0.222222,0.11104246157195374,-12.744091033935547,3
4CPA,12,9.582209587097168,12.604536056518555,33.8127555847168,0.0,0.024467455556460505,-16.11277198791504,6
4CPA,13,8.8026704788208,11.72758674621582,30.56114387512207,0.0,0.02929947252056354,-15.874691009521484,8
4CPA,14,9.098404884338379,11.641371726989746,32.455631256103516,0.0,0.02683944907801021,-14.473873138427734,9
1RLB,0,22.50687026977539,18.78489112854004,69.22772216796875,0.0,0.007062552190080148,-16.280075073242188,4
1RLB,1,28.415538787841797,20.347410202026367,76.70919036865234,0.0,0.005844896018234424,-15.410974502563477,5
1RLB,2,28.01530647277832,21.41800880432129,76.62713623046875,0.0,0.005678691354179307,-18.707916259765625,2
1RLB,3,28.218698501586914,21.324443817138672,76.38632202148438,0.0,0.005718203572248514,-18.826801300048828,5
1RLB,4,29.52298927307129,18.58396339416504,78.03443145751953,0.0,0.006066170007124313,-15.901307106018066,3
1RLB,5,11.157842636108398,10.94577407836914,26.248878479003906,0.0,0.037780932761228396,-16.177114486694336,4
1RLB,6,12.176468849182129,11.657814025878906,28.019041061401367,0.0,0.03352022583326727,-15.362756729125977,2
1RLB,7,9.445085525512695,7.250333786010742,23.9844970703125,0.1,0.08420912228799388,-14.997883796691895,5
1RLB,8,12.617441177368164,11.613078117370605,27.063234329223633,0.0,0.03539942118659,-16.8533878326416,3
1RLB,9,11.959115028381348,11.249080657958984,26.4812068939209,0.0,0.03695870870271351,-15.433849334716797,3
1RLB,10,11.244583129882812,10.791727066040039,25.93349266052246,0.0,0.038653318935611115,-17.150354385375977,3
1RLB,11,12.655712127685547,11.927824020385742,28.34267234802246,0.0,0.03269578333539173,-16.55417251586914,2
1RLB,12,10.268258094787598,10.672558784484863,32.443214416503906,0.0,0.027867954616524082,-15.227747917175293,4
1RLB,13,10.49804973602295,10.678321838378906,24.61332130432129,0.0,0.0419678442116093,-15.866007804870605,5
1RLB,14,9.028383255004883,9.110660552978516,23.084747314453125,0.0,0.04859415706517169,-17.574628829956055,3
3SE8,0,16.66257095336914,20.130949020385742,34.349395751953125,0.0,0.021074344655110242,-14.511316299438477,7
3SE8,1,18.420679092407227,22.407859802246094,35.013694763183594,0.0,0.020038228069463506,-17.195344924926758,0
3SE8,2,29.483264923095703,21.523601531982422,64.07864379882812,0.0,0.0073749934119343,-14.983633995056152,17
3SE8,3,28.020183563232422,20.509057998657227,59.15008544921875,0.0,0.00851776407400567,-15.9219388961792,14
3SE8,4,28.526153564453125,20.924219131469727,58.169254302978516,0.0,0.008672997158639907,-14.885011672973633,26
3SE8,5,29.095447540283203,20.29721450805664,62.050411224365234,0.0,0.007950388066403621,-14.380001068115234,16
3SE8,6,20.659404754638672,23.956968307495117,34.55318832397461,0.0,0.020322235823654486,-17.158916473388672,4
3SE8,7,29.950695037841797,22.634849548339844,63.501747131347656,0.0,0.007324707724084737,-15.901395797729492,15
3SE8,8,29.196136474609375,26.352069854736328,71.36524200439453,0.0,0.00573910275536215,-15.915005683898926,22
3SE8,9,13.229721069335938,11.19461441040039,26.04972267150879,0.0,0.03795442336586149,-15.387332916259766,7
3SE8,10,26.19144630432129,17.814926147460938,59.23548889160156,0.0,0.009071659390804761,-15.111598014831543,19
3SE8,11,21.66919708251953,19.91520118713379,42.36648941040039,0.0,0.014778646078393921,-15.828996658325195,9
3SE8,12,28.98471450805664,20.920547485351562,60.851470947265625,0.0,0.008084293012643861,-17.314891815185547,15
3SE8,13,26.601337432861328,16.116241455078125,59.4334716796875,0.0,0.009544079257618252,-17.083192825317383,9
3SE8,14,29.331289291381836,21.140029907226562,60.348690032958984,0.033333,0.019264916432084223,-15.142746925354004,36
3EOA,0,18.55314064025879,20.475778579711914,48.969120025634766,0.0,0.011528778129058307,-18.515302658081055,0
3EOA,1,20.56981086730957,16.514318466186523,51.895137786865234,0.0,0.011436490486627746,-15.961812973022461,1
3EOA,2,12.139419555664062,10.586045265197754,25.185070037841797,0.0,0.04064726274658426,-16.569284439086914,1
3EOA,3,7.257889270782471,7.616738319396973,16.223623275756836,0.0,0.08423792937331868,-16.2478084564209,3
3EOA,4,10.546615600585938,11.584776878356934,22.24979019165039,0.0,0.0479485509733849,-15.808684349060059,1
3EOA,5,12.219727516174316,11.230483055114746,23.869321823120117,0.0,0.04335561613586466,-17.091571807861328,5
3EOA,6,23.103328704833984,17.19872283935547,62.525814056396484,0.0,0.008564853106044589,-15.436319351196289,1
3EOA,7,12.279756546020508,12.262539863586426,24.672019958496094,0.0,0.04028098112581968,-16.338787078857422,3
3EOA,8,13.667112350463867,14.190827369689941,27.597970962524414,0.0,0.03256358896049825,-19.944183349609375,0
3EOA,9,16.81927490234375,16.53574562072754,47.42388153076172,0.0,0.013095584225905746,-16.35274314880371,0
3EOA,10,9.80946159362793,11.240734100341797,24.221616744995117,0.0,0.04238063156144344,-15.49901294708252,0
3EOA,11,17.015396118164062,17.158912658691406,48.29497528076172,0.0,0.012543289125787368,-14.690362930297852,1
3EOA,12,18.821353912353516,13.194114685058594,48.92539596557617,0.0,0.014019649402900845,-16.920379638671875,0
3EOA,13,20.178237915039062,16.879417419433594,50.899471282958984,0.0,0.011655405419376095,-17.46514320373535,0
3EOA,14,17.916231155395508,11.998255729675293,46.75286865234375,0.0,0.015795072956702013,-17.79800033569336,1
1WDW,0,34.409446716308594,33.60934066772461,98.95124053955078,0.0,0.0031042768879529386,-19.097637176513672,4
1WDW,1,34.713226318359375,35.16557693481445,101.20999908447266,0.0,0.0029400174143146894,-15.213777542114258,3
1WDW,2,34.116024017333984,33.90522003173828,100.93871307373047,0.0,0.0029982503823971374,-17.02288246154785,4
1WDW,3,8.257209777832031,8.543954849243164,17.9737548828125,0.1875,0.13339017682669055,-17.047489166259766,3
1WDW,4,2.5454633235931396,3.141791343688965,6.019097328186035,0.4375,0.42971825263489816,-18.09609031677246,4
1WDW,5,9.704322814941406,10.383071899414062,23.054611206054688,0.0625,0.06753649226522068,-16.875324249267578,6
1WDW,6,20.433923721313477,19.360998153686523,58.66055679321289,0.0,0.008843754037065,-14.213188171386719,5
1WDW,7,30.84177017211914,30.917484283447266,86.5477066040039,0.0,0.003967231336061522,-13.847193717956543,9
1WDW,8,4.488552570343018,5.492943286895752,9.822649955749512,0.1875,0.22836133682326923,-14.886595726013184,6
1WDW,9,35.339778900146484,34.99862289428711,100.63508605957031,0.0,0.002972357809172759,-18.32977867126465,2
1WDW,10,8.388710021972656,8.849526405334473,18.32192039489746,0.125,0.11001208120973986,-15.01867961883545,4
1WDW,11,2.7182259559631348,3.5594675540924072,7.585804462432861,0.25,0.3191518950206187,-18.7919864654541,4
1WDW,12,17.22258186340332,17.04834747314453,44.80808639526367,0.0,0.014139078865639707,-13.400555610656738,2
1WDW,13,8.483438491821289,8.896005630493164,18.42482566833496,0.0,0.06770886320768837,-16.860023498535156,5
1WDW,14,34.7048225402832,35.27771759033203,100.50942993164062,0.0,0.0029686086842505843,-16.282838821411133,6
2I25,0,11.062899589538574,7.769317150115967,31.9123592376709,0.0,0.03406013934243598,-16.01652717590332,1
2I25,1,9.305586814880371,6.362650394439697,32.2801628112793,0.0,0.03916447525035283,-18.696855545043945,0
2I25,2,17.197599411010742,14.832682609558105,32.75602722167969,0.0,0.024404120682856672,-13.660686492919922,0
2I25,3,16.74995994567871,12.354442596435547,31.7713565826416,0.0,0.027107361315432923,-19.737579345703125,0
2I25,4,10.665020942687988,6.5921478271484375,33.1937255859375,0.0,0.036921705662461966,-15.654962539672852,0
2I25,5,9.40965461730957,6.469951152801514,30.082082748413086,0.0,0.04164855029834462,-17.081865310668945,0
2I25,6,14.81439208984375,12.181378364562988,27.330394744873047,0.0,0.03437747335274579,-17.058053970336914,0
2I25,7,15.984110832214355,11.167614936828613,29.67718505859375,0.0,0.031178574028885752,-18.9299259185791,0
2I25,8,16.379262924194336,13.470745086669922,32.2275505065918,0.0,0.02576230158715752,-16.214189529418945,1
2I25,9,15.427474975585938,12.717641830444336,32.236328125,0.0,0.026242258308743754,-21.102025985717773,0
2I25,10,15.140864372253418,11.26628303527832,29.24726676940918,0.0,0.031767477494649234,-17.749557495117188,0
2I25,11,5.205427646636963,4.316407203674316,20.504444122314453,0.0,0.08479926408077343,-19.484302520751953,1
2I25,12,9.123263359069824,6.056428909301758,29.554779052734375,0.0,0.0447303876895093,-15.31741714477539,0
2I25,13,8.689101219177246,6.118464946746826,29.951778411865234,0.0,0.04374313205723739,-16.460704803466797,0
2I25,14,7.770157814025879,4.981613636016846,23.314327239990234,0.0,0.06681807566272534,-15.985520362854004,0
1GCQ,0,10.504239082336426,12.163347244262695,22.341400146484375,0.0,0.04714225546836464,-20.713489532470703,0
1GCQ,1,12.86231517791748,13.391352653503418,34.01924514770508,0.0,0.023717416719969114,-22.463769912719727,0
1GCQ,2,11.580657005310059,12.931070327758789,22.41883087158203,0.0,0.046320453036010255,-20.17999267578125,1
1GCQ,3,11.158610343933105,12.676129341125488,25.81229591369629,0.0,0.0372131451767335,-17.01649284362793,0
1GCQ,4,11.700408935546875,12.24772834777832,24.030902862548828,0.0,0.04199232086328669,-24.126548767089844,0
1GCQ,5,12.10744857788086,14.641227722167969,40.72583770751953,0.0,0.017376570194168887,-19.566028594970703,1
1GCQ,6,12.728811264038086,13.480926513671875,35.22895812988281,0.0,0.02241402796342751,-25.3277530670166,0
1GCQ,7,13.028955459594727,12.846295356750488,37.493011474609375,0.0,0.020778380737456238,-19.17462730407715,0
1GCQ,8,13.78674602508545,13.158951759338379,30.69856071472168,0.0,0.028011313977973087,-15.288630485534668,0
1GCQ,9,12.94445514678955,13.05693531036377,38.2889518737793,0.0,0.019997820488171957,-16.998050689697266,1
1GCQ,10,12.450946807861328,13.06159496307373,26.119342803955078,0.0,0.036259750032448114,-18.411561965942383,0
1GCQ,11,13.899212837219238,14.620206832885742,36.301212310791016,0.0,0.020798004913358644,-16.70304298400879,0
1GCQ,12,15.295637130737305,15.709297180175781,43.275230407714844,0.0,0.01539386567881527,-15.11168384552002,1
1GCQ,13,12.901856422424316,14.039937019348145,38.02823257446289,0.0,0.01962288388037326,-20.110855102539062,0
1GCQ,14,11.49027156829834,14.509854316711426,40.50625228881836,0.0,0.01758377243136353,-20.3179874420166,0
1ZLI,0,11.564167976379395,15.637036323547363,28.12371253967285,0.052632,0.04848358680120191,-15.979723930358887,3
1ZLI,1,12.7608003616333,18.442813873291016,31.036727905273438,0.0,0.02544754714043267,-14.584299087524414,3
1ZLI,2,12.929431915283203,15.50562572479248,34.01729202270508,0.0,0.022679645358482558,-14.933640480041504,5
1ZLI,3,15.051125526428223,18.43155288696289,38.99062728881836,0.0,0.017315952785113078,-14.45311164855957,23
1ZLI,4,11.44743537902832,16.462223052978516,26.288705825805664,0.0,0.0342943837345703,-19.96414566040039,0
1ZLI,5,11.335017204284668,15.658687591552734,27.251245498657227,0.0,0.03258542273981738,-16.305343627929688,4
1ZLI,6,9.715995788574219,13.439567565917969,23.939960479736328,0.105263,0.07650589231070658,-14.29616928100586,10
1ZLI,7,3.675123929977417,4.067065715789795,10.735738754272461,0.0,0.16835294921746033,-17.692228317260742,0
1ZLI,8,3.150106906890869,3.3594112396240234,9.371391296386719,0.0,0.20586147237800337,-20.345666885375977,0
1ZLI,9,7.93000602722168,10.39073657989502,19.06025505065918,0.210526,0.132274986465532,-14.585395812988281,2
1ZLI,10,9.99265193939209,12.710005760192871,24.788633346557617,0.0,0.03964868312207543,-16.826492309570312,3
1ZLI,11,6.39572811126709,8.93392276763916,15.66650390625,0.0,0.08494690927306779,-15.906864166259766,1
1ZLI,12,7.450057029724121,9.100699424743652,18.361421585083008,0.0,0.06764308804293069,-15.598322868347168,2
1ZLI,13,3.5319314002990723,3.9748501777648926,10.159741401672363,0.052632,0.19634671170856047,-18.46245574951172,1
1ZLI,14,7.136392116546631,8.724778175354004,17.36984634399414,0.0,0.07397033249396283,-15.680169105529785,0
3L89,0,21.012907028198242,16.351566314697266,53.68563461303711,0.0,0.010933345002628948,-13.245092391967773,56
3L89,1,21.983867645263672,21.924074172973633,63.72238540649414,0.0,0.007380443789043661,-16.798986434936523,2
3L89,2,14.969184875488281,16.540151596069336,37.04098129272461,0.0,0.01939402517763478,-18.728313446044922,0
3L89,3,20.670467376708984,19.85032844543457,53.444583892822266,0.0,0.010116146021543445,-12.775485038757324,59
3L89,4,10.856619834899902,10.58027458190918,28.367206573486328,0.0,0.03403053054762605,-13.407194137573242,26
3L89,5,19.038637161254883,17.866146087646484,46.8684196472168,0.0,0.012947731123458437,-15.41409969329834,6
3L89,6,19.440343856811523,21.713722229003906,55.29345703125,0.0,0.00927845995863971,-19.192066192626953,0
3L89,7,25.100534439086914,25.796897888183594,69.12299346923828,0.0,0.006088600427074262,-17.149456024169922,0
3L89,8,14.6978120803833,15.336365699768066,38.442413330078125,0.0,0.01869544632255094,-12.573917388916016,42
3L89,9,21.84980010986328,24.48518943786621,63.44983673095703,0.0,0.007122975540315022,-15.607452392578125,5
3L89,10,22.25699806213379,23.60853385925293,63.259742736816406,0.0,0.007251617953534657,-12.800680160522461,19
3L89,11,25.688472747802734,26.907026290893555,72.23307037353516,0.0,0.005585449139741569,-18.869112014770508,2
3L89,12,17.102651596069336,19.366771697998047,48.040897369384766,0.0,0.012105984658958324,-14.172313690185547,27
3L89,13,19.801836013793945,17.707796096801758,55.2999382019043,0.0,0.010068336974371636,-14.44190788269043,8
3L89,14,26.44022560119629,26.77106475830078,71.31852722167969,0.0,0.005711797951962729,-18.18221664428711,1
1H9D,0,14.766765594482422,12.408892631530762,39.230098724365234,0.060606,0.039949576876570046,-21.283199310302734,0
1H9D,1,15.402226448059082,13.245668411254883,38.32604217529297,0.0,0.019847656056717,-17.778057098388672,0
1H9D,2,18.94576072692871,15.818862915039062,45.7336311340332,0.0,0.014100490106965144,-19.256969451904297,0
1H9D,3,12.882655143737793,11.636598587036133,41.66948318481445,0.0,0.01876422824713121,-19.391965866088867,0
1H9D,4,4.962007999420166,4.823536396026611,15.590036392211914,0.0,0.10577520881453777,-19.480417251586914,0
1H9D,5,13.149169921875,11.572221755981445,23.429553985595703,0.0,0.044277393723573484,-19.868072509765625,0
1H9D,6,18.2382755279541,15.897080421447754,34.95078659057617,0.090909,0.05185886504202597,-18.34699821472168,1
1H9D,7,11.901172637939453,10.74072551727295,42.31617736816406,0.060606,0.03950664686595245,-22.063222885131836,1
1H9D,8,13.52743148803711,12.082067489624023,45.91093063354492,0.0,0.01610690750706995,-19.22500228881836,0
1H9D,9,16.951923370361328,14.49085521697998,27.89496612548828,0.0,0.031854521690323455,-22.287912368774414,0
1H9D,10,12.470240592956543,11.582823753356934,47.928443908691406,0.0,0.015662436299928098,-19.942455291748047,0
1H9D,11,12.554988861083984,10.657461166381836,23.850372314453125,0.0,0.04404113696820818,-18.516063690185547,0
1H9D,12,9.543403625488281,8.190109252929688,21.75890350341797,0.0,0.05495108462241053,-22.502145767211914,0
1H9D,13,14.25960922241211,12.183148384094238,42.797306060791016,0.0,0.017627208802928018,-16.453937530517578,0
1H9D,14,12.954241752624512,12.012862205505371,50.92445373535156,0.0,0.014152431400750889,-22.098642349243164,0
1GHQ,0,22.41658592224121,21.737651824951172,57.65205764770508,0.0,0.008671350078545243,-16.575984954833984,1
1GHQ,1,21.591697692871094,21.989248275756836,55.44227600097656,0.0,0.009198908223889234,-14.845047950744629,1
1GHQ,2,22.431438446044922,21.85537338256836,57.04462432861328,0.0,0.008802993403689407,-15.772841453552246,1
1GHQ,3,21.43520736694336,18.787639617919922,55.14315414428711,0.0,0.009847666473118813,-17.40179443359375,0
1GHQ,4,21.907428741455078,19.759681701660156,55.79827880859375,0.0,0.009469708640100596,-15.079230308532715,0
1GHQ,5,23.091646194458008,20.279306411743164,60.55528259277344,0.0,0.008254568580422299,-16.709869384765625,0
1GHQ,6,18.353578567504883,15.692750930786133,55.53147506713867,0.0,0.010648937900195088,-15.999529838562012,0
1GHQ,7,22.46810531616211,25.64107322692871,65.52330780029297,0.0,0.006653528222534583,-17.481307983398438,5
1GHQ,8,17.29448699951172,15.543766975402832,53.74691390991211,0.0,0.011209117959421304,-14.68530559539795,1
1GHQ,9,18.657489776611328,21.965707778930664,54.433414459228516,0.0,0.009481769506312175,-15.3329496383667,3
1GHQ,10,17.075525283813477,17.3632755279541,52.00993728637695,0.0,0.011140814035716408,-13.855072021484375,0
1GHQ,11,17.550804138183594,16.11604881286621,53.12459945678711,0.0,0.011183301565351559,-12.620973587036133,6
1GHQ,12,24.221364974975586,23.628475189208984,64.59806823730469,0.0,0.007011086879426243,-16.62667465209961,0
1GHQ,13,22.32701301574707,20.843395233154297,59.00295639038086,0.0,0.008494604567468414,-16.76059341430664,1
1GHQ,14,17.874296188354492,14.898754119873047,50.86286163330078,0.0,0.012401219897696852,-15.631108283996582,3
5Y9J,0,23.389671325683594,19.326126098632812,35.99739456176758,0.0,0.01959998514357797,-16.265098571777344,6
5Y9J,1,22.013381958007812,14.450163841247559,54.85051727294922,0.0,0.011370697863681051,-16.410655975341797,10
5Y9J,2,18.85621452331543,17.09257698059082,28.826963424682617,0.0,0.029210659512336954,-14.345269203186035,7
5Y9J,3,22.925251007080078,18.50899314880371,34.659645080566406,0.0,0.021085495450857212,-16.2712459564209,11
5Y9J,4,23.16106605529785,18.551822662353516,34.75861358642578,0.0,0.02097406272965952,-15.36715030670166,16
5Y9J,5,28.717529296875,22.4141845703125,60.004661560058594,0.0,0.008043387881910042,-17.690427780151367,9
5Y9J,6,27.9290714263916,20.37636375427246,68.3156509399414,0.0,0.0068782845811019705,-14.7849702835083,12
5Y9J,7,23.305740356445312,19.424413681030273,54.769874572753906,0.0,0.009815637785217178,-15.871573448181152,8
5Y9J,8,24.830549240112305,17.834121704101562,48.09470748901367,0.0,0.012437859960717121,-15.179033279418945,13
5Y9J,9,28.676788330078125,22.006427764892578,59.1292610168457,0.0,0.008290350224320423,-17.06978416442871,10
5Y9J,10,27.809001922607422,22.540008544921875,54.83324432373047,0.0,0.009291687523030626,-16.281728744506836,10
5Y9J,11,25.5637264251709,21.020463943481445,66.97343444824219,0.0,0.00697287966204746,-14.117201805114746,8
5Y9J,12,28.88820457458496,23.08352279663086,74.74461364746094,0.0,0.005657362054060497,-15.284735679626465,3
5Y9J,13,22.623952865600586,19.64028549194336,72.39898681640625,0.0,0.006465205744063407,-15.097064971923828,8
5Y9J,14,26.729473114013672,22.565269470214844,50.64566421508789,0.0,0.010598488750738226,-16.67124366760254,8
4ETQ,0,20.432723999023438,17.83237075805664,48.0701789855957,0.0,0.012448310343433376,-16.561674118041992,4
4ETQ,1,21.28745460510254,21.221111297607422,63.302738189697266,0.0,0.007560665755809634,-16.222148895263672,3
4ETQ,2,13.950654983520508,11.076898574829102,35.8955192565918,0.0,0.02370123754660311,-17.77954864501953,4
4ETQ,3,10.282779693603516,11.760751724243164,24.49164390563965,0.0,0.04116906059125666,-15.332921981811523,4
4ETQ,4,19.97999382019043,18.478723526000977,45.034263610839844,0.0,0.013648476985451373,-16.294614791870117,6
4ETQ,5,21.33155059814453,18.046537399291992,49.91658401489258,0.0,0.011680276605976212,-14.163311004638672,40
4ETQ,6,17.306011199951172,15.973591804504395,32.42993927001953,0.0,0.024341077123762263,-17.777347564697266,11
4ETQ,7,12.50695514678955,10.428627967834473,30.308765411376953,0.0,0.031061583676321416,-15.53292465209961,7
4ETQ,8,21.471363067626953,18.6153621673584,49.55437469482422,0.0,0.011677406573403326,-18.389556884765625,5
4ETQ,9,22.631155014038086,20.955610275268555,61.7647590637207,0.0,0.007894837474350425,-17.33662223815918,6
4ETQ,10,19.46001434326172,18.151132583618164,43.606082916259766,0.0,0.01446286091705553,-17.18509864807129,2
4ETQ,11,18.73695182800293,16.7855281829834,42.806312561035156,0.0,0.015285431299009862,-17.251638412475586,4
4ETQ,12,8.372593879699707,11.735355377197266,16.805864334106445,0.0,0.07325857397437736,-17.972885131835938,6
4ETQ,13,19.289569854736328,18.014616012573242,42.15825653076172,0.0,0.01531620188624551,-16.22087287902832,5
4ETQ,14,11.483869552612305,15.886878967285156,33.621429443359375,0.0,0.022970514234266205,-16.365243911743164,3
5JMO,0,9.121225357055664,10.52110481262207,21.2500057220459,0.0,0.052617469922462586,-15.264728546142578,3
5JMO,1,13.0974702835083,16.681808471679688,37.11652374267578,0.0,0.019283982296633213,-14.773115158081055,4
5JMO,2,13.67284870147705,11.071060180664062,49.57474899291992,0.0,0.015528189515365054,-12.111835479736328,3
5JMO,3,12.896909713745117,16.17432975769043,34.25038146972656,0.0,0.0221812106499379,-13.291925430297852,4
5JMO,4,11.838484764099121,10.691601753234863,38.43588638305664,0.0,0.021976407648465646,-12.22740650177002,2
5JMO,5,13.888822555541992,13.059027671813965,43.1634407043457,0.0,0.01678460214185918,-14.447395324707031,0
5JMO,6,12.612614631652832,14.447341918945312,28.233142852783203,0.0,0.0312572717373255,-13.64288330078125,3
5JMO,7,12.680094718933105,16.292415618896484,35.025474548339844,0.0,0.021341138047326014,-13.511811256408691,1
5JMO,8,11.790380477905273,12.081844329833984,23.927461624145508,0.0,0.04241163546022784,-17.38157081604004,1
5JMO,9,10.373039245605469,12.044161796569824,24.473134994506836,0.0,0.04097308718736912,-14.87092113494873,2
5JMO,10,10.063681602478027,10.239705085754395,24.74327850341797,0.0,0.04218756831339072,-16.753643035888672,1
5JMO,11,9.87857437133789,9.969232559204102,33.32411193847656,0.0,0.027741515965615363,-14.835363388061523,3
5JMO,12,8.743806838989258,11.681917190551758,44.839359283447266,0.0,0.01696954335162878,-14.993751525878906,3
5JMO,13,13.724848747253418,14.06461238861084,43.78948974609375,0.0,0.015852393130649383,-14.787752151489258,1
5JMO,14,11.165202140808105,8.54345417022705,36.009979248046875,0.0,0.027560341046137225,-14.3942289352417,2
1GPW,0,5.556717872619629,6.083964824676514,10.046670913696289,0.0,0.1581619946486354,-20.740406036376953,3
1GPW,1,5.8073601722717285,5.379835605621338,11.379785537719727,0.0,0.1434165852478957,-19.053361892700195,5
1GPW,2,16.889205932617188,17.75321388244629,60.82651901245117,0.0,0.008747320504652418,-15.762372016906738,4
1GPW,3,4.7011308670043945,4.333009243011475,9.295894622802734,0.0,0.1874604653294177,-21.091764450073242,1
1GPW,4,5.400763988494873,5.652320861816406,10.105558395385742,0.0,0.16004507432099907,-21.621782302856445,5
1GPW,5,7.00588321685791,7.489084720611572,13.179099082946777,0.0,0.11078061846323987,-20.17987823486328,0
1GPW,6,7.081356048583984,8.397711753845215,21.57525634765625,0.0,0.05509228717330935,-17.424169540405273,0
1GPW,7,6.104629039764404,6.876972675323486,11.28311538696289,0.0,0.1358213980090301,-20.65509605407715,1
1GPW,8,5.905401706695557,6.437662124633789,10.824965476989746,0.0,0.14430090255648828,-21.544998168945312,0
1GPW,9,14.695259094238281,13.548943519592285,25.501529693603516,0.0,0.037365814295995343,-18.740476608276367,0
1GPW,10,18.247785568237305,18.891695022583008,62.77259826660156,0.0,0.008090140227125278,-13.940961837768555,4
1GPW,11,19.42528533935547,19.749605178833008,65.1314468383789,0.0,0.007493956735043647,-16.920778274536133,7
1GPW,12,4.096208095550537,3.797358989715576,9.042513847351074,0.0625,0.2221924721982724,-20.73822021484375,0
1GPW,13,5.456410884857178,5.799759864807129,10.163064956665039,0.0,0.15809615839403487,-20.331993103027344,3
1GPW,14,18.004047393798828,17.987525939941406,63.38734436035156,0.0,0.00819006790903694,-15.031573295593262,8
2C0L,0,9.490164756774902,8.957193374633789,19.400840759277344,0.0,0.0627734086534583,-17.15612030029297,7
2C0L,1,11.225272178649902,10.217413902282715,22.220016479492188,0.0,0.04958427016460401,-18.41257095336914,1
2C0L,2,11.971991539001465,10.638446807861328,23.74361228942871,0.0,0.044363971564742116,-18.637161254882812,0
2C0L,3,9.493492126464844,8.971685409545898,21.395931243896484,0.0,0.05450159082422546,-17.36266326904297,31
2C0L,4,9.453925132751465,9.108429908752441,19.018478393554688,0.0,0.06429904568314747,-17.944852828979492,5
2C0L,5,9.664033889770508,9.421834945678711,19.965513229370117,0.0,0.05938613183789035,-15.146575927734375,1
2C0L,6,15.983600616455078,17.44123649597168,43.2630615234375,0.0,0.014836319856724171,-19.106395721435547,4
2C0L,7,11.82573127746582,10.57948112487793,23.176633834838867,0.0,0.04608817339263808,-19.121450424194336,0
2C0L,8,11.446959495544434,10.092018127441406,22.507158279418945,0.0,0.04881217420193279,-17.611000061035156,1
2C0L,9,11.390615463256836,10.526244163513184,22.321258544921875,0.0,0.048849402667076214,-18.902774810791016,0
2C0L,10,10.583819389343262,10.075807571411133,21.038484573364258,0.0,0.05400314852477322,-19.955636978149414,3
2C0L,11,12.65391731262207,11.119697570800781,28.399036407470703,0.0,0.033363408271024436,-17.884531021118164,0
2C0L,12,11.630867004394531,10.606576919555664,22.964012145996094,0.0,0.04670192141736638,-18.558134078979492,0
2C0L,13,11.460881233215332,10.192214965820312,22.511009216308594,0.0,0.048661746109940875,-17.981534957885742,0
2C0L,14,11.467700004577637,10.220848083496094,22.346559524536133,0.0,0.04915983032704042,-18.25627899169922,1
1NW9,0,13.891687393188477,15.420829772949219,37.26591873168945,0.0,0.019608481142660165,-18.233179092407227,1
1NW9,1,17.233657836914062,21.81399917602539,50.603641510009766,0.0,0.010715509641927884,-16.678834915161133,4
1NW9,2,7.904877185821533,10.96402359008789,18.677003860473633,0.0,0.06331859290734605,-14.058868408203125,3
1NW9,3,20.244441986083984,20.829261779785156,54.81220626831055,0.0,0.009547591048942842,-13.218464851379395,4
1NW9,4,10.082537651062012,9.981196403503418,27.557289123535156,0.037037,0.048666032248389175,-14.342403411865234,0
1NW9,5,11.680776596069336,13.350295066833496,35.31291580200195,0.0,0.02241087024546273,-16.442989349365234,3
1NW9,6,12.332231521606445,14.471388816833496,30.17423439025879,0.296296,0.1268150177081094,-16.232187271118164,8
1NW9,7,12.627716064453125,14.40956974029541,33.10665512084961,0.074074,0.048878693564328723,-18.63495445251465,3
1NW9,8,15.767264366149902,20.1901798248291,49.0285530090332,0.0,0.011556261417996455,-17.09604263305664,1
1NW9,9,7.833328723907471,8.318480491638184,21.403505325317383,0.0,0.05590667841095771,-12.627299308776855,2
1NW9,10,17.234216690063477,21.01360321044922,49.040157318115234,0.0,0.011411917344045298,-14.291309356689453,5
1NW9,11,10.441328048706055,10.967401504516602,27.154634475708008,0.185185,0.09759540078010968,-15.455592155456543,1
1NW9,12,14.395999908447266,17.123594284057617,44.155975341796875,0.0,0.014448998991985323,-13.441263198852539,1
1NW9,13,15.94410514831543,18.443256378173828,44.62959671020508,0.0,0.01385839075070036,-18.017709732055664,1
1NW9,14,13.745068550109863,16.22919273376465,41.854713439941406,0.0,0.0160265017035393,-12.612485885620117,0
1WQ1,0,3.786513090133667,3.577657461166382,7.0715179443359375,0.166667,0.30238119285688886,-19.850114822387695,2
1WQ1,1,14.451160430908203,13.307746887207031,24.903568267822266,0.0,0.03896236281264885,-20.750083923339844,0
1WQ1,2,10.794341087341309,9.81146240234375,24.446388244628906,0.0,0.0435650026170404,-14.490914344787598,27
1WQ1,3,13.068609237670898,11.726007461547852,23.15117645263672,0.0,0.04496271919277151,-19.319164276123047,2
1WQ1,4,7.38169002532959,6.479857921600342,13.538834571838379,0.0,0.11119469989073522,-16.51860809326172,4
1WQ1,5,6.403927326202393,5.700613021850586,11.679659843444824,0.0,0.1370011634621965,-23.710208892822266,2
1WQ1,6,16.11172866821289,14.712462425231934,45.84281539916992,0.0,0.014508092059731506,-14.066983222961426,5
1WQ1,7,18.145751953125,15.485795021057129,51.73539733886719,0.0,0.011859801956303184,-16.85101890563965,3
1WQ1,8,8.516294479370117,7.223983287811279,16.0703125,0.0,0.0866459635114114,-17.493255615234375,14
1WQ1,9,5.9384613037109375,5.6616926193237305,10.838061332702637,0.0,0.14880861080015303,-20.20675277709961,2
1WQ1,10,12.36119556427002,10.789262771606445,21.657833099365234,0.0,0.05081136755950677,-17.10396385192871,1
1WQ1,11,9.985193252563477,8.658831596374512,18.046245574951172,0.0,0.07023534766336602,-19.69364356994629,11
1WQ1,12,4.776949405670166,4.441546440124512,8.877429008483887,0.0,0.1935563152212716,-18.350685119628906,3
1WQ1,13,13.767218589782715,12.506739616394043,23.97438621520996,0.0,0.04194869664615485,-16.870101928710938,4
1WQ1,14,13.105321884155273,11.632765769958496,22.774776458740234,0.0,0.04620596885000051,-16.856767654418945,0
1ATN,0,25.514724731445312,29.800884246826172,79.69683837890625,0.0,0.004591430174682803,-16.911348342895508,0
1ATN,1,18.71478271484375,20.79292869567871,42.073577880859375,0.0,0.014797204099924438,-15.11697006225586,5
1ATN,2,18.101524353027344,18.872142791748047,35.74938201904297,0.0,0.019928549787067512,-13.827466011047363,11
1ATN,3,14.872624397277832,13.979377746582031,28.135295867919922,0.0,0.03167337879118176,-15.078873634338379,5
1ATN,4,17.02450942993164,18.059520721435547,34.02064895629883,0.0,0.021869272411180016,-13.112478256225586,2
1ATN,5,17.723339080810547,21.883136749267578,44.414222717285156,0.0,0.013336278721856665,-17.429025650024414,1
1ATN,6,26.121797561645508,30.646684646606445,74.78459167480469,0.0,0.00504788867183139,-16.38176918029785,2
1ATN,7,18.191390991210938,19.251508712768555,35.501075744628906,0.0,0.020084181913246176,-12.473526000976562,6
1ATN,8,18.649072647094727,14.640348434448242,33.73822021484375,0.0,0.023357839278812752,-17.751665115356445,5
1ATN,9,26.46727752685547,28.413394927978516,87.65867614746094,0.0,0.004031421986056433,-14.783610343933105,1
1ATN,10,17.922998428344727,17.933759689331055,30.4221248626709,0.0,0.02645325144664117,-14.490562438964844,9
1ATN,11,19.098031997680664,18.724990844726562,34.97626876831055,0.0,0.020714105366506117,-12.57867431640625,5
1ATN,12,29.615339279174805,30.609060287475586,84.64209747314453,0.0,0.004126602254239896,-16.276958465576172,1
1ATN,13,14.000833511352539,12.557503700256348,25.39569854736328,0.0,0.038269291514725266,-16.062742233276367,7
1ATN,14,17.497556686401367,18.28160285949707,35.37202072143555,0.0,0.0204267099363671,-14.267435073852539,6
5C7X,0,9.95976448059082,9.823067665100098,28.898752212524414,0.0,0.034136888915964704,-16.957630157470703,6
5C7X,1,9.286696434020996,11.9286470413208,23.38551902770996,0.0,0.04408729354617675,-17.907522201538086,5
5C7X,2,9.051953315734863,10.717360496520996,21.6405029296875,0.058824,0.07056458612947934,-17.882850646972656,1
5C7X,3,9.082690238952637,10.735246658325195,21.007465362548828,0.058824,0.0728857708297121,-21.601898193359375,0
5C7X,4,9.30517864227295,11.036803245544434,22.157182693481445,0.0,0.0488077149757683,-18.394222259521484,0
5C7X,5,9.944132804870605,7.6368727684021,29.046483993530273,0.0,0.03867532887607205,-17.605770111083984,7
5C7X,6,9.98002815246582,12.232034683227539,22.66754913330078,0.0,0.04603143242503981,-21.097793579101562,0
5C7X,7,8.69130802154541,7.259677410125732,23.72056007385254,0.176471,0.11040330242167969,-20.632244110107422,3
5C7X,8,4.907533168792725,6.530466079711914,11.392343521118164,0.058824,0.15551638577195726,-19.6488037109375,4
5C7X,9,17.465246200561523,15.774157524108887,45.17557144165039,0.0,0.014384419711705005,-14.748101234436035,21
5C7X,10,5.498962879180908,6.773077011108398,14.269163131713867,0.235294,0.18131893681927522,-17.243284225463867,6
5C7X,11,6.903505325317383,8.991209030151367,16.353145599365234,0.0,0.07992718611174005,-17.388900756835938,4
5C7X,12,10.612100601196289,12.036002159118652,28.116037368774414,0.117647,0.07222794733691901,-21.02292251586914,0
5C7X,13,18.630889892578125,17.419958114624023,52.595191955566406,0.0,0.010937861630074243,-16.473731994628906,5
5C7X,14,7.4806060791015625,8.97921085357666,17.4820613861084,0.058824,0.09239166435137873,-17.61319923400879,2
1E4K,0,13.722134590148926,7.2534260749816895,37.604591369628906,0.0,0.02987356246754703,-14.576943397521973,0
1E4K,1,17.329261779785156,19.207740783691406,35.011566162109375,0.0,0.020573874892071603,-16.1096134185791,2
1E4K,2,13.33263111114502,13.347285270690918,26.01706314086914,0.0,0.036305505591286404,-16.24146270751953,1
1E4K,3,20.197195053100586,19.938678741455078,65.63082122802734,0.0,0.007374845145565474,-16.760751724243164,1
1E4K,4,27.1304874420166,38.65532302856445,75.79139709472656,0.0,0.004641633410959116,-19.377058029174805,0
1E4K,5,18.74668312072754,19.885313034057617,37.14614486694336,0.0,0.0184712934557356,-18.628211975097656,1
1E4K,6,24.956771850585938,26.351760864257812,71.59029388427734,0.0,0.005710266264841988,-17.694520950317383,0
1E4K,7,12.858656883239746,11.48084545135498,31.944425582885742,0.0,0.027634798081814738,-16.493371963500977,0
1E4K,8,27.3508358001709,26.401872634887695,78.85249328613281,0.0,0.004901337165203992,-22.89202308654785,0
1E4K,9,34.86924743652344,31.31386947631836,87.52555847167969,0.0,0.00387748832004395,-19.814538955688477,0
1E4K,10,22.09319496154785,22.966934204101562,58.02946472167969,0.0,0.008417458578831994,-20.204105377197266,0
1E4K,11,28.08963394165039,32.50517272949219,81.94571685791016,0.0,0.004256592041282006,-16.254179000854492,0
1E4K,12,23.315282821655273,20.048391342163086,65.21401977539062,0.0,0.007423820548304721,-14.81332015991211,0
1E4K,13,23.142635345458984,24.46053695678711,61.936439514160156,0.0,0.0074108031543645815,-15.07467269897461,0
1E4K,14,24.1505184173584,22.032522201538086,62.1602668762207,0.0,0.0076563890719713035,-18.351232528686523,0
2OT3,0,9.255228996276855,8.12612247467041,19.60516929626465,0.0,0.06372702431719064,-17.345413208007812,9
2OT3,1,7.372824668884277,6.97435188293457,14.848447799682617,0.0,0.0970097121535562,-17.061742782592773,4
2OT3,2,9.231927871704102,8.679539680480957,16.8067569732666,0.0,0.07756137529861702,-16.124746322631836,4
2OT3,3,20.224374771118164,19.0907039642334,54.880924224853516,0.0,0.009853943283083174,-11.811810493469238,2
2OT3,4,19.58609962463379,17.067386627197266,48.75849914550781,0.0,0.012386340173071263,-14.914328575134277,6
2OT3,5,20.863264083862305,15.52622127532959,52.86037063598633,0.0,0.011484185178363214,-14.291475296020508,10
2OT3,6,19.64422607421875,17.794950485229492,52.90385437011719,0.0,0.010740043159155416,-13.921470642089844,0
2OT3,7,15.98743724822998,16.150178909301758,44.88239669799805,0.0,0.014392324881503292,-13.77106761932373,0
2OT3,8,9.549494743347168,8.791047096252441,16.805967330932617,0.0,0.07732967139337868,-16.228548049926758,2
2OT3,9,21.50139808654785,16.829511642456055,60.085044860839844,0.0,0.009167139164917399,-13.183932304382324,3
2OT3,10,15.395658493041992,15.021964073181152,27.74727439880371,0.0,0.03188783880230512,-18.95159912109375,1
2OT3,11,18.555734634399414,18.345800399780273,52.72175598144531,0.0,0.010658434606794552,-15.009063720703125,3
2OT3,12,5.170388698577881,5.763738632202148,14.120003700256348,0.0,0.10980828935512064,-20.555461883544922,0
2OT3,13,16.628644943237305,15.16793155670166,53.176429748535156,0.0,0.011533006614881845,-14.632001876831055,0
2OT3,14,23.44239616394043,22.09988784790039,66.94908905029297,0.0,0.006816460073032972,-15.55465316772461,0
1R6Q,0,9.718293190002441,11.053603172302246,20.274351119995117,0.0,0.055858475150136554,-22.591697692871094,0
1R6Q,1,11.242141723632812,12.80339241027832,23.033552169799805,0.0,0.04446607082422533,-23.388246536254883,1
1R6Q,2,16.268199920654297,20.904584884643555,36.73386764526367,0.0,0.01864813270957944,-21.490142822265625,0
1R6Q,3,13.919012069702148,16.513641357421875,29.64413070678711,0.0,0.02805133331835823,-18.068687438964844,0
1R6Q,4,12.415112495422363,14.201373100280762,23.280738830566406,0.0,0.042885916052473716,-18.683809280395508,2
1R6Q,5,9.255171775817871,10.403687477111816,19.351070404052734,0.0,0.060700352866684876,-22.890636444091797,0
1R6Q,6,15.024999618530273,18.691585540771484,32.152183532714844,0.0,0.023907863567819838,-18.191089630126953,0
1R6Q,7,14.68869400024414,18.376577377319336,29.781551361083984,0.0,0.02731418534909512,-17.265727996826172,0
1R6Q,8,17.201601028442383,20.646839141845703,44.25870132446289,0.0,0.013607507511989107,-20.447839736938477,0
1R6Q,9,17.343046188354492,20.391511917114258,45.51353073120117,0.0,0.013028289758406959,-16.891332626342773,0
1R6Q,10,9.840486526489258,10.309945106506348,24.625289916992188,0.0,0.04239644133366143,-20.2642879486084,0
1R6Q,11,12.049484252929688,12.766520500183105,29.748838424682617,0.0,0.02969806517971665,-20.606765747070312,0
1R6Q,12,14.488121032714844,15.229818344116211,49.25691604614258,0.0,0.012841567931142129,-18.051115036010742,0
1R6Q,13,20.138442993164062,22.20709228515625,53.21520233154297,0.0,0.009806764156014757,-16.632612228393555,9
1R6Q,14,15.456877708435059,19.61320686340332,32.519412994384766,0.0,0.023255515700531807,-18.313291549682617,0
1Y64,0,38.6341667175293,37.64864730834961,84.3647689819336,0.0,0.0038780075430750547,-19.970285415649414,4
1Y64,1,21.6463680267334,20.839218139648438,35.52531051635742,0.0,0.019767567936937916,-14.90800952911377,1
1Y64,2,20.931970596313477,21.287080764770508,32.30683135986328,0.0,0.023227349063179914,-13.002765655517578,11
1Y64,3,20.051223754882812,20.48373794555664,31.178489685058594,0.0,0.024838587821290392,-12.926011085510254,5
1Y64,4,16.812891006469727,14.051722526550293,29.87851333618164,0.0,0.028713070623735622,-13.270353317260742,20
1Y64,5,38.78586196899414,38.216522216796875,84.68063354492188,0.0,0.003837754033075324,-18.834945678710938,4
1Y64,6,6.776586532592773,5.668691635131836,12.956323623657227,0.142857,0.16973003983452828,-15.320305824279785,15
1Y64,7,25.80367660522461,13.881607055664062,52.718017578125,0.0,0.012293186518034372,-11.637548446655273,6
1Y64,8,40.36561584472656,38.31968307495117,85.64071655273438,0.0,0.0037615914175176987,-16.138986587524414,1
1Y64,9,36.84213638305664,35.23316955566406,80.924560546875,0.0,0.004240472434632933,-17.046958923339844,1
1Y64,10,40.091285705566406,40.17959976196289,80.98147583007812,0.0,0.004096264220386308,-13.752080917358398,7
1Y64,11,20.590167999267578,18.1645450592041,34.215396881103516,0.0,0.02163372150764511,-13.2107572555542,11
1Y64,12,40.10765075683594,38.98771667480469,83.04847717285156,0.0,0.003948309950347528,-17.354684829711914,2
1Y64,13,20.92539405822754,16.991689682006836,40.113746643066406,0.0,0.01690130662548891,-12.65255355834961,19
1Y64,14,29.924091339111328,22.638343811035156,49.85968780517578,0.0,0.010871063087661892,-17.271438598632812,1
3AAD,0,21.400161743164062,16.89972686767578,63.035057067871094,0.0,0.00855838556256798,-20.609642028808594,0
3AAD,1,19.0262393951416,20.306198120117188,58.16984939575195,0.0,0.008777603443085116,-20.27118682861328,0
3AAD,2,18.674917221069336,17.00400733947754,47.25104522705078,0.0,0.013022606048580179,-19.089506149291992,0
3AAD,3,21.26631736755371,18.03501319885254,65.5146713256836,0.0,0.007808098050525777,-18.776243209838867,0
3AAD,4,22.364967346191406,19.40916633605957,60.141849517822266,0.0,0.008506971726839932,-17.214130401611328,0
3AAD,5,19.667713165283203,15.223369598388672,60.22062683105469,0.0,0.009716281431608697,-19.3431453704834,0
3AAD,6,21.04987144470215,16.501340866088867,63.79053497314453,0.0,0.00854694818587278,-20.262218475341797,0
3AAD,7,21.718957901000977,16.66688346862793,64.05278015136719,0.0,0.008446687734603083,-20.5131893157959,0
3AAD,8,18.05406951904297,18.191659927368164,56.45614242553711,0.0,0.009639546103920213,-17.40117835998535,0
3AAD,9,21.807355880737305,18.436115264892578,66.95146942138672,0.0,0.007479604110107654,-19.10236930847168,2
3AAD,10,21.54076385498047,18.417449951171875,65.72695922851562,0.0,0.007679600270109179,-20.740842819213867,0
3AAD,11,19.39305877685547,17.53239631652832,54.15651321411133,0.0,0.010436153324461184,-19.824983596801758,0
3AAD,12,18.297948837280273,19.720613479614258,56.81844711303711,0.0,0.009214094491264441,-18.233930587768555,0
3AAD,13,22.64826011657715,18.239566802978516,61.196102142333984,0.0,0.008548402551083337,-17.902612686157227,0
3AAD,14,26.24081802368164,21.004179000854492,68.44671630859375,0.0,0.006753876146857014,-19.090646743774414,2
1F34,0,16.952028274536133,15.227733612060547,42.52658462524414,0.086957,0.0449940667050401,-17.363811492919922,1
1F34,1,20.482208251953125,19.011903762817383,49.30028533935547,0.0,0.011684803623590414,-17.854598999023438,1
1F34,2,19.458486557006836,18.703723907470703,44.18623733520508,0.0,0.014025123567648276,-19.594154357910156,0
1F34,3,20.706830978393555,18.925016403198242,49.603599548339844,0.0,0.011589689335830424,-17.97600746154785,0
1F34,4,17.7486515045166,17.29252052307129,49.282798767089844,0.0,0.012118679343683771,-16.2616024017334,0
1F34,5,18.27672576904297,16.455543518066406,43.42194366455078,0.021739,0.0222949901450142,-18.357282638549805,3
1F34,6,16.99239730834961,15.89923095703125,45.754634857177734,0.043478,0.02855359123268326,-16.612382888793945,6
1F34,7,19.549571990966797,17.504240036010742,46.403465270996094,0.0,0.013251333897096687,-18.298925399780273,0
1F34,8,18.74972152709961,17.451902389526367,51.47269821166992,0.0,0.01129311187968781,-14.317748069763184,0
1F34,9,19.51937484741211,17.922752380371094,45.78785705566406,0.0,0.013423135774749744,-19.036888122558594,0
1F34,10,17.92710304260254,16.317289352416992,45.378395080566406,0.0,0.014092299296443955,-17.70981216430664,0
1F34,11,20.496906280517578,18.6517276763916,50.374813079833984,0.0,0.011369803091938335,-17.46009063720703,0
1F34,12,19.746572494506836,17.5664119720459,47.78105926513672,0.021739,0.01988449132298506,-17.57181739807129,0
1F34,13,18.932558059692383,17.180877685546875,45.47136688232422,0.0,0.01377602523551206,-19.102935791015625,0
1F34,14,21.24368667602539,20.13834571838379,49.52324295043945,0.0,0.011377826766156866,-18.560379028320312,0
1MAH,0,6.746099472045898,8.950786590576172,24.75397300720215,0.0,0.04426331447446413,-14.46560001373291,16
1MAH,1,3.4644405841827393,4.690194606781006,13.034643173217773,0.0,0.13038595133195888,-18.16609001159668,2
1MAH,2,1.3367695808410645,2.3271090984344482,4.295828342437744,0.5,0.5300237065486801,-14.825298309326172,4
1MAH,3,4.858635902404785,6.922680854797363,17.72860336303711,0.0,0.07725086378174761,-18.62451171875,2
1MAH,4,5.18914270401001,8.652129173278809,18.263912200927734,0.0,0.06907124232907592,-17.76289176940918,2
1MAH,5,5.419962406158447,10.114611625671387,17.048032760620117,0.0,0.07353945185308856,-19.528724670410156,0
1MAH,6,6.373264312744141,9.883981704711914,20.843311309814453,0.0,0.05503463600468352,-11.78125286102295,40
1MAH,7,5.533160209655762,10.908284187316895,17.521684646606445,0.0,0.06968699082404364,-17.43657112121582,1
1MAH,8,2.8339171409606934,4.895388603210449,9.342090606689453,0.333333,0.2906901079775473,-12.76807689666748,3
1MAH,9,1.6457113027572632,2.6296651363372803,5.536789417266846,0.277778,0.40845675743457166,-15.028499603271484,0
1MAH,10,1.7062915563583374,2.8027150630950928,6.261048793792725,0.333333,0.4014196311751495,-14.973819732666016,3
1MAH,11,4.2782883644104,7.485733509063721,15.097172737121582,0.0,0.09309861516510871,-15.87894344329834,3
1MAH,12,5.280838966369629,10.48575210571289,16.756074905395508,0.0,0.07490607175461866,-18.300153732299805,2
1MAH,13,5.841131687164307,10.772356986999512,19.368600845336914,0.0,0.0601705650911952,-17.11540985107422,5
1MAH,14,2.3379452228546143,3.7023909091949463,8.561118125915527,0.0,0.2124718392391821,-17.085569381713867,0
4DW2,0,12.826815605163574,8.852177619934082,30.96997833251953,0.0,0.032654310911635336,-16.169952392578125,7
4DW2,1,22.214996337890625,17.038652420043945,52.3185920715332,0.0,0.011135679041589285,-15.219407081604004,29
4DW2,2,14.750602722167969,13.51368236541748,29.825576782226562,0.0,0.029096377912145924,-18.536727905273438,2
4DW2,3,13.840997695922852,13.061707496643066,26.684589385986328,0.0,0.035044926009873974,-14.774287223815918,9
4DW2,4,15.274969100952148,14.248257637023926,35.08424758911133,0.0,0.022134649381463634,-16.488479614257812,7
4DW2,5,12.707987785339355,10.081768035888672,23.21781349182129,0.0,0.046614858811555686,-14.797618865966797,5
4DW2,6,21.976680755615234,13.304174423217773,45.13271713256836,0.0,0.015602241179433776,-14.7897310256958,99
4DW2,7,20.269929885864258,16.908016204833984,52.363651275634766,0.0,0.011160766811428212,-16.10397720336914,6
4DW2,8,14.627617835998535,10.811777114868164,26.05746841430664,0.055556,0.056871580134395694,-14.87165355682373,11
4DW2,9,13.752545356750488,13.53066349029541,28.839996337890625,0.0,0.03068785173886814,-16.089052200317383,4
4DW2,10,14.018746376037598,12.659931182861328,24.937091827392578,0.0,0.03931148958071902,-16.23509407043457,13
4DW2,11,22.172969818115234,18.01668357849121,52.905582427978516,0.0,0.010682374571856057,-14.440625190734863,18
4DW2,12,10.90552043914795,8.629847526550293,21.370906829833984,0.055556,0.07382303654821128,-15.250142097473145,11
4DW2,13,10.769829750061035,8.645459175109863,21.78875732421875,0.0,0.053769059347084334,-14.789097785949707,5
4DW2,14,14.03964614868164,11.165963172912598,25.343652725219727,0.0,0.03961298908503374,-15.821368217468262,17
1S1Q,0,13.974857330322266,16.069175720214844,35.72130584716797,0.0,0.02074193447130411,-17.80006217956543,0
1S1Q,1,18.73894500732422,18.060626983642578,55.011993408203125,0.0,0.01005595219411021,-24.432476043701172,0
1S1Q,2,15.532984733581543,16.528074264526367,42.6075325012207,0.0,0.015481397867642339,-16.94997215270996,0
1S1Q,3,14.755908012390137,15.818792343139648,46.851139068603516,0.0,0.013592612384716075,-14.814666748046875,0
1S1Q,4,12.011369705200195,13.682909965515137,35.47190856933594,0.0,0.02205924686814052,-20.40081024169922,1
1S1Q,5,11.10191822052002,12.795244216918945,22.850379943847656,0.0,0.04503667489551353,-18.551668167114258,1
1S1Q,6,14.136147499084473,14.88577651977539,39.691009521484375,0.0,0.01796765056793607,-14.178276062011719,1
1S1Q,7,18.844514846801758,20.28062629699707,56.55133056640625,0.0,0.009177800182997367,-15.767791748046875,0
1S1Q,8,11.2715425491333,11.508105278015137,38.865482330322266,0.0,0.02078437238233136,-19.63496208190918,0
1S1Q,9,12.170654296875,13.321855545043945,35.582401275634766,0.0,0.022167812328847406,-19.804458618164062,2
1S1Q,10,19.396678924560547,18.81717872619629,57.68186950683594,0.0,0.00918923716604299,-16.020444869995117,0
1S1Q,11,17.94895362854004,17.720033645629883,53.83848190307617,0.0,0.010478139697560652,-17.382125854492188,0
1S1Q,12,18.02457618713379,17.703582763671875,54.61404037475586,0.0,0.010259320186102107,-16.785533905029297,0
1S1Q,13,14.142369270324707,16.057939529418945,36.67153549194336,0.0,0.019878807135646548,-16.49633026123047,0
1S1Q,14,17.839889526367188,17.60961151123047,50.822601318359375,0.0,0.011471461877525102,-17.665616989135742,0
1GLA,0,17.658723831176758,12.801105499267578,48.48455047607422,0.0,0.014454316992145735,-14.785054206848145,3
1GLA,1,15.51579761505127,9.252829551696777,48.39787292480469,0.0,0.018509865933935905,-16.389310836791992,1
1GLA,2,16.200515747070312,13.012276649475098,53.34519577026367,0.0,0.012624893601070086,-13.935613632202148,0
1GLA,3,28.676923751831055,19.84617805480957,76.17088317871094,0.0,0.005993173659230568,-16.284067153930664,13
1GLA,4,27.747312545776367,21.25231170654297,77.7416000366211,0.0,0.0055900619671868865,-16.96677589416504,7
1GLA,5,16.276762008666992,9.444867134094238,49.632965087890625,0.0,0.0176984846938753,-14.732909202575684,2
1GLA,6,28.147920608520508,21.167579650878906,78.77471923828125,0.0,0.0055018223435921365,-16.069257736206055,1
1GLA,7,18.13971710205078,11.554980278015137,54.776214599609375,0.0,0.013362029308726223,-14.200370788574219,0
1GLA,8,17.610271453857422,11.656606674194336,55.37994384765625,0.0,0.013101640972121194,-15.577200889587402,6
1GLA,9,15.3516263961792,8.911072731018066,47.63835906982422,0.0,0.019469448706320076,-15.596065521240234,0
1GLA,10,17.959238052368164,11.457021713256836,54.31252670288086,0.0,0.013586486742449133,-14.883133888244629,2
1GLA,11,17.374547958374023,11.647197723388672,54.602378845214844,0.0,0.013325124741534343,-12.53419017791748,1
1GLA,12,28.0629940032959,21.208049774169922,78.23124694824219,0.0,0.005548366661969402,-16.5750675201416,2
1GLA,13,27.936180114746094,21.292001724243164,78.990966796875,0.0,0.005461774084685632,-16.134523391723633,1
1GLA,14,17.52183723449707,11.714963912963867,48.22098159790039,0.0,0.015421846099417236,-12.467358589172363,1
1KLU,0,12.84127426147461,6.940301895141602,38.194847106933594,0.0,0.03060517103809085,-16.494613647460938,6
1KLU,1,30.271747589111328,16.61052894592285,70.37065887451172,0.0,0.007489683403403659,-17.444345474243164,3
1KLU,2,30.292922973632812,17.16783332824707,72.66932678222656,0.0,0.00702435099722365,-16.573049545288086,3
1KLU,3,29.177570343017578,25.655105590820312,76.41180419921875,0.0,0.00520993129957744,-17.565683364868164,1
1KLU,4,25.583873748779297,19.228670120239258,76.06018829345703,0.0,0.006127780254515564,-16.44295883178711,1
1KLU,5,30.64446258544922,16.9975643157959,73.55087280273438,0.0,0.006969020476937672,-17.626399993896484,2
1KLU,6,17.19443130493164,16.54200553894043,35.95771026611328,0.0,0.02035928836343386,-20.739164352416992,0
1KLU,7,19.959556579589844,19.891101837158203,44.169010162353516,0.0,0.01378873828223353,-22.04555320739746,0
1KLU,8,29.99893569946289,17.39854621887207,70.9528579711914,0.0,0.0071755014314682265,-16.83742332458496,1
1KLU,9,20.93754005432129,17.80974578857422,51.996028900146484,0.0,0.011023942195652774,-13.700021743774414,9
1KLU,10,7.876730442047119,6.236720085144043,26.32659339904785,0.0,0.04969498983668249,-18.965917587280273,2
1KLU,11,21.919025421142578,17.61722755432129,50.922515869140625,0.0,0.011434806519400079,-15.86030101776123,6
1KLU,12,25.430461883544922,21.229265213012695,76.77159881591797,0.0,0.0056925558121999386,-18.53498077392578,0
1KLU,13,9.921430587768555,6.071679592132568,35.04252624511719,0.0,0.03769646945857987,-15.734313011169434,0
1KLU,14,24.119266510009766,22.4622859954834,71.93218994140625,0.0,0.006070231806209493,-15.62629222869873,2
6AL0,0,18.668004989624023,12.107380867004395,36.34166717529297,0.0,0.022328250471544825,-14.560028076171875,2
6AL0,1,17.561479568481445,9.688419342041016,35.83424377441406,0.0,0.025559192924889135,-14.045780181884766,11
6AL0,2,19.418001174926758,14.323296546936035,48.53573989868164,0.0,0.013535212685534434,-13.985128402709961,41
6AL0,3,20.722747802734375,10.755729675292969,40.475624084472656,0.0,0.02043888499698167,-14.174002647399902,63
6AL0,4,19.383283615112305,13.894030570983887,41.842525482177734,0.0,0.017050846581364906,-13.936014175415039,55
6AL0,5,8.869428634643555,8.066462516784668,19.077037811279297,0.0,0.06635496255462632,-15.336440086364746,7
6AL0,6,18.06258773803711,11.982903480529785,35.834129333496094,0.0,0.022898808830904654,-17.102386474609375,5
6AL0,7,23.572389602661133,9.859659194946289,49.698604583740234,0.0,0.01701391871941963,-15.478239059448242,24
6AL0,8,9.738025665283203,7.995882034301758,21.41305160522461,0.0,0.05670645657649578,-15.774081230163574,13
6AL0,9,20.127370834350586,10.575583457946777,40.104061126708984,0.0,0.020903908002270797,-14.456305503845215,66
6AL0,10,13.610539436340332,9.980334281921387,28.777624130249023,0.0,0.03411058145813551,-14.105621337890625,42
6AL0,11,11.438579559326172,7.238885879516602,25.515989303588867,0.0,0.04701906950828231,-14.080866813659668,13
6AL0,12,19.416215896606445,12.647248268127441,39.786888122558594,0.0,0.019173535001700347,-16.957944869995117,36
6AL0,13,17.988162994384766,10.298161506652832,36.44110870361328,0.0,0.02412494125789817,-13.672657012939453,10
6AL0,14,15.493474006652832,11.001834869384766,35.48421096801758,0.0,0.02417221102190525,-13.659836769104004,41
1KAC,0,6.238012313842773,6.1278977394104,22.972726821899414,0.0,0.05898283036247632,-18.693044662475586,0
1KAC,1,16.187803268432617,16.760940551757812,29.6137752532959,0.0,0.028020057033323293,-17.154268264770508,0
1KAC,2,12.486839294433594,11.571269989013672,29.16813087463379,0.0,0.03160046935228009,-15.518948554992676,0
1KAC,3,17.700313568115234,14.006917953491211,48.53459930419922,0.0,0.013698991940348704,-17.88524055480957,0
1KAC,4,13.263175010681152,15.462113380432129,28.781431198120117,0.0,0.029848631586810757,-14.606972694396973,0
1KAC,5,12.571413040161133,13.804903984069824,39.36759948730469,0.0,0.018736924068571793,-17.440946578979492,0
1KAC,6,14.607613563537598,14.381047248840332,27.055015563964844,0.0,0.03353346574529965,-16.740530014038086,0
1KAC,7,15.987195014953613,12.719107627868652,45.57306671142578,0.0,0.015778411894131483,-19.133092880249023,0
1KAC,8,14.074930191040039,12.685391426086426,45.715213775634766,0.0,0.015735160338727443,-17.39540672302246,1
1KAC,9,11.567651748657227,9.644423484802246,30.687204360961914,0.0,0.03162467119343668,-18.3594913482666,0
1KAC,10,12.699469566345215,10.994561195373535,41.37711715698242,0.0,0.019588341480441827,-18.473289489746094,0
1KAC,11,6.30355167388916,6.411397933959961,23.00937843322754,0.0,0.0573253487196726,-17.80643081665039,0
1KAC,12,12.655853271484375,15.139640808105469,29.079002380371094,0.0,0.029479506066681663,-14.198966026306152,0
1KAC,13,16.014163970947266,15.86663818359375,51.73292922973633,0.0,0.01171496217865166,-16.159116744995117,0
1KAC,14,14.471572875976562,12.83973217010498,32.4166259765625,0.0,0.025931955379070712,-18.304033279418945,0
4G6J,0,22.200578689575195,20.707340240478516,56.10011291503906,0.0,0.009220482956009628,-19.070220947265625,1
4G6J,1,12.221921920776367,16.75200080871582,25.198097229003906,0.0,0.036706076399279954,-17.744796752929688,0
4G6J,2,12.602005958557129,16.374317169189453,26.99842643737793,0.0,0.032834384319583985,-17.972150802612305,3
4G6J,3,34.49589157104492,33.3560791015625,88.76509857177734,0.0,0.0037015007474670895,-18.895551681518555,3
4G6J,4,12.728869438171387,16.598970413208008,27.689952850341797,0.0,0.03140539126082089,-16.26706886291504,2
4G6J,5,34.30590057373047,33.944244384765625,90.07452392578125,0.0,0.0035917868897469185,-19.17902946472168,5
4G6J,6,21.10327911376953,15.916926383972168,53.510711669921875,0.0,0.011138047616121053,-16.047693252563477,2
4G6J,7,20.745067596435547,22.495357513427734,53.97709274291992,0.0,0.009541552410988223,-15.789630889892578,1
4G6J,8,21.694290161132812,21.200050354003906,55.14768600463867,0.0,0.009395512021121375,-16.975831985473633,0
4G6J,9,13.31495475769043,17.33854866027832,30.646888732910156,0.0,0.026286219365978056,-18.17616844177246,3
4G6J,10,12.190743446350098,16.8236083984375,24.67169761657715,0.0,0.0379965986479772,-18.571334838867188,5
4G6J,11,22.71365737915039,20.230493545532227,58.07065200805664,0.0,0.00881442189631699,-19.17464828491211,2
4G6J,12,10.224076271057129,10.527177810668945,21.24517250061035,0.0,0.05262799771826742,-18.140073776245117,7
4G6J,13,12.76805591583252,17.550186157226562,27.86907386779785,0.0,0.03078620349834738,-17.330591201782227,2
4G6J,14,23.350141525268555,26.907358169555664,60.30615234375,0.0,0.007525764947608384,-18.77272605895996,0
2GAF,0,22.056774139404297,19.02088737487793,55.90556335449219,0.0,0.009591686902686592,-17.02859878540039,4
2GAF,1,19.77094268798828,19.1138973236084,53.86663818359375,0.0,0.010138639214351574,-16.432222366333008,3
2GAF,2,17.7957706451416,16.937541961669922,30.661048889160156,0.0,0.026383520432573845,-15.667330741882324,8
2GAF,3,18.448686599731445,17.04222869873047,32.96012878417969,0.0,0.02334868052992908,-21.097150802612305,1
2GAF,4,17.755552291870117,16.7238712310791,30.338455200195312,0.0,0.026921282699730282,-19.008960723876953,3
2GAF,5,17.914213180541992,18.46002960205078,39.428001403808594,0.0,0.01699040130022156,-19.524089813232422,3
2GAF,6,25.688003540039062,25.622150421142578,68.32836151123047,0.0,0.006218313536165711,-17.338815689086914,4
2GAF,7,16.56551170349121,16.157108306884766,29.374927520751953,0.0,0.028602258226847654,-17.198795318603516,1
2GAF,8,19.131351470947266,17.33258819580078,50.966217041015625,0.0,0.01149859052613763,-16.391061782836914,4
2GAF,9,18.065752029418945,17.087366104125977,31.768877029418945,0.0,0.024817259441029665,-17.000093460083008,4
2GAF,10,13.26633358001709,13.582505226135254,24.04942512512207,0.0,0.04103209736740902,-20.325571060180664,2
2GAF,11,23.78879737854004,29.076160430908203,62.70252990722656,0.0,0.006899807984922439,-17.808565139770508,6
2GAF,12,14.54538631439209,15.118596076965332,33.800392150878906,0.0,0.02307555725058359,-19.0743350982666,4
2GAF,13,19.926177978515625,20.776460647583008,40.71696472167969,0.0,0.015648490381353717,-16.716732025146484,1
2GAF,14,18.306657791137695,17.207321166992188,31.144378662109375,0.0,0.025621567967504862,-18.728710174560547,3
1PVH,0,10.138372421264648,9.839808464050293,17.937910079956055,0.0,0.06869258811920607,-16.25912094116211,1
1PVH,1,23.817623138427734,12.806739807128906,55.32682418823242,0.0,0.012197170380110681,-16.97901725769043,1
1PVH,2,66.22705078125,72.09890747070312,146.98390197753906,0.0,0.0012552501630553948,0.0,0
1PVH,3,23.452014923095703,12.095109939575195,50.36239242553711,0.0,0.014281297912943774,-21.122499465942383,0
1PVH,4,10.563243865966797,9.967571258544922,16.189014434814453,0.0,0.07941542389644368,-15.254782676696777,4
1PVH,5,9.266068458557129,9.080367088317871,15.353121757507324,0.0,0.08705513817492382,-17.295976638793945,0
1PVH,6,8.698064804077148,9.374123573303223,13.343585014343262,0.0,0.10453923698408706,-18.010364532470703,0
1PVH,7,7.57572078704834,8.454703330993652,12.178143501281738,0.0,0.11936512386892856,-17.467103958129883,0
1PVH,8,18.109619140625,10.820366859436035,29.071735382080078,0.0,0.032536347739586025,-20.251157760620117,1
1PVH,9,18.980064392089844,14.119285583496094,54.63810729980469,0.0,0.011596778326939734,-13.944965362548828,13
1PVH,10,23.1298770904541,13.481437683105469,57.4095344543457,0.0,0.01122651676436244,-14.958398818969727,5
1PVH,11,23.68427085876465,12.449917793273926,53.91233444213867,0.0,0.012854400436982433,-18.87769889831543,2
1PVH,12,23.443693161010742,14.179205894470215,59.23724365234375,0.0,0.01041387573725584,-16.7801570892334,10
1PVH,13,10.499529838562012,10.587337493896484,21.847431182861328,0.0,0.05038220315564185,-17.31281280517578,0
1PVH,14,16.032703399658203,10.626480102539062,25.82951545715332,0.666667,0.26130517169868256,-21.240623474121094,3
1OPH,0,17.638235092163086,13.156842231750488,39.73102951049805,0.0,0.018865943654953896,-16.28544044494629,9
1OPH,1,18.329599380493164,14.342257499694824,41.49330139160156,0.0,0.017031426297270624,-14.702526092529297,13
1OPH,2,18.248517990112305,13.44408893585205,40.113887786865234,0.0,0.018422108475195213,-15.871479988098145,8
1OPH,3,17.813247680664062,13.876904487609863,54.51386642456055,0.0,0.011761446200198922,-16.018278121948242,0
1OPH,4,9.355932235717773,7.655786514282227,29.079668045043945,0.0,0.038561229804986684,-18.369983673095703,2
1OPH,5,31.713558197021484,31.909151077270508,97.8525161743164,0.0,0.0032313381241430386,-12.360058784484863,3
1OPH,6,17.730937957763672,11.922521591186523,34.81270217895508,0.0,0.02394797626191292,-14.1742525100708,10
1OPH,7,20.332853317260742,16.649330139160156,62.29396057128906,0.0,0.008776588148348084,-16.92418098449707,0
1OPH,8,18.4694766998291,13.459538459777832,40.77682876586914,0.0,0.017970103095851304,-15.924103736877441,12
1OPH,9,28.746623992919922,20.711641311645508,62.007808685302734,0.0,0.007887313214155603,-12.65841293334961,130
1OPH,10,9.795882225036621,8.469749450683594,18.066085815429688,0.096774,0.1028096948112414,-14.657899856567383,9
1OPH,11,28.26073455810547,20.46733856201172,68.6251220703125,0.0,0.006817395561615929,-12.11594009399414,34
1OPH,12,23.099029541015625,12.477624893188477,57.15283203125,0.0,0.011961999598342146,-12.557699203491211,15
1OPH,13,18.65375328063965,13.386323928833008,41.77199935913086,0.0,0.01738686943207426,-16.226667404174805,9
1OPH,14,16.302881240844727,12.051398277282715,34.413902282714844,0.0,0.024251202839540173,-14.634197235107422,7
1J2J,0,13.839319229125977,16.35147476196289,42.41120529174805,0.0,0.01565386265438785,-14.286169052124023,0
1J2J,1,9.498061180114746,9.698615074157715,22.773025512695312,0.2,0.11521351536487778,-21.391708374023438,0
1J2J,2,4.9286017417907715,5.818828582763672,15.595084190368652,0.0,0.0971149307620276,-19.94035530090332,4
1J2J,3,6.602457046508789,6.882045269012451,19.027210235595703,0.0,0.07057231325630683,-22.252342224121094,0
1J2J,4,3.737959623336792,4.037564754486084,11.288033485412598,0.2,0.22770959299988103,-18.137868881225586,0
1J2J,5,6.3642778396606445,6.120266437530518,17.11528778076172,0.4,0.21817003278700142,-20.96610450744629,1
1J2J,6,4.50875997543335,4.38683557510376,13.462607383728027,0.0,0.12989929023483857,-21.10073471069336,0
1J2J,7,3.972799301147461,4.016122817993164,12.560763359069824,0.0,0.14550668172305792,-20.492671966552734,0
1J2J,8,3.0651566982269287,3.2726800441741943,10.15231704711914,0.0,0.19523664947412311,-18.8477783203125,0
1J2J,9,6.0293288230896,6.186095237731934,18.677541732788086,0.0,0.07570180070160099,-22.13775062561035,0
1J2J,10,4.093694686889648,4.2304158210754395,13.55660343170166,0.0,0.1312914092479489,-18.37502098083496,0
1J2J,11,8.563766479492188,10.453981399536133,20.738920211791992,0.2,0.12133204348939501,-16.634159088134766,4
1J2J,12,4.150985240936279,4.344808101654053,13.041259765625,0.0,0.13488365557753015,-21.230485916137695,0
1J2J,13,6.527475357055664,6.993347644805908,16.251667022705078,0.6,0.2862592266782879,-17.54448699951172,21
1J2J,14,3.961731433868408,3.8724966049194336,12.007099151611328,0.0,0.1547680789088233,-20.793729782104492,0
4FZA,0,20.678600311279297,15.490845680236816,31.609460830688477,0.0,0.025574615047888636,-16.65093421936035,10
4FZA,1,16.804080963134766,17.11454200744629,54.34084701538086,0.0,0.010501980792468566,-14.214029312133789,10
4FZA,2,20.529016494750977,15.772042274475098,31.642377853393555,0.0,0.02542257268790671,-15.351279258728027,6
4FZA,3,10.712067604064941,11.147558212280273,19.450605392456055,0.0,0.059378104149295334,-15.002020835876465,26
4FZA,4,20.11003303527832,15.112245559692383,30.637853622436523,0.0,0.02707495637778681,-17.01359748840332,4
4FZA,5,14.78770923614502,10.377190589904785,26.885950088500977,0.0,0.037111672574940864,-17.451919555664062,5
4FZA,6,20.455522537231445,15.249920845031738,30.901750564575195,0.0,0.02664040943000363,-15.679742813110352,6
4FZA,7,11.729774475097656,10.090779304504395,22.709239959716797,0.0,0.04816728843338947,-16.131738662719727,11
4FZA,8,19.13383674621582,13.356734275817871,29.969587326049805,0.0,0.028968895842516298,-15.59720516204834,22
4FZA,9,20.316143035888672,14.999698638916016,31.481992721557617,0.0,0.025948671241703636,-16.275917053222656,6
4FZA,10,20.971603393554688,16.48973274230957,31.649860382080078,0.0,0.02516033499153039,-16.763858795166016,6
4FZA,11,13.413796424865723,12.37614631652832,24.724546432495117,0.0,0.04005823122590597,-15.063386917114258,22
4FZA,12,12.638781547546387,12.549596786499023,25.18682861328125,0.0,0.038777193471518555,-19.199909210205078,5
4FZA,13,17.003589630126953,11.129185676574707,33.07612991333008,0.0,0.02659694127944273,-14.460224151611328,22
4FZA,14,20.717844009399414,13.818212509155273,38.57195281982422,0.0,0.019319711782235793,-16.769657135009766,10
2PCC,0,24.348316192626953,18.865459442138672,66.80960845947266,0.0,0.007403703781988051,-19.14095687866211,3
2PCC,1,17.952159881591797,14.909829139709473,55.192291259765625,0.0,0.011062849637778158,-15.596884727478027,0
2PCC,2,24.388572692871094,25.10033416748047,66.74817657470703,0.0,0.006505452975255839,-14.726445198059082,4
2PCC,3,13.02631950378418,10.739810943603516,34.284217834472656,0.5,0.19234740684411236,-16.31095314025879,0
2PCC,4,16.17137908935547,12.730189323425293,50.179908752441406,0.0,0.013862209377162418,-15.298210144042969,0
2PCC,5,21.253732681274414,16.97325897216797,58.838932037353516,0.0,0.009397396287513746,-12.57568359375,2
2PCC,6,18.39744758605957,14.306356430053711,54.428688049316406,0.0,0.011560458070051556,-15.65102481842041,0
2PCC,7,16.421968460083008,12.631233215332031,49.67870330810547,0.0,0.014116200908201941,-16.58322525024414,0
2PCC,8,17.30129051208496,13.307976722717285,51.81407928466797,0.0,0.01291721769581986,-13.785245895385742,1
2PCC,9,15.287836074829102,13.178755760192871,50.94574737548828,0.0,0.01329075563628349,-14.193015098571777,0
2PCC,10,5.654698848724365,4.8752360343933105,12.854755401611328,1.0,0.4635653683000174,-14.974159240722656,2
2PCC,11,19.116174697875977,21.374481201171875,57.74715805053711,0.0,0.008702377994602446,-13.284908294677734,4
2PCC,12,14.04903793334961,11.86468505859375,46.2391471862793,0.0,0.016139908019457406,-15.219051361083984,0
2PCC,13,18.720924377441406,14.358230590820312,54.407047271728516,0.0,0.011540761569477512,-14.974205017089844,0
2PCC,14,24.272823333740234,18.951871871948242,67.44981384277344,0.0,0.007286022627265337,-21.03608512878418,0
4JCV,0,6.409657001495361,7.145825386047363,14.800379753112793,0.0,0.09674292189921668,-18.803756713867188,0
4JCV,1,24.63052749633789,30.78437614440918,64.85655212402344,0.0,0.006418292502266672,-16.74411392211914,0
4JCV,2,33.41200637817383,25.60572052001953,80.70532989501953,0.0,0.004796954402619771,-17.61072540283203,0
4JCV,3,32.56147003173828,24.886938095092773,78.453369140625,0.0,0.005073998382888028,-15.397533416748047,7
4JCV,4,33.92129135131836,27.86821937561035,82.65565490722656,0.0,0.004451122879353114,-18.758102416992188,0
4JCV,5,10.798816680908203,14.345744132995605,23.813871383666992,0.0,0.041273333835888805,-15.29748249053955,12
4JCV,6,10.66746997833252,13.907947540283203,24.013280868530273,0.0,0.04094756497212384,-16.048229217529297,4
4JCV,7,25.61425018310547,28.019119262695312,64.1903076171875,0.0,0.0066967827628934265,-14.42267894744873,18
4JCV,8,32.63454818725586,22.870620727539062,78.60203552246094,0.0,0.005280720610430562,-15.724222183227539,0
4JCV,9,33.223609924316406,27.35063362121582,80.5299072265625,0.0,0.004672333171819159,-17.527864456176758,2
4JCV,10,26.30217742919922,19.077707290649414,67.22979736328125,0.0,0.00729253040144142,-17.28732681274414,3
4JCV,11,17.882797241210938,26.409034729003906,45.03765869140625,0.0,0.01253666381426165,-15.57274055480957,0
4JCV,12,24.932573318481445,19.249404907226562,63.861656188964844,0.0,0.007814287049278881,-17.391443252563477,0
4JCV,13,32.79561233520508,32.63888931274414,79.46465301513672,0.0,0.004473295353486876,-17.534351348876953,0
4JCV,14,17.0159912109375,24.18815040588379,41.38509750366211,0.0,0.014769237008306374,-13.950169563293457,3
1JZD,0,8.327624320983887,10.80649185180664,19.8391056060791,0.0,0.05799962955617383,-18.042694091796875,0
1JZD,1,25.653587341308594,26.54134750366211,62.587181091308594,0.0,0.007098104026452101,-16.069597244262695,5
1JZD,2,11.48338794708252,14.60409927368164,26.663877487182617,0.0,0.03422922809367904,-16.7089786529541,0
1JZD,3,10.328511238098145,13.060308456420898,25.54862403869629,0.0,0.03755894071930947,-13.56924819946289,5
1JZD,4,17.61054229736328,20.279470443725586,43.39300537109375,0.0,0.014131316508321242,-12.830937385559082,4
1JZD,5,24.80652618408203,25.394973754882812,60.181907653808594,0.0,0.0076783028265319285,-16.621389389038086,7
1JZD,6,25.652999877929688,23.26720428466797,62.21976852416992,0.0,0.007486677735586279,-19.196304321289062,0
1JZD,7,9.00584602355957,11.190286636352539,22.14668083190918,0.0,0.04868128111390483,-15.968283653259277,2
1JZD,8,10.191093444824219,12.105438232421875,28.12489128112793,0.0,0.03293874442176844,-14.780475616455078,6
1JZD,9,8.574076652526855,11.668959617614746,18.938180923461914,0.1,0.09464199821302195,-13.623930931091309,10
1JZD,10,10.620798110961914,13.732889175415039,24.692642211914062,0.066667,0.06146629900662707,-14.975628852844238,2
1JZD,11,11.672089576721191,14.827739715576172,26.435606002807617,0.1,0.06794280253798522,-15.497697830200195,9
1JZD,12,12.32898235321045,15.753422737121582,28.67280387878418,0.0,0.029922380046698015,-15.898655891418457,0
1JZD,13,24.496379852294922,25.41112518310547,61.656009674072266,0.0,0.007374569356690495,-14.943456649780273,5
1JZD,14,20.936975479125977,21.838159561157227,52.07475662231445,0.0,0.010215783332915592,-17.288278579711914,4
1I4D,0,23.850601196289062,14.912693977355957,60.582252502441406,0.0,0.00977386073292531,-16.310670852661133,9
1I4D,1,8.638962745666504,10.094051361083984,20.429168701171875,0.0,0.05639157345758236,-9.960634231567383,0
1I4D,2,19.53711700439453,18.0358943939209,43.37846755981445,0.0,0.014615286631177546,-16.98446273803711,2
1I4D,3,23.069490432739258,14.466228485107422,57.57193374633789,0.0,0.010656722019980172,-14.325785636901855,12
1I4D,4,24.3157901763916,19.80316734313965,62.51871871948242,0.0,0.00795135993467716,-16.120532989501953,7
1I4D,5,23.836706161499023,13.78033447265625,62.92567825317383,0.0,0.009876459451992933,-19.330814361572266,1
1I4D,6,25.901905059814453,18.50674819946289,60.7956657409668,0.0,0.008566418371985152,-14.914159774780273,2
1I4D,7,18.198495864868164,18.21965789794922,43.45439147949219,0.0,0.014528192638923493,-12.330703735351562,8
1I4D,8,19.091951370239258,17.044374465942383,42.288997650146484,0.0,0.01550560763681136,-14.748773574829102,2
1I4D,9,23.23682975769043,23.333602905273438,48.52779006958008,0.0,0.011294134452669921,-13.333303451538086,2
1I4D,10,23.476045608520508,13.345316886901855,60.322837829589844,0.0,0.010648188125248599,-18.116920471191406,10
1I4D,11,22.720340728759766,18.27429962158203,53.829673767089844,0.0,0.010339998585203028,-14.368697166442871,6
1I4D,12,18.858739852905273,16.364727020263672,43.187400817871094,0.0,0.015207958262371715,-15.04029655456543,0
1I4D,13,22.023042678833008,21.434444427490234,47.59602737426758,0.0,0.011926932093984802,-12.329741477966309,1
1I4D,14,19.6927433013916,17.189865112304688,43.546424865722656,0.0,0.014753066166858987,-13.09394645690918,6
2DD8,0,11.39970588684082,13.041406631469727,22.09794044494629,0.0,0.047314460160009196,-18.9863224029541,2
2DD8,1,18.649795532226562,17.06317138671875,36.931915283203125,0.0,0.019324818297334914,-16.686283111572266,1
2DD8,2,13.662124633789062,11.021332740783691,29.223339080810547,0.0,0.03206288677681757,-18.112892150878906,4
2DD8,3,17.253929138183594,15.098224639892578,33.30035400390625,0.0,0.023647444894526016,-16.923206329345703,13
2DD8,4,9.306461334228516,6.745807647705078,21.050045013427734,0.0,0.0624364548351185,-18.258209228515625,6
2DD8,5,11.916236877441406,9.049036979675293,26.380300521850586,0.4,0.17359912756427534,-17.026090621948242,4
2DD8,6,12.182644844055176,10.933012008666992,23.838153839111328,0.0,0.04375899652276296,-16.032583236694336,11
2DD8,7,18.442934036254883,16.648401260375977,34.73860549926758,0.0,0.02151364851598803,-18.096208572387695,0
2DD8,8,10.464564323425293,11.644059181213379,21.334165573120117,0.0,0.051105881007037605,-18.280975341796875,4
2DD8,9,21.327219009399414,15.874329566955566,51.462432861328125,0.0,0.011802028052314352,-13.793325424194336,36
2DD8,10,11.521721839904785,12.601261138916016,21.69861602783203,0.0,0.04900301153426928,-17.874671936035156,3
2DD8,11,18.12668800354004,14.471280097961426,37.66328430175781,0.0,0.01969821572618493,-16.880220413208008,6
2DD8,12,16.609792709350586,15.071247100830078,32.50813293457031,0.0,0.024600524952072805,-15.662458419799805,12
2DD8,13,10.949280738830566,12.39494514465332,20.86943817138672,0.0,0.0522396036473404,-17.553003311157227,6
2DD8,14,18.24683380126953,14.373541831970215,35.95557403564453,0.0,0.021233895037598347,-12.15731143951416,81
3AAA,0,11.689458847045898,14.515899658203125,30.34390640258789,0.0,0.027774806125901563,-16.55927276611328,5
3AAA,1,10.14750862121582,8.79201602935791,27.90151596069336,0.0,0.037736621800152796,-18.80971908569336,1
3AAA,2,28.589006423950195,24.251359939575195,76.1963882446289,0.0,0.005367472855572881,-18.972917556762695,0
3AAA,3,16.14751625061035,14.391271591186523,48.60151290893555,0.0,0.01347546664107869,-19.12864875793457,5
3AAA,4,20.514049530029297,14.542515754699707,55.54718017578125,0.0,0.011135786514387137,-16.333084106445312,4
3AAA,5,17.301130294799805,20.635761260986328,53.15920639038086,0.0,0.010061885302525582,-19.159908294677734,0
3AAA,6,26.607837677001953,23.43251609802246,71.51831817626953,0.0,0.006003250398918751,-18.3779354095459,0
3AAA,7,21.133644104003906,14.974939346313477,56.50615692138672,0.0,0.010687045798804936,-16.579927444458008,8
3AAA,8,7.399139404296875,7.418498992919922,19.691646575927734,0.0,0.06544645882873469,-16.156658172607422,4
3AAA,9,21.028268814086914,19.865346908569336,61.62818908691406,0.0,0.008112357811033248,-20.27107810974121,1
3AAA,10,22.306856155395508,21.000181198120117,61.90913772583008,0.0,0.00785933888447869,-23.183170318603516,0
3AAA,11,28.838163375854492,26.67723274230957,77.68824768066406,0.0,0.004993632026673782,-15.84712028503418,6
3AAA,12,13.321212768554688,10.75540542602539,39.80596160888672,0.0,0.020896136748767637,-16.001237869262695,44
3AAA,13,11.857671737670898,14.188461303710938,34.00614929199219,0.0,0.023285542722272335,-15.916655540466309,1
3AAA,14,17.907567977905273,16.62910270690918,52.319190979003906,0.0,0.011262282695067002,-15.578009605407715,18
1QA9,0,11.000616073608398,9.556581497192383,37.95757293701172,0.0,0.023931998241600177,-16.940431594848633,3
1QA9,1,6.8108015060424805,7.150454521179199,13.34795093536377,0.0,0.11022308122862338,-19.413379669189453,0
1QA9,2,13.3414888381958,12.544705390930176,45.169857025146484,0.0,0.01609870850749496,-16.570720672607422,2
1QA9,3,9.558212280273438,9.548257827758789,17.877031326293945,0.0,0.06949076193126234,-19.619422912597656,2
1QA9,4,11.369009017944336,11.589969635009766,34.45106887817383,0.0,0.024618413708021702,-17.955942153930664,1
1QA9,5,14.368240356445312,11.305770874023438,26.8394775390625,0.0,0.03615104619344255,-18.40298843383789,0
1QA9,6,10.513531684875488,9.523029327392578,24.443771362304688,0.0,0.04402868912239324,-17.657196044921875,0
1QA9,7,6.535926342010498,7.234628677368164,13.757238388061523,0.0,0.10583160618319526,-17.792667388916016,0
1QA9,8,5.579437255859375,6.658969879150391,8.570456504821777,0.0,0.18138811758104623,-17.403484344482422,0
1QA9,9,10.087268829345703,10.583911895751953,27.814327239990234,0.0,0.035034555633942914,-20.872314453125,3
1QA9,10,11.45659351348877,10.618258476257324,30.010303497314453,0.0,0.03127686340256746,-15.640853881835938,3
1QA9,11,5.858975410461426,6.897100925445557,9.118680953979492,0.0,0.17003025831693344,-18.17232322692871,0
1QA9,12,14.057060241699219,11.603452682495117,48.289119720458984,0.0,0.01549650135949307,-16.107200622558594,0
1QA9,13,11.567070960998535,11.975581169128418,27.9876708984375,0.0,0.03329802999161355,-18.080581665039062,1
1QA9,14,17.720623016357422,18.3778018951416,57.87995147705078,0.0,0.009243021839051084,-17.700477600097656,1
1M27,0,11.800409317016602,9.677087783813477,30.95478057861328,0.0,0.031192671906675195,-22.015466690063477,0
1M27,1,17.675613403320312,13.673700332641602,49.99876403808594,0.0,0.013326838271870695,-19.8585147857666,5
1M27,2,11.412617683410645,11.337861061096191,33.92490768432617,0.0,0.02542368191199451,-19.46704864501953,0
1M27,3,11.390771865844727,12.377361297607422,30.9631404876709,0.0,0.0281846982447931,-19.57094955444336,0
1M27,4,13.184720039367676,13.87453556060791,41.600563049316406,0.0,0.017209464998522186,-17.081268310546875,0
1M27,5,13.103471755981445,11.33018684387207,44.260189056396484,0.0,0.017598327254119674,-19.348133087158203,0
1M27,6,14.691109657287598,11.705883979797363,45.16728973388672,0.0,0.016786214516625136,-18.011850357055664,0
1M27,7,9.802125930786133,10.61413288116455,27.824953079223633,0.0,0.034978078844167905,-20.547115325927734,0
1M27,8,14.168572425842285,12.046358108520508,45.77664566040039,0.0,0.016199235813392436,-17.61696434020996,0
1M27,9,11.38424015045166,9.148597717285156,27.837238311767578,0.0,0.03715458001882851,-20.21351432800293,0
1M27,10,14.088737487792969,13.505863189697266,41.475990295410156,0.0,0.01749710806343385,-17.95075225830078,0
1M27,11,14.555137634277344,9.323062896728516,42.37748336791992,0.0,0.021302826541346076,-21.394733428955078,0
1M27,12,14.216218948364258,11.99239444732666,40.180320739746094,0.0,0.01941291630232867,-17.779111862182617,0
1M27,13,9.272856712341309,9.988035202026367,30.736209869384766,0.0,0.031033744098481655,-19.28917694091797,0
1M27,14,9.677743911743164,10.662030220031738,32.102073669433594,0.0,0.028307970067318194,-21.06371307373047,0
1KKL,0,24.53650665283203,28.515432357788086,73.5059814453125,0.0,0.005318294277021761,-15.090347290039062,3
1KKL,1,11.30054759979248,13.981217384338379,37.519771575927734,0.0,0.020065864389195952,-15.394072532653809,0
1KKL,2,19.710460662841797,27.60797691345215,61.12929916381836,0.0,0.00730377298274247,-14.488483428955078,3
1KKL,3,2.9887993335723877,4.666398525238037,7.9563775062561035,0.222222,0.28295717210582816,-18.857288360595703,0
1KKL,4,19.950037002563477,23.82920265197754,60.27792739868164,0.0,0.007814637444614381,-16.19590187072754,0
1KKL,5,3.131695032119751,4.997044086456299,8.317748069763184,0.222222,0.2719053506332427,-20.853187561035156,0
1KKL,6,17.825538635253906,25.258028030395508,54.57229232788086,0.0,0.009066654028808116,-21.02811050415039,0
1KKL,7,18.376127243041992,24.86770248413086,56.24473571777344,0.0,0.008651364371896987,-18.227548599243164,1
1KKL,8,52.37419891357422,77.38319396972656,177.2472381591797,0.0,0.0008900215277340603,0.0,0
1KKL,9,23.735061645507812,27.529218673706055,68.98330688476562,0.0,0.005971922371692321,-16.91691017150879,0
1KKL,10,17.515079498291016,22.98823356628418,54.19829177856445,0.0,0.009415096264750568,-20.362916946411133,0
1KKL,11,8.876022338867188,13.274932861328125,25.235746383666992,0.0,0.038165876548004254,-21.3997859954834,1
1KKL,12,17.175325393676758,23.12820053100586,53.08546447753906,0.0,0.009728643214009965,-25.728078842163086,0
1KKL,13,17.990325927734375,22.521011352539062,55.72089385986328,0.0,0.009052551996207891,-16.273183822631836,11
1KKL,14,16.836597442626953,20.977556228637695,53.025333404541016,0.0,0.010046507243245052,-19.39353370666504,4
1XD3,0,45.95942687988281,56.70240783691406,130.73922729492188,0.0,0.0016361557353964402,0.0,0
1XD3,1,7.9393391609191895,8.663031578063965,16.193374633789062,0.0,0.0817060005743772,-18.97496223449707,0
1XD3,2,7.522204399108887,7.971925258636475,16.53110694885254,0.0,0.0810980937828167,-17.77562713623047,2
1XD3,3,5.41248893737793,5.835891246795654,12.0250825881958,0.090909,0.16201835209614746,-16.50800132751465,1
1XD3,4,6.731029987335205,7.256652355194092,14.257472038269043,0.0,0.1010676867781304,-17.566179275512695,1
1XD3,5,4.759035110473633,5.014214515686035,10.843268394470215,0.045455,0.16940183554643395,-19.11930274963379,0
1XD3,6,10.4277925491333,10.46572208404541,26.537137985229492,0.0,0.03772597772584177,-22.068769454956055,0
1XD3,7,3.6943609714508057,4.406548500061035,7.971604347229004,0.0,0.21196251812454056,-20.12397003173828,0
1XD3,8,19.289152145385742,17.09982681274414,56.909156799316406,0.0,0.009819306653410959,-15.802898406982422,2
1XD3,9,5.529358386993408,5.660759925842285,12.783645629882812,0.045455,0.1392114768743545,-18.486059188842773,0
1XD3,10,3.107895612716675,3.171562671661377,8.238555908203125,0.0,0.23280378919226422,-19.03356170654297,0
1XD3,11,52.08131790161133,59.27486038208008,126.761474609375,0.0,0.0017054105061559066,0.0,0
1XD3,12,5.9813714027404785,6.386642932891846,12.919740676879883,0.0,0.11812155859204411,-17.18560028076172,1
1XD3,13,20.257205963134766,18.229963302612305,58.28165054321289,0.0,0.009184046895335857,-17.245723724365234,0
1XD3,14,4.829728126525879,4.971007823944092,10.747505187988281,0.181818,0.2166913980023614,-20.06818199157715,1
1CLV,0,8.916780471801758,17.300891876220703,37.71683120727539,0.0,0.018598285283336395,-19.988969802856445,2
1CLV,1,4.648349761962891,10.067471504211426,19.559770584106445,0.0,0.06018875201665103,-18.774024963378906,2
1CLV,2,8.582954406738281,16.40879249572754,36.31607437133789,0.0,0.020074794769276032,-15.293920516967773,7
1CLV,3,5.210587501525879,11.263603210449219,22.035470962524414,0.0,0.04898324947164443,-18.02223777770996,4
1CLV,4,3.768207311630249,8.767545700073242,15.36300277709961,0.0,0.08760297434871689,-22.996492385864258,0
1CLV,5,5.370279312133789,10.874748229980469,23.007497787475586,0.0,0.046256014487809916,-18.008893966674805,0
1CLV,6,4.717844009399414,10.295394897460938,19.899168014526367,0.0,0.058363894554696476,-16.89450454711914,1
1CLV,7,10.376666069030762,20.00994300842285,42.87761688232422,0.0,0.014466861516310901,-14.84516429901123,14
1CLV,8,10.742676734924316,19.53846549987793,44.688777923583984,0.0,0.013591305547901576,-15.984070777893066,18
1CLV,9,4.379392147064209,9.063838005065918,18.579010009765625,0.0,0.06658028082493968,-20.19786834716797,6
1CLV,10,7.419444561004639,14.477824211120605,31.161205291748047,0.0,0.026624569741136125,-14.71039867401123,29
1CLV,11,7.886074066162109,14.905696868896484,32.69699478149414,0.0,0.02444266625331871,-14.203482627868652,18
1CLV,12,5.543463230133057,10.85632610321045,23.984397888183594,0.0,0.0434385457248167,-19.538801193237305,1
1CLV,13,4.9450531005859375,10.37358570098877,20.333248138427734,0.0,0.05641250359080253,-17.956167221069336,4
1CLV,14,2.0768849849700928,4.436823844909668,8.561968803405762,0.2,0.2663139859720729,-19.59312629699707,0
1PXV,0,14.774344444274902,13.146135330200195,28.98754119873047,0.0,0.030675876693087464,-17.101009368896484,0
1PXV,1,12.714001655578613,11.388823509216309,26.825050354003906,0.0,0.03609839267417684,-17.56239128112793,0
1PXV,2,15.85006046295166,15.521832466125488,34.72686767578125,0.0,0.02192569113872596,-17.996007919311523,1
1PXV,3,16.737579345703125,14.010750770568848,38.187957763671875,0.0,0.0195122419271279,-15.418457984924316,0
1PXV,4,13.782423973083496,12.214475631713867,27.789445877075195,0.0,0.03347009390073897,-15.242002487182617,0
1PXV,5,15.298320770263672,13.761792182922363,30.86925506591797,0.0,0.02740589785217989,-15.387356758117676,0
1PXV,6,15.285524368286133,13.97131633758545,37.6651611328125,0.0,0.0199518727715224,-15.613847732543945,1
1PXV,7,16.684255599975586,15.269283294677734,35.303157806396484,0.0,0.02145088650254998,-15.428821563720703,0
1PXV,8,13.838347434997559,12.182991027832031,28.43671417236328,0.0,0.032317157309368814,-15.13969898223877,0
1PXV,9,13.845084190368652,11.710399627685547,24.236865997314453,0.0,0.041888678413770856,-19.485504150390625,0
1PXV,10,12.839539527893066,9.413342475891113,33.29993438720703,0.081081,0.05567134628780651,-20.39765167236328,2
1PXV,11,14.227561950683594,12.936338424682617,34.20512390136719,0.0,0.023809213223160014,-16.286832809448242,0
1PXV,12,15.031902313232422,12.464240074157715,30.821796417236328,0.0,0.028318194525448273,-15.584129333496094,1
1PXV,13,15.941303253173828,13.85583782196045,33.47777557373047,0.0,0.02404832636162414,-14.872583389282227,0
1PXV,14,11.507112503051758,9.952960968017578,35.2093391418457,0.0,0.025759848656486835,-16.646188735961914,0
6OC3,0,7.975249767303467,7.019382476806641,16.346832275390625,0.0,0.08550111146035567,-13.418354034423828,8
6OC3,1,11.703429222106934,7.094692707061768,28.538341522216797,0.0,0.04142374659419198,-13.69390869140625,8
6OC3,2,15.736963272094727,7.753424644470215,41.293880462646484,0.0,0.025575352458455578,-13.711652755737305,12
6OC3,3,23.87629508972168,15.752720832824707,62.639183044433594,0.0,0.00902221403366465,-13.395624160766602,15
6OC3,4,14.192462921142578,8.752595901489258,34.427650451660156,0.0,0.028662330405682206,-18.098003387451172,1
6OC3,5,16.201940536499023,9.355355262756348,39.814998626708984,0.0,0.02288448929103303,-17.27847671508789,3
6OC3,6,18.42660903930664,10.046000480651855,50.36954116821289,0.0,0.01649906764929042,-12.521078109741211,5
6OC3,7,13.071770668029785,12.138283729553223,24.306154251098633,0.0,0.04133641577200634,-16.53666877746582,0
6OC3,8,16.139598846435547,11.96217155456543,34.154762268066406,0.0,0.024601079261884137,-15.511579513549805,8
6OC3,9,12.73637580871582,10.210161209106445,26.99823760986328,0.0,0.03710319864575821,-15.174995422363281,3
6OC3,10,23.157201766967773,14.747527122497559,54.17938232421875,0.0,0.01142047594666454,-12.652453422546387,39
6OC3,11,18.605077743530273,10.419402122497559,47.23945999145508,0.0,0.01722176937911096,-18.248966217041016,0
6OC3,12,17.301679611206055,9.509109497070312,48.39860916137695,0.0,0.018066693244468163,-14.560983657836914,4
6OC3,13,14.730237007141113,7.407328128814697,38.21209716796875,0.111111,0.06588353529473763,-15.605384826660156,9
6OC3,14,16.578414916992188,13.728283882141113,31.503496170043945,0.0,0.02655195315034135,-17.400365829467773,0
3WD5,0,7.578307151794434,6.87392520904541,15.519669532775879,0.0,0.09206774628412744,-16.81691551208496,6
3WD5,1,20.7916316986084,12.727855682373047,62.65528106689453,0.0,0.010590201351973333,-15.643418312072754,17
3WD5,2,26.68123435974121,20.527395248413086,64.5041275024414,0.0,0.007459818850342658,-15.348494529724121,9
3WD5,3,28.99761390686035,20.502883911132812,69.00096893310547,0.0,0.006757357925555052,-17.17209243774414,14
3WD5,4,27.909805297851562,19.94263458251953,64.40898895263672,0.0,0.007581106532155517,-17.374086380004883,15
3WD5,5,30.97957992553711,19.59164047241211,68.23477935791016,0.0,0.007036104947549689,-17.546125411987305,8
3WD5,6,27.95370864868164,19.26607894897461,77.07921600341797,0.0,0.006013306390145212,-14.09737491607666,18
3WD5,7,26.771272659301758,19.97077178955078,77.32579040527344,0.0,0.005849654306063336,-15.345321655273438,13
3WD5,8,26.8907470703125,19.47884178161621,61.524497985839844,0.0,0.008208247833102545,-15.551738739013672,16
3WD5,9,30.424772262573242,18.828134536743164,69.58206176757812,0.0,0.0070033701845661584,-14.891209602355957,29
3WD5,10,29.733556747436523,19.266794204711914,62.904144287109375,0.0,0.00798547806355757,-17.956289291381836,18
3WD5,11,23.739784240722656,16.414440155029297,62.51567077636719,0.0,0.008810952496454041,-15.797013282775879,11
3WD5,12,28.488187789916992,18.78508949279785,61.439605712890625,0.0,0.00837207225031634,-16.68185043334961,9
3WD5,13,28.65029525756836,21.085813522338867,65.44649505615234,0.0,0.007207787503429687,-15.948945999145508,12
3WD5,14,15.922972679138184,11.421422958374023,29.07489776611328,0.166667,0.08745357290350438,-13.909400939941406,25
4M5Z,0,9.450976371765137,9.425037384033203,18.425832748413086,0.0,0.06672297613941955,-13.943413734436035,5
4M5Z,1,22.019594192504883,16.882999420166016,55.7095947265625,0.0,0.010194011582710544,-15.091816902160645,5
4M5Z,2,9.334131240844727,6.156580924987793,22.92307472229004,0.090909,0.08927350400319312,-12.562013626098633,16
4M5Z,3,10.545389175415039,9.783039093017578,20.212007522583008,0.0,0.05774906030495126,-14.169743537902832,15
4M5Z,4,7.053224086761475,6.873478412628174,15.144265174865723,0.090909,0.12530836317059055,-16.131816864013672,5
4M5Z,5,13.164932250976562,13.275986671447754,24.42784309387207,0.0,0.04020228157494441,-16.38088035583496,13
4M5Z,6,11.326004028320312,10.3211030960083,22.11754035949707,0.0,0.04979094205790494,-14.926132202148438,1
4M5Z,7,14.498473167419434,14.510236740112305,26.70195960998535,0.0,0.03419433346359702,-16.295347213745117,4
4M5Z,8,21.399433135986328,16.509740829467773,63.567466735839844,0.0,0.008584357808753372,-14.063284873962402,2
4M5Z,9,9.82726764678955,7.383678913116455,21.078855514526367,0.363636,0.1810452952767374,-12.958014488220215,19
4M5Z,10,14.724903106689453,13.300668716430664,30.815988540649414,0.0,0.02775403847381644,-14.753689765930176,8
4M5Z,11,21.55459213256836,14.29031753540039,57.69363021850586,0.0,0.010714265769136158,-15.466005325317383,12
4M5Z,12,4.110789775848389,3.5575876235961914,8.39293098449707,0.181818,0.27969913927064444,-18.577022552490234,0
4M5Z,13,21.461498260498047,13.142207145690918,56.50116729736328,0.0,0.011663551726389375,-14.908111572265625,7
4M5Z,14,28.874643325805664,19.97760772705078,67.36485290527344,0.0,0.007092511348561742,-14.361876487731934,17
1HE1,0,9.555831909179688,9.003761291503906,21.434865951538086,0.0,0.05429635635442868,-14.02943229675293,2
1HE1,1,15.426065444946289,12.538835525512695,44.27616500854492,0.0,0.01655137600559793,-15.742045402526855,4
1HE1,2,12.371709823608398,11.365041732788086,34.974945068359375,0.0,0.02429718411428623,-14.807441711425781,5
1HE1,3,16.831043243408203,14.869543075561523,40.05698776245117,0.0,0.017720478428760882,-14.027881622314453,1
1HE1,4,11.415258407592773,10.41736125946045,26.874675750732422,0.0,0.0370833341423706,-14.556825637817383,4
1HE1,5,14.239250183105469,11.077197074890137,30.901390075683594,0.0,0.02944904199849888,-17.086366653442383,2
1HE1,6,12.949722290039062,10.05831241607666,36.26787567138672,0.0,0.024608003170719334,-15.358911514282227,9
1HE1,7,17.261615753173828,14.939821243286133,37.6580696105957,0.0,0.01948589325069561,-15.269234657287598,0
1HE1,8,7.438221454620361,5.739802837371826,17.562969207763672,0.333333,0.195679990910677,-15.900425910949707,3
1HE1,9,7.44284725189209,5.6295366287231445,16.975414276123047,0.111111,0.1259548999361929,-14.188919067382812,2
1HE1,10,11.366498947143555,9.707063674926758,22.716997146606445,0.0,0.048710198098741275,-14.492935180664062,3
1HE1,11,8.231087684631348,7.866262435913086,17.0639591217041,0.0,0.07796235376637513,-16.648967742919922,1
1HE1,12,6.624149322509766,6.8182573318481445,17.629716873168945,0.0,0.07825962608656374,-14.019832611083984,5
1HE1,13,7.281765460968018,6.575324535369873,13.0833740234375,0.0,0.1154244556132879,-16.172616958618164,0
1HE1,14,14.367497444152832,13.282707214355469,26.56545639038086,0.0,0.03515393744567374,-13.025086402893066,3
1EAW,0,5.523384094238281,6.077151298522949,17.53229522705078,0.0,0.08258028845590103,-29.892498016357422,0
1EAW,1,7.354597091674805,9.359999656677246,20.56233024597168,0.0,0.05699371274102344,-18.413984298706055,2
1EAW,2,4.494396686553955,4.842259407043457,12.985135078430176,0.0,0.12917312441746737,-26.82870864868164,0
1EAW,3,3.956322193145752,3.6565511226654053,12.531523704528809,0.0,0.15304903954942448,-21.68670654296875,0
1EAW,4,7.752945423126221,8.029224395751953,24.526878356933594,0.0,0.04698288177485404,-20.20241928100586,4
1EAW,5,5.542769908905029,6.9832353591918945,14.32679557800293,0.0,0.10148596760618274,-19.17765235900879,1
1EAW,6,5.5770745277404785,6.899340629577637,14.610824584960938,0.0,0.09933301675513156,-21.84229278564453,0
1EAW,7,9.139291763305664,8.931279182434082,28.7045841217041,0.0,0.03601698970668638,-29.785846710205078,1
1EAW,8,7.574919700622559,8.11874008178711,23.835756301879883,0.0,0.04860998388019682,-18.413827896118164,1
1EAW,9,8.121098518371582,9.148612022399902,24.577333450317383,0.0,0.04433697347145885,-23.831043243408203,0
1EAW,10,7.141274452209473,6.716164588928223,23.653705596923828,0.0,0.0539589496862645,-24.37807846069336,2
1EAW,11,5.993842601776123,7.194813251495361,14.688568115234375,0.0,0.0975064592347449,-18.978469848632812,2
1EAW,12,7.926141262054443,7.285362720489502,25.54029655456543,0.0,0.04679460084871192,-31.843645095825195,0
1EAW,13,8.411829948425293,8.844184875488281,27.37409210205078,0.0,0.0386333363451792,-19.497638702392578,1
1EAW,14,6.8280720710754395,8.264206886291504,21.479230880737305,0.0,0.05576425369813959,-12.145828247070312,1
1AKJ,0,17.67763900756836,20.62110710144043,35.81640625,0.0,0.01952729354108207,-18.52002716064453,1
1AKJ,1,26.69559669494629,33.199459075927734,63.22666931152344,0.0,0.006596550498021524,-21.339244842529297,0
1AKJ,2,28.293928146362305,30.968889236450195,63.93097686767578,0.0,0.0065702459153205925,-19.252079010009766,2
1AKJ,3,18.48224449157715,17.46196174621582,35.13779067993164,0.0,0.020869273486671388,-17.722627639770508,2
1AKJ,4,28.039384841918945,31.40986442565918,62.85688018798828,0.0,0.006744530698776331,-17.654998779296875,8
1AKJ,5,27.74819564819336,30.487102508544922,65.3341293334961,0.0,0.006353102972227548,-20.753093719482422,2
1AKJ,6,15.322175979614258,18.49376106262207,33.77488708496094,0.0,0.02203299795260417,-17.673826217651367,0
1AKJ,7,18.848194122314453,21.301979064941406,37.47404861450195,0.0,0.017955145163035546,-15.756542205810547,5
1AKJ,8,28.469253540039062,31.939868927001953,64.86480712890625,0.0,0.006360914741240807,-17.756521224975586,4
1AKJ,9,26.152021408081055,25.226512908935547,62.32450485229492,0.0,0.007261279842258647,-21.61735725402832,1
1AKJ,10,28.81614875793457,31.76715087890625,65.4267578125,0.0,0.0062742414696651564,-18.76723289489746,7
1AKJ,11,25.10025978088379,31.645408630371094,61.00562286376953,0.0,0.00709509780832233,-22.963199615478516,4
1AKJ,12,15.193740844726562,15.876914024353027,35.1651725769043,0.0,0.021349492850864127,-16.56380844116211,6
1AKJ,13,27.977632522583008,30.189172744750977,61.83462905883789,0.0,0.0070028122491917815,-20.11638641357422,8
1AKJ,14,28.262638092041016,30.782041549682617,64.57207489013672,0.0,0.006467270471729709,-19.794185638427734,5
3L5W,0,9.44355583190918,12.910120964050293,21.982160568237305,0.0,0.04779697671786188,-18.14242935180664,3
3L5W,1,10.603340148925781,10.668724060058594,26.508831024169922,0.0,0.03753807192574412,-14.58436107635498,52
3L5W,2,9.926952362060547,8.627555847167969,23.893531799316406,0.0,0.0472261597539515,-16.79071044921875,18
3L5W,3,9.614189147949219,11.9503173828125,22.300975799560547,0.0,0.047452627496959776,-16.06819725036621,4
3L5W,4,23.91280746459961,13.055214881896973,62.726646423339844,0.0,0.010353568783818691,-13.796585083007812,42
3L5W,5,10.197583198547363,10.455175399780273,24.33539581298828,0.0,0.042967687599084835,-16.729055404663086,9
3L5W,6,9.457661628723145,12.650806427001953,21.994443893432617,0.0,0.04793618856177578,-17.309070587158203,4
3L5W,7,9.352612495422363,12.60285758972168,21.719030380249023,0.0,0.048929590736275806,-17.896129608154297,2
3L5W,8,17.77008819580078,17.861919403076172,49.53507995605469,0.0,0.0118685558405325,-15.106493949890137,7
3L5W,9,9.680593490600586,11.236668586730957,22.650951385498047,0.0,0.046981891717336334,-17.946779251098633,4
3L5W,10,9.521270751953125,12.4750337600708,22.092256546020508,0.0,0.047732110071399554,-17.40502166748047,5
3L5W,11,8.074182510375977,9.280935287475586,18.830209732055664,0.0,0.06490966582174604,-19.019704818725586,2
3L5W,12,16.854747772216797,8.773669242858887,42.16536331176758,0.0,0.022483274177151433,-15.083513259887695,66
3L5W,13,9.582840919494629,10.74262809753418,22.406578063964844,0.0,0.048309383990459975,-17.17165184020996,1
3L5W,14,9.831833839416504,11.466300010681152,23.144922256469727,0.0,0.04522330417655799,-16.858484268188477,6
2O8V,0,18.99703025817871,17.270763397216797,60.2984733581543,0.0,0.008990289992165952,-13.089616775512695,0
2O8V,1,22.17173957824707,21.20313835144043,68.7616195678711,0.0,0.006676874019094303,-15.615891456604004,3
2O8V,2,22.753681182861328,20.49959373474121,67.33267211914062,0.0,0.007003974683754781,-14.144343376159668,0
2O8V,3,18.837589263916016,19.642480850219727,60.80826950073242,0.0,0.008320934807531011,-17.50411033630371,3
2O8V,4,19.439971923828125,19.5463809967041,63.35137176513672,0.0,0.007846164624802766,-18.74032211303711,1
2O8V,5,14.127629280090332,11.269623756408691,43.53287887573242,0.0,0.018043946998521913,-14.006359100341797,2
2O8V,6,19.878793716430664,19.31692886352539,62.3592529296875,0.0,0.008078129639182623,-17.692882537841797,0
2O8V,7,18.681657791137695,19.344236373901367,62.015655517578125,0.0,0.008138842358339095,-18.600910186767578,1
2O8V,8,20.428863525390625,20.308137893676758,63.44350814819336,0.0,0.007686478418746372,-17.017812728881836,3
2O8V,9,13.773021697998047,11.019065856933594,38.184600830078125,0.0,0.02180204938318446,-17.152334213256836,0
2O8V,10,15.367737770080566,13.300241470336914,42.27827453613281,0.0,0.017136619542994176,-14.393918991088867,0
2O8V,11,19.045019149780273,19.945762634277344,60.17140197753906,0.0,0.008396224716494137,-16.880159378051758,1
2O8V,12,13.435996055603027,12.788966178894043,34.66504669189453,0.0,0.02342828324403178,-15.575174331665039,0
2O8V,13,8.376126289367676,8.586445808410645,16.497459411621094,0.047619,0.09566949713374306,-18.35599136352539,0
2O8V,14,11.328139305114746,9.389458656311035,35.61064529418945,0.0,0.026263066712694346,-15.228986740112305,0
3PC8,0,11.012250900268555,10.670165061950684,34.04559326171875,0.0,0.02601825426384809,-16.91274070739746,0
3PC8,1,10.75417423248291,8.861615180969238,40.01437759399414,0.0,0.02367653386492213,-15.160429954528809,2
3PC8,2,10.514155387878418,10.89765739440918,35.20478820800781,0.0,0.024559307087930565,-16.323856353759766,0
3PC8,3,16.438756942749023,13.72170639038086,51.84060287475586,0.0,0.012663079960830206,-16.984453201293945,2
3PC8,4,4.980802059173584,3.7429726123809814,13.59143352508545,0.0,0.13984373547788317,-24.764436721801758,0
3PC8,5,8.577301025390625,6.918206214904785,17.483854293823242,0.2,0.1453567206740424,-20.809926986694336,0
3PC8,6,9.682341575622559,7.884361267089844,18.191829681396484,0.0,0.0713751604645743,-18.86363410949707,0
3PC8,7,4.066065788269043,3.8173935413360596,8.509581565856934,0.0,0.21106206364660318,-23.28460693359375,0
3PC8,8,13.033018112182617,12.29042911529541,38.755435943603516,0.0,0.020190667054939434,-20.188390731811523,0
3PC8,9,14.629232406616211,13.06182861328125,53.97404861450195,0.0,0.012405644819271618,-18.35984992980957,2
3PC8,10,3.73390793800354,3.5967562198638916,7.639764785766602,0.8,0.5004348408112583,-29.072763442993164,1
3PC8,11,67.33356475830078,82.52452087402344,166.3092498779297,0.0,0.0009785529620615072,0.0,0
3PC8,12,5.148207664489746,4.2999677658081055,13.921208381652832,0.0,0.12668430630916086,-30.12444305419922,0
3PC8,13,5.970101356506348,4.496769428253174,17.78717803955078,0.0,0.09534568308021063,-22.22347640991211,0
3PC8,14,16.264039993286133,14.189343452453613,53.55716323852539,0.0,0.011873803876181288,-17.761951446533203,0
1JPS,0,26.669227600097656,11.499284744262695,50.74089813232422,0.0,0.014675623039272057,-14.449888229370117,57
1JPS,1,13.455007553100586,16.55002784729004,37.78749465942383,0.0,0.018769887926969774,-12.345658302307129,11
1JPS,2,17.03034782409668,15.88068962097168,32.802734375,0.0,0.023921168550078854,-17.157711029052734,5
1JPS,3,19.756330490112305,19.507003784179688,39.11955261230469,0.0,0.016987147653288317,-16.27634620666504,3
1JPS,4,23.42996597290039,18.998764038085938,42.096866607666016,0.0,0.015122531330433507,-14.446161270141602,5
1JPS,5,21.854644775390625,21.3609561920166,41.665977478027344,0.0,0.014953815264427869,-20.440866470336914,0
1JPS,6,23.026472091674805,20.838619232177734,53.57402801513672,0.0,0.009903075478488428,-17.70343589782715,13
1JPS,7,22.789613723754883,18.430498123168945,41.43122100830078,0.0,0.015656841940482575,-15.753663063049316,6
1JPS,8,20.15671157836914,17.945480346679688,44.76878356933594,0.0,0.013910818064221042,-17.37847137451172,4
1JPS,9,15.706527709960938,15.61662483215332,32.2965202331543,0.0,0.024640480431745646,-15.086976051330566,4
1JPS,10,18.75366973876953,17.672975540161133,35.12561798095703,0.0,0.020823797724570138,-18.59869956970215,3
1JPS,11,19.89272117614746,20.954397201538086,40.8244743347168,0.0,0.015549232255117977,-15.631460189819336,5
1JPS,12,21.279911041259766,22.320964813232422,58.66489791870117,0.0,0.0083524637706431,-14.331814765930176,24
1JPS,13,23.56322479248047,20.669221878051758,42.97770690917969,0.0,0.014294111709063763,-16.091630935668945,0
1JPS,14,16.057708740234375,14.47451114654541,31.73155403137207,0.0,0.02585884305996981,-17.007190704345703,4
4M3K,0,15.067946434020996,13.60346794128418,30.386606216430664,0.0,0.028194047892481616,-15.711153984069824,3
4M3K,1,15.307839393615723,13.560165405273438,32.32086181640625,0.0,0.02559237135302217,-15.524303436279297,7
4M3K,2,16.226572036743164,13.632474899291992,31.997310638427734,0.0,0.025959642939605742,-13.467402458190918,8
4M3K,3,12.907550811767578,13.262425422668457,33.08303451538086,0.0,0.024851735899172864,-16.3344783782959,0
4M3K,4,15.90937328338623,13.463142395019531,30.788496017456055,0.0,0.027693966069238223,-14.14370346069336,9
4M3K,5,16.02819061279297,13.340632438659668,28.975168228149414,0.0,0.030574178718023436,-14.6271333694458,9
4M3K,6,14.436247825622559,12.542625427246094,26.375186920166016,0.0,0.03606277744198256,-18.644786834716797,2
4M3K,7,11.86436653137207,12.422527313232422,31.6155948638916,0.0,0.027260290055707143,-17.469280242919922,0
4M3K,8,16.359054565429688,13.38440227508545,28.611223220825195,0.0,0.03116872905808463,-15.739789009094238,6
4M3K,9,14.756701469421387,14.352346420288086,34.0683479309082,0.0,0.02313546951370254,-15.966904640197754,8
4M3K,10,13.942171096801758,12.102788925170898,26.77724266052246,0.0,0.03555617959858819,-14.468588829040527,6
4M3K,11,12.453232765197754,12.084245681762695,35.83019256591797,0.0,0.022817912796216252,-15.16298770904541,0
4M3K,12,14.84909725189209,14.140884399414062,38.69989776611328,0.0,0.019049297126714094,-14.346270561218262,10
4M3K,13,13.80929183959961,13.652167320251465,31.510974884033203,0.0,0.02658539476602331,-16.86805534362793,12
4M3K,14,14.31879997253418,14.584732055664062,52.91889190673828,0.0,0.011872587360478241,-13.224080085754395,2
1HCF,0,13.2301607131958,15.417747497558594,33.37059783935547,0.0,0.023434536070816626,-13.713268280029297,8
1HCF,1,20.537860870361328,17.505531311035156,53.78129959106445,0.0,0.010553015858891929,-15.86072826385498,7
1HCF,2,16.158174514770508,15.469003677368164,45.667537689208984,0.0,0.014266268397999868,-15.249100685119629,11
1HCF,3,13.786500930786133,15.354292869567871,31.56625747680664,0.666667,0.24790915514191392,-14.806763648986816,9
1HCF,4,12.044918060302734,12.508222579956055,28.664148330688477,0.555555,0.2168530957861763,-14.9768705368042,7
1HCF,5,20.487075805664062,20.74247169494629,56.2003288269043,0.0,0.009188566128479781,-13.586344718933105,14
1HCF,6,66.05120849609375,82.34549713134766,176.26124572753906,0.0,0.0008839521631202911,0.0,0
1HCF,7,3.074453353881836,4.149500846862793,7.218172073364258,0.555555,0.41737969434083605,-14.97218132019043,13
1HCF,8,12.022655487060547,12.598444938659668,30.642337799072266,0.0,0.028475749746271314,-16.446603775024414,5
1HCF,9,6.664629936218262,6.9048686027526855,14.843769073486328,0.333333,0.20844443347017094,-13.80502700805664,14
1HCF,10,22.72112274169922,20.381105422973633,55.552734375,0.0,0.009421081703368969,-14.862789154052734,11
1HCF,11,16.872465133666992,18.47891616821289,46.46265411376953,0.0,0.012976730159455108,-13.862846374511719,11
1HCF,12,21.6210880279541,20.454647064208984,57.92959976196289,0.0,0.008808281412851728,-13.375510215759277,9
1HCF,13,51.85256576538086,62.20748519897461,114.99650573730469,0.0,0.0020049581846029976,0.0,0
1HCF,14,11.132852554321289,13.208702087402344,23.974855422973633,0.666667,0.2636869070312832,-15.062493324279785,9
1A2K,0,17.11985969543457,17.835308074951172,32.72575378417969,0.0,0.02340733910332893,-18.38788604736328,3
1A2K,1,16.51572036743164,16.136791229248047,32.8780403137207,0.0,0.023739190176248832,-21.427234649658203,4
1A2K,2,17.6845760345459,17.32716178894043,32.294681549072266,0.0,0.02407509546326698,-19.27813148498535,5
1A2K,3,18.417858123779297,15.16123104095459,32.548118591308594,0.0,0.024513170955756506,-24.470876693725586,0
1A2K,4,16.703338623046875,17.305274963378906,32.54009246826172,0.0,0.02377754172040784,-19.020793914794922,2
1A2K,5,18.79465103149414,15.133286476135254,34.798213958740234,0.0,0.022011699291760375,-21.883020401000977,2
1A2K,6,16.936017990112305,17.065095901489258,32.3709831237793,0.0,0.024056119351654137,-18.847627639770508,4
1A2K,7,18.529829025268555,14.61166763305664,34.20877456665039,0.0,0.022859348704663496,-23.236804962158203,3
1A2K,8,18.276172637939453,16.80621910095215,33.14584732055664,0.0,0.023202634351846968,-19.876508712768555,1
1A2K,9,16.35396957397461,14.351136207580566,30.72514533996582,0.0,0.027299648240297153,-22.258522033691406,5
1A2K,10,18.796812057495117,15.537704467773438,33.864891052246094,0.0,0.022833250899308554,-22.616809844970703,3
1A2K,11,16.92308235168457,17.625446319580078,33.70140075683594,0.0,0.022332849513012797,-18.75905990600586,7
1A2K,12,16.73754119873047,16.343698501586914,31.65543556213379,0.0,0.02520166273671823,-19.72882080078125,3
1A2K,13,16.856948852539062,16.745315551757812,31.772951126098633,0.0,0.02491629342843982,-19.245285034179688,2
1A2K,14,18.404037475585938,14.380456924438477,33.238712310791016,0.0,0.02404824853408277,-23.260116577148438,1
6BPC,0,18.790056228637695,16.28430938720703,33.4832649230957,0.0,0.022985276951614193,-17.19190216064453,4
6BPC,1,26.592805862426758,13.828804969787598,57.772151947021484,0.0,0.010939079672999319,-16.424501419067383,5
6BPC,2,15.299470901489258,14.354121208190918,27.577180862426758,0.0,0.03252094796633723,-15.377447128295898,0
6BPC,3,19.9475154876709,17.873756408691406,35.773887634277344,0.0,0.020144050441170274,-17.16969871520996,1
6BPC,4,22.999731063842773,17.89540672302246,42.08831024169922,0.0,0.015388285425720289,-18.32263946533203,3
6BPC,5,22.192960739135742,16.406999588012695,45.43484115600586,0.0,0.01403498081332597,-15.222230911254883,3
6BPC,6,20.508153915405273,17.756412506103516,36.27387619018555,0.0,0.019712459300767926,-15.699701309204102,2
6BPC,7,22.607484817504883,17.168777465820312,39.23319625854492,0.0,0.017469835731745754,-16.688703536987305,0
6BPC,8,15.044705390930176,11.332594871520996,30.824481964111328,0.0,0.029295027198956793,-15.414750099182129,55
6BPC,9,22.366701126098633,14.790706634521484,46.8265495300293,0.0,0.014026366924470096,-14.661718368530273,9
6BPC,10,22.82987403869629,15.697688102722168,47.202720642089844,0.0,0.013485512473511629,-14.908957481384277,5
6BPC,11,20.49997901916504,13.24258041381836,40.72821807861328,0.0,0.018135250441038975,-14.031763076782227,14
6BPC,12,20.344314575195312,16.107852935791016,36.60456085205078,0.0,0.01992018273472097,-18.21331787109375,0
6BPC,13,14.417922019958496,11.739313125610352,33.6264762878418,0.0,0.025374355526290013,-12.54734992980957,20
6BPC,14,18.991546630859375,15.448604583740234,36.94487380981445,0.0,0.01987063073401609,-18.613628387451172,0
1FFW,0,14.181427955627441,12.026521682739258,42.78936004638672,0.0,0.017760221827517946,-24.372953414916992,0
1FFW,1,15.332759857177734,17.49260711669922,45.37957763671875,0.0,0.013731633857924025,-21.785947799682617,0
1FFW,2,3.2892143726348877,3.332118511199951,8.739227294921875,0.2,0.284875681038628,-22.756505966186523,0
1FFW,3,7.229091644287109,6.789127826690674,18.564048767089844,0.0,0.07328564307490942,-16.627174377441406,0
1FFW,4,6.374513626098633,5.79562520980835,14.811609268188477,0.0,0.10350750759665611,-19.530447006225586,0
1FFW,5,7.692086219787598,7.894000053405762,25.443265914916992,0.0,0.0450833704706411,-18.21103858947754,2
1FFW,6,13.517355918884277,13.356264114379883,43.09767150878906,0.0,0.016632523447395714,-20.669769287109375,0
1FFW,7,7.610620975494385,6.933180332183838,15.62768268585205,0.0,0.0910037294863087,-18.2072696685791,0
1FFW,8,5.5133748054504395,5.238337993621826,12.335563659667969,0.0,0.1325763913422958,-20.119300842285156,0
1FFW,9,10.408690452575684,8.590044021606445,31.168737411499023,0.0,0.032937447356321675,-17.46614646911621,0
1FFW,10,3.400444984436035,3.216371774673462,7.562598705291748,0.4,0.3789342719239415,-21.228496551513672,0
1FFW,11,12.99433422088623,12.588044166564941,44.816673278808594,0.0,0.01624098627493229,-19.717905044555664,0
1FFW,12,2.8003458976745605,2.8521745204925537,7.284201622009277,0.2,0.3310775722182094,-22.47105598449707,0
1FFW,13,14.660689353942871,11.937835693359375,44.69780349731445,0.0,0.016814573757257135,-19.280847549438477,0
1FFW,14,3.1528735160827637,2.8907713890075684,7.021501064300537,0.2,0.33551041831106226,-20.82294464111328,0
1SYX,0,17.012426376342773,17.565149307250977,48.55002975463867,0.0,0.012326714523661702,-21.51750946044922,0
1SYX,1,11.17308235168457,9.25600528717041,34.39048767089844,0.0,0.02772071501893801,-18.840606689453125,0
1SYX,2,18.3518123626709,15.83585262298584,57.81890869140625,0.0,0.010015793283219715,-13.71904468536377,0
1SYX,3,9.558003425598145,7.40504264831543,30.460861206054688,0.0,0.03721896813230523,-21.715604782104492,1
1SYX,4,12.911192893981934,11.81323528289795,33.925167083740234,0.0,0.024978371569218377,-18.378190994262695,0
1SYX,5,18.648218154907227,15.379293441772461,56.67326354980469,0.0,0.010474356426366451,-17.248594284057617,0
1SYX,6,7.404672145843506,6.557323932647705,25.60304832458496,0.0,0.049667270921550426,-18.248804092407227,0
1SYX,7,10.439454078674316,8.17121410369873,32.37867736816406,0.0,0.032357525493650445,-19.541378021240234,0
1SYX,8,8.818822860717773,11.484969139099121,26.36702537536621,0.0,0.03697072982609322,-16.93389129638672,0
1SYX,9,7.08457612991333,6.5473761558532715,23.22130584716797,0.0,0.05600840569533344,-19.892610549926758,0
1SYX,10,15.269438743591309,11.598499298095703,47.792240142822266,0.0,0.015704068067203144,-20.187942504882812,0
1SYX,11,7.0895161628723145,5.9770917892456055,23.539756774902344,0.0,0.058198553584584874,-18.98344612121582,0
1SYX,12,17.987409591674805,15.437150001525879,54.96200180053711,0.0,0.010904001379107013,-20.064476013183594,0
1SYX,13,18.166698455810547,15.503992080688477,58.64027786254883,0.0,0.009950732544631096,-16.681697845458984,0
1SYX,14,17.27425765991211,14.502094268798828,54.177608489990234,0.0,0.011536259455019515,-19.360027313232422,0
2A1A,0,11.431262969970703,11.157142639160156,23.193029403686523,0.0,0.04538810165654217,-17.85735511779785,0
2A1A,1,12.997031211853027,11.31430721282959,29.112075805664062,0.0,0.03194184126241816,-16.327709197998047,2
2A1A,2,15.01872730255127,10.969468116760254,37.17088317871094,0.0,0.022682854106390708,-16.225671768188477,0
2A1A,3,11.126221656799316,11.901801109313965,21.97048568725586,0.0,0.0486089765984384,-14.30392074584961,6
2A1A,4,10.83884048461914,12.502277374267578,26.266738891601562,0.0,0.03632764243502527,-15.904122352600098,7
2A1A,5,11.613337516784668,11.546882629394531,22.958303451538086,0.0,0.045715281867887814,-17.78512954711914,3
2A1A,6,11.563250541687012,10.453054428100586,27.770511627197266,0.0,0.035278789017390115,-16.394149780273438,1
2A1A,7,16.059871673583984,13.618793487548828,34.898223876953125,0.0,0.02266256166659282,-15.035163879394531,1
2A1A,8,15.441386222839355,11.953051567077637,34.9034309387207,0.0,0.023829967587336142,-16.17237663269043,0
2A1A,9,17.890117645263672,13.981451034545898,38.012474060058594,0.0,0.01966659043806276,-15.367281913757324,0
2A1A,10,22.027423858642578,17.315052032470703,73.63861846923828,0.0,0.006865797030808409,-16.408740997314453,2
2A1A,11,13.580389976501465,12.104483604431152,38.01863098144531,0.0,0.020910050863466298,-17.529483795166016,1
2A1A,12,11.661001205444336,9.800694465637207,26.48457145690918,0.0,0.038757610361954555,-16.020977020263672,2
2A1A,13,11.231426239013672,11.589466094970703,25.85100555419922,0.0,0.038013855681713046,-15.237725257873535,2
2A1A,14,23.447622299194336,23.414514541625977,78.02019500732422,0.0,0.005272436181980446,-15.469258308410645,0
3R9A,0,19.728797912597656,14.186807632446289,42.25080108642578,0.0,0.016651514475900173,-15.931217193603516,43
3R9A,1,35.463279724121094,19.404211044311523,80.40409088134766,0.0,0.005664194276627582,-12.961503028869629,143
3R9A,2,35.29106521606445,26.764619827270508,94.29289245605469,0.0,0.0037305561088817273,-15.727178573608398,15
3R9A,3,15.537540435791016,11.691088676452637,36.074913024902344,0.0,0.022930715082070743,-17.098417282104492,5
3R9A,4,25.65375328063965,15.048144340515137,67.637451171875,0.0,0.008461925032437308,-14.890398979187012,3
3R9A,5,20.049501419067383,12.25383186340332,47.830055236816406,0.0,0.01512601046796645,-15.584157943725586,31
3R9A,6,22.453876495361328,18.507476806640625,67.15444946289062,0.0,0.007431429839533686,-17.75990867614746,8
3R9A,7,37.8925666809082,23.115447998046875,90.23692321777344,0.0,0.004329403198030726,-12.586167335510254,45
3R9A,8,23.82227897644043,16.284748077392578,66.33358001708984,0.0,0.008189222197793434,-15.97281265258789,37
3R9A,9,26.00782012939453,20.86808204650879,73.3017349243164,0.0,0.006136095054569385,-16.230300903320312,15
3R9A,10,18.917766571044922,11.636322975158691,42.38022232055664,0.0,0.0183387198636285,-13.730939865112305,72
3R9A,11,34.97661590576172,25.42605972290039,91.39469909667969,0.0,0.004014571072362408,-17.78289222717285,6
3R9A,12,26.308496475219727,18.061481475830078,71.05435180664062,0.0,0.0069862178417450125,-14.469518661499023,39
3R9A,13,17.171627044677734,12.31152629852295,38.92369079589844,0.0,0.020048192006374768,-16.680133819580078,10
3R9A,14,17.34162139892578,12.151041984558105,39.48533630371094,0.0,0.019766306883343954,-15.331229209899902,18
3LVK,0,21.73558807373047,26.135099411010742,77.55046844482422,0.0,0.0050513797650807955,-17.485889434814453,0
3LVK,1,20.911863327026367,25.689434051513672,75.1779556274414,0.0,0.005340042503938881,-19.0991153717041,0
3LVK,2,7.811631202697754,11.989248275756836,28.333354949951172,0.0,0.03266016243467503,-20.60191535949707,0
3LVK,3,27.874032974243164,38.714595794677734,100.54015350341797,0.0,0.002865260418860413,-14.462078094482422,0
3LVK,4,21.257427215576172,25.8099422454834,75.82740020751953,0.0,0.005258653912777738,-19.493600845336914,0
3LVK,5,5.751485347747803,9.671891212463379,20.820592880249023,0.0,0.055448501256606664,-22.74563217163086,0
3LVK,6,21.603219985961914,26.422117233276367,77.0718765258789,0.0,0.0050765110454542624,-17.5539608001709,0
3LVK,7,21.121599197387695,26.14361572265625,75.24755096435547,0.0,0.005293479016674318,-16.96207618713379,0
3LVK,8,6.361301898956299,10.177116394042969,23.128475189208984,0.0,0.04675173704368332,-19.74276351928711,0
3LVK,9,21.144329071044922,25.47170639038086,74.8619613647461,0.0,0.005394561902299053,-19.22477149963379,0
3LVK,10,6.490538597106934,10.605062484741211,23.267566680908203,0.0,0.04578515029150262,-20.45840835571289,1
3LVK,11,21.732982635498047,24.560483932495117,77.24211120605469,0.0,0.005226947898519205,-16.789865493774414,1
3LVK,12,6.943350315093994,12.343868255615234,25.25252342224121,0.0,0.0387736249199176,-16.480602264404297,0
3LVK,13,21.521068572998047,25.802480697631836,76.31542205810547,0.0,0.0052072109828963055,-18.545597076416016,0
3LVK,14,4.746811389923096,8.05838394165039,17.703020095825195,0.0,0.07361196048606376,-21.046476364135742,0
2OZA,0,17.309972763061523,16.762134552001953,44.58797836303711,0.018182,0.02039781429712173,-13.216925621032715,18
2OZA,1,10.365889549255371,10.591907501220703,26.729787826538086,0.0,0.03716561987813761,-14.167966842651367,14
2OZA,2,17.809221267700195,17.39832878112793,55.86497497558594,0.0,0.010001602158789733,-12.995016098022461,22
2OZA,3,26.740327835083008,22.801061630249023,39.54977798461914,0.0,0.016153352060738615,-15.914464950561523,2
2OZA,4,21.101911544799805,19.557613372802734,62.76162338256836,0.0,0.0079532317649506,-13.3755464553833,22
2OZA,5,9.470839500427246,10.225188255310059,24.870981216430664,0.0,0.04188434584489958,-13.52229118347168,10
2OZA,6,20.36244773864746,17.644079208374023,43.369407653808594,0.0,0.014722333770847487,-14.472317695617676,15
2OZA,7,10.938474655151367,11.39983081817627,26.684368133544922,0.0,0.03637953072584876,-16.09304428100586,9
2OZA,8,6.9260640144348145,8.413813591003418,21.423791885375977,0.0,0.055603165977855556,-13.60680103302002,5
2OZA,9,25.57398223876953,21.297422409057617,40.09831237792969,0.0,0.015979603376175832,-13.960705757141113,17
2OZA,10,20.98843002319336,16.95995330810547,39.36745834350586,0.0,0.017434684289317378,-13.663081169128418,14
2OZA,11,18.8041934967041,17.469942092895508,57.8544807434082,0.0,0.00948259458475422,-12.7764892578125,14
2OZA,12,21.256628036499023,18.156068801879883,43.44580078125,0.0,0.014548512200317512,-16.26303482055664,11
2OZA,13,26.020065307617188,22.53879737854004,67.2564468383789,0.0,0.006710304339834644,-12.397146224975586,19
2OZA,14,22.15782356262207,17.988906860351562,41.84434509277344,0.0,0.0155110482450666,-13.687031745910645,12
1R0R,0,2.761657238006592,2.6969637870788574,8.669854164123535,0.34375,0.3567044153578897,-22.952363967895508,0
1R0R,1,8.269050598144531,9.031970024108887,27.381864547729492,0.0,0.03824492394544512,-16.821353912353516,2
1R0R,2,4.97519063949585,6.237778663635254,12.779065132141113,0.09375,0.15171264803252513,-22.140213012695312,1
1R0R,3,5.817664623260498,7.14801025390625,15.03445816040039,0.09375,0.12604903074492227,-22.44595718383789,0
1R0R,4,10.734771728515625,10.910077095031738,36.10323715209961,0.0,0.023690367043594566,-14.907066345214844,4
1R0R,5,1.818381667137146,1.9962656497955322,4.995744228363037,0.46875,0.5242891195018915,-22.59501075744629,1
1R0R,6,2.583699941635132,3.0574302673339844,7.319830894470215,0.1875,0.3185629054311891,-22.594655990600586,0
1R0R,7,5.808503150939941,7.274463176727295,14.741901397705078,0.09375,0.12801313001458672,-22.400463104248047,0
1R0R,8,4.2864089012146,4.0109663009643555,13.554795265197754,0.34375,0.24956430824592016,-18.481393814086914,1
1R0R,9,3.8219242095947266,4.819098949432373,9.991296768188477,0.03125,0.17981630931147727,-18.34974479675293,2
1R0R,10,10.65880298614502,10.591204643249512,35.04339599609375,0.0,0.025076105940213433,-17.31599235534668,0
1R0R,11,3.832195520401001,4.28621768951416,13.338910102844238,0.25,0.21596821691938514,-20.7087459564209,5
1R0R,12,1.9428160190582275,2.283256769180298,5.61057710647583,0.25,0.4160020505062376,-23.19358253479004,0
1R0R,13,6.189131259918213,7.944541931152344,16.13574981689453,0.03125,0.0942971622483748,-18.230676651000977,1
1R0R,14,5.529484748840332,5.371183395385742,17.90076446533203,0.03125,0.09586225793483405,-16.101011276245117,1
2ABZ,0,8.38029956817627,10.532994270324707,23.785419464111328,0.0,0.04437419218230476,-17.547199249267578,6
2ABZ,1,7.691501140594482,10.034794807434082,23.854711532592773,0.0,0.044839381822791145,-14.597577095031738,4
2ABZ,2,6.095883369445801,7.327385425567627,20.377391815185547,0.0,0.06280999931703843,-15.862415313720703,1
2ABZ,3,8.37052059173584,9.150382995605469,24.438520431518555,0.0,0.04469559562413284,-16.692733764648438,2
2ABZ,4,8.601147651672363,9.935202598571777,25.494848251342773,0.0,0.040774271625221827,-16.337846755981445,0
2ABZ,5,7.742444038391113,8.630936622619629,21.947994232177734,0.0,0.05324738027754767,-16.9114933013916,0
2ABZ,6,7.46284294128418,10.01336669921875,20.51141357421875,0.0,0.05616956036825683,-21.273887634277344,0
2ABZ,7,6.558144569396973,8.747292518615723,20.53096580505371,0.0,0.05829632115610809,-18.467615127563477,0
2ABZ,8,6.0013108253479,8.044381141662598,18.94559097290039,0.0,0.06705414605976211,-16.779298782348633,0
2ABZ,9,7.95032262802124,8.438397407531738,22.71012306213379,0.0,0.0511681888124948,-20.699792861938477,1
2ABZ,10,8.391105651855469,8.95297622680664,24.3986873626709,0.0,0.04517871982686639,-18.375099182128906,1
2ABZ,11,8.220290184020996,8.719179153442383,23.827800750732422,0.0,0.047211095294529735,-16.449237823486328,3
2ABZ,12,8.883312225341797,9.860512733459473,26.096067428588867,0.0,0.03951158807984546,-16.858505249023438,1
2ABZ,13,7.7183098793029785,7.919987201690674,21.826467514038086,0.0,0.055438736318826926,-19.544414520263672,0
2ABZ,14,8.48554801940918,8.57077407836914,24.05035400390625,0.0,0.046919617701388396,-19.388357162475586,12
1JK9,0,19.5665283203125,18.96406364440918,54.635311126708984,0.0,0.009949882927215313,-13.413625717163086,3
1JK9,1,22.01262092590332,19.888086318969727,52.11896514892578,0.0,0.010521675637116706,-13.18680477142334,4
1JK9,2,14.616665840148926,13.077930450439453,28.906766891479492,0.0,0.030856041244844146,-15.395956993103027,0
1JK9,3,14.2318754196167,13.312665939331055,24.113311767578125,0.117647,0.08023594017521794,-15.02737808227539,5
1JK9,4,13.393932342529297,12.572369575500488,22.776535034179688,0.176471,0.10425069578697317,-13.470887184143066,4
1JK9,5,19.143718719482422,18.996967315673828,44.24021911621094,0.0,0.013932292716279817,-15.612886428833008,4
1JK9,6,14.422569274902344,13.702783584594727,24.481006622314453,0.058824,0.05941628764851172,-14.509763717651367,2
1JK9,7,14.25119400024414,12.977228164672852,24.619592666625977,0.058824,0.05950428201204849,-15.213883399963379,2
1JK9,8,21.800981521606445,22.7683162689209,56.87492370605469,0.0,0.008723034206455593,-14.529369354248047,3
1JK9,9,14.024419784545898,12.891867637634277,24.32709503173828,0.117647,0.07993495663629334,-16.299585342407227,3
1JK9,10,15.445723533630371,14.89398193359375,25.373010635375977,0.0,0.0369810854720764,-14.43704605102539,5
1JK9,11,10.238484382629395,9.295969009399414,24.1242733001709,0.0,0.04527049286724127,-12.952069282531738,0
1JK9,12,15.303027153015137,13.599913597106934,33.06909942626953,0.0,0.02466417801087781,-15.323807716369629,2
1JK9,13,19.941476821899414,19.018295288085938,44.76649856567383,0.0,0.013659965802504717,-17.12550163269043,5
1JK9,14,12.711453437805176,11.793144226074219,22.107845306396484,0.147059,0.09725523201898656,-13.945831298828125,8
1EWY,0,7.406074047088623,6.370196342468262,18.197336196899414,0.0,0.07721324033771403,-18.707807540893555,0
1EWY,1,14.468107223510742,10.965861320495605,39.03877258300781,0.0,0.021209644268585983,-12.704282760620117,14
1EWY,2,6.387514591217041,6.071755409240723,17.582202911376953,0.0,0.08232086239936078,-16.186038970947266,2
1EWY,3,17.439271926879883,16.425573348999023,48.16778564453125,0.0,0.012823512131615242,-16.089000701904297,4
1EWY,4,13.321090698242188,11.627097129821777,37.187477111816406,0.0,0.022007267720569892,-15.172161102294922,2
1EWY,5,8.13005256652832,7.278717041015625,19.562114715576172,0.1,0.09985195220250011,-15.152579307556152,15
1EWY,6,14.02733325958252,12.037156105041504,37.341365814208984,0.0,0.02151796995588993,-13.003303527832031,7
1EWY,7,7.609348297119141,8.641923904418945,22.180761337280273,0.0,0.05243183377916013,-15.90761661529541,5
1EWY,8,13.66154956817627,13.983366012573242,34.769649505615234,0.0,0.022589802049619908,-14.929343223571777,24
1EWY,9,21.25362777709961,16.705524444580078,56.22362518310547,0.0,0.010114384400930482,-11.720386505126953,6
1EWY,10,6.088291168212891,5.3167548179626465,14.058832168579102,0.2,0.1804727494464361,-17.97627830505371,1
1EWY,11,20.304706573486328,15.219405174255371,54.77265930175781,0.0,0.011045644677821613,-11.749616622924805,16
1EWY,12,7.6656293869018555,6.525876045227051,18.367023468017578,0.0,0.07552478687105987,-16.810129165649414,0
1EWY,13,7.3346099853515625,7.407672882080078,22.18290901184082,0.0,0.05580528640755158,-16.542739868164062,3
1EWY,14,13.853326797485352,10.894818305969238,40.29850769042969,0.0,0.0203992990861683,-13.038969993591309,11
