id,index,c_rmsd,i_rmsd,l_rmsd,fnat,DockQ,ranking_energy,ranking_num_clashes
2HRK,0,6.583824157714844,5.609040260314941,14.835618019104004,0.0,0.10462738965463796,-20.4005184173584,0
2HRK,1,8.64715576171875,6.78510856628418,17.722867965698242,0.285714,0.17310543171790171,-21.140300750732422,0
2HRK,2,8.83163833618164,7.036738395690918,17.564632415771484,0.0,0.07773800479282758,-20.91590690612793,0
2HRK,3,13.926681518554688,11.595507621765137,24.367389678955078,0.0,0.04164632672134471,-21.991647720336914,0
2HRK,4,11.318610191345215,9.058002471923828,20.838275909423828,0.0,0.05644713254787439,-21.796823501586914,0
2HRK,5,4.594546794891357,3.5547263622283936,10.848546981811523,0.285714,0.2724144187198467,-25.718246459960938,0
2HRK,6,12.824687957763672,10.523963928222656,22.97409439086914,0.0,0.04677188537913318,-19.483861923217773,1
2HRK,7,11.628039360046387,8.58864688873291,30.237030029296875,0.0,0.03427870755456789,-18.162687301635742,1
2HRK,8,6.651907444000244,5.381205081939697,13.18175983428955,0.0,0.12192901607154105,-23.877573013305664,0
2HRK,9,13.268537521362305,10.97608757019043,23.992843627929688,0.0,0.04328224792874027,-19.454792022705078,0
2HRK,10,14.218482971191406,11.840484619140625,25.04784393310547,0.0,0.03968735752944356,-22.753042221069336,0
2HRK,11,4.363409519195557,3.9910521507263184,10.082804679870605,0.0,0.17973677662561585,-22.320476531982422,0
2HRK,12,8.089908599853516,6.3803863525390625,16.019941329956055,0.142857,0.13830380627041666,-21.34988021850586,0
2HRK,13,13.04371452331543,10.606386184692383,23.08509063720703,0.0,0.04633209563060851,-22.980785369873047,0
2HRK,14,5.560846328735352,4.323569297790527,11.756488800048828,0.285714,0.24547820343514534,-22.864065170288086,0
1LFD,0,8.021013259887695,8.400623321533203,22.855260848999023,0.0,0.05080183917201253,-14.338242530822754,4
1LFD,1,4.709001541137695,4.872402667999268,12.193587303161621,0.0,0.1378640356646165,-15.836782455444336,1
1LFD,2,5.3018717765808105,5.698719501495361,14.318126678466797,0.0,0.10846032260444506,-15.131016731262207,3
1LFD,3,12.317663192749023,12.192548751831055,22.904129028320312,0.0,0.04532069664784161,-17.950716018676758,0
1LFD,4,7.717944145202637,8.551314353942871,22.623260498046875,0.0,0.051184464600631696,-14.515612602233887,1
1LFD,5,7.888949871063232,8.289721488952637,18.948633193969727,0.0,0.06640676858042906,-14.269722938537598,5
1LFD,6,3.761707067489624,4.337701320648193,9.273826599121094,0.0,0.18778462829729725,-17.34992218017578,0
1LFD,7,7.4940338134765625,7.753046035766602,23.16058349609375,0.0,0.051594616702063646,-14.155839920043945,1
1LFD,8,4.046583652496338,4.743460178375244,11.106513023376465,0.0,0.15342503352474335,-17.500316619873047,1
1LFD,9,8.714581489562988,8.758846282958984,19.32232093811035,0.0,0.06354431635727706,-16.024425506591797,0
1LFD,10,4.420597076416016,4.697415828704834,12.312294960021973,0.0,0.13843472874624332,-15.315224647521973,0
1LFD,11,6.14446496963501,6.276710033416748,15.455612182617188,0.0,0.09541548435525855,-14.520111083984375,3
1LFD,12,13.1433687210083,9.505602836608887,34.77739715576172,0.0,0.026888678953796815,-15.294571876525879,21
1LFD,13,4.966965675354004,5.157034397125244,12.707048416137695,0.0,0.12904497036638904,-16.351654052734375,0
1LFD,14,10.792350769042969,11.983667373657227,22.960256576538086,0.0,0.045319478078566434,-15.994171142578125,0
2YVJ,0,9.117770195007324,4.893222808837891,27.18006706237793,0.0,0.05832854368978544,-18.842878341674805,0
2YVJ,1,6.882715702056885,3.194018840789795,20.012897491455078,1.0,0.444507132468305,-17.671239852905273,0
2YVJ,2,6.114607810974121,2.959623098373413,18.742393493652344,1.0,0.45832083692829767,-17.662294387817383,0
2YVJ,3,8.70841121673584,5.193570613861084,26.326841354370117,0.0,0.057131540701862334,-18.627626419067383,0
2YVJ,4,7.290682792663574,5.595091819763184,19.625289916992188,0.0,0.07500377229563637,-15.355542182922363,2
2YVJ,5,6.053073406219482,6.139132499694824,15.107582092285156,0.0,0.09892579010355522,-12.740461349487305,17
2YVJ,6,36.91188049316406,48.82709503173828,92.3912353515625,0.0,0.0031119475915804638,0.0,0
2YVJ,7,16.58020782470703,10.35577392578125,40.95123291015625,0.0,0.02061759004292482,-15.849215507507324,66
2YVJ,8,7.4020209312438965,4.970786094665527,20.184123992919922,0.0,0.07803065964958457,-17.109336853027344,0
2YVJ,9,8.289628982543945,4.575467586517334,24.56511878967285,0.0,0.06799094637552779,-17.207963943481445,0
2YVJ,10,8.519076347351074,5.957714080810547,23.06400489807129,0.0,0.05973050045100627,-16.536481857299805,0
2YVJ,11,22.140125274658203,12.490632057189941,55.149986267089844,0.0,0.012473319463873866,-19.457735061645508,13
2YVJ,12,4.930436134338379,2.6923015117645264,14.727893829345703,0.5,0.328913582940163,-15.878851890563965,0
2YVJ,13,17.618011474609375,8.597344398498535,42.501190185546875,0.0,0.022666951540783326,-14.289496421813965,52
2YVJ,14,21.431657791137695,15.191808700561523,55.87432098388672,0.0,0.010758048685907016,-21.749603271484375,5
1BUH,0,9.943352699279785,14.27011775970459,28.077632904052734,0.0,0.031627027182131166,-20.856163024902344,0
1BUH,1,9.241618156433105,13.016545295715332,25.887245178222656,0.0,0.03680843948184279,-19.41567611694336,0
1BUH,2,10.03307056427002,14.43746566772461,28.35042381286621,0.0,0.031052223839322143,-20.938173294067383,0
1BUH,3,11.169441223144531,15.408757209777832,29.974069595336914,0.0,0.0279395809083013,-16.07665252685547,0
1BUH,4,10.0408296585083,11.110483169555664,27.441205978393555,0.0,0.03514930335368521,-17.441944122314453,0
1BUH,5,11.407623291015625,16.200681686401367,30.851898193359375,0.0,0.02635008889917423,-20.433338165283203,0
1BUH,6,10.830130577087402,14.793039321899414,28.52910041809082,0.0,0.030569572680418804,-17.08180809020996,0
1BUH,7,9.7776460647583,13.001267433166504,26.358312606811523,0.0,0.0357776752683034,-17.781259536743164,0
1BUH,8,10.14149284362793,12.035773277282715,29.03768539428711,0.0,0.031406244728501044,-18.826231002807617,0
1BUH,9,9.5306978225708,12.046110153198242,27.743404388427734,0.0,0.03369397062295525,-19.257917404174805,0
1BUH,10,9.351114273071289,11.20581340789795,25.83935546875,0.0,0.03841607771126593,-16.810354232788086,0
1BUH,11,10.861249923706055,14.954313278198242,28.7043514251709,0.0,0.0301933532417412,-15.971891403198242,0
1BUH,12,10.301623344421387,11.681931495666504,27.988197326660156,0.0,0.03355491498938057,-18.168550491333008,0
1BUH,13,9.952383995056152,12.076462745666504,27.982704162597656,0.0,0.03322281806302857,-15.214890480041504,0
1BUH,14,9.980226516723633,13.480626106262207,26.326147079467773,0.0,0.0355450722332604,-17.57065200805664,0
2J0T,0,9.46078872680664,8.11851692199707,32.933448791503906,0.0,0.03182127908057288,-17.054025650024414,4
2J0T,1,7.578039169311523,7.799374103546143,29.986169815063477,0.0,0.036681495075676,-15.708992958068848,7
2J0T,2,6.57744026184082,7.020641803741455,24.289382934570312,0.0,0.050919315889298024,-15.739497184753418,2
2J0T,3,16.044206619262695,11.854154586791992,45.23096466064453,0.0,0.016623474375284275,-17.197553634643555,13
2J0T,4,11.00859260559082,9.14837646484375,40.26820755004883,0.0,0.022945437951509787,-18.05098533630371,1
2J0T,5,7.91225004196167,6.723093509674072,27.768169403076172,0.035714,0.05626850495295893,-17.211023330688477,3
2J0T,6,16.06136131286621,11.774375915527344,31.916093826293945,0.035714,0.039304957415743046,-16.806848526000977,1
2J0T,7,10.632445335388184,8.779900550842285,36.47514343261719,0.0,0.02662282493133082,-17.51227378845215,4
2J0T,8,15.571208000183105,11.009882926940918,28.071247100830078,0.178571,0.09359404181871234,-18.047409057617188,2
2J0T,9,13.665694236755371,11.835087776184082,49.02175521850586,0.0,0.014998976520336068,-15.895061492919922,7
2J0T,10,8.56789493560791,7.163675308227539,29.410545349121094,0.035714,0.05160178351856815,-16.173643112182617,4
2J0T,11,18.402742385864258,14.732625961303711,47.0648307800293,0.0,0.013948899879694304,-16.066621780395508,0
2J0T,12,10.159045219421387,8.600560188293457,35.505863189697266,0.0,0.02790813505793908,-17.213157653808594,3
2J0T,13,9.995941162109375,8.812087059020996,32.25957107543945,0.0,0.031025972732596333,-16.944787979125977,4
2J0T,14,16.29855728149414,12.216900825500488,35.28818130493164,0.0,0.023229898198775856,-18.211811065673828,0
5GRJ,0,7.844842910766602,5.770898342132568,22.399648666381836,0.133333,0.10749688699249706,-14.69222354888916,6
5GRJ,1,12.71890926361084,8.343195915222168,38.03963088989258,0.0,0.026289096862644818,-18.05210304260254,5
5GRJ,2,19.58452796936035,10.772104263305664,51.40544128417969,0.0,0.015211671032802887,-13.287129402160645,8
5GRJ,3,22.392988204956055,13.992300987243652,75.81896209716797,0.0,0.007924705071833986,-13.321468353271484,40
5GRJ,4,9.909211158752441,6.500805377960205,27.08857536315918,0.466667,0.20228418399964607,-18.993408203125,0
5GRJ,5,14.907452583312988,9.623042106628418,39.111305236816406,0.0,0.022940792286960245,-19.571502685546875,6
5GRJ,6,11.6129789352417,8.107634544372559,29.120637893676758,0.4,0.17053547960200235,-17.27145767211914,18
5GRJ,7,17.891239166259766,9.212371826171875,57.708900451660156,0.6,0.21568702240743254,-14.933426856994629,11
5GRJ,8,9.776166915893555,6.892818450927734,21.697114944458008,0.0,0.05942321549915285,-16.975025177001953,8
5GRJ,9,15.376546859741211,10.125615119934082,36.121646881103516,0.0,0.024647400675945855,-18.44214630126953,1
5GRJ,10,16.268455505371094,10.632901191711426,39.9991340637207,0.0,0.020906636465182777,-18.708484649658203,4
5GRJ,11,14.789310455322266,9.757950782775879,40.1285400390625,0.6,0.2220084582874279,-17.293663024902344,10
5GRJ,12,12.464818000793457,8.240036010742188,34.91023254394531,0.0,0.029346811374840878,-18.04606819152832,8
5GRJ,13,17.590972900390625,8.567840576171875,54.00764083862305,0.266667,0.10685916221361709,-14.698213577270508,6
5GRJ,14,16.49137306213379,9.936144828796387,47.73720932006836,0.4,0.15100423990633854,-15.650216102600098,3
3BIW,0,24.399194717407227,18.448219299316406,73.70907592773438,0.0,0.0065638161981018414,-15.177196502685547,1
3BIW,1,29.984088897705078,18.03437614440918,77.44085693359375,0.0,0.006258189268489142,-13.224956512451172,14
3BIW,2,28.989665985107422,17.0535945892334,78.47901153564453,0.0,0.0064240270109480165,-12.677298545837402,8
3BIW,3,26.114164352416992,16.681743621826172,75.34441375732422,0.0,0.006862617403164614,-13.099127769470215,7
3BIW,4,22.060867309570312,17.682920455932617,73.00577545166016,0.0,0.006839587071518542,-12.076520919799805,10
3BIW,5,28.960376739501953,17.083709716796875,79.1395034790039,0.0,0.006351570323785143,-12.26236343383789,10
3BIW,6,29.412336349487305,17.377233505249023,79.58432006835938,0.0,0.006224882153730992,-12.947381973266602,9
3BIW,7,29.42667007446289,16.432432174682617,77.06492614746094,0.0,0.006760944778292424,-12.632440567016602,17
3BIW,8,30.341941833496094,16.878366470336914,77.1566162109375,0.0,0.00660903678718074,-12.88968563079834,12
3BIW,9,21.79073143005371,18.87237548828125,62.5960807800293,0.0,0.008127674884023543,-15.27814769744873,22
3BIW,10,22.620615005493164,11.042770385742188,53.27854919433594,0.0,0.014312630561601368,-11.634562492370605,110
3BIW,11,29.061006546020508,17.1760311126709,77.70773315429688,0.0,0.006464139765336442,-12.694215774536133,18
3BIW,12,22.30990219116211,16.356430053710938,70.554931640625,0.0,0.007548756454674087,-14.643564224243164,10
3BIW,13,29.820297241210938,18.094165802001953,78.9862060546875,0.0,0.006091193866600773,-12.385892868041992,12
3BIW,14,25.49310874938965,16.195695877075195,74.52313995361328,0.0,0.007115756515989532,-14.90890884399414,5
3F1P,0,15.35339641571045,14.000646591186523,24.94761085510254,0.0,0.03845332858632001,-17.018020629882812,5
3F1P,1,18.420297622680664,19.00244903564453,52.48099899291992,0.0,0.010584698589861927,-18.11214828491211,0
3F1P,2,17.37472152709961,18.613662719726562,51.478580474853516,0.0,0.01099743697145981,-17.12128448486328,0
3F1P,3,16.30604362487793,17.593402862548828,53.456600189208984,0.0,0.010625524929651091,-20.05358123779297,0
3F1P,4,16.44780158996582,17.68621826171875,52.99372482299805,0.0,0.010741127662171094,-19.134851455688477,0
3F1P,5,15.198446273803711,15.206192970275879,39.217166900634766,0.0,0.018168687997059545,-14.921554565429688,0
3F1P,6,18.460763931274414,18.439279556274414,48.95933151245117,0.0,0.011944570705417096,-15.917801856994629,0
3F1P,7,16.896453857421875,17.39731216430664,54.163936614990234,0.0,0.01047149218667603,-19.458229064941406,0
3F1P,8,16.942218780517578,17.610952377319336,50.35131072998047,0.0,0.011636963505003872,-17.405559539794922,0
3F1P,9,13.560227394104004,13.45740795135498,34.17767333984375,0.0,0.023506849896784126,-15.359596252441406,1
3F1P,10,13.904035568237305,13.263396263122559,38.156455993652344,0.0,0.01996915830445687,-14.650487899780273,3
3F1P,11,14.255867958068848,13.935521125793457,22.90952491760254,0.0,0.04415187318394368,-19.85161781311035,0
3F1P,12,17.352582931518555,18.915884017944336,51.08589553833008,0.0,0.011062536818604389,-13.613853454589844,0
3F1P,13,12.129611015319824,13.354656219482422,35.97566223144531,0.0,0.021777019295204245,-17.183757781982422,0
3F1P,14,16.125144958496094,17.34265899658203,48.56855010986328,0.0,0.012381234075998731,-15.587486267089844,0
3G6D,0,9.515156745910645,13.722439765930176,21.927743911743164,0.0,0.04748021506518735,-15.197699546813965,3
3G6D,1,14.925847053527832,16.346599578857422,40.21874237060547,0.0,0.017035533896476884,-15.8546142578125,8
3G6D,2,8.378660202026367,9.785942077636719,19.205181121826172,0.0,0.062251632806989386,-17.384090423583984,1
3G6D,3,11.807995796203613,11.099139213562012,29.193510055541992,0.0,0.03202871800406507,-13.881827354431152,44
3G6D,4,8.393972396850586,10.78442096710205,19.730789184570312,0.0,0.058505039332269665,-19.906204223632812,2
3G6D,5,7.981558322906494,12.513544082641602,18.563373565673828,0.0,0.06249650888100484,-19.011438369750977,2
3G6D,6,15.369836807250977,15.977823257446289,40.4630241394043,0.0,0.0170000473698394,-14.805465698242188,16
3G6D,7,10.017501831054688,11.467239379882812,23.918296813964844,0.0,0.042984619942085835,-18.184110641479492,1
3G6D,8,9.953695297241211,11.053136825561523,24.293546676635742,0.0,0.042384120616109223,-14.64537525177002,18
3G6D,9,11.418206214904785,13.50485610961914,27.135404586791992,0.0,0.033846872139588285,-15.611248016357422,32
3G6D,10,10.727983474731445,12.421335220336914,25.976497650146484,0.0,0.037029965320390594,-14.70158863067627,33
3G6D,11,8.337361335754395,9.950528144836426,19.544219970703125,0.0,0.0604269895424407,-19.38245391845703,0
3G6D,12,15.532036781311035,17.19755744934082,41.90169906616211,0.0,0.01569140082214038,-15.883173942565918,11
3G6D,13,9.608708381652832,13.495656967163086,22.250059127807617,0.0,0.04651904623042719,-18.44581413269043,0
3G6D,14,8.013021469116211,12.799017906188965,18.944063186645508,0.0,0.06037758226148406,-18.32870864868164,2
5X0T,0,8.084392547607422,11.256014823913574,21.03959846496582,0.0,0.05258780445412231,-18.075054168701172,0
5X0T,1,7.840351581573486,10.538427352905273,20.060388565063477,0.6,0.25735619017580896,-20.269309997558594,0
5X0T,2,13.005849838256836,13.505163192749023,37.55134201049805,0.0,0.02030866021598143,-16.023540496826172,1
5X0T,3,4.499760627746582,5.730218410491943,11.880460739135742,0.0,0.13423422940231425,-20.358781814575195,1
5X0T,4,6.364040374755859,8.727731704711914,17.893157958984375,0.0,0.07093557013656758,-18.542287826538086,0
5X0T,5,8.130243301391602,11.275973320007324,21.64469337463379,0.0,0.05033359574121179,-18.049097061157227,0
5X0T,6,8.413559913635254,11.842525482177734,21.944808959960938,0.0,0.048748812879932046,-20.281585693359375,0
5X0T,7,5.224277973175049,6.681661605834961,13.917054176330566,0.0,0.10655449408662969,-19.487478256225586,0
5X0T,8,8.498613357543945,11.537532806396484,22.31991958618164,0.0,0.04776028942141208,-18.215688705444336,1
5X0T,9,8.410968780517578,11.877187728881836,22.381935119628906,0.0,0.04724864326850984,-19.162817001342773,0
5X0T,10,6.251967906951904,8.386139869689941,17.438743591308594,0.0,0.07432399265080271,-17.860126495361328,0
5X0T,11,11.94091510772705,15.937150955200195,38.565773010253906,0.0,0.018369213854097757,-15.000921249389648,2
5X0T,12,8.10302448272705,10.852587699890137,21.475740432739258,0.0,0.05139425333337791,-17.066417694091797,1
5X0T,13,7.527599334716797,4.8921661376953125,22.589624404907227,0.2,0.1366527493589331,-13.949356079101562,1
5X0T,14,5.620342254638672,7.403527736663818,15.254706382751465,0.0,0.09211667101355929,-19.545652389526367,0
5WUX,0,23.03003692626953,17.709854125976562,53.0421257019043,0.0,0.010719953652143857,-18.036550521850586,16
5WUX,1,29.386234283447266,24.341999053955078,65.9334487915039,0.0,0.006710336044258809,-16.702848434448242,18
5WUX,2,18.43924331665039,17.06426429748535,28.797687530517578,0.0,0.029268947873004426,-16.48392677307129,10
5WUX,3,26.142160415649414,17.24175453186035,64.38152313232422,0.0,0.00821463751502086,-15.603287696838379,20
5WUX,4,22.7624454498291,20.494258880615234,52.061363220214844,0.0,0.010431001743873652,-15.669452667236328,21
5WUX,5,29.344350814819336,24.468149185180664,65.3250503540039,0.0,0.006797695085197622,-16.239948272705078,9
5WUX,6,19.00157356262207,15.360426902770996,32.98435592651367,0.0,0.02390630889530568,-18.572656631469727,7
5WUX,7,24.671064376831055,19.258342742919922,42.9791145324707,0.0,0.01455697198673426,-16.862213134765625,20
5WUX,8,23.58639144897461,16.270097732543945,63.43423080444336,0.0,0.008688848051706876,-15.246395111083984,12
5WUX,9,22.657461166381836,20.010597229003906,32.569671630859375,0.0,0.02311817202655235,-16.393774032592773,11
5WUX,10,16.63538360595703,15.616064071655273,27.09528923034668,0.0,0.03291247047987992,-18.327770233154297,7
5WUX,11,22.85696792602539,17.217647552490234,50.076385498046875,0.0,0.011845909908128192,-17.79352569580078,16
5WUX,12,24.3773250579834,23.916980743408203,63.401023864746094,0.0,0.0071915555365406085,-16.392324447631836,15
5WUX,13,26.019134521484375,17.661890029907227,60.541664123535156,0.0,0.008830699616848776,-14.4714937210083,12
5WUX,14,27.960073471069336,23.670778274536133,67.93634033203125,0.0,0.006470873400320181,-16.21967315673828,20
3RVW,0,17.187227249145508,15.16737174987793,34.73270797729492,0.0,0.022064138945976534,-18.130361557006836,13
3RVW,1,25.67641830444336,11.4526948928833,51.87579345703125,0.0,0.014336863222451104,-13.957357406616211,67
3RVW,2,22.404842376708984,17.57825469970703,51.925010681152344,0.0,0.011108867760477592,-12.417434692382812,27
3RVW,3,17.933338165283203,13.41166877746582,41.83518600463867,0.0,0.017333035561722217,-15.060099601745605,10
3RVW,4,14.75872802734375,13.18565845489502,29.69956398010254,0.0,0.029494938791553255,-20.433271408081055,3
3RVW,5,25.608078002929688,17.358715057373047,60.15478515625,0.0,0.00899570800404808,-15.245683670043945,16
3RVW,6,14.99083423614502,14.664928436279297,32.97330093383789,0.0,0.02422194048341188,-16.526945114135742,4
3RVW,7,16.470417022705078,14.938624382019043,32.90403747558594,0.0,0.024179946035712524,-19.14877700805664,0
3RVW,8,13.891169548034668,12.65877914428711,27.83884620666504,0.0,0.033040787419581184,-16.04414176940918,0
3RVW,9,9.099778175354004,8.516257286071777,25.032041549682617,0.0,0.044491094492133204,-17.982755661010742,4
3RVW,10,17.56411361694336,13.769705772399902,36.68230438232422,0.0,0.020895120620461494,-15.675823211669922,115
3RVW,11,17.25459098815918,14.594775199890137,35.81678009033203,0.0,0.021256674260471037,-17.259504318237305,4
3RVW,12,35.48514938354492,33.49028015136719,98.2184066772461,0.0,0.003145286769754354,-13.411910057067871,9
3RVW,13,15.531534194946289,14.686464309692383,29.710220336914062,0.0,0.028660823472786017,-15.874333381652832,4
3RVW,14,16.70764923095703,14.563129425048828,33.42502212524414,0.0,0.023746106278671422,-17.79764175415039,6
1IB1,0,9.225735664367676,10.083285331726074,21.80231285095215,0.0,0.05119743234939291,-16.609037399291992,3
1IB1,1,15.800068855285645,16.340227127075195,39.78886413574219,0.0,0.01733379827736102,-21.399511337280273,4
1IB1,2,12.146185874938965,14.352717399597168,25.9329891204834,0.0,0.035938040290785525,-15.086573600769043,7
1IB1,3,14.300798416137695,15.494369506835938,35.768768310546875,0.0,0.020912676662811838,-16.86350440979004,8
1IB1,4,12.904767036437988,14.059449195861816,31.51052474975586,0.0,0.026361530457649548,-20.41136932373047,10
1IB1,5,14.078132629394531,14.675883293151855,35.25882339477539,0.0,0.02175446227244778,-18.489049911499023,6
1IB1,6,15.60357666015625,15.756247520446777,38.79710006713867,0.0,0.018261011701735295,-15.054037094116211,3
1IB1,7,12.363443374633789,14.801678657531738,27.780193328857422,0.0,0.03192357914151559,-16.076595306396484,12
1IB1,8,11.25826358795166,12.121709823608398,26.966129302978516,0.0,0.035153214236742086,-14.870635032653809,9
1IB1,9,15.82076644897461,16.679109573364258,36.54404830932617,0.0,0.019782416242397318,-16.48769187927246,1
1IB1,10,7.982976913452148,9.494951248168945,16.790346145629883,0.0,0.07611670408994704,-15.957441329956055,2
1IB1,11,14.587218284606934,17.269460678100586,33.76841354370117,0.0,0.022357600579498055,-17.41983985900879,1
1IB1,12,9.275131225585938,11.953595161437988,20.26544761657715,0.0,0.05503581738528723,-15.481976509094238,11
1IB1,13,21.25417709350586,23.570411682128906,52.45632553100586,0.0,0.009872879409656374,-17.122283935546875,2
1IB1,14,10.390132904052734,10.802303314208984,23.978412628173828,0.0,0.043516470743541535,-15.443550109863281,7
3MXW,0,10.55959415435791,12.299532890319824,26.145774841308594,0.0,0.03674760414522566,-16.74199676513672,4
3MXW,1,12.103731155395508,11.148202896118164,28.55374526977539,0.0,0.03306145539820394,-12.797574996948242,58
3MXW,2,15.110373497009277,13.779705047607422,36.27543640136719,0.0,0.021252740150958935,-14.142571449279785,6
3MXW,3,11.479323387145996,13.912339210510254,26.47072410583496,0.0,0.03498809374090991,-17.69862174987793,5
3MXW,4,11.369240760803223,10.861079216003418,27.55442237854004,0.0,0.03520277654847189,-15.840686798095703,5
3MXW,5,10.948617935180664,11.467984199523926,24.70969581604004,0.0,0.04087730844148903,-18.55423355102539,6
3MXW,6,11.071748733520508,13.541105270385742,22.10840606689453,0.0,0.04696757071893629,-17.831369400024414,2
3MXW,7,12.488314628601074,14.762757301330566,27.56287384033203,0.0,0.03235380038671235,-15.798539161682129,6
3MXW,8,11.75638484954834,14.10218334197998,25.734756469726562,0.0,0.036516596835100855,-15.741676330566406,5
3MXW,9,11.861841201782227,12.386594772338867,27.295392990112305,0.0,0.03428500416246604,-18.889415740966797,5
3MXW,10,12.29918098449707,14.700055122375488,27.1123104095459,0.0,0.03326592266956186,-15.701176643371582,6
3MXW,11,14.644696235656738,14.670392036437988,31.350820541381836,0.0,0.026273867624730635,-11.999011039733887,55
3MXW,12,11.83926010131836,11.973806381225586,28.996313095092773,0.0,0.03152751447272276,-16.72331428527832,1
3MXW,13,18.236770629882812,13.925564765930176,44.06956481933594,0.0,0.0157789138319438,-17.796405792236328,11
3MXW,14,11.530972480773926,10.854829788208008,27.530506134033203,0.0,0.03525579103572656,-15.893595695495605,9
3U7Y,0,17.660888671875,21.58017349243164,32.76188659667969,0.0,0.0226253460160243,-14.074097633361816,3
3U7Y,1,30.94081687927246,23.496889114379883,74.05593872070312,0.0,0.005687164769089901,-15.811724662780762,19
3U7Y,2,20.22776222229004,20.80183982849121,35.541263580322266,0.0,0.01975839273879486,-12.566360473632812,17
3U7Y,3,23.242481231689453,20.393020629882812,45.25119400024414,0.0,0.013154209325455508,-11.652338981628418,13
3U7Y,4,31.04564094543457,25.40192222595215,71.82997131347656,0.0,0.005761551616162504,-13.824377059936523,28
3U7Y,5,18.15198516845703,17.339323043823242,39.609779357910156,0.0,0.017150406971513713,-13.37807846069336,43
3U7Y,6,30.218664169311523,22.815946578979492,69.90320587158203,0.0,0.006291310896938074,-13.204436302185059,32
3U7Y,7,23.695589065551758,21.562576293945312,42.93355941772461,0.0,0.014177930899684969,-14.954608917236328,1
3U7Y,8,27.83020782470703,21.899181365966797,62.588165283203125,0.0,0.007593221103954422,-17.28226661682129,11
3U7Y,9,29.565359115600586,23.85573387145996,67.5343246459961,0.0,0.006510753822735253,-15.564292907714844,22
3U7Y,10,15.678717613220215,13.519855499267578,37.905487060546875,0.0,0.02001224806209379,-14.561308860778809,39
3U7Y,11,31.079984664916992,33.70541763305664,84.38388061523438,0.0,0.004007088366854328,-14.269274711608887,19
3U7Y,12,14.68243408203125,14.937041282653809,27.85002326965332,0.0,0.03173231622130306,-16.578868865966797,5
3U7Y,13,25.93130874633789,19.756061553955078,58.76729202270508,0.0,0.008741089726778577,-13.08321762084961,27
3U7Y,14,29.001073837280273,21.13672637939453,65.89073181152344,0.0,0.007126660987552759,-13.540013313293457,34
1S78,0,24.331960678100586,18.843149185180664,60.42411804199219,0.0,0.008567227153563972,-11.8756742477417,53
1S78,1,25.892229080200195,19.238798141479492,65.3746337890625,0.0,0.0075554401663209285,-16.2248592376709,23
1S78,2,20.109054565429688,18.096202850341797,65.87350463867188,0.125,0.049400437841880675,-14.353333473205566,8
1S78,3,29.50568962097168,15.047215461730957,64.98948669433594,0.0,0.008885996567871975,-14.631792068481445,16
1S78,4,18.69327735900879,12.281928062438965,62.22846984863281,0.625,0.2193375708706666,-12.412686347961426,36
1S78,5,18.37044906616211,17.28408432006836,41.624412536621094,0.0,0.01583551774867848,-15.724480628967285,9
1S78,6,27.135828018188477,18.691341400146484,62.39006042480469,0.0,0.008207340833907346,-15.745893478393555,4
1S78,7,12.423639297485352,10.065025329589844,35.49359130859375,0.0,0.025322516112331713,-13.046180725097656,29
1S78,8,15.062929153442383,11.899914741516113,56.102760314941406,0.0,0.012693306456612624,-16.29415512084961,22
1S78,9,13.488810539245605,11.995684623718262,49.2259635925293,0.0,0.014782754063142417,-15.779252052307129,7
1S78,10,18.130266189575195,17.06020736694336,53.34209442138672,0.0,0.010811522138950846,-15.669549942016602,21
1S78,11,20.428756713867188,17.474340438842773,61.73133850097656,0.0,0.008640447165549634,-14.00981330871582,13
1S78,12,18.949323654174805,15.894266128540039,58.59008026123047,0.0,0.009813631152672862,-15.17031192779541,16
1S78,13,25.331340789794922,20.559797286987305,44.29389572143555,0.0,0.013604112393415356,-13.456014633178711,48
1S78,14,25.83313751220703,21.543100357055664,62.26896667480469,0.0,0.007705765648684654,-14.84965705871582,15
1OYV,0,10.034246444702148,10.076140403747559,22.74785804748535,0.0,0.04806585624538768,-14.121659278869629,6
1OYV,1,15.386116027832031,13.719680786132812,32.923866271972656,0.0,0.024766600313019988,-14.275824546813965,0
1OYV,2,7.488260269165039,7.361597537994385,18.314125061035156,0.0,0.07236513152163572,-18.531076431274414,0
1OYV,3,13.340350151062012,11.81965446472168,27.189668655395508,0.0,0.03495991795894693,-14.591054916381836,14
1OYV,4,10.684041023254395,10.17563247680664,25.965087890625,0.0,0.03935372347421904,-18.82539176940918,0
1OYV,5,14.032007217407227,12.771126747131348,29.218082427978516,0.0,0.03054521358406213,-13.85240650177002,0
1OYV,6,8.639753341674805,8.779326438903809,21.095428466796875,0.0,0.05601338291134054,-17.047651290893555,1
1OYV,7,4.850982666015625,5.107085227966309,12.620162963867188,0.081081,0.1575218940622213,-17.39978790283203,0
1OYV,8,9.342191696166992,9.054701805114746,22.39496421813965,0.0,0.05087617541159973,-15.486473083496094,3
1OYV,9,8.227947235107422,8.144734382629395,19.517091751098633,0.0,0.06407957950101359,-16.234102249145508,4
1OYV,10,9.221458435058594,8.840344429016113,24.2347469329834,0.0,0.04584168658277966,-16.32098388671875,1
1OYV,11,13.775954246520996,12.793633460998535,28.07662010192871,0.0,0.03250614712054506,-16.059246063232422,0
1OYV,12,10.016109466552734,10.183701515197754,20.983171463012695,0.0,0.05406617431175917,-12.759446144104004,7
1OYV,13,13.53100299835205,13.528154373168945,29.481826782226562,0.0,0.02963004542197367,-12.719541549682617,3
1OYV,14,13.858877182006836,12.376782417297363,30.57925033569336,0.0,0.028733012691568628,-14.443013191223145,0
1EER,0,12.838105201721191,14.709051132202148,61.107845306396484,0.0,0.009757859000295353,-16.567869186401367,34
1EER,1,17.257841110229492,15.4447660446167,46.83667755126953,0.0,0.013743217648842313,-16.377580642700195,40
1EER,2,19.799013137817383,21.08359718322754,63.923545837402344,0.0,0.007470116597597364,-21.62087059020996,1
1EER,3,11.287619590759277,9.875242233276367,42.41432189941406,0.0,0.020387617748592584,-17.44938087463379,23
1EER,4,15.36103630065918,16.08628273010254,45.09197998046875,0.0,0.014311457016306414,-15.065231323242188,2
1EER,5,14.53315544128418,13.737882614135742,52.749855041503906,0.0,0.012363217249076602,-16.92045021057129,10
1EER,6,16.114315032958984,16.666723251342773,53.34771728515625,0.0,0.010931010082248553,-19.372177124023438,3
1EER,7,16.694494247436523,17.224985122680664,52.785465240478516,0.0,0.01093378139378419,-17.282974243164062,36
1EER,8,15.636627197265625,16.62700843811035,53.002506256103516,0.041667,0.024937864106386917,-19.459903717041016,13
1EER,9,16.124862670898438,16.680694580078125,53.48288345336914,0.0,0.010885926624929758,-19.642471313476562,0
1EER,10,11.107356071472168,12.476317405700684,53.94743728637695,0.0,0.012824261635242307,-19.798444747924805,25
1EER,11,16.282699584960938,17.04977798461914,52.87501525878906,0.0,0.010957414782003521,-19.683998107910156,2
1EER,12,16.887237548828125,17.779165267944336,54.87192916870117,0.0,0.010167109866459974,-19.028432846069336,7
1EER,13,17.48682403564453,14.051410675048828,43.7725944519043,0.0,0.01586836694152255,-14.952000617980957,41
1EER,14,17.063785552978516,14.975386619567871,47.595829010009766,0.0,0.013613612392267549,-16.883460998535156,33
2BTF,0,22.99243927001953,21.798362731933594,63.26789474487305,0.0,0.007480857866423892,-16.498748779296875,2
2BTF,1,20.4731388092041,21.418684005737305,55.64942932128906,0.0,0.00922626472924465,-17.739791870117188,2
2BTF,2,26.8145751953125,25.360559463500977,77.51087951660156,0.0,0.005123008771217988,-21.618534088134766,0
2BTF,3,25.063297271728516,21.304397583007812,66.25870513916016,0.0,0.007041144119008357,-16.3824405670166,0
2BTF,4,26.17530059814453,22.451480865478516,72.66251373291016,0.0,0.005981078617230347,-17.116857528686523,0
2BTF,5,17.285320281982422,20.126789093017578,46.419342041015625,0.0,0.012655447951114668,-16.985416412353516,0
2BTF,6,13.994637489318848,13.072803497314453,38.772071838378906,0.0,0.019617473733869184,-13.251790046691895,0
2BTF,7,26.274877548217773,25.806129455566406,76.20965576171875,0.0,0.005218100230781439,-16.298091888427734,2
2BTF,8,11.120977401733398,11.269454956054688,26.705322265625,0.0,0.03646551473354872,-14.241721153259277,3
2BTF,9,7.32590389251709,7.733952045440674,21.413040161132812,0.0,0.05745877395478591,-16.971996307373047,0
2BTF,10,25.35547637939453,19.68756675720215,68.99610137939453,0.0,0.006907214686647106,-16.126977920532227,0
2BTF,11,23.016605377197266,17.257883071899414,62.779075622558594,0.0,0.0084999334805113,-16.827129364013672,0
2BTF,12,23.764938354492188,18.36874008178711,63.25944137573242,0.0,0.008119547535590028,-16.003488540649414,0
2BTF,13,5.217395782470703,4.253043174743652,16.269254684448242,0.052632,0.12589700993177902,-17.8272762298584,0
2BTF,14,24.415040969848633,17.769025802612305,66.70172882080078,0.0,0.007685133394063949,-13.947015762329102,0
1IRA,0,27.546613693237305,29.673206329345703,58.002899169921875,0.0,0.007857541780036727,-17.266311645507812,0
1IRA,1,11.77621841430664,14.10905647277832,22.8101863861084,0.0,0.04436872655942095,-16.93763542175293,5
1IRA,2,11.410022735595703,12.408343315124512,24.599472045898438,0.0,0.04035445601507684,-16.117616653442383,1
1IRA,3,27.188745498657227,25.47869873046875,58.42085647583008,0.0,0.008061421786541925,-16.30994415283203,0
1IRA,4,26.47353744506836,28.01966094970703,56.437843322753906,0.0,0.008345800921395157,-15.10152530670166,0
1IRA,5,15.629079818725586,18.292001724243164,30.688182830810547,0.0,0.025977008651145772,-18.4890079498291,3
1IRA,6,10.855629920959473,14.367785453796387,21.41628646850586,0.0,0.04895655713971018,-16.870433807373047,11
1IRA,7,20.918777465820312,20.76898956298828,45.722808837890625,0.0,0.01286482787425848,-14.776629447937012,4
1IRA,8,13.266207695007324,15.638532638549805,25.386240005493164,0.0,0.036641293150587374,-14.940550804138184,3
1IRA,9,21.523462295532227,19.012596130371094,48.48101806640625,0.0,0.012002843319414978,-14.460891723632812,1
1IRA,10,8.037464141845703,6.307556629180908,18.30951499938965,0.238095,0.1563090551051289,-14.547298431396484,3
1IRA,11,12.09839916229248,13.703721046447754,23.634553909301758,0.0,0.04212297831445449,-12.349922180175781,7
1IRA,12,11.239435195922852,13.452093124389648,23.234508514404297,0.0,0.04343960190881491,-15.243517875671387,1
1IRA,13,5.423613548278809,5.419672966003418,12.318830490112305,0.0,0.1312301840415063,-16.47675895690918,0
1IRA,14,14.733675003051758,18.517778396606445,28.291715621948242,0.0,0.029770177269230935,-14.83427906036377,0
2HLE,0,13.686529159545898,11.00331974029541,44.31708908081055,0.181818,0.07851485982832106,-14.325427055358887,13
2HLE,1,13.834335327148438,11.359733581542969,32.7397346496582,0.181818,0.087367675119211,-14.434928894042969,6
2HLE,2,13.57334041595459,13.444815635681152,50.6065788269043,0.0,0.013243837391602793,-12.87768268585205,5
2HLE,3,12.390198707580566,12.762356758117676,42.791717529296875,0.0,0.017194860444329527,-13.213944435119629,4
2HLE,4,21.03133773803711,19.019887924194336,64.5679702758789,0.0,0.0077387317206736176,-13.628619194030762,2
2HLE,5,14.731819152832031,13.24024772644043,43.16897201538086,0.0,0.016665021564246176,-14.080554008483887,0
2HLE,6,14.198800086975098,12.314436912536621,46.38969802856445,0.0,0.01570104131033511,-13.502084732055664,9
2HLE,7,14.780558586120605,12.74966812133789,48.86717987060547,0.090909,0.044642832426343204,-13.855100631713867,10
2HLE,8,12.824870109558105,10.638200759887695,42.49703598022461,0.0,0.019320165682407544,-14.407374382019043,11
2HLE,9,15.437458992004395,13.509305000305176,44.16240692138672,0.0,0.0159668144309205,-13.55262279510498,2
2HLE,10,15.0366792678833,12.942407608032227,49.42728805541992,0.181818,0.07459881825499713,-15.109001159667969,11
2HLE,11,21.365243911743164,18.360280990600586,64.49298858642578,0.0,0.007901420718008133,-16.25261116027832,4
2HLE,12,18.439027786254883,15.411073684692383,56.363460540771484,0.0,0.010540575631856406,-14.111658096313477,8
2HLE,13,15.879552841186523,17.31812858581543,52.22721862792969,0.0,0.011083464671250787,-15.132715225219727,4
2HLE,14,14.387225151062012,13.014565467834473,49.31586456298828,0.090909,0.04428966822994985,-14.857305526733398,4
1T6B,0,15.191367149353027,11.846954345703125,44.772090911865234,0.0,0.016855876316637028,-15.953694343566895,2
1T6B,1,22.807275772094727,20.036977767944336,66.52163696289062,0.0,0.0072126467569248185,-14.615901947021484,0
1T6B,2,16.461071014404297,10.79940414428711,48.452728271484375,0.0,0.01626116769973643,-16.29242515563965,1
1T6B,3,21.745790481567383,19.727737426757812,63.455535888671875,0.0,0.007791658227481656,-12.112645149230957,2
1T6B,4,37.25264358520508,29.09956932067871,99.24723815917969,0.0,0.0033105572351266738,-15.280362129211426,0
1T6B,5,40.02621841430664,45.18080139160156,105.37522888183594,0.0,0.002521886407264013,-15.910186767578125,0
1T6B,6,25.297683715820312,19.869543075561523,66.76630401611328,0.0,0.007205358470738394,-17.840110778808594,0
1T6B,7,41.51412582397461,38.50518035888672,107.95291900634766,0.0,0.0025589108663133984,-17.049720764160156,3
1T6B,8,23.26700782775879,30.71028709411621,67.01660919189453,0.0,0.006070748706756008,-15.514019012451172,9
1T6B,9,17.239397048950195,13.094499588012695,51.75530242919922,0.0,0.013072227255991652,-14.885058403015137,2
1T6B,10,20.78037452697754,15.012024879455566,55.307098388671875,0.0,0.010986687981319724,-19.164827346801758,0
1T6B,11,13.389370918273926,13.821756362915039,35.7109489440918,0.086957,0.05073814111612731,-16.037084579467773,0
1T6B,12,28.36090850830078,25.506277084350586,80.1046142578125,0.0,0.004860271054692456,-13.771196365356445,0
1T6B,13,25.1263484954834,15.961597442626953,66.02385711669922,0.0,0.00835273261743086,-16.94017219543457,3
1T6B,14,44.328765869140625,45.9794807434082,114.5580062866211,0.0,0.002179459088998693,-14.581850051879883,0
5KOV,0,20.349472045898438,14.82955265045166,33.65171813964844,0.0,0.023367202389845316,-16.661535263061523,10
5KOV,1,22.050010681152344,12.909199714660645,51.7592887878418,0.0,0.013194085279768527,-15.865487098693848,9
5KOV,2,20.556089401245117,17.411563873291016,31.133024215698242,0.0,0.02557905710454544,-15.928459167480469,20
5KOV,3,12.496399879455566,8.783440589904785,24.570898056030273,0.0,0.045073321046623045,-17.99803352355957,8
5KOV,4,23.779788970947266,20.61504554748535,32.97223663330078,0.0,0.022527403337895015,-18.523303985595703,11
5KOV,5,9.342754364013672,5.617103576660156,31.099414825439453,0.0,0.045358025666515735,-15.237494468688965,16
5KOV,6,25.60831642150879,19.303129196166992,35.67204284667969,0.0,0.019909966943896924,-17.601016998291016,16
5KOV,7,24.317962646484375,15.55025577545166,36.1402702331543,0.0,0.020545348530180727,-15.848530769348145,19
5KOV,8,21.507509231567383,14.455029487609863,32.54780960083008,0.0,0.02483353545712939,-18.051483154296875,22
5KOV,9,18.542388916015625,14.20638370513916,32.28886413574219,0.0,0.025278060466672945,-16.92228126525879,23
5KOV,10,11.95125675201416,8.125033378601074,25.754545211791992,0.0,0.043728499000132974,-18.873483657836914,9
5KOV,11,26.398588180541992,22.18341064453125,35.78816604614258,0.0,0.019316519635689672,-19.383193969726562,12
5KOV,12,9.56530475616455,6.802685260772705,24.554136276245117,0.0,0.05112625339194301,-17.335466384887695,7
5KOV,13,18.004398345947266,13.13425350189209,35.96444320678711,0.0,0.021926172218117518,-17.564504623413086,18
5KOV,14,24.369508743286133,21.253829956054688,36.38334655761719,0.0,0.01890376961543291,-18.091899871826172,0
2AJF,0,21.82781219482422,15.812043190002441,50.65591812133789,0.111111,0.04913844633996719,-14.162897109985352,66
2AJF,1,18.138595581054688,15.105469703674316,43.10075378417969,0.0,0.015733748257393865,-14.837167739868164,52
2AJF,2,21.222393035888672,16.454111099243164,49.8549690246582,0.0,0.012163137489161582,-15.54588508605957,61
2AJF,3,19.164257049560547,18.6217041015625,46.026432037353516,0.0,0.013142417208101581,-16.884323120117188,45
2AJF,4,20.52132225036621,21.605342864990234,48.22044372558594,0.0,0.011644356436313568,-16.210796356201172,63
2AJF,5,17.764917373657227,16.03104591369629,42.6826171875,0.0,0.01560824101036124,-14.820221900939941,42
2AJF,6,21.062040328979492,23.50887107849121,55.01634979248047,0.0,0.009122755277357812,-15.046348571777344,34
2AJF,7,19.99730682373047,17.806686401367188,47.38169860839844,0.0,0.012741634379864168,-13.644251823425293,68
2AJF,8,19.447132110595703,16.727825164794922,46.85734176635742,0.0,0.013278320141599007,-13.372589111328125,60
2AJF,9,19.30957794189453,16.549816131591797,45.820613861083984,0.0,0.013805171471882968,-13.279118537902832,60
2AJF,10,21.52760887145996,16.264724731445312,50.667724609375,0.0,0.011935498770516773,-16.120534896850586,45
2AJF,11,19.526451110839844,18.088489532470703,46.79548263549805,0.0,0.012923170573491157,-14.656953811645508,56
2AJF,12,21.65802574157715,16.818540573120117,51.1406364440918,0.0,0.01159139101302255,-15.570565223693848,46
2AJF,13,19.40666961669922,14.945512771606445,46.050537109375,0.0,0.014306600752134786,-14.248884201049805,50
2AJF,14,17.90876579284668,15.211620330810547,43.56907653808594,0.0,0.015431870933885686,-13.676299095153809,73
4Y7M,0,12.298998832702637,11.09376049041748,39.93233108520508,0.0,0.020433094664210564,-19.065855026245117,8
4Y7M,1,13.77121353149414,11.7218656539917,44.85521697998047,0.0,0.01692545575600538,-21.320358276367188,0
4Y7M,2,12.657755851745605,11.370277404785156,35.8354377746582,0.0,0.023456940476785672,-17.26719093322754,7
4Y7M,3,13.433591842651367,11.584761619567871,31.187538146972656,0.0,0.028544430000026516,-19.610198974609375,13
4Y7M,4,13.417478561401367,11.152586936950684,41.348670959472656,0.0,0.019437819106230617,-18.09217643737793,4
4Y7M,5,13.71174144744873,11.976404190063477,41.75840377807617,0.0,0.0184097628372491,-19.74422836303711,6
4Y7M,6,11.269928932189941,10.059649467468262,37.026493072509766,0.307692,0.1265014455659771,-19.26258087158203,8
4Y7M,7,7.166719436645508,5.745655059814453,20.809858322143555,0.153846,0.12021245817959303,-15.9458589553833,16
4Y7M,8,4.578927993774414,5.6514105796813965,11.0523099899292,0.076923,0.1714614319842095,-19.70345115661621,6
4Y7M,9,5.321444034576416,4.374584674835205,15.241422653198242,0.384615,0.24235121789129602,-18.196102142333984,12
4Y7M,10,5.998623371124268,6.817575931549072,38.172210693359375,0.0,0.03113838646138828,-15.78754711151123,2
4Y7M,11,14.905462265014648,11.339849472045898,32.06266403198242,0.076923,0.053261773877234554,-14.97573184967041,19
4Y7M,12,14.050187110900879,12.1564359664917,39.10831832885742,0.0,0.020035043985687173,-17.69730567932129,6
4Y7M,13,13.392919540405273,11.619606971740723,32.9066162109375,0.0,0.026313522030121772,-17.022737503051758,10
4Y7M,14,13.786229133605957,11.49067211151123,26.577573776245117,0.0,0.036516007665137504,-16.83393669128418,11
1HIA,0,7.392213344573975,8.280866622924805,20.57418441772461,0.1,0.09252263800460199,-14.662215232849121,33
1HIA,1,12.524072647094727,14.552020072937012,37.45989990234375,0.0,0.019826703982763944,-15.874805450439453,0
1HIA,2,10.90121078491211,13.349730491638184,32.52516174316406,0.0,0.02546604035455476,-14.153675079345703,2
1HIA,3,11.25307846069336,12.909284591674805,34.66212463378906,0.0,0.023348483639483133,-21.07703971862793,0
1HIA,4,9.00556468963623,10.295047760009766,24.106904983520508,0.0,0.04378806021747578,-20.473472595214844,1
1HIA,5,12.353870391845703,13.24737548828125,40.69545364379883,0.0,0.018153707508878122,-21.702836990356445,0
1HIA,6,9.104365348815918,10.188108444213867,26.599836349487305,0.066667,0.060178568365499875,-20.373729705810547,0
1HIA,7,7.974607467651367,8.829960823059082,23.128089904785156,0.0,0.04901514019955273,-15.16497802734375,0
1HIA,8,12.074369430541992,13.858658790588379,36.98938751220703,0.0,0.020578904104614347,-17.848115921020508,0
1HIA,9,11.190607070922852,13.331111907958984,34.067569732666016,0.0,0.023702088409454813,-16.937931060791016,1
1HIA,10,11.21855354309082,12.000338554382324,36.84711456298828,0.0,0.02196988492201186,-23.442068099975586,1
1HIA,11,8.499565124511719,10.67591667175293,25.178485870361328,0.0,0.040555402037419,-19.16961669921875,0
1HIA,12,13.201903343200684,14.5819673538208,39.603050231933594,0.0,0.01816938610432812,-18.003273010253906,1
1HIA,13,14.890512466430664,16.256887435913086,42.942527770996094,0.0,0.015381426208225454,-20.81195831298828,0
1HIA,14,12.639937400817871,13.685979843139648,37.05937194824219,0.0,0.02061582040535861,-18.468250274658203,0
1BKD,0,23.39059066772461,20.040523529052734,63.05483627319336,0.0,0.007806222737844322,-18.638519287109375,3
1BKD,1,25.44639015197754,22.456314086914062,62.508113861083984,0.0,0.007532472199954628,-16.279258728027344,3
1BKD,2,23.159927368164062,19.50057601928711,62.58879089355469,0.0,0.007997187259758303,-17.07727813720703,3
1BKD,3,4.223476886749268,5.577435493469238,12.066665649414062,0.0,0.13303133589585597,-12.891084671020508,14
1BKD,4,6.564944744110107,7.547846794128418,17.528348922729492,0.263158,0.16384583733518665,-14.441680908203125,20
1BKD,5,25.732694625854492,24.212722778320312,62.95926284790039,0.0,0.007241367200454878,-16.381071090698242,2
1BKD,6,24.979698181152344,22.9095516204834,62.02024841308594,0.0,0.007568536120866654,-16.215726852416992,7
1BKD,7,24.747802734375,22.55950927734375,62.153446197509766,0.0,0.007587009450716747,-16.827743530273438,4
1BKD,8,10.056745529174805,10.73863410949707,20.227014541625977,0.0,0.056408828095550756,-15.528351783752441,2
1BKD,9,9.015987396240234,9.469884872436523,18.552888870239258,0.0,0.065987221724768,-15.468927383422852,0
1BKD,10,11.114022254943848,12.70176887512207,22.1297607421875,0.0,0.047439487036898625,-20.711349487304688,0
1BKD,11,23.787090301513672,20.56081771850586,63.190155029296875,0.0,0.007688918584871277,-15.35702896118164,8
1BKD,12,5.183200836181641,5.602006435394287,11.010383605957031,0.0,0.14677534586304847,-12.966946601867676,7
1BKD,13,25.9554500579834,23.72740364074707,63.43507766723633,0.0,0.00720621891878568,-15.738758087158203,1
1BKD,14,23.8160400390625,20.024951934814453,63.59275817871094,0.0,0.007710633736251644,-16.303380966186523,5
1EXB,0,30.053634643554688,37.578392028808594,77.03057861328125,0.0,0.004540171287492785,-18.511363983154297,20
1EXB,1,25.142772674560547,31.77436065673828,64.90052032470703,0.0,0.0063624726029387286,-18.0727596282959,7
1EXB,2,33.56805419921875,40.3787727355957,85.18766784667969,0.0,0.003745311147599002,-18.680437088012695,12
1EXB,3,21.78005027770996,29.6490421295166,55.98037338256836,0.0,0.008362834816565584,-19.84932518005371,9
1EXB,4,26.106538772583008,33.90186309814453,67.48678588867188,0.0,0.005856551142908162,-17.212553024291992,8
1EXB,5,29.3721923828125,37.954959869384766,75.88694763183594,0.0,0.004649979814986264,-18.330291748046875,10
1EXB,6,29.997488021850586,38.31380844116211,77.13851165771484,0.0,0.004508962052870061,-18.625967025756836,18
1EXB,7,29.389379501342773,34.94450759887695,70.9854965209961,0.0,0.005324944474324743,-20.774404525756836,6
1EXB,8,29.707242965698242,36.184322357177734,78.63966369628906,0.0,0.004421203035530595,-18.15121078491211,3
1EXB,9,32.575958251953125,39.37941360473633,82.08197784423828,0.0,0.004019561132232128,-19.450223922729492,4
1EXB,10,26.98044776916504,34.901145935058594,69.67517852783203,0.0,0.005502733315199719,-16.85129737854004,16
1EXB,11,32.296417236328125,37.93031311035156,77.94669342041016,0.0,0.004437790027549325,-18.15203094482422,13
1EXB,12,32.81354522705078,39.47905731201172,83.05280303955078,0.0,0.00393578424126607,-19.198518753051758,15
1EXB,13,21.58812141418457,29.851852416992188,56.014251708984375,0.0,0.008342460564388319,-18.027999877929688,3
1EXB,14,30.351720809936523,39.19148635864258,78.33350372314453,0.0,0.004366736319368881,-18.099002838134766,7
1D6R,0,13.127584457397461,12.872142791748047,37.394256591796875,0.0,0.02084257952308972,-18.658466339111328,0
1D6R,1,8.026254653930664,8.920353889465332,19.443904876708984,0.0,0.06264718885596483,-13.701902389526367,4
1D6R,2,7.083848476409912,8.478328704833984,19.06099510192871,0.0,0.06540841951011499,-21.331506729125977,0
1D6R,3,9.506331443786621,11.923989295959473,22.646677017211914,0.0,0.04635228118764211,-20.838247299194336,0
1D6R,4,15.102886199951172,13.820202827453613,42.70027542114258,0.0,0.01658612809955666,-17.720922470092773,1
1D6R,5,20.89324188232422,16.36854362487793,51.48686218261719,0.0,0.011619869607615971,-16.271739959716797,6
1D6R,6,17.989675521850586,23.66115379333496,55.76813507080078,0.0,0.008902100336653557,-13.91096305847168,0
1D6R,7,14.677886962890625,14.365386962890625,41.7979850769043,0.0,0.016832686004922184,-18.116806030273438,0
1D6R,8,21.840423583984375,16.046672821044922,53.3709716796875,0.0,0.011133149626337433,-15.763583183288574,6
1D6R,9,21.171571731567383,17.478008270263672,56.95878982543945,0.0,0.009698749099321538,-15.372665405273438,1
1D6R,10,21.51903533935547,18.3955135345459,53.890499114990234,0.0,0.010293038899878622,-17.7784366607666,3
1D6R,11,22.089588165283203,16.269380569458008,53.98351287841797,0.0,0.010873739248983496,-14.766087532043457,2
1D6R,12,19.302326202392578,16.96793556213379,47.38578796386719,0.0,0.012975988279866043,-17.948389053344727,17
1D6R,13,13.623555183410645,14.553044319152832,40.01499557495117,0.0,0.017895427952930608,-17.043622970581055,2
1D6R,14,13.76221752166748,15.105605125427246,42.44254684448242,0.0,0.016108700742638576,-15.38534927368164,2
5E5M,0,4.077615737915039,5.035713195800781,11.213591575622559,0.0,0.14880192982200566,-17.88082504272461,1
5E5M,1,12.184226989746094,9.759753227233887,18.372188568115234,0.0,0.0664624125917542,-20.4274845123291,0
5E5M,2,17.38239097595215,16.322750091552734,25.95905876159668,0.0,0.03506938047594333,-18.084632873535156,0
5E5M,3,6.23647928237915,5.586637020111084,15.413484573364258,0.1875,0.16264640580332776,-18.178321838378906,0
5E5M,4,11.417744636535645,8.30073356628418,20.529281616210938,0.0,0.059321960194937656,-21.13431739807129,0
5E5M,5,12.062192916870117,9.76048469543457,18.564464569091797,0.0,0.06546008845133412,-22.447866439819336,1
5E5M,6,17.011919021606445,16.743749618530273,26.52829933166504,0.0,0.03368909497399917,-17.9229736328125,2
5E5M,7,16.77728843688965,15.971224784851074,25.24917984008789,0.0,0.03684567311546887,-16.700761795043945,0
5E5M,8,4.475187301635742,4.895728588104248,8.628738403320312,0.0,0.19276762627141455,-18.4698543548584,9
5E5M,9,10.086621284484863,7.892126560211182,18.407451629638672,0.0,0.07020638679167795,-26.011539459228516,3
5E5M,10,6.680112838745117,6.210709571838379,15.226785659790039,0.0,0.09756617275001726,-16.495315551757812,3
5E5M,11,16.95057487487793,16.201610565185547,25.920255661010742,0.0,0.035198246378954454,-17.250354766845703,0
5E5M,12,7.2289323806762695,5.67002534866333,17.65247344970703,0.0,0.08454275798296847,-18.614763259887695,4
5E5M,13,11.16455078125,10.041038513183594,18.051898956298828,0.0,0.06776892319461343,-18.613069534301758,0
5E5M,14,11.234835624694824,9.429047584533691,25.21776580810547,0.0,0.042234656282855,-20.884557723999023,0
2OOR,0,17.835773468017578,20.81345558166504,47.82122039794922,0.0,0.011930969113589285,-20.308212280273438,5
2OOR,1,23.97555923461914,26.058935165405273,69.54936218261719,0.0,0.006006398908817558,-12.483574867248535,8
2OOR,2,10.75244426727295,12.544075012207031,29.44254493713379,0.0,0.030343889569328274,-18.433696746826172,11
2OOR,3,5.330092430114746,6.341073989868164,14.557877540588379,0.105263,0.13749789531582943,-16.49156379699707,12
2OOR,4,16.513946533203125,18.213565826416016,44.96908950805664,0.0,0.01374415555839433,-19.088346481323242,20
2OOR,5,24.42238998413086,25.063953399658203,69.01099395751953,0.0,0.006170903910195916,-13.55344009399414,11
2OOR,6,18.35407066345215,19.808530807495117,52.63504409790039,0.0,0.010372523499885848,-16.68754005432129,10
2OOR,7,17.172321319580078,18.693666458129883,47.78457260131836,0.0,0.012356277048686276,-19.230396270751953,7
2OOR,8,26.166379928588867,24.13863754272461,73.04368591308594,0.0,0.005735802001679159,-11.948365211486816,6
2OOR,9,25.601726531982422,24.43963623046875,71.882568359375,0.0,0.005847569910716441,-12.499062538146973,20
2OOR,10,16.63815689086914,18.221126556396484,45.786766052246094,0.0,0.013348841979768747,-18.617671966552734,15
2OOR,11,24.67624855041504,24.45178985595703,71.19144439697266,0.0,0.005934751757101379,-12.92189884185791,11
2OOR,12,5.258945465087891,6.101110935211182,14.645543098449707,0.105263,0.13807730499248336,-17.793537139892578,18
2OOR,13,17.670989990234375,15.372922897338867,51.4610710144043,0.0,0.011996208291056855,-12.426931381225586,19
2OOR,14,10.72914981842041,14.001280784606934,27.788509368896484,0.0,0.032301924798766306,-19.165258407592773,15
7CEI,0,13.267772674560547,9.218551635742188,21.43216323852539,0.0,0.05390233372235,-15.557600021362305,13
7CEI,1,13.252715110778809,9.36809253692627,30.678861618041992,0.0,0.03209618643554415,-17.472078323364258,19
7CEI,2,9.660075187683105,8.149486541748047,16.114097595214844,0.0,0.08348165860348965,-15.858290672302246,11
7CEI,3,11.058318138122559,10.6884126663208,33.912353515625,0.0,0.026141529558531388,-18.34964942932129,8
7CEI,4,9.360600471496582,7.12856388092041,15.193805694580078,0.0,0.09358950177618171,-17.96001625061035,10
7CEI,5,10.15742301940918,7.614866256713867,16.886110305786133,0.0,0.07983755282298709,-18.885787963867188,4
7CEI,6,14.191404342651367,9.729166030883789,21.73488426208496,0.0,0.05195698287467282,-16.870935440063477,6
7CEI,7,10.113481521606445,8.222813606262207,16.352699279785156,0.0,0.08163911664947938,-17.488739013671875,8
7CEI,8,8.226475715637207,7.221563816070557,14.388273239135742,0.0,0.10002250839895255,-14.505318641662598,12
7CEI,9,10.841522216796875,8.190714836120605,18.0330753326416,0.0,0.07141248270630925,-14.765329360961914,7
7CEI,10,9.29886531829834,8.623939514160156,16.336971282958984,0.2,0.14746650156238408,-13.259321212768555,8
7CEI,11,12.397430419921875,8.989029884338379,19.9390811920166,0.0,0.060291513705510114,-15.258180618286133,11
7CEI,12,14.441702842712402,9.836130142211914,36.2176628112793,0.0,0.024977440124951025,-19.211462020874023,7
7CEI,13,14.636821746826172,9.868086814880371,21.756637573242188,0.0,0.05166882164247857,-18.286651611328125,9
7CEI,14,11.902649879455566,9.517526626586914,18.571029663085938,0.0,0.0658143591781122,-14.987081527709961,8
2VDB,0,8.32616138458252,17.157123565673828,30.85462760925293,0.0,0.026041469161058716,-19.880311965942383,1
2VDB,1,8.1939115524292,14.00843620300293,30.483375549316406,0.0,0.027826192772211367,-16.082164764404297,8
2VDB,2,6.570419788360596,9.674890518188477,23.014589309692383,0.0,0.04783520622830983,-16.666807174682617,39
2VDB,3,6.742125511169434,11.09456729888916,24.10653305053711,0.0,0.04284364955574687,-20.1943359375,0
2VDB,4,8.544426918029785,9.035447120666504,30.226707458496094,0.0,0.03336802261938868,-15.191368103027344,23
2VDB,5,10.316520690917969,20.990619659423828,38.72611618041992,0.0,0.017014108540562668,-18.42386245727539,7
2VDB,6,9.130261421203613,12.663433074951172,33.296329498291016,0.0,0.025006316951681568,-18.266141891479492,10
2VDB,7,6.909006118774414,11.24848747253418,24.431076049804688,0.0,0.04181610010861577,-18.09651756286621,7
2VDB,8,13.130020141601562,20.178001403808594,48.98271560668945,0.0,0.011576138647924776,-20.074283599853516,0
2VDB,9,16.920352935791016,23.228342056274414,60.94230651855469,0.0,0.00774505400982906,-18.183773040771484,1
2VDB,10,14.732949256896973,24.600791931152344,55.91443634033203,0.0,0.00876383273937864,-18.627023696899414,2
2VDB,11,7.033348560333252,11.323038101196289,25.361804962158203,0.0,0.0394096388461465,-19.049196243286133,0
2VDB,12,7.82944917678833,11.665167808532715,29.587900161743164,0.0,0.030834535933031742,-19.731233596801758,3
2VDB,13,11.458574295043945,17.881731033325195,40.714168548583984,0.0,0.01625100574224409,-16.58249282836914,31
2VDB,14,15.97675609588623,21.869651794433594,56.983055114746094,0.0,0.008816276475782292,-17.638839721679688,11
1FAK,0,17.794788360595703,17.200084686279297,39.09687042236328,0.0,0.0175604115437084,-15.295257568359375,0
1FAK,1,14.939087867736816,12.597594261169434,31.992483139038086,0.0,0.02663832722294422,-16.191173553466797,3
1FAK,2,27.8070125579834,30.594085693359375,72.5442886352539,0.0,0.005313640922010077,-13.887288093566895,0
1FAK,3,15.736937522888184,14.699736595153809,29.002893447875977,0.0,0.029801305384837856,-18.898815155029297,0
1FAK,4,20.755056381225586,23.569814682006836,49.606590270996094,0.0,0.010852191808720485,-12.927340507507324,0
1FAK,5,10.461448669433594,12.07274341583252,29.537761688232422,0.0,0.030559838203788464,-13.419439315795898,9
1FAK,6,28.69356346130371,32.51350784301758,72.48135375976562,0.0,0.005229977661352243,-14.041794776916504,2
1FAK,7,19.121944427490234,20.727027893066406,51.63871765136719,0.0,0.01053004102927871,-12.71178150177002,3
1FAK,8,21.33722496032715,20.80708122253418,53.38984298706055,0.0,0.009963432659359618,-16.102863311767578,3
1FAK,9,18.18152618408203,18.557666778564453,48.79652404785156,0.0,0.011980153081148331,-14.995790481567383,5
1FAK,10,24.316696166992188,23.93287467956543,53.97050857543945,0.0,0.009372214662628517,-15.95734977722168,0
1FAK,11,11.005132675170898,11.108901977539062,31.162498474121094,0.0,0.02905126483982449,-17.756200790405273,0
1FAK,12,13.912903785705566,11.19442081451416,27.10567855834961,0.0,0.03572358348132199,-16.940767288208008,1
1FAK,13,19.179670333862305,16.974699020385742,34.81616973876953,0.0,0.021333149921352868,-14.212974548339844,0
1FAK,14,24.738428115844727,25.716386795043945,65.95746612548828,0.0,0.0065756973673455595,-11.198188781738281,8
1WEJ,0,14.377610206604004,14.940988540649414,37.88864517211914,0.0,0.019298695630964462,-14.359318733215332,36
1WEJ,1,22.601511001586914,22.571483612060547,62.79145431518555,0.0,0.0074639544700613085,-19.09088134765625,1
1WEJ,2,8.630298614501953,11.697372436523438,19.824796676635742,0.0,0.057154411260367514,-19.829992294311523,0
1WEJ,3,8.727258682250977,11.342897415161133,19.958600997924805,0.0,0.05690533473555733,-21.156911849975586,0
1WEJ,4,8.589975357055664,9.631767272949219,19.633193969726562,0.0,0.060509745650133256,-24.70551300048828,0
1WEJ,5,8.162980079650879,10.577454566955566,19.87480354309082,0.0,0.058113159367424984,-20.980506896972656,1
1WEJ,6,19.068931579589844,19.06982421875,51.181121826171875,0.0,0.010996761840475483,-16.97077751159668,4
1WEJ,7,36.49946594238281,39.10679244995117,94.5178451538086,0.0,0.0031638676578727067,-18.621925354003906,1
1WEJ,8,24.400821685791016,25.247507095336914,65.77626037597656,0.0,0.006647468915857716,-19.349817276000977,13
1WEJ,9,11.71208381652832,16.070632934570312,33.50655746459961,0.0,0.023033349427021958,-15.227068901062012,2
1WEJ,10,8.471184730529785,10.751664161682129,20.07211685180664,0.0,0.05705094328198836,-20.718814849853516,4
1WEJ,11,8.655069351196289,10.534825325012207,19.807859420776367,0.0,0.05846009839278473,-23.453590393066406,0
1WEJ,12,8.729606628417969,10.570409774780273,21.239248275756836,0.0,0.05259704053060518,-20.539306640625,2
1WEJ,13,8.1193208694458,11.350354194641113,18.973901748657227,0.0,0.06143673339779493,-18.288129806518555,0
1WEJ,14,8.639790534973145,11.377348899841309,21.469825744628906,0.0,0.0508622697235586,-18.155029296875,0
1ML0,0,7.945389747619629,15.730414390563965,31.35228157043457,0.0,0.025826794038896178,-21.208005905151367,0
1ML0,1,11.410135269165039,20.55929183959961,44.866966247558594,0.0,0.013314105200918974,-16.50830841064453,2
1ML0,2,22.525503158569336,33.363502502441406,83.32892608642578,0.0,0.004105070402018675,-20.24552345275879,0
1ML0,3,14.910038948059082,24.80457878112793,58.19284439086914,0.0,0.008177744663760523,-16.574859619140625,0
1ML0,4,20.778104782104492,31.6044979095459,76.7427749633789,0.0,0.004788853287327127,-18.481054306030273,2
1ML0,5,6.546483039855957,13.84976863861084,25.718914031982422,0.0,0.036688598658740544,-17.25139808654785,2
1ML0,6,8.38610553741455,12.881292343139648,33.86557388305664,0.0,0.024214140342030014,-16.06918716430664,0
1ML0,7,9.332501411437988,16.814804077148438,37.18940734863281,0.0,0.019180377182120695,-16.935924530029297,0
1ML0,8,8.591211318969727,16.508092880249023,34.09056854248047,0.0,0.0222394709835253,-16.017868041992188,3
1ML0,9,19.034595489501953,28.140779495239258,72.34963989257812,0.0,0.0054826724778288365,-16.56318473815918,2
1ML0,10,7.79056978225708,11.093037605285645,31.80288314819336,0.0,0.028209166040901956,-15.399529457092285,3
1ML0,11,19.685165405273438,28.427064895629883,74.38526153564453,0.0,0.005221967368219193,-15.13774299621582,2
1ML0,12,22.1737003326416,33.04840850830078,82.5531234741211,0.0,0.004182067800473343,-17.035465240478516,0
1ML0,13,20.821718215942383,31.425018310546875,78.96837615966797,0.0,0.004575491988386613,-16.82288932800293,2
1ML0,14,20.633121490478516,31.13220977783203,77.71159362792969,0.0,0.004712790622148358,-20.395055770874023,0
5VNW,0,25.323650360107422,20.834579467773438,56.915740966796875,0.0,0.008991186578300668,-18.241195678710938,1
5VNW,1,24.87793731689453,29.083887100219727,59.222801208496094,0.0,0.007612264487590353,-16.724842071533203,0
5VNW,2,23.755640029907227,24.45606231689453,49.05475997924805,0.0,0.010965703651765068,-18.723791122436523,1
5VNW,3,32.247589111328125,28.849567413330078,56.68001174926758,0.0,0.008230276281294044,-17.350629806518555,8
5VNW,4,21.728469848632812,20.91570281982422,61.18760681152344,0.0,0.008016503519778078,-16.538448333740234,12
5VNW,5,17.902568817138672,13.806581497192383,56.028076171875,0.0,0.011387931770542618,-16.76628303527832,15
5VNW,6,12.56833267211914,10.966496467590332,53.49272918701172,0.0,0.014330886463277645,-16.711280822753906,1
5VNW,7,16.49871826171875,9.861381530761719,53.48518371582031,0.0,0.015749326080382157,-14.61376953125,17
5VNW,8,22.786584854125977,21.013416290283203,57.665157318115234,0.0,0.008778401400223687,-17.45107078552246,2
5VNW,9,21.65397834777832,18.0267333984375,60.06667709350586,0.0,0.0088360135192865,-15.202369689941406,4
5VNW,10,24.24550437927246,19.917593002319336,62.72087478637695,0.0,0.00789146360738773,-19.74469757080078,0
5VNW,11,31.930091857910156,28.855424880981445,67.711181640625,0.0,0.006069693157794873,-19.045581817626953,17
5VNW,12,21.712390899658203,18.93401336669922,60.899513244628906,0.0,0.008448586094518986,-18.39019775390625,1
5VNW,13,25.270233154296875,22.217039108276367,49.341392517089844,0.0,0.011119677419121994,-17.064477920532227,13
5VNW,14,20.058517456054688,14.231258392333984,55.656925201416016,0.0,0.011259891883703592,-15.744668006896973,3
3P57,0,24.312108993530273,23.474267959594727,62.42454528808594,0.0,0.007423271099788953,-17.389667510986328,16
3P57,1,25.799325942993164,19.17891502380371,56.2138786315918,0.0,0.009477534279106055,-15.567913055419922,15
3P57,2,23.65566635131836,22.087556838989258,63.87864685058594,0.0,0.007329663891695854,-16.04930877685547,15
3P57,3,24.329662322998047,20.932035446166992,60.82902526855469,0.0,0.008087050415437133,-15.684270858764648,6
3P57,4,24.2825984954834,22.71965217590332,61.49987030029297,0.0,0.007694802429895828,-17.506912231445312,17
3P57,5,22.661176681518555,19.04278564453125,55.76361083984375,0.0,0.009624502138555029,-15.358494758605957,19
3P57,6,24.360668182373047,18.413904190063477,57.79546356201172,0.0,0.009254590811825088,-15.509538650512695,5
3P57,7,17.38785171508789,14.081745147705078,40.04969024658203,0.0,0.018107377587460723,-17.755695343017578,20
3P57,8,24.236860275268555,18.220853805541992,58.435428619384766,0.0,0.009150538608597696,-15.026692390441895,10
3P57,9,24.664335250854492,24.703670501708984,56.117637634277344,0.0,0.008700401657723502,-14.375214576721191,12
3P57,10,24.704727172851562,20.16028594970703,58.46269989013672,0.0,0.00873554180272224,-18.33460807800293,19
3P57,11,21.42839241027832,18.273344039916992,50.6743278503418,0.0,0.011353046206640112,-14.965941429138184,6
3P57,12,21.374713897705078,20.885662078857422,46.898826599121094,0.0,0.012311754373153004,-15.90695571899414,27
3P57,13,24.073307037353516,23.9678897857666,63.40382766723633,0.0,0.007185523688587349,-16.829484939575195,13
3P57,14,24.255474090576172,22.21510124206543,60.916629791259766,0.0,0.007878881886711589,-16.44405746459961,18
1IBR,0,15.232358932495117,18.714191436767578,57.59086990356445,0.0,0.009234246696629561,-14.389288902282715,0
1IBR,1,11.482181549072266,16.444799423217773,61.200157165527344,0.0,0.009058782815865052,-15.917884826660156,1
1IBR,2,14.689285278320312,19.35795783996582,63.29108810424805,0.0,0.007895148236278739,-12.537111282348633,0
1IBR,3,13.01350212097168,16.645702362060547,57.49740219116211,0.0,0.009814042363710513,-13.915610313415527,1
1IBR,4,9.618684768676758,12.262906074523926,42.05852508544922,0.0,0.017994334442447146,-14.339802742004395,5
1IBR,5,12.809237480163574,16.778966903686523,60.5537223815918,0.0,0.009083968128425886,-13.234508514404297,0
1IBR,6,14.801325798034668,17.312929153442383,51.810821533203125,0.0,0.01122011868744202,-13.484853744506836,7
1IBR,7,14.08794116973877,17.305349349975586,53.51198959350586,0.0,0.010689082663609864,-16.619728088378906,0
1IBR,8,15.537837028503418,20.499488830566406,56.614315032958984,0.0,0.009123471780650354,-16.057167053222656,0
1IBR,9,8.470032691955566,10.061123847961426,25.72661018371582,0.0,0.04005427527970928,-16.1832275390625,2
1IBR,10,12.759286880493164,15.534562110900879,51.07539749145508,0.0,0.012062310548154334,-16.99688148498535,0
1IBR,11,8.496747970581055,8.788918495178223,22.863500595092773,0.0,0.04991143907751985,-16.797237396240234,0
1IBR,12,12.81550121307373,16.76940155029297,53.7673225402832,0.0,0.01077339300745178,-14.763317108154297,3
1IBR,13,11.660643577575684,13.589863777160645,30.840120315551758,0.0,0.027545621922988515,-16.132946014404297,1
1IBR,14,14.146624565124512,18.103191375732422,48.327308654785156,0.0,0.012275199005866063,-15.908669471740723,25
2SIC,0,9.625688552856445,7.185523986816406,18.57103157043457,0.228571,0.14784505477847468,-20.466800689697266,2
2SIC,1,9.93477725982666,7.13707160949707,30.831552505493164,0.2,0.10431332357856045,-15.131266593933105,5
2SIC,2,3.6882197856903076,3.0059003829956055,11.489861488342285,0.457143,0.3367396198998161,-20.006847381591797,1
2SIC,3,1.393043041229248,1.5248011350631714,4.1302266120910645,0.457143,0.5859784573307071,-23.15664291381836,2
2SIC,4,7.5838165283203125,5.5313615798950195,19.589134216308594,0.2,0.1423166843438597,-18.578113555908203,5
2SIC,5,8.961896896362305,6.794537544250488,17.252408981323242,0.171429,0.13774228838543268,-17.766332626342773,4
2SIC,6,9.84981918334961,7.590032577514648,19.206960678100586,0.142857,0.11473978536442182,-18.562849044799805,1
2SIC,7,7.3120293617248535,4.846078872680664,20.48941421508789,0.114286,0.11618240141743914,-17.341598510742188,1
2SIC,8,9.67216968536377,7.327102184295654,18.3547306060791,0.2,0.13893716928023825,-20.962011337280273,2
2SIC,9,10.03561019897461,7.386997222900391,23.059532165527344,0.2,0.11974036710089746,-17.328882217407227,10
2SIC,10,4.54914665222168,3.630565643310547,16.448936462402344,0.371429,0.24266428167654974,-18.50218391418457,8
2SIC,11,1.836389183998108,1.27978515625,4.75886869430542,0.342857,0.5609787198351731,-21.846675872802734,2
2SIC,12,11.108582496643066,9.611821174621582,27.409461975097656,0.0,0.03716908609544561,-14.896123886108398,1
2SIC,13,6.144699573516846,4.07769775390625,19.64911651611328,0.0,0.09227453149831781,-16.228336334228516,0
2SIC,14,9.895642280578613,7.266475677490234,19.322755813598633,0.142857,0.11528725172975852,-21.352718353271484,0
1BVN,0,8.3280029296875,13.782381057739258,25.46695899963379,0.0,0.03731331146009128,-15.142004013061523,0
1BVN,1,6.52646017074585,9.460084915161133,20.022850036621094,0.0,0.059073426340919534,-17.026655197143555,0
1BVN,2,13.401104927062988,20.75908851623535,43.67127227783203,0.0,0.013898144970612758,-21.48293113708496,0
1BVN,3,11.754003524780273,14.489727020263672,35.25320816040039,0.076923,0.04748914820504996,-14.561776161193848,39
1BVN,4,11.456405639648438,16.456478118896484,36.17082595825195,0.0,0.020190968220864428,-12.857438087463379,22
1BVN,5,10.907907485961914,16.403291702270508,35.04118347167969,0.0,0.0212880081696377,-19.313310623168945,0
1BVN,6,11.941943168640137,15.404075622558594,37.97833251953125,0.0,0.019031807920015468,-14.512907028198242,8
1BVN,7,8.294905662536621,13.900508880615234,25.673126220703125,0.0,0.036766370517473175,-15.375228881835938,0
1BVN,8,8.105313301086426,13.359893798828125,25.54679298400879,0.0,0.037373175816364464,-14.990256309509277,0
1BVN,9,4.376041412353516,7.4419331550598145,13.276670455932617,0.076923,0.13556155154631852,-19.91408348083496,4
1BVN,10,6.747145652770996,12.337362289428711,19.243947982788086,0.0,0.05927144154675604,-16.99481201171875,0
1BVN,11,7.110128879547119,10.338807106018066,22.02754020690918,0.0,0.0500735569294497,-15.4212007522583,1
1BVN,12,8.385632514953613,13.956304550170898,25.826778411865234,0.0,0.036383629699001586,-15.689672470092773,0
1BVN,13,9.536309242248535,12.638772010803223,28.73235321044922,0.0,0.03145484385331428,-15.064289093017578,37
1BVN,14,7.670248508453369,13.138269424438477,23.334016799926758,0.0,0.04333931971258189,-20.140703201293945,0
1E6J,0,17.12091827392578,12.735383033752441,36.14662551879883,0.0,0.02202745252130663,-14.152082443237305,36
1E6J,1,29.21220588684082,24.311017990112305,54.15541076660156,0.0,0.00927843231225198,-14.651798248291016,17
1E6J,2,27.945751190185547,25.711183547973633,53.073726654052734,0.0,0.009466699113010865,-17.231691360473633,1
1E6J,3,43.68860626220703,54.68185806274414,132.24264526367188,0.0,0.0016220982105845116,-13.648418426513672,18
1E6J,4,28.40651512145996,23.386091232299805,54.000518798828125,0.0,0.009424916454265488,-15.234315872192383,12
1E6J,5,28.51812744140625,26.39312171936035,52.70039749145508,0.0,0.00952472873721781,-14.562151908874512,10
1E6J,6,30.55219841003418,24.614036560058594,64.75138092041016,0.0,0.00688009664803666,-16.624937057495117,82
1E6J,7,27.533302307128906,28.151058197021484,52.285831451416016,0.0,0.009526335107029184,-14.67226505279541,17
1E6J,8,27.10087776184082,13.506593704223633,57.89546203613281,0.0,0.011094528453954066,-17.856830596923828,0
1E6J,9,24.70153045654297,17.25661849975586,51.692745208740234,0.0,0.011275137391539061,-15.532454490661621,38
1E6J,10,28.033218383789062,26.91118049621582,53.441131591796875,0.0,0.009257008976854116,-14.105047225952148,26
1E6J,11,43.24476623535156,53.932315826416016,129.22824096679688,0.0,0.0016935571532872074,-12.773442268371582,10
1E6J,12,18.32253646850586,13.952661514282227,45.62569046020508,0.0,0.014989512146093134,-13.362256050109863,37
1E6J,13,17.82195472717285,13.118714332580566,36.914405822753906,0.0,0.021085382669353697,-13.897708892822266,41
1E6J,14,31.753747940063477,18.505035400390625,61.88979721069336,0.0,0.008346995660597536,-16.882360458374023,20
2IDO,0,9.153247833251953,8.38088607788086,21.831815719604492,0.0,0.05422373595709035,-19.44912338256836,36
2IDO,1,18.496097564697266,14.797063827514648,41.69351577758789,0.0,0.016691854465300613,-19.2712345123291,6
2IDO,2,12.552452087402344,12.317668914794922,34.77078628540039,0.0,0.02366755841309622,-20.104948043823242,6
2IDO,3,12.415423393249512,12.438936233520508,34.47592544555664,0.0,0.023878797047594397,-19.548006057739258,3
2IDO,4,16.191055297851562,12.952685356140137,36.351600646972656,0.0,0.02169147193613419,-20.58036994934082,3
2IDO,5,16.663673400878906,15.579391479492188,35.66914749145508,0.0,0.02097360698960736,-18.42346954345703,11
2IDO,6,12.807249069213867,12.911895751953125,35.9118766784668,0.0,0.022122196134377662,-19.150983810424805,4
2IDO,7,13.430449485778809,13.218698501586914,36.81905746459961,0.0,0.021104014686866086,-20.65390396118164,3
2IDO,8,15.20868968963623,11.589385986328125,33.49013900756836,0.0,0.02566494498080538,-18.70313262939453,17
2IDO,9,18.024133682250977,13.643119812011719,38.76350021362305,0.0,0.019273589469914035,-18.033546447753906,19
2IDO,10,16.996179580688477,15.58609676361084,36.11223220825195,0.0,0.02055707851672002,-15.162797927856445,35
2IDO,11,20.705163955688477,16.875215530395508,44.88056182861328,0.0,0.014155405358019985,-18.686735153198242,1
2IDO,12,18.75214385986328,15.388193130493164,42.008506774902344,0.0,0.01624786074470755,-17.994190216064453,6
2IDO,13,14.061305046081543,14.16850471496582,35.49327087402344,0.0,0.021774922703791975,-19.06627655029297,11
2IDO,14,12.542776107788086,12.44024658203125,33.50603103637695,0.0,0.024931808083882536,-20.378570556640625,4
4GAM,0,14.564740180969238,30.944625854492188,62.54488754272461,0.0,0.006826238616686856,-14.093440055847168,36
4GAM,1,12.918221473693848,27.152902603149414,55.097591400146484,0.0,0.008762991243060235,-17.83762550354004,4
4GAM,2,17.921920776367188,36.8682975769043,77.59734344482422,0.0,0.004503089897453418,-16.198930740356445,8
4GAM,3,12.856178283691406,26.1395320892334,54.89692306518555,0.0,0.008898309982584078,-15.050617218017578,17
4GAM,4,1.0664128065109253,2.454927444458008,4.59710168838501,0.395349,0.4802966928079447,-18.02372169494629,0
4GAM,5,7.1029839515686035,18.91110610961914,29.445737838745117,0.0,0.027723648816769614,-13.48996639251709,26
4GAM,6,4.668786525726318,11.440958023071289,19.393596649169922,0.0,0.05934702114610645,-14.447522163391113,19
4GAM,7,2.118389368057251,4.205539703369141,9.198927879333496,0.162791,0.2454068684841176,-18.89655303955078,6
4GAM,8,18.650779724121094,36.93245315551758,80.65943145751953,0.0,0.00421003137063333,-15.598156929016113,14
4GAM,9,11.74330997467041,23.48263168334961,49.93776321411133,0.0,0.01074000752367473,-13.732529640197754,23
4GAM,10,12.859755516052246,26.579580307006836,54.80799102783203,0.0,0.008887249710936336,-20.04738998413086,2
4GAM,11,10.14404010772705,23.111845016479492,43.40679931640625,0.0,0.013708214842520326,-15.319598197937012,14
4GAM,12,15.898381233215332,31.404531478881836,67.50318908691406,0.0,0.005961515129813233,-13.363846778869629,37
4GAM,13,15.644912719726562,30.158851623535156,67.85587310791016,0.0,0.005972219215133517,-16.458324432373047,10
4GAM,14,15.739472389221191,30.550016403198242,68.41271209716797,0.0,0.00586912036075338,-17.930233001708984,2
2A5T,0,15.151250839233398,11.414302825927734,28.102624893188477,0.0,0.033597484523061716,-12.054584503173828,24
2A5T,1,15.668973922729492,12.004240989685059,29.075733184814453,0.0,0.031369261728272285,-10.986539840698242,34
2A5T,2,15.169065475463867,11.774932861328125,27.883304595947266,0.0,0.0336653405613807,-10.848254203796387,21
2A5T,3,16.911453247070312,12.370809555053711,30.005285263061523,0.0,0.029592412395714973,-10.721698760986328,35
2A5T,4,16.773622512817383,12.352502822875977,31.033105850219727,0.0,0.0281059833640651,-10.863348960876465,29
2A5T,5,14.820895195007324,11.69919490814209,28.889724731445312,0.0,0.031947640046198954,-11.010754585266113,32
2A5T,6,18.827516555786133,12.866520881652832,31.72633934020996,0.0,0.026793644862066077,-10.561806678771973,22
2A5T,7,17.77196502685547,12.017386436462402,30.393983840942383,0.0,0.0292925838731099,-10.38182258605957,19
2A5T,8,17.59931182861328,12.32669448852539,30.570804595947266,0.0,0.028783995663707707,-10.77248477935791,15
2A5T,9,12.441778182983398,10.377336502075195,24.6208438873291,0.0,0.042320273110922846,-10.770560264587402,26
2A5T,10,19.743026733398438,12.977996826171875,31.97088050842285,0.0,0.026400456263654424,-10.230391502380371,35
2A5T,11,18.988323211669922,12.234025955200195,31.366437911987305,0.0,0.027740717035071888,-10.062214851379395,26
2A5T,12,17.608720779418945,12.38253402709961,30.591440200805664,0.0,0.0287109118383989,-11.145044326782227,21
2A5T,13,17.929737091064453,13.253899574279785,31.694129943847656,0.0,0.026581794558933697,-10.48189640045166,29
2A5T,14,8.844032287597656,7.4676833152771,17.308515548706055,0.0,0.07769632467736136,-11.996891021728516,26
4H03,0,34.870548248291016,38.44705581665039,92.68614196777344,0.0,0.003286642551854292,-16.37408447265625,5
4H03,1,18.626956939697266,16.57830047607422,28.519241333007812,0.0,0.029901158750175544,-17.22411346435547,7
4H03,2,22.959400177001953,18.689373016357422,34.70683288574219,0.0,0.020995503027107048,-13.826193809509277,22
4H03,3,34.88093948364258,39.50352096557617,92.61109924316406,0.0,0.0032644157044887517,-15.01171588897705,12
4H03,4,19.82362174987793,16.34066390991211,31.930641174316406,0.0,0.02484339079705601,-14.146007537841797,19
4H03,5,21.41663360595703,17.65838623046875,32.103145599365234,0.0,0.024225137300807848,-15.694543838500977,13
4H03,6,19.431241989135742,16.750741958618164,30.792997360229492,0.0,0.026252198788126915,-15.856722831726074,12
4H03,7,19.89335823059082,17.576597213745117,31.055843353271484,0.0,0.02564054722855653,-15.938486099243164,8
4H03,8,24.265060424804688,19.523916244506836,37.374759674072266,0.0,0.018349015399372944,-15.60723876953125,10
4H03,9,22.55388832092285,18.72473907470703,33.83823776245117,0.0,0.021910060142321858,-15.364263534545898,22
4H03,10,34.200862884521484,37.261497497558594,89.10326385498047,0.0,0.0035453509656470828,-12.427010536193848,9
4H03,11,34.1153678894043,39.48220443725586,93.04994201660156,0.0,0.0032389475200748324,-14.394325256347656,12
4H03,12,15.537221908569336,13.808761596679688,24.21927261352539,0.0,0.040442461780060564,-14.026310920715332,12
4H03,13,34.35124969482422,39.3399772644043,96.9026870727539,0.0,0.0030290736157014306,-14.294892311096191,5
4H03,14,35.077476501464844,40.355709075927734,95.6717758178711,0.0,0.003070451200391838,-15.80211067199707,11
3BP8,0,15.451225280761719,21.846294403076172,58.134403228759766,0.0,0.008541012001392317,-19.791669845581055,2
3BP8,1,14.99875259399414,20.00960350036621,56.61252975463867,0.0,0.009211421859333425,-16.645896911621094,0
3BP8,2,13.99323558807373,19.988449096679688,52.141822814941406,0.0,0.010495521042074572,-13.63018798828125,12
3BP8,3,22.673973083496094,28.03497886657715,79.7009506225586,0.0,0.004700198419302685,-17.073505401611328,22
3BP8,4,12.276819229125977,18.83418846130371,47.46614074707031,0.0,0.012458133225629539,-17.114505767822266,5
3BP8,5,13.17270278930664,15.148031234741211,48.33885955810547,0.0,0.01323443174941546,-15.903350830078125,18
3BP8,6,11.352828979492188,14.007034301757812,41.433467864990234,0.0,0.017241376710720277,-16.00069808959961,6
3BP8,7,10.656438827514648,15.428866386413574,41.77023696899414,0.0,0.016375528747454352,-19.589487075805664,0
3BP8,8,13.18729305267334,18.670377731323242,48.82588195800781,0.0,0.011942821381113647,-18.63279151916504,5
3BP8,9,20.20726203918457,25.660478591918945,73.46973419189453,0.0,0.005537903662024637,-19.4946346282959,5
3BP8,10,11.753625869750977,18.41621208190918,45.28717041015625,0.0,0.013539852419683154,-20.86837387084961,1
3BP8,11,14.12639331817627,16.21584129333496,52.02508544921875,0.0,0.011494641874244038,-15.478198051452637,9
3BP8,12,13.604192733764648,18.80656623840332,50.21615219116211,0.0,0.011391675734194305,-17.026565551757812,16
3BP8,13,13.856622695922852,15.680876731872559,50.97993469238281,0.0,0.012038398887016105,-16.76746940612793,7
3BP8,14,20.374540328979492,27.29568862915039,73.79542541503906,0.0,0.005368099136886028,-17.641082763671875,5
1XQS,0,13.806495666503906,14.18847370147705,31.59162712097168,0.0,0.02618624775080507,-16.788679122924805,0
1XQS,1,22.292116165161133,12.246294021606445,42.9236946105957,0.0,0.017505189595790283,-16.714338302612305,0
1XQS,2,13.840429306030273,14.360404014587402,31.55852508544922,0.0,0.0261435351074531,-16.809234619140625,0
1XQS,3,22.97599220275879,16.453693389892578,47.3185920715332,0.0,0.013167339415389922,-14.941068649291992,3
1XQS,4,22.003772735595703,12.217153549194336,41.23209762573242,0.0,0.018538676444038022,-19.189435958862305,0
1XQS,5,13.179594993591309,13.648489952087402,33.228187561035156,0.0,0.024450834906552088,-14.983084678649902,7
1XQS,6,22.436071395874023,13.582499504089355,44.984397888183594,0.0,0.015507386006567475,-14.291399955749512,0
1XQS,7,23.930587768554688,15.897881507873535,45.62477111816406,0.0,0.014122686581157706,-15.712441444396973,4
1XQS,8,21.722660064697266,12.428827285766602,44.816162109375,0.0,0.01635984619481423,-14.31209659576416,2
1XQS,9,23.19281768798828,12.611331939697266,40.61438751220703,0.0,0.01863732015985906,-17.704769134521484,2
1XQS,10,22.126760482788086,11.94253921508789,42.062347412109375,0.0,0.01825507370888705,-15.741634368896484,1
1XQS,11,13.228999137878418,13.366065979003906,30.21891212463379,0.0,0.028585247465259627,-18.282604217529297,0
1XQS,12,18.984386444091797,14.767786026000977,33.088829040527344,0.142857,0.07165769729832219,-15.024158477783203,7
1XQS,13,21.892515182495117,12.795380592346191,41.97996139526367,0.0,0.017646369780109916,-16.642087936401367,4
1XQS,14,23.581605911254883,14.496044158935547,45.234405517578125,0.0,0.014899953167177502,-13.741955757141113,4
2J7P,0,24.020658493041992,18.45245933532715,36.456146240234375,0.0,0.01937464165550092,-16.648479461669922,0
2J7P,1,23.370922088623047,17.957609176635742,36.329288482666016,0.0,0.01961005144870708,-17.984359741210938,0
2J7P,2,7.689413547515869,5.848019123077393,14.398224830627441,0.0,0.10672413595246018,-17.42527961730957,0
2J7P,3,29.87204360961914,25.467313766479492,70.81221008300781,0.0,0.005887011992693865,-14.114175796508789,13
2J7P,4,14.497709274291992,10.877168655395508,27.321273803710938,0.066667,0.057859640530563194,-17.132991790771484,9
2J7P,5,25.114086151123047,19.981456756591797,36.97393798828125,0.0,0.01860036910741769,-18.188697814941406,0
2J7P,6,10.978589057922363,9.176936149597168,21.132099151611328,0.0,0.05509374523581239,-17.790220260620117,2
2J7P,7,5.950775146484375,4.643219470977783,11.187732696533203,0.0,0.15349325614932738,-17.24404525756836,0
2J7P,8,5.091492652893066,4.868330001831055,14.395190238952637,0.066667,0.13729791661143206,-18.603593826293945,0
2J7P,9,10.613580703735352,8.593291282653809,18.892377853393555,0.0,0.06597196081662964,-17.141544342041016,0
2J7P,10,20.273357391357422,16.800453186035156,40.757598876953125,0.4,0.14986292974857696,-15.267256736755371,84
2J7P,11,22.845684051513672,17.45465660095215,35.693603515625,0.0,0.02033242851590637,-17.37558937072754,0
2J7P,12,18.573570251464844,14.120870590209961,31.481544494628906,0.0,0.026368145354329586,-16.33710289001465,5
2J7P,13,23.510892868041992,18.173809051513672,35.64546585083008,0.0,0.020189888613845745,-17.902177810668945,0
2J7P,14,22.845552444458008,17.394258499145508,36.126251220703125,0.0,0.019945738436473705,-17.842998504638672,0
3HI6,0,6.965558052062988,7.285999774932861,16.109647750854492,0.0,0.08614389941867429,-15.111287117004395,0
3HI6,1,20.546411514282227,17.77106285095215,54.278194427490234,0.0,0.010336954519678395,-17.17548179626465,0
3HI6,2,21.957294464111328,16.397188186645508,64.55459594726562,0.0,0.008446965285282583,-15.351408004760742,0
3HI6,3,7.772650718688965,7.3849263191223145,16.824115753173828,0.0,0.08099014429186484,-15.63753890991211,0
3HI6,4,8.242834091186523,7.389904499053955,16.980958938598633,0.333333,0.19108741956518957,-22.47524070739746,0
3HI6,5,8.838981628417969,8.704424858093262,17.239070892333984,0.333333,0.18591382460668146,-20.07388687133789,0
3HI6,6,18.5130672454834,10.49894905090332,52.439247131347656,0.0,0.015201734339901468,-16.876928329467773,1
3HI6,7,35.65862274169922,30.55573081970215,99.75273895263672,0.0,0.0032042060646105485,-18.72772789001465,0
3HI6,8,19.39032745361328,11.926153182983398,55.724849700927734,0.0,0.012770230144209216,-14.997953414916992,3
3HI6,9,12.860064506530762,9.864874839782715,32.704227447509766,0.0,0.028624832865395623,-16.486711502075195,0
3HI6,10,42.10237503051758,64.63153839111328,131.13446044921875,0.0,0.0015740877443443024,0.0,0
3HI6,11,21.87847328186035,17.68329620361328,57.521541595458984,0.0,0.009504524191248654,-17.131702423095703,0
3HI6,12,10.645752906799316,9.773768424987793,24.278301239013672,0.5,0.21073414388307543,-15.234548568725586,2
3HI6,13,35.75092315673828,30.07200813293457,99.34761810302734,0.0,0.0032496235251701726,-25.540407180786133,0
3HI6,14,17.34696388244629,11.844832420349121,48.758644104003906,0.0,0.015092624666203808,-17.435407638549805,2
2MTA,0,2.633920669555664,2.704206705093384,7.5048041343688965,1.0,0.5990766457906457,-20.24688720703125,0
2MTA,1,8.507421493530273,11.10726261138916,20.879079818725586,1.0,0.38669444640720113,-20.280750274658203,1
2MTA,2,20.391616821289062,17.565698623657227,60.822608947753906,0.0,0.008798472919671653,-14.3082275390625,0
2MTA,3,22.581729888916016,20.301475524902344,66.48690032958984,0.0,0.007170324709232688,-17.310606002807617,1
2MTA,4,7.48643684387207,9.423486709594727,18.539430618286133,1.0,0.3994685029448141,-22.768264770507812,1
2MTA,5,26.71690559387207,26.51622200012207,76.25798797607422,0.0,0.005153852840033994,-20.52574920654297,3
2MTA,6,7.530249118804932,9.261000633239746,18.88210105895996,1.0,0.39802111827389136,-23.950613021850586,0
2MTA,7,20.77204704284668,18.462778091430664,61.10213851928711,0.0,0.008513989093292389,-15.394055366516113,0
2MTA,8,20.75458335876465,17.44817352294922,60.776798248291016,0.0,0.008840295642612248,-17.11257553100586,0
2MTA,9,8.294772148132324,10.83035659790039,20.309871673583984,1.0,0.38928993683387714,-21.399925231933594,4
2MTA,10,2.235267162322998,2.7055578231811523,5.622830867767334,0.0,0.3102383134983581,-21.244619369506836,0
2MTA,11,3.575535774230957,4.046314239501953,9.42007827758789,0.5,0.35653737303474364,-23.709686279296875,0
2MTA,12,8.37015438079834,10.884037971496582,20.509342193603516,0.5,0.22174194670534766,-17.12006187438965,1
2MTA,13,18.50320816040039,17.617034912109375,55.76552200317383,0.0,0.009967667910997803,-14.702655792236328,0
2MTA,14,5.224201679229736,6.261016845703125,13.240704536437988,0.0,0.1153742993761636,-20.65641975402832,0
6EY6,0,26.997730255126953,20.99505615234375,47.08443832397461,0.0,0.012213281047316414,-16.32428741455078,1
6EY6,1,27.18745994567871,18.90328598022461,39.58368682861328,0.0,0.016778601129853635,-15.460349082946777,13
6EY6,2,21.53311538696289,20.904783248901367,42.14527893066406,0.0,0.014736178374125634,-19.002283096313477,3
6EY6,3,16.41248321533203,16.88092803955078,48.678829193115234,0.0,0.01247390350636326,-16.678356170654297,5
6EY6,4,21.113155364990234,18.234329223632812,34.22356414794922,0.0,0.021607880334072488,-14.720356941223145,9
6EY6,5,27.858095169067383,23.514774322509766,41.884033203125,0.0,0.014536226761587655,-15.95192813873291,0
6EY6,6,25.904821395874023,20.842008590698242,42.63312530517578,0.0,0.01446129273055704,-19.256792068481445,14
6EY6,7,20.15988540649414,14.87267780303955,34.57038497924805,0.0,0.02235924111192597,-17.354501724243164,23
6EY6,8,26.613506317138672,19.73208236694336,40.56941223144531,0.0,0.015932395155923887,-16.997676849365234,14
6EY6,9,23.731027603149414,25.721393585205078,56.568382263183594,0.0,0.008489700545416652,-14.900527000427246,2
6EY6,10,25.509014129638672,20.829885482788086,41.32262420654297,0.0,0.015251066909363726,-17.425148010253906,13
6EY6,11,19.966480255126953,18.579771041870117,48.114601135253906,0.0,0.012246788620780507,-17.37445068359375,15
6EY6,12,29.671676635742188,22.435596466064453,48.26591110229492,0.0,0.011510369208068354,-16.871118545532227,9
6EY6,13,26.31301498413086,18.98924446105957,42.78466796875,0.0,0.014723952854517096,-16.411434173583984,33
6EY6,14,29.545249938964844,22.691686630249023,44.674686431884766,0.0,0.013095496180526705,-15.153257369995117,12
1GL1,0,11.545079231262207,14.086369514465332,36.34729766845703,0.0,0.021021530434977533,-16.4439697265625,9
1GL1,1,5.762216567993164,8.298075675964355,17.32273292541504,0.0,0.0752305990287599,-23.94572639465332,2
1GL1,2,2.699119806289673,4.052784442901611,8.248141288757324,0.0,0.21183871304810645,-22.98076057434082,0
1GL1,3,5.6747660636901855,7.786733150482178,18.9353084564209,0.0,0.06783114765382131,-18.127174377441406,0
1GL1,4,4.554512977600098,6.140224456787109,14.433855056762695,0.0,0.10460457710756509,-23.33232879638672,0
1GL1,5,5.700223445892334,8.862130165100098,17.59686851501465,0.0,0.07234555117460828,-17.533544540405273,1
1GL1,6,3.370358467102051,5.174302577972412,10.821463584899902,0.0,0.15302798276535604,-18.02561378479004,1
1GL1,7,6.764764308929443,9.987236976623535,21.906068801879883,0.0,0.05097259096994891,-14.999056816101074,1
1GL1,8,9.149124145507812,10.686959266662598,30.72125244140625,0.0,0.030142928856783033,-18.080944061279297,2
1GL1,9,6.0952277183532715,9.322115898132324,17.835954666137695,0.0,0.07010601816345331,-21.065250396728516,0
1GL1,10,6.2506208419799805,8.093700408935547,21.394081115722656,0.0,0.05651276959668408,-16.797618865966797,0
1GL1,11,6.957388877868652,10.39443588256836,21.83068084716797,0.0,0.05068132488341951,-19.051057815551758,0
1GL1,12,3.331714391708374,4.897587776184082,10.557699203491211,0.074074,0.1843683297174519,-19.64400863647461,0
1GL1,13,5.551077842712402,8.963859558105469,16.184598922729492,0.037037,0.09349000986728002,-16.25918960571289,0
1GL1,14,7.677933216094971,9.322035789489746,26.246644973754883,0.0,0.040054039882346494,-16.823904037475586,0
1E96,0,19.955644607543945,11.195411682128906,32.7639045715332,0.0,0.02689852840341347,-14.015746116638184,7
1E96,1,19.797792434692383,12.875460624694824,41.45477294921875,0.0,0.0179123101694368,-11.640625953674316,1
1E96,2,18.433073043823242,13.893301010131836,36.68679428100586,0.0,0.02082272941905828,-12.169829368591309,1
1E96,3,20.739776611328125,12.672606468200684,33.26723098754883,0.0,0.025033239613236554,-15.528609275817871,19
1E96,4,18.23790168762207,14.157661437988281,37.43642044067383,0.0,0.02004193556658999,-12.290777206420898,5
1E96,5,17.485431671142578,12.881729125976562,32.43186950683594,0.0,0.02588427192126014,-12.357795715332031,1
1E96,6,17.15825080871582,9.753657341003418,42.048580169677734,0.0,0.020787882882608823,-14.410799026489258,5
1E96,7,17.793560028076172,10.456198692321777,42.942726135253906,0.0,0.019288948522652134,-14.032663345336914,11
1E96,8,8.28081226348877,9.58208179473877,31.640857696533203,0.0,0.030409723181594725,-14.090677261352539,2
1E96,9,18.86764907836914,12.309924125671387,33.250160217285156,0.0,0.02532428836478565,-13.045117378234863,1
1E96,10,18.584489822387695,14.421554565429688,36.64208221435547,0.0,0.020588820747824706,-12.422223091125488,5
1E96,11,18.50404930114746,13.41658878326416,34.19099426269531,0.0,0.023517224245927615,-12.162090301513672,3
1E96,12,19.20394515991211,13.677861213684082,35.29689025878906,0.0,0.02223222139874378,-12.892290115356445,2
1E96,13,14.103597640991211,14.114208221435547,32.576114654541016,0.0,0.024970559119331406,-17.829090118408203,1
1E96,14,19.636491775512695,11.161008834838867,31.18154525756836,0.181818,0.0895764099519392,-14.2875337600708,9
4POU,0,16.84966278076172,13.934463500976562,24.102096557617188,0.0,0.0406903300885776,-16.99639129638672,0
4POU,1,7.478552341461182,6.567000389099121,14.939739227294922,0.0,0.0980439767372257,-16.7791690826416,6
4POU,2,9.465092658996582,7.876996994018555,19.307674407958984,0.0,0.06578004098246021,-15.917441368103027,0
4POU,3,16.40311622619629,12.483041763305664,25.267658233642578,0.0,0.03863110452086933,-13.521614074707031,0
4POU,4,17.21392059326172,15.5745849609375,26.592905044555664,0.0,0.03396204916620121,-17.966201782226562,4
4POU,5,11.697980880737305,10.411432266235352,19.471912384033203,0.0,0.06013015448749045,-14.820686340332031,0
4POU,6,39.07627868652344,47.124961853027344,88.56431579589844,0.0,0.0033797845858236316,0.0,0
4POU,7,8.193227767944336,6.743561744689941,15.008598327636719,0.0,0.09666502592367754,-16.670835494995117,0
4POU,8,10.47044849395752,8.214722633361816,19.540359497070312,0.0,0.06379366705308799,-15.576539039611816,0
4POU,9,10.236268997192383,7.829517364501953,18.93326187133789,0.0,0.06771581700231372,-16.06161880493164,2
4POU,10,13.253668785095215,12.090448379516602,22.511648178100586,0.0,0.04664588053425123,-15.202484130859375,0
4POU,11,8.719178199768066,8.0485258102417,18.000080108642578,0.0,0.07196691148945199,-16.335317611694336,1
4POU,12,15.390396118164062,12.431288719177246,23.886402130126953,0.0,0.04224926011562754,-12.125276565551758,1
4POU,13,9.201054573059082,7.739544868469238,17.374515533447266,0.0,0.07644010345829809,-16.052013397216797,1
4POU,14,10.600920677185059,10.165149688720703,19.051422119140625,0.0,0.0624412917332595,-15.386069297790527,0
1RV6,0,16.643421173095703,13.00545597076416,46.50535583496094,0.0,0.015151486167312924,-13.77299976348877,0
1RV6,1,18.349159240722656,13.55856990814209,43.60176467895508,0.0,0.016234623105425987,-17.28530502319336,2
1RV6,2,23.41050910949707,22.989505767822266,69.03470611572266,0.0,0.006390958915511177,-21.901744842529297,0
1RV6,3,23.073781967163086,22.963720321655273,65.71212768554688,0.0,0.006901745986384141,-21.432580947875977,0
1RV6,4,11.474556922912598,12.192166328430176,24.853084564208984,0.0,0.039877349304973386,-20.972091674804688,0
1RV6,5,12.104496002197266,11.833120346069336,22.665250778198242,0.0,0.04637195707886846,-24.76456069946289,0
1RV6,6,21.666139602661133,23.213130950927734,67.5961685180664,0.0,0.006574771962893993,-17.834896087646484,0
1RV6,7,14.852662086486816,15.616974830627441,36.50212860107422,0.0,0.02019241539761592,-19.391889572143555,0
1RV6,8,16.586793899536133,18.05257797241211,42.601070404052734,0.0,0.015047649328374553,-16.48097038269043,2
1RV6,9,12.262495040893555,11.842758178710938,22.98626136779785,0.0,0.04536069810976573,-20.995746612548828,0
1RV6,10,24.208663940429688,27.63961410522461,65.9136962890625,0.0,0.0064314438024274554,-19.52098274230957,0
1RV6,11,26.255823135375977,29.018884658813477,69.06878662109375,0.0,0.0058613342945675615,-22.523874282836914,0
1RV6,12,25.499313354492188,24.553417205810547,70.82780456542969,0.0,0.005972012448384558,-19.236404418945312,0
1RV6,13,16.509599685668945,13.12926959991455,46.08720397949219,0.0,0.015260360306844892,-16.379291534423828,0
1RV6,14,13.73470687866211,14.394037246704102,33.38423156738281,0.0,0.023874407198199433,-18.5471248626709,0
1AVX,0,21.577672958374023,21.45795440673828,60.82032775878906,0.0,0.008006786965416167,-14.999902725219727,6
1AVX,1,19.607324600219727,23.085739135742188,52.47521209716797,0.0,0.009923706791030164,-15.576077461242676,0
1AVX,2,22.623117446899414,25.702817916870117,64.77023315429688,0.0,0.00677493571167595,-17.22426414489746,0
1AVX,3,22.18612289428711,23.67765235900879,69.91724395751953,0.0,0.006187284284338683,-18.29511260986328,3
1AVX,4,13.751744270324707,14.031813621520996,22.83542251586914,0.0,0.0443305346333999,-14.183700561523438,3
1AVX,5,14.613879203796387,14.398687362670898,57.350223541259766,0.0,0.010743609536919647,-14.274919509887695,2
1AVX,6,23.12213706970215,26.238967895507812,64.48981475830078,0.0,0.006777665629885757,-19.22673988342285,2
1AVX,7,20.124847412109375,19.28260612487793,70.05487060546875,0.0,0.006841052165192838,-13.998625755310059,0
1AVX,8,21.417675018310547,22.871356964111328,63.92942810058594,0.0,0.007217968519392812,-15.513466835021973,3
1AVX,9,19.200956344604492,16.787382125854492,69.89664459228516,0.0,0.007497903903052956,-25.54142951965332,0
1AVX,10,21.338665008544922,21.693662643432617,66.71479797363281,0.0,0.006910578890585659,-20.291580200195312,8
1AVX,11,22.519086837768555,23.076557159423828,69.17853546142578,0.0,0.006359992810226293,-15.344749450683594,0
1AVX,12,23.27799415588379,25.883180618286133,65.85671997070312,0.0,0.006577626542966877,-14.276127815246582,0
1AVX,13,21.697477340698242,22.925073623657227,69.13221740722656,0.0,0.006385055221803261,-17.701213836669922,4
1AVX,14,21.498233795166016,20.959747314453125,57.74114227294922,0.0,0.008768773921178936,-14.793350219726562,4
6CWG,0,21.74189567565918,22.912086486816406,43.910919189453125,0.0,0.013461718553078194,-17.13286781311035,1
6CWG,1,23.606578826904297,21.50040626525879,40.94394302368164,0.0,0.015387056997642956,-16.222320556640625,0
6CWG,2,22.110595703125,22.49687957763672,46.103675842285156,0.0,0.012433266607897703,-15.574714660644531,0
6CWG,3,23.526193618774414,19.95138168334961,38.07950210571289,0.0,0.017693934421223894,-17.3261775970459,0
6CWG,4,22.5816707611084,19.54057502746582,36.63102722167969,0.0,0.018983768299847794,-16.25074577331543,8
6CWG,5,23.783517837524414,21.06606101989746,46.52775573730469,0.0,0.012447017127385959,-15.611559867858887,1
6CWG,6,22.878368377685547,20.410951614379883,33.99819564819336,0.0,0.02140038947735016,-17.700748443603516,0
6CWG,7,23.09721565246582,22.649301528930664,46.990928649902344,0.0,0.012016654740778662,-14.709214210510254,4
6CWG,8,24.255874633789062,17.639284133911133,36.16806411743164,0.0,0.019840052022828642,-15.921874046325684,10
6CWG,9,23.990840911865234,22.244382858276367,44.86178207397461,0.0,0.013060568449640785,-23.548904418945312,0
6CWG,10,24.793508529663086,20.258907318115234,45.0804443359375,0.0,0.013261169096340536,-15.552456855773926,3
6CWG,11,23.79793930053711,21.35669708251953,34.22418975830078,0.0,0.021002947372220943,-22.375944137573242,0
6CWG,12,24.357542037963867,21.161781311035156,36.745452880859375,0.0,0.01859694902631383,-19.39628028869629,0
6CWG,13,23.915311813354492,22.82638931274414,46.724769592285156,0.0,0.012111048829109933,-15.990936279296875,0
6CWG,14,22.13471221923828,21.616901397705078,38.660133361816406,0.0,0.016967790308221806,-14.681924819946289,0
1TMQ,0,12.647974014282227,14.755661964416504,37.344749450683594,0.0,0.019827470650142547,-19.26881980895996,3
1TMQ,1,7.850428581237793,9.008063316345215,18.22622299194336,0.0,0.06853991423429401,-24.277761459350586,0
1TMQ,2,13.449845314025879,15.838797569274902,39.414459228515625,0.0,0.017776730076347544,-18.03671646118164,1
1TMQ,3,7.987380027770996,9.671417236328125,18.1956729888916,0.058824,0.08714879369510081,-22.747215270996094,0
1TMQ,4,7.920100212097168,11.299331665039062,18.410263061523438,0.0,0.06434272307785717,-18.845121383666992,5
1TMQ,5,8.816571235656738,11.022476196289062,20.16823387145996,0.0,0.05633840578135687,-20.6815185546875,1
1TMQ,6,8.249390602111816,10.803918838500977,20.642274856567383,0.0,0.054629665686663643,-19.441734313964844,6
1TMQ,7,7.464076519012451,10.425374031066895,17.12147331237793,0.0,0.07267094189780256,-19.496915817260742,4
1TMQ,8,9.593223571777344,13.293376922607422,21.93436050415039,0.0,0.04771230363296663,-19.607297897338867,0
1TMQ,9,7.735637664794922,9.683099746704102,17.710264205932617,0.0,0.0702191532659514,-19.927148818969727,0
1TMQ,10,8.360987663269043,11.534337043762207,19.21125030517578,0.0,0.060114479502813824,-21.241863250732422,0
1TMQ,11,7.5572943687438965,10.608892440795898,17.68111228942871,0.0,0.06910814107469827,-19.479509353637695,6
1TMQ,12,7.569795608520508,10.510650634765625,17.3915958404541,0.0,0.07092405342379023,-20.025745391845703,4
1TMQ,13,10.270848274230957,13.389603614807129,23.625370025634766,0.0,0.042334280495775915,-18.773639678955078,4
1TMQ,14,7.75745964050293,9.263589859008789,18.294771194458008,0.0,0.06769679937270463,-21.594884872436523,0
1JMO,0,5.480611801147461,5.553891181945801,9.447982788085938,0.173913,0.2297420806574351,-14.557046890258789,3
1JMO,1,24.081283569335938,22.867874145507812,76.9463119506836,0.0,0.005446642850684489,-17.345548629760742,1
1JMO,2,23.758747100830078,18.93817901611328,63.90481185913086,0.0,0.007872841593976594,-14.078285217285156,5
1JMO,3,26.63600730895996,19.53053855895996,67.02693939208984,0.0,0.007230502298085146,-12.959063529968262,0
1JMO,4,8.176844596862793,7.85728120803833,25.014842987060547,0.021739,0.05347120844014431,-12.720597267150879,9
1JMO,5,27.282669067382812,20.263824462890625,70.42303466796875,0.0,0.006602906391230963,-13.712337493896484,8
1JMO,6,18.176254272460938,14.906269073486328,57.05662536621094,0.065217,0.0323177606678704,-13.81087875366211,5
1JMO,7,25.155527114868164,18.55599594116211,67.5255126953125,0.0,0.007363433678323657,-15.125391006469727,3
1JMO,8,15.798370361328125,14.191143989562988,46.62180709838867,0.0,0.01440651233718678,-15.56986141204834,4
1JMO,9,16.791519165039062,15.006184577941895,45.42331314086914,0.0,0.014575101239337994,-13.748458862304688,1
1JMO,10,23.426725387573242,18.806941986083984,60.900814056396484,0.0,0.008476330222516522,-14.590181350708008,3
1JMO,11,15.941104888916016,15.034001350402832,44.822303771972656,0.0,0.014856920848463047,-18.63207244873047,1
1JMO,12,25.99631690979004,19.17864227294922,64.44495391845703,0.0,0.007726296671522241,-12.801613807678223,4
1JMO,13,22.501445770263672,17.520692825317383,66.5405502319336,0.0,0.007777397856762322,-17.110549926757812,5
1JMO,14,24.223949432373047,18.199037551879883,70.353271484375,0.0,0.007044905100603791,-13.02383041381836,4
5O1R,0,11.0669527053833,12.991127967834473,25.382707595825195,0.0,0.03799644140262875,-13.54300308227539,5
5O1R,1,6.13162088394165,9.867149353027344,15.104079246520996,0.0,0.08770468089126332,-14.027329444885254,9
5O1R,2,23.726335525512695,21.892555236816406,61.586822509765625,0.0,0.0077883556156583544,-15.744911193847656,21
5O1R,3,16.82465171813965,14.565977096557617,43.08404541015625,0.0,0.01598605992274971,-15.396954536437988,6
5O1R,4,6.137205600738525,9.668696403503418,14.700756072998047,0.0,0.09135187434644705,-16.0580997467041,1
5O1R,5,7.911922931671143,10.661377906799316,22.311277389526367,0.0,0.048718527077145475,-14.120745658874512,1
5O1R,6,5.430213451385498,7.329757213592529,18.006271362304688,0.0,0.07414226996862132,-15.117853164672852,4
5O1R,7,15.276543617248535,15.066061973571777,42.28160095214844,0.0,0.016219875828747937,-11.858534812927246,11
5O1R,8,7.8114800453186035,10.305001258850098,22.407190322875977,0.0,0.04884883238339577,-16.023183822631836,1
5O1R,9,7.746255874633789,10.26605224609375,21.123064041137695,0.0,0.05342156704220766,-14.458483695983887,2
5O1R,10,10.485072135925293,13.464776992797852,25.021089553833008,0.0,0.038574351824986926,-14.151626586914062,6
5O1R,11,11.358867645263672,13.78447151184082,26.565420150756836,0.0,0.03485750727735278,-13.669703483581543,5
5O1R,12,11.905989646911621,14.061531066894531,28.958049774169922,0.0,0.030191852209295447,-13.306005477905273,7
5O1R,13,15.682660102844238,14.745604515075684,42.72152328491211,0.0,0.016106963662351155,-13.453001022338867,20
5O1R,14,11.812273025512695,11.951944351196289,35.38585662841797,0.0,0.023353099168964553,-15.106006622314453,2
1PPE,0,10.519796371459961,13.216289520263672,35.10768508911133,0.0,0.022696693388798688,-21.617063522338867,0
1PPE,1,13.398913383483887,16.643688201904297,41.9454460144043,0.0,0.01583393615748503,-23.461639404296875,1
1PPE,2,5.055347442626953,6.622323513031006,16.46685791015625,0.0,0.08639765662863308,-18.132593154907227,0
1PPE,3,13.074047088623047,15.328858375549316,41.22605895996094,0.0,0.016753859172844606,-25.445032119750977,2
1PPE,4,4.553311347961426,5.641197681427002,15.181476593017578,0.0,0.1015660568965372,-21.043996810913086,0
1PPE,5,13.306619644165039,15.578875541687012,41.89912414550781,0.0,0.01623806048294699,-23.3881893157959,2
1PPE,6,5.789008140563965,9.530566215515137,18.432954788208008,0.0,0.06650875121944072,-18.520915985107422,0
1PPE,7,9.20561408996582,11.460592269897461,31.410629272460938,0.0,0.0283581834251846,-18.114871978759766,1
1PPE,8,12.954697608947754,15.284741401672363,40.80000305175781,0.0,0.0170454501580706,-24.98141860961914,2
1PPE,9,12.727212905883789,16.135526657104492,42.24988555908203,0.0,0.015822829825599526,-17.73024559020996,0
1PPE,10,12.99143123626709,15.45767593383789,40.829654693603516,0.0,0.01695606636684592,-25.70858383178711,1
1PPE,11,9.746299743652344,12.508728981018066,32.98548126220703,0.0,0.02548162287185622,-19.248172760009766,0
1PPE,12,3.2888522148132324,4.796622276306152,10.121316909790039,0.0,0.16755647918727568,-18.234508514404297,0
1PPE,13,11.469949722290039,14.265439987182617,37.75491714477539,0.0,0.019725537421693928,-18.308568954467773,5
1PPE,14,12.658495903015137,15.461122512817383,41.75886154174805,0.0,0.016369575572894576,-17.838546752929688,2
1SBB,0,24.175643920898438,16.567922592163086,50.12455749511719,0.0,0.01202764034444404,-16.067527770996094,13
1SBB,1,20.221590042114258,11.439627647399902,53.2919921875,0.0,0.01390378467286546,-15.47427749633789,4
1SBB,2,20.985525131225586,18.9194393157959,49.32928466796875,0.0,0.011693898642706124,-16.320932388305664,7
1SBB,3,23.564529418945312,8.12444019317627,54.866573333740234,0.0,0.018800652036081278,-16.56976890563965,5
1SBB,4,25.64236068725586,15.241805076599121,56.720741271972656,0.0,0.010518731860232807,-17.006345748901367,12
1SBB,5,23.43398666381836,10.134727478027344,57.19545364379883,0.0,0.014348275521124972,-15.554594039916992,6
1SBB,6,23.610801696777344,13.139924049377441,53.73981857299805,0.0,0.012423640044839169,-13.314607620239258,20
1SBB,7,23.96826171875,9.566658020019531,55.932044982910156,0.0,0.015522741199563797,-16.063779830932617,15
1SBB,8,25.152395248413086,11.075864791870117,57.589725494384766,0.0,0.013110300938007908,-13.161554336547852,7
1SBB,9,22.109569549560547,16.858699798583984,51.046573638916016,0.0,0.011611134574943333,-15.386590957641602,24
1SBB,10,22.275514602661133,7.233642101287842,54.70124053955078,0.0,0.02160128612465186,-17.119047164916992,3
1SBB,11,23.61994743347168,12.206422805786133,55.92765808105469,0.0,0.01248446597523214,-15.553404808044434,3
1SBB,12,24.190040588378906,13.393523216247559,54.504310607910156,0.0,0.012043544115535125,-17.53026008605957,2
1SBB,13,25.809024810791016,19.4079647064209,60.61337661743164,0.0,0.008407997097556017,-15.244189262390137,4
1SBB,14,21.815961837768555,10.060718536376953,57.49307632446289,0.0,0.014378704219741086,-15.2393159866333,11
1FQJ,0,17.136642456054688,15.64676284790039,35.280216217041016,0.307692,0.1238868544789362,-15.615655899047852,17
1FQJ,1,17.140087127685547,15.213217735290527,37.305564880371094,0.0,0.01966022060399435,-18.32064437866211,0
1FQJ,2,17.384868621826172,14.642424583435059,36.11115646362305,0.307692,0.1235248396932415,-12.71743106842041,34
1FQJ,3,11.856130599975586,13.722325325012207,29.305341720581055,0.0,0.029802697119648735,-15.896723747253418,1
1FQJ,4,16.016143798828125,13.421483039855957,32.375064849853516,0.307692,0.12817155166577396,-15.04503059387207,40
1FQJ,5,15.100680351257324,12.555184364318848,35.679779052734375,0.0,0.022592816249358705,-19.699922561645508,0
1FQJ,6,20.3011531829834,16.961584091186523,55.831214904785156,0.0,0.010137809260542975,-14.323305130004883,0
1FQJ,7,17.507978439331055,15.429604530334473,39.10763931274414,0.0,0.018157310768906882,-15.147042274475098,0
1FQJ,8,16.537778854370117,14.18423843383789,36.831092834472656,0.0,0.020542422626507535,-17.49909210205078,0
1FQJ,9,20.339988708496094,15.87293815612793,52.64700698852539,0.0,0.011418677834820217,-12.191579818725586,17
1FQJ,10,16.670162200927734,14.43360710144043,36.65312194824219,0.0,0.02057320018730546,-15.587661743164062,2
1FQJ,11,8.80860424041748,8.737943649291992,18.408422470092773,0.0,0.0681215952580267,-12.74381160736084,18
1FQJ,12,16.949663162231445,14.385435104370117,37.962276458740234,0.0,0.01949880424949683,-14.510944366455078,4
1FQJ,13,9.087117195129395,12.157003402709961,22.93115234375,0.0,0.04526580004885692,-16.759246826171875,3
1FQJ,14,16.56917953491211,13.917014122009277,38.05373001098633,0.0,0.019668626361742752,-15.122684478759766,1
1EFN,0,9.655245780944824,7.723793983459473,28.43843650817871,0.0,0.039451473434925895,-17.649864196777344,0
1EFN,1,12.228822708129883,10.776695251464844,30.86954116821289,0.0,0.029826988743626617,-23.203723907470703,0
1EFN,2,10.858613014221191,9.38904094696045,32.93960189819336,0.0,0.029106602698144694,-20.801206588745117,0
1EFN,3,16.93212890625,14.485895156860352,50.458641052246094,0.0,0.012734209564820484,-20.105838775634766,1
1EFN,4,12.4644193649292,11.606523513793945,31.62189483642578,0.0,0.027937722138099443,-19.432254791259766,0
1EFN,5,12.766879081726074,13.091073036193848,41.486106872558594,0.0,0.017748889953675347,-21.57390594482422,0
1EFN,6,15.51229476928711,14.665617942810059,47.27501678466797,0.0,0.013889408678551964,-17.57044219970703,0
1EFN,7,14.287891387939453,15.593988418579102,43.225975036621094,0.0,0.015465343218569329,-16.889577865600586,0
1EFN,8,12.832523345947266,12.443815231323242,40.46775436401367,0.0,0.018858807478847068,-18.810068130493164,0
1EFN,9,18.433685302734375,15.764159202575684,51.91447067260742,0.0,0.011693554214619345,-21.735036849975586,0
1EFN,10,9.818412780761719,11.351715087890625,17.700603485107422,0.0,0.06818336080697499,-13.561588287353516,0
1EFN,11,15.207600593566895,13.175844192504883,46.89610290527344,0.0,0.014867346747889388,-21.25165367126465,0
1EFN,12,14.62051010131836,12.314465522766113,44.72638702392578,0.0,0.016492725711742495,-20.377716064453125,0
1EFN,13,10.344961166381836,9.284693717956543,30.038143157958984,0.0,0.033191348866962955,-19.908069610595703,1
1EFN,14,12.789766311645508,10.618884086608887,32.583885192871094,0.0,0.0277593968916483,-25.045879364013672,0
6B0S,0,3.2719438076019287,5.155816555023193,10.167232513427734,0.416667,0.3020325235241386,-15.65250301361084,5
6B0S,1,6.8783063888549805,9.619245529174805,19.910621643066406,0.0,0.059298209874394374,-16.656978607177734,2
6B0S,2,15.158658981323242,14.307138442993164,47.06727600097656,0.0,0.014152037176317323,-18.001588821411133,9
6B0S,3,6.786768913269043,9.388577461242676,19.466188430786133,0.0,0.061675136856989915,-19.337736129760742,0
6B0S,4,4.865990161895752,6.633307933807373,13.824189186096191,0.0,0.10766300330115824,-14.94766902923584,6
6B0S,5,7.374989986419678,9.220770835876465,21.533884048461914,0.0,0.05352886054920735,-16.464405059814453,5
6B0S,6,15.361898422241211,14.60755729675293,48.272830963134766,0.0,0.013502381070371161,-17.220909118652344,2
6B0S,7,14.076665878295898,12.604744911193848,43.89523696899414,0.0,0.016702076841624253,-20.816679000854492,1
6B0S,8,13.135087013244629,14.985078811645508,41.252952575683594,0.0,0.016882134731052458,-19.626728057861328,4
6B0S,9,13.760793685913086,11.62277889251709,42.997962951660156,0.0,0.017997325045068267,-20.344985961914062,4
6B0S,10,15.536979675292969,16.097305297851562,48.54188537597656,0.0,0.012786154208213926,-18.60004997253418,2
6B0S,11,14.790220260620117,14.50271987915039,46.42438888549805,0.0,0.014340050757586835,-17.707000732421875,3
6B0S,12,13.759486198425293,16.160432815551758,42.86769485473633,0.0,0.01545708289211222,-20.062271118164062,5
6B0S,13,16.2457218170166,14.454259872436523,49.647918701171875,0.0,0.013043765047577724,-17.599210739135742,7
6B0S,14,6.256463527679443,8.678738594055176,18.807579040527344,0.083333,0.09398325056765826,-18.32732582092285,7
2OUL,0,11.957059860229492,11.107452392578125,35.75480270385742,0.130435,0.0672793016977044,-21.60912322998047,6
2OUL,1,6.121937274932861,6.5196661949157715,18.137916564941406,0.0,0.07678067129763402,-20.646617889404297,1
2OUL,2,9.841017723083496,10.287359237670898,21.749401092529297,0.0,0.05110570854898669,-16.814979553222656,1
2OUL,3,13.305083274841309,12.617487907409668,40.863094329833984,0.0,0.01847014037837205,-15.899482727050781,0
2OUL,4,13.211122512817383,11.48858642578125,39.501670837402344,0.0,0.020338339447262543,-20.49581527709961,0
2OUL,5,12.655229568481445,10.638983726501465,40.557064056396484,0.0,0.02052237341865847,-12.974684715270996,0
2OUL,6,10.385844230651855,8.1579008102417,37.50359344482422,0.173913,0.08515801241285716,-18.834415435791016,7
2OUL,7,11.439558029174805,10.240097045898438,36.602386474609375,0.217391,0.09652221090844953,-21.384626388549805,5
2OUL,8,11.129075050354004,10.687870025634766,34.131534576416016,0.0,0.025904657509013353,-20.303428649902344,2
2OUL,9,13.238687515258789,11.529312133789062,44.61388397216797,0.0,0.01722428786176844,-19.72521209716797,0
2OUL,10,13.271371841430664,14.07965087890625,36.01279067993164,0.0,0.02133061691770374,-13.077415466308594,0
2OUL,11,9.537689208984375,8.272470474243164,36.025604248046875,0.086957,0.0571741737587761,-18.244199752807617,0
2OUL,12,13.393569946289062,11.057822227478027,46.92744827270508,0.217391,0.08907524116374965,-14.85265827178955,6
2OUL,13,12.905755043029785,11.321167945861816,40.81895446777344,0.0,0.01960414275823887,-19.65062141418457,1
2OUL,14,7.865390777587891,7.26973295211792,28.933597564697266,0.0,0.04009443125364964,-18.013296127319336,3
1YVB,0,17.507781982421875,15.286081314086914,55.95737075805664,0.0,0.010696993021674747,-13.448694229125977,0
1YVB,1,5.4914116859436035,4.683471202850342,20.78074073791504,0.269231,0.16853068619551734,-19.54564666748047,5
1YVB,2,6.590364933013916,5.702657222747803,26.29115867614746,0.115385,0.09157616319320704,-20.20288848876953,2
1YVB,3,6.272881984710693,6.0689897537231445,21.056137084960938,0.423077,0.20692412136759353,-19.627195358276367,7
1YVB,4,7.629073619842529,6.731607437133789,29.59720802307129,0.192308,0.10526851986211237,-19.404056549072266,8
1YVB,5,9.616912841796875,9.513731002807617,18.879610061645508,0.038462,0.07708489843389353,-15.925841331481934,4
1YVB,6,12.148418426513672,8.848264694213867,43.43730545043945,0.153846,0.07288731289306145,-20.953044891357422,6
1YVB,7,7.667815685272217,7.66632080078125,15.468528747558594,0.153846,0.14088032619120294,-18.98571014404297,2
1YVB,8,11.788507461547852,9.365789413452148,42.798763275146484,0.153846,0.07226721120090292,-19.593481063842773,8
1YVB,9,9.662137031555176,7.118686199188232,38.59048080444336,0.076923,0.05523526014225277,-16.589155197143555,3
1YVB,10,7.950767993927002,6.6180596351623535,31.811954498291016,0.038462,0.05131973197431831,-20.16663360595703,0
1YVB,11,6.4692301750183105,6.478596210479736,13.465348243713379,0.230769,0.1888615118690781,-20.81410789489746,15
1YVB,12,50.00572967529297,53.6682243347168,129.03839111328125,0.0,0.0017003071375287723,0.0,0
1YVB,13,8.095333099365234,5.602328300476074,28.675138473510742,0.038462,0.06204153562255158,-20.202611923217773,0
1YVB,14,8.64289665222168,6.352099895477295,26.18720054626465,0.153846,0.10065936693684187,-20.35194969177246,5
2B42,0,21.126222610473633,18.46784210205078,62.323978424072266,0.0,0.008271593167738874,-16.931198120117188,5
2B42,1,20.68519401550293,19.32773780822754,66.56566619873047,0.0,0.007343685382833434,-15.56382942199707,0
2B42,2,14.849559783935547,15.359184265136719,28.419389724731445,0.0,0.030519385820907814,-14.447711944580078,3
2B42,3,22.422252655029297,19.853965759277344,61.77250289916992,0.0,0.008086011508051326,-15.56467056274414,3
2B42,4,10.764545440673828,11.720969200134277,33.10551834106445,0.0,0.025986610374716907,-14.465277671813965,3
2B42,5,19.833946228027344,17.662385940551758,61.41090393066406,0.0,0.00865284972399842,-14.37240219116211,8
2B42,6,13.775532722473145,13.750210762023926,24.713550567626953,0.0,0.039180777036034044,-17.220659255981445,1
2B42,7,14.037179946899414,13.917096138000488,25.155019760131836,0.0,0.0379873332423393,-14.715710639953613,2
2B42,8,21.00079345703125,18.843477249145508,63.99230194091797,0.0,0.007878090459456933,-16.69060707092285,1
2B42,9,12.910141944885254,13.263427734375,39.263267517089844,0.0,0.01913236625611096,-18.44164276123047,2
2B42,10,21.332971572875977,19.46785545349121,65.25482940673828,0.0,0.00752862862118116,-17.678050994873047,0
2B42,11,19.28122329711914,18.2926025390625,63.41962814331055,0.0,0.008108545183360131,-15.070798873901367,2
2B42,12,21.278919219970703,18.293962478637695,65.7899398803711,0.0,0.007698834530396798,-16.555076599121094,0
2B42,13,10.484894752502441,9.915138244628906,19.648115158081055,0.0,0.06000769279560047,-13.103496551513672,9
2B42,14,23.247753143310547,20.424556732177734,61.94020462036133,0.0,0.007949465420206817,-17.23237419128418,2
1MQ8,0,17.52445411682129,14.302892684936523,60.122314453125,0.0,0.010158354378788084,-14.296513557434082,0
1MQ8,1,16.129241943359375,11.283273696899414,23.81171989440918,0.0,0.04346319808415134,-17.156742095947266,0
1MQ8,2,8.285849571228027,6.02304220199585,37.814151763916016,0.0,0.03549931652565482,-13.885424613952637,0
1MQ8,3,16.48486328125,13.033866882324219,29.705461502075195,0.0,0.02958414329576523,-17.927885055541992,0
1MQ8,4,13.89809799194336,9.725738525390625,60.129432678222656,0.0,0.014275278887534418,-14.105772018432617,0
1MQ8,5,15.24827766418457,13.47482681274414,57.63396453857422,0.0,0.011176071685362292,-15.71016788482666,0
1MQ8,6,18.731712341308594,16.668336868286133,37.119869232177734,0.0,0.019285426021056984,-17.957632064819336,2
1MQ8,7,13.54794979095459,8.675013542175293,20.78375816345215,0.0,0.05744074125948784,-18.567424774169922,0
1MQ8,8,20.9803524017334,21.363447189331055,57.214778900146484,0.0,0.008833365199736383,-15.044185638427734,2
1MQ8,9,12.857088088989258,11.127744674682617,60.259376525878906,0.0,0.012451718382655413,-17.625993728637695,0
1MQ8,10,13.889901161193848,13.385093688964844,20.224422454833984,0.0,0.05417471992200543,-16.122350692749023,1
1MQ8,11,13.166470527648926,11.812945365905762,60.19255447387695,0.0,0.011806423466382247,-15.75595760345459,0
1MQ8,12,15.884087562561035,14.778538703918457,27.208393096923828,0.0,0.033038291776539185,-14.176717758178711,0
1MQ8,13,15.825431823730469,12.626703262329102,49.873355865478516,0.0,0.014047704647409223,-17.588346481323242,0
1MQ8,14,19.685741424560547,12.016744613647461,59.14089584350586,0.0,0.011860371612909822,-14.911369323730469,1
2B4J,0,8.4866361618042,6.984755992889404,24.05122184753418,0.0,0.05170605645443075,-18.449247360229492,2
2B4J,1,7.976508617401123,6.377057075500488,27.21663475036621,0.0,0.047098621538164576,-14.635945320129395,2
2B4J,2,18.82741355895996,16.87006950378418,56.88205337524414,0.0,0.009895344911171777,-17.967741012573242,5
2B4J,3,6.949361801147461,7.225305557250977,19.941314697265625,0.0,0.06502421129707926,-17.795291900634766,3
2B4J,4,18.272119522094727,14.03581428527832,57.05763626098633,0.0,0.01100099987076173,-17.02022361755371,7
2B4J,5,7.044246673583984,7.9652323722839355,15.237366676330566,0.0,0.09052668986101943,-18.678966522216797,4
2B4J,6,14.250592231750488,10.876086235046387,44.71483612060547,0.0,0.017847140726114326,-16.03114891052246,2
2B4J,7,18.195032119750977,14.601255416870117,57.37931823730469,0.0,0.010638922420043558,-19.003128051757812,6
2B4J,8,23.63546371459961,17.22958755493164,68.43083953857422,0.0,0.00757226202147764,-18.22034454345703,3
2B4J,9,22.43259620666504,18.31899642944336,68.55503845214844,0.0,0.0072667694993097665,-19.25377655029297,2
2B4J,10,18.0421199798584,17.201770782470703,56.791873931884766,0.0,0.009818869072194463,-23.029020309448242,0
2B4J,11,18.75030517578125,15.86629867553711,58.34537887573242,0.0,0.009880477147101397,-20.475069046020508,2
2B4J,12,14.47092056274414,12.080509185791016,48.13336181640625,0.0,0.015141743474937132,-13.622966766357422,4
2B4J,13,6.713001251220703,6.633350372314453,15.781890869140625,0.0,0.09116743818442997,-21.63029670715332,2
2B4J,14,18.059663772583008,15.57532024383545,57.47917175292969,0.0,0.01019668397533207,-22.632413864135742,0
3D5S,0,17.088911056518555,20.678491592407227,51.22547149658203,0.0,0.010676791406518763,-16.493778228759766,1
3D5S,1,16.159034729003906,18.999765396118164,48.0662956237793,0.0,0.012172670019577845,-18.069917678833008,1
3D5S,2,16.55680274963379,20.7955379486084,48.12192916870117,0.0,0.011810584733338785,-16.2720947265625,1
3D5S,3,16.82849884033203,19.88475799560547,48.67518615722656,0.0,0.011750122253049252,-17.563987731933594,0
3D5S,4,17.317886352539062,19.371070861816406,51.364219665527344,0.0,0.010871907245709434,-18.27034568786621,4
3D5S,5,14.287945747375488,11.90974235534668,43.19114685058594,0.0,0.01763367238089272,-23.6684513092041,0
3D5S,6,17.843881607055664,21.71415901184082,50.920528411865234,0.0,0.010619486467264114,-16.567493438720703,1
3D5S,7,18.789844512939453,20.716829299926758,53.75945281982422,0.0,0.00986824169316205,-18.43853759765625,0
3D5S,8,16.641246795654297,20.091083526611328,49.614559173583984,0.0,0.011352361985728114,-16.5908260345459,1
3D5S,9,17.75271224975586,21.8453311920166,51.672672271728516,0.0,0.010346349671522762,-16.81214141845703,2
3D5S,10,16.235048294067383,17.066814422607422,49.61772918701172,0.0,0.012058582449222963,-18.27035903930664,0
3D5S,11,16.01422882080078,19.985837936401367,48.330169677734375,0.0,0.011868295246568848,-19.66176414489746,3
3D5S,12,16.879169464111328,19.904823303222656,49.15205383300781,0.0,0.011561402384026824,-17.56483268737793,0
3D5S,13,17.375587463378906,20.30228042602539,50.06112289428711,0.0,0.01115024414250955,-20.668365478515625,0
3D5S,14,18.043394088745117,21.110336303710938,50.86553192138672,0.0,0.010729903431614252,-17.984947204589844,1
1JIW,0,3.550732135772705,5.345279216766357,10.030451774597168,0.0,0.1636560566202416,-18.061010360717773,0
1JIW,1,43.93895721435547,59.7090950012207,115.5727767944336,0.0,0.0020035757967697067,0.0,0
1JIW,2,11.82629108428955,15.463371276855469,31.875200271606445,0.0,0.025237070326955782,-16.123762130737305,3
1JIW,3,16.043193817138672,15.57238483428955,49.87371826171875,0.0,0.012473245169678397,-17.175731658935547,0
1JIW,4,8.500871658325195,11.557816505432129,20.336214065551758,0.0,0.055094881867408296,-21.381853103637695,0
1JIW,5,9.317209243774414,11.38166618347168,27.155120849609375,0.0,0.03543611304926387,-20.45876693725586,0
1JIW,6,9.406285285949707,12.937750816345215,22.474699020385742,0.0,0.04613394955498917,-19.632204055786133,0
1JIW,7,17.04971694946289,17.07700538635254,52.95801544189453,0.0,0.010923679380888804,-18.809829711914062,0
1JIW,8,11.352957725524902,14.807794570922852,30.062946319580078,0.0,0.028060456144201024,-18.06521987915039,3
1JIW,9,8.083684921264648,7.808599948883057,25.48822021484375,0.0,0.045223607210054195,-22.005569458007812,0
1JIW,10,8.988166809082031,10.272013664245605,27.346296310424805,0.0,0.03632704999997687,-19.105695724487305,0
1JIW,11,7.619277000427246,7.499124526977539,24.003894805908203,0.0,0.049963984094092695,-22.233325958251953,0
1JIW,12,10.077765464782715,11.976831436157227,29.851369857788086,0.0,0.03014721446872023,-20.324281692504883,0
1JIW,13,8.262638092041016,8.253613471984863,25.847360610961914,0.0,0.043187899751283815,-19.902725219726562,0
1JIW,14,9.762446403503418,9.732061386108398,29.92084503173828,0.0,0.032627062625406426,-20.68448257446289,1
1OFU,0,21.694921493530273,20.73273468017578,50.90361785888672,0.0,0.010777954974459311,-16.283733367919922,5
1OFU,1,22.638477325439453,20.536590576171875,52.57577896118164,0.0,0.010259484204093497,-14.910778999328613,5
1OFU,2,27.750587463378906,21.757619857788086,94.54478454589844,0.0,0.004249478816344347,-18.340679168701172,0
1OFU,3,26.839893341064453,21.666906356811523,93.8976058959961,0.0,0.004299315321219104,-19.082870483398438,2
1OFU,4,20.036588668823242,19.165803909301758,42.405296325683594,0.0,0.014904967776936262,-14.849557876586914,6
1OFU,5,27.446847915649414,25.273921966552734,84.05701446533203,0.0,0.004544048753136084,-13.325202941894531,11
1OFU,6,19.993410110473633,20.378541946411133,44.600074768066406,0.0,0.013479160858950111,-16.15648078918457,5
1OFU,7,18.83213996887207,18.258142471313477,45.985374450683594,0.0,0.01324725921271558,-15.804222106933594,10
1OFU,8,18.50655174255371,21.911888122558594,47.24950408935547,0.0,0.012004151363240338,-18.67232894897461,1
1OFU,9,31.406126022338867,30.12530517578125,93.73239135742188,0.0,0.0035431909635059377,-14.946654319763184,0
1OFU,10,27.449190139770508,26.01620864868164,83.36530303955078,0.0,0.004534099629239988,-12.778603553771973,16
1OFU,11,30.193527221679688,29.83903694152832,89.29119110107422,0.0,0.0038337406504868527,-14.5855131149292,4
1OFU,12,24.97606658935547,23.688627243041992,65.33357238769531,0.0,0.006879428341948265,-16.49720573425293,5
1OFU,13,16.99167251586914,16.397951126098633,32.82448196411133,0.0,0.02371362531998456,-13.395185470581055,0
1OFU,14,22.970731735229492,15.21297550201416,61.117496490478516,0.0,0.009534525641469262,-17.016332626342773,8
2I9B,0,25.136882781982422,24.022518157958984,56.545928955078125,0.0,0.00866022317571471,-19.09452247619629,6
2I9B,1,19.624797821044922,15.641938209533691,50.43140411376953,0.0,0.012245075901694874,-13.08825397491455,9
2I9B,2,18.046106338500977,16.06680679321289,42.5678596496582,0.0,0.015661505495561192,-19.238937377929688,0
2I9B,3,27.932891845703125,27.06774139404297,64.99297332763672,0.0,0.006626080368394933,-17.456668853759766,0
2I9B,4,19.827856063842773,9.496273040771484,45.28192138671875,0.0,0.019459919145061188,-14.010117530822754,62
2I9B,5,20.682336807250977,22.116355895996094,52.99028778076172,0.0,0.009887931757104618,-18.723228454589844,3
2I9B,6,15.40941333770752,15.683744430541992,29.99413299560547,0.0,0.027801085290535054,-18.08967399597168,3
2I9B,7,14.319987297058105,14.92428970336914,28.346960067749023,0.0,0.03083222744670718,-17.6978816986084,0
2I9B,8,26.695676803588867,20.67134666442871,65.05192565917969,0.0,0.007341560752695153,-19.015607833862305,4
2I9B,9,27.005273818969727,20.673545837402344,64.81105041503906,0.0,0.00738215662340715,-17.125137329101562,4
2I9B,10,20.95764923095703,23.276384353637695,52.350040435791016,0.0,0.009940695431141478,-16.905752182006836,2
2I9B,11,17.332170486450195,18.591947555541992,40.82594680786133,0.0,0.0160046189099955,-15.449475288391113,1
2I9B,12,18.665809631347656,20.7503604888916,49.47951889038086,0.0,0.011287877720737307,-18.134687423706055,3
2I9B,13,17.278501510620117,18.961286544799805,38.1180419921875,0.0,0.017862996098260673,-18.73636245727539,7
2I9B,14,21.974525451660156,24.156234741210938,54.11953353881836,0.0,0.009304995686235084,-16.937524795532227,0
3H11,0,9.779136657714844,8.935501098632812,22.013242721557617,0.076923,0.07802752084569568,-10.989439010620117,41
3H11,1,9.251238822937012,9.377128601074219,17.41626739501953,0.230769,0.14936331506768058,-12.679598808288574,39
3H11,2,7.676182746887207,7.218710422515869,17.613040924072266,0.269231,0.16650866354098795,-11.07210922241211,30
3H11,3,11.406006813049316,13.982659339904785,23.367494583129883,0.0,0.04274391362738619,-10.612651824951172,14
3H11,4,9.38559341430664,8.799633026123047,20.852550506591797,0.038462,0.06972715497867682,-11.071547508239746,41
3H11,5,7.821359157562256,8.091437339782715,14.799806594848633,0.076923,0.11939561912459902,-14.681713104248047,59
3H11,6,9.297323226928711,8.961701393127441,18.599735260009766,0.0,0.06667212714351768,-14.458564758300781,60
3H11,7,10.4518404006958,11.278491020202637,20.116910934448242,0.0,0.05628905651636287,-12.881654739379883,53
3H11,8,7.526951789855957,7.687892913818359,13.775823593139648,0.153846,0.15541914230343182,-12.794927597045898,38
3H11,9,7.247779369354248,7.5656208992004395,13.020310401916504,0.192308,0.17631920455195105,-10.6032133102417,20
3H11,10,8.386580467224121,8.550336837768555,15.8302583694458,0.076923,0.11019017939955943,-13.645391464233398,50
3H11,11,8.420365333557129,7.236196517944336,20.75679588317871,0.115385,0.10006516591609682,-9.826688766479492,25
3H11,12,8.659944534301758,8.424257278442383,16.818559646606445,0.307692,0.18062597432769378,-13.859447479248047,51
3H11,13,7.9525017738342285,7.937889575958252,15.509889602661133,0.230769,0.1654065861113769,-14.043522834777832,42
3H11,14,13.217676162719727,12.877603530883789,22.642452239990234,0.0,0.045635062485032185,-12.327692985534668,60
1FCC,0,15.729887008666992,19.523208618164062,51.586917877197266,0.0,0.010766719585924426,-20.468128204345703,0
1FCC,1,17.38828468322754,23.647226333618164,56.5766716003418,0.0,0.00869364901276807,-17.673189163208008,0
1FCC,2,22.318376541137695,25.85899543762207,69.71492004394531,0.0,0.0060004992360933465,-23.084915161132812,1
1FCC,3,16.134510040283203,16.896129608154297,50.87645721435547,0.0,0.01165824320293686,-20.609031677246094,0
1FCC,4,18.227083206176758,18.703872680664062,58.74666976928711,0.0,0.008965381001468068,-15.04990005493164,7
1FCC,5,12.136038780212402,14.012920379638672,39.73118591308594,0.0,0.018364942839289272,-19.365774154663086,0
1FCC,6,16.540403366088867,17.79767608642578,51.84204864501953,0.0,0.011077369534937757,-20.603931427001953,0
1FCC,7,6.091848850250244,11.707754135131836,17.76709747314453,0.0,0.06746651903782226,-17.054203033447266,1
1FCC,8,11.724478721618652,14.416136741638184,38.856285095214844,0.0,0.018792913590583313,-19.729013442993164,0
1FCC,9,13.798308372497559,15.647293090820312,46.093788146972656,0.0,0.013997838596907048,-20.420869827270508,1
1FCC,10,22.739280700683594,24.674659729003906,71.04582214355469,0.0,0.005931315073340101,-18.2889347076416,0
1FCC,11,22.209444046020508,27.16518783569336,71.12799072265625,0.0,0.00570653168239672,-21.21550750732422,0
1FCC,12,19.104421615600586,22.048036575317383,60.932987213134766,0.0,0.007898436777545701,-19.766061782836914,0
1FCC,13,19.246728897094727,21.850276947021484,61.476539611816406,0.0,0.007816315817195165,-20.586339950561523,0
1FCC,14,18.76380729675293,21.13615608215332,61.071014404296875,0.0,0.008004947332024503,-15.569225311279297,0
3RJQ,0,12.997946739196777,10.831286430358887,29.483505249023438,0.0,0.03185165890400638,-13.475788116455078,8
3RJQ,1,12.606534004211426,11.496522903442383,38.51422119140625,0.0,0.02106127319827128,-12.003751754760742,3
3RJQ,2,15.058408737182617,11.626947402954102,23.779052734375,0.0,0.04322341275227199,-13.309569358825684,10
3RJQ,3,15.5934419631958,12.844075202941895,31.712400436401367,0.0,0.02682738336060089,-16.04874610900879,5
3RJQ,4,15.871089935302734,12.296194076538086,35.377872467041016,0.0,0.02307967474440235,-12.731790542602539,2
3RJQ,5,8.591432571411133,10.883063316345215,22.092180252075195,0.0,0.04919603200118022,-14.417855262756348,10
3RJQ,6,15.648801803588867,11.536569595336914,31.09076690673828,0.0,0.028723386511997587,-13.648554801940918,30
3RJQ,7,23.86626434326172,17.4613094329834,39.34498596191406,0.0,0.01730553011795431,-15.99609088897705,4
3RJQ,8,13.16048526763916,11.232403755187988,29.413908004760742,0.0,0.03153121543839072,-15.029680252075195,8
3RJQ,9,22.084062576293945,14.679654121398926,33.044715881347656,0.0,0.024130976352755965,-12.685860633850098,10
3RJQ,10,19.459989547729492,18.92989730834961,31.477588653564453,0.0,0.02473403581672226,-13.593671798706055,9
3RJQ,11,15.91236686706543,13.510478973388672,30.154369354248047,0.0,0.028595187153901178,-15.72331714630127,11
3RJQ,12,13.868905067443848,11.692883491516113,39.86851119995117,0.0,0.01988948082731516,-12.679283142089844,3
3RJQ,13,14.896954536437988,11.5843505859375,31.2792911529541,0.0,0.028419080164215505,-13.583127975463867,16
3RJQ,14,10.085956573486328,11.677865028381348,21.374330520629883,0.0,0.050926888623352505,-14.155326843261719,10
4FP8,0,34.83354187011719,27.363752365112305,76.08248901367188,0.0,0.005107861544287066,-16.19733428955078,19
4FP8,1,22.46953010559082,15.882574081420898,41.41587448120117,0.0,0.01641989110182414,-16.886777877807617,3
4FP8,2,29.82744789123535,16.73041534423828,66.89948272705078,0.0,0.00795370804247241,-15.024230003356934,12
4FP8,3,19.31655502319336,16.339740753173828,46.24367904663086,0.0,0.013679496561111457,-14.578268051147461,1
4FP8,4,17.60327911376953,15.728172302246094,39.67778396606445,0.0,0.01763080850537144,-15.865609169006348,0
4FP8,5,13.265002250671387,13.55121898651123,30.043275833129883,0.0,0.02873943642194753,-16.427417755126953,1
4FP8,6,16.57305335998535,15.066533088684082,29.871488571166992,0.0,0.028239846170608467,-17.311803817749023,0
4FP8,7,25.724868774414062,18.880651473999023,61.35126876831055,0.0,0.008368582509992532,-14.140215873718262,0
4FP8,8,23.037317276000977,15.423603057861328,42.602848052978516,0.0,0.015884264359111944,-15.23254108428955,0
4FP8,9,16.04769515991211,15.078389167785645,31.111663818359375,0.0,0.02641935807953291,-17.681900024414062,4
4FP8,10,29.550918579101562,18.90162467956543,69.78522491455078,0.0,0.006959077906331841,-18.099626541137695,1
4FP8,11,15.118610382080078,17.481443405151367,33.01430892944336,0.0,0.023158534517026427,-16.301931381225586,0
4FP8,12,29.293703079223633,15.321943283081055,63.07422637939453,0.0,0.009110006893971652,-14.117456436157227,0
4FP8,13,28.88294219970703,19.4165096282959,63.98027420043945,0.0,0.007758888830992909,-14.902409553527832,0
4FP8,14,25.524755477905273,15.598995208740234,50.64638900756836,0.0,0.012185802230682346,-17.05953025817871,0
2GTP,0,14.320267677307129,11.078073501586914,32.081180572509766,0.153846,0.07914833664009994,-16.20306396484375,0
2GTP,1,21.152935028076172,15.297314643859863,54.367794036865234,0.0,0.011127761467229796,-15.157698631286621,1
2GTP,2,11.123054504394531,10.605297088623047,24.19087028503418,0.0,0.04316905385111894,-12.962480545043945,4
2GTP,3,13.872376441955566,11.467994689941406,26.429712295532227,0.0,0.03685226950115579,-13.382946014404297,5
2GTP,4,21.953763961791992,17.34090805053711,60.09834289550781,0.0,0.009012768494623652,-15.303074836730957,0
2GTP,5,13.48116397857666,10.313092231750488,28.61995506286621,0.0,0.033924335566931335,-17.224994659423828,0
2GTP,6,15.80504035949707,12.422972679138184,37.34172439575195,0.0,0.02121046820786419,-16.816268920898438,1
2GTP,7,10.630069732666016,9.459304809570312,23.792234420776367,0.0,0.045905530433469836,-12.20923900604248,27
2GTP,8,11.796381950378418,8.340277671813965,25.325597763061523,0.307692,0.14675556203277776,-12.491806983947754,10
2GTP,9,11.733107566833496,9.126242637634277,33.07158279418945,0.0,0.029423023073362784,-15.726115226745605,0
2GTP,10,12.183321952819824,9.479204177856445,23.798322677612305,0.0,0.04585495758765982,-11.45744514465332,12
2GTP,11,10.70152473449707,8.302988052368164,22.475069046020508,0.0,0.052246746009295325,-12.250865936279297,3
2GTP,12,18.704282760620117,14.39027214050293,41.82426834106445,0.0,0.016804423504137234,-16.433975219726562,0
2GTP,13,14.373106002807617,11.791138648986816,27.61056137084961,0.0,0.03416494856599747,-13.258487701416016,6
2GTP,14,12.044175148010254,9.04865550994873,30.312368392944336,0.0,0.03321482189591268,-16.722517013549805,0
1ZM4,0,19.531387329101562,19.442893981933594,57.75531768798828,0.0,0.009039108819188261,-14.24592113494873,5
1ZM4,1,28.05266571044922,30.409526824951172,80.64690399169922,0.0,0.004471281775470903,-11.668285369873047,21
1ZM4,2,27.87628746032715,19.330509185791016,77.88951110839844,0.0,0.0059181021909595595,-15.674466133117676,6
1ZM4,3,26.516298294067383,17.630857467651367,73.41390991210938,0.0,0.006804793891089136,-13.861297607421875,10
1ZM4,4,37.57376480102539,35.506019592285156,101.60062408447266,0.0,0.0029106914177484864,-13.230528831481934,30
1ZM4,5,29.36524772644043,21.509096145629883,81.39678192138672,0.0,0.0052090498275441585,-14.537647247314453,22
1ZM4,6,13.237401008605957,12.714320182800293,32.08892059326172,0.0,0.02643107041558222,-18.029218673706055,2
1ZM4,7,28.985763549804688,28.644765853881836,83.60139465332031,0.0,0.004322091818795293,-14.159809112548828,8
1ZM4,8,26.31017303466797,27.78846549987793,74.33463287353516,0.0,0.00527064875190581,-16.12822914123535,14
1ZM4,9,28.139875411987305,21.32974624633789,77.78569030761719,0.0,0.005573735704475277,-14.760237693786621,7
1ZM4,10,27.113391876220703,28.421924591064453,78.3416519165039,0.0,0.00480422524141784,-12.902252197265625,16
1ZM4,11,32.75203323364258,30.650800704956055,92.19116973876953,0.0,0.0036061250680131233,-16.22248077392578,20
1ZM4,12,35.40120315551758,28.499347686767578,97.34661865234375,0.0,0.003443033361464761,-15.175159454345703,14
1ZM4,13,34.98484420776367,28.586198806762695,97.70709991455078,0.0,0.003419024859186919,-14.089336395263672,16
1ZM4,14,36.69852828979492,29.7195987701416,100.0633316040039,0.0,0.0032350286551934026,-18.03922462463379,4
1FQ1,0,18.65945053100586,17.071874618530273,34.144752502441406,0.0,0.02200526205771472,-13.287735939025879,9
1FQ1,1,19.142061233520508,17.14755630493164,33.479122161865234,0.0,0.022716798718805747,-14.500396728515625,8
1FQ1,2,4.045742988586426,3.320389986038208,10.996552467346191,0.833333,0.4589464907790976,-15.365678787231445,2
1FQ1,3,17.610071182250977,12.188165664672852,42.30359649658203,0.0,0.017908632031765053,-14.662918090820312,36
1FQ1,4,15.200739860534668,12.963728904724121,29.488985061645508,0.0,0.02997401562141792,-14.72152328491211,13
1FQ1,5,18.044742584228516,16.260103225708008,33.544822692871094,0.0,0.022924028112928888,-13.707184791564941,10
1FQ1,6,4.263001918792725,3.9065825939178467,10.051949501037598,0.583333,0.37624930400491546,-15.515742301940918,4
1FQ1,7,4.591057777404785,4.295655727386475,15.878129959106445,0.583333,0.3049191954166239,-15.002181053161621,2
1FQ1,8,5.2055816650390625,4.5051350593566895,13.297515869140625,0.333333,0.24106747372389084,-16.96930694580078,0
1FQ1,9,11.51148509979248,9.756056785583496,24.086694717407227,0.25,0.12794503011123745,-19.280075073242188,4
1FQ1,10,17.667104721069336,15.36327838897705,31.520212173461914,0.0,0.02574459388582541,-17.152132034301758,10
1FQ1,11,10.071274757385254,8.436600685119629,20.521142959594727,0.25,0.14236187248121548,-20.122182846069336,3
1FQ1,12,14.327571868896484,8.880265235900879,55.730812072753906,0.333333,0.12793553129124183,-12.65601921081543,27
1FQ1,13,15.293122291564941,19.544818878173828,62.59626388549805,0.0,0.007986957494444656,-12.687549591064453,0
1FQ1,14,18.030658721923828,16.640527725219727,34.20125961303711,0.0,0.02207779842921101,-12.76305866241455,6
1RKE,0,26.821012496948242,24.7099552154541,69.92874908447266,0.0,0.00607710651810103,-17.988374710083008,0
1RKE,1,28.298566818237305,30.487783432006836,66.40962982177734,0.0,0.0061776918086411114,-18.218624114990234,3
1RKE,2,28.52225112915039,28.190095901489258,65.18667602539062,0.0,0.006513952376259778,-17.529666900634766,0
1RKE,3,29.359445571899414,30.654685974121094,77.35746002197266,0.0,0.004772704564922482,-16.35947608947754,2
1RKE,4,26.003782272338867,24.51691436767578,71.19855499267578,0.0,0.005927223483718884,-17.516735076904297,0
1RKE,5,23.463655471801758,22.80499267578125,69.89462280273438,0.0,0.006293858901729362,-17.08185577392578,0
1RKE,6,23.46045684814453,23.063522338867188,70.28799438476562,0.0,0.00620854065331838,-17.248884201049805,0
1RKE,7,6.673121929168701,4.962977886199951,13.485746383666992,0.0,0.12267382374205349,-18.53303337097168,0
1RKE,8,29.307979583740234,29.863828659057617,65.473876953125,0.0,0.006363701899988465,-18.837173461914062,0
1RKE,9,6.031095027923584,4.163267612457275,13.064257621765137,0.0,0.13743795741613576,-18.547048568725586,0
1RKE,10,15.85035228729248,18.180898666381836,64.22881317138672,0.0,0.007991057677750482,-15.607754707336426,0
1RKE,11,15.734081268310547,15.062145233154297,30.81171226501465,0.0,0.026847283411651237,-17.93185806274414,0
1RKE,12,29.257190704345703,28.11847496032715,74.09248352050781,0.0,0.005275915622469481,-18.519086837768555,0
1RKE,13,27.904470443725586,28.54764175415039,65.62789154052734,0.0,0.006417142252116319,-19.095474243164062,0
1RKE,14,28.72784423828125,26.985898971557617,72.91324615478516,0.0,0.005496028702353038,-18.85576820373535,2
4M76,0,20.153440475463867,17.330080032348633,73.10023498535156,0.0,0.006925457482943399,-13.967928886413574,1
4M76,1,21.559720993041992,17.40212059020996,73.14067840576172,0.0,0.006900277955141247,-12.651337623596191,3
4M76,2,23.372358322143555,17.449459075927734,70.83467864990234,0.0,0.007176802338057577,-13.754242897033691,1
4M76,3,19.293899536132812,15.890609741210938,72.9902572631836,0.0,0.0074039490534784785,-12.592607498168945,2
4M76,4,23.384122848510742,19.530893325805664,69.37117767333984,0.0,0.006885073890783368,-14.15221118927002,1
4M76,5,23.785863876342773,20.450870513916016,63.60118103027344,0.0,0.007632858392572825,-12.585992813110352,24
4M76,6,23.364089965820312,18.001068115234375,69.0033187866211,0.0,0.007280952051045751,-13.526887893676758,1
4M76,7,21.544628143310547,14.299946784973145,74.26924133300781,0.0,0.007937471017777543,-12.509844779968262,4
4M76,8,23.76926040649414,19.94512939453125,71.79183197021484,0.0,0.006482816064533686,-13.579191207885742,1
4M76,9,15.547901153564453,14.340747833251953,60.6410026550293,0.0,0.010030320837704549,-17.298500061035156,0
4M76,10,23.180194854736328,20.15541648864746,71.7066879272461,0.0,0.006454913372357409,-11.951362609863281,0
4M76,11,20.618526458740234,20.22985076904297,71.0320816040039,0.0,0.00652840612119555,-12.02988338470459,0
4M76,12,23.240278244018555,17.165830612182617,73.42982482910156,0.0,0.006933454423218748,-15.91376781463623,2
4M76,13,22.161197662353516,16.412166595458984,76.06050109863281,0.0,0.006872893315289928,-17.024059295654297,1
4M76,14,22.680438995361328,20.469392776489258,71.3839340209961,0.0,0.006440595596931899,-11.818735122680664,1
2UUY,0,4.230477809906006,2.719334125518799,12.481621742248535,0.0,0.18337200555865033,-19.44874382019043,0
2UUY,1,5.9791765213012695,7.522015571594238,18.3057861328125,0.0,0.07187014708457386,-17.064809799194336,0
2UUY,2,9.902750015258789,7.4126434326171875,30.423402786254883,0.0,0.03724813571677143,-15.442745208740234,0
2UUY,3,8.52269458770752,5.917953968048096,23.16651725769043,0.0,0.059672007925459174,-18.68351936340332,0
2UUY,4,12.607053756713867,8.849875450134277,40.727298736572266,0.0,0.02322189980174177,-15.542722702026367,7
2UUY,5,5.167463779449463,7.086461067199707,13.379950523376465,0.0,0.11013970615449054,-16.627796173095703,1
2UUY,6,13.367563247680664,11.00024700164795,40.80354690551758,0.0,0.01994839342385109,-19.199420928955078,0
2UUY,7,8.035377502441406,5.239950656890869,21.770294189453125,0.272727,0.1602483688333737,-14.240798950195312,8
2UUY,8,10.714485168457031,9.645145416259766,32.25270080566406,0.0,0.029519831876238356,-20.916915893554688,0
2UUY,9,8.804351806640625,8.560218811035156,22.432661056518555,0.0,0.05177971698944816,-16.849740982055664,0
2UUY,10,13.812397003173828,10.586709022521973,42.614261627197266,0.0,0.019314530205991984,-18.639575958251953,0
2UUY,11,13.066725730895996,9.850017547607422,41.574798583984375,0.0,0.020929261435442725,-17.573780059814453,0
2UUY,12,6.674553871154785,7.973057746887207,15.730292320251465,0.0,0.08672767534556274,-13.792471885681152,1
2UUY,13,17.88816261291504,13.737014770507812,54.17034912109375,0.0,0.011937566138998608,-18.32929229736328,0
2UUY,14,5.91924524307251,5.66226053237915,15.85196304321289,0.0,0.09629692504596236,-19.802413940429688,0
3HMX,0,33.88422775268555,30.420862197875977,96.66719818115234,0.0,0.0033659561046425527,-13.359313011169434,32
3HMX,1,37.53205490112305,20.964052200317383,98.71707153320312,0.0,0.0041509754736030885,-17.414987564086914,9
3HMX,2,32.29977798461914,17.9958438873291,55.54263687133789,0.0,0.009927888886124182,-15.727829933166504,9
3HMX,3,31.44064712524414,27.637022018432617,51.33852767944336,0.0,0.0098727909945349,-15.398343086242676,4
3HMX,4,31.717130661010742,26.810691833496094,55.65524673461914,0.0,0.008637980427403854,-17.056577682495117,14
3HMX,5,43.47312927246094,29.16352653503418,107.67290496826172,0.0,0.0029439518213027357,-14.789978981018066,18
3HMX,6,29.899887084960938,25.884225845336914,53.12049102783203,0.0,0.009437377851334043,-17.25925636291504,11
3HMX,7,36.54570007324219,34.41450500488281,95.69656372070312,0.0,0.0032412755843959883,-17.685758590698242,14
3HMX,8,28.40926170349121,26.300737380981445,78.92139434814453,0.0,0.00490296849901647,-14.200210571289062,65
3HMX,9,35.80427551269531,33.954994201660156,98.38732147216797,0.0,0.003118742046184536,-16.26190948486328,4
3HMX,10,30.99232292175293,24.848325729370117,62.53530502319336,0.0,0.007256945024521042,-13.892489433288574,26
3HMX,11,34.84650802612305,9.309000968933105,99.08634185791016,0.266667,0.09975976656099617,-13.885858535766602,51
3HMX,12,31.845041275024414,19.0211181640625,54.99522399902344,0.0,0.009837174066748814,-16.895198822021484,17
3HMX,13,31.06447982788086,19.380916595458984,53.428001403808594,0.0,0.010213360725646511,-15.371758460998535,6
3HMX,14,33.97279739379883,29.416587829589844,81.53417205810547,0.0,0.004448259360822805,-14.748716354370117,27
1IJK,0,15.365817070007324,13.401409149169922,51.23303985595703,0.0,0.013053757599416562,-14.889613151550293,1
1IJK,1,18.684022903442383,14.125859260559082,48.5870475769043,0.0,0.013615551890712792,-13.636346817016602,0
1IJK,2,19.285432815551758,21.504127502441406,57.61470413208008,0.0,0.008714681294170646,-12.729708671569824,0
1IJK,3,17.05074119567871,15.483593940734863,52.664058685302734,0.0,0.011562183469703774,-14.07297420501709,3
1IJK,4,18.456920623779297,16.495080947875977,49.28044891357422,0.0,0.012364059852112136,-16.227937698364258,6
1IJK,5,17.697284698486328,16.403074264526367,53.390193939208984,0.0,0.01100427742360636,-13.769342422485352,5
1IJK,6,20.191877365112305,17.267393112182617,64.16271209716797,0.0,0.008245606344867746,-14.72769546508789,0
1IJK,7,17.4400634765625,16.07296371459961,45.877159118652344,0.0,0.01394089127672034,-14.552103042602539,0
1IJK,8,16.835330963134766,19.508203506469727,70.30167388916016,0.0,0.006761811825404544,-17.410808563232422,0
1IJK,9,19.155607223510742,18.422395706176758,59.06343078613281,0.0,0.008958905116636655,-14.876762390136719,0
1IJK,10,9.478873252868652,6.773067951202393,18.5667781829834,0.0,0.07334181857399663,-15.730448722839355,0
1IJK,11,15.306270599365234,11.538705825805664,23.8142147064209,0.0,0.0432069558248628,-18.675376892089844,0
1IJK,12,10.40652084350586,7.908768653869629,18.543840408325195,0.0,0.06944969478882239,-16.59564208984375,0
1IJK,13,16.84524917602539,15.600191116333008,48.56427001953125,0.0,0.012961373865915728,-14.680632591247559,1
1IJK,14,7.621908664703369,6.509822368621826,14.578789710998535,0.0,0.1013705787778355,-15.385351181030273,5
1JTG,0,19.042022705078125,14.627106666564941,37.55349349975586,0.0,0.01971389260305928,-15.683588027954102,1
1JTG,1,14.428866386413574,11.70361614227295,41.792457580566406,0.0,0.01862787587554875,-14.75266170501709,1
1JTG,2,9.056188583374023,7.814344882965088,30.15145492553711,0.0,0.03638649144792286,-17.231882095336914,0
1JTG,3,4.842127323150635,4.034614562988281,14.804608345031738,1.0,0.4564518540389511,-14.702993392944336,0
1JTG,4,3.917133331298828,3.857649087905884,12.418500900268555,0.666666,0.37234377461688767,-15.193517684936523,5
1JTG,5,19.430025100708008,16.1234188079834,46.01769256591797,0.0,0.01385782062507263,-17.22148895263672,0
1JTG,6,15.933915138244629,13.373671531677246,38.509761810302734,0.0,0.01962640908523038,-14.217211723327637,2
1JTG,7,4.310733795166016,4.100317001342773,12.889594078063965,1.0,0.4737016282904651,-14.434248924255371,5
1JTG,8,17.962602615356445,13.374749183654785,39.07809066772461,0.0,0.019198810303003976,-15.613868713378906,10
1JTG,9,19.169328689575195,14.980060577392578,36.811187744140625,0.0,0.020182225017886583,-15.822080612182617,0
1JTG,10,16.029991149902344,12.394474983215332,42.97357177734375,0.0,0.017361693063312488,-15.161819458007812,3
1JTG,11,18.822534561157227,15.348000526428223,32.331974029541016,0.0,0.02470279012715675,-17.30739402770996,2
1JTG,12,19.00773048400879,15.319258689880371,33.93616485595703,0.0,0.022842816076976632,-17.982830047607422,4
1JTG,13,3.879368305206299,3.675693988800049,12.32278823852539,0.666666,0.37727501183061785,-15.372584342956543,3
1JTG,14,4.404645919799805,3.4973275661468506,13.434576988220215,1.0,0.48041403686361456,-15.330330848693848,2
2A9K,0,22.150976181030273,14.750843048095703,42.59922790527344,0.0,0.01617475291235154,-19.871082305908203,0
2A9K,1,15.427607536315918,17.139205932617188,33.47132110595703,0.0,0.02272808725563227,-16.11484146118164,0
2A9K,2,19.727378845214844,18.482694625854492,53.54549026489258,0.0,0.010374487234373925,-17.752761840820312,4
2A9K,3,15.035122871398926,17.069910049438477,31.86322784423828,0.0,0.024699501550182888,-16.01529884338379,2
2A9K,4,18.625192642211914,16.671648025512695,40.419395446777344,0.0,0.016793746767803895,-17.280637741088867,0
2A9K,5,19.211977005004883,15.632756233215332,41.51655960083008,0.0,0.016451318549528852,-16.54314422607422,0
2A9K,6,17.07195281982422,15.688879013061523,36.30009460449219,0.0,0.020346235379440494,-14.491352081298828,8
2A9K,7,18.841936111450195,14.578719139099121,38.33103942871094,0.0,0.019114920369458922,-19.9294376373291,4
2A9K,8,15.467644691467285,17.550121307373047,35.408538818359375,0.0,0.020579545558655377,-16.70295524597168,0
2A9K,9,16.6652889251709,16.646257400512695,36.944679260253906,0.0,0.019442418917347475,-17.344303131103516,1
2A9K,10,22.752641677856445,14.026293754577637,41.92009735107422,0.0,0.01693265952390941,-21.19086456298828,2
2A9K,11,21.50811004638672,13.72036075592041,42.269649505615234,0.0,0.01689222303030054,-20.603437423706055,1
2A9K,12,16.748764038085938,16.449718475341797,34.288330078125,0.0,0.022047308229447702,-16.58812141418457,3
2A9K,13,20.39207649230957,14.404840469360352,41.50284194946289,0.0,0.016994568274385176,-16.39278221130371,1
2A9K,14,17.57701301574707,15.180150985717773,38.30460739135742,0.0,0.018866893136397538,-18.596878051757812,1
5HGG,0,18.5445499420166,17.047876358032227,38.05875015258789,0.0,0.018397587581748906,-15.67125129699707,2
5HGG,1,10.014699935913086,6.4163432121276855,24.89529800415039,0.193548,0.11659056491421349,-17.68830108642578,3
5HGG,2,7.646379470825195,5.065011501312256,18.370731353759766,0.225806,0.16092420901932045,-16.303945541381836,3
5HGG,3,14.364980697631836,12.403347969055176,31.777896881103516,0.0,0.027061247652965737,-18.64009666442871,1
5HGG,4,10.686012268066406,7.52937126159668,29.46866226196289,0.0,0.0383273031417845,-16.997711181640625,1
5HGG,5,10.997488975524902,6.793750286102295,27.602121353149414,0.096774,0.07662475163036131,-16.23906135559082,8
5HGG,6,9.611310958862305,9.079202651977539,23.60950469970703,0.0,0.04710490535513389,-13.8455171585083,2
5HGG,7,11.16455078125,7.292815208435059,26.850866317749023,0.064516,0.06539617218395057,-17.7794132232666,3
5HGG,8,14.579641342163086,13.280895233154297,31.845876693725586,0.0,0.026366387105503708,-17.018474578857422,1
5HGG,9,10.261425018310547,6.704061031341553,24.197044372558594,0.129032,0.0955172624141638,-19.49893569946289,1
5HGG,10,10.567898750305176,7.147276878356934,30.24908447265625,0.032258,0.04920929083836895,-17.608192443847656,4
5HGG,11,21.627016067504883,25.60773468017578,70.81074523925781,0.0,0.005874644753241027,-15.523797988891602,0
5HGG,12,11.35039234161377,7.2095046043396,27.8331241607666,0.129032,0.08527736982691635,-16.653783798217773,6
5HGG,13,8.831442832946777,5.619082450866699,21.86446762084961,0.290323,0.1627114947576376,-17.430824279785156,4
5HGG,14,12.577898025512695,9.896271705627441,28.86003875732422,0.0,0.03409301547297903,-19.121715545654297,2
3BX7,0,7.447338581085205,7.34850549697876,13.640580177307129,0.0,0.10656547560879888,-16.176427841186523,6
3BX7,1,15.149481773376465,14.57681941986084,49.400856018066406,0.0,0.013077362781796964,-15.195648193359375,0
3BX7,2,15.481800079345703,12.33354663848877,25.449684143066406,0.0,0.038310599054016604,-17.889171600341797,0
3BX7,3,9.594356536865234,8.491950988769531,18.606918334960938,0.0,0.06763690529657672,-15.246320724487305,5
3BX7,4,9.962067604064941,8.242644309997559,19.08613395690918,0.0,0.06585497667732385,-20.91938591003418,0
3BX7,5,10.972735404968262,9.565970420837402,19.44228744506836,0.0,0.06148783594229217,-14.144445419311523,4
3BX7,6,13.261786460876465,11.20445728302002,26.622940063476562,0.0,0.036704323009617255,-17.07221794128418,6
3BX7,7,12.31334114074707,9.873169898986816,23.831201553344727,0.0,0.0451401967733747,-17.670635223388672,2
3BX7,8,7.289595127105713,6.733885765075684,12.267413139343262,0.0,0.12388123805355643,-14.484403610229492,8
3BX7,9,8.366793632507324,7.113795757293701,14.576967239379883,0.0,0.09877015840742355,-14.203107833862305,6
3BX7,10,15.16543197631836,13.008779525756836,25.150177001953125,0.0,0.03854508199930041,-14.83578109741211,0
3BX7,11,16.450185775756836,11.880531311035156,28.953388214111328,0.0,0.031679487812920536,-16.64004135131836,34
3BX7,12,8.524593353271484,7.009354114532471,16.674617767333984,0.0,0.08334881518933468,-21.66415023803711,2
3BX7,13,10.795015335083008,8.699094772338867,20.1245174407959,0.0,0.06008785374158163,-17.00650405883789,6
3BX7,14,7.133090019226074,7.2847676277160645,13.771343231201172,0.0,0.10551426772686519,-15.145498275756836,5
1DQJ,0,11.561431884765625,13.671731948852539,24.210073471069336,0.0,0.04054458199044729,-16.183109283447266,12
1DQJ,1,12.385475158691406,15.262718200683594,27.73883819580078,0.0,0.03180172908268835,-18.641460418701172,3
1DQJ,2,12.340194702148438,14.163895606994629,26.164745330810547,0.0,0.03551776335983489,-16.29954719543457,20
1DQJ,3,11.932365417480469,15.314959526062012,26.291078567504883,0.0,0.03471179374005801,-19.515073776245117,0
1DQJ,4,11.899231910705566,14.938672065734863,26.195852279663086,0.0,0.03507961967108656,-19.234804153442383,1
1DQJ,5,9.693148612976074,10.687945365905762,22.922069549560547,0.0,0.04673403678506119,-13.888434410095215,68
1DQJ,6,11.580754280090332,14.877659797668457,24.0728816986084,0.0,0.0403058729798419,-15.725442886352539,2
1DQJ,7,12.29268741607666,12.400562286376953,27.608503341674805,0.0,0.033667261501392064,-13.74979019165039,57
1DQJ,8,11.960254669189453,13.912625312805176,25.2330379486084,0.0,0.03780034971340383,-15.268003463745117,20
1DQJ,9,6.209124565124512,8.6198148727417,13.8141508102417,0.0,0.10134086155537843,-14.900836944580078,4
1DQJ,10,11.441932678222656,13.480460166931152,30.422653198242188,0.0,0.028213417393923954,-12.475255012512207,7
1DQJ,11,12.672187805175781,14.996798515319824,28.739103317260742,0.0,0.03011502650483042,-16.15657615661621,3
1DQJ,12,22.325803756713867,16.653154373168945,52.052005767822266,0.0,0.011340514483449108,-12.635475158691406,62
1DQJ,13,8.139609336853027,8.689194679260254,19.188976287841797,0.090909,0.0946258811611954,-13.236441612243652,72
1DQJ,14,11.553237915039062,14.109928131103516,24.115459442138672,0.0,0.04056067105949839,-17.122838973999023,3
1GXD,0,26.41761016845703,13.623143196105957,68.04342651367188,0.0,0.009114521087998628,-14.221112251281738,24
1GXD,1,38.06944274902344,36.597965240478516,101.2418212890625,0.0,0.002892177359295403,-13.87456226348877,11
1GXD,2,9.460639953613281,11.699529647827148,20.935710906982422,0.0,0.05256166322677724,-13.719846725463867,14
1GXD,3,24.106515884399414,22.140134811401367,65.7721176147461,0.0,0.006998740095072,-16.845918655395508,15
1GXD,4,11.461906433105469,13.377302169799805,29.002063751220703,0.0,0.030506585484817193,-12.515295028686523,9
1GXD,5,39.22971725463867,34.82320022583008,101.39859008789062,0.0,0.0029433423122711077,-13.9423828125,19
1GXD,6,32.35182189941406,30.48227882385254,75.36984252929688,0.0,0.004991543974380148,-13.340476036071777,91
1GXD,7,25.952953338623047,14.140890121459961,65.61600494384766,0.0,0.009210281903132644,-12.182238578796387,28
1GXD,8,37.947242736816406,34.904361724853516,97.16761016845703,0.0,0.0031458817815372894,-14.700525283813477,16
1GXD,9,17.663585662841797,9.843856811523438,40.0584831237793,0.105263,0.05701339123526747,-12.70265007019043,42
1GXD,10,38.73743438720703,36.87050247192383,99.70291137695312,0.0,0.0029560142541930866,-15.338146209716797,6
1GXD,11,27.78919792175293,14.10429859161377,68.69718170166016,0.0,0.008754188241083314,-14.961978912353516,43
1GXD,12,11.637774467468262,12.367362976074219,24.889591217041016,0.0,0.03964792001387433,-15.479397773742676,14
1GXD,13,23.714242935180664,18.21013641357422,60.94720458984375,0.368421,0.1314132484229365,-13.709395408630371,4
1GXD,14,39.168521881103516,37.896018981933594,101.02570343017578,0.0,0.002864519458063838,-14.081865310668945,8
2VIS,0,30.88182830810547,36.14506530761719,77.65291595458984,0.0,0.004519728547122265,-12.249059677124023,3
2VIS,1,21.039215087890625,14.408212661743164,37.420433044433594,0.0,0.019929013045200113,-14.849935531616211,15
2VIS,2,18.32685089111328,16.152202606201172,31.694049835205078,0.0,0.02521657839512935,-15.258180618286133,1
2VIS,3,23.26297950744629,20.563051223754883,44.667423248291016,0.0,0.013413266642805023,-16.708345413208008,0
2VIS,4,25.320688247680664,17.269508361816406,48.698158264160156,0.0,0.01235098686546516,-20.78133201599121,3
2VIS,5,19.135101318359375,15.99094009399414,42.20610427856445,0.0,0.01590012378767294,-14.066560745239258,4
2VIS,6,15.618678092956543,15.48571491241455,27.234825134277344,0.0,0.032685363418812285,-13.65346908569336,0
2VIS,7,31.27928924560547,25.181859970092773,80.73853302001953,0.0,0.004832542767126165,-12.63286304473877,3
2VIS,8,21.415536880493164,18.63678550720215,37.44235610961914,0.0,0.01848219845361769,-15.137938499450684,0
2VIS,9,37.113624572753906,32.151611328125,83.32085418701172,0.0,0.004157262977570658,-15.611289978027344,32
2VIS,10,26.108165740966797,18.738306045532227,61.59254455566406,0.0,0.00835209364887042,-14.39477252960205,4
2VIS,11,21.47369384765625,17.162778854370117,57.946563720703125,0.0,0.009548129650611989,-13.739745140075684,11
2VIS,12,36.041893005371094,33.04836654663086,96.38119506835938,0.0,0.003257849263699078,-13.392072677612305,15
2VIS,13,25.420230865478516,17.395999908447266,47.75157928466797,0.0,0.012697554158205268,-19.154300689697266,0
2VIS,14,21.876901626586914,22.297061920166016,51.747581481933594,0.0,0.010259152903475545,-9.768951416015625,0
2SNI,0,9.357083320617676,9.112082481384277,28.173864364624023,0.0,0.036603873838183226,-14.706094741821289,4
2SNI,1,1.5700292587280273,1.4300199747085571,4.52783203125,0.352941,0.5519254410414253,-20.809967041015625,0
2SNI,2,3.181788682937622,2.539482831954956,10.413724899291992,0.529412,0.39596892973237213,-21.049728393554688,2
2SNI,3,7.927279949188232,7.671095848083496,21.731199264526367,0.294118,0.15454573903986302,-17.895263671875,4
2SNI,4,7.198373317718506,7.308743000030518,16.732505798339844,0.235294,0.16027864658319654,-20.657302856445312,2
2SNI,5,3.7504725456237793,3.822679042816162,9.10737133026123,0.117647,0.23887397167585536,-17.41364097595215,0
2SNI,6,7.807082176208496,7.707123756408691,19.53251075744629,0.235294,0.14367082856645788,-21.011089324951172,3
2SNI,7,8.184139251708984,7.886032581329346,22.748374938964844,0.235294,0.1309074602101919,-18.823171615600586,3
2SNI,8,5.875252723693848,6.055464744567871,14.640885353088379,0.382353,0.23075151532562946,-18.38165283203125,3
2SNI,9,4.170999050140381,4.070922374725342,10.493364334106445,0.470588,0.32877306535996215,-17.175046920776367,3
2SNI,10,3.879807949066162,3.3693225383758545,11.82061767578125,0.470588,0.3256132150811968,-18.59417724609375,3
2SNI,11,5.370277404785156,4.662156105041504,18.361888885498047,0.235294,0.1685246010197358,-20.69445037841797,0
2SNI,12,6.285720348358154,5.9249444007873535,17.879911422729492,0.352941,0.1991709383896787,-16.645322799682617,4
2SNI,13,2.076592445373535,1.5951013565063477,5.964206218719482,0.352941,0.49744365686222497,-20.993385314941406,2
2SNI,14,8.211730003356934,7.766751289367676,21.68730354309082,0.235294,0.13480339208977135,-18.97843360900879,4
3A4S,0,15.530862808227539,16.748205184936523,46.48841857910156,0.0,0.013435646450765013,-19.714200973510742,0
3A4S,1,15.071211814880371,17.45607566833496,41.06643295288086,0.0,0.016137090618149528,-13.08226203918457,0
3A4S,2,13.243548393249512,15.895387649536133,41.61928939819336,0.0,0.01628906706920225,-16.030241012573242,0
3A4S,3,15.100353240966797,16.125215530395508,44.44438171386719,0.0,0.014621627289315778,-22.161788940429688,0
3A4S,4,15.400125503540039,18.093252182006836,46.56184768676758,0.0,0.013025637663974339,-17.050695419311523,0
3A4S,5,15.165431022644043,16.597225189208984,45.065765380859375,0.0,0.014151533278233588,-21.54303550720215,0
3A4S,6,15.074835777282715,17.646121978759766,44.890838623046875,0.0,0.013928582181240124,-17.620786666870117,0
3A4S,7,15.167799949645996,16.549169540405273,44.603363037109375,0.0,0.014397403015319584,-22.102344512939453,0
3A4S,8,14.579298973083496,17.160860061645508,39.761451721191406,0.0,0.017094925554335744,-13.53627872467041,0
3A4S,9,18.040714263916016,20.758710861206055,52.40083694458008,0.0,0.010277359518926167,-14.232030868530273,0
3A4S,10,15.028526306152344,16.36105728149414,44.915077209472656,0.0,0.014303708643178726,-18.844608306884766,0
3A4S,11,15.541976928710938,17.66029167175293,47.14598846435547,0.0,0.012881355251936054,-16.39840316772461,0
3A4S,12,15.845683097839355,17.31269073486328,46.80079650878906,0.0,0.013127877784148818,-20.918153762817383,0
3A4S,13,15.052751541137695,16.711341857910156,45.21445083618164,0.0,0.01404244868649055,-20.661457061767578,0
3A4S,14,10.159856796264648,12.343527793884277,23.568592071533203,0.0,0.04321667260948899,-13.097640037536621,0
4GXU,0,29.874042510986328,29.368453979492188,83.22805786132812,0.0,0.004308185867819279,-12.979476928710938,41
4GXU,1,33.27259826660156,26.72002410888672,77.25677490234375,0.0,0.005033919033525423,-13.232179641723633,123
4GXU,2,46.54428482055664,41.6203498840332,94.19389343261719,0.0,0.00312485813788025,-12.69731616973877,127
4GXU,3,38.536964416503906,32.595008850097656,83.8778076171875,0.0,0.004092760612677161,-14.430383682250977,15
4GXU,4,29.47372055053711,25.142229080200195,67.5586929321289,0.0,0.006376627019942748,-14.071148872375488,79
4GXU,5,34.79242706298828,28.801902770996094,72.4284896850586,0.0,0.0054301884257296025,-11.719888687133789,133
4GXU,6,47.01568603515625,28.837657928466797,87.5283203125,0.0,0.004013605399655895,-13.6046142578125,103
4GXU,7,40.56277084350586,27.810279846191406,76.43901824951172,0.0,0.005038366443556215,-13.905072212219238,25
4GXU,8,57.24188232421875,33.40031433105469,90.66737365722656,0.0,0.003575059946877585,-12.233241081237793,94
4GXU,9,29.64266586303711,29.503490447998047,79.53038787841797,0.0,0.004623985844471531,-13.247576713562012,52
4GXU,10,57.136898040771484,35.278629302978516,87.7186508178711,0.0,0.0037023251202195104,-13.721182823181152,67
4GXU,11,43.86738967895508,26.253087997436523,78.75809478759766,0.0,0.0049225663871263585,-14.172904014587402,57
4GXU,12,41.49117660522461,27.352739334106445,75.33866882324219,0.0,0.005189180041778805,-12.734522819519043,85
4GXU,13,30.06313133239746,29.85118293762207,83.51175689697266,0.0,0.0042573331397020514,-12.443974494934082,74
4GXU,14,44.62751388549805,39.37965774536133,105.7248306274414,0.0,0.002623676617071077,-11.598055839538574,202
1FC2,0,9.274481773376465,16.96037483215332,57.61928939819336,0.0,0.009686613154179562,-16.607009887695312,2
1FC2,1,11.2681303024292,13.516877174377441,38.40822219848633,0.0,0.019618342788062838,-15.024457931518555,0
1FC2,2,16.05469512939453,18.273578643798828,43.152435302734375,0.0,0.014681128764994366,-20.031234741210938,0
1FC2,3,12.459458351135254,13.090935707092285,34.35556411743164,0.0,0.02354708341451048,-17.750776290893555,3
1FC2,4,15.45500373840332,15.706783294677734,24.807889938354492,0.0,0.038033678738662716,-14.98389720916748,5
1FC2,5,12.680853843688965,14.395964622497559,32.90740966796875,0.0,0.024428764610338615,-19.082653045654297,0
1FC2,6,12.889466285705566,19.40253257751465,51.92649841308594,0.0,0.010679121548306329,-13.878860473632812,5
1FC2,7,5.100194454193115,7.832639694213867,33.74954605102539,0.0,0.03167492546134578,-20.432689666748047,1
1FC2,8,9.404632568359375,15.376137733459473,50.69813537597656,0.0,0.01225600888911779,-17.424240112304688,23
1FC2,9,7.985609531402588,10.615379333496094,34.84626007080078,0.0,0.025245223994385266,-15.999029159545898,17
1FC2,10,15.528383255004883,14.741374015808105,31.698060989379883,0.0,0.025777095755979043,-18.90787696838379,3
1FC2,11,14.357951164245605,15.286297798156738,30.2475643157959,0.0,0.027575489899318007,-17.384733200073242,4
1FC2,12,64.08109283447266,89.57994079589844,166.30258178710938,0.0,0.0009619682372467743,0.0,0
1FC2,13,10.212451934814453,11.23284912109375,41.415592193603516,0.5,0.1859797485723618,-15.226648330688477,0
1FC2,14,6.293708324432373,8.10842514038086,26.862056732177734,0.0,0.04136849834752734,-15.00195026397705,4
1ACB,0,11.99419116973877,11.974739074707031,40.37273025512695,0.0,0.019297825380829813,-15.279694557189941,0
1ACB,1,13.009966850280762,13.621252059936523,39.826393127441406,0.0,0.01851595753839572,-17.562591552734375,0
1ACB,2,6.039796352386475,6.297248840332031,18.877206802368164,0.0,0.07408831691116811,-16.531322479248047,2
1ACB,3,12.791176795959473,13.314859390258789,44.58140563964844,0.0,0.015869794925055608,-15.19083309173584,0
1ACB,4,6.378145694732666,6.4790239334106445,19.688993453979492,0.0,0.06932339940332365,-18.71862030029297,0
1ACB,5,8.408896446228027,7.451287269592285,25.41895866394043,0.206897,0.11547261500171174,-17.11612892150879,5
1ACB,6,4.820340156555176,4.702971458435059,11.63839340209961,0.310345,0.2501777448948612,-22.261037826538086,1
1ACB,7,12.189203262329102,11.0512113571167,37.96963882446289,0.0,0.021937626942537407,-13.47608470916748,0
1ACB,8,5.810855388641357,6.124985218048096,17.805910110473633,0.0,0.08072370080358174,-17.567352294921875,0
1ACB,9,8.051108360290527,8.461201667785645,23.934432983398438,0.172414,0.10496046720043457,-13.975083351135254,4
1ACB,10,10.521180152893066,9.538997650146484,31.73597526550293,0.0,0.0303548652321247,-15.063904762268066,4
1ACB,11,4.763946533203125,4.5602898597717285,15.415311813354492,0.0,0.11026105992408068,-18.867399215698242,0
1ACB,12,6.600980281829834,7.408236026763916,14.959898948669434,0.0,0.09447676556533775,-16.852689743041992,1
1ACB,13,10.776535987854004,11.629030227661133,32.77421188354492,0.0,0.02646297807215769,-17.29816246032715,0
1ACB,14,4.267158508300781,3.2117810249328613,13.093859672546387,0.448276,0.3079364252827064,-23.19746971130371,0
3H2V,0,13.486239433288574,14.094326972961426,42.230228424072266,0.0,0.016711635559643685,-21.73838996887207,0
3H2V,1,19.326772689819336,22.695993423461914,52.22420883178711,0.0,0.01005203693882649,-19.701828002929688,0
3H2V,2,10.395331382751465,11.722726821899414,24.18760108947754,0.0,0.04201005477325479,-23.332643508911133,1
3H2V,3,9.377188682556152,11.516613006591797,23.690650939941406,0.0,0.04357689531667186,-22.229585647583008,0
3H2V,4,15.832448959350586,18.653974533081055,45.77595901489258,0.0,0.01325165165804843,-22.72454261779785,0
3H2V,5,18.63549041748047,20.162622451782227,50.200531005859375,0.0,0.01112490066407956,-23.561033248901367,0
3H2V,6,18.522056579589844,18.114957809448242,50.183631896972656,0.0,0.011566226481146238,-19.732248306274414,0
3H2V,7,12.30214786529541,14.622198104858398,40.99688720703125,0.0,0.017209673593028132,-19.82492446899414,0
3H2V,8,14.321650505065918,12.817464828491211,45.167762756347656,0.0,0.015904552206555716,-22.019184112548828,0
3H2V,9,14.307342529296875,13.481948852539062,44.9825553894043,0.0,0.015567693063799912,-21.419105529785156,0
3H2V,10,12.913544654846191,14.660684585571289,42.03546142578125,0.0,0.01654751411788372,-19.723587036132812,0
3H2V,11,18.707231521606445,19.602825164794922,50.08594512939453,0.0,0.011271931502249562,-22.225107192993164,0
3H2V,12,9.2787504196167,8.845935821533203,21.504669189453125,0.0,0.054357468729538484,-21.742115020751953,0
3H2V,13,15.399371147155762,12.721117973327637,48.039833068847656,0.0,0.014689755333254345,-21.404464721679688,0
3H2V,14,11.989518165588379,14.67236614227295,39.45222091674805,0.0,0.01823441931243161,-22.538097381591797,0
5CBA,0,8.301410675048828,10.775894165039062,19.271835327148438,0.0,0.060620159101872406,-17.54541778564453,0
5CBA,1,8.385871887207031,10.833257675170898,20.273887634277344,0.0,0.05610343784869484,-15.708575248718262,3
5CBA,2,8.371359825134277,10.463909149169922,19.34642791748047,0.0,0.06064570275323769,-18.071775436401367,0
5CBA,3,7.752507209777832,10.134727478027344,17.405763626098633,0.0,0.07133156938677952,-16.589570999145508,3
5CBA,4,9.198490142822266,11.7869291305542,21.378646850585938,0.0,0.050812946990620673,-19.632080078125,1
5CBA,5,9.21998405456543,11.909961700439453,21.298227310180664,0.0,0.051002424182258636,-20.41892433166504,2
5CBA,6,13.066662788391113,13.544439315795898,31.44769287109375,0.083333,0.0545106749424347,-15.319978713989258,42
5CBA,7,7.787735462188721,9.298385620117188,24.043807983398438,0.0,0.045485591425512444,-16.245792388916016,0
5CBA,8,9.1903076171875,11.942647933959961,21.27956771850586,0.0,0.051043710967357984,-19.871051788330078,1
5CBA,9,9.303319931030273,12.008251190185547,21.693405151367188,0.0,0.049485574401363454,-20.7303409576416,1
5CBA,10,9.562230110168457,12.447766304016113,22.401256561279297,0.0,0.046723268222906435,-20.364303588867188,3
5CBA,11,8.867517471313477,9.678479194641113,21.386011123657227,0.0,0.05329236159636055,-19.030366897583008,7
5CBA,12,10.152872085571289,13.729156494140625,24.744665145874023,0.0,0.039113401631489485,-17.163612365722656,6
5CBA,13,8.448402404785156,10.578848838806152,20.176239013671875,0.0,0.056813287080560736,-18.639202117919922,0
5CBA,14,8.311460494995117,10.527530670166016,19.97625732421875,0.0,0.05773223899613073,-18.76428985595703,0
6A0Z,0,31.69020652770996,23.819732666015625,70.37846374511719,0.0,0.006108987413962634,-15.353104591369629,22
6A0Z,1,23.140928268432617,19.553112030029297,40.39964294433594,0.0,0.016080459810563035,-14.541642189025879,20
6A0Z,2,35.22285079956055,11.54675579071045,74.68621826171875,0.0,0.009794213265403686,-14.565860748291016,58
6A0Z,3,27.107372283935547,10.958760261535645,50.825111389160156,0.0,0.015199659961358136,-15.097631454467773,91
6A0Z,4,19.398578643798828,17.040996551513672,39.83571243286133,0.0,0.0170784320238353,-15.058606147766113,11
6A0Z,5,24.944055557250977,15.230859756469727,44.56008529663086,0.0,0.014905139546862895,-13.354901313781738,33
6A0Z,6,22.947879791259766,20.268590927124023,52.15068817138672,0.0,0.010441699326416976,-16.599641799926758,15
6A0Z,7,18.63204002380371,16.007476806640625,35.30393981933594,0.0,0.021165543025329112,-20.62254524230957,0
6A0Z,8,26.184734344482422,20.839967727661133,60.99629592895508,0.0,0.008067753075816671,-15.160117149353027,13
6A0Z,9,31.160131454467773,14.307622909545898,62.13582992553711,0.0,0.009747149323431308,-13.847955703735352,89
6A0Z,10,28.804298400878906,17.82223129272461,63.4434814453125,0.0,0.008222433275886953,-12.391650199890137,44
6A0Z,11,21.891218185424805,15.33426570892334,39.668365478515625,0.0,0.017792309912765703,-12.890650749206543,26
6A0Z,12,28.09649658203125,17.081178665161133,62.89997100830078,0.0,0.008528882187081319,-14.811663627624512,22
6A0Z,13,28.79463005065918,12.020987510681152,55.43589401245117,0.1,0.046100633876079634,-15.515615463256836,128
6A0Z,14,19.77643585205078,16.058454513549805,37.307518005371094,0.0,0.019332471337328874,-13.772048950195312,17
5SV3,0,12.574614524841309,10.693181037902832,24.760589599609375,0.0625,0.062406777645116845,-16.372825622558594,0
5SV3,1,17.484283447265625,16.86897087097168,26.782936096191406,0.0,0.03311656717712323,-13.958264350891113,5
5SV3,2,17.572786331176758,17.22260093688965,25.87322998046875,0.0,0.03498105695380123,-15.218607902526855,2
5SV3,3,17.296722412109375,15.752756118774414,24.228008270263672,0.0,0.03952682803131986,-17.3532657623291,0
5SV3,4,18.479604721069336,18.420656204223633,38.87588882446289,0.0,0.017403851091281657,-16.973142623901367,5
5SV3,5,19.097997665405273,16.377105712890625,27.71380043029785,0.0,0.03143329509532693,-16.47149658203125,2
5SV3,6,15.262859344482422,15.101840019226074,25.110204696655273,0.0,0.03752543952871284,-24.10316276550293,0
5SV3,7,14.57337474822998,14.995460510253906,26.97742462158203,0.0,0.03340529236561253,-13.505985260009766,2
5SV3,8,18.660202026367188,16.861173629760742,30.689006805419922,0.0,0.026366647981207234,-17.858449935913086,6
5SV3,9,19.35307502746582,16.800424575805664,30.207626342773438,0.0,0.02709243900367124,-16.209060668945312,3
5SV3,10,17.638427734375,17.20892333984375,27.231056213378906,0.0,0.03210781744566848,-16.16437530517578,7
5SV3,11,17.19729995727539,13.984933853149414,29.977066040039062,0.0,0.02859698034343731,-17.987215042114258,0
5SV3,12,18.76471519470215,16.819923400878906,27.492847442626953,0.0,0.03171250908883932,-15.218613624572754,2
5SV3,13,15.103313446044922,12.620678901672363,25.587661743164062,0.125,0.07943771157534583,-16.854230880737305,0
5SV3,14,19.388002395629883,18.64365005493164,38.51079559326172,0.0,0.017628237993237,-14.81913948059082,2
1M10,0,15.491681098937988,15.290669441223145,32.28846740722656,0.0,0.024780602950366184,-15.006144523620605,3
1M10,1,18.333711624145508,19.381572723388672,41.902347564697266,0.222222,0.0892329575339096,-14.81190299987793,4
1M10,2,8.946334838867188,10.338592529296875,21.53300666809082,0.0,0.05181039601333761,-11.563298225402832,3
1M10,3,8.867618560791016,10.139556884765625,23.81041717529297,0.0,0.044816868338499856,-14.485699653625488,9
1M10,4,17.406265258789062,18.335355758666992,38.14390563964844,0.0,0.017985603388485764,-17.80154800415039,0
1M10,5,74.2540283203125,88.79180908203125,192.8838653564453,0.0,0.0007411763453089591,0.0,0
1M10,6,17.984365463256836,18.942319869995117,45.45396423339844,0.055556,0.03185864866156163,-16.278091430664062,3
1M10,7,18.14690399169922,17.61866569519043,45.377540588378906,0.0,0.013698170430718143,-13.076274871826172,27
1M10,8,19.192180633544922,19.31743049621582,39.7642822265625,0.0,0.016563319939339554,-18.44437599182129,1
1M10,9,9.673530578613281,10.878924369812012,25.808935165405273,0.0,0.0388365778941653,-17.434988021850586,3
1M10,10,10.681492805480957,11.958846092224121,39.27159881591797,0.0,0.020079834199936544,-14.691566467285156,5
1M10,11,19.484983444213867,22.0050048828125,46.827388763427734,0.0,0.012174281322128513,-15.023537635803223,1
1M10,12,13.664311408996582,14.398977279663086,43.967281341552734,0.0,0.015587986827695544,-18.728755950927734,0
1M10,13,16.12171173095703,17.603395462036133,47.1021614074707,0.0,0.012915623421574984,-13.531124114990234,3
1M10,14,11.130885124206543,12.892189025878906,43.450538635253906,0.0,0.016738299709802184,-17.875566482543945,0
2FJU,0,8.035269737243652,10.006848335266113,20.4990234375,0.0,0.05622929262626913,-13.34372329711914,8
2FJU,1,22.09258270263672,13.994450569152832,60.65108108520508,0.0,0.010206915209317506,-13.19871711730957,12
2FJU,2,20.780675888061523,14.120994567871094,56.68741989135742,0.0,0.011048981497172128,-13.754486083984375,13
2FJU,3,25.140291213989258,18.61542320251465,72.21820831298828,0.0,0.006704906476629027,-10.662353515625,22
2FJU,4,17.207773208618164,17.076175689697266,51.242950439453125,0.0,0.011478426854081417,-12.43820858001709,12
2FJU,5,25.45744514465332,16.530685424804688,69.8292236328125,0.0,0.007589111100993903,-11.216540336608887,26
2FJU,6,19.175983428955078,16.68829345703125,54.72654342651367,0.0,0.010523205312101408,-12.241753578186035,12
2FJU,7,21.817148208618164,15.757292747497559,54.31412124633789,0.0,0.010962120881519516,-10.98952865600586,98
2FJU,8,25.139219284057617,21.534183502197266,72.90550994873047,0.0,0.0060797966897287725,-14.628399848937988,13
2FJU,9,21.783357620239258,18.33007049560547,61.82758331298828,0.0,0.00840065015907262,-12.938471794128418,29
2FJU,10,27.4573917388916,22.524932861328125,71.78887176513672,0.0,0.006080140831299439,-11.38306999206543,61
2FJU,11,26.422447204589844,22.3568172454834,68.37101745605469,0.0,0.006567338193416358,-11.310978889465332,51
2FJU,12,24.98326301574707,18.052949905395508,61.78801345825195,0.0,0.008476552026680259,-10.785821914672852,116
2FJU,13,19.910568237304688,19.390586853027344,59.12406921386719,0.0,0.008732834366721851,-13.180583000183105,17
2FJU,14,25.375328063964844,22.771635055541992,67.1135025024414,0.0,0.006702522604572762,-10.728666305541992,44
1AHW,0,22.330364227294922,19.662738800048828,42.54587936401367,0.0,0.014722587159126985,-15.636322021484375,0
1AHW,1,15.293501853942871,14.905745506286621,32.95175552368164,0.0,0.0241379077428967,-18.289533615112305,5
1AHW,2,18.358692169189453,18.038341522216797,37.56743621826172,0.0,0.018522604989475593,-16.07662582397461,4
1AHW,3,16.51947021484375,16.77782440185547,33.47779083251953,0.0,0.022830206703483374,-18.097307205200195,0
1AHW,4,18.259225845336914,19.266002655029297,36.811180114746094,0.0,0.018881611829366846,-15.928930282592773,1
1AHW,5,25.03213119506836,20.138227462768555,57.86239242553711,0.0,0.008880424306395652,-13.793990135192871,4
1AHW,6,16.77581787109375,19.270658493041992,41.014678955078125,0.0,0.015734418693269477,-17.15317153930664,3
1AHW,7,17.792619705200195,19.635475158691406,35.55208206176758,0.0,0.019957718862201934,-16.40825080871582,5
1AHW,8,17.682695388793945,17.513925552368164,36.85136795043945,0.0,0.01926555545991424,-16.930936813354492,5
1AHW,9,15.6729097366333,14.9259614944458,33.06733322143555,0.0,0.023992826395253585,-16.677953720092773,4
1AHW,10,20.610563278198242,18.576143264770508,39.77322769165039,0.0,0.01671862844194983,-15.34335708618164,1
1AHW,11,23.49530029296875,16.448986053466797,48.4288215637207,0.0,0.012710740813755861,-13.404520988464355,18
1AHW,12,17.439437866210938,16.35053062438965,34.10624313354492,0.0,0.022275010492101732,-16.506568908691406,12
1AHW,13,22.760421752929688,17.923799514770508,41.30133056640625,0.0,0.015863104028291497,-16.03285026550293,47
1AHW,14,16.869714736938477,20.39861297607422,40.097442626953125,0.0,0.016127591615497216,-18.11072540283203,0
1OC0,0,19.844951629638672,26.34867286682129,70.00458526611328,0.0,0.005919731772869072,-14.330757141113281,3
1OC0,1,7.905575275421143,11.506444931030273,30.335981369018555,0.0,0.029834858775331444,-19.332504272460938,0
1OC0,2,3.2086172103881836,6.088474750518799,11.568629264831543,0.0,0.13593668899868636,-21.130918502807617,0
1OC0,3,8.073266983032227,9.666078567504883,31.241697311401367,0.0,0.030812219459298965,-23.128135681152344,0
1OC0,4,10.684493064880371,14.146425247192383,40.01377487182617,0.0,0.01809832642828903,-20.134859085083008,0
1OC0,5,10.489246368408203,14.883657455444336,39.71968078613281,0.0,0.017948424243681,-21.783174514770508,0
1OC0,6,3.345867395401001,4.258555889129639,12.40527057647705,0.25,0.22662165604485307,-27.07707405090332,0
1OC0,7,4.841844081878662,9.296744346618652,16.80702018737793,0.0,0.0763502179621787,-20.306880950927734,0
1OC0,8,4.6368889808654785,9.221176147460938,15.710057258605957,0.0,0.08407614076410387,-22.396326065063477,0
1OC0,9,18.875022888183594,25.56676483154297,67.22745513916016,0.0,0.006388329283807138,-17.95187759399414,2
1OC0,10,10.524359703063965,15.160249710083008,39.91376876831055,0.0,0.017692947019104798,-22.278179168701172,0
1OC0,11,19.396591186523438,26.01692771911621,68.07109069824219,0.0,0.006222016948236272,-15.190423011779785,3
1OC0,12,5.5729570388793945,9.24824047088623,21.106584548950195,0.0,0.05506054926739321,-20.20966911315918,0
1OC0,13,10.668891906738281,14.509573936462402,40.193016052246094,0.0,0.017794477258603534,-23.8203125,0
1OC0,14,10.199472427368164,14.803956985473633,39.571495056152344,0.0,0.01808893909719809,-17.574113845825195,0
2O3B,0,6.2612738609313965,6.247383117675781,12.076900482177734,0.0,0.12859127549267194,-22.086528778076172,0
2O3B,1,4.818282604217529,4.998956680297852,9.40499210357666,0.0,0.177395034592883,-16.00103759765625,6
2O3B,2,9.559102058410645,8.633922576904297,23.892684936523438,0.0,0.04721451968180848,-17.620820999145508,1
2O3B,3,4.846701622009277,3.942704916000366,16.865610122680664,0.0,0.10966413573405526,-14.56743049621582,1
2O3B,4,10.702939987182617,10.153663635253906,19.2484188079834,1.0,0.39484735118704145,-16.290813446044922,4
2O3B,5,2.193573236465454,2.0325188636779785,5.176813125610352,1.0,0.6940120020443353,-19.31281089782715,0
2O3B,6,7.157988548278809,7.205456733703613,13.644919395446777,0.0,0.10703521354280952,-22.753381729125977,1
2O3B,7,7.054032325744629,7.113048076629639,14.32398796081543,0.25,0.18433539993034084,-22.797348022460938,0
2O3B,8,11.680303573608398,11.295491218566895,20.711196899414062,0.75,0.30382741458754586,-16.0530948638916,1
2O3B,9,4.028456687927246,4.070279121398926,8.266000747680664,0.0,0.21117522901449495,-21.87952995300293,2
2O3B,10,4.656918048858643,3.7226040363311768,11.807929992675781,0.0,0.1603352087374354,-17.318925857543945,0
2O3B,11,10.64207649230957,7.523442268371582,33.62675476074219,0.0,0.0327630444823992,-14.2670316696167,7
2O3B,12,7.010856628417969,6.779950141906738,13.3069486618042,0.25,0.19548196263860507,-14.613271713256836,8
2O3B,13,12.851672172546387,12.402715682983398,22.12437629699707,0.25,0.13101153408330868,-15.328863143920898,1
2O3B,14,13.084633827209473,11.106341361999512,30.729976654052734,0.0,0.029661808636463737,-12.975164413452148,5
1KXP,0,33.91679382324219,34.15483856201172,78.04305267333984,0.0,0.004549431298008898,-15.249519348144531,6
1KXP,1,23.526899337768555,20.81756019592285,38.61929702758789,0.0,0.017123184789254092,-18.52330207824707,6
1KXP,2,25.856008529663086,23.093183517456055,75.72654724121094,0.0,0.005547907152419954,-14.175983428955078,15
1KXP,3,18.65097427368164,20.618648529052734,83.9917221069336,0.0,0.005134119128941141,-16.35360336303711,8
1KXP,4,19.45895004272461,16.19947052001953,48.794254302978516,0.0,0.012651079744166578,-15.84054946899414,7
1KXP,5,20.96811866760254,17.43130111694336,50.230140686035156,0.0,0.011729711872302836,-17.949562072753906,2
1KXP,6,23.106706619262695,19.474702835083008,82.1277847290039,0.0,0.005498570586658889,-15.115649223327637,19
1KXP,7,28.13349723815918,32.32462692260742,71.35543823242188,0.0,0.0053800765759389095,-18.810884475708008,14
1KXP,8,22.45331573486328,19.21895408630371,55.04377365112305,0.0,0.009781840985751857,-15.251729965209961,15
1KXP,9,7.9907917976379395,7.998154163360596,24.41263771057129,0.0,0.04736645636868891,-18.605756759643555,25
1KXP,10,24.059499740600586,21.397727966308594,46.490108489990234,0.0,0.012412425497732969,-19.66629981994629,6
1KXP,11,31.10661506652832,30.425411224365234,77.97904968261719,0.0,0.004722319465213203,-21.81755256652832,11
1KXP,12,15.754632949829102,16.527008056640625,66.81649017333984,0.0,0.008031956090206504,-13.875924110412598,5
1KXP,13,29.513540267944336,23.730058670043945,60.14899826049805,0.0,0.007852954807358417,-15.773372650146484,9
1KXP,14,19.186811447143555,21.132333755493164,87.82334899902344,0.0,0.004764508172786581,-21.14711570739746,0
1UDI,0,8.105998992919922,9.3515625,20.435903549194336,0.0,0.057523129022472065,-21.238216400146484,0
1UDI,1,7.9425764083862305,8.889568328857422,21.395843505859375,0.0,0.054665493091287216,-18.399524688720703,0
1UDI,2,9.76658821105957,10.156435012817383,23.566165924072266,0.0,0.04548836734595068,-19.2509708404541,0
1UDI,3,11.83940601348877,14.434615135192871,25.991043090820312,0.0,0.03576737243712569,-16.923229217529297,1
1UDI,4,11.031023025512695,12.719735145568848,25.36687469482422,0.0,0.03822071683590505,-18.32675552368164,2
1UDI,5,9.929974555969238,11.033146858215332,23.651601791381836,0.0,0.044177106391431194,-20.519437789916992,0
1UDI,6,10.905620574951172,11.916886329650879,25.924510955810547,0.0,0.03755457648528516,-14.241473197937012,0
1UDI,7,8.8052339553833,9.481953620910645,21.722095489501953,0.0,0.052400989479273546,-19.951187133789062,0
1UDI,8,9.69296646118164,10.379058837890625,23.026533126831055,0.0,0.04679398673017391,-16.075042724609375,0
1UDI,9,8.953615188598633,9.808687210083008,21.72641944885254,0.0,0.0518647448191088,-22.11332893371582,0
1UDI,10,9.687957763671875,10.431051254272461,23.023372650146484,0.0,0.04673720456765621,-16.412185668945312,0
1UDI,11,10.524115562438965,11.343868255615234,24.310588836669922,0.0,0.04203894073715251,-19.89670753479004,0
1UDI,12,14.810410499572754,14.313972473144531,40.982662200927734,0.0,0.01736828270594995,-16.282470703125,0
1UDI,13,13.53785228729248,13.204665184020996,38.980838775634766,0.0,0.019376611473832652,-19.465818405151367,0
1UDI,14,9.405914306640625,10.064783096313477,22.876100540161133,0.0,0.047680613016358946,-15.484929084777832,0
3SGQ,0,11.98293399810791,10.758479118347168,38.555843353271484,0.0,0.021806096823411395,-20.822904586791992,3
3SGQ,1,9.861255645751953,9.686896324157715,31.85552215576172,0.0,0.029960796101941935,-22.33599090576172,0
3SGQ,2,9.0621919631958,9.504779815673828,25.051095962524414,0.0,0.04251438367275143,-10.949807167053223,3
3SGQ,3,12.414125442504883,11.878708839416504,36.49922180175781,0.0,0.022379772198927356,-18.695737838745117,2
3SGQ,4,10.846885681152344,10.82834243774414,32.3193473815918,0.0,0.02784077131626017,-30.40597152709961,0
3SGQ,5,9.165094375610352,9.433309555053711,29.09210968017578,0.0,0.03443772773284028,-16.097415924072266,0
3SGQ,6,6.792275905609131,6.910430908203125,21.425281524658203,0.066667,0.08255080771251304,-22.758718490600586,1
3SGQ,7,11.741232872009277,11.18539810180664,37.887699127197266,0.0,0.021861938356396188,-20.839797973632812,1
3SGQ,8,10.224472045898438,9.898744583129883,28.39253044128418,0.133333,0.07934445641346428,-17.249298095703125,1
3SGQ,9,10.946379661560059,10.53144359588623,35.87648010253906,0.0,0.02434422376316196,-20.99455451965332,0
3SGQ,10,8.921683311462402,10.543779373168945,23.184354782104492,0.066667,0.06833098381073673,-19.669757843017578,0
3SGQ,11,9.010835647583008,9.451390266418457,27.431909561157227,0.033333,0.04850109613994919,-27.65656280517578,0
3SGQ,12,10.573202133178711,10.47928237915039,32.34934616088867,0.0,0.02821990597288025,-28.742097854614258,1
3SGQ,13,12.030054092407227,10.898821830749512,38.44084548950195,0.0,0.021734739321797897,-19.86576271057129,5
3SGQ,14,10.677803039550781,10.600823402404785,33.13549041748047,0.0,0.027123273928353925,-22.374217987060547,1
3VLB,0,28.96180534362793,32.23698043823242,87.09465026855469,0.0,0.0038651050184396033,-16.06212615966797,0
3VLB,1,28.532445907592773,33.53341293334961,87.93450927734375,0.0,0.0037513737136130134,-15.237494468688965,0
3VLB,2,29.907806396484375,30.86518669128418,85.96372985839844,0.0,0.00401287257322816,-14.094009399414062,1
3VLB,3,13.41028118133545,16.60120391845703,34.1196403503418,0.0,0.022177894468620896,-17.98292350769043,0
3VLB,4,26.77442741394043,26.484840393066406,72.16961669921875,0.0,0.005626429631501516,-13.164077758789062,0
3VLB,5,15.181963920593262,17.831119537353516,32.463138580322266,0.0,0.023728688922880395,-16.344024658203125,0
3VLB,6,26.73417091369629,31.066085815429688,69.04639434814453,0.0,0.005751563117786324,-15.36505126953125,0
3VLB,7,11.729269981384277,14.161321640014648,32.09910583496094,0.0,0.025540612645720894,-17.16910171508789,0
3VLB,8,11.616925239562988,13.759718894958496,31.15453338623047,0.0,0.027008472287055902,-16.381593704223633,0
3VLB,9,24.106101989746094,28.140483856201172,74.32215118408203,0.0,0.005248066186036443,-14.667171478271484,1
3VLB,10,23.530794143676758,27.09471321105957,76.42697143554688,0.0,0.005091222865329834,-15.195011138916016,0
3VLB,11,27.369165420532227,31.892120361328125,86.31647491455078,0.0,0.003937143482944052,-16.424453735351562,0
3VLB,12,23.76476287841797,28.226863861083984,72.00225067138672,0.0,0.005520230983872526,-14.386063575744629,0
3VLB,13,22.190767288208008,23.30440902709961,70.75525665283203,0.0,0.00611743628640747,-15.843639373779297,1
3VLB,14,26.57377052307129,27.63906478881836,71.88277435302734,0.0,0.005575494705313373,-14.40395736694336,0
1JWH,0,31.51014518737793,18.951557159423828,83.39447021484375,0.0,0.005502508287097622,-18.102176666259766,1
1JWH,1,34.24359130859375,19.692420959472656,82.31891632080078,0.0,0.005439378663401359,-14.152738571166992,15
1JWH,2,29.944353103637695,26.332626342773438,80.98795318603516,0.0,0.004709884504287331,-14.692047119140625,16
1JWH,3,23.554704666137695,14.498004913330078,52.188358306884766,0.0,0.012144254276123395,-15.78249740600586,1
1JWH,4,15.20799732208252,13.581350326538086,32.87457275390625,0.0,0.024904839187871116,-18.793624877929688,2
1JWH,5,19.040136337280273,16.16727638244629,44.10820007324219,0.0,0.014780427287789812,-17.741073608398438,0
1JWH,6,24.456830978393555,13.505834579467773,55.31523132324219,0.0,0.011750953353956976,-14.782414436340332,0
1JWH,7,34.22446060180664,16.572044372558594,79.72661590576172,0.0,0.006455018111867176,-16.553014755249023,19
1JWH,8,32.47642135620117,19.96348762512207,85.72467803955078,0.0,0.0051166080783285085,-18.180871963500977,2
1JWH,9,27.679176330566406,27.10169219970703,74.50315856933594,0.0,0.005301008707570373,-16.714990615844727,2
1JWH,10,21.493587493896484,11.50407886505127,43.506046295166016,0.0,0.017828307502023306,-18.637165069580078,2
1JWH,11,28.38273048400879,28.599224090576172,81.53074645996094,0.0,0.004498538759889619,-18.445051193237305,0
1JWH,12,33.72975540161133,19.261245727539062,80.96981811523438,0.0,0.005642777444764691,-14.925031661987305,12
1JWH,13,29.813581466674805,23.421411514282227,79.34465026855469,0.0,0.0051436601252770825,-18.884519577026367,2
1JWH,14,31.615272521972656,21.591800689697266,84.99333190917969,0.0,0.004901847413578385,-15.665294647216797,7
5WHK,0,29.257762908935547,17.27311897277832,77.87458038330078,0.0,0.006419397744006505,-13.096455574035645,26
5WHK,1,32.84727096557617,18.5924072265625,75.7761459350586,0.0,0.0062977256207069135,-13.90022087097168,10
5WHK,2,32.424072265625,17.992431640625,68.65685272216797,0.0,0.007332795384998341,-15.840429306030273,10
5WHK,3,32.91724395751953,33.82796859741211,82.58321380615234,0.0,0.00414838774201002,-18.431394577026367,0
5WHK,4,32.874080657958984,22.059696197509766,66.49419403076172,0.0,0.00689343993227941,-16.63055992126465,0
5WHK,5,31.551218032836914,17.92893409729004,65.50155639648438,0.0,0.007837260787582559,-15.594286918640137,9
5WHK,6,26.920948028564453,18.63280487060547,68.1183090209961,0.0,0.007257023898035283,-19.250782012939453,4
5WHK,7,30.642192840576172,25.3958740234375,78.78167724609375,0.0,0.004994494311818104,-16.258501052856445,7
5WHK,8,34.51432418823242,14.13737678527832,64.60903930664062,0.0,0.009381984035237443,-15.389089584350586,86
5WHK,9,26.880590438842773,17.677642822265625,74.60966491699219,0.0,0.006653814500834396,-17.65343475341797,3
5WHK,10,28.921977996826172,14.62082576751709,57.44158935546875,0.0,0.010614528064188744,-15.258838653564453,6
5WHK,11,31.903446197509766,15.551929473876953,67.03373718261719,0.0,0.008347109914323707,-16.696674346923828,13
5WHK,12,32.71889877319336,20.192401885986328,65.2213134765625,0.0,0.007396367565361047,-17.444368362426758,3
5WHK,13,30.048948287963867,31.257427215576172,75.53546142578125,0.0,0.004934084186571032,-16.05721664428711,2
5WHK,14,25.983545303344727,14.777717590332031,49.282447814941406,0.133333,0.057473119619611046,-16.71924591064453,2
2Z0E,0,5.560612201690674,6.857938766479492,16.653430938720703,0.0,0.084109608791587,-16.598127365112305,0
2Z0E,1,16.970596313476562,16.455053329467773,47.04018020629883,0.0,0.013286684073175131,-17.64653968811035,0
2Z0E,2,25.62370491027832,23.744569778442383,84.14373016357422,0.0,0.0046921205126388395,-19.36028480529785,5
2Z0E,3,10.390861511230469,9.691076278686523,24.090316772460938,0.033333,0.05581397913986443,-14.905556678771973,2
2Z0E,4,5.88946008682251,6.248599529266357,13.887338638305664,0.0,0.10900542717236449,-16.976022720336914,0
2Z0E,5,11.20388412475586,11.824590682983398,24.459959030151367,0.0,0.04119540046361437,-20.3291015625,9
2Z0E,6,15.906394004821777,16.229263305664062,50.06423568725586,0.0,0.012162792707358623,-16.820533752441406,0
2Z0E,7,11.304244041442871,11.741745948791504,23.891401290893555,0.033333,0.05391539095728917,-15.766336441040039,6
2Z0E,8,12.418638229370117,11.783381462097168,38.60055160522461,0.0,0.020731225903705137,-18.337066650390625,4
2Z0E,9,17.498613357543945,16.894420623779297,49.05728530883789,0.0,0.01232260001790598,-17.04305648803711,0
2Z0E,10,6.601250648498535,6.911713123321533,15.324060440063477,0.0,0.09342118225360015,-16.638731002807617,0
2Z0E,11,4.911839485168457,6.014137268066406,12.119379997253418,0.033333,0.14053679427672014,-15.744179725646973,0
2Z0E,12,3.923065423965454,5.139132499694824,10.938139915466309,0.066667,0.1738946186863345,-16.335693359375,7
2Z0E,13,8.672471046447754,8.97610855102539,21.388357162475586,0.0,0.05452069857978151,-18.654727935791016,0
2Z0E,14,10.29755973815918,10.83098316192627,23.619882583618164,0.0,0.04449147386132791,-21.0873966217041,0
2W9E,0,8.585636138916016,10.850192070007324,23.71421241760254,0.0,0.04420080093433925,-16.650177001953125,1
2W9E,1,7.715784549713135,6.991261959075928,19.00888442993164,0.0,0.07021345957849626,-19.848739624023438,4
2W9E,2,11.81159496307373,15.03796672821045,35.33168411254883,0.0,0.021520815452492164,-15.765007019042969,21
2W9E,3,14.961155891418457,15.667423248291016,39.161407470703125,0.0,0.018024736170122947,-14.254645347595215,37
2W9E,4,18.99129295349121,21.75605010986328,56.832942962646484,0.0,0.008870079887894327,-14.79127311706543,0
2W9E,5,12.763163566589355,14.820709228515625,31.584091186523438,0.0,0.025891743400375842,-17.831174850463867,52
2W9E,6,7.810637474060059,7.599564075469971,19.438270568847656,0.0,0.06600635764560824,-18.1270809173584,16
2W9E,7,11.885026931762695,13.408018112182617,29.697067260742188,0.0,0.029360511777673223,-17.817106246948242,34
2W9E,8,8.527090072631836,10.29260540008545,22.099401473999023,0.0,0.04988974791956449,-18.20557403564453,0
2W9E,9,20.82491683959961,13.091484069824219,53.25182342529297,0.0,0.012601089427796018,-17.70842170715332,34
2W9E,10,7.50316858291626,7.069723606109619,18.712236404418945,0.0,0.0713750560903434,-19.872949600219727,7
2W9E,11,9.639997482299805,9.891999244689941,23.448989868164062,0.0,0.04620502656125799,-16.5889835357666,9
2W9E,12,9.175424575805664,9.086600303649902,22.324840545654297,0.0,0.051046085302082544,-17.614917755126953,6
2W9E,13,8.891593933105469,8.173002243041992,21.833492279052734,0.0,0.05473353746776032,-19.62368392944336,5
2W9E,14,7.367521286010742,7.440718650817871,18.479093551635742,0.0,0.0712283052080146,-19.433923721313477,7
3S9D,0,14.939474105834961,14.970677375793457,23.508636474609375,0.0,0.04185227288789219,-21.28664207458496,0
3S9D,1,18.40339469909668,17.289880752563477,57.46451950073242,0.0,0.009627149571508177,-19.77022933959961,0
3S9D,2,18.42568588256836,12.642265319824219,40.982635498046875,0.0,0.01837499074346167,-18.594480514526367,0
3S9D,3,14.912165641784668,11.559735298156738,29.94281768798828,0.0,0.030378037476999072,-14.551883697509766,0
3S9D,4,8.456645965576172,8.55351734161377,15.157310485839844,0.111111,0.12672998499362811,-21.476634979248047,0
3S9D,5,68.29956817626953,76.42893981933594,175.75978088378906,0.0,0.0009061360389999426,0.0,0
3S9D,6,16.427459716796875,18.643686294555664,36.05445861816406,0.0,0.01969507957336426,-13.021976470947266,0
3S9D,7,17.121980667114258,10.420559883117676,47.36115264892578,0.0,0.017168318694883677,-19.149860382080078,8
3S9D,8,14.586527824401855,12.10315227508545,31.376434326171875,0.0,0.02783289990314783,-20.48183822631836,0
3S9D,9,3.5410683155059814,3.167634963989258,6.969681739807129,0.0,0.2603771489074619,-19.03941535949707,0
3S9D,10,6.184261322021484,6.519654750823975,10.519367218017578,0.111111,0.18546433405679638,-20.416627883911133,0
3S9D,11,5.499934673309326,5.013339042663574,9.487313270568848,0.333333,0.2869248384558312,-20.344438552856445,0
3S9D,12,11.761296272277832,9.148843765258789,21.782032012939453,0.0,0.05277750167867007,-15.575894355773926,0
3S9D,13,11.293323516845703,9.262621879577637,19.118202209472656,0.0,0.06353372909440218,-19.326587677001953,0
3S9D,14,12.252195358276367,10.14140510559082,21.028223037719727,0.0,0.05395119844910181,-21.20547103881836,0
1AY7,0,13.141606330871582,10.127781867980957,21.63300132751465,0.0,0.0517342099391174,-20.42184066772461,0
1AY7,1,10.02827262878418,8.038740158081055,18.899890899658203,0.0,0.06729428073041559,-20.916797637939453,0
1AY7,2,72.95687866210938,84.1789321899414,171.1001739501953,0.0,0.0009264333825205717,0.0,0
1AY7,3,6.172017574310303,5.054350852966309,12.24398422241211,0.0,0.13538469135041897,-21.38770294189453,0
1AY7,4,8.489422798156738,7.05344295501709,17.426685333251953,0.0,0.07848453341841514,-17.838008880615234,0
1AY7,5,4.0090131759643555,3.5157761573791504,9.358372688293457,0.0,0.20201404927810454,-22.237735748291016,0
1AY7,6,12.928780555725098,9.865148544311523,20.08772850036621,0.2,0.12481900230336591,-16.94474983215332,1
1AY7,7,9.55135726928711,7.829667091369629,19.723600387573242,0.0,0.06401192454786653,-17.863954544067383,0
1AY7,8,6.229039192199707,5.273278713226318,12.31659984588623,0.0,0.13249174342839007,-21.638381958007812,0
1AY7,9,5.833224773406982,4.919046878814697,13.425000190734863,0.2,0.19041210217437773,-17.40346336364746,0
1AY7,10,5.093105316162109,4.154630661010742,11.646927833557129,0.2,0.2209470400555856,-19.810623168945312,0
1AY7,11,16.09674644470215,13.432887077331543,35.717586517333984,0.0,0.021971287317636534,-13.620588302612305,0
1AY7,12,12.00870418548584,11.252998352050781,29.649883270263672,0.0,0.031133856990413985,-15.44932746887207,0
1AY7,13,5.459390640258789,4.463606357574463,14.420694351196289,0.0,0.11977227029754527,-22.366249084472656,0
1AY7,14,11.843894004821777,8.942663192749023,19.232290267944336,0.0,0.06359276897388329,-22.788997650146484,0
1F6M,0,9.916226387023926,11.982948303222656,23.358688354492188,0.0,0.04412005435830687,-13.175539016723633,3
1F6M,1,19.26825523376465,17.700889587402344,56.64449691772461,0.0,0.009717220093867046,-19.047138214111328,0
1F6M,2,20.733667373657227,19.275617599487305,57.987857818603516,0.0,0.009017906429180085,-15.754676818847656,1
1F6M,3,20.162403106689453,19.00787353515625,58.344520568847656,0.0,0.008990792171954675,-15.138826370239258,1
1F6M,4,19.084758758544922,17.556005477905273,57.088722229003906,0.0,0.009644997495523527,-17.532028198242188,0
1F6M,5,11.205190658569336,13.923745155334473,25.73879623413086,0.071429,0.060412072439985996,-15.908512115478516,3
1F6M,6,8.563343048095703,9.582267761230469,23.055484771728516,0.0,0.047858719018403335,-21.923023223876953,1
1F6M,7,19.468835830688477,17.685094833374023,57.27102279663086,0.0,0.009565150982943289,-15.454076766967773,0
1F6M,8,10.377488136291504,12.84904670715332,23.222103118896484,0.071429,0.06767433869343785,-14.126160621643066,4
1F6M,9,23.61587905883789,21.508384704589844,61.62893295288086,0.0,0.007835866840329104,-22.12912940979004,0
1F6M,10,19.924570083618164,18.34599494934082,57.876991271972656,0.0,0.009251331236819883,-15.281444549560547,0
1F6M,11,19.507604598999023,19.531295776367188,55.45322036743164,0.0,0.009606580572930307,-14.040414810180664,0
1F6M,12,20.31397819519043,21.281469345092773,57.5606575012207,0.0,0.008761519581202434,-16.969736099243164,0
1F6M,13,21.229705810546875,21.522031784057617,57.52417755126953,0.0,0.008733898435479054,-14.82276439666748,0
1F6M,14,21.4437198638916,20.221792221069336,61.83848190307617,0.0,0.008005219648637832,-19.667747497558594,0
4FQI,0,32.858062744140625,15.81218433380127,60.775299072265625,0.0,0.009368073229524843,-12.326873779296875,43
4FQI,1,37.62323760986328,15.652193069458008,62.14781188964844,0.0,0.009154385045043291,-12.835655212402344,61
4FQI,2,36.094966888427734,15.257142066955566,65.6087875366211,0.0,0.008693621309130305,-12.455450057983398,75
4FQI,3,37.02928924560547,19.576793670654297,70.81846618652344,0.0,0.006679340939004505,-14.651290893554688,23
4FQI,4,37.43210220336914,18.442930221557617,63.10226058959961,0.0,0.00813089568312498,-14.14589786529541,66
4FQI,5,36.772682189941406,17.444873809814453,61.542728424072266,0.0,0.008685992072517636,-13.594202041625977,76
4FQI,6,37.60940933227539,13.91297435760498,82.9466781616211,0.0,0.007294062169929534,-10.979777336120605,75
4FQI,7,36.25529861450195,16.293315887451172,79.0988540649414,0.0,0.006606719998021401,-13.910765647888184,34
4FQI,8,36.340721130371094,18.470935821533203,70.8966293334961,0.0,0.0069074154575368375,-13.001192092895508,43
4FQI,9,27.5412654876709,20.093236923217773,86.37664031982422,0.0,0.005044314743149775,-11.591438293457031,150
4FQI,10,35.85866165161133,19.30575942993164,65.72747802734375,0.0,0.007483216950449145,-12.690234184265137,25
4FQI,11,36.50944519042969,14.38572883605957,86.46328735351562,0.0,0.006775727110756215,-11.89401912689209,81
4FQI,12,30.801027297973633,15.909716606140137,65.35416412353516,0.0,0.008481715494560371,-12.060677528381348,56
4FQI,13,37.980628967285156,19.922334671020508,73.86029052734375,0.0,0.006235925536236405,-14.3257417678833,38
4FQI,14,16.93148422241211,12.685919761657715,58.632911682128906,0.0,0.011457294333920577,-12.451984405517578,84
1Z5Y,0,16.106645584106445,10.249919891357422,48.88243865966797,0.0,0.016772083156842626,-14.157770156860352,10
1Z5Y,1,10.700980186462402,7.876925945281982,30.941831588745117,0.0,0.03505470161623057,-19.328022003173828,0
1Z5Y,2,10.635965347290039,7.454807281494141,41.166439056396484,0.0,0.026600435868911868,-16.332799911499023,0
1Z5Y,3,7.888396263122559,6.263195991516113,31.36446189880371,0.0,0.040888668885623626,-15.904869079589844,0
1Z5Y,4,16.758575439453125,11.106282234191895,56.335079193115234,0.0,0.01339099788705717,-16.858552932739258,0
1Z5Y,5,16.839744567871094,10.621394157409668,58.17109680175781,0.0,0.01348641290684613,-19.042694091796875,2
1Z5Y,6,17.236225128173828,11.445574760437012,56.85845947265625,0.0,0.012915110548330952,-14.942030906677246,1
1Z5Y,7,3.5836565494537354,4.001501083374023,7.792359352111816,0.454545,0.37370123247845094,-14.778525352478027,2
1Z5Y,8,8.779513359069824,7.032676696777344,37.07460403442383,0.0,0.03115057785458523,-15.166956901550293,4
1Z5Y,9,17.91602325439453,11.635586738586426,54.763492584228516,0.0,0.013290559695099576,-14.670328140258789,6
1Z5Y,10,8.068562507629395,6.625705242156982,22.660734176635742,0.0,0.057366121162610674,-15.935538291931152,0
1Z5Y,11,17.23628044128418,12.066688537597656,58.36790466308594,0.0,0.011994901588093769,-14.660042762756348,0
1Z5Y,12,14.339973449707031,9.55373764038086,44.19217300415039,0.0,0.019911180710310786,-16.52594757080078,0
1Z5Y,13,13.994242668151855,9.250496864318848,42.57406997680664,0.0,0.021317681445382902,-16.361305236816406,0
1Z5Y,14,5.794014930725098,4.990289211273193,15.515629768371582,0.0,0.1045685729411141,-13.663243293762207,3
2FD6,0,17.831104278564453,16.39583396911621,30.40977668762207,0.0,0.02692246985451038,-16.470867156982422,0
2FD6,1,21.985713958740234,22.689659118652344,54.83165740966797,0.0,0.009272890512878731,-16.472869873046875,2
2FD6,2,18.288755416870117,17.65898323059082,32.23625946044922,0.0,0.02405670376124501,-14.84417724609375,3
2FD6,3,18.357789993286133,15.917683601379395,30.84331703186035,0.0,0.026462997885551714,-15.87633228302002,9
2FD6,4,23.459224700927734,23.430585861206055,52.67982482910156,0.0,0.009818530145585123,-16.176815032958984,6
2FD6,5,18.14559555053711,16.333677291870117,32.601951599121094,0.0,0.024003930130236172,-14.662690162658691,12
2FD6,6,23.671499252319336,23.52189826965332,57.23451614379883,0.0,0.00854332650609727,-15.207103729248047,10
2FD6,7,18.755840301513672,18.975845336914062,41.53462600708008,0.0,0.015469089697188772,-18.575456619262695,5
2FD6,8,18.995515823364258,15.899055480957031,33.056396484375,0.0,0.02361365745751332,-15.72815990447998,9
2FD6,9,24.149559020996094,24.45899200439453,59.2974967956543,0.0,0.007960335145964819,-18.52329444885254,7
2FD6,10,20.56199073791504,22.487098693847656,42.746070861816406,0.0,0.01415554311155722,-17.89642333984375,10
2FD6,11,19.00655746459961,18.99584197998047,36.03126525878906,0.0,0.01963822754520701,-15.871577262878418,5
2FD6,12,21.702491760253906,17.638975143432617,43.94618606567383,0.0,0.014413761225020737,-14.545572280883789,20
2FD6,13,18.551876068115234,16.35171127319336,32.737091064453125,0.0,0.023834075124088278,-17.7644100189209,2
2FD6,14,19.00421905517578,18.832468032836914,38.446163177490234,0.0,0.01763541111295939,-14.444973945617676,16
1GP2,0,6.894626140594482,5.31867790222168,14.1777982711792,0.0,0.11269270933138482,-14.40593433380127,5
1GP2,1,10.042652130126953,8.318102836608887,21.864274978637695,0.0,0.05426248183529173,-14.885383605957031,7
1GP2,2,7.023847579956055,6.770756721496582,17.946426391601562,0.0,0.07666969086733728,-13.216069221496582,11
1GP2,3,10.515608787536621,10.872993469238281,29.325490951538086,0.0,0.032059502218708444,-11.577861785888672,30
1GP2,4,5.971081256866455,3.8854591846466064,17.63356590270996,0.222222,0.18015881044001192,-15.39433765411377,0
1GP2,5,18.008638381958008,14.765362739562988,32.215675354003906,0.0,0.0250997222881372,-14.382087707519531,10
1GP2,6,19.219493865966797,13.807197570800781,60.162925720214844,0.0,0.010411670156278568,-12.811405181884766,5
1GP2,7,12.006105422973633,9.547603607177734,24.210845947265625,0.0,0.044607137197539413,-14.377618789672852,6
1GP2,8,22.431673049926758,20.618640899658203,59.66554260253906,0.0,0.008385344685858574,-13.578518867492676,2
1GP2,9,13.33086109161377,14.418425559997559,40.299537658691406,0.0,0.017766576654290524,-13.249030113220215,12
1GP2,10,12.022241592407227,12.297821044921875,26.032875061035156,0.0,0.03699922513241557,-13.169522285461426,16
1GP2,11,5.336260795593262,5.530811309814453,11.664710998535156,0.555555,0.3236329960580227,-13.001740455627441,15
1GP2,12,17.318132400512695,18.479026794433594,46.96786117553711,0.0,0.012753052545545457,-15.11701488494873,23
1GP2,13,20.234111785888672,17.045452117919922,41.96430587768555,0.0,0.015698437327708006,-13.378040313720703,18
1GP2,14,10.646119117736816,8.661444664001465,21.426267623901367,0.0,0.05503223249724795,-13.627644538879395,10
1AZS,0,22.95121955871582,16.480182647705078,73.92752075195312,0.0,0.007087873823950447,-12.184419631958008,12
1AZS,1,18.518991470336914,14.390363693237305,70.00794982910156,0.0,0.008425280033347526,-15.014448165893555,15
1AZS,2,22.799222946166992,16.781936645507812,72.5449447631836,0.0,0.007156127994783402,-11.896611213684082,20
1AZS,3,24.04416847229004,23.496240615844727,68.96710205078125,0.0,0.006340529228128149,-14.670206069946289,14
1AZS,4,20.192407608032227,17.13774871826172,68.07644653320312,0.0,0.007651061889090863,-13.518120765686035,21
1AZS,5,22.43077850341797,17.433502197265625,74.12678527832031,0.0,0.006775628212569017,-17.18012237548828,14
1AZS,6,23.293071746826172,16.919462203979492,69.19091033935547,0.0,0.007555282939313644,-12.365645408630371,33
1AZS,7,19.644853591918945,21.534420013427734,64.85293579101562,0.0,0.007238882820237584,-17.155881881713867,7
1AZS,8,20.954421997070312,14.678421974182129,72.29837036132812,0.0,0.007989633519690063,-13.706147193908691,11
1AZS,9,25.60981559753418,12.229673385620117,68.18450164794922,0.0,0.010041139987903557,-14.295960426330566,80
1AZS,10,18.558931350708008,10.346882820129395,39.28160858154297,0.0,0.021770906301788965,-14.015791893005371,19
1AZS,11,14.03670883178711,13.306807518005371,50.87337112426758,0.0,0.013235134771466322,-15.336074829101562,8
1AZS,12,18.231159210205078,19.253740310668945,63.1959342956543,0.0,0.007934095243955159,-16.15741729736328,2
1AZS,13,13.30699348449707,10.452779769897461,27.73838233947754,0.0,0.035339638690601194,-14.63923454284668,13
1AZS,14,19.430639266967773,16.994504928588867,72.15558624267578,0.0,0.007139139136932528,-14.448119163513184,6
3CPH,0,22.49772834777832,20.176973342895508,60.36909484863281,0.0,0.00831192861029337,-16.307741165161133,20
3CPH,1,6.408508777618408,6.001177787780762,13.454136848449707,0.0,0.11469249028402617,-19.533775329589844,7
3CPH,2,5.666340351104736,5.589828968048096,11.597851753234863,0.0,0.1388701688567604,-21.326705932617188,4
3CPH,3,21.65314292907715,19.570785522460938,66.02255249023438,0.0,0.007381621226751141,-14.517457008361816,3
3CPH,4,21.908170700073242,18.614301681518555,60.314849853515625,0.0,0.008641820674014103,-18.007850646972656,9
3CPH,5,22.658403396606445,20.82625961303711,68.61906433105469,0.0,0.006757733977874647,-15.33195972442627,7
3CPH,6,23.450977325439453,19.260738372802734,63.741905212402344,0.0,0.007833375446920575,-18.565935134887695,11
3CPH,7,6.348092555999756,6.199525356292725,13.124993324279785,0.0,0.11692883062862398,-19.28347396850586,9
3CPH,8,16.46953010559082,13.33614730834961,41.58510208129883,0.0,0.017532252299614356,-20.50868034362793,5
3CPH,9,25.121288299560547,21.019834518432617,67.80142211914062,0.0,0.006846694555447962,-18.462369918823242,5
3CPH,10,5.546529293060303,6.052915096282959,10.984960556030273,0.0,0.1441225347714927,-21.33002281188965,4
3CPH,11,4.451000213623047,4.716859340667725,9.779691696166992,0.0,0.1740588654347389,-20.814281463623047,7
3CPH,12,20.755840301513672,17.305912017822266,56.54767608642578,0.0,0.009850728040179712,-17.323171615600586,8
3CPH,13,19.83028793334961,18.499231338500977,62.51215744018555,0.0,0.00822830658718802,-14.756412506103516,3
3CPH,14,23.941946029663086,20.038782119750977,66.00384521484375,0.0,0.007295285758155052,-18.039764404296875,9
1MLC,0,13.357132911682129,11.995172500610352,33.055355072021484,0.0,0.025806318514421375,-18.022695541381836,7
1MLC,1,10.040963172912598,11.311239242553711,21.79592514038086,0.0,0.04976353300125546,-17.33961296081543,6
1MLC,2,11.582456588745117,12.839325904846191,25.9201602935791,0.0,0.03685389288232896,-16.971223831176758,2
1MLC,3,12.192646980285645,11.4703369140625,32.37061309814453,0.0,0.027105530749064702,-17.964649200439453,1
1MLC,4,5.536767482757568,6.714399814605713,13.867138862609863,0.0,0.10688106429663276,-17.09100341796875,5
1MLC,5,14.232566833496094,13.044987678527832,32.52407455444336,0.0,0.025661250887790393,-13.992175102233887,62
1MLC,6,12.01183795928955,11.340267181396484,31.010374069213867,0.0,0.029025509828130847,-18.697275161743164,1
1MLC,7,8.728889465332031,9.524209022521973,19.38118553161621,0.0,0.061839739159824846,-16.519254684448242,2
1MLC,8,11.66565227508545,11.169459342956543,26.554597854614258,0.0,0.036884660234172986,-13.73213005065918,53
1MLC,9,13.839146614074707,11.977832794189453,34.28627014160156,0.0,0.024447572496168555,-16.804018020629883,12
1MLC,10,11.275479316711426,12.45971393585205,24.552963256835938,0.0,0.040435904708033814,-15.78077507019043,7
1MLC,11,16.50726890563965,10.024943351745605,37.949790954589844,0.0,0.0232228384930262,-13.004487991333008,67
1MLC,12,12.657546997070312,12.029319763183594,28.68777084350586,0.0,0.03200521204654963,-15.436800956726074,21
1MLC,13,8.641036987304688,8.944058418273926,19.36244773864746,0.0,0.06297806608541297,-19.446720123291016,0
1MLC,14,12.7440767288208,11.255867004394531,31.033815383911133,0.0625,0.049910894127612425,-14.495319366455078,54
4G6M,0,28.353965759277344,24.74359703063965,73.3378677368164,0.0,0.005638911771551722,-17.51419448852539,14
4G6M,1,19.22796058654785,21.975849151611328,50.53096008300781,0.0,0.010718201771340577,-15.670236587524414,6
4G6M,2,22.294523239135742,25.37949562072754,58.4739990234375,0.0,0.008058114099577721,-20.008041381835938,4
4G6M,3,12.386847496032715,17.39577293395996,30.897220611572266,0.0,0.025912852757062312,-18.856828689575195,1
4G6M,4,31.915809631347656,31.46652603149414,78.72702026367188,0.0,0.004596672874420296,-14.28969669342041,35
4G6M,5,10.613809585571289,12.792637825012207,21.343734741210938,0.0,0.050149976878277706,-19.240753173828125,0
4G6M,6,10.288790702819824,11.721702575683594,20.49115753173828,0.0,0.05430681877344682,-17.356225967407227,3
4G6M,7,18.093416213989258,20.163591384887695,47.41048049926758,0.0,0.012215277082962743,-14.58837890625,8
4G6M,8,10.551197052001953,12.05860710144043,21.11002540588379,0.0,0.05158264556342843,-20.103757858276367,0
4G6M,9,21.44840431213379,19.15294075012207,54.6956901550293,0.0,0.009892484502236919,-15.789011001586914,3
4G6M,10,11.637989044189453,16.27968406677246,27.538362503051758,0.0,0.03180077156324108,-17.996585845947266,0
4G6M,11,11.1138334274292,13.852692604064941,22.239099502563477,0.0,0.04635098780839322,-19.432273864746094,0
4G6M,12,9.457201957702637,11.828789710998535,19.222517013549805,0.0,0.059792743300261776,-17.452259063720703,8
4G6M,13,11.995275497436523,17.298381805419922,29.694156646728516,0.0,0.027732465154262125,-17.0936279296875,2
4G6M,14,10.601058006286621,14.168082237243652,21.313676834106445,0.0,0.04943520340071631,-16.9713134765625,0
3FN1,0,21.97331428527832,20.22171401977539,58.99772644042969,0.0,0.008602417438019051,-19.33613395690918,0
3FN1,1,18.801372528076172,17.58635711669922,57.49722671508789,0.0,0.009536556138220843,-21.085325241088867,0
3FN1,2,8.5880765914917,8.173440933227539,25.399639129638672,0.0,0.04443157653098894,-20.277671813964844,0
3FN1,3,13.835749626159668,15.287887573242188,28.860145568847656,0.0,0.029785149600841332,-17.8817081451416,0
3FN1,4,21.507837295532227,19.78461265563965,58.232608795166016,0.0,0.00885899155536758,-15.608763694763184,1
3FN1,5,20.815786361694336,19.425382614135742,58.16371536254883,0.0,0.008945821262499534,-16.72551727294922,0
3FN1,6,13.94057559967041,15.415934562683105,29.991085052490234,0.0,0.027910643361041997,-18.292177200317383,2
3FN1,7,21.29283905029297,19.48817253112793,56.67695999145508,0.0,0.009295508939112962,-17.59748649597168,0
3FN1,8,13.767219543457031,15.074342727661133,28.270431518554688,0.0,0.030903559835225507,-16.11506462097168,0
3FN1,9,13.882543563842773,15.586897850036621,29.080629348754883,0.0,0.029295192966976833,-20.112728118896484,0
3FN1,10,22.292985916137695,22.269163131713867,61.392303466796875,0.0,0.00777515950760486,-16.655363082885742,1
3FN1,11,21.58580780029297,20.46753692626953,59.81576156616211,0.0,0.008378609908873189,-20.796001434326172,0
3FN1,12,21.648405075073242,20.484628677368164,59.540550231933594,0.0,0.008435569167873577,-21.341968536376953,0
3FN1,13,13.690242767333984,13.57386589050293,29.249908447265625,0.0,0.029978713497055286,-16.1995849609375,3
3FN1,14,13.485825538635254,14.683845520019531,28.120798110961914,0.0,0.031348074375588925,-16.167558670043945,2
1EZU,0,16.547435760498047,15.155142784118652,57.5301628112793,0.216216,0.0824268541424547,-18.65911865234375,12
1EZU,1,23.720569610595703,23.57367515563965,50.428157806396484,0.0,0.010552973205886669,-15.354872703552246,5
1EZU,2,17.43958854675293,17.319507598876953,50.51541519165039,0.0,0.011659573755879227,-14.045923233032227,13
1EZU,3,26.15431785583496,24.922191619873047,53.114044189453125,0.0,0.009526826116916303,-18.686731338500977,0
1EZU,4,24.48393440246582,25.754369735717773,51.502708435058594,0.0,0.009965545987466755,-17.76084327697754,0
1EZU,5,24.038066864013672,25.1554012298584,53.20316696166992,0.0,0.009477530241701266,-18.102827072143555,2
1EZU,6,23.893699645996094,24.845211029052734,52.41968536376953,0.0,0.009750553116332267,-20.144886016845703,5
1EZU,7,23.702146530151367,24.792865753173828,51.97283172607422,0.0,0.009899291347115055,-17.536922454833984,2
1EZU,8,24.511587142944336,24.4293270111084,48.78217697143555,0.0,0.011074110193692706,-17.061973571777344,7
1EZU,9,13.05081844329834,13.55041790008545,53.25873565673828,0.0,0.012314848576215317,-19.716197967529297,3
1EZU,10,16.28667449951172,15.370369911193848,54.644866943359375,0.243243,0.09210039254355158,-19.224498748779297,7
1EZU,11,24.7262020111084,25.319652557373047,59.317420959472656,0.0,0.007872743242572536,-19.718814849853516,5
1EZU,12,14.717887878417969,13.50745964050293,52.007469177246094,0.027027,0.021741951074209145,-18.6914119720459,1
1EZU,13,17.62798500061035,18.053892135620117,52.343624114990234,0.054054,0.02886740634550648,-16.464900970458984,4
1EZU,14,17.684728622436523,17.500932693481445,54.440914154052734,0.0,0.010363282864707573,-17.082014083862305,3
2HQS,0,15.654248237609863,14.812967300415039,43.6375732421875,0.0,0.015568260453066432,-15.665287971496582,0
2HQS,1,6.140614986419678,7.641921520233154,14.862428665161133,0.0,0.09452216653275629,-17.345108032226562,0
2HQS,2,4.9204020500183105,5.749865531921387,13.794938087463379,0.0,0.11296831710971149,-16.897844314575195,1
2HQS,3,10.24262809753418,10.951404571533203,24.837228775024414,0.0,0.04108536382140756,-18.27187728881836,0
2HQS,4,6.555115222930908,7.953747749328613,15.712420463562012,0.0,0.08691381789054435,-17.2340087890625,1
2HQS,5,6.816429138183594,8.269278526306152,16.412466049194336,0.0,0.08111620335672264,-17.614961624145508,0
2HQS,6,7.463809967041016,8.747640609741211,17.919145584106445,0.0,0.07074812071214698,-17.124177932739258,3
2HQS,7,7.705987930297852,7.2736711502075195,21.985759735107422,0.0,0.05694241207017233,-17.5596866607666,0
2HQS,8,22.80231475830078,19.678110122680664,59.61661148071289,0.0,0.008566785211377237,-14.28485107421875,0
2HQS,9,5.7473859786987305,7.134754180908203,13.788790702819824,0.0,0.10589748423611371,-18.156349182128906,1
2HQS,10,6.962660312652588,5.9846320152282715,18.460670471191406,0.0,0.07800932630399716,-18.16324806213379,1
2HQS,11,35.493507385253906,33.97959518432617,96.32715606689453,0.0,0.0032237400319059493,-14.764575004577637,0
2HQS,12,8.609041213989258,10.064706802368164,20.2034912109375,0.0,0.05737158898332487,-17.843759536743164,3
2HQS,13,3.4458725452423096,3.8564162254333496,9.91270637512207,0.0,0.1850449220587734,-19.13051414489746,0
2HQS,14,3.0809972286224365,3.9997684955596924,8.75858211517334,0.0,0.20277357760509684,-18.58017349243164,0
1FLE,0,9.020230293273926,10.805154800415039,29.449989318847656,0.0,0.03193523581121441,-24.31024932861328,1
1FLE,1,13.203472137451172,11.701166152954102,43.344425201416016,0.0,0.017733362845982332,-15.64939022064209,7
1FLE,2,4.783289432525635,4.221158027648926,17.14698600769043,0.384615,0.23133071320883478,-18.19931983947754,2
1FLE,3,12.028623580932617,10.778794288635254,40.37177658081055,0.0,0.020481662196271507,-22.71222496032715,0
1FLE,4,4.153067111968994,4.935391902923584,12.658269882202148,0.230769,0.20870225281089216,-25.63533592224121,0
1FLE,5,9.615011215209961,9.53812026977539,33.07740020751953,0.076923,0.05433419530062589,-20.416275024414062,3
1FLE,6,13.763408660888672,13.431306838989258,44.88594055175781,0.0,0.015645917082423213,-19.704622268676758,5
1FLE,7,7.537482261657715,7.765772342681885,25.122045516967773,0.115385,0.08469074931998472,-17.357460021972656,3
1FLE,8,9.574448585510254,8.098967552185059,32.813133239746094,0.0,0.03201602697356131,-22.640111923217773,0
1FLE,9,19.923931121826172,15.788520812988281,55.84175491333008,0.0,0.010530111697682878,-17.82012176513672,10
1FLE,10,1.1993008852005005,1.2711666822433472,4.096848487854004,0.692308,0.6952704930987536,-20.133989334106445,3
1FLE,11,12.838159561157227,11.473554611206055,42.348854064941406,0.0,0.01851015092069374,-19.90752410888672,0
1FLE,12,18.27112579345703,15.27660846710205,52.64154052734375,0.0,0.011652988196144366,-19.454561233520508,6
1FLE,13,7.918442726135254,8.462759971618652,25.418188095092773,0.0,0.04367984189422993,-21.985755920410156,1
1FLE,14,10.498233795166016,10.968195915222168,35.565574645996094,0.0,0.024130692673415683,-21.6002197265625,3
2NZ8,0,19.46038246154785,15.332740783691406,49.964542388916016,0.0,0.012535653780212345,-12.454747200012207,4
2NZ8,1,4.308849334716797,4.065620422363281,8.685538291931152,0.0,0.20300601283938005,-14.858530044555664,0
2NZ8,2,12.914266586303711,10.757630348205566,21.707748413085938,0.0,0.05067068214989667,-15.492989540100098,11
2NZ8,3,18.713111877441406,15.125072479248047,46.487518310546875,0.0,0.014030055833808017,-13.975104331970215,10
2NZ8,4,7.343837738037109,6.073021411895752,13.364356994628906,0.25,0.19850403366958216,-16.158056259155273,2
2NZ8,5,5.147887229919434,4.641177177429199,9.455870628356934,0.75,0.4304971547089054,-15.410211563110352,4
2NZ8,6,5.926506042480469,5.177360534667969,10.77614974975586,0.25,0.23699393869517849,-16.984167098999023,2
2NZ8,7,23.019105911254883,15.475017547607422,57.27237319946289,0.0,0.010286646548967061,-15.458246231079102,0
2NZ8,8,13.639240264892578,11.244482040405273,22.762107849121094,0.0,0.046622104218131066,-16.992395401000977,9
2NZ8,9,19.567598342895508,16.34818458557129,53.07686996459961,0.0,0.011117847577845499,-11.57889175415039,5
2NZ8,10,82.42450714111328,86.39628601074219,170.42178344726562,0.0,0.0009276036263141897,0.0,0
2NZ8,11,24.472545623779297,23.118436813354492,61.50828552246094,0.0,0.007643853787093942,-14.425115585327148,5
2NZ8,12,26.390159606933594,22.83423614501953,63.46284103393555,0.0,0.007306543772504749,-13.858660697937012,8
2NZ8,13,13.213220596313477,11.336112022399902,21.95123863220215,0.0,0.04919914735691048,-15.879995346069336,4
2NZ8,14,24.98478126525879,22.631656646728516,64.3779296875,0.0,0.007169216056740372,-15.088178634643555,6
1N2C,0,50.90720748901367,39.26993942260742,124.15201568603516,0.0,0.002040803179129263,-16.04621696472168,95
1N2C,1,8.735147476196289,8.473428726196289,20.436386108398438,0.163265,0.11371020207733507,-16.154163360595703,59
1N2C,2,53.0874137878418,44.80219268798828,131.65731811523438,0.0,0.001756860185410755,-16.554988861083984,47
1N2C,3,51.73207092285156,44.8829345703125,131.46063232421875,0.0,0.0017596461567455145,-18.920936584472656,29
1N2C,4,5.6847310066223145,5.625452995300293,13.274714469909668,0.530612,0.295924639718869,-18.075336456298828,22
1N2C,5,4.327775478363037,4.3889384269714355,11.079778671264648,0.530612,0.3352306568054953,-19.039844512939453,23
1N2C,6,17.313453674316406,18.928821563720703,37.85974884033203,0.020408,0.024878545669857238,-17.330232620239258,43
1N2C,7,15.16323184967041,15.939458847045898,33.249629974365234,0.102041,0.057387675900551806,-16.336626052856445,27
1N2C,8,3.1973466873168945,3.4002459049224854,7.487897872924805,0.734694,0.4868837603161997,-20.703271865844727,16
1N2C,9,50.89290237426758,44.935428619384766,129.4293670654297,0.0,0.0018024909404658722,-17.101865768432617,36
1N2C,10,13.668793678283691,12.084819793701172,33.07826232910156,0.040816,0.039310089849996115,-13.319755554199219,216
1N2C,11,5.769001483917236,6.265369415283203,13.5381498336792,0.326531,0.2211618440062669,-16.063663482666016,63
1N2C,12,51.77239990234375,44.509334564208984,131.2464141845703,0.0,0.0017704232430256581,-18.46454429626465,30
1N2C,13,17.37432098388672,19.083274841308594,38.045936584472656,0.020408,0.024696465076061516,-16.48534393310547,52
1N2C,14,4.418849945068359,4.705490589141846,10.452749252319336,0.55102,0.34710482676386595,-18.580808639526367,23
3MJ9,0,20.23031234741211,16.156618118286133,36.01607131958008,0.0,0.02043529266650473,-14.677371978759766,0
3MJ9,1,17.26226234436035,16.516141891479492,32.42888259887695,0.0,0.02415564070113528,-15.32180404663086,24
3MJ9,2,18.779939651489258,14.326706886291504,38.37548828125,0.0,0.019203022379925726,-13.947250366210938,10
3MJ9,3,28.27093505859375,30.83348274230957,72.49021911621094,0.0,0.005307950929203433,-12.575328826904297,23
3MJ9,4,18.606460571289062,18.549131393432617,44.89323043823242,0.0,0.013701710828917454,-16.67426300048828,11
3MJ9,5,12.248147964477539,13.246070861816406,31.782039642333984,0.0,0.026471403646405423,-14.50130558013916,12
3MJ9,6,17.754106521606445,16.23160171508789,33.90871810913086,0.0,0.02252987780848759,-16.007394790649414,14
3MJ9,7,16.509340286254883,19.209115982055664,32.05879592895508,0.0,0.023913868744802082,-15.167562484741211,11
3MJ9,8,17.159345626831055,16.571475982666016,49.59467697143555,0.0,0.012220941431137179,-13.221940994262695,15
3MJ9,9,15.333934783935547,17.895349502563477,29.8845157623291,0.0,0.02727380791802313,-15.278919219970703,14
3MJ9,10,20.544565200805664,21.226207733154297,57.703460693359375,0.0,0.008735648763073442,-16.333553314208984,3
3MJ9,11,19.53986358642578,15.00087833404541,37.47827911376953,0.0,0.01960694151452264,-16.794328689575195,1
3MJ9,12,20.585134506225586,16.44707489013672,35.247772216796875,0.0,0.021068829484618082,-16.096939086914062,1
3MJ9,13,19.760568618774414,18.475669860839844,43.1233024597168,0.0,0.014649105610868685,-17.459609985351562,2
3MJ9,14,19.188873291015625,14.811728477478027,37.311275482177734,0.210526,0.09000532142587246,-16.06987953186035,2
1F51,0,7.520566463470459,8.618621826171875,19.456432342529297,0.090909,0.09352621247516525,-17.52686882019043,7
1F51,1,9.342033386230469,11.516873359680176,22.057832717895508,0.090909,0.07896161446769047,-18.45570182800293,6
1F51,2,20.082294464111328,20.25506019592285,52.38336944580078,0.0,0.0103696129107764,-20.506792068481445,0
1F51,3,7.879519462585449,7.985966682434082,21.121498107910156,0.0,0.05781916306739996,-16.901166915893555,1
1F51,4,23.70453643798828,22.338285446166992,61.392024993896484,0.0,0.0077659542782522115,-13.254120826721191,1
1F51,5,6.069482803344727,6.617251873016357,16.0578556060791,0.0,0.08924752715601271,-17.204572677612305,6
1F51,6,4.3877387046813965,4.049478054046631,12.270952224731445,0.181818,0.20890541525016149,-19.159353256225586,5
1F51,7,17.921600341796875,18.28860855102539,50.2494010925293,0.0,0.01149996858861597,-18.000736236572266,6
1F51,8,11.635868072509766,14.145153999328613,29.077856063842773,0.0,0.02994781049856063,-20.037982940673828,0
1F51,9,14.556653022766113,16.843902587890625,40.68003845214844,0.0,0.016566931260658533,-15.901445388793945,8
1F51,10,7.963747501373291,9.31102180480957,19.366121292114258,0.0,0.06227413584312783,-17.786903381347656,5
1F51,11,17.856552124023438,18.691381454467773,51.054290771484375,0.0,0.011123373639276892,-18.45261573791504,5
1F51,12,17.510799407958984,16.519826889038086,49.051761627197266,0.0,0.012443323112442985,-20.280223846435547,3
1F51,13,16.871660232543945,16.89700698852539,50.178810119628906,0.0,0.011904348263934212,-14.822102546691895,3
1F51,14,8.455142974853516,9.852763175964355,20.58133316040039,0.0,0.05612147205028991,-17.43308448791504,8
2OOB,0,8.365114212036133,8.756572723388672,45.25646209716797,0.0,0.02086031752822913,-21.76972007751465,0
2OOB,1,8.606118202209473,9.228340148925781,46.341339111328125,0.0,0.01942950575757368,-18.168489456176758,0
2OOB,2,8.218534469604492,7.987804412841797,31.564546585083008,0.0,0.03389206746766523,-16.533878326416016,1
2OOB,3,9.245665550231934,8.736422538757324,42.46942138671875,0.0,0.022383281183898304,-23.543123245239258,0
2OOB,4,9.517111778259277,9.482616424560547,43.86214828491211,0.0,0.020202100435903172,-20.366987228393555,0
2OOB,5,9.021865844726562,8.023469924926758,35.099464416503906,0.0,0.029722519437500983,-19.31844711303711,9
2OOB,6,7.811794281005859,8.11572265625,35.865299224853516,0.0,0.028737774761434205,-21.25830841064453,1
2OOB,7,9.98897647857666,9.33307933807373,43.351383209228516,0.0,0.02073370783840248,-20.95176887512207,0
2OOB,8,8.38828182220459,8.315211296081543,44.253780364990234,0.0,0.0223652005920993,-22.67561912536621,0
2OOB,9,8.671374320983887,8.63117790222168,36.98136901855469,0.0,0.026498367222415664,-18.065271377563477,0
2OOB,10,8.519688606262207,8.399056434631348,39.63452911376953,0.0,0.024959870010233514,-22.148889541625977,0
2OOB,11,9.024421691894531,9.108649253845215,44.350364685058594,0.0,0.020611169013852862,-18.97764778137207,0
2OOB,12,8.710346221923828,9.084978103637695,42.58343505859375,0.0,0.021617959610470704,-22.28448486328125,2
2OOB,13,8.754134178161621,9.027819633483887,42.856876373291016,0.0,0.021570992784433706,-22.358211517333984,1
2OOB,14,9.218635559082031,9.132369041442871,45.754417419433594,0.0,0.019876810809151064,-20.586748123168945,0
5WK3,0,6.304859161376953,9.826929092407227,18.2908878326416,0.0,0.06679061302963542,-20.554460525512695,1
5WK3,1,6.141639232635498,9.2012357711792,17.73250389099121,0.0,0.0709097963803223,-19.023990631103516,2
5WK3,2,6.779144763946533,9.960238456726074,19.86371612548828,0.0,0.058982840835746335,-18.234127044677734,4
5WK3,3,5.989585876464844,7.890217304229736,17.83168601989746,0.0,0.07334438613950818,-18.42115020751953,5
5WK3,4,5.837224006652832,9.017557144165039,17.144866943359375,0.0,0.074741060838789,-19.495006561279297,0
5WK3,5,20.06566047668457,24.94632339477539,63.084930419921875,0.0,0.0071444559088362685,-19.955799102783203,4
5WK3,6,6.061397075653076,8.85839557647705,17.549728393554688,0.0,0.07262793906145404,-19.215818405151367,0
5WK3,7,6.737271308898926,10.92725658416748,19.878583908081055,0.0,0.057690258371193265,-17.878864288330078,4
5WK3,8,27.27912712097168,31.514522552490234,83.07030487060547,0.0,0.004207289347887457,-15.13617992401123,22
5WK3,9,6.304745674133301,9.897485733032227,18.551345825195312,0.0,0.0653209441913532,-18.218778610229492,0
5WK3,10,24.432483673095703,29.22821044921875,74.63745880126953,0.0,0.005143441851338636,-15.672550201416016,32
5WK3,11,6.720364570617676,10.302539825439453,19.422330856323242,0.0,0.06050010792166886,-17.519207000732422,2
5WK3,12,17.51030731201172,21.77517318725586,55.264930725097656,0.0,0.009277341781703316,-14.83522891998291,2
5WK3,13,18.014551162719727,22.653940200805664,56.89134216308594,0.0,0.008733442154481035,-15.97392463684082,2
5WK3,14,6.522343158721924,9.778060913085938,19.34438133239746,0.0,0.06160743503617835,-18.97183609008789,1
1KTZ,0,14.550544738769531,10.287647247314453,20.7884521484375,0.0,0.05468451443466387,-19.55900001525879,0
1KTZ,1,16.203514099121094,12.135653495788574,26.531124114990234,0.0,0.03604511788999004,-18.098234176635742,0
1KTZ,2,21.614973068237305,21.044919967651367,68.71578216552734,0.0,0.006708395012602813,-21.71141815185547,4
1KTZ,3,16.4489803314209,11.083943367004395,29.687440872192383,0.0,0.03125035013571378,-17.953018188476562,4
1KTZ,4,21.659400939941406,14.439230918884277,49.42430114746094,0.0,0.013134698374953749,-14.378347396850586,0
1KTZ,5,18.450542449951172,15.228038787841797,43.06385040283203,0.0,0.015702658880696305,-19.698856353759766,7
1KTZ,6,13.973105430603027,11.247475624084473,35.194618225097656,0.0,0.024196430396236705,-22.293720245361328,2
1KTZ,7,21.617900848388672,15.537586212158203,49.774600982666016,0.0,0.012523306475999732,-16.858312606811523,0
1KTZ,8,23.936864852905273,27.112205505371094,81.5401382446289,0.0,0.004600467690605268,-19.33198356628418,0
1KTZ,9,17.457061767578125,13.002604484558105,41.830299377441406,0.0,0.017595732421015853,-13.579463005065918,3
1KTZ,10,16.31892967224121,12.975223541259766,35.86806869506836,0.0,0.02212046790298652,-16.712697982788086,0
1KTZ,11,14.439876556396484,12.66807746887207,30.58236312866211,0.0,0.028512175017433004,-13.968331336975098,0
1KTZ,12,14.89649486541748,11.198559761047363,34.92166519165039,0.0,0.024518715223897147,-18.753068923950195,0
1KTZ,13,13.38244915008545,11.576042175292969,32.65891647338867,0.0,0.026651369121117402,-15.487751960754395,0
1KTZ,14,21.298099517822266,24.53317642211914,65.01258850097656,0.0,0.006843687038491839,-17.679655075073242,0
2AYO,0,16.639917373657227,18.666820526123047,47.358375549316406,0.0,0.012541451188998956,-17.106311798095703,0
2AYO,1,16.967185974121094,17.77142333984375,47.087703704833984,0.0,0.012876973386624782,-14.911136627197266,3
2AYO,2,16.820093154907227,19.698518753051758,47.939334869384766,0.0,0.01208159056602518,-18.787397384643555,0
2AYO,3,15.547715187072754,16.73434829711914,44.24782180786133,0.0,0.014519868481640786,-13.760910987854004,1
2AYO,4,6.156583309173584,8.32790756225586,15.15428352355957,0.0,0.09024621016419164,-18.05286979675293,0
2AYO,5,17.332839965820312,19.41020965576172,49.10429763793945,0.0,0.011676265098587567,-18.0961856842041,0
2AYO,6,14.988640785217285,19.53279685974121,42.9884147644043,0.0,0.014495988729419033,-18.114517211914062,1
2AYO,7,15.467464447021484,18.018688201904297,43.58372497558594,0.0,0.014508054957916716,-16.824234008789062,0
2AYO,8,15.488384246826172,16.141889572143555,43.53014373779297,0.0,0.015096685546953481,-19.217041015625,1
2AYO,9,19.884504318237305,22.535175323486328,54.19464111328125,0.0,0.009473290002043914,-20.42024803161621,2
2AYO,10,16.564453125,18.609895706176758,47.50904846191406,0.0,0.012490633299446554,-18.021520614624023,0
2AYO,11,19.88275146484375,20.450420379638672,54.950138092041016,0.0,0.009573222436405793,-18.6033992767334,1
2AYO,12,48.08473587036133,60.007686614990234,140.2511444091797,0.0,0.001428014180089512,0.0,0
2AYO,13,15.92052936553955,18.736406326293945,44.33388900756836,0.0,0.013941451441028263,-18.267553329467773,0
2AYO,14,14.960127830505371,15.755427360534668,41.92002487182617,0.0,0.016157820524022745,-15.256163597106934,3
1Z0K,0,12.585304260253906,14.567108154296875,26.62154769897461,0.0,0.03433554834561609,-21.489179611206055,4
1Z0K,1,12.485054969787598,14.611873626708984,26.487051010131836,0.0,0.034599037343085524,-20.034950256347656,1
1Z0K,2,10.565062522888184,13.41745376586914,21.830808639526367,0.0,0.047995482561903495,-19.638219833374023,0
1Z0K,3,9.760611534118652,12.728344917297363,21.835439682006836,0.0,0.04843063852158163,-18.148225784301758,0
1Z0K,4,8.799079895019531,9.94968318939209,19.689075469970703,0.0,0.05977303857117099,-21.08869743347168,0
1Z0K,5,9.033608436584473,11.858548164367676,20.313922882080078,0.0,0.05491537617458744,-15.674327850341797,0
1Z0K,6,11.656825065612793,14.34068489074707,30.54376792907715,0.0,0.02756683360528811,-19.63016700744629,0
1Z0K,7,8.1846342086792,10.55013370513916,17.20020294189453,0.0,0.07203130862088149,-15.867249488830566,0
1Z0K,8,11.130319595336914,12.600132942199707,25.691293716430664,0.0,0.03754558262131209,-17.047473907470703,2
1Z0K,9,8.545035362243652,10.434200286865234,18.551198959350586,0.0,0.06458674080328013,-16.82122230529785,0
1Z0K,10,10.051053047180176,13.137740135192871,21.015047073364258,0.0,0.051154860168273565,-21.428852081298828,0
1Z0K,11,10.798949241638184,13.65910530090332,22.131244659423828,0.0,0.04682171725386836,-19.977035522460938,0
1Z0K,12,11.1071138381958,12.864668846130371,24.441478729248047,0.0,0.040435765808722206,-21.581546783447266,0
1Z0K,13,10.22826099395752,11.405389785766602,22.67192840576172,0.0,0.04674669208993382,-14.134783744812012,1
1Z0K,14,10.655470848083496,12.198897361755371,23.53984260559082,0.0,0.04341360863967426,-13.159273147583008,1
1B6C,0,4.741666316986084,6.04331636428833,18.280242919921875,0.0,0.07860167050776334,-14.710912704467773,6
1B6C,1,6.740133285522461,7.348710536956787,24.06914520263672,0.0,0.050294284543390584,-15.507536888122559,3
1B6C,2,5.505402565002441,6.215010643005371,19.16504669189453,0.142857,0.12075802202683893,-15.343254089355469,6
1B6C,3,11.95383358001709,13.144018173217773,31.824735641479492,0.0,0.02648065722263518,-15.692754745483398,11
1B6C,4,10.973102569580078,12.89122200012207,39.43223190307617,0.0,0.019253714891762357,-16.336057662963867,6
1B6C,5,12.624593734741211,14.551215171813965,32.97129440307617,0.0,0.024277893978445805,-15.55168628692627,4
1B6C,6,10.698633193969727,13.22912311553955,68.99708557128906,0.0,0.009214339395943854,-17.737001419067383,3
1B6C,7,8.527800559997559,8.433063507080078,21.358911514282227,0.0,0.05579590614889161,-16.480327606201172,2
1B6C,8,16.83033561706543,17.24542808532715,66.19517517089844,0.0,0.007909942572273558,-19.469825744628906,0
1B6C,9,11.253999710083008,13.983558654785156,74.74121856689453,0.0,0.00804803620094683,-18.56329917907715,2
1B6C,10,13.554544448852539,15.787835121154785,63.49169921875,0.0,0.00885109038307031,-17.435091018676758,2
1B6C,11,4.790876865386963,6.171630859375,17.804704666137695,0.0,0.08046234276915483,-14.986258506774902,4
1B6C,12,3.3772714138031006,4.597322463989258,13.685395240783691,0.0,0.12486368914297506,-15.192675590515137,4
1B6C,13,10.415318489074707,10.993885040283203,31.026569366455078,0.0,0.029363054519558233,-16.034835815429688,3
1B6C,14,9.829496383666992,10.975253105163574,69.78862762451172,0.0,0.010984664623027893,-16.81990623474121,7
2FJG,0,16.910884857177734,19.479055404663086,33.852787017822266,0.0,0.02173359079781019,-17.720144271850586,2
2FJG,1,26.03383445739746,14.514008522033691,60.59975051879883,0.0,0.009954192351740485,-16.94120979309082,1
2FJG,2,17.083158493041992,18.793926239013672,33.64536666870117,0.0,0.02210837052423965,-16.508771896362305,5
2FJG,3,9.57040023803711,6.762014865875244,23.112098693847656,0.0,0.05534720092804161,-15.848715782165527,8
2FJG,4,26.739694595336914,18.1657772064209,62.80190658569336,0.0,0.008253721189824667,-17.13884925842285,0
2FJG,5,11.58271312713623,9.258570671081543,27.07895278930664,0.0,0.03842340721842299,-18.623605728149414,4
2FJG,6,16.05889129638672,17.56610679626465,31.059123992919922,0.0,0.025638840608927516,-16.51122283935547,8
2FJG,7,11.10305118560791,9.5366849899292,27.046384811401367,0.0,0.038010805224036416,-17.55876922607422,19
2FJG,8,18.562416076660156,20.580286026000977,37.645633697509766,0.0,0.01793074536631073,-15.71843433380127,6
2FJG,9,20.240915298461914,19.307720184326172,37.84701156616211,0.0,0.01800577371556149,-16.764177322387695,13
2FJG,10,17.56991958618164,17.272348403930664,33.39940643310547,0.0,0.02277122826304565,-15.958661079406738,28
2FJG,11,19.260379791259766,20.285112380981445,36.72187805175781,0.0,0.01876393574931778,-15.701114654541016,16
2FJG,12,14.822200775146484,9.873041152954102,42.32760238647461,0.0,0.020441638744434495,-15.781570434570312,47
2FJG,13,17.84161949157715,14.641975402832031,41.76272964477539,0.0,0.016721010586638756,-16.597919464111328,8
2FJG,14,18.18746566772461,16.754215240478516,35.01483917236328,0.0,0.02120066635620889,-20.92739486694336,2
1JTD,0,9.773415565490723,8.672390937805176,24.316814422607422,0.0,0.045976640536572445,-16.78468894958496,1
1JTD,1,8.949467658996582,7.499205589294434,23.67528533935547,0.0,0.0508833459721286,-16.677371978759766,13
1JTD,2,11.876287460327148,10.22952938079834,25.55255126953125,0.0,0.04022635814685135,-18.244707107543945,25
1JTD,3,13.286678314208984,11.692529678344727,28.47256088256836,0.0,0.03267343054450946,-19.860366821289062,9
1JTD,4,11.249199867248535,9.67842960357666,26.733224868774414,0.0,0.038423586257234375,-18.55992317199707,6
1JTD,5,13.845298767089844,12.197388648986816,29.61803436279297,0.0,0.03033083838040671,-20.024229049682617,5
1JTD,6,14.269247055053711,12.15902042388916,31.021503448486328,0.0,0.028275227288632968,-15.551752090454102,6
1JTD,7,18.091005325317383,14.774045944213867,32.21562576293945,0.0,0.02509582429680796,-14.79713249206543,5
1JTD,8,8.550168991088867,7.6354827880859375,22.968320846557617,0.0,0.05253902580436288,-15.794075965881348,4
1JTD,9,9.503268241882324,8.349187850952148,24.254291534423828,0.0,0.04688374646558946,-16.353504180908203,5
1JTD,10,9.214960098266602,8.003310203552246,21.38043975830078,0.0,0.05680576411582928,-17.487064361572266,1
1JTD,11,11.548908233642578,9.979966163635254,26.847883224487305,0.0,0.0377314404676744,-19.07966423034668,12
1JTD,12,12.274625778198242,10.89101505279541,27.448028564453125,0.0,0.03537445092455097,-19.583322525024414,12
1JTD,13,15.865520477294922,13.677473068237305,31.983627319335938,0.0,0.0259513249548091,-17.695497512817383,5
1JTD,14,7.98105525970459,6.505115032196045,21.872634887695312,0.0,0.060564000804252595,-14.868363380432129,19
1HE8,0,4.621344089508057,5.365499496459961,12.756017684936523,0.071429,0.1504702439085502,-16.672954559326172,4
1HE8,1,25.54691505432129,24.15296173095703,71.228759765625,0.0,0.005960908470045969,-19.41180419921875,1
1HE8,2,4.816802978515625,5.456876277923584,13.217231750488281,0.0,0.12094238159959882,-15.614974021911621,3
1HE8,3,34.289302825927734,37.26087188720703,97.87372589111328,0.0,0.0030346169313195843,-18.541458129882812,5
1HE8,4,10.411931037902832,15.734450340270996,24.709054946899414,0.0,0.038274208815403964,-12.980433464050293,7
1HE8,5,26.608213424682617,23.704757690429688,73.69098663330078,0.0,0.0057061067772429695,-19.01883316040039,3
1HE8,6,26.10608673095703,24.28629493713379,72.58745574951172,0.0,0.0057757170647944655,-20.871532440185547,1
1HE8,7,31.01278305053711,31.525636672973633,85.19654083251953,0.0,0.004038194898376783,-15.536995887756348,5
1HE8,8,26.343292236328125,23.74483299255371,72.44573974609375,0.0,0.005851333185438334,-19.59705924987793,2
1HE8,9,26.119943618774414,24.044042587280273,72.64643859863281,0.0,0.0057940517591489145,-20.488752365112305,0
1HE8,10,31.24957847595215,31.2130126953125,85.16011047363281,0.0,0.004056101478421317,-17.90949058532715,2
1HE8,11,25.733203887939453,23.645957946777344,71.69779205322266,0.0,0.005956007415692529,-17.35664176940918,5
1HE8,12,25.964948654174805,24.486656188964844,71.93846893310547,0.0,0.005835745645352132,-19.77340316772461,2
1HE8,13,34.444091796875,37.74560546875,97.67589569091797,0.0,0.0030309173597927344,-18.575885772705078,6
1HE8,14,27.818130493164062,25.639339447021484,75.17840576171875,0.0,0.0053444077309013245,-13.37356948852539,13
3K75,0,18.4052734375,8.253925323486328,41.479339599609375,0.0,0.024090318734304072,-17.926424026489258,0
3K75,1,16.320772171020508,12.318336486816406,44.99687194824219,0.0,0.016355234643774752,-12.466399192810059,12
3K75,2,13.206171989440918,6.361748695373535,30.330856323242188,0.0,0.04182781575808251,-16.134187698364258,0
3K75,3,13.025449752807617,5.898263454437256,31.246501922607422,0.0,0.04321591179586751,-15.752158164978027,0
3K75,4,14.73116397857666,8.242506980895996,30.76177406311035,0.166667,0.08988614513296751,-15.780593872070312,1
3K75,5,22.115766525268555,18.256370544433594,61.42977523803711,0.0,0.008497302444599302,-16.20512580871582,1
3K75,6,18.636951446533203,11.459210395812988,44.19497299194336,0.0,0.01750569387639105,-16.453481674194336,6
3K75,7,14.284113883972168,8.473736763000488,33.46977233886719,0.0,0.030323794830873663,-14.199934959411621,0
3K75,8,17.664226531982422,10.843988418579102,39.677852630615234,0.0,0.020884493792151234,-18.923315048217773,1
3K75,9,7.710415840148926,4.848922252655029,18.312700271606445,0.166667,0.14375324149204868,-15.549495697021484,3
3K75,10,13.896158218383789,8.714414596557617,32.744468688964844,0.0,0.030635477039197542,-14.960931777954102,0
3K75,11,15.439698219299316,7.616250514984131,31.773632049560547,0.0,0.034708627648593934,-18.51302719116211,2
3K75,12,17.66830062866211,12.780447959899902,49.6145133972168,0.0,0.014033903841897899,-13.941418647766113,0
3K75,13,13.146269798278809,6.377851963043213,30.691516876220703,0.0,0.041217211631806895,-16.090003967285156,0
3K75,14,15.378153800964355,8.1400785446167,32.67639923095703,0.0,0.03207295190587043,-15.008218765258789,1
5O14,0,22.344331741333008,18.323955535888672,56.218414306640625,0.0,0.009668595391515157,-19.60529136657715,2
5O14,1,23.053651809692383,22.408885955810547,57.88263702392578,0.0,0.008523349849376846,-17.516218185424805,9
5O14,2,19.741851806640625,14.949432373046875,41.889442443847656,0.0,0.016504550813934097,-15.325827598571777,15
5O14,3,13.201448440551758,9.388578414916992,32.135467529296875,0.0,0.030092971287921755,-14.397784233093262,5
5O14,4,34.329689025878906,27.521371841430664,90.87360382080078,0.0,0.003878328686332325,-16.162342071533203,22
5O14,5,17.85932731628418,13.479527473449707,35.59503173828125,0.0,0.02205986411309129,-16.420875549316406,1
5O14,6,22.767026901245117,22.155866622924805,56.169498443603516,0.0,0.008983354480028351,-17.387855529785156,7
5O14,7,13.996670722961426,11.468725204467773,30.574024200439453,0.0,0.029521573890699936,-17.97159194946289,0
5O14,8,24.301469802856445,16.24004364013672,60.27112579345703,0.0,0.009320138291846823,-19.171035766601562,4
5O14,9,17.143404006958008,14.927842140197754,36.05599594116211,0.0,0.02088179996702981,-17.834089279174805,0
5O14,10,24.779430389404297,19.15373992919922,61.24312973022461,0.0,0.008331521021557351,-16.978376388549805,1
5O14,11,23.423898696899414,17.995189666748047,56.19768524169922,0.0,0.009755219549053768,-16.43579864501953,8
5O14,12,22.937414169311523,21.715660095214844,55.83195114135742,0.0,0.009133800066436288,-17.78972816467285,7
5O14,13,23.67348861694336,20.560863494873047,58.69898986816406,0.0,0.008610802812887416,-18.637561798095703,11
5O14,14,24.106523513793945,18.458669662475586,59.168357849121094,0.0,0.008926859190262704,-16.042497634887695,1
1R8S,0,9.136670112609863,8.734137535095215,26.71498680114746,0.071429,0.06400222168363424,-15.217658996582031,0
1R8S,1,9.771797180175781,9.309188842773438,27.835803985595703,0.0,0.036866337600914845,-16.0877685546875,1
1R8S,2,8.853116989135742,8.539241790771484,23.254215240478516,0.071429,0.07307434027920535,-14.517770767211914,4
1R8S,3,13.162609100341797,11.821917533874512,29.885976791381836,0.142857,0.07784632570987869,-17.852006912231445,3
1R8S,4,15.553633689880371,14.843457221984863,34.64175033569336,0.0,0.02229856278219815,-13.420047760009766,1
1R8S,5,8.293450355529785,7.4566779136657715,19.787504196166992,0.214286,0.13631941308658987,-15.346795082092285,4
1R8S,6,15.678557395935059,14.64882755279541,39.03659439086914,0.0,0.018547609509621456,-12.80829906463623,0
1R8S,7,15.35632610321045,13.557703971862793,31.886760711669922,0.142857,0.07376470414577711,-15.895035743713379,2
1R8S,8,13.474085807800293,14.194674491882324,37.721256256103516,0.0,0.019788894696115816,-16.340375900268555,0
1R8S,9,17.32368278503418,16.608922958374023,38.452476501464844,0.0,0.018225999367889073,-13.56684398651123,2
1R8S,10,9.213530540466309,8.771439552307129,22.775556564331055,0.071429,0.07403257799625036,-12.171558380126953,3
1R8S,11,7.847382068634033,7.3433990478515625,20.885560989379883,0.142857,0.10833557176765114,-13.029173851013184,2
1R8S,12,17.321226119995117,15.842556953430176,35.15032196044922,0.0,0.021376875719078356,-13.438929557800293,73
1R8S,13,14.121910095214844,14.738309860229492,44.56971740722656,0.0,0.015115623930650579,-14.061494827270508,0
1R8S,14,8.790614128112793,8.55804443359375,23.916513442993164,0.071429,0.0711267320394951,-13.37860107421875,4
1K74,0,24.667694091796875,25.3951358795166,63.33647918701172,0.0,0.007056248012606385,-14.670607566833496,11
1K74,1,25.250730514526367,26.631216049194336,65.99838256835938,0.0,0.00649298200802827,-16.210155487060547,14
1K74,2,23.903379440307617,25.413637161254883,48.74381637573242,0.0,0.010994344108152374,-15.977898597717285,9
1K74,3,21.398822784423828,20.428396224975586,64.08419799804688,0.0,0.007550441273822102,-16.93708610534668,13
1K74,4,19.772891998291016,18.1333065032959,64.32798767089844,0.0,0.007985448589152901,-17.373043060302734,17
1K74,5,21.70008659362793,20.597793579101562,63.49947738647461,0.0,0.007626059300118736,-16.38724708557129,20
1K74,6,25.680051803588867,26.451610565185547,61.31808090209961,0.0,0.007353008043305756,-13.840433120727539,27
1K74,7,23.975852966308594,24.8300838470459,48.13942337036133,0.0,0.011290223619106471,-15.286601066589355,14
1K74,8,20.717910766601562,19.139663696289062,64.38089752197266,0.0,0.007745662370453735,-15.605545043945312,18
1K74,9,20.96550178527832,22.96739387512207,58.51229476928711,0.0,0.008304705231694947,-14.329718589782715,9
1K74,10,20.766233444213867,20.949796676635742,64.35958099365234,0.0,0.007414651815957486,-15.418207168579102,15
1K74,11,21.918222427368164,23.41220474243164,46.56175994873047,0.0,0.01211299190348955,-15.741019248962402,11
1K74,12,23.618896484375,24.093971252441406,64.06212615966797,0.0,0.007053755584095473,-14.831826210021973,10
1K74,13,22.082876205444336,21.489545822143555,64.8862533569336,0.0,0.007239897003469588,-15.823028564453125,14
1K74,14,22.187808990478516,23.494970321655273,68.70677947998047,0.0,0.006377970144284095,-16.308393478393555,10
3V6Z,0,19.108713150024414,16.926729202270508,42.928924560546875,0.0,0.015172492219502115,-15.843140602111816,68
3V6Z,1,9.933002471923828,11.601095199584961,21.315933227539062,0.0,0.051213023730517365,-13.492966651916504,0
3V6Z,2,14.23393440246582,10.859460830688477,29.487272262573242,0.0,0.03181372781148031,-14.148720741271973,12
3V6Z,3,7.202693462371826,6.5059428215026855,18.15872573852539,0.4,0.21006842406809056,-12.804587364196777,20
3V6Z,4,11.718490600585938,11.143742561340332,24.436948776245117,0.0,0.04190871052122075,-14.912496566772461,0
3V6Z,5,9.229532241821289,10.750676155090332,20.089969635009766,0.0,0.056975717549124894,-13.472034454345703,10
3V6Z,6,13.160226821899414,12.557743072509766,26.706478118896484,0.0,0.035349480287808356,-14.393806457519531,0
3V6Z,7,10.92435359954834,10.781368255615234,24.84320831298828,0.4,0.1745950789151838,-14.883758544921875,21
3V6Z,8,13.17457389831543,12.34074592590332,26.906892776489258,0.0,0.035099657411339476,-16.25086212158203,1
3V6Z,9,10.129414558410645,11.920178413391113,21.61366081237793,0.0,0.04984438843974432,-15.081514358520508,5
3V6Z,10,10.025397300720215,11.433150291442871,21.63388442993164,0.066667,0.07243890208388443,-13.820473670959473,2
3V6Z,11,8.302125930786133,7.708428859710693,17.93505859375,0.266667,0.16218872467873413,-12.976112365722656,19
3V6Z,12,12.751914978027344,13.418684005737305,33.68522262573242,0.0,0.02406782133181744,-15.562878608703613,0
3V6Z,13,13.804889678955078,12.445337295532227,27.651058197021484,0.0,0.033552130017732516,-14.765888214111328,0
3V6Z,14,10.657739639282227,10.90427303314209,23.632946014404297,0.4,0.17770492561175258,-14.26143741607666,13
5HYS,0,24.6495361328125,18.299827575683594,38.677101135253906,0.0,0.017582258522228906,-16.185083389282227,12
5HYS,1,32.54249954223633,23.603981018066406,71.61219787597656,0.0,0.005971641504769275,-13.50738525390625,45
5HYS,2,23.59598731994629,17.876285552978516,50.06471252441406,0.0,0.011669795297776828,-16.378414154052734,10
5HYS,3,27.227624893188477,18.715545654296875,45.32380676269531,0.0,0.013452881417015861,-15.655980110168457,2
5HYS,4,17.758209228515625,12.708029747009277,28.22829818725586,0.0,0.0322913987629987,-16.63930892944336,23
5HYS,5,26.441722869873047,17.825777053833008,39.990745544433594,0.0,0.01675182131716906,-14.981582641601562,7
5HYS,6,12.279398918151855,10.34639835357666,28.289735794067383,0.0,0.0344627793735583,-17.424238204956055,7
5HYS,7,23.17995262145996,14.953452110290527,34.973609924316406,0.0,0.021912081287172605,-13.649304389953613,19
5HYS,8,25.766321182250977,16.774681091308594,38.122039794921875,0.0,0.018430958070103802,-14.489789962768555,15
5HYS,9,11.861176490783691,9.782779693603516,24.720239639282227,0.0,0.04290029646061507,-15.251161575317383,13
5HYS,10,27.53571319580078,18.35376739501953,43.99782180786133,0.0,0.014205010201101917,-15.528075218200684,16
5HYS,11,12.12722396850586,10.23080825805664,29.207334518432617,0.0,0.03304170462860768,-16.298978805541992,15
5HYS,12,7.407785415649414,9.176530838012695,16.662513732910156,0.0,0.07750594177216218,-16.987163543701172,12
5HYS,13,22.780988693237305,18.88650131225586,76.65634155273438,0.0,0.006138105245045812,-16.117250442504883,14
5HYS,14,19.126262664794922,15.755148887634277,46.88914489746094,0.0,0.013599778734162495,-15.690825462341309,18
1DE4,0,20.526220321655273,18.30552864074707,65.97557830810547,0.0,0.00766578862101711,-14.900154113769531,21
1DE4,1,18.08780288696289,13.553823471069336,30.989471435546875,0.0,0.02735627282906834,-16.687101364135742,12
1DE4,2,19.985078811645508,21.341983795166016,78.09954071044922,0.0,0.005540684096885702,-15.051533699035645,23
1DE4,3,22.241363525390625,16.318443298339844,64.29562377929688,0.0,0.008518569247621068,-13.144909858703613,48
1DE4,4,38.197296142578125,25.10724449157715,48.4439582824707,0.0,0.011141167354437478,-13.752717018127441,26
1DE4,5,5.936493396759033,5.2134623527526855,13.543312072753906,0.0,0.11968050245387885,-14.523303985595703,24
1DE4,6,34.14896011352539,28.011690139770508,90.10832214355469,0.0,0.0038930475921583065,-13.950867652893066,41
1DE4,7,17.5473690032959,16.95636558532715,60.689788818359375,0.0,0.00900109049693992,-13.127358436584473,20
1DE4,8,19.68208122253418,16.588909149169922,89.71597290039062,0.0,0.005668756003726805,-15.669994354248047,18
1DE4,9,16.159719467163086,17.4324893951416,82.44705200195312,0.0,0.005955545073149199,-13.755115509033203,27
1DE4,10,7.816633701324463,6.15017032623291,23.297718048095703,0.0,0.057872846691544,-15.262384414672852,19
1DE4,11,17.86106300354004,16.57166862487793,49.045841217041016,0.0,0.012428711888020291,-15.127878189086914,8
1DE4,12,7.879924774169922,6.011016845703125,24.32486915588379,0.0,0.05581309702887694,-14.249910354614258,25
1DE4,13,21.786766052246094,28.260555267333984,85.33715057373047,0.0,0.004210995284831814,-13.275222778320312,41
1DE4,14,19.852508544921875,16.10776138305664,54.64139175415039,0.0,0.010741461395437616,-13.966705322265625,32
1CGI,0,9.253841400146484,9.610305786132812,27.405494689941406,0.032258,0.04793191723451388,-17.91233253479004,3
1CGI,1,6.8043694496154785,8.791964530944824,16.926074981689453,0.258065,0.16258259760369087,-22.12820053100586,1
1CGI,2,2.121899127960205,2.232034683227539,5.473968982696533,0.16129,0.3930853915353907,-22.988346099853516,0
1CGI,3,3.0925283432006836,3.5743749141693115,8.440170288085938,0.129032,0.26076755855894945,-23.55864715576172,4
1CGI,4,1.8853946924209595,2.0058515071868896,4.994919776916504,0.225806,0.4425931933441094,-27.332504272460938,0
1CGI,5,3.0253942012786865,2.7064008712768555,8.582260131835938,0.16129,0.29715706829104643,-22.973270416259766,2
1CGI,6,5.7938642501831055,6.894805908203125,14.03981876373291,0.032258,0.1152237353070343,-20.132774353027344,7
1CGI,7,7.341628074645996,7.071648597717285,22.200437545776367,0.064516,0.07847425896006169,-16.99334716796875,3
1CGI,8,3.93058705329895,4.550854206085205,10.70988941192627,0.096774,0.19374424573564966,-24.11373519897461,3
1CGI,9,6.382781028747559,8.214910507202148,14.893998146057129,0.064516,0.11415385917710041,-21.022676467895508,4
1CGI,10,9.69951343536377,10.44201946258545,27.07355308532715,0.0,0.03664814619039802,-17.588274002075195,0
1CGI,11,2.9124958515167236,3.630995512008667,7.328110218048096,0.096774,0.2720632325893233,-22.493614196777344,3
1CGI,12,11.655434608459473,10.897940635681152,31.527753829956055,0.064516,0.050289870176663774,-13.710115432739258,31
1CGI,13,3.8319711685180664,5.710910797119141,11.059633255004883,0.0,0.1452919404331877,-20.810529708862305,0
1CGI,14,5.837886810302734,7.338472843170166,14.735968589782715,0.032258,0.10733939809051067,-25.84099769592285,0
2CFH,0,5.239202499389648,4.681595802307129,13.425326347351074,0.0,0.12641716593648192,-15.69003677368164,0
2CFH,1,15.830146789550781,14.221290588378906,24.437854766845703,0.0,0.03964190465761851,-14.211302757263184,3
2CFH,2,4.3887224197387695,3.4981558322906494,11.004006385803223,0.454545,0.3278510740796068,-19.523242950439453,0
2CFH,3,3.3411567211151123,3.0390031337738037,10.11340045928955,0.181818,0.2638944595066473,-18.255205154418945,0
2CFH,4,63.42403030395508,71.35956573486328,160.3360595703125,0.0,0.001081409649502729,0.0,0
2CFH,5,13.992669105529785,15.170642852783203,30.176237106323242,0.0,0.0277306544156108,-11.371973991394043,4
2CFH,6,6.695001125335693,6.917016506195068,16.13016128540039,0.0,0.08741739020650739,-12.99676513671875,19
2CFH,7,3.2180662155151367,2.6870791912078857,7.668431282043457,0.090909,0.29326247855623017,-18.956462860107422,0
2CFH,8,4.234391212463379,3.4814934730529785,10.379510879516602,0.545454,0.36781518036316035,-17.613006591796875,0
2CFH,9,13.720614433288574,14.22018814086914,26.170957565307617,0.0,0.035475208888812886,-11.924851417541504,4
2CFH,10,14.902993202209473,14.021675109863281,24.78728485107422,0.0,0.03884472944645918,-12.265369415283203,1
2CFH,11,17.24165916442871,15.33250904083252,26.55387306213379,0.0,0.03414107871774474,-16.116153717041016,0
2CFH,12,3.356982946395874,2.732053756713867,8.773271560668945,0.272727,0.3295107081682402,-20.7657470703125,0
2CFH,13,16.519798278808594,14.928077697753906,25.700294494628906,0.0,0.03619871237657331,-13.55541706085205,5
2CFH,14,5.615468502044678,4.709319114685059,13.677440643310547,0.272727,0.21448211208000253,-16.645389556884766,0
1DFJ,0,8.581001281738281,12.175325393676758,43.40998458862305,0.0,0.017292051945527805,-15.541708946228027,1
1DFJ,1,7.8893585205078125,10.308494567871094,42.42693328857422,0.0,0.019774486800347976,-19.283050537109375,2
1DFJ,2,10.563521385192871,14.597943305969238,59.0555305480957,0.0,0.010248053945119677,-14.84643268585205,6
1DFJ,3,9.800743103027344,13.501344680786133,52.87648391723633,0.0,0.012460992743213063,-16.58440589904785,2
1DFJ,4,9.576799392700195,13.944873809814453,58.16566848754883,0.0,0.010782304345412651,-15.288907051086426,7
1DFJ,5,10.805032730102539,13.858680725097656,46.91706085205078,0.0,0.014453000036394499,-17.79195213317871,1
1DFJ,6,11.672276496887207,16.6662540435791,63.927127838134766,0.0,0.008469192786577037,-19.526748657226562,4
1DFJ,7,10.37863540649414,13.986490249633789,54.392547607421875,0.0,0.011736529663970194,-13.374987602233887,12
1DFJ,8,8.04252815246582,11.866313934326172,41.47166061401367,0.0,0.01868082283353845,-19.301054000854492,0
1DFJ,9,10.198722839355469,13.63518238067627,46.51767349243164,0.0,0.01475582390125413,-16.711511611938477,0
1DFJ,10,7.965311527252197,11.954451560974121,43.11201858520508,0.0,0.01763937102361682,-16.452434539794922,0
1DFJ,11,10.428169250488281,13.658066749572754,50.874759674072266,0.0,0.01302482260216624,-16.920513153076172,2
1DFJ,12,8.782858848571777,10.877667427062988,39.16438674926758,0.0,0.021215187399733094,-16.703493118286133,0
1DFJ,13,10.028963088989258,12.95050048828125,48.7692985534668,0.0,0.014239807531857168,-17.009008407592773,0
1DFJ,14,8.089851379394531,10.635132789611816,33.187294006347656,0.0,0.027021701201275884,-16.25197410583496,5
6DBG,0,3.4734420776367188,2.602504253387451,15.650137901306152,0.0,0.15905095963439767,-18.222620010375977,0
6DBG,1,9.956538200378418,9.609984397888184,47.49024200439453,0.0,0.018274939442308867,-17.5540771484375,0
6DBG,2,9.338764190673828,9.315631866455078,44.757511138916016,0.0,0.02002774696479551,-16.672130584716797,0
6DBG,3,3.7469942569732666,4.329970836639404,18.984617233276367,0.0,0.0913792693615288,-18.315494537353516,0
6DBG,4,5.836787223815918,6.3113694190979,27.103483200073242,0.0,0.047670393210406746,-18.239355087280273,0
6DBG,5,4.667952060699463,4.665614604949951,22.365388870239258,0.0,0.07329648419147235,-16.93075942993164,0
6DBG,6,10.491578102111816,9.222079277038574,47.146976470947266,0.0,0.019084813092140007,-19.149978637695312,0
6DBG,7,11.340404510498047,9.487987518310547,47.2161865234375,0.0,0.01859180337450782,-18.82830047607422,0
6DBG,8,5.731822967529297,3.2050387859344482,18.544261932373047,0.0,0.11776647704909383,-18.924915313720703,0
6DBG,9,2.8196096420288086,3.2373290061950684,14.909978866577148,0.0,0.14067563042213493,-17.58321762084961,0
6DBG,10,11.033909797668457,9.23409366607666,46.77252960205078,0.0,0.019226339746731994,-19.615150451660156,0
6DBG,11,10.035407066345215,7.439481258392334,42.1840705871582,0.0,0.026027509169679885,-20.640052795410156,0
6DBG,12,3.1189234256744385,3.635716438293457,16.720340728759766,0.0,0.11693944424043527,-18.000289916992188,0
6DBG,13,3.133690595626831,3.184847116470337,16.181241989135742,0.0,0.13260477028781995,-17.605609893798828,0
6DBG,14,7.1683502197265625,7.561552047729492,34.78070068359375,0.0,0.03140703733523586,-17.484769821166992,0
4HX3,0,15.657418251037598,16.696643829345703,46.918800354003906,0.0,0.013261262126420308,-18.475692749023438,0
4HX3,1,21.56314468383789,19.460002899169922,65.5745849609375,0.0,0.007476996353292364,-18.378244400024414,1
4HX3,2,17.769800186157227,18.682079315185547,55.652217864990234,0.0,0.009733767089217029,-18.451242446899414,0
4HX3,3,20.601987838745117,16.86884880065918,60.14229202270508,0.0,0.009142796090382889,-16.91859245300293,3
4HX3,4,23.377355575561523,19.237581253051758,64.0811996459961,0.0,0.007777741782288538,-17.576562881469727,0
4HX3,5,18.117185592651367,18.471664428710938,55.762939453125,0.0,0.00975290573282869,-19.629316329956055,0
4HX3,6,22.750471115112305,19.42258644104004,64.91419219970703,0.0,0.007595288654658673,-17.566431045532227,0
4HX3,7,21.843692779541016,20.246227264404297,67.51705169677734,0.0,0.007020365637701716,-16.610754013061523,0
4HX3,8,21.34288787841797,16.020278930664062,57.7117805480957,0.0,0.0099741764153476,-15.395120620727539,0
4HX3,9,21.907798767089844,19.230451583862305,64.69727325439453,0.0,0.007671839537722806,-18.96335792541504,1
4HX3,10,22.981204986572266,19.536104202270508,66.65589904785156,0.0,0.007287351879509542,-17.66766929626465,0
4HX3,11,23.074413299560547,19.735393524169922,67.70892333984375,0.0,0.0070862619302418,-17.737154006958008,0
4HX3,12,19.0398006439209,18.862825393676758,53.61890411376953,0.0,0.010266139000211488,-17.231548309326172,0
4HX3,13,19.767141342163086,19.111705780029297,63.14963912963867,0.0,0.007972445867930493,-19.505306243896484,1
4HX3,14,16.375782012939453,17.462242126464844,51.52848434448242,0.0,0.011271597144001513,-18.380830764770508,0
1ZHI,0,23.48074722290039,19.826765060424805,52.98536682128906,0.0,0.010260192604509557,-14.644790649414062,28
1ZHI,1,18.219980239868164,17.640438079833984,41.0042839050293,0.0,0.016126482702481456,-14.936591148376465,8
1ZHI,2,19.880239486694336,15.612905502319336,44.8671989440918,0.0,0.014597633215132867,-15.35845947265625,9
1ZHI,3,17.472688674926758,15.581244468688965,31.58644676208496,0.0,0.02556967375544251,-16.13752555847168,2
1ZHI,4,15.751566886901855,17.156185150146484,40.43394470214844,0.0,0.016636089453367267,-14.002765655517578,9
1ZHI,5,17.017982482910156,19.336528778076172,44.07563018798828,0.0,0.013946431638094088,-13.27043628692627,13
1ZHI,6,19.519367218017578,18.320693969726562,46.383026123046875,0.0,0.013050219755447708,-14.494945526123047,10
1ZHI,7,14.80440902709961,16.048635482788086,34.26564407348633,0.0,0.022209296686409512,-17.777236938476562,0
1ZHI,8,17.97345733642578,19.789350509643555,45.46814727783203,0.0,0.013160174640197114,-16.695592880249023,1
1ZHI,9,14.989547729492188,14.82971477508545,33.917179107666016,0.0,0.023073840049211366,-14.516361236572266,11
1ZHI,10,19.11367416381836,16.68619155883789,41.40370178222656,0.0,0.016152702190273163,-15.486635208129883,13
1ZHI,11,15.424827575683594,16.564464569091797,37.414161682128906,0.0,0.019071375887545868,-15.528677940368652,4
1ZHI,12,15.916528701782227,14.889355659484863,32.29673767089844,0.0,0.024942093401782457,-14.752143859863281,9
1ZHI,13,18.060991287231445,18.00394058227539,42.04804611206055,0.0,0.015384569773724857,-16.25602149963379,10
1ZHI,14,23.486961364746094,21.082979202270508,55.34587860107422,0.0,0.009359885362623874,-11.900716781616211,26
1GRN,0,7.4596734046936035,7.068159580230713,21.420652389526367,0.2,0.12637865849734373,-17.405487060546875,1
1GRN,1,12.089226722717285,10.083126068115234,30.33785057067871,0.0,0.03147914836588162,-17.194427490234375,0
1GRN,2,9.005982398986816,9.354121208190918,37.310916900634766,0.0,0.02480296640240912,-13.841216087341309,0
1GRN,3,6.934110641479492,6.733989715576172,22.503969192504883,0.0,0.05737522549293541,-17.406692504882812,0
1GRN,4,13.620065689086914,11.668801307678223,30.923681259155273,0.0,0.02883407758671931,-13.822294235229492,2
1GRN,5,9.445812225341797,9.058876991271973,31.80841827392578,0.0,0.031111973856053854,-17.06658363342285,0
1GRN,6,19.337690353393555,15.302800178527832,44.224998474121094,0.0,0.015047066555844158,-18.277448654174805,0
1GRN,7,18.439422607421875,16.80620765686035,56.011322021484375,0.0,0.01013808708381086,-15.119465827941895,2
1GRN,8,14.177447319030762,11.602607727050781,31.365314483642578,0.0,0.02828510718415306,-14.74314022064209,3
1GRN,9,15.617502212524414,13.019379615783691,38.883888244628906,0.0,0.01956884447515393,-15.95313835144043,4
1GRN,10,11.955564498901367,9.980928421020508,27.617948532104492,0.0,0.036204679733323857,-13.124476432800293,0
1GRN,11,9.376694679260254,8.250986099243164,24.961986541748047,0.2,0.11196566315642202,-15.75446605682373,0
1GRN,12,20.95950698852539,23.02382469177246,76.48148345947266,0.0,0.005475842018906246,0.0,0
1GRN,13,10.072549819946289,8.989834785461426,26.381874084472656,0.2,0.10704367738978038,-15.366382598876953,1
1GRN,14,9.242526054382324,8.22014045715332,26.42349624633789,0.2,0.10866720666791417,-16.59941291809082,0
1H1V,0,27.61893653869629,24.529296875,75.11595153808594,0.0,0.005456162724889199,-15.05239486694336,9
1H1V,1,25.062973022460938,23.5221004486084,72.77674102783203,0.0,0.005835914372239487,-10.588440895080566,38
1H1V,2,18.978750228881836,14.033575057983398,46.7928352355957,0.0,0.014412996148195764,-10.14997386932373,17
1H1V,3,22.043182373046875,15.944280624389648,55.86103820800781,0.0,0.010467554167400176,-12.053252220153809,17
1H1V,4,17.977705001831055,16.22646713256836,38.85991287231445,0.0,0.01804439333879386,-11.083198547363281,37
1H1V,5,22.264999389648438,20.36578941345215,77.50996398925781,0.0,0.0057595403835842855,-14.80636215209961,6
1H1V,6,21.146427154541016,19.765199661254883,77.864990234375,0.0,0.005834250385568357,-12.791471481323242,1
1H1V,7,14.299266815185547,16.899816513061523,33.87382507324219,0.0,0.022351008126596697,-14.54830265045166,16
1H1V,8,14.9137601852417,16.327342987060547,44.160400390625,0.0,0.014698192098220902,-12.762065887451172,8
1H1V,9,21.439905166625977,18.580698013305664,75.76931762695312,0.0,0.006301163069556169,-12.03526496887207,16
1H1V,10,11.34739875793457,13.702474594116211,29.156192779541016,0.0,0.030058511150711436,-11.644887924194336,26
1H1V,11,18.21197509765625,16.180416107177734,46.36866760253906,0.0,0.01367741248584977,-13.237077713012695,45
1H1V,12,13.419270515441895,14.455859184265137,25.85224723815918,0.0,0.03606994404816361,-8.848660469055176,30
1H1V,13,24.01483917236328,16.199012756347656,50.54836654663086,0.0,0.012000112515451368,-12.045482635498047,12
1H1V,14,19.99342918395996,20.679094314575195,69.43834686279297,0.0,0.006665751501795457,-11.556112289428711,23
2VXT,0,11.633661270141602,11.204609870910645,22.680694580078125,0.0,0.04692018258327718,-18.724918365478516,4
2VXT,1,19.003639221191406,14.916515350341797,50.1113395690918,0.0,0.012659358301758293,-15.723889350891113,2
2VXT,2,17.54311752319336,13.441521644592285,49.93578338623047,0.0,0.013486219640016847,-18.223480224609375,2
2VXT,3,9.265843391418457,7.101352691650391,26.549253463745117,0.0,0.04522789511424282,-17.276981353759766,0
2VXT,4,18.141815185546875,14.551969528198242,51.998870849609375,0.0,0.012179650196151748,-18.926809310913086,1
2VXT,5,16.650569915771484,12.619194984436035,45.3576545715332,0.0,0.015953162174269772,-19.041704177856445,0
2VXT,6,6.584934711456299,5.863975524902344,15.009307861328125,0.066667,0.12363828661827898,-21.938013076782227,0
2VXT,7,4.594851493835449,5.24186897277832,14.892807006835938,0.0,0.10713279611445285,-20.78831672668457,1
2VXT,8,11.472213745117188,10.967280387878418,22.458330154418945,0.0,0.0478867962223131,-18.480304718017578,4
2VXT,9,8.534422874450684,8.005738258361816,17.375349044799805,0.066667,0.09789506479471644,-24.965065002441406,0
2VXT,10,13.310790061950684,11.388876914978027,29.477693557739258,0.0,0.03127201607730561,-19.920385360717773,0
2VXT,11,26.237390518188477,24.547895431518555,71.869140625,0.0,0.005838295630620718,-22.26759147644043,4
2VXT,12,15.534098625183105,13.690217971801758,35.31048583984375,0.0,0.022211862052144486,-13.86413860321045,27
2VXT,13,12.033602714538574,11.577615737915039,23.719430923461914,0.0,0.04343771263798968,-19.950998306274414,3
2VXT,14,12.002710342407227,11.383756637573242,24.61993980407715,0.0,0.04118936194888864,-16.175962448120117,4
6A77,0,10.288846015930176,12.850248336791992,25.760169982910156,0.0,0.03721004931144934,-16.164201736450195,3
6A77,1,8.005454063415527,8.556710243225098,19.973892211914062,0.0,0.061048028986928106,-14.328160285949707,7
6A77,2,8.920040130615234,12.135518074035645,22.707582473754883,0.0,0.045982135172092986,-14.691648483276367,1
6A77,3,9.63036060333252,11.757185935974121,23.212116241455078,0.0,0.044751665515703865,-18.376129150390625,4
6A77,4,7.5607733726501465,9.814081192016602,18.326820373535156,0.0,0.06661918277196871,-14.084857940673828,3
6A77,5,14.412474632263184,14.60390853881836,41.42174530029297,0.0,0.016949231594898258,-14.01517391204834,2
6A77,6,10.370577812194824,15.187239646911621,32.599639892578125,0.0,0.02443928300360144,-15.150222778320312,1
6A77,7,6.864100933074951,9.117607116699219,17.61402130126953,0.0,0.07174652674250641,-16.339200973510742,1
6A77,8,9.538978576660156,11.606559753417969,23.024898529052734,0.0,0.04545520389994229,-16.93303680419922,3
6A77,9,10.045944213867188,12.456534385681152,24.14255714416504,0.0,0.04152657053202393,-17.535139083862305,4
6A77,10,6.601764678955078,8.531208992004395,16.697933197021484,0.0,0.0785954124558269,-16.181154251098633,1
6A77,11,9.709511756896973,11.363719940185547,23.51465606689453,0.0,0.0442301332629511,-16.171600341796875,5
6A77,12,7.29389762878418,10.419976234436035,18.154863357543945,0.0,0.06669866229643998,-15.80944538116455,0
6A77,13,29.256118774414062,28.09925079345703,79.47833251953125,0.0,0.004716654494728019,-13.615994453430176,4
6A77,14,9.672394752502441,12.536611557006836,23.35651206970215,0.0,0.043688537214013896,-16.16424560546875,4
1K5D,0,8.144417762756348,7.695427894592285,28.908218383789062,0.0,0.03872654208170994,-12.17808723449707,1
1K5D,1,8.569406509399414,7.279941082000732,31.523466110229492,0.0,0.03616795655423555,-12.117889404296875,0
1K5D,2,17.192995071411133,14.590713500976562,56.094932556152344,0.0,0.010967991397727084,-13.407222747802734,16
1K5D,3,28.59398651123047,14.810212135314941,49.020503997802734,0.0,0.013114211232102213,-16.95163917541504,0
1K5D,4,6.746621131896973,5.968297481536865,21.325021743774414,0.0,0.06550265060468381,-13.84422492980957,0
1K5D,5,25.28172492980957,14.4044828414917,59.93360900878906,0.0,0.010148317183289025,-15.648590087890625,7
1K5D,6,17.3349552154541,14.62883472442627,60.44968032836914,0.0,0.009931034453568105,-13.656593322753906,7
1K5D,7,22.261184692382812,13.930242538452148,63.27484130859375,0.0,0.009729285314465312,-11.676551818847656,19
1K5D,8,15.202701568603516,14.456406593322754,48.82933807373047,0.0,0.013354207760989138,-14.907769203186035,3
1K5D,9,16.814437866210938,13.912714958190918,55.3770751953125,0.0,0.011502783877058298,-14.318333625793457,9
1K5D,10,29.168195724487305,14.974617958068848,45.67578125,0.0,0.014468716476195354,-14.408056259155273,0
1K5D,11,7.960620880126953,7.156382083892822,31.205791473388672,0.0,0.03705126979748703,-12.665486335754395,0
1K5D,12,9.41295337677002,7.9924516677856445,32.72047424316406,0.0,0.032413925937621164,-13.753621101379395,1
1K5D,13,28.742368698120117,14.824275016784668,44.77852249145508,0.0,0.01497144567458488,-14.313879013061523,1
1K5D,14,13.040458679199219,11.894073486328125,48.36997985839844,0.0,0.01520370897882802,-12.656476974487305,2
1I2M,0,13.605359077453613,18.366222381591797,50.50180435180664,0.0,0.011391398973005437,-15.405364990234375,9
1I2M,1,12.151775360107422,13.857158660888672,47.60663604736328,0.0,0.014158589609204797,-17.540576934814453,0
1I2M,2,13.570103645324707,15.857388496398926,60.45703125,0.0,0.009417498932625563,-17.79863166809082,0
1I2M,3,11.401463508605957,14.321781158447266,46.2045783996582,0.0,0.014528528469790851,-20.493824005126953,0
1I2M,4,8.295560836791992,9.727269172668457,39.80939865112305,0.0,0.022276317514250996,-18.727705001831055,1
1I2M,5,9.276321411132812,10.202628135681152,39.0477294921875,0.0,0.02213320260777148,-19.05681037902832,0
1I2M,6,13.526716232299805,14.873040199279785,49.32870101928711,0.0,0.012968260685686414,-19.5346622467041,2
1I2M,7,13.063434600830078,13.841524124145508,56.83135223388672,0.0,0.01116265784526982,-17.818485260009766,1
1I2M,8,13.75025463104248,18.991758346557617,52.67791748046875,0.0,0.010525039013368246,-15.142773628234863,4
1I2M,9,10.639118194580078,12.50349235534668,46.037723541259766,0.444444,0.16386557153749703,-20.5489501953125,0
1I2M,10,9.107561111450195,10.445637702941895,42.47464370727539,0.0,0.01957006717949232,-18.868650436401367,2
1I2M,11,12.057975769042969,13.258663177490234,46.6448974609375,0.0,0.014925729102940018,-19.23029327392578,0
1I2M,12,11.204015731811523,12.01884651184082,45.325355529785156,0.0,0.016436986178840946,-18.62615203857422,0
1I2M,13,9.247859954833984,10.709427833557129,44.72624969482422,0.0,0.018032819748064262,-18.28597640991211,1
1I2M,14,13.67805004119873,15.462952613830566,51.39692687988281,0.0,0.011981570200023542,-20.307064056396484,2
1ZHH,0,18.001230239868164,21.600269317626953,37.65818405151367,0.0,0.0177588496564699,-15.123910903930664,0
1ZHH,1,15.74807357788086,16.129491806030273,36.0110969543457,0.0,0.020449402543673407,-17.349201202392578,0
1ZHH,2,28.217254638671875,28.790605545043945,71.24657440185547,0.0,0.005580262749300451,-19.38680076599121,0
1ZHH,3,18.974027633666992,18.807531356811523,39.80096435546875,0.0,0.016646755431743546,-15.656113624572754,0
1ZHH,4,14.486669540405273,16.209388732910156,33.14754104614258,0.0,0.02339655069174015,-15.773159980773926,3
1ZHH,5,28.15285873413086,29.36498260498047,73.5299301147461,0.0,0.005263151810140976,-18.39353370666504,0
1ZHH,6,14.70880126953125,15.534863471984863,32.03004837036133,0.0,0.02500938925575542,-17.986722946166992,0
1ZHH,7,26.928606033325195,29.978761672973633,74.9892349243164,0.0,0.005060814456439004,-15.41641616821289,0
1ZHH,8,18.56251335144043,18.75702667236328,42.20748519897461,0.0,0.015110070133004673,-16.642356872558594,0
1ZHH,9,16.68716049194336,17.42113494873047,38.91608810424805,0.0,0.017631155610813676,-17.534299850463867,0
1ZHH,10,16.477718353271484,16.54909896850586,38.27661895751953,0.0,0.01838167348818039,-16.23033332824707,1
1ZHH,11,24.55406379699707,26.672138214111328,61.776607513427734,0.0,0.007244249412927499,-12.896224021911621,0
1ZHH,12,14.478089332580566,15.135042190551758,32.34213638305664,0.0,0.024778630449954913,-15.58559513092041,3
1ZHH,13,14.13762092590332,15.355147361755371,30.31993865966797,0.0,0.027439460140387506,-15.358098030090332,3
1ZHH,14,16.660884857177734,17.80341911315918,39.17475128173828,0.0,0.01733688377632221,-16.558509826660156,0
3DAW,0,19.488706588745117,18.715482711791992,53.16763687133789,0.0,0.010434869040676089,-17.21820831298828,0
3DAW,1,25.96550941467285,22.250049591064453,78.65056610107422,0.0,0.005356407407204239,-16.746665954589844,0
3DAW,2,27.674030303955078,23.57393455505371,78.24967956542969,0.0,0.005231512349310366,-16.307790756225586,0
3DAW,3,26.076995849609375,21.216190338134766,70.02982330322266,0.0,0.006497393919715495,-13.265884399414062,2
3DAW,4,26.2198429107666,24.09307861328125,78.00343322753906,0.0,0.005198726547596104,-14.472071647644043,0
3DAW,5,27.501028060913086,23.062877655029297,77.00565338134766,0.0,0.005416580343152225,-16.40433120727539,1
3DAW,6,26.495450973510742,23.854869842529297,78.37898254394531,0.0,0.005187496820339309,-13.737874984741211,0
3DAW,7,25.86016082763672,21.947811126708984,73.0141372680664,0.0,0.006006867318231006,-15.551599502563477,0
3DAW,8,26.103925704956055,21.105987548828125,71.27427673339844,0.0,0.006349494174399862,-14.127817153930664,1
3DAW,9,15.038825035095215,13.159027099609375,39.60407638549805,0.0,0.018954097096797535,-15.094611167907715,0
3DAW,10,27.661823272705078,22.792980194091797,77.88882446289062,0.0,0.005360472797128987,-18.179365158081055,2
3DAW,11,21.489437103271484,19.134855270385742,67.55586242675781,0.0,0.007230673002635971,-15.37014389038086,6
3DAW,12,27.638153076171875,24.661516189575195,80.62908935546875,0.0,0.004892432865807196,-15.630724906921387,0
3DAW,13,20.467586517333984,20.19554901123047,57.49993896484375,0.0,0.008957201607418364,-13.856156349182129,0
3DAW,14,17.39634132385254,17.02549171447754,45.081783294677734,0.0,0.014010555670321055,-16.838607788085938,0
2X9A,0,6.480017185211182,6.683989524841309,14.965457916259766,0.0,0.09728628435910634,-16.885356903076172,0
2X9A,1,13.949254989624023,14.391471862792969,50.3454475402832,0.0,0.012820523396023875,-15.857714653015137,0
2X9A,2,10.513469696044922,10.939085006713867,27.18130111694336,0.0,0.03584506992722912,-15.221358299255371,0
2X9A,3,13.532228469848633,12.502110481262207,41.43851089477539,0.0,0.018189172561624757,-14.68570613861084,4
2X9A,4,13.84217357635498,10.956770896911621,33.62771987915039,0.0,0.02615059178118391,-15.695978164672852,1
2X9A,5,14.975810050964355,15.449231147766113,51.78957748413086,0.0,0.011856506817569156,-15.503504753112793,0
2X9A,6,11.300092697143555,8.214156150817871,21.456483840942383,0.0,0.05597276977487153,-17.695877075195312,1
2X9A,7,11.321663856506348,10.402092933654785,40.306785583496094,0.0,0.020982841651582217,-13.349443435668945,2
2X9A,8,11.017057418823242,8.814983367919922,26.4111385345459,0.0,0.040665655609881605,-18.237016677856445,0
2X9A,9,15.6290283203125,14.787029266357422,45.243831634521484,0.0,0.014759165769996084,-15.583168983459473,0
2X9A,10,10.203206062316895,7.953775405883789,19.68119239807129,0.0,0.06384890350396623,-17.0228271484375,0
2X9A,11,15.067038536071777,16.465404510498047,50.104469299316406,0.0,0.012068477748687018,-15.971258163452148,0
2X9A,12,10.15506649017334,10.701388359069824,35.4930419921875,0.0,0.024503397118000623,-17.828794479370117,0
2X9A,13,13.061556816101074,12.75101375579834,46.674476623535156,0.0,0.015250016846631015,-15.050479888916016,1
2X9A,14,13.722979545593262,14.331704139709473,32.10295486450195,0.0,0.02544925260584224,-14.239201545715332,0
1XU1,0,8.028460502624512,12.430257797241211,31.110427856445312,0.0,0.027938974524487643,-16.077007293701172,4
1XU1,1,8.82359790802002,11.083931922912598,34.06298065185547,0.0,0.025534682697924787,-16.890613555908203,1
1XU1,2,8.22921371459961,12.99759578704834,29.04619598388672,0.0,0.030674975983529057,-11.084672927856445,23
1XU1,3,8.245939254760742,11.730057716369629,31.723390579223633,0.0,0.02769094933356193,-16.462175369262695,3
1XU1,4,9.787158966064453,12.867746353149414,37.6395149230957,0.0,0.020643186974820545,-15.569272994995117,5
1XU1,5,10.207408905029297,15.802597999572754,36.14548110961914,0.0,0.020444085972962676,-10.606284141540527,28
1XU1,6,3.664726495742798,6.435817241668701,12.631946563720703,0.833333,0.39884186253926585,-15.553313255310059,3
1XU1,7,3.1597542762756348,4.239479064941406,11.676054000854492,0.666667,0.37477164414483116,-16.699617385864258,5
1XU1,8,9.157096862792969,12.383878707885742,34.458518981933594,0.0,0.02393895404173098,-16.22597885131836,8
1XU1,9,6.72152853012085,11.477052688598633,25.225875854492188,0.666667,0.2618079407985558,-16.262418746948242,9
1XU1,10,6.178709506988525,8.135688781738281,22.94883155822754,0.0,0.05117128264586723,-14.91616439819336,8
1XU1,11,7.414623260498047,9.500073432922363,28.97447967529297,0.0,0.034521797247796415,-14.72232723236084,2
1XU1,12,6.415346622467041,10.13985538482666,25.177204132080078,0.0,0.041243854184520784,-15.518000602722168,3
1XU1,13,7.194405555725098,8.763596534729004,28.021678924560547,0.0,0.03757427414501655,-13.962640762329102,4
1XU1,14,8.042291641235352,10.9670991897583,28.584674835205078,0.0,0.033201287314761845,-11.145275115966797,26
4LW4,0,26.1090087890625,26.364606857299805,76.53845977783203,0.0,0.005136517837087321,-16.489717483520508,6
4LW4,1,10.896380424499512,13.0767822265625,31.823179244995117,0.0,0.0265262905259107,-20.26066780090332,2
4LW4,2,8.248810768127441,9.062335968017578,27.578475952148438,0.0,0.03780652284416968,-15.773625373840332,3
4LW4,3,25.99854850769043,23.035015106201172,76.28022003173828,0.0,0.005495705309549659,-17.084060668945312,3
4LW4,4,7.494966983795166,8.344233512878418,25.63181495666504,0.0,0.043459856458364345,-16.56003189086914,3
4LW4,5,26.346471786499023,24.207918167114258,77.25243377685547,0.0,0.005262100015979875,-17.689075469970703,6
4LW4,6,23.675016403198242,25.12773323059082,73.26220703125,0.0,0.005611021236759575,-17.618762969970703,3
4LW4,7,10.900829315185547,13.317418098449707,31.89243507385254,0.0,0.0262832907889467,-17.62940216064453,6
4LW4,8,25.902647018432617,26.508955001831055,76.5687255859375,0.0,0.005121703396686689,-19.001461029052734,3
4LW4,9,25.388431549072266,26.08039093017578,76.19378662109375,0.0,0.005196380538964066,-19.02958869934082,5
4LW4,10,25.623638153076172,24.44304847717285,76.0754165649414,0.0,0.005360579921718393,-16.571786880493164,15
4LW4,11,11.11167049407959,13.034314155578613,32.7016487121582,0.0,0.02545207270766421,-20.694398880004883,2
4LW4,12,25.77295684814453,24.514013290405273,77.22339630126953,0.0,0.005233541381765897,-16.789621353149414,13
4LW4,13,6.172876358032227,7.990039825439453,18.884828567504883,0.0,0.06750116492766474,-15.427117347717285,19
4LW4,14,7.472057342529297,8.534667015075684,23.317045211791992,0.0,0.049088414177175056,-15.435420989990234,7
3EO1,0,31.9384765625,25.732351303100586,87.15390014648438,0.0,0.004269568120141682,-14.15366268157959,13
3EO1,1,14.469892501831055,9.555659294128418,45.1168327331543,0.0,0.01944212400138863,-16.513975143432617,27
3EO1,2,34.167236328125,17.307214736938477,73.81018829345703,0.263158,0.09456727721897355,-13.774038314819336,106
3EO1,3,16.848834991455078,15.654792785644531,39.77378845214844,0.0,0.01759134057246046,-19.99036979675293,0
3EO1,4,16.670686721801758,16.95449447631836,40.551429748535156,0.0,0.01661795301975533,-14.973594665527344,1
3EO1,5,20.111787796020508,14.797245025634766,47.52298355102539,0.0,0.01372362835848318,-15.107906341552734,0
3EO1,6,18.817996978759766,21.1099853515625,42.9075813293457,0.0,0.014261808139270386,-17.431238174438477,1
3EO1,7,38.328922271728516,38.899497985839844,99.09373474121094,0.0,0.0029295840312555978,-16.824560165405273,7
3EO1,8,21.094358444213867,16.11759376525879,47.93214797973633,0.0,0.013025157782032087,-15.232343673706055,0
3EO1,9,18.230899810791016,13.724076271057129,45.47758102416992,0.0,0.015186410287869406,-15.825814247131348,0
3EO1,10,21.580625534057617,20.303224563598633,47.66523742675781,0.0,0.01208300992724524,-15.632850646972656,23
3EO1,11,21.38829231262207,16.088430404663086,48.59908676147461,0.0,0.012766655789700876,-14.718194961547852,0
3EO1,12,21.510499954223633,16.16162109375,48.476200103759766,0.0,0.012789646362577137,-14.508892059326172,0
3EO1,13,20.04746437072754,15.128620147705078,47.06884002685547,0.0,0.013772189685117864,-14.893414497375488,7
3EO1,14,27.335433959960938,27.677581787109375,73.7576675415039,0.0,0.005345086459004882,-13.839284896850586,10
1AK4,0,15.67530345916748,13.153902053833008,30.483545303344727,0.0,0.028326332415683553,-13.072795867919922,41
1AK4,1,12.517496109008789,9.188849449157715,26.079368591308594,0.0,0.04066140721708326,-12.5164155960083,19
1AK4,2,15.53054141998291,8.368882179260254,32.13237380981445,0.076923,0.0578161510126124,-13.994296073913574,11
1AK4,3,15.990812301635742,7.3223419189453125,36.33967971801758,0.0,0.030715845671470562,-16.556787490844727,0
1AK4,4,15.12948226928711,7.260781288146973,33.17013168334961,0.076923,0.059825090188760165,-14.499533653259277,7
1AK4,5,15.907666206359863,8.213517189025879,35.025421142578125,0.153846,0.08058004287893615,-12.559852600097656,8
1AK4,6,15.160099983215332,6.845972061157227,33.9239501953125,0.384615,0.1631652139268406,-16.35794448852539,5
1AK4,7,15.036649703979492,6.680078506469727,36.34368896484375,0.0,0.03328794317125747,-14.541802406311035,6
1AK4,8,12.50990104675293,8.033120155334473,34.291473388671875,0.0,0.030525880042110348,-13.128080368041992,5
1AK4,9,13.781112670898438,7.98586368560791,35.38977813720703,0.0,0.02953990599864982,-13.081952095031738,5
1AK4,10,15.67902660369873,6.642777919769287,37.443180084228516,0.153846,0.08379006581902454,-15.787524223327637,12
1AK4,11,11.063521385192871,6.805354118347168,34.090824127197266,0.0,0.03495351726453753,-14.524930953979492,4
1AK4,12,12.630731582641602,6.595945358276367,33.29774856567383,0.0,0.03678361009476452,-13.408663749694824,8
1AK4,13,16.552326202392578,8.283636093139648,34.18950653076172,0.230769,0.10690966000461576,-13.215524673461914,14
1AK4,14,17.42987060546875,10.4442720413208,32.85380172729492,0.0,0.02764908609183968,-15.197996139526367,1
1E6E,0,6.661189079284668,5.632080078125,17.701217651367188,0.3,0.1845376062578965,-14.661174774169922,7
1E6E,1,6.52895975112915,5.646366119384766,17.521936416625977,0.2,0.15214000538549602,-13.332846641540527,7
1E6E,2,5.818341255187988,5.0468597412109375,15.757101058959961,0.0,0.10219001429332358,-15.537450790405273,1
1E6E,3,5.502387523651123,4.4513397216796875,15.022199630737305,0.2,0.18149724565274003,-14.395747184753418,2
1E6E,4,7.313124179840088,6.4993462562561035,19.241790771484375,0.0,0.07128319287717329,-14.65385913848877,7
1E6E,5,6.236213207244873,5.8808207511901855,16.003293991088867,0.1,0.12704024686963866,-14.936921119689941,5
1E6E,6,6.900080680847168,5.517369747161865,18.978694915771484,0.3,0.1786334581317576,-12.438310623168945,6
1E6E,7,6.136490821838379,6.818902492523193,14.813982963562012,0.1,0.1312795943828389,-13.816219329833984,8
1E6E,8,7.081045627593994,5.660270690917969,20.27284049987793,0.3,0.1717105278151618,-12.074117660522461,7
1E6E,9,5.751798629760742,4.27832555770874,15.993638038635254,0.4,0.2432368560276497,-13.36706829071045,6
1E6E,10,7.2058424949646,6.590456485748291,18.884096145629883,0.0,0.07257383624511901,-13.862218856811523,7
1E6E,11,4.523691177368164,4.196755409240723,11.73999309539795,0.1,0.1857327098454863,-15.171353340148926,0
1E6E,12,13.219170570373535,12.65380573272705,38.65298080444336,0.0,0.019995024365607104,-11.842557907104492,25
1E6E,13,6.167537212371826,4.834311008453369,17.097061157226562,0.3,0.19533482283566353,-12.173162460327148,9
1E6E,14,5.853144645690918,4.568063259124756,16.281312942504883,0.2,0.17050378191709029,-13.254436492919922,1
2G77,0,4.589173316955566,4.400959491729736,10.32595443725586,0.0,0.16933012813391743,-24.03394889831543,0
2G77,1,17.165189743041992,14.86337947845459,51.40333938598633,0.0,0.012232598395558745,-12.909502983093262,0
2G77,2,7.512796878814697,6.458451747894287,14.38840389251709,0.125,0.14496184273252713,-17.248817443847656,4
2G77,3,22.613388061523438,17.46940040588379,60.985164642333984,0.0,0.008791607698070464,-16.00102424621582,3
2G77,4,4.097055435180664,4.325619220733643,8.607758522033691,0.0,0.20034791358906975,-21.314929962158203,0
2G77,5,18.33336067199707,14.83894157409668,51.932334899902344,0.0,0.012068433493034323,-14.326518058776855,1
2G77,6,15.991476058959961,13.8058443069458,49.987186431884766,0.0,0.013256421572477264,-13.080587387084961,1
2G77,7,19.469501495361328,15.967955589294434,56.6338996887207,0.0,0.010258994788329456,-17.06511116027832,6
2G77,8,18.115863800048828,14.892251968383789,52.21115493774414,0.0,0.011954333473470946,-14.193394660949707,1
2G77,9,19.92598533630371,15.820717811584473,51.99380111694336,0.0,0.011646552320549118,-13.01874828338623,0
2G77,10,22.201868057250977,17.556337356567383,57.202484130859375,0.0,0.009616801524853199,-11.306180953979492,0
2G77,11,16.265417098999023,13.78953742980957,50.078922271728516,0.0,0.013232189927767347,-13.475749015808105,2
2G77,12,16.57109832763672,14.04261302947998,50.49219512939453,0.0,0.01294654581393693,-13.480957984924316,0
2G77,13,6.4661455154418945,5.726245880126953,13.915095329284668,0.0,0.11198392733422978,-19.9213924407959,2
2G77,14,8.876470565795898,7.563138961791992,17.397655487060547,0.0,0.07684990004801587,-17.215898513793945,0
3SZK,0,19.471542358398438,13.867199897766113,54.30232620239258,0.0,0.011827058719724089,-16.22794532775879,0
3SZK,1,21.414995193481445,15.68592643737793,64.03306579589844,0.0,0.008792502610594331,-17.069007873535156,0
3SZK,2,16.299531936645508,14.88996696472168,55.44968032836914,0.0,0.011001788340030945,-18.417573928833008,0
3SZK,3,18.931629180908203,11.885444641113281,48.52315139770508,0.0,0.015150103676019154,-17.741609573364258,1
3SZK,4,21.174226760864258,17.36994743347168,68.63518524169922,0.0,0.00750254213746554,-18.600887298583984,1
3SZK,5,20.910890579223633,18.202392578125,69.04190063476562,0.0,0.007225244400764234,-18.629199981689453,0
3SZK,6,21.313045501708984,16.8560848236084,69.68364715576172,0.0,0.007505899823401492,-18.400554656982422,0
3SZK,7,23.877307891845703,16.235803604125977,67.41607666015625,0.0,0.008037155214296678,-16.14964485168457,7
3SZK,8,22.06028175354004,16.97307586669922,69.26728820800781,0.0,0.007528252696619848,-20.422109603881836,0
3SZK,9,16.042600631713867,13.108015060424805,53.938026428222656,0.0,0.012386035168595747,-20.299039840698242,0
3SZK,10,14.471161842346191,11.771737098693848,49.5509147644043,0.0,0.014854161450179879,-19.709571838378906,0
3SZK,11,20.25832176208496,14.661641120910645,56.695587158203125,0.0,0.010780467107047864,-16.524843215942383,0
3SZK,12,21.092267990112305,16.9699649810791,68.63638305664062,0.0,0.007619140273905479,-18.288909912109375,0
3SZK,13,17.9810733795166,13.052672386169434,46.059547424316406,0.0,0.015322995000545027,-20.338096618652344,3
3SZK,14,20.5042724609375,16.86220359802246,67.71733093261719,0.0,0.007787476404093745,-16.106876373291016,0
4IZ7,0,16.708248138427734,20.694862365722656,56.97122573852539,0.0,0.009000502678346494,-18.0179443359375,0
4IZ7,1,13.47771167755127,17.95610237121582,44.41284942626953,0.0,0.014088150519924382,-14.088650703430176,0
4IZ7,2,14.081026077270508,19.32849884033203,45.724613189697266,0.0,0.013129802743086443,-18.37891960144043,1
4IZ7,3,8.74257755279541,13.498191833496094,21.094615936279297,0.0,0.050627997994528766,-14.224878311157227,0
4IZ7,4,15.444454193115234,24.210426330566406,45.352317810058594,0.0,0.01258625501225312,-18.5562801361084,0
4IZ7,5,13.486681938171387,18.657163619995117,45.78580856323242,0.0,0.013246303995469182,-18.785287857055664,0
4IZ7,6,11.275494575500488,15.56338882446289,31.30069923400879,0.0,0.025961128280998596,-14.20079517364502,0
4IZ7,7,14.127334594726562,19.51873779296875,46.39756774902344,0.0,0.01278108999414683,-14.847481727600098,0
4IZ7,8,12.266587257385254,17.226482391357422,35.053985595703125,0.0,0.021019294497177824,-16.669029235839844,0
4IZ7,9,14.854629516601562,16.31900978088379,46.82609176635742,0.0,0.013425804586993653,-15.94189167022705,0
4IZ7,10,13.332140922546387,18.638071060180664,37.368412017822266,0.0,0.01854343851205967,-16.728496551513672,0
4IZ7,11,9.310009002685547,12.782418251037598,26.08860206604004,0.0,0.03651679265816924,-14.143165588378906,0
4IZ7,12,11.721824645996094,16.52138900756836,32.49546432495117,0.0,0.02407181788125318,-17.246471405029297,0
4IZ7,13,9.928597450256348,14.043731689453125,28.189294815063477,0.0,0.03154126300789628,-12.942349433898926,0
4IZ7,14,9.45888900756836,15.221992492675781,24.357603073120117,0.0,0.03939168999545071,-13.735099792480469,0
1US7,0,26.48231315612793,18.045928955078125,50.34797668457031,0.0,0.01152459514106595,-15.120002746582031,20
1US7,1,28.64783477783203,25.208906173706055,69.70005798339844,0.0,0.006060742369620666,-14.100470542907715,3
1US7,2,23.18926429748535,20.362775802612305,43.78776550292969,0.0,0.013903522982727427,-14.764093399047852,8
1US7,3,25.717937469482422,22.611499786376953,49.35700988769531,0.0,0.011061689539970854,-13.533785820007324,8
1US7,4,23.023069381713867,19.70498275756836,43.32740783691406,0.0,0.014273940367857459,-14.501106262207031,7
1US7,5,27.915225982666016,30.472753524780273,63.69279861450195,0.0,0.0066384209224731455,0.0,0
1US7,6,24.93648338317871,19.188724517822266,55.12687301635742,0.0,0.009765320855693968,-16.785335540771484,0
1US7,7,25.144838333129883,25.60487937927246,52.316993713378906,0.0,0.009712722855735054,-14.212873458862305,3
1US7,8,22.46660041809082,21.125614166259766,48.5999755859375,0.0,0.011565791285937948,-15.709342002868652,0
1US7,9,29.062702178955078,22.01806640625,59.77450180053711,0.0,0.008146685554712258,-14.949625968933105,12
1US7,10,17.062255859375,19.545570373535156,55.53255081176758,0.0,0.009582396684722366,-13.790191650390625,0
1US7,11,22.259885787963867,20.703662872314453,47.09583282470703,0.0,0.012256087999690093,-15.669892311096191,6
1US7,12,25.76354217529297,26.695796966552734,72.82024383544922,0.0,0.005529663470957113,-18.09121322631836,0
1US7,13,24.819135665893555,28.372560501098633,55.001747131347656,0.0,0.008704310245737958,-11.885988235473633,0
1US7,14,28.482086181640625,25.438831329345703,53.5600700378418,0.0,0.009343956937695116,-14.55581283569336,23
4DN4,0,7.257165431976318,9.276910781860352,21.28157615661621,0.0,0.05435214033713994,-20.867216110229492,2
4DN4,1,6.266654968261719,7.095257759094238,18.5416202545166,0.0,0.07214736711510357,-19.031763076782227,3
4DN4,2,6.753903388977051,9.168911933898926,20.007709503173828,0.0,0.059652421005439514,-18.699310302734375,0
4DN4,3,7.4482879638671875,8.057977676391602,22.500431060791016,0.0,0.05279312813623257,-18.959346771240234,3
4DN4,4,6.547621726989746,7.745894432067871,19.05021858215332,0.0,0.0673919325275767,-19.32175636291504,1
4DN4,5,8.934900283813477,12.222928047180176,28.06624412536621,0.0,0.032950645736309125,-19.7967472076416,2
4DN4,6,5.5527849197387695,7.719396114349365,18.565980911254883,0.0,0.06988957930548383,-21.423776626586914,1
4DN4,7,4.955600738525391,6.92828893661499,15.81655502319336,0.0,0.08962207820767171,-19.784645080566406,0
4DN4,8,5.939711570739746,8.277382850646973,20.03750991821289,0.0,0.061433788232622105,-20.325355529785156,2
4DN4,9,6.626804828643799,7.480655670166016,20.156688690185547,0.0,0.0632108051901855,-17.46381378173828,1
4DN4,10,6.907486438751221,7.561699390411377,21.380023956298828,0.0,0.05811562049478928,-16.950529098510742,1
4DN4,11,7.8179402351379395,8.386372566223145,23.452938079833984,0.0,0.04903437050122166,-19.021955490112305,13
4DN4,12,5.940959453582764,8.291436195373535,19.523746490478516,0.0,0.0636777541568939,-22.294448852539062,2
4DN4,13,5.927856922149658,8.495162010192871,19.37833023071289,0.0,0.06386332847935992,-20.888202667236328,3
4DN4,14,6.947372913360596,7.914076805114746,20.348608016967773,0.0,0.06108133719251301,-20.161745071411133,3
1VFB,0,12.498322486877441,9.522932052612305,24.677959442138672,0.0,0.043421643992435394,-13.82764720916748,59
1VFB,1,15.045108795166016,11.173873901367188,26.06682014465332,0.0,0.03793786184224124,-16.748353958129883,24
1VFB,2,15.598428726196289,10.20461654663086,29.731674194335938,0.0,0.032235829934536935,-17.150850296020508,8
1VFB,3,18.511323928833008,10.692826271057129,33.688297271728516,0.0,0.026383539547396473,-14.505928993225098,64
1VFB,4,14.726415634155273,13.2383451461792,25.47840690612793,0.0,0.037609458675284806,-21.098461151123047,1
1VFB,5,12.838068962097168,10.814226150512695,23.404155731201172,0.2,0.11180254936067273,-15.549966812133789,20
1VFB,6,9.92806625366211,8.61556625366211,18.245929718017578,0.1,0.10258103527477759,-17.322378158569336,25
1VFB,7,10.287139892578125,9.368669509887695,19.83892250061035,0.0,0.06003081713461523,-16.281362533569336,37
1VFB,8,17.571392059326172,10.891305923461914,31.76155662536621,0.0,0.028482782058951616,-15.345032691955566,49
1VFB,9,14.16900634765625,10.816703796386719,25.294071197509766,0.0,0.04011225556833719,-15.871838569641113,31
1VFB,10,14.37413501739502,11.336967468261719,24.50349998474121,0.0,0.04153747794819315,-18.606168746948242,11
1VFB,11,16.9000186920166,10.03454303741455,31.080184936523438,0.0,0.030482229187967492,-14.119014739990234,35
1VFB,12,11.454251289367676,11.311848640441895,23.196083068847656,0.2,0.11188761729744266,-14.427639961242676,39
1VFB,13,13.721036911010742,11.592245101928711,25.014644622802734,0.0,0.03999348237537446,-14.588188171386719,39
1VFB,14,12.600805282592773,9.967816352844238,24.668087005615234,0.0,0.042758247660234984,-13.100749015808105,52
2H7V,0,36.53495407104492,39.100135803222656,92.55255126953125,0.0,0.0032778489894611414,-14.341930389404297,1
2H7V,1,36.84767150878906,39.31731414794922,101.44019317626953,0.0,0.0028085804714357873,-14.66805648803711,0
2H7V,2,26.27730941772461,29.734996795654297,69.43292236328125,0.0,0.00576791564914329,-15.508216857910156,0
2H7V,3,37.49232482910156,39.958621978759766,106.15089416503906,0.0,0.002592761927942029,-14.503737449645996,3
2H7V,4,34.27254867553711,39.084693908691406,106.8039779663086,0.0,0.002588211884137238,-16.48735809326172,0
2H7V,5,10.798505783081055,12.461437225341797,21.310392379760742,0.0,0.05051327982329915,-17.14462661743164,0
2H7V,6,18.865516662597656,13.711731910705566,33.51529312133789,0.0,0.024086510188257537,-13.846358299255371,0
2H7V,7,30.550020217895508,38.945255279541016,96.06290435791016,0.0,0.0030832648460151386,-19.264314651489258,3
2H7V,8,27.249256134033203,34.29703140258789,74.93262481689453,0.0,0.004871076695466766,-16.850364685058594,4
2H7V,9,27.877439498901367,31.731164932250977,71.5474624633789,0.0,0.005382405587291225,-16.383317947387695,2
2H7V,10,30.784194946289062,39.50355529785156,97.65911102294922,0.0,0.0029861006373246746,-18.755779266357422,2
2H7V,11,30.76560401916504,35.598270416259766,88.93555450439453,0.0,0.0036080773517627126,-11.594825744628906,0
2H7V,12,15.177064895629883,14.109912872314453,45.17189025878906,0.0,0.015124096114954959,-14.500348091125488,1
2H7V,13,35.8003044128418,46.53065872192383,103.73458099365234,0.0,0.0025691664351863803,-12.857322692871094,5
2H7V,14,35.76191711425781,39.099632263183594,91.34938049316406,0.0,0.003351152552301551,-12.377859115600586,0
4CPA,0,6.968571662902832,9.000591278076172,25.119129180908203,0.0,0.04325505034810293,-21.23396110534668,1
4CPA,1,7.635217189788818,10.293058395385742,25.88829803466797,0.222222,0.11344327350112408,-14.741677284240723,27
4CPA,2,6.673000335693359,8.489776611328125,22.930830001831055,0.0,0.05035885928957572,-11.871386528015137,2
4CPA,3,5.11129903793335,7.191718578338623,18.13676643371582,0.0,0.07392580028755424,-18.363624572753906,0
4CPA,4,9.516451835632324,12.214506149291992,33.19161605834961,0.0,0.02546739712628057,-15.469176292419434,2
4CPA,5,4.312887668609619,6.819652080535889,13.673730850219727,0.222222,0.1823627979744673,-15.486173629760742,0
4CPA,6,6.1312336921691895,7.727597236633301,22.576160430908203,0.0,0.053488519286378454,-17.85350799560547,0
4CPA,7,9.630660057067871,11.588462829589844,31.59222412109375,0.0,0.027993884241468415,-8.184758186340332,32
4CPA,8,9.143882751464844,12.714996337890625,32.430240631103516,0.0,0.026002386408827294,-14.321178436279297,1
4CPA,9,3.8642349243164062,5.49095344543457,13.12040901184082,0.222222,0.19576434738942497,-15.571025848388672,7
4CPA,10,7.325186729431152,9.559090614318848,26.474987030029297,0.0,0.03915919836999667,-17.65194320678711,3
4CPA,11,9.086599349975586,11.454353332519531,32.20022964477539,0.0,0.027334198471435825,-16.154558181762695,6
4CPA,12,6.874164581298828,9.157729148864746,24.747968673706055,0.0,0.04388232619360727,-20.111495971679688,3
4CPA,13,6.963993549346924,9.58025074005127,24.89542007446289,0.0,0.04277697417585915,-19.96383285522461,0
4CPA,14,8.563338279724121,11.68645191192627,30.599428176879883,0.0,0.029281131259737626,-16.92127799987793,0
1RLB,0,13.567408561706543,12.982312202453613,35.51603698730469,0.0,0.022449708449912637,-17.24522590637207,10
1RLB,1,29.136600494384766,18.29096794128418,75.72980499267578,0.0,0.006373890545143333,-18.105613708496094,11
1RLB,2,28.879175186157227,20.100351333618164,77.56138610839844,0.0,0.00580190159959084,-16.574356079101562,4
1RLB,3,30.2141170501709,18.647729873657227,77.7623291015625,0.0,0.006078612130805857,-17.838563919067383,4
1RLB,4,14.977606773376465,15.335188865661621,51.259735107421875,0.0,0.012079364536950474,-16.049001693725586,8
1RLB,5,8.024540901184082,7.001317501068115,21.89427947998047,0.0,0.05828899635349153,-18.38053321838379,4
1RLB,6,9.002934455871582,7.067028999328613,22.672029495239258,0.0,0.05544861765632766,-17.410869598388672,0
1RLB,7,12.184574127197266,10.08236026763916,27.0196475982666,0.0,0.03723564262633305,-15.657487869262695,9
1RLB,8,8.402061462402344,6.537217617034912,22.773681640625,0.0,0.0574298320495733,-17.24158477783203,3
1RLB,9,23.40986442565918,19.24643898010254,68.07217407226562,0.0,0.00712997843989126,-15.017925262451172,5
1RLB,10,10.277999877929688,7.773136615753174,25.485719680786133,0.5,0.2120007581491555,-16.911212921142578,6
1RLB,11,7.768560409545898,6.066140174865723,21.78908920288086,0.0,0.06323397383064139,-16.692764282226562,3
1RLB,12,15.360467910766602,12.971332550048828,37.00694274902344,0.0,0.02110276263689312,-14.483142852783203,4
1RLB,13,11.823491096496582,11.325041770935059,27.46475601196289,0.0,0.034883561665327883,-17.062402725219727,4
1RLB,14,11.558320999145508,11.221100807189941,27.679443359375,0.0,0.034577213802292804,-16.650341033935547,2
3SE8,0,20.076608657836914,17.133060455322266,43.839454650878906,0.0,0.014612572872931768,-19.661590576171875,1
3SE8,1,18.379173278808594,22.528406143188477,34.147239685058594,0.0,0.020920183728621155,-15.595453262329102,3
3SE8,2,27.152021408081055,18.11626434326172,60.025089263916016,0.0,0.008822460945537137,-15.627299308776855,1
3SE8,3,28.802080154418945,26.169918060302734,67.12905883789062,0.0,0.006351543868857649,-16.702524185180664,20
3SE8,4,26.766040802001953,19.303451538085938,56.14306640625,0.0,0.009470011899942595,-14.803391456604004,20
3SE8,5,29.621707916259766,21.578813552856445,65.12055206298828,0.0,0.007186899192077399,-14.188761711120605,20
3SE8,6,18.46445083618164,21.87618064880371,36.10585021972656,0.0,0.01906376230562379,-15.791679382324219,7
3SE8,7,26.83643341064453,23.020357131958008,54.749752044677734,0.0,0.009254562004701532,-13.135993003845215,26
3SE8,8,29.778783798217773,25.3396053314209,65.21270751953125,0.0,0.006732440358324209,-16.474157333374023,32
3SE8,9,21.251184463500977,20.362409591674805,41.69627380371094,0.0,0.015098704514778355,-16.206327438354492,4
3SE8,10,29.603891372680664,21.910306930541992,60.97800064086914,0.0,0.007908503224066403,-17.655517578125,33
3SE8,11,21.8017635345459,18.809755325317383,59.24645233154297,0.0,0.008829100986023505,-13.098360061645508,22
3SE8,12,27.443662643432617,24.599607467651367,59.746307373046875,0.0,0.007847690905131611,-14.22248649597168,33
3SE8,13,29.428876876831055,21.0090389251709,61.693878173828125,0.0,0.00790022908658065,-18.427875518798828,22
3SE8,14,27.681629180908203,24.813016891479492,59.85647964477539,0.0,0.007802778778492107,-14.743366241455078,28
3EOA,0,13.673932075500488,13.617218017578125,26.225053787231445,0.0,0.03568464573056139,-17.262380599975586,1
3EOA,1,19.922073364257812,15.481382369995117,48.27972412109375,0.0,0.013121593869028302,-15.066427230834961,1
3EOA,2,14.149162292480469,14.005430221557617,28.826215744018555,0.0,0.030444633621719328,-18.84901237487793,0
3EOA,3,10.277643203735352,11.440655708312988,21.3757381439209,0.0,0.05114456394272409,-14.91732406616211,2
3EOA,4,11.977350234985352,12.7272367477417,25.003957748413086,0.0,0.039097350658012536,-17.49984359741211,3
3EOA,5,7.994511127471924,7.269798755645752,20.4088077545166,0.0,0.06288502476208795,-15.293618202209473,1
3EOA,6,23.477094650268555,21.24688720703125,68.56145477294922,0.0,0.006698971539953773,-17.284751892089844,0
3EOA,7,7.937557220458984,8.972570419311523,17.977750778198242,0.0,0.06996383190279308,-16.238306045532227,0
3EOA,8,10.517496109008789,11.808916091918945,21.90028953552246,0.0,0.048932146029768524,-17.328102111816406,1
3EOA,9,18.46580696105957,18.414817810058594,53.01658630371094,0.0,0.010550665324034246,-15.418424606323242,0
3EOA,10,13.093015670776367,14.32156753540039,27.528535842895508,0.0,0.032630552642794734,-14.04374885559082,1
3EOA,11,19.99106788635254,14.101089477539062,49.41413497924805,0.0,0.01330932126293908,-16.122121810913086,2
3EOA,12,20.282827377319336,16.319719314575195,50.95509338378906,0.0,0.011816895552494072,-16.88427734375,0
3EOA,13,18.862260818481445,13.192449569702148,49.24258804321289,0.0,0.013898924766351172,-16.767499923706055,0
3EOA,14,20.35710906982422,16.11753273010254,51.06663513183594,0.0,0.011848470465460661,-16.477027893066406,1
1WDW,0,33.84318542480469,34.18259048461914,100.5178451538086,0.0,0.003007302118958234,-15.21476936340332,9
1WDW,1,34.515445709228516,35.30537414550781,99.82154846191406,0.0,0.0030001682974471907,-16.941085815429688,7
1WDW,2,33.234596252441406,34.49739074707031,98.73602294921875,0.0,0.003081240959214972,-15.021085739135742,12
1WDW,3,2.5746748447418213,3.373264789581299,5.782572269439697,0.4375,0.42873506031091857,-16.208955764770508,10
1WDW,4,7.829145908355713,8.33846664428711,17.052228927612305,0.1875,0.139288649431616,-16.261028289794922,4
1WDW,5,8.967252731323242,9.384965896606445,19.54880714416504,0.1875,0.12380272125163487,-16.571470260620117,3
1WDW,6,34.93403244018555,34.22748565673828,101.05059814453125,0.0,0.002980911740471478,-17.97502899169922,1
1WDW,7,13.325708389282227,12.45073127746582,38.31889343261719,0.0625,0.041234744112343506,-15.497570037841797,6
1WDW,8,13.723514556884766,16.501707077026367,28.41999626159668,0.0,0.030100777684366767,-15.441880226135254,6
1WDW,9,32.72968292236328,34.77342987060547,98.40647888183594,0.0,0.0030876420279982025,-15.741395950317383,5
1WDW,10,11.505855560302734,12.525596618652344,24.2327880859375,0.0,0.04123159557636346,-18.004470825195312,7
1WDW,11,1.9678711891174316,2.7259411811828613,4.5105743408203125,0.6875,0.5667324089190436,-18.783302307128906,5
1WDW,12,16.819522857666016,16.52273178100586,42.711124420166016,0.125,0.057090352859543454,-14.510613441467285,2
1WDW,13,13.543578147888184,15.745428085327148,28.168033599853516,0.0,0.030817852137879447,-15.991646766662598,5
1WDW,14,36.232295989990234,34.87168502807617,101.60162353515625,0.0,0.0029324075947873406,-16.863893508911133,2
2I25,0,11.281891822814941,7.1395955085754395,34.43747329711914,0.0,0.033232693696273595,-15.94549560546875,0
2I25,1,7.335063457489014,5.56143045425415,27.182641983032227,0.0,0.052294815808445826,-19.130603790283203,1
2I25,2,18.13910675048828,14.432992935180664,29.443099975585938,0.0,0.029205769734413856,-19.052492141723633,0
2I25,3,6.160966396331787,5.260872840881348,21.97892951965332,0.0,0.06842929053580511,-19.702489852905273,0
2I25,4,17.1284236907959,14.663202285766602,33.93819808959961,0.0,0.02312719445913261,-14.891632080078125,1
2I25,5,16.90000343322754,13.268475532531738,32.14502716064453,0.0,0.025990310547830877,-17.656051635742188,0
2I25,6,15.303145408630371,12.912095069885254,30.658227920532227,0.0,0.02823220009363754,-17.140405654907227,1
2I25,7,8.680377960205078,5.35125207901001,26.970380783081055,0.0,0.05440021493649052,-19.604568481445312,2
2I25,8,15.047650337219238,13.533100128173828,32.36178207397461,0.0,0.025557329572800932,-18.553897857666016,0
2I25,9,15.678794860839844,13.030570983886719,33.335792541503906,0.0,0.024708120461538887,-20.71978759765625,0
2I25,10,8.6790132522583,5.449465274810791,27.521772384643555,0.0,0.05250325127398279,-17.602622985839844,0
2I25,11,16.56544303894043,12.531146049499512,27.911819458007812,0.0,0.03299811296952795,-16.646879196166992,6
2I25,12,15.601705551147461,12.638486862182617,31.292917251586914,0.0,0.02753402343609308,-17.755023956298828,0
2I25,13,7.671245098114014,6.21029806137085,26.524520874023438,0.0,0.049417551672969184,-15.48268985748291,0
2I25,14,16.970558166503906,13.88133430480957,31.393047332763672,0.0,0.026615260104676904,-16.255355834960938,0
1GCQ,0,13.741698265075684,12.585235595703125,28.76561164855957,0.0,0.0314367504884167,-19.143217086791992,0
1GCQ,1,11.41457462310791,13.251834869384766,25.372058868408203,0.0,0.03785311877476077,-18.289093017578125,0
1GCQ,2,13.021634101867676,12.00892162322998,27.60763931274414,0.0,0.03398266242405682,-17.659950256347656,0
1GCQ,3,11.224430084228516,12.665303230285645,25.293275833129883,0.0,0.03843576312952467,-21.13900375366211,0
1GCQ,4,10.464152336120605,11.932855606079102,20.236083984375,0.0,0.055176623412879766,-22.502960205078125,0
1GCQ,5,11.921722412109375,14.565529823303223,40.5331916809082,0.0,0.017539265736006223,-20.810834884643555,0
1GCQ,6,11.073538780212402,13.561341285705566,42.08446502685547,0.0,0.017093758684893563,-14.732213020324707,0
1GCQ,7,12.944345474243164,12.945074081420898,37.00931930541992,0.0,0.02111835137062118,-24.397382736206055,1
1GCQ,8,13.853792190551758,13.655380249023438,35.73632049560547,0.0,0.021822457384623416,-16.186769485473633,0
1GCQ,9,12.379216194152832,12.881410598754883,35.18510437011719,0.0,0.02284032248957785,-24.072038650512695,0
1GCQ,10,12.883844375610352,11.365384101867676,25.301189422607422,0.0,0.03951271444412411,-19.716487884521484,0
1GCQ,11,12.782099723815918,12.11302375793457,26.739368438720703,0.0,0.03562635231659038,-22.514652252197266,1
1GCQ,12,11.31402587890625,13.887541770935059,40.243160247802734,0.0,0.018079561660159504,-16.84447479248047,0
1GCQ,13,11.200970649719238,13.849538803100586,36.42945861816406,0.0,0.021075093952486943,-18.7799072265625,0
1GCQ,14,12.903151512145996,13.41383171081543,36.71540451049805,0.0,0.021073646260147932,-24.493684768676758,0
1ZLI,0,4.197324275970459,4.806662082672119,11.492277145385742,0.0,0.14745038701302196,-17.02230453491211,1
1ZLI,1,10.85816764831543,12.894636154174805,32.15020751953125,0.0,0.026227880504573003,-11.538043022155762,18
1ZLI,2,10.966440200805664,15.432350158691406,25.35196304321289,0.0,0.03680400526257248,-14.561644554138184,6
1ZLI,3,14.36951732635498,18.49396324157715,36.37761306762695,0.0,0.019435334701780105,-12.936565399169922,20
1ZLI,4,11.876026153564453,17.13429069519043,27.712282180786133,0.0,0.031198314260194523,-22.273305892944336,3
1ZLI,5,10.835140228271484,14.592458724975586,25.856924057006836,0.105263,0.07108152096040381,-16.628307342529297,4
1ZLI,6,6.3024396896362305,8.357409477233887,15.355609893798828,0.0,0.08858403420923512,-15.399073600769043,4
1ZLI,7,7.590721607208252,10.179472923278809,19.082256317138672,0.0,0.06227263382908572,-15.86263370513916,18
1ZLI,8,13.584829330444336,16.919944763183594,34.66477584838867,0.0,0.02150459072087281,-17.18622589111328,2
1ZLI,9,12.038965225219727,17.264223098754883,28.522294998168945,0.0,0.02968658388622783,-19.12105369567871,0
1ZLI,10,7.091586589813232,10.207356452941895,17.40199089050293,0.0,0.07125486136704913,-16.027427673339844,2
1ZLI,11,11.65859317779541,17.161359786987305,26.877553939819336,0.0,0.03283400831556247,-23.454145431518555,0
1ZLI,12,11.826803207397461,16.488618850708008,27.60148811340332,0.0,0.03160969090222044,-18.416475296020508,1
1ZLI,13,10.97721004486084,15.153240203857422,25.717451095581055,0.052632,0.05360586407234172,-15.085559844970703,0
1ZLI,14,11.350362777709961,15.863886833190918,27.18272590637207,0.0,0.03264410452905013,-14.00106430053711,3
3L89,0,24.514705657958984,25.830671310424805,67.13009643554688,0.0,0.006380146065483299,-16.79283332824707,4
3L89,1,23.617504119873047,26.66408920288086,69.10518646240234,0.0,0.006019476548158337,-15.154109001159668,4
3L89,2,18.255395889282227,19.5013370513916,44.04365158081055,0.0625,0.03476314324049587,-18.341459274291992,2
3L89,3,21.14579963684082,20.038110733032227,53.82969665527344,0.0,0.009966643112217947,-17.376209259033203,0
3L89,4,16.421337127685547,17.698673248291016,39.64499282836914,0.0,0.017026679788974833,-18.85495376586914,4
3L89,5,24.70873260498047,22.221866607666016,66.44305419921875,0.0,0.006879351693185515,-19.216999053955078,0
3L89,6,24.30165672302246,24.344676971435547,65.25186157226562,0.0,0.006822587444207905,-17.867050170898438,1
3L89,7,24.334117889404297,23.834985733032227,64.02442932128906,0.0,0.007088439381928899,-17.82244873046875,2
3L89,8,18.750667572021484,17.97813606262207,53.874000549316406,0.0,0.010400575737215798,-14.773036003112793,36
3L89,9,19.908655166625977,19.751312255859375,56.50450134277344,0.0,0.009287681476455688,-14.924842834472656,8
3L89,10,24.635982513427734,27.483217239379883,70.37860870361328,0.0,0.005782321118934448,-16.057449340820312,2
3L89,11,26.496511459350586,24.60707664489746,70.17566680908203,0.0,0.006053723090719678,-15.875356674194336,3
3L89,12,19.354446411132812,18.65572166442871,50.33955383300781,0.0,0.011381464773171741,-13.542159080505371,5
3L89,13,22.70746421813965,21.06353187561035,59.44512939453125,0.0,0.00836064000600561,-17.81742286682129,1
3L89,14,23.227245330810547,23.91466522216797,63.457305908203125,0.0,0.0071815559057352985,-13.7273588180542,38
1H9D,0,8.66617488861084,7.5067925453186035,19.80987548828125,0.0,0.0646258633386339,-22.52216911315918,2
1H9D,1,11.119589805603027,9.743148803710938,42.32468795776367,0.0,0.020640534699163438,-21.635032653808594,4
1H9D,2,16.410903930664062,15.995893478393555,54.72182083129883,0.0,0.010758745597776643,-16.022462844848633,1
1H9D,3,16.71658706665039,14.86572265625,32.69276809692383,0.060606,0.0446675922884327,-19.369976043701172,1
1H9D,4,13.8986177444458,11.843429565429688,23.60999870300293,0.0,0.04350935299838271,-20.109285354614258,3
1H9D,5,15.827811241149902,13.820741653442383,27.215450286865234,0.0,0.03350604437116043,-19.219228744506836,0
1H9D,6,17.309778213500977,15.132925033569336,27.813159942626953,0.0,0.031716459658457756,-20.204368591308594,0
1H9D,7,11.246988296508789,10.338899612426758,41.2963752746582,0.0,0.02041964880978937,-22.09635353088379,0
1H9D,8,17.409528732299805,15.314228057861328,31.291709899902344,0.0,0.026073063155131748,-17.416181564331055,0
1H9D,9,15.437721252441406,13.343452453613281,25.79282569885254,0.0,0.036814274296291936,-21.9088191986084,0
1H9D,10,18.9979305267334,16.485727310180664,48.185325622558594,0.0,0.012796488764008927,-17.378459930419922,0
1H9D,11,16.10042381286621,14.033171653747559,27.671228408813477,0.0,0.032506323118247284,-17.76203155517578,1
1H9D,12,16.1259822845459,13.991647720336914,27.415048599243164,0.0,0.033020772710166346,-18.393409729003906,2
1H9D,13,11.976941108703613,10.239115715026855,42.15281677246094,0.0,0.02002777237317642,-20.111042022705078,3
1H9D,14,14.250537872314453,12.351758003234863,44.338226318359375,0.0,0.01666085986783614,-18.034420013427734,0
1GHQ,0,20.42864990234375,18.857282638549805,50.5028076171875,0.0,0.011278223462796411,-13.968942642211914,0
1GHQ,1,19.73053550720215,19.885231018066406,59.21650695800781,0.0,0.008615334142744643,-14.018776893615723,0
1GHQ,2,18.86761474609375,16.65865707397461,59.0379753112793,0.0,0.009450153958214877,-14.011551856994629,1
1GHQ,3,21.259864807128906,21.24881362915039,56.58578109741211,0.0,0.009008333485739144,-15.298192024230957,3
1GHQ,4,21.294090270996094,17.473718643188477,53.853424072265625,0.0,0.010540589907921375,-17.076828002929688,0
1GHQ,5,19.440921783447266,15.894379615783691,57.693878173828125,0.0,0.010024143294710481,-16.382740020751953,0
1GHQ,6,21.05359649658203,19.789228439331055,53.24150466918945,0.0,0.010189075808677305,-13.507683753967285,4
1GHQ,7,22.380481719970703,22.982812881469727,60.32879638671875,0.0,0.007902160679905812,-14.993410110473633,0
1GHQ,8,22.46604347229004,19.619104385375977,57.62960433959961,0.0,0.00903425284816507,-16.131797790527344,1
1GHQ,9,19.722929000854492,17.74274253845215,55.82098388671875,0.0,0.009919341097842226,-16.124418258666992,2
1GHQ,10,21.887365341186523,23.059755325317383,63.79377365112305,0.0,0.007219056284358237,-14.352741241455078,0
1GHQ,11,17.428829193115234,15.151142120361328,50.08238220214844,0.0,0.012568283374906522,-15.493565559387207,0
1GHQ,12,19.0750675201416,17.034791946411133,54.86204147338867,0.0,0.010378632687617169,-15.088891983032227,13
1GHQ,13,18.813459396362305,21.02045249938965,54.582035064697266,0.0,0.0095811994667477,-15.20691204071045,0
1GHQ,14,18.881874084472656,16.347856521606445,56.767486572265625,0.0,0.010092409709165905,-15.800405502319336,0
5Y9J,0,16.152023315429688,15.22809886932373,29.37539291381836,0.0,0.028956210079003102,-15.203900337219238,26
5Y9J,1,17.972583770751953,14.037942886352539,30.461782455444336,0.0,0.027842145061383994,-15.333085060119629,9
5Y9J,2,20.186391830444336,17.973106384277344,34.077430725097656,0.0,0.021829739452489148,-15.459369659423828,8
5Y9J,3,11.705984115600586,12.731123924255371,20.737138748168945,0.0,0.05251207143092775,-15.267290115356445,13
5Y9J,4,12.210726737976074,13.105875015258789,22.62442970275879,0.0,0.04554047725057823,-14.167403221130371,14
5Y9J,5,17.484500885009766,15.227941513061523,44.2877197265625,0.0,0.015045614627340706,-15.941909790039062,11
5Y9J,6,18.35713768005371,15.90815258026123,35.90148162841797,0.0,0.020630657116098218,-16.27763557434082,14
5Y9J,7,21.97730255126953,18.042898178100586,53.57197189331055,0.0,0.010473474788374319,-16.080150604248047,15
5Y9J,8,22.833755493164062,16.029510498046875,53.518218994140625,0.0,0.01109508585048289,-15.87542724609375,10
5Y9J,9,13.878694534301758,14.61752986907959,24.735519409179688,0.0,0.038678088399168996,-14.52261734008789,12
5Y9J,10,25.51546287536621,20.05829620361328,44.19247055053711,0.0,0.013745436271904702,-16.360998153686523,24
5Y9J,11,25.05086898803711,20.799577713012695,67.69767761230469,0.0,0.006898041429632768,-13.821614265441895,14
5Y9J,12,29.23102378845215,21.196046829223633,72.72847747802734,0.0,0.0061527972935814385,-14.418782234191895,3
5Y9J,13,20.62108612060547,16.97566795349121,66.44782257080078,0.0,0.007949121432005999,-13.917516708374023,16
5Y9J,14,21.219688415527344,15.599146842956543,39.38161087036133,0.0,0.017891254136659776,-15.72962474822998,19
4ETQ,0,19.531326293945312,18.566194534301758,47.289772033691406,0.0,0.012593804412530803,-17.011953353881836,1
4ETQ,1,21.263721466064453,22.475683212280273,61.243927001953125,0.0,0.007777582481829793,-15.27184772491455,2
4ETQ,2,18.93857765197754,16.958269119262695,42.68246841430664,0.0,0.015303001705590687,-19.16187286376953,7
4ETQ,3,18.765657424926758,16.052959442138672,41.777706146240234,0.0,0.01613507639185782,-17.687744140625,13
4ETQ,4,13.72451400756836,11.076505661010742,33.71670913696289,0.0,0.025921879403482482,-16.998390197753906,10
4ETQ,5,7.045760154724121,10.842938423156738,15.825143814086914,0.0,0.08089357323435557,-18.70440101623535,4
4ETQ,6,7.797644138336182,9.277420997619629,18.406557083129883,0.0,0.06708139472537479,-15.591666221618652,6
4ETQ,7,12.40856647491455,9.985520362854004,30.910701751708984,0.0,0.030789497286583187,-16.98947525024414,6
4ETQ,8,22.358726501464844,18.385133743286133,50.50491714477539,0.0,0.011385786816628609,-14.936083793640137,17
4ETQ,9,23.519237518310547,22.954877853393555,64.71247863769531,0.0,0.0070707212146620445,-13.421597480773926,2
4ETQ,10,16.913745880126953,16.049739837646484,32.079742431640625,0.0,0.024753251980618635,-20.114904403686523,10
4ETQ,11,11.356973648071289,10.582615852355957,24.402503967285156,0.0,0.04263237856316856,-14.707229614257812,7
4ETQ,12,16.584331512451172,17.097549438476562,30.8830623626709,0.0,0.02601875521303952,-17.347652435302734,3
4ETQ,13,19.621091842651367,17.595874786376953,44.59928512573242,0.0,0.014088191536887576,-16.872150421142578,2
4ETQ,14,14.956624984741211,16.888668060302734,26.806154251098633,0.0,0.033062528985648744,-16.98178482055664,3
5JMO,0,12.949930191040039,16.26808738708496,31.876482009887695,0.0,0.024938126918132842,-14.670870780944824,3
5JMO,1,12.90253734588623,16.388132095336914,37.38761520385742,0.0,0.01915164455445899,-14.404483795166016,4
5JMO,2,12.605247497558594,16.234752655029297,42.02301025390625,0.0,0.015923191180901828,-14.344521522521973,1
5JMO,3,12.68786907196045,15.876089096069336,32.657440185546875,0.0,0.024098034741239418,-13.270264625549316,1
5JMO,4,13.383537292480469,17.209184646606445,37.27753829956055,0.0,0.018987744993064787,-15.921259880065918,0
5JMO,5,14.074273109436035,17.650592803955078,36.75155258178711,0.0,0.019315318501174704,-15.739980697631836,5
5JMO,6,15.082968711853027,17.085935592651367,31.219999313354492,0.0,0.025553049432359334,-14.444049835205078,3
5JMO,7,14.28438949584961,16.035507202148438,42.93000411987305,0.0,0.015466035429356774,-14.89715576171875,1
5JMO,8,13.65591049194336,16.359567642211914,28.630474090576172,0.0,0.029779600354095787,-15.253561019897461,2
5JMO,9,12.959904670715332,12.615386962890625,42.456031799316406,0.0,0.017492955046582128,-14.59982967376709,3
5JMO,10,10.603682518005371,11.985204696655273,23.586109161376953,0.0,0.04345610180812403,-16.99813461303711,0
5JMO,11,10.159192085266113,12.837675094604492,52.36239242553711,0.0,0.013047700303143103,-13.760753631591797,2
5JMO,12,9.10037899017334,12.573075294494629,33.3574333190918,0.0,0.025001817836522073,-13.225217819213867,2
5JMO,13,13.709733009338379,15.370479583740234,41.935302734375,0.0,0.016299032311981848,-15.690463066101074,0
5JMO,14,12.91169548034668,10.67087173461914,39.182125091552734,0.0,0.02144093363399013,-14.099865913391113,1
1GPW,0,5.758660793304443,6.201332092285156,10.882638931274414,0.0,0.14472571126801095,-20.574453353881836,4
1GPW,1,6.543006420135498,7.035364627838135,12.008237838745117,0.0,0.1257600288817912,-19.55335807800293,4
1GPW,2,18.124038696289062,19.069896697998047,61.530120849609375,0.0,0.008291785990877572,-14.47909927368164,5
1GPW,3,11.02958869934082,11.008993148803711,19.979413986206055,0.0,0.05716146669807226,-18.558940887451172,0
1GPW,4,5.335497856140137,5.520045757293701,10.794537544250488,0.0,0.15050004758878263,-20.282533645629883,2
1GPW,5,14.300894737243652,13.076278686523438,24.039140701293945,0.0,0.04137313459746871,-17.453956604003906,1
1GPW,6,16.366188049316406,16.195499420166016,32.41375732421875,0.0,0.024282475828936317,-17.120014190673828,0
1GPW,7,6.597690582275391,6.958434581756592,13.929417610168457,0.0,0.10524580609779911,-16.93534278869629,3
1GPW,8,4.97360372543335,5.265072822570801,9.092923164367676,0.0625,0.20130282012350395,-21.483428955078125,2
1GPW,9,6.08642053604126,5.179531097412109,14.49227237701416,0.1875,0.17361150207184103,-19.785306930541992,9
1GPW,10,17.994691848754883,18.096960067749023,62.60356140136719,0.0,0.008308172104715376,-13.61920166015625,3
1GPW,11,18.388574600219727,16.388385772705078,63.697471618652344,0.0,0.0086011282957418,-17.682384490966797,0
1GPW,12,8.658245086669922,8.863546371459961,16.367176055908203,0.0,0.08008608127316565,-19.765789031982422,0
1GPW,13,12.46837329864502,12.32193374633789,22.068153381347656,0.0,0.04793096518951836,-16.342863082885742,2
1GPW,14,4.485785961151123,4.637417316436768,9.03140926361084,0.0,0.18814344605279434,-19.27004051208496,1
2C0L,0,11.58736801147461,10.723587989807129,22.644746780395508,0.0,0.04756250221363962,-20.020832061767578,0
2C0L,1,10.660398483276367,10.344978332519531,22.584611892700195,0.0,0.048221756539461536,-16.305837631225586,0
2C0L,2,10.92439079284668,10.072446823120117,21.67144012451172,0.0,0.05167439532220095,-20.834630966186523,1
2C0L,3,14.671768188476562,15.399269104003906,37.735328674316406,0.0,0.0192292746281383,-15.460920333862305,1
2C0L,4,11.40099048614502,10.695857048034668,22.412189483642578,0.0,0.04834582249613567,-20.82265853881836,0
2C0L,5,10.928746223449707,10.041427612304688,21.98944854736328,0.0,0.05060792103217294,-18.584678649902344,0
2C0L,6,10.8566255569458,11.294184684753418,25.168487548828125,0.0,0.039904474962274845,-21.875450134277344,0
2C0L,7,11.217696189880371,10.522750854492188,22.098388671875,0.0,0.049599227381665466,-22.734058380126953,0
2C0L,8,8.878799438476562,8.771635055541992,18.63669776916504,0.0,0.06686985044807416,-16.330060958862305,4
2C0L,9,12.82438850402832,12.043286323547363,24.8197021484375,0.0,0.040083203860640626,-20.911954879760742,0
2C0L,10,11.345124244689941,10.71013069152832,21.775920867919922,0.0,0.05048571212987785,-20.850006103515625,0
2C0L,11,7.3623046875,6.360883712768555,17.65446662902832,0.0,0.08028836170833802,-17.33524513244629,6
2C0L,12,11.48884105682373,10.43709945678711,22.81977653503418,0.0,0.04735887073396253,-19.665136337280273,0
2C0L,13,10.582283973693848,9.71733283996582,21.243623733520508,0.0,0.053758633086153355,-20.090662002563477,1
2C0L,14,11.360989570617676,9.945659637451172,22.396480560302734,0.0,0.04938136996028817,-18.16678237915039,1
1NW9,0,13.086132049560547,14.272552490234375,37.76899719238281,0.0,0.01971053575829856,-15.86715030670166,4
1NW9,1,14.302449226379395,18.487247467041016,43.51266860961914,0.0,0.014432446655743286,-17.649526596069336,0
1NW9,2,9.525908470153809,10.548903465270996,26.099210739135742,0.0,0.03857162035783481,-16.564476013183594,0
1NW9,3,17.36394500732422,21.850276947021484,52.186309814453125,0.0,0.010178067504950546,-16.16358184814453,4
1NW9,4,11.651655197143555,11.001886367797852,27.58429718017578,0.0,0.03498973086058523,-11.631421089172363,44
1NW9,5,8.839990615844727,9.158554077148438,25.114835739135742,0.074074,0.06765689011661963,-13.459188461303711,1
1NW9,6,8.077710151672363,8.182068824768066,22.471586227416992,0.185185,0.11428988384091487,-17.01071548461914,2
1NW9,7,11.220969200134277,11.61765193939209,26.796817779541016,0.0,0.0359385921579218,-20.855770111083984,2
1NW9,8,15.62879467010498,19.891944885253906,49.0533332824707,0.0,0.011601687749285891,-17.983198165893555,0
1NW9,9,7.8161396980285645,8.441391944885254,21.760629653930664,0.0,0.0543299493237736,-12.404474258422852,4
1NW9,10,16.04438591003418,19.64584732055664,50.6446418762207,0.0,0.011064351089505006,-16.86729621887207,0
1NW9,11,9.37411117553711,11.355533599853516,24.873184204101562,0.0,0.0405731830777936,-16.344383239746094,0
1NW9,12,13.558282852172852,15.811256408691406,41.108089447021484,0.0,0.016640500371909266,-13.630413055419922,0
1NW9,13,17.73582649230957,21.91074562072754,53.96312713623047,0.0,0.009625043929597408,-15.456486701965332,3
1NW9,14,14.825571060180664,17.112394332885742,44.40288543701172,0.0,0.014324872647710526,-14.547727584838867,0
1WQ1,0,6.499479293823242,6.0025458335876465,11.854890823364258,0.0,0.13277190076340528,-20.87421417236328,2
1WQ1,1,8.400918960571289,7.283070087432861,15.620434761047363,0.0,0.08971739557691365,-17.030988693237305,3
1WQ1,2,18.83251953125,16.972368240356445,52.75110626220703,0.0,0.01101913630437068,-17.38393211364746,3
1WQ1,3,11.688494682312012,10.07547664642334,20.96860122680664,0.0,0.05427184130497398,-15.5138521194458,1
1WQ1,4,5.214877605438232,4.725631237030029,9.555322647094727,0.0,0.17776050743500185,-17.383211135864258,4
1WQ1,5,13.957144737243652,12.738377571105957,24.195444107055664,0.0,0.04117802256518693,-17.322629928588867,4
1WQ1,6,19.269817352294922,18.90056037902832,53.669944763183594,0.0,0.010242680901527962,-15.676535606384277,4
1WQ1,7,14.49142074584961,13.174893379211426,24.845361709594727,0.0,0.039192101558865745,-20.99972915649414,0
1WQ1,8,4.591916084289551,4.6509504318237305,8.377188682556152,0.0,0.2004973992137875,-21.809717178344727,3
1WQ1,9,11.960978507995605,10.579811096191406,21.372783660888672,0.0,0.05209063942576095,-20.31258773803711,8
1WQ1,10,13.850160598754883,12.465888977050781,23.933195114135742,0.0,0.0420931553290195,-17.49614906311035,2
1WQ1,11,3.7178213596343994,3.456566333770752,6.816178798675537,0.166667,0.3112554162208962,-19.167455673217773,5
1WQ1,12,14.333931922912598,12.94546890258789,24.605892181396484,0.0,0.03995291513430205,-18.31753921508789,1
1WQ1,13,11.181220054626465,9.62950325012207,19.84530258178711,0.0,0.05956805404502624,-17.49663734436035,8
1WQ1,14,14.558598518371582,13.330469131469727,25.03546905517578,0.0,0.03862055571859901,-19.652212142944336,1
1ATN,0,29.029956817626953,31.748939514160156,84.38921356201172,0.0,0.004090189229648683,-16.94982147216797,2
1ATN,1,28.30841636657715,30.63327407836914,83.93386840820312,0.0,0.004181170988336408,-17.39250373840332,2
1ATN,2,15.935254096984863,8.763038635253906,36.17955780029297,0.064516,0.04843049545164816,-14.461421966552734,0
1ATN,3,18.93185043334961,14.098740577697754,38.26923370361328,0.0,0.019402140856700733,-15.740742683410645,4
1ATN,4,19.45594596862793,16.75826644897461,35.799747467041016,0.0,0.0204378260933383,-14.03445816040039,7
1ATN,5,20.20128059387207,21.73627281188965,49.096282958984375,0.0,0.011280373510774032,-14.803833961486816,2
1ATN,6,26.8643741607666,27.902114868164062,86.97219848632812,0.0,0.004114329653547495,-13.8259916305542,1
1ATN,7,17.815711975097656,18.839811325073242,35.758304595947266,0.0,0.0199272690330926,-13.956660270690918,5
1ATN,8,17.772380828857422,14.827752113342285,42.08842086791992,0.0,0.016439277484825127,-13.794116020202637,4
1ATN,9,29.323776245117188,29.024694442749023,85.25181579589844,0.0,0.004168960684457451,-14.339879035949707,1
1ATN,10,17.355722427368164,14.978577613830566,28.822010040283203,0.0,0.029981274102274913,-20.461538314819336,6
1ATN,11,15.46690845489502,12.180929183959961,27.034942626953125,0.0,0.03496579178862551,-17.064661026000977,8
1ATN,12,24.792890548706055,27.520706176757812,77.8248519897461,0.0,0.004916744566837681,-16.59012222290039,2
1ATN,13,12.636737823486328,10.42561149597168,23.00185203552246,0.0,0.046809970378879566,-19.032249450683594,3
1ATN,14,17.051048278808594,17.272241592407227,35.44166946411133,0.0,0.02062527222273652,-14.237333297729492,7
5C7X,0,15.987186431884766,14.336310386657715,41.547645568847656,0.0,0.017000700501114838,-15.938843727111816,2
5C7X,1,18.62801742553711,18.552030563354492,55.20051956176758,0.0,0.009885585129064905,-16.98320960998535,1
5C7X,2,10.239782333374023,12.682156562805176,23.176437377929688,0.117647,0.08333436098755743,-18.962785720825195,4
5C7X,3,9.427249908447266,11.471074104309082,21.55374526977539,0.058824,0.07007535787634261,-19.6269474029541,0
5C7X,4,5.845267295837402,6.847692966461182,14.074084281921387,0.176471,0.16317459743494825,-19.11403465270996,5
5C7X,5,12.02606201171875,12.222270011901855,32.97480392456055,0.0,0.02571500030502051,-16.423738479614258,5
5C7X,6,10.568868637084961,13.709482192993164,23.52000617980957,0.0,0.04244940212440606,-19.272859573364258,2
5C7X,7,11.606138229370117,12.364495277404785,30.1893310546875,0.117647,0.06853404595648038,-19.071834564208984,5
5C7X,8,5.935955047607422,7.363157272338867,14.313590049743652,0.117647,0.1394009903021802,-18.19048309326172,6
5C7X,9,18.767545700073242,14.895459175109863,51.364288330078125,0.0,0.012231419356406698,-17.406484603881836,6
5C7X,10,8.730772972106934,10.38831901550293,20.419157028198242,0.0,0.056038678800647494,-19.992385864257812,0
5C7X,11,10.407556533813477,11.541753768920898,29.59115982055664,0.0,0.03094400033604268,-17.89410972595215,2
5C7X,12,20.823698043823242,20.727941513061523,60.582725524902344,0.0,0.00817158670368002,-19.224159240722656,0
5C7X,13,17.701448440551758,15.851335525512695,51.688133239746094,0.0,0.011735409597743274,-13.732139587402344,8
5C7X,14,8.070425033569336,10.277113914489746,21.36390495300293,0.0,0.052507748446857704,-18.116680145263672,0
1E4K,0,14.508861541748047,14.396809577941895,28.385597229003906,0.0,0.031009653040646606,-18.477752685546875,0
1E4K,1,19.037296295166016,16.350811004638672,41.9949951171875,0.0,0.01590041059513932,-16.71682357788086,0
1E4K,2,14.52226734161377,12.997060775756836,31.68537712097168,0.0,0.02675936473214564,-17.504358291625977,1
1E4K,3,22.49925994873047,27.054317474365234,64.30394744873047,0.0,0.006745788402703683,-16.529664993286133,0
1E4K,4,28.94985008239746,34.61522674560547,77.20575714111328,0.0,0.00461670566089349,-17.1669921875,0
1E4K,5,19.01711082458496,14.468816757202148,50.73114013671875,0.0,0.012646617161914711,-16.094079971313477,0
1E4K,6,33.64114761352539,36.21831512451172,87.60966491699219,0.0,0.003679217183911232,-17.93515396118164,0
1E4K,7,13.289705276489258,14.586910247802734,26.051050186157227,0.0,0.03556023441646664,-17.47403335571289,0
1E4K,8,30.357242584228516,33.829261779785156,78.1957778930664,0.0,0.0045467460670706086,-18.897117614746094,1
1E4K,9,35.42656326293945,28.13395881652832,90.83475494384766,0.0,0.003838376090291491,-16.88392448425293,0
1E4K,10,22.68033790588379,22.230932235717773,61.90366744995117,0.0,0.007679072912186484,-17.016420364379883,0
1E4K,11,26.730073928833008,25.687110900878906,78.7466049194336,0.0,0.004971832668054646,-15.696613311767578,1
1E4K,12,24.094852447509766,30.360103607177734,62.42949295043945,0.0,0.006878502820632133,-18.547719955444336,2
1E4K,13,23.15394401550293,28.709619522094727,64.12178802490234,0.0,0.006663705610991089,-20.64315414428711,0
1E4K,14,23.353357315063477,18.34208869934082,64.94319152832031,0.0,0.007828468431065772,-13.742589950561523,8
2OT3,0,10.084239959716797,8.692122459411621,21.639358520507812,0.0,0.054196264674572836,-17.71902084350586,4
2OT3,1,6.492445468902588,6.1129279136657715,13.55813980102539,0.0,0.11297948808744851,-19.80449104309082,2
2OT3,2,11.078360557556152,10.495882034301758,22.899818420410156,0.0,0.04703593626314175,-15.599851608276367,3
2OT3,3,19.009550094604492,17.716514587402344,56.5643196105957,0.0,0.009733424377992522,-13.622101783752441,2
2OT3,4,20.893842697143555,16.848939895629883,50.539756774902344,0.0,0.011790428243606205,-14.849201202392578,9
2OT3,5,24.63444709777832,16.83979034423828,60.15408706665039,0.0,0.009149247944244958,-17.073938369750977,4
2OT3,6,25.844703674316406,23.717708587646484,62.07191467285156,0.0,0.0074635627176128415,-12.235297203063965,0
2OT3,7,3.9630136489868164,4.692114353179932,8.369269371032715,0.0,0.20015724481158922,-18.511676788330078,2
2OT3,8,6.8924407958984375,6.718753814697266,16.156734466552734,0.0,0.08808495054917127,-24.184560775756836,0
2OT3,9,13.002477645874023,12.502280235290527,30.43975257873535,0.0,0.02884173895595892,-15.7244234085083,9
2OT3,10,16.39152717590332,15.700024604797363,51.725074768066406,0.0,0.011779987218924608,-15.876829147338867,0
2OT3,11,25.30134391784668,22.785282135009766,63.41110610961914,0.0,0.007322098065604843,-12.691394805908203,3
2OT3,12,18.64147186279297,17.273340225219727,56.95112991333008,0.0,0.009758322940061947,-13.069952011108398,0
2OT3,13,17.619735717773438,16.17432403564453,52.49253463745117,0.0,0.011359314708941526,-14.677811622619629,3
2OT3,14,17.782806396484375,16.378684997558594,55.95552444458008,0.0,0.010290884367791256,-15.418240547180176,1
1R6Q,0,17.06273078918457,21.600318908691406,41.22492599487305,0.0,0.015192753874437843,-18.473928451538086,0
1R6Q,1,11.073240280151367,12.636393547058105,21.95946502685547,0.0,0.04806669576240438,-22.88951301574707,0
1R6Q,2,9.075807571411133,10.242925643920898,19.293596267700195,0.0,0.061179986789385965,-24.521163940429688,0
1R6Q,3,11.608885765075684,12.785444259643555,24.374061584472656,0.0,0.04066821730270669,-19.06392478942871,3
1R6Q,4,15.698805809020996,20.046764373779297,34.01829147338867,0.0,0.021443873195477386,-16.52517318725586,0
1R6Q,5,11.359314918518066,12.15103816986084,28.42871856689453,0.0,0.03235709538202551,-24.066444396972656,0
1R6Q,6,12.971470832824707,14.170286178588867,28.341596603393555,0.0,0.031201939109054028,-19.680809020996094,0
1R6Q,7,9.629926681518555,10.832255363464355,22.52545166015625,0.0,0.04781989433946505,-23.676578521728516,0
1R6Q,8,12.417703628540039,13.308130264282227,41.81520462036133,0.0,0.017408687502472233,-18.740049362182617,0
1R6Q,9,9.70238208770752,10.544144630432129,27.454301834106445,0.0,0.03576904365973747,-21.43518829345703,0
1R6Q,10,9.36290454864502,10.492295265197754,19.80079460144043,0.0,0.058544065827637985,-21.19698715209961,0
1R6Q,11,13.304418563842773,14.902717590332031,44.36709213256836,0.0,0.015144695518477724,-18.509654998779297,0
1R6Q,12,8.411303520202637,8.802253723144531,29.18451499938965,0.0,0.03547139749569835,-19.7965087890625,0
1R6Q,13,19.84821128845215,24.31295394897461,55.383304595947266,0.0,0.008934892650489348,-17.776905059814453,0
1R6Q,14,14.900885581970215,18.645666122436523,30.518634796142578,0.0,0.026139461000440747,-18.707826614379883,0
1Y64,0,37.0300407409668,35.77605056762695,81.31443786621094,0.0,0.0041879199076753585,-15.734241485595703,11
1Y64,1,17.36990737915039,17.893417358398438,27.603530883789062,0.0,0.031195931843264735,-13.95141315460205,4
1Y64,2,7.286493301391602,7.939894676208496,13.958622932434082,0.0,0.1016551631082832,-14.18973445892334,17
1Y64,3,19.053573608398438,17.413236618041992,31.508014678955078,0.0,0.0250685790095945,-12.088055610656738,15
1Y64,4,18.573705673217773,17.903520584106445,29.87858009338379,0.0,0.02728087152919852,-13.390822410583496,16
1Y64,5,38.80712127685547,38.12822723388672,83.86502075195312,0.0,0.0039044551957227156,-17.93162727355957,5
1Y64,6,23.239273071289062,23.99009895324707,37.50861740112305,0.0,0.017579996959202548,-13.798225402832031,6
1Y64,7,31.479293823242188,22.91978645324707,55.932220458984375,0.0,0.008946103446715118,-15.859939575195312,6
1Y64,8,36.4815788269043,35.146636962890625,80.25365447998047,0.0,0.004303832982088426,-17.234954833984375,2
1Y64,9,26.116039276123047,16.328292846679688,50.16416931152344,0.0,0.012092799118207515,-12.052916526794434,7
1Y64,10,39.92102813720703,39.79343795776367,81.93289184570312,0.0,0.004022323343975886,-13.128458976745605,9
1Y64,11,21.99913787841797,18.811614990234375,36.751922607421875,0.0,0.019030878679215553,-12.934948921203613,7
1Y64,12,38.08156967163086,38.48987579345703,80.30210876464844,0.0,0.004198864361304541,-18.67274284362793,1
1Y64,13,30.01806640625,22.115272521972656,51.12794494628906,0.0,0.010491640051867361,-15.146788597106934,2
1Y64,14,17.91324234008789,10.963308334350586,33.582008361816406,0.0,0.026194665551723267,-13.130596160888672,4
3AAD,0,22.100467681884766,19.444625854492188,68.4610595703125,0.0,0.0070323115708269815,-19.618297576904297,0
3AAD,1,18.28019905090332,18.989646911621094,53.21644592285156,0.0,0.01035940491428465,-20.965015411376953,0
3AAD,2,24.265174865722656,18.0966796875,51.57029342651367,0.0,0.0110906186830328,-22.545021057128906,0
3AAD,3,21.015928268432617,15.99555778503418,63.482643127441406,0.0,0.008776458036643143,-21.690536499023438,0
3AAD,4,19.826000213623047,19.63483238220215,57.47297286987305,0.0,0.00906907554735472,-18.95648193359375,2
3AAD,5,21.71772003173828,18.467395782470703,65.73126983642578,0.0,0.007667105753163001,-18.64377212524414,3
3AAD,6,21.133296966552734,16.533645629882812,63.792808532714844,0.0,0.008535963195394437,-20.524259567260742,0
3AAD,7,17.431373596191406,15.626370429992676,48.508018493652344,0.0,0.012973551651310379,-18.8682861328125,3
3AAD,8,21.396188735961914,16.992843627929688,65.25055694580078,0.0,0.008139378179514005,-20.090381622314453,0
3AAD,9,19.021007537841797,19.79071617126465,57.17901611328125,0.0,0.009110860533071167,-19.9155330657959,0
3AAD,10,26.258405685424805,21.516714096069336,68.84275817871094,0.0,0.006617434700664539,-19.466550827026367,2
3AAD,11,16.978233337402344,17.0634765625,53.048465728759766,0.0,0.01089988727968242,-15.601635932922363,0
3AAD,12,22.949140548706055,18.429122924804688,46.79637908935547,0.0,0.012839944681334809,-24.3609619140625,0
3AAD,13,22.61469268798828,18.97960090637207,68.83373260498047,0.0,0.007075690447471749,-18.613786697387695,0
3AAD,14,22.728425979614258,20.45951271057129,68.98641204833984,0.0,0.006766921221141646,-18.471275329589844,3
1F34,0,15.176911354064941,15.156001091003418,41.51094055175781,0.0,0.0166472430462184,-20.4154109954834,1
1F34,1,19.227378845214844,17.422073364257812,47.65032196044922,0.0,0.012732463012834956,-17.70054817199707,0
1F34,2,18.0156307220459,16.991188049316406,43.34923553466797,0.0,0.014919285717520797,-19.523269653320312,0
1F34,3,19.732709884643555,17.7552490234375,52.57365417480469,0.021739,0.018099838071932318,-14.967243194580078,3
1F34,4,16.651668548583984,15.086868286132812,43.321346282958984,0.108696,0.051851638241690735,-17.359838485717773,2
1F34,5,20.378028869628906,18.371618270874023,49.75190734863281,0.0,0.011661103550839635,-17.622400283813477,0
1F34,6,17.859663009643555,16.045955657958984,43.54146194458008,0.0,0.015124484246755826,-17.94706153869629,1
1F34,7,16.161508560180664,15.716504096984863,46.81507873535156,0.0,0.013646901552159462,-18.845327377319336,0
1F34,8,17.14904022216797,16.017841339111328,49.678218841552734,0.0,0.01237872537675253,-18.769996643066406,1
1F34,9,18.471323013305664,17.114633560180664,43.09370422363281,0.0,0.015023815172440697,-19.407928466796875,0
1F34,10,16.49612045288086,15.035453796386719,42.160423278808594,0.0,0.0163047055049084,-18.08222198486328,0
1F34,11,20.986282348632812,18.865150451660156,50.60282516479492,0.0,0.011241219339285909,-17.64750862121582,0
1F34,12,17.58019256591797,15.881339073181152,50.41996383666992,0.0,0.012159058920176246,-17.550228118896484,2
1F34,13,17.04782485961914,15.219194412231445,43.53941345214844,0.130435,0.058923088130533936,-16.168975830078125,6
1F34,14,21.57801055908203,20.94417381286621,50.149715423583984,0.0,0.011009523077259692,-18.119029998779297,1
1MAH,0,6.904409408569336,12.07689094543457,23.296709060668945,0.0,0.04422484304844143,-21.058897018432617,2
1MAH,1,2.662799596786499,3.5323829650878906,9.993428230285645,0.111111,0.22788423857913295,-16.693052291870117,3
1MAH,2,5.640504837036133,10.98618221282959,17.866558074951172,0.0,0.06762144099071063,-16.834247589111328,2
1MAH,3,5.618945121765137,10.66784954071045,17.682615280151367,0.0,0.06902888353635779,-16.442365646362305,11
1MAH,4,5.47329044342041,10.015396118164062,18.475971221923828,0.0,0.06553986521906552,-17.73003387451172,3
1MAH,5,5.012718200683594,9.78144359588623,15.69097900390625,0.0,0.08328390802514256,-15.621697425842285,6
1MAH,6,7.7671003341674805,13.244205474853516,25.30941390991211,0.0,0.0380077356671081,-12.030865669250488,31
1MAH,7,3.3904197216033936,4.03688383102417,12.752796173095703,0.0,0.14297201145084223,-18.974489212036133,2
1MAH,8,5.330891132354736,10.457880020141602,16.746150970458984,0.0,0.0750053427730098,-15.907529830932617,5
1MAH,9,3.719567060470581,6.733630657196045,11.939096450805664,0.0,0.12788298807185058,-17.58875274658203,3
1MAH,10,1.6365224123001099,2.727504253387451,6.051590919494629,0.277778,0.3912060850347439,-15.306780815124512,2
1MAH,11,6.205664157867432,10.696319580078125,20.195995330810547,0.0,0.05658908106193417,-14.915304183959961,8
1MAH,12,7.136435031890869,12.701835632324219,22.844032287597656,0.0,0.04512224740331621,-12.985292434692383,23
1MAH,13,3.405597686767578,4.929542541503906,12.710090637207031,0.0,0.13125802651197602,-19.17401123046875,4
1MAH,14,1.9128328561782837,3.2519407272338867,6.985363006591797,0.166667,0.31299599005236206,-15.835164070129395,4
4DW2,0,10.792826652526855,7.850003719329834,24.434402465820312,0.0,0.04772553583197844,-14.601249694824219,11
4DW2,1,13.250798225402832,10.913415908813477,24.225311279296875,0.0,0.042719190070088,-16.00913429260254,19
4DW2,2,13.621379852294922,11.919940948486328,24.409902572631836,0.0,0.041244102157839586,-13.31077766418457,6
4DW2,3,12.89366340637207,8.230814933776855,30.351259231567383,0.0,0.03495699501000659,-16.023591995239258,7
4DW2,4,19.599544525146484,15.084300994873047,45.16044616699219,0.0,0.014668532040296773,-13.89637565612793,42
4DW2,5,21.377687454223633,13.55516529083252,49.655799865722656,0.0,0.013521712259832737,-17.136301040649414,8
4DW2,6,24.543869018554688,15.318549156188965,53.59798812866211,0.0,0.0113435046270645,-14.640926361083984,37
4DW2,7,11.268330574035645,9.57336711883545,20.967025756835938,0.0,0.05503733381841677,-16.553449630737305,4
4DW2,8,12.956208229064941,13.024109840393066,25.148893356323242,0.0,0.03853805715720628,-17.535171508789062,15
4DW2,9,12.555817604064941,10.440912246704102,22.940061569213867,0.0,0.04698053462325463,-15.624433517456055,4
4DW2,10,10.972078323364258,9.758916854858398,20.59285545349121,0.0,0.05621759889725447,-14.838974952697754,3
4DW2,11,22.774627685546875,16.045242309570312,53.454002380371094,0.0,0.011108694898763649,-14.793525695800781,39
4DW2,12,11.439756393432617,9.358771324157715,21.984176635742188,0.0,0.05169861005299586,-16.35222816467285,12
4DW2,13,11.171337127685547,9.772184371948242,21.222774505615234,0.055556,0.07227037990947043,-16.987565994262695,9
4DW2,14,17.163358688354492,14.774267196655273,41.03606414794922,0.0,0.017114167282937385,-15.04372501373291,20
1S1Q,0,14.217963218688965,16.341938018798828,37.64688491821289,0.0,0.01895323054580099,-15.69615650177002,0
1S1Q,1,16.62555694580078,18.997934341430664,54.785953521728516,0.0,0.009900301523647976,-17.714702606201172,0
1S1Q,2,15.796277046203613,16.709304809570312,52.54694747924805,0.0,0.011164468449156527,-15.262027740478516,0
1S1Q,3,13.05858325958252,13.875621795654297,39.918373107910156,0.0,0.01830859680636693,-15.85973834991455,0
1S1Q,4,12.821743965148926,14.66754150390625,36.80685806274414,0.0,0.0203270313172821,-19.992109298706055,0
1S1Q,5,12.128567695617676,12.551194190979004,39.98967361450195,0.0,0.01910275281431624,-11.562411308288574,0
1S1Q,6,12.435535430908203,13.30344009399414,39.740821838378906,0.0,0.018766502312218405,-16.62909698486328,0
1S1Q,7,18.26608657836914,17.79863739013672,53.767642974853516,0.0,0.010478240341233245,-24.156951904296875,0
1S1Q,8,14.43364143371582,16.358823776245117,38.07676315307617,0.0,0.018601750738114934,-15.688851356506348,1
1S1Q,9,13.979994773864746,14.072924613952637,47.94753646850586,0.0,0.01390096745554873,-18.86520767211914,0
1S1Q,10,13.882306098937988,15.944239616394043,35.504878997802734,0.0,0.020993430971610116,-17.78965187072754,0
1S1Q,11,10.599324226379395,11.10769271850586,34.963478088378906,0.0,0.024571424376484605,-17.07651710510254,0
1S1Q,12,14.38044548034668,15.616860389709473,37.213871002197266,0.0,0.019575103992296016,-15.616177558898926,0
1S1Q,13,14.36532974243164,16.25796890258789,37.743263244628906,0.0,0.018903342004034075,-16.244333267211914,1
1S1Q,14,18.553442001342773,17.159320831298828,53.43229293823242,0.0,0.010755133185680868,-24.506515502929688,0
1GLA,0,17.53447723388672,12.802181243896484,47.95177459716797,0.0,0.014668897536577283,-15.180113792419434,5
1GLA,1,15.019330024719238,8.749839782714844,46.61446762084961,0.0,0.02024338041904472,-16.287864685058594,1
1GLA,2,17.49981689453125,11.795242309570312,55.02054214477539,0.0,0.013074982157169008,-15.170143127441406,4
1GLA,3,16.52037811279297,12.342789649963379,43.6253662109375,0.0,0.017042887239675772,-13.67277717590332,7
1GLA,4,29.81127166748047,20.34993553161621,78.44561767578125,0.0,0.00566949200844637,-19.906448364257812,8
1GLA,5,28.457509994506836,20.16286277770996,77.79443359375,0.0,0.005767149272078373,-14.892141342163086,7
1GLA,6,27.33232307434082,20.99789047241211,78.63763427734375,0.0,0.005541944857411569,-16.99123191833496,0
1GLA,7,17.276796340942383,11.28622817993164,54.22883987426758,0.0,0.013778840313228487,-13.023127555847168,2
1GLA,8,14.906752586364746,11.620682716369629,50.58967971801758,0.0,0.014614590916971532,-13.4371976852417,0
1GLA,9,15.451813697814941,8.74365520477295,47.37135314941406,0.0,0.019927028900253677,-16.048297882080078,3
1GLA,10,15.805163383483887,12.93986988067627,51.759708404541016,0.0,0.013173200694110106,-14.862908363342285,0
1GLA,11,18.743236541748047,12.138047218322754,54.57625198364258,0.0,0.012908025455931527,-17.793548583984375,2
1GLA,12,27.242115020751953,21.802181243896484,78.42279052734375,0.0,0.005440835765509248,-16.20711898803711,1
1GLA,13,26.805503845214844,21.259634017944336,78.13387298583984,0.0,0.005549950989221825,-19.657367706298828,4
1GLA,14,16.55411148071289,11.44243335723877,45.92455291748047,0.0,0.01667224953372952,-13.115998268127441,0
1KLU,0,10.195208549499512,4.721175193786621,33.35487747192383,0.6,0.2508899314858138,-17.100988388061523,2
1KLU,1,30.412290573120117,16.099496841430664,73.18069458007812,0.0,0.00730583053432541,-17.06658935546875,2
1KLU,2,30.051633834838867,17.69724464416504,72.04434204101562,0.0,0.0069538986998259915,-15.966432571411133,3
1KLU,3,25.410255432128906,22.963363647460938,68.94744873046875,0.0,0.0064065833237130785,-14.660696029663086,4
1KLU,4,30.47817039489746,17.13558578491211,77.26508331298828,0.0,0.006520718550141943,-18.65193748474121,0
1KLU,5,29.99263572692871,17.379606246948242,76.85372924804688,0.0,0.006492825412407599,-19.447364807128906,0
1KLU,6,17.471467971801758,13.457881927490234,43.80299758911133,0.0,0.016186598943165778,-16.796377182006836,9
1KLU,7,19.389678955078125,15.602396011352539,41.91396713256836,0.0,0.016219958584300115,-20.007381439208984,0
1KLU,8,25.33861541748047,20.904550552368164,72.75224304199219,0.0,0.006196310522737772,-14.749739646911621,5
1KLU,9,22.335590362548828,18.92168617248535,50.45557403564453,0.0,0.011280794686333312,-18.334022521972656,0
1KLU,10,9.49423599243164,5.379979133605957,29.29328155517578,0.0,0.04992936686247575,-19.076519012451172,1
1KLU,11,30.379032135009766,17.03009605407715,71.59593200683594,0.0,0.007199073242118054,-17.255983352661133,4
1KLU,12,24.42115592956543,20.269058227539062,75.91669464111328,0.0,0.0059425798603663154,-17.108745574951172,0
1KLU,13,8.898221015930176,9.205693244934082,25.95480728149414,0.0,0.040908735389042127,-19.71540641784668,1
1KLU,14,30.359045028686523,17.130556106567383,75.02163696289062,0.0,0.006761081916434256,-18.62094497680664,0
6AL0,0,12.293113708496094,7.518331527709961,27.606361389160156,0.0,0.04162485823059268,-16.256256103515625,4
6AL0,1,13.702613830566406,9.662818908691406,27.849506378173828,0.0,0.03624889075723104,-14.152432441711426,2
6AL0,2,12.041182518005371,9.583958625793457,24.5205020904541,0.0,0.04372826170543532,-16.362144470214844,2
6AL0,3,14.298075675964355,9.510958671569824,30.167015075683594,0.0,0.032607206849259475,-14.16331672668457,9
6AL0,4,17.77285385131836,11.954830169677734,35.00940704345703,0.0,0.023721921925452017,-13.84778881072998,2
6AL0,5,11.07153606414795,7.723313808441162,24.61141586303711,0.0,0.04763901818016473,-15.358235359191895,12
6AL0,6,16.32520294189453,11.210380554199219,36.48991394042969,0.0,0.023019176102644368,-14.47020435333252,29
6AL0,7,23.00935173034668,11.305427551269531,48.09135818481445,0.0,0.015864161951497688,-14.662653923034668,61
6AL0,8,18.517141342163086,12.407188415527344,36.5894889831543,0.0,0.021869676150097477,-14.678049087524414,1
6AL0,9,16.82788848876953,13.403302192687988,39.37417984008789,0.0,0.018965831510916104,-15.756993293762207,37
6AL0,10,21.192718505859375,9.53242015838623,43.70540237426758,0.0,0.020202879623237486,-15.605637550354004,47
6AL0,11,16.078590393066406,8.8107328414917,32.94540023803711,0.0,0.030192850010921573,-13.05883502960205,23
6AL0,12,19.77056884765625,12.094793319702148,40.18695068359375,0.0,0.019323143762775188,-13.37186050415039,17
6AL0,13,20.962299346923828,11.058318138122559,40.425498962402344,0.0,0.02013528206673422,-14.913264274597168,56
6AL0,14,19.88477897644043,13.936120986938477,49.051246643066406,0.0,0.013535246397522668,-13.994134902954102,55
1KAC,0,14.365867614746094,16.37397575378418,33.829830169677734,0.0,0.022567966655906758,-13.944304466247559,0
1KAC,1,16.163585662841797,16.58632469177246,36.63482666015625,0.0,0.019731823117856064,-16.934778213500977,0
1KAC,2,16.38106346130371,17.197948455810547,30.70348358154297,0.0,0.026245114054507922,-16.57217025756836,0
1KAC,3,12.022424697875977,10.402558326721191,41.909000396728516,0.0,0.019959854285443734,-18.909948348999023,0
1KAC,4,14.263099670410156,16.656024932861328,32.34424591064453,0.0,0.02421543566315279,-13.444220542907715,0
1KAC,5,12.114063262939453,11.369410514831543,43.42229080200195,0.0,0.018004402706627377,-18.48373031616211,0
1KAC,6,6.519499778747559,6.667591094970703,24.55216407775879,0.0,0.05173353563012969,-17.768251419067383,0
1KAC,7,11.16320514678955,10.33100700378418,39.84100341796875,0.0,0.021393932814730784,-20.5832576751709,0
1KAC,8,18.1406192779541,14.841042518615723,42.57490539550781,0.0,0.016147855318423963,-15.692683219909668,0
1KAC,9,4.983984470367432,6.870612621307373,14.658327102661133,0.0,0.09904519329907967,-15.116776466369629,0
1KAC,10,17.413440704345703,14.85861587524414,43.94641876220703,0.0,0.015383203683808203,-15.314844131469727,0
1KAC,11,15.867657661437988,13.589280128479004,34.749664306640625,0.0,0.022830646926547512,-18.125255584716797,0
1KAC,12,15.44918155670166,16.660364151000977,29.571788787841797,0.0,0.028118467869864133,-13.931496620178223,0
1KAC,13,15.193912506103516,13.018492698669434,34.25958251953125,0.0,0.023696290402636305,-16.593107223510742,0
1KAC,14,15.035298347473145,11.932028770446777,45.14603805541992,0.0,0.016597544910147817,-19.514583587646484,1
4G6J,0,33.38909912109375,30.994848251342773,85.22010040283203,0.0,0.004062344358850914,-18.824674606323242,7
4G6J,1,13.00133991241455,17.524028778076172,29.492874145507812,0.0,0.027988514685813436,-20.69572639465332,1
4G6J,2,13.083256721496582,17.225685119628906,29.217599868774414,0.0,0.028518796085588934,-17.477069854736328,2
4G6J,3,35.17570877075195,33.904518127441406,89.36946105957031,0.0,0.0036394952900517894,-17.935684204101562,7
4G6J,4,12.094633102416992,17.048782348632812,24.01001739501953,0.0,0.039684267658866484,-18.59112548828125,3
4G6J,5,29.79582405090332,26.910120010375977,77.07251739501953,0.0,0.005038077852181809,-15.38912296295166,11
4G6J,6,8.46191120147705,8.817123413085938,17.19564437866211,0.0,0.07483045632093376,-22.34177589416504,0
4G6J,7,22.196807861328125,21.012287139892578,56.302825927734375,0.0,0.009118029560837569,-16.767744064331055,1
4G6J,8,34.60488510131836,32.87846755981445,88.74003601074219,0.0,0.003722841934772065,-18.456239700317383,5
4G6J,9,16.487268447875977,19.157814025878906,42.38997268676758,0.0,0.014915601180921062,-16.627317428588867,5
4G6J,10,9.948114395141602,10.071599960327148,20.070030212402344,0.0,0.0579290647541236,-17.08356475830078,7
4G6J,11,33.960243225097656,33.23495101928711,89.48040771484375,0.0,0.003658603815709037,-19.809467315673828,3
4G6J,12,11.52582836151123,14.055037498474121,22.917078018188477,0.0,0.04406458066978012,-17.71491050720215,10
4G6J,13,12.225334167480469,16.747671127319336,26.400375366210938,0.0,0.033961037409652894,-18.303707122802734,3
4G6J,14,23.813804626464844,27.078731536865234,62.76676559448242,0.0,0.007022653054400866,-22.579261779785156,0
2GAF,0,16.669994354248047,15.779747009277344,40.70708084106445,0.0,0.016911574350548627,-17.05959701538086,5
2GAF,1,17.938425064086914,17.527503967285156,32.53253173828125,0.0,0.023724629550553173,-16.086658477783203,9
2GAF,2,18.479215621948242,17.58371925354004,31.506919860839844,0.0,0.02502300785170244,-15.89583969116211,7
2GAF,3,16.011877059936523,16.07826042175293,27.977548599243164,0.0,0.03104406746000564,-18.057353973388672,2
2GAF,4,9.387362480163574,10.941422462463379,17.451263427734375,0.0,0.07006532468227042,-19.02315330505371,10
2GAF,5,20.756175994873047,21.26125717163086,43.60359573364258,0.0,0.013854139494792557,-14.791611671447754,7
2GAF,6,26.79610252380371,31.134178161621094,71.30750274658203,0.0,0.005441951676163445,-15.538492202758789,14
2GAF,7,18.090871810913086,17.07772445678711,30.651845932006836,0.0,0.026354701552032914,-16.595617294311523,6
2GAF,8,16.908061981201172,17.100311279296875,30.920684814453125,0.0,0.025964864246377395,-16.208782196044922,9
2GAF,9,18.82653045654297,18.006540298461914,31.209218978881836,0.0,0.025315572362561253,-20.204265594482422,3
2GAF,10,23.5026912689209,28.171472549438477,61.6009407043457,0.0,0.007170381645960827,-19.663022994995117,7
2GAF,11,24.8684139251709,26.057010650634766,62.12841796875,0.0,0.007225630625930069,-15.018438339233398,4
2GAF,12,9.025545120239258,10.36048412322998,26.400440216064453,0.0,0.03815194576911649,-22.745338439941406,3
2GAF,13,22.559165954589844,25.160316467285156,68.37715148925781,0.0,0.00625320822559951,-13.75439167022705,10
2GAF,14,20.00595474243164,21.36323356628418,38.9570426940918,0.0,0.016782969531069458,-13.99195384979248,7
1PVH,0,14.840253829956055,9.367438316345215,23.263751983642578,0.833333,0.3253698004314752,-18.974056243896484,3
1PVH,1,21.083545684814453,11.781148910522461,49.11058044433594,0.0,0.01501243113034594,-13.674494743347168,3
1PVH,2,22.513395309448242,15.574935913085938,58.88139343261719,0.0,0.009867974851930385,-14.98298454284668,2
1PVH,3,20.743864059448242,11.344727516174316,45.917171478271484,0.0,0.01677142786951139,-15.044498443603516,3
1PVH,4,8.839892387390137,9.213247299194336,13.400395393371582,0.0,0.10424430822485076,-17.73583984375,1
1PVH,5,8.2852201461792,8.801347732543945,13.642191886901855,0.0,0.1026250695004491,-19.442874908447266,0
1PVH,6,18.94713592529297,12.269372940063477,32.218685150146484,0.0,0.026599736053660866,-24.446735382080078,1
1PVH,7,12.109362602233887,11.120443344116211,19.853517532348633,0.0,0.05759173760856395,-16.78083038330078,6
1PVH,8,18.717458724975586,12.496763229370117,29.71635627746582,0.0,0.02994419632861695,-17.947542190551758,1
1PVH,9,23.675777435302734,12.47409725189209,53.840248107910156,0.0,0.01285732905293623,-17.789764404296875,0
1PVH,10,23.379051208496094,12.015396118164062,53.905235290527344,0.0,0.01320228969890703,-16.558088302612305,2
1PVH,11,23.597774505615234,12.731703758239746,55.15663528442383,0.0,0.012296172379650269,-17.539514541625977,1
1PVH,12,23.813339233398438,13.344348907470703,56.880218505859375,0.0,0.011440424967533466,-16.71074867248535,3
1PVH,13,8.742015838623047,9.812088966369629,13.487101554870605,0.0,0.10237172030532764,-17.579946517944336,0
1PVH,14,12.824556350708008,10.274239540100098,23.519695281982422,0.0,0.04546376600399351,-15.810942649841309,5
1OPH,0,17.91260528564453,12.091133117675781,39.9676399230957,0.0,0.01947643424756926,-17.673799514770508,7
1OPH,1,8.750008583068848,6.686637878417969,29.661304473876953,0.0,0.041267133104332644,-20.570722579956055,3
1OPH,2,18.144289016723633,13.211501121520996,40.22871017456055,0.0,0.018487674069787897,-15.128936767578125,8
1OPH,3,10.625925064086914,8.500021934509277,35.74681091308594,0.0,0.027905453454217136,-15.933575630187988,5
1OPH,4,20.053964614868164,16.15825653076172,60.034427642822266,0.0,0.009398860850741602,-14.234436988830566,7
1OPH,5,29.056713104248047,29.912546157836914,84.76826477050781,0.0,0.004154330068956681,-13.447881698608398,16
1OPH,6,18.41425323486328,12.106474876403809,39.135597229003906,0.0,0.02005575410317649,-16.941762924194336,9
1OPH,7,24.3553466796875,18.04548454284668,70.32296752929688,0.0,0.0070871562637759575,-15.45907211303711,2
1OPH,8,17.388521194458008,12.773882865905762,35.23762893676758,0.0,0.022862946403439898,-15.541693687438965,13
1OPH,9,28.33439826965332,17.513957977294922,60.62897491455078,0.0,0.008852712097028238,-13.352734565734863,125
1OPH,10,17.06932830810547,10.475064277648926,29.21063995361328,0.16129,0.08648278619236645,-13.770742416381836,8
1OPH,11,25.997425079345703,20.562686920166016,73.92508697509766,0.0,0.006113793356526901,-15.234135627746582,1
1OPH,12,19.873605728149414,15.362080574035645,55.79653549194336,0.0,0.010708330724851821,-12.7897367477417,9
1OPH,13,8.711832046508789,7.880541801452637,25.97321128845215,0.0,0.043900693304410425,-12.900283813476562,12
1OPH,14,18.436410903930664,13.309803009033203,40.525718688964844,0.0,0.018226750155916512,-15.414852142333984,11
1J2J,0,10.382301330566406,11.460034370422363,28.133926391601562,0.0,0.03349623375451053,-17.10358428955078,0
1J2J,1,6.3016180992126465,6.098323822021484,19.03756332397461,0.0,0.07442133542785276,-19.34766960144043,1
1J2J,2,5.5787434577941895,5.530044078826904,16.71228790283203,0.0,0.09135002240722617,-21.560909271240234,0
1J2J,3,4.628392219543457,4.358732223510742,11.746092796325684,0.0,0.14985867428912128,-21.256059646606445,0
1J2J,4,8.089673042297363,8.199201583862305,19.113805770874023,0.0,0.06583155663196082,-20.442724227905273,0
1J2J,5,5.4414591789245605,5.348014831542969,15.22614574432373,0.0,0.1035094009122114,-24.343788146972656,0
1J2J,6,8.07068157196045,8.067962646484375,22.657581329345703,0.0,0.05226196454795928,-20.677244186401367,1
1J2J,7,5.750887393951416,6.235205173492432,18.191730499267578,0.0,0.07796795810828812,-18.698436737060547,0
1J2J,8,4.56433629989624,4.664335250854492,14.615009307861328,0.0,0.11549424919884309,-19.458301544189453,0
1J2J,9,9.110917091369629,9.873919486999512,20.798961639404297,0.0,0.05522346805427845,-19.515718460083008,0
1J2J,10,4.3760666847229,4.489313125610352,13.918418884277344,0.0,0.12402451378401332,-20.342266082763672,0
1J2J,11,5.5960001945495605,5.822819709777832,16.586746215820312,0.0,0.09007435020426474,-22.997209548950195,0
1J2J,12,4.861253261566162,4.856505870819092,15.297449111938477,0.0,0.10766604310634198,-18.742311477661133,0
1J2J,13,11.530750274658203,10.119250297546387,29.80522346496582,0.0,0.03223790023438527,-17.06410026550293,17
1J2J,14,9.85633373260498,10.53629207611084,23.55870246887207,0.2,0.11168274488591172,-20.758882522583008,0
4FZA,0,20.286821365356445,16.356929779052734,31.309913635253906,0.0,0.025660553171898883,-17.52105712890625,2
4FZA,1,17.49308967590332,14.897651672363281,45.94949722290039,0.0,0.01437453179032819,-13.829883575439453,18
4FZA,2,20.332202911376953,15.490130424499512,30.854063034057617,0.0,0.02661044409853607,-15.303407669067383,5
4FZA,3,7.693864822387695,6.534557819366455,17.075031280517578,0.0,0.08288319929842826,-15.830501556396484,10
4FZA,4,10.557151794433594,9.167083740234375,20.750118255615234,0.0,0.05658885936859362,-16.036245346069336,16
4FZA,5,19.44207000732422,14.519074440002441,30.099411010742188,0.0,0.028139674922144097,-17.492759704589844,8
4FZA,6,20.251625061035156,15.499529838562012,30.82695960998535,0.0,0.0266451667946908,-16.546268463134766,4
4FZA,7,20.829280853271484,16.460933685302734,31.728424072265625,0.0,0.025066348386749374,-16.647085189819336,10
4FZA,8,12.44676685333252,8.181196212768555,23.803258895874023,0.0,0.048539208633099094,-16.142709732055664,7
4FZA,9,20.943017959594727,16.488054275512695,34.83234405517578,0.0,0.021470157453706687,-14.994993209838867,5
4FZA,10,11.446710586547852,7.646493434906006,22.88714599609375,0.0,0.052755443798187196,-15.402047157287598,5
4FZA,11,20.841676712036133,15.943510055541992,31.63942527770996,0.0,0.02536311534970759,-16.581905364990234,6
4FZA,12,13.475119590759277,12.763721466064453,27.256479263305664,0.0,0.03408507694821853,-20.244504928588867,9
4FZA,13,20.567279815673828,16.903989791870117,42.62845230102539,0.0,0.015350528228790442,-13.00121021270752,14
4FZA,14,21.456560134887695,14.59487533569336,39.70292282104492,0.0,0.018092754406967632,-16.33186149597168,7
2PCC,0,24.39883804321289,20.51596450805664,65.29905700683594,0.0,0.007326397557329033,-22.56006622314453,3
2PCC,1,19.632949829101562,17.98308753967285,56.18685531616211,0.0,0.009761104869142292,-13.030717849731445,1
2PCC,2,24.487293243408203,19.26191520690918,67.5059585571289,0.0,0.007211627433407514,-19.63861846923828,2
2PCC,3,11.354471206665039,9.572025299072266,37.21232986450195,0.0,0.02451877416200746,-16.865867614746094,0
2PCC,4,18.886117935180664,14.472140312194824,56.05316925048828,0.0,0.011035643168030428,-15.493078231811523,0
2PCC,5,14.369827270507812,11.905962944030762,47.16437911987305,0.0,0.01569419154121383,-14.162324905395508,0
2PCC,6,13.669168472290039,12.455982208251953,45.78073501586914,0.0,0.01587278948413784,-17.17718505859375,1
2PCC,7,19.528522491455078,14.890832901000977,56.7212028503418,0.0,0.010669584978755295,-14.333091735839844,2
2PCC,8,15.885579109191895,12.99029541015625,50.932655334472656,0.0,0.01341822472717824,-13.76896858215332,0
2PCC,9,14.497891426086426,13.044819831848145,48.49053192138672,0.0,0.014286994303035061,-16.56631088256836,0
2PCC,10,20.435718536376953,12.820699691772461,50.5373420715332,0.0,0.01367140743424222,-13.724793434143066,31
2PCC,11,24.725482940673828,25.771955490112305,66.8484115600586,0.0,0.006428953760540645,-15.793135643005371,4
2PCC,12,15.02853012084961,11.483752250671387,46.866539001464844,0.0,0.016207105534946906,-16.067317962646484,1
2PCC,13,17.51935577392578,16.88793182373047,52.05512237548828,0.0,0.011266014968464674,-17.77252960205078,0
2PCC,14,24.19868278503418,24.12964630126953,64.98686218261719,0.0,0.006889757771382472,-15.821656227111816,12
4JCV,0,11.558818817138672,16.194076538085938,25.6193904876709,0.0,0.03588967450636909,-14.865501403808594,15
4JCV,1,33.23517608642578,27.050243377685547,80.18502807617188,0.0,0.004725898068375842,-19.023616790771484,0
4JCV,2,33.50987243652344,26.082218170166016,80.83169555664062,0.0,0.0047445178796636685,-18.28919792175293,0
4JCV,3,32.269527435302734,35.13941955566406,78.03907012939453,0.0,0.004514434803975225,-14.444161415100098,27
4JCV,4,25.681467056274414,19.287368774414062,65.926025390625,0.0,0.007454573133136207,-17.865711212158203,1
4JCV,5,19.854711532592773,17.320743560791016,47.75680160522461,0.0,0.012716648260088934,-13.804367065429688,28
4JCV,6,12.391962051391602,15.711380958557129,27.280122756958008,0.0,0.032508306985295964,-12.822232246398926,25
4JCV,7,26.38619041442871,18.366621017456055,67.35900115966797,0.0,0.007433326666182451,-15.9073486328125,0
4JCV,8,25.53108787536621,20.42971420288086,65.80728912353516,0.0,0.007257260355044877,-16.39289093017578,2
4JCV,9,28.97902488708496,25.640920639038086,70.1396713256836,0.0,0.005961424931969407,-13.81141185760498,19
4JCV,10,27.438854217529297,17.397077560424805,70.1038589477539,0.0,0.007289171190718956,-19.034215927124023,0
4JCV,11,34.030887603759766,30.34079933166504,86.40027618408203,0.0,0.004007969538752795,-17.75514793395996,6
4JCV,12,32.77098846435547,32.287532806396484,79.7633056640625,0.0,0.004460767963722065,-14.797012329101562,24
4JCV,13,20.651630401611328,18.52442169189453,52.09862518310547,0.0,0.010814178560866259,-16.852100372314453,1
4JCV,14,20.49363899230957,19.7487735748291,51.731773376464844,0.333333,0.12178556731160495,-19.089426040649414,1
1JZD,0,9.599467277526855,11.99728775024414,22.783103942871094,0.0,0.04585858898943798,-16.441028594970703,0
1JZD,1,25.362045288085938,28.392770767211914,61.27003860473633,0.0,0.007221969540244064,-18.369285583496094,0
1JZD,2,24.39812469482422,27.75811767578125,58.87226867675781,0.0,0.007777217267433179,-19.78153419494629,0
1JZD,3,12.469955444335938,15.007445335388184,30.482154846191406,0.066667,0.04956880319222123,-15.595748901367188,2
1JZD,4,26.19349479675293,28.94159507751465,62.93759536743164,0.0,0.006863988818751166,-19.129501342773438,2
1JZD,5,25.6816463470459,28.21694564819336,62.38440704345703,0.0,0.007014739101859239,-17.87563133239746,1
1JZD,6,23.519277572631836,25.709909439086914,58.685211181640625,0.0,0.007980038598614844,-18.00775909423828,9
1JZD,7,12.180608749389648,17.03668975830078,28.70142936706543,0.0,0.029442171956250734,-12.984795570373535,12
1JZD,8,9.462785720825195,12.380058288574219,21.9191951751709,0.0,0.04839654189981405,-16.697216033935547,0
1JZD,9,10.069696426391602,12.462725639343262,24.01811981201172,0.0,0.041861310744184144,-16.06951141357422,0
1JZD,10,9.472207069396973,12.5628080368042,21.7096004486084,0.0,0.048992263159143006,-16.035411834716797,0
1JZD,11,9.828124046325684,13.037837028503418,21.854341506958008,0.0,0.04815335970808155,-15.323993682861328,0
1JZD,12,8.070956230163574,10.547296524047852,18.572040557861328,0.0,0.06433835990330901,-15.930329322814941,0
1JZD,13,23.984506607055664,22.295583724975586,58.75981521606445,0.0,0.008334190855999365,-19.466270446777344,0
1JZD,14,7.701415538787842,11.057989120483398,17.54808807373047,0.0,0.0693689750300634,-16.11553192138672,0
1I4D,0,24.697052001953125,15.947360038757324,60.93793487548828,0.0,0.00928488794811446,-16.610645294189453,4
1I4D,1,16.921937942504883,18.0885009765625,41.94401931762695,0.0,0.015425712597432029,-12.801376342773438,10
1I4D,2,19.335609436035156,17.598901748657227,43.05958938598633,0.0,0.014905938540565078,-16.480680465698242,3
1I4D,3,22.47723388671875,13.534839630126953,57.9667854309082,0.0,0.011060867921608738,-15.318748474121094,9
1I4D,4,18.165607452392578,17.33917236328125,47.6663932800293,0.0,0.012749081268609694,-13.234090805053711,3
1I4D,5,25.22510528564453,16.391826629638672,60.727725982666016,0.0,0.009173080397024871,-16.300090789794922,4
1I4D,6,25.961959838867188,21.69925880432129,64.5286865234375,0.0,0.007270387026077875,-14.13758659362793,2
1I4D,7,18.29553985595703,19.127056121826172,45.85037612915039,0.0,0.013112828879643781,-12.722434043884277,4
1I4D,8,19.41173553466797,16.358196258544922,43.89845657348633,0.0,0.014825153997183087,-15.578672409057617,3
1I4D,9,19.17266082763672,18.29705047607422,48.070011138916016,0.0,0.012331718095198846,-12.766599655151367,11
1I4D,10,16.43256378173828,17.49974250793457,40.6192741394043,0.0,0.016415440238567124,-11.33841609954834,1
1I4D,11,19.0649356842041,17.75726890563965,44.48880386352539,0.0,0.014101036278375572,-11.87588119506836,5
1I4D,12,17.947154998779297,14.115427017211914,40.60781478881836,0.0,0.01771398482382464,-12.675063133239746,4
1I4D,13,21.044374465942383,16.40550994873047,49.00131607055664,0.0,0.0125005599815647,-12.657002449035645,1
1I4D,14,16.731178283691406,17.41840934753418,40.73972702026367,0.0,0.016358903814342022,-12.188311576843262,10
2DD8,0,21.851551055908203,16.466602325439453,48.79452133178711,0.0,0.012560531929643804,-14.730855941772461,19
2DD8,1,10.849251747131348,13.684587478637695,21.110811233520508,0.0,0.05045783970812909,-16.604515075683594,0
2DD8,2,17.34968376159668,13.30428695678711,35.749610900878906,0.0,0.022019750933409087,-15.945363998413086,9
2DD8,3,11.55770492553711,12.958891868591309,21.988004684448242,0.0,0.047744012760621124,-18.707300186157227,2
2DD8,4,20.923147201538086,16.355960845947266,46.35128402709961,0.0,0.013625142411835803,-14.745594024658203,11
2DD8,5,14.285367965698242,14.43445873260498,27.416112899780273,0.0,0.032792326027701824,-15.30673885345459,21
2DD8,6,17.380769729614258,16.413856506347656,33.58176803588867,0.0,0.02283044923070152,-16.83197784423828,1
2DD8,7,23.723064422607422,15.954583168029785,56.46823501586914,0.0,0.010306035688299221,-15.594789505004883,21
2DD8,8,17.724287033081055,16.478172302246094,34.879417419433594,0.0,0.021425713263236144,-18.292926788330078,2
2DD8,9,9.816569328308105,7.1165771484375,20.98883056640625,0.066667,0.08336730554432925,-18.871871948242188,4
2DD8,10,10.676862716674805,8.027029037475586,22.710538864135742,0.0,0.05220396752900334,-18.77097511291504,8
2DD8,11,15.792214393615723,13.033459663391113,31.510906219482422,0.0,0.026966882070070062,-13.625886917114258,17
2DD8,12,12.43101978302002,13.51732349395752,24.276466369628906,0.0,0.04045658222133653,-15.774466514587402,1
2DD8,13,16.515562057495117,15.852646827697754,32.41496658325195,0.0,0.02440383527410041,-19.448589324951172,2
2DD8,14,17.73151206970215,19.022905349731445,40.75048065185547,0.0,0.01595784805106087,-18.574993133544922,2
3AAA,0,17.593782424926758,19.577178955078125,53.21133041381836,0.0,0.010239472878874332,-20.511985778808594,1
3AAA,1,10.274423599243164,9.210733413696289,27.798057556152344,0.0,0.0371136104494512,-17.88217544555664,1
3AAA,2,19.395328521728516,19.118059158325195,57.742393493652344,0.0,0.009109382399435283,-17.84214973449707,2
3AAA,3,12.909934043884277,12.818531036376953,35.13823318481445,0.0,0.0229299449461289,-20.08772850036621,0
3AAA,4,11.317044258117676,14.013602256774902,27.93898582458496,0.0,0.03201492834801993,-21.932382583618164,0
3AAA,5,18.742176055908203,17.229122161865234,54.35519027709961,0.0,0.010464448504127961,-21.724815368652344,0
3AAA,6,10.178059577941895,9.714506149291992,26.80940055847168,0.0,0.03820916161743717,-16.421613693237305,3
3AAA,7,8.162917137145996,9.555816650390625,20.49435806274414,0.0,0.05693907955937788,-20.19483757019043,0
3AAA,8,23.345518112182617,18.681316375732422,64.47766876220703,0.0,0.007829253736358769,-17.147390365600586,3
3AAA,9,21.353574752807617,18.9938907623291,62.342735290527344,0.0,0.008149404807714368,-21.535791397094727,4
3AAA,10,20.725297927856445,18.45453643798828,61.097808837890625,0.0,0.008516808926752254,-18.392492294311523,2
3AAA,11,25.951589584350586,23.06007957458496,69.6097640991211,0.0,0.0063016558184753905,-16.16597557067871,11
3AAA,12,19.69936752319336,18.189950942993164,56.673248291015625,0.0,0.009584708999179134,-19.028278350830078,3
3AAA,13,7.930372714996338,8.725472450256348,21.08766746520996,0.0,0.05615657702190816,-21.68287467956543,0
3AAA,14,16.81779670715332,18.136648178100586,51.46224594116211,0.0,0.011116747217859713,-21.147249221801758,1
1QA9,0,11.418890953063965,9.382674217224121,37.65570831298828,0.0,0.02446818280094486,-16.9943790435791,0
1QA9,1,11.354109764099121,10.156508445739746,29.655746459960938,0.0,0.032420674586603304,-16.719083786010742,2
1QA9,2,10.748125076293945,10.055416107177734,40.213768005371094,0.0,0.021511672549928567,-17.15396499633789,1
1QA9,3,6.160477638244629,6.030332088470459,13.613493919372559,0.0,0.11292202228586655,-21.905473709106445,0
1QA9,4,11.254293441772461,10.49838638305664,40.59387969970703,0.0,0.02066969276187107,-16.63202667236328,0
1QA9,5,6.060355186462402,7.777894496917725,12.5272855758667,0.0,0.11703649396411436,-16.245790481567383,0
1QA9,6,5.633778095245361,7.272376537322998,9.652124404907227,0.0,0.15919708937140745,-16.659652709960938,0
1QA9,7,7.357275485992432,9.115159034729004,12.838537216186523,0.0,0.1103727663510685,-16.11850357055664,1
1QA9,8,13.057476997375488,10.62761402130127,21.33306884765625,0.0,0.05217924214329156,-16.93535804748535,0
1QA9,9,8.19328784942627,9.381776809692383,27.250835418701172,0.0,0.03786386711035435,-18.52643585205078,1
1QA9,10,12.849438667297363,11.259191513061523,43.89889907836914,0.0,0.01785858067423134,-16.11361312866211,0
1QA9,11,10.674761772155762,9.234109878540039,34.49449920654297,0.0,0.027651232568427817,-17.709932327270508,2
1QA9,12,6.326408386230469,7.145479679107666,11.553804397583008,0.0,0.13112611635288532,-17.019559860229492,0
1QA9,13,6.154116153717041,6.743991374969482,15.47643756866455,0.0,0.0929600066889344,-18.83538818359375,0
1QA9,14,14.989197731018066,13.933773040771484,57.42930603027344,0.0,0.010964330840204553,-17.0447940826416,0
1M27,0,10.251116752624512,7.156440258026123,30.221435546875,0.0,0.03846353187496798,-18.03365135192871,0
1M27,1,16.77159309387207,11.47935962677002,36.30192947387695,0.0,0.02292108269796347,-17.481857299804688,36
1M27,2,9.173518180847168,10.063201904296875,27.079784393310547,0.0,0.037141326016842696,-21.002676010131836,0
1M27,3,10.095614433288574,7.832149028778076,31.742769241333008,0.0,0.03409624286125558,-19.417720794677734,0
1M27,4,10.514884948730469,7.220571517944336,29.30095100402832,0.0,0.03966406711468902,-19.286577224731445,0
1M27,5,14.891448020935059,11.180649757385254,43.310062408447266,0.0,0.01825662314856236,-16.419214248657227,0
1M27,6,14.806958198547363,12.060615539550781,43.9171142578125,0.0,0.01711344198127932,-17.948043823242188,0
1M27,7,12.905003547668457,10.833823204040527,42.29401779174805,0.0,0.019210599207281177,-17.826000213623047,0
1M27,8,12.199981689453125,11.409143447875977,42.09233093261719,0.0,0.018724133396592724,-18.97514533996582,0
1M27,9,11.141883850097656,7.915194511413574,28.167266845703125,0.0,0.03937744725496364,-18.829063415527344,0
1M27,10,11.095932006835938,10.247936248779297,29.859769821166992,0.0,0.03197813744751127,-19.05467414855957,0
1M27,11,14.82650375366211,9.589781761169434,42.25213623046875,0.0,0.02092611169258637,-19.960500717163086,0
1M27,12,10.699922561645508,9.16881275177002,33.637874603271484,0.0,0.02869570270757792,-18.4654541015625,0
1M27,13,11.754840850830078,9.135738372802734,30.90232276916504,0.0,0.03219579395535719,-16.882339477539062,0
1M27,14,9.638200759887695,7.1015191078186035,29.997482299804688,0.0,0.039011046772904276,-21.91368293762207,0
1KKL,0,23.62188720703125,24.69178581237793,68.34957885742188,0.0,0.00630230080343545,-13.539958953857422,1
1KKL,1,8.824490547180176,10.569380760192871,26.843460083007812,0.222222,0.11103189881152914,-17.698274612426758,0
1KKL,2,18.061405181884766,24.287864685058594,55.42940139770508,0.0,0.008925034982260391,-24.77042579650879,1
1KKL,3,10.045331001281738,11.271591186523438,32.434608459472656,0.0,0.027222134944855095,-16.53305435180664,0
1KKL,4,6.558501720428467,10.563353538513184,17.55457878112793,0.0,0.06989686331617388,-21.092605590820312,0
1KKL,5,6.965424537658691,11.29929256439209,18.67241859436035,0.0,0.0629900105492769,-22.584611892700195,0
1KKL,6,18.00307273864746,26.202682495117188,54.99934387207031,0.0,0.008864698065379735,-18.4930477142334,0
1KKL,7,16.025222778320312,22.185104370117188,50.247650146484375,0.0,0.01079014987546594,-19.519336700439453,0
1KKL,8,23.51770782470703,26.66014289855957,68.3869400024414,0.0,0.006123091812958447,-14.288375854492188,0
1KKL,9,17.60245132446289,23.531463623046875,54.17750549316406,0.0,0.009356855838908355,-20.272470474243164,0
1KKL,10,21.52719497680664,23.434738159179688,64.06233215332031,0.0,0.0071268437627108805,-14.301063537597656,1
1KKL,11,9.641644477844238,13.533635139465332,28.401729583740234,0.0,0.031446524303431006,-19.579357147216797,1
1KKL,12,24.378164291381836,25.55327033996582,70.35215759277344,0.0,0.005940529871467763,-14.566880226135254,0
1KKL,13,15.248963356018066,15.729374885559082,48.59511184692383,0.0,0.012899673882602417,-17.505809783935547,1
1KKL,14,16.705875396728516,20.68522834777832,52.988311767578125,0.0,0.010105900323323438,-18.803211212158203,0
1XD3,0,16.695287704467773,16.56732177734375,53.62218475341797,0.0,0.0108807809733026,-16.87075424194336,0
1XD3,1,6.337555408477783,6.839991092681885,13.653214454650879,0.0,0.10840302258901946,-15.150381088256836,2
1XD3,2,19.471019744873047,17.031957626342773,53.967594146728516,0.0,0.010634318005546648,-12.975358009338379,1
1XD3,3,3.801527976989746,3.93216872215271,9.217679977416992,0.0,0.19553093163388838,-21.116477966308594,0
1XD3,4,5.192554473876953,5.377901554107666,11.24119758605957,0.181818,0.20592284699063212,-20.723331451416016,1
1XD3,5,7.390355110168457,8.043107032775879,15.313098907470703,0.0,0.08971737860487987,-18.069833755493164,1
1XD3,6,8.7896146774292,9.415901184082031,19.057289123535156,0.0,0.06355926751066522,-18.788494110107422,0
1XD3,7,7.417243003845215,8.012097358703613,15.578076362609863,0.0,0.08776063026281052,-19.2352352142334,0
1XD3,8,18.295269012451172,15.644046783447266,53.9213752746582,0.0,0.01111890053196195,-14.850452423095703,4
1XD3,9,6.590655326843262,7.081308841705322,14.056326866149902,0.0,0.10356798091751634,-18.576322555541992,1
1XD3,10,5.562788009643555,5.800806045532227,11.739556312561035,0.409091,0.27190127198554087,-21.337175369262695,1
1XD3,11,60.13589096069336,69.08589172363281,160.69886779785156,0.0,0.0010870529827103025,0.0,0
1XD3,12,8.16333293914795,8.94334888458252,16.952207565307617,0.0,0.07608784223424632,-20.538103103637695,0
1XD3,13,20.254295349121094,18.120277404785156,53.8587760925293,0.0,0.010369276139797629,-15.06203556060791,1
1XD3,14,15.765591621398926,15.324440956115723,46.7330436706543,0.0,0.013837536439127848,-14.93547248840332,4
1CLV,0,8.360274314880371,15.650120735168457,35.58708572387695,0.0,0.021024487012888518,-17.08803939819336,5
1CLV,1,7.818504333496094,15.307676315307617,33.18301010131836,0.0,0.023695306538318906,-18.637439727783203,6
1CLV,2,8.79567813873291,17.315448760986328,37.223934173583984,0.0,0.019002348792320867,-18.877187728881836,4
1CLV,3,6.235607624053955,12.084309577941895,26.66992950439453,0.0,0.03579474231593361,-17.966978073120117,10
1CLV,4,9.135812759399414,17.222312927246094,38.68384552001953,0.0,0.01786206626248268,-20.47613525390625,7
1CLV,5,5.94215726852417,12.814507484436035,24.955524444580078,0.0,0.03915641574934372,-19.070158004760742,0
1CLV,6,4.143254280090332,9.201334953308105,16.865022659301758,0.0,0.0761501952730881,-15.833001136779785,7
1CLV,7,9.344825744628906,17.394071578979492,39.41923141479492,0.0,0.017270852070277776,-12.015856742858887,13
1CLV,8,5.499002456665039,10.553232192993164,24.02667808532715,0.0,0.04367892975317255,-21.295936584472656,3
1CLV,9,3.5680906772613525,8.42587661743164,14.490251541137695,0.0,0.09557565821205112,-18.71174430847168,5
1CLV,10,5.541006565093994,10.95366382598877,24.103134155273438,0.0,0.04300497921915152,-19.155797958374023,7
1CLV,11,4.218674182891846,9.515069007873535,17.52320098876953,0.0,0.0715751203905338,-18.543825149536133,1
1CLV,12,5.990897178649902,12.48948860168457,25.740745544433594,0.0,0.03751346963495759,-18.624048233032227,6
1CLV,13,6.304590225219727,12.45890998840332,26.888845443725586,0.0,0.03504627435869503,-18.558731079101562,0
1CLV,14,5.940508842468262,12.405133247375488,25.214099884033203,0.0,0.038819431205986944,-16.20602035522461,10
1PXV,0,14.781423568725586,13.80630111694336,36.262657165527344,0.0,0.021249483469035105,-16.714527130126953,0
1PXV,1,13.940292358398438,11.642083168029785,26.087337493896484,0.0,0.0374348510464793,-15.965913772583008,5
1PXV,2,16.19692611694336,13.36843204498291,35.430355072021484,0.0,0.02228549830874639,-19.01573371887207,0
1PXV,3,16.774091720581055,15.208014488220215,36.57320022583008,0.0,0.020293735792693165,-14.407280921936035,0
1PXV,4,14.729642868041992,11.842707633972168,32.18038558959961,0.027027,0.03601141854770958,-17.699596405029297,0
1PXV,5,13.70449161529541,12.421794891357422,30.224496841430664,0.0,0.02922175249624344,-15.48877239227295,0
1PXV,6,15.218785285949707,13.752130508422852,31.88117027282715,0.0,0.02604110421218127,-16.990774154663086,0
1PXV,7,10.818428993225098,9.576961517333984,24.38751983642578,0.0,0.04408830988374579,-17.11825942993164,0
1PXV,8,12.120903015136719,10.867483139038086,27.038421630859375,0.0,0.03621122812808756,-18.099727630615234,0
1PXV,9,16.12774658203125,15.695002555847168,38.168521881103516,0.0,0.018767248659875977,-17.449119567871094,0
1PXV,10,15.568228721618652,12.79658317565918,33.25065994262695,0.135135,0.07000975165473776,-22.714853286743164,0
1PXV,11,15.673542976379395,15.828147888183594,39.00892639160156,0.0,0.018076253529494473,-16.860105514526367,0
1PXV,12,15.626687049865723,13.956138610839844,37.15512466430664,0.027027,0.02939336391771789,-18.920692443847656,0
1PXV,13,14.529627799987793,14.571313858032227,34.849857330322266,0.0,0.022211532641423167,-17.43324089050293,0
1PXV,14,14.889206886291504,13.162214279174805,31.370014190673828,0.0,0.027072763042186167,-14.858041763305664,0
6OC3,0,14.126106262207031,8.057612419128418,36.24649429321289,0.0,0.028540259184364907,-17.455036163330078,1
6OC3,1,9.387388229370117,5.940091609954834,23.073719024658203,0.0,0.05981195137712894,-14.53072452545166,8
6OC3,2,17.10447883605957,9.589740753173828,41.723670959472656,0.0,0.021243525417000992,-15.407692909240723,2
6OC3,3,22.810333251953125,14.57963752746582,60.45981979370117,0.0,0.009952108627838518,-13.817272186279297,10
6OC3,4,16.654672622680664,11.031988143920898,42.004547119140625,0.0,0.0191633648091482,-13.505940437316895,8
6OC3,5,16.882600784301758,9.490304946899414,42.854225158691406,0.0,0.02074171284043468,-18.152950286865234,2
6OC3,6,18.117971420288086,9.388294219970703,50.046634674072266,0.0,0.017643169861346845,-14.122578620910645,5
6OC3,7,15.460454940795898,8.320425987243652,39.359432220458984,0.0,0.025345802823492667,-15.779265403747559,0
6OC3,8,18.387235641479492,14.187911987304688,36.550941467285156,0.0,0.02078660737465005,-12.709728240966797,77
6OC3,9,11.784107208251953,9.723793983459473,30.22603416442871,0.0,0.03217643834909171,-15.017524719238281,21
6OC3,10,7.50383186340332,6.097051620483398,16.168277740478516,0.111111,0.1282394972283574,-15.120963096618652,4
6OC3,11,17.930753707885742,9.5529203414917,48.175960540771484,0.0,0.01808402701215652,-14.323705673217773,5
6OC3,12,11.669965744018555,8.016597747802734,32.11781692504883,0.0,0.033093993662612106,-14.679938316345215,14
6OC3,13,12.968719482421875,8.811257362365723,31.790891647338867,0.0,0.031627556748465686,-16.024465560913086,3
6OC3,14,6.983110427856445,6.558737277984619,13.924565315246582,0.111111,0.14409537195722433,-13.764898300170898,9
3WD5,0,21.092302322387695,16.473541259765625,35.02064514160156,0.0,0.02128520019178026,-17.37142562866211,1
3WD5,1,22.52134132385254,14.134669303894043,66.86200714111328,0.0,0.009013611899613793,-15.666029930114746,18
3WD5,2,30.60607147216797,26.869203567504883,83.26419067382812,0.0,0.004473554008646816,-13.485966682434082,37
3WD5,3,29.800817489624023,18.05732536315918,65.80168151855469,0.0,0.007755237321337775,-16.658432006835938,13
3WD5,4,27.19052505493164,18.681106567382812,61.17066192626953,0.0,0.008449620306361696,-17.072696685791016,7
3WD5,5,24.79532241821289,17.321157455444336,66.49436950683594,0.0,0.007840498824161692,-17.703664779663086,7
3WD5,6,24.861919403076172,16.646638870239258,66.58247375488281,0.0,0.00803004965746189,-16.585655212402344,17
3WD5,7,27.38934326171875,29.438766479492188,74.15961456298828,0.0,0.005185454343446462,-16.328048706054688,4
3WD5,8,24.41365623474121,16.60492515563965,66.18949127197266,0.0,0.008106074659512172,-18.01731300354004,4
3WD5,9,27.340986251831055,19.828624725341797,67.86917114257812,0.0,0.007044385972189174,-15.723695755004883,21
3WD5,10,29.65186309814453,19.163789749145508,63.861000061035156,0.0,0.007832310807021401,-17.35561180114746,13
3WD5,11,28.163742065429688,20.008682250976562,64.96849822998047,0.0,0.007472607463323352,-17.42935562133789,7
3WD5,12,25.289615631103516,18.12309455871582,64.01353454589844,0.0,0.008043343945027768,-16.52686882019043,11
3WD5,13,29.67694854736328,19.60064697265625,65.21587371826172,0.0,0.007508753247677818,-15.048089027404785,15
3WD5,14,19.06559944152832,17.038646697998047,27.145071029663086,0.0,0.032328932259912464,-16.2493896484375,5
4M5Z,0,13.076894760131836,13.185385704040527,26.03898048400879,0.090909,0.06666102887672644,-15.766244888305664,10
4M5Z,1,9.744117736816406,9.21741771697998,19.967466354370117,0.0,0.059737655737650754,-14.446480751037598,5
4M5Z,2,13.784459114074707,16.491992950439453,28.49134635925293,0.0,0.029978252019974175,-19.781002044677734,0
4M5Z,3,6.160501003265381,4.1640777587890625,17.049760818481445,0.363636,0.22585317587302436,-13.511341094970703,7
4M5Z,4,13.329729080200195,12.759780883789062,25.348604202270508,0.0,0.038236073325106486,-15.860016822814941,5
4M5Z,5,12.751078605651855,14.155817985534668,22.893508911132812,0.0,0.04408489455759648,-14.99498462677002,3
4M5Z,6,21.262086868286133,13.74252700805664,55.70777130126953,0.0,0.011508356883380496,-14.9259033203125,4
4M5Z,7,21.710092544555664,14.034513473510742,59.126895904541016,0.0,0.010514087713845807,-14.191112518310547,2
4M5Z,8,20.507095336914062,16.134855270385742,60.90734100341797,0.0,0.009224193799078588,-13.031839370727539,3
4M5Z,9,8.704667091369629,6.8254923820495605,18.773300170898438,0.363636,0.19327755734755173,-14.630337715148926,17
4M5Z,10,18.666404724121094,14.957329750061035,52.8237419128418,0.0,0.01173210386676627,-14.379985809326172,9
4M5Z,11,19.219364166259766,12.583483695983887,57.33135986328125,0.0,0.01183966504953969,-12.936793327331543,0
4M5Z,12,13.76691722869873,14.2799654006958,25.372499465942383,0.090909,0.06757611577933557,-15.08094596862793,14
4M5Z,13,20.293182373046875,17.36712646484375,55.872833251953125,0.0,0.010008308467777463,-16.734018325805664,10
4M5Z,14,25.949806213378906,14.255776405334473,68.94976043701172,0.0,0.008640040534226632,-14.715231895446777,1
1HE1,0,9.578551292419434,9.038171768188477,21.533639907836914,0.0,0.05387108903900283,-14.230203628540039,2
1HE1,1,16.057579040527344,15.414677619934082,45.8666877746582,0.0,0.014194487012294097,-15.327713966369629,5
1HE1,2,9.133317947387695,8.973984718322754,22.266061782836914,0.0,0.05145807806764608,-15.317729949951172,1
1HE1,3,14.566543579101562,13.672325134277344,36.93540573120117,0.0,0.020730013569689374,-13.620481491088867,1
1HE1,4,9.628463745117188,10.204435348510742,19.26905059814453,0.0,0.061347388066172466,-12.02424144744873,3
1HE1,5,13.141860008239746,10.354606628417969,28.81247901916504,0.0,0.03353915129744602,-16.826358795166016,1
1HE1,6,9.936210632324219,9.671792984008789,23.462186813354492,0.0,0.046503490881314224,-13.474104881286621,1
1HE1,7,4.573546886444092,4.130910873413086,19.182748794555664,0.0,0.09353760067826411,-16.388675689697266,1
1HE1,8,7.875144958496094,6.202106475830078,19.29505729675293,0.222222,0.14666894722720564,-14.462366104125977,5
1HE1,9,15.029923439025879,10.496188163757324,26.34003257751465,0.0,0.03810985377475167,-15.330999374389648,2
1HE1,10,16.09076690673828,14.526673316955566,41.27152633666992,0.0,0.017080174309337396,-13.377820014953613,3
1HE1,11,5.4055023193359375,5.795383453369141,14.135320663452148,0.0,0.10945142238113216,-14.829691886901855,0
1HE1,12,9.353601455688477,6.980391502380371,21.968843460083008,0.0,0.05811561612607763,-12.728002548217773,4
1HE1,13,9.543508529663086,9.039277076721191,16.99369239807129,0.0,0.07563924148406956,-14.285052299499512,1
1HE1,14,10.392879486083984,7.400517463684082,19.94540786743164,0.0,0.06438740072243562,-12.075161933898926,6
1EAW,0,7.194510459899902,6.753939628601074,23.409774780273438,0.0,0.054496170389312315,-28.75431251525879,0
1EAW,1,4.340869903564453,5.001878261566162,10.388208389282227,0.0,0.16117783038867586,-22.16534996032715,0
1EAW,2,4.318746089935303,5.6528520584106445,10.367334365844727,0.0,0.15592287097386956,-17.79438591003418,2
1EAW,3,6.980625629425049,6.578653812408447,22.903268814086914,0.0,0.056826584235862905,-25.500585556030273,0
1EAW,4,7.502579689025879,6.825321197509766,24.805627822875977,0.0,0.050384613513134495,-28.437788009643555,1
1EAW,5,5.047403335571289,6.419196128845215,12.728194236755371,0.0,0.12006615215099475,-19.518024444580078,0
1EAW,6,5.627753734588623,5.533337593078613,18.141380310058594,0.0,0.08282303502265843,-29.63359832763672,2
1EAW,7,4.5547332763671875,5.59932804107666,10.81887435913086,0.0,0.1495442031248396,-13.954771995544434,13
1EAW,8,6.624242305755615,8.084412574768066,17.96580696105957,0.0,0.07206074984115683,-15.926728248596191,0
1EAW,9,6.641295433044434,8.202669143676758,17.89299201965332,0.0,0.07215913886234142,-21.487138748168945,4
1EAW,10,11.355315208435059,10.944610595703125,36.43016052246094,0.0,0.023355478425336574,-26.632192611694336,0
1EAW,11,4.840742111206055,4.578293800354004,14.537856101989746,0.0,0.11723287697963998,-22.34020233154297,0
1EAW,12,6.978044509887695,6.401050567626953,22.366666793823242,0.0,0.05941734395911128,-20.956815719604492,0
1EAW,13,8.85287094116211,8.828333854675293,28.935317993164062,0.0,0.03583252222181244,-22.854671478271484,2
1EAW,14,13.420329093933105,13.36701774597168,41.49104690551758,0.0,0.017571510886326913,-16.93935775756836,1
1AKJ,0,16.779356002807617,20.70893669128418,36.11415481567383,0.0,0.019235986396300895,-14.824684143066406,0
1AKJ,1,24.35107421875,31.461538314819336,57.69152069091797,0.0,0.00783815225547193,-17.516599655151367,7
1AKJ,2,25.764585494995117,32.29571533203125,63.20509338378906,0.0,0.00663897352402332,-17.299842834472656,3
1AKJ,3,24.9090576171875,31.650007247924805,60.48507308959961,0.0,0.0072024885914543256,-21.135560989379883,5
1AKJ,4,28.3603572845459,30.725954055786133,63.91986083984375,0.0,0.006584581207267575,-20.547016143798828,4
1AKJ,5,28.27086067199707,30.336435317993164,63.88725662231445,0.0,0.00661082455472883,-19.269054412841797,3
1AKJ,6,18.55787467956543,17.65095329284668,34.688568115234375,0.0,0.021270802748632148,-17.61186408996582,4
1AKJ,7,19.409086227416992,18.88432502746582,40.86043167114258,0.0,0.015916401709141662,-18.828001022338867,5
1AKJ,8,28.344947814941406,31.59331512451172,65.0830078125,0.0,0.006340021773729562,-17.58989906311035,5
1AKJ,9,13.478541374206543,15.771143913269043,29.90271759033203,0.0,0.027908385136387655,-17.395050048828125,4
1AKJ,10,20.368919372558594,20.240745544433594,37.63302230834961,0.0,0.01800032367111173,-17.367511749267578,6
1AKJ,11,28.205093383789062,30.230710983276367,64.9946060180664,0.0,0.006423920908804785,-23.611465454101562,4
1AKJ,12,18.99436378479004,18.332971572875977,41.48444747924805,0.0,0.01564694997943936,-18.78717613220215,5
1AKJ,13,22.867700576782227,23.12191390991211,57.741302490234375,0.0,0.008467194657193079,-21.481298446655273,2
1AKJ,14,25.57295036315918,31.785058975219727,61.27444076538086,0.0,0.00703403456244599,-23.712757110595703,4
3L5W,0,9.377080917358398,9.531187057495117,21.833181381225586,0.0,0.05192902210908507,-16.661352157592773,2
3L5W,1,13.346424102783203,7.57528018951416,32.78499221801758,0.0,0.03357140274706138,-14.503579139709473,43
3L5W,2,12.581439018249512,6.3796892166137695,31.532176971435547,0.0,0.040043045285867586,-15.738394737243652,28
3L5W,3,8.87894058227539,9.721247673034668,21.85839080810547,0.0,0.05153647940744504,-17.866634368896484,5
3L5W,4,19.647294998168945,20.9204044342041,53.676292419433594,0.0,0.009859340326369577,-14.818613052368164,27
3L5W,5,10.11913776397705,9.889256477355957,23.984615325927734,0.0,0.04469010812682218,-16.436079025268555,11
3L5W,6,9.215293884277344,12.103845596313477,21.38053321838379,0.0,0.050535623384047816,-16.718584060668945,1
3L5W,7,7.681416034698486,9.312932968139648,17.952674865722656,0.0,0.0694690222232558,-19.87941551208496,1
3L5W,8,16.673978805541992,16.583890914916992,46.04255676269531,0.0,0.01369097657707317,-14.340579986572266,6
3L5W,9,9.634480476379395,12.101959228515625,22.49458885192871,0.0,0.04669164299896305,-18.149429321289062,5
3L5W,10,8.435924530029297,10.36268424987793,19.632205963134766,0.0,0.05946207576528023,-16.52850341796875,2
3L5W,11,9.669095039367676,12.088933944702148,22.780921936035156,0.0,0.04578911932405121,-17.44013214111328,6
3L5W,12,15.758679389953613,8.463786125183105,39.07722091674805,0.0,0.025209684787693445,-14.084016799926758,51
3L5W,13,11.255960464477539,13.482268333435059,28.937726974487305,0.0,0.030551225326404818,-19.28598976135254,6
3L5W,14,8.864418983459473,9.455434799194336,20.81207847595215,0.0,0.05583555909795144,-17.265554428100586,4
2O8V,0,21.38311004638672,20.873550415039062,63.01781463623047,0.0,0.007668572881063457,-17.319265365600586,3
2O8V,1,20.46440315246582,19.831708908081055,64.77958679199219,0.0,0.00753802540067134,-17.809696197509766,0
2O8V,2,19.509841918945312,19.06824493408203,62.24248504638672,0.0,0.008152675840609278,-16.796985626220703,0
2O8V,3,20.431177139282227,19.810697555541992,63.57582473754883,0.0,0.0077539129164387295,-17.56608009338379,0
2O8V,4,20.98981475830078,19.924945831298828,62.966678619384766,0.0,0.007844079228105623,-16.948593139648438,2
2O8V,5,14.00861644744873,10.465181350708008,41.3116455078125,0.0,0.020248520514490963,-18.613317489624023,0
2O8V,6,20.494129180908203,20.674531936645508,60.791656494140625,0.0,0.00813721354906051,-17.523080825805664,2
2O8V,7,19.011892318725586,19.693405151367188,60.8275032043457,0.0,0.008307048442909392,-15.90250015258789,3
2O8V,8,21.638423919677734,20.014333724975586,63.621334075927734,0.0,0.0077074342353217985,-16.75664710998535,6
2O8V,9,18.817922592163086,16.886634826660156,55.76340866088867,0.0,0.010178599190967022,-14.818618774414062,0
2O8V,10,18.928131103515625,16.854656219482422,55.50006866455078,0.0,0.010258781574762075,-14.755975723266602,0
2O8V,11,20.238964080810547,19.67230796813965,62.09917068481445,0.0,0.008057109300393104,-17.121135711669922,0
2O8V,12,13.05733871459961,13.136480331420898,34.19324493408203,0.0,0.023689899852595744,-16.471776962280273,0
2O8V,13,9.398797988891602,9.589747428894043,23.120235443115234,0.0,0.04765005081448806,-13.886456489562988,4
2O8V,14,15.302074432373047,11.084940910339355,45.49979782104492,0.0,0.01723482104038464,-16.093711853027344,0
3PC8,0,3.8516011238098145,4.185912609100342,10.67484188079834,0.0,0.16727233772936867,-16.48650360107422,0
3PC8,1,5.766849994659424,4.434842109680176,16.450912475585938,0.0,0.10445658104434676,-23.32139778137207,0
3PC8,2,7.996886730194092,5.84498929977417,23.785242080688477,0.0,0.05834542720766639,-22.176225662231445,0
3PC8,3,11.51418399810791,7.393717288970947,33.96367263793945,0.0,0.03282440642289457,-15.07762622833252,2
3PC8,4,14.258152961730957,13.359075546264648,37.658531188964844,0.0,0.020308994198492768,-23.515121459960938,0
3PC8,5,4.804259300231934,3.9754135608673096,7.986703872680664,0.0,0.2185768391552307,-20.85772132873535,1
3PC8,6,10.017569541931152,8.177300453186035,20.7188720703125,0.0,0.058871495174004806,-18.269630432128906,0
3PC8,7,6.290452480316162,5.277966499328613,10.849092483520508,0.0,0.15169708494302558,-23.168710708618164,1
3PC8,8,14.165460586547852,13.064693450927734,36.951229095458984,0.0,0.02108881198208817,-24.13680076599121,0
3PC8,9,10.994843482971191,10.704167366027832,34.607852935791016,0.0,0.02538357719375985,-16.220571517944336,0
3PC8,10,14.00274658203125,12.84190559387207,37.77534484863281,0.0,0.020550434705959842,-21.35051155090332,2
3PC8,11,10.59595775604248,11.090532302856445,36.82246780395508,0.0,0.02285140566991167,-18.84140968322754,0
3PC8,12,12.286678314208984,10.03682804107666,19.09257698059082,0.0,0.062421211102249546,-21.804540634155273,0
3PC8,13,10.187129020690918,9.336337089538574,28.324766159057617,0.0,0.03592586084397727,-14.692965507507324,0
3PC8,14,16.373991012573242,14.641419410705566,54.50551223754883,0.0,0.011376342203474915,-18.313079833984375,0
1JPS,0,25.612239837646484,25.210769653320312,61.33987808227539,0.0,0.0074560121993190835,-16.45193099975586,16
1JPS,1,15.533743858337402,20.051347732543945,38.616668701171875,0.0,0.017258531755344496,-13.384490013122559,4
1JPS,2,22.394821166992188,17.941543579101562,44.49431228637695,0.0,0.014050303407543556,-12.340459823608398,14
1JPS,3,19.623741149902344,15.402470588684082,38.80351638793945,0.0,0.018393999683045986,-15.1842622756958,20
1JPS,4,17.987323760986328,19.43748664855957,35.69829177856445,0.0,0.01985765126148662,-15.353965759277344,1
1JPS,5,22.690887451171875,19.11031723022461,41.57387924194336,0.0,0.015415963729455674,-17.76882553100586,2
1JPS,6,17.255918502807617,16.38847541809082,32.567256927490234,0.0,0.02402781737105505,-19.142183303833008,2
1JPS,7,20.953937530517578,20.628244400024414,48.70540237426758,0.0,0.011605445282906815,-19.388559341430664,1
1JPS,8,24.720869064331055,22.44434356689453,49.34115982055664,0.0,0.011089419205949518,-12.54169750213623,5
1JPS,9,16.882627487182617,16.715194702148438,32.040401458740234,0.0,0.024580006148594475,-15.441179275512695,7
1JPS,10,22.962318420410156,18.286340713500977,41.35825729370117,0.0,0.015736948029058336,-16.05305290222168,6
1JPS,11,21.871986389160156,20.995405197143555,40.834693908691406,0.0,0.015535990395631706,-18.050777435302734,5
1JPS,12,23.993074417114258,22.987735748291016,55.80144119262695,0.0,0.008972257274227824,-17.446182250976562,11
1JPS,13,21.200885772705078,18.659648895263672,47.6860466003418,0.0,0.01240499830989702,-15.184290885925293,7
1JPS,14,16.69322967529297,17.31867027282715,32.8797607421875,0.0,0.023363499705067414,-19.590330123901367,0
4M3K,0,15.454355239868164,13.716899871826172,30.885332107543945,0.0,0.027408524172955723,-15.83867359161377,4
4M3K,1,9.44253158569336,10.037799835205078,26.328645706176758,0.0,0.038744101617687994,-19.715808868408203,0
4M3K,2,15.507155418395996,13.888812065124512,33.77620315551758,0.0,0.023696230405126178,-16.377464294433594,15
4M3K,3,13.68934154510498,13.926342010498047,31.75432586669922,0.0,0.02611003113816931,-15.904001235961914,8
4M3K,4,15.448247909545898,13.861102104187012,30.82908058166504,0.0,0.027407604408150505,-18.170351028442383,11
4M3K,5,15.824546813964844,12.629350662231445,26.10365867614746,0.0,0.036592322526363484,-15.078248977661133,11
4M3K,6,15.90562915802002,13.249568939208984,28.8459529876709,0.0,0.030849065939680897,-15.176044464111328,7
4M3K,7,14.426135063171387,12.865423202514648,29.709728240966797,0.0,0.029690746381560326,-16.328706741333008,3
4M3K,8,15.285921096801758,14.14676284790039,32.62293243408203,0.0,0.024896567103744337,-15.923028945922852,7
4M3K,9,15.24212646484375,13.120619773864746,27.9344482421875,0.0,0.03254792333807546,-15.773406028747559,3
4M3K,10,15.06557559967041,14.205238342285156,34.6258544921875,0.0,0.022621127999182002,-15.667633056640625,4
4M3K,11,13.320158004760742,12.600631713867188,33.09701919555664,0.0,0.025282884098803197,-14.854778289794922,5
4M3K,12,15.03381633758545,14.233407974243164,39.32802963256836,0.0,0.018537348844584182,-12.896796226501465,8
4M3K,13,12.359622955322266,12.751553535461426,31.37588119506836,0.0,0.027340699223868403,-15.464788436889648,5
4M3K,14,12.720257759094238,13.729832649230957,48.98711395263672,0.0,0.013674175477587184,-12.968244552612305,3
1HCF,0,13.887198448181152,14.986878395080566,32.95685577392578,0.333333,0.13520714677233397,-15.960760116577148,11
1HCF,1,10.429242134094238,11.675265312194824,28.186689376831055,0.0,0.033198874231430274,-14.539871215820312,11
1HCF,2,15.843137741088867,14.249382972717285,44.957603454589844,0.0,0.015157493193046235,-16.553659439086914,11
1HCF,3,12.75782585144043,16.192398071289062,28.77383041381836,0.333333,0.1407009517488445,-13.406326293945312,8
1HCF,4,12.89106559753418,13.6117525100708,30.47872543334961,0.444444,0.1762017672369199,-14.44194221496582,13
1HCF,5,22.736865997314453,22.016624450683594,54.99592590332031,0.0,0.009316939004250261,-13.047810554504395,16
1HCF,6,48.21277618408203,58.47701644897461,117.1619644165039,0.0,0.0019644554571409817,0.0,0
1HCF,7,11.655390739440918,13.76212215423584,25.978830337524414,0.0,0.036147080259895735,-17.49798583984375,12
1HCF,8,13.53524112701416,15.50161361694336,30.392377853393555,0.333333,0.138384494884687,-15.547706604003906,8
1HCF,9,11.988985061645508,13.544635772705078,29.03801727294922,0.0,0.030346075955132588,-17.85692596435547,6
1HCF,10,18.772560119628906,16.538185119628906,51.2953987121582,0.0,0.011628051944321238,-16.247114181518555,11
1HCF,11,16.19684600830078,16.906869888305664,46.40056610107422,0.0,0.013426025826942037,-14.853408813476562,14
1HCF,12,23.79235076904297,21.75783920288086,57.91322326660156,0.0,0.00860596281272699,-14.145171165466309,18
1HCF,13,12.770848274230957,16.464712142944336,28.389881134033203,0.0,0.03016628212910531,-13.75253677368164,10
1HCF,14,11.823363304138184,11.346208572387695,30.101953506469727,0.555555,0.21552636428636338,-13.605718612670898,5
1A2K,0,16.24648094177246,15.782947540283203,31.6490478515625,0.0,0.025409662965348977,-20.672664642333984,4
1A2K,1,16.750314712524414,16.82452392578125,32.071327209472656,0.0,0.0245063072463806,-19.660253524780273,2
1A2K,2,18.88701629638672,14.990598678588867,33.39472198486328,0.0,0.023585858230769797,-20.13932228088379,11
1A2K,3,16.43248176574707,16.43964385986328,32.433349609375,0.0,0.024175345173730652,-20.639448165893555,2
1A2K,4,16.73440933227539,17.22639274597168,33.15398025512695,0.0,0.023067178467700733,-18.404621124267578,4
1A2K,5,18.344226837158203,14.47598648071289,33.43030548095703,0.0,0.023781902755223475,-22.138729095458984,7
1A2K,6,16.292165756225586,16.046436309814453,31.946514129638672,0.0,0.024925112920875753,-20.661569595336914,5
1A2K,7,18.569141387939453,14.937548637390137,33.29274368286133,0.0,0.02372595884872859,-22.532682418823242,4
1A2K,8,16.819795608520508,17.084503173828125,31.94761085510254,0.0,0.024586066861086556,-19.278562545776367,2
1A2K,9,18.92959213256836,15.915278434753418,33.92300033569336,0.0,0.022626584267931755,-20.74622917175293,6
1A2K,10,16.989030838012695,17.185596466064453,34.121280670166016,0.0,0.021997038636651617,-19.423629760742188,6
1A2K,11,16.45371437072754,16.509613037109375,31.20262908935547,0.0,0.025756517642954068,-19.48967933654785,2
1A2K,12,18.215593338012695,13.834736824035645,33.07851791381836,0.0,0.02451986561988354,-23.627307891845703,7
1A2K,13,17.13288688659668,16.687397003173828,32.784950256347656,0.0,0.023666627368638334,-20.51020622253418,3
1A2K,14,17.863901138305664,16.853092193603516,32.29181671142578,0.0,0.02421902356342175,-19.115276336669922,2
6BPC,0,22.131685256958008,19.8914737701416,36.70204162597656,0.0,0.018853377378613066,-15.362883567810059,26
6BPC,1,25.258798599243164,13.73363971710205,56.22982406616211,0.0,0.01137634189475951,-17.80291748046875,2
6BPC,2,21.010984420776367,21.600339889526367,34.85677719116211,0.0,0.020308953471094203,-16.630142211914062,1
6BPC,3,21.6838436126709,15.32221794128418,47.2519416809082,0.0,0.013612604052404486,-15.86275863647461,4
6BPC,4,21.018295288085938,18.76250648498535,36.84782791137695,0.0,0.018958305319617546,-16.91737937927246,15
6BPC,5,19.76162338256836,15.418526649475098,35.590179443359375,0.0,0.021112504408700505,-17.54483985900879,0
6BPC,6,18.45206069946289,15.790453910827637,34.26804733276367,0.0,0.0223010634123052,-17.783775329589844,0
6BPC,7,19.3050479888916,17.329423904418945,33.742855072021484,0.0,0.022368789260913072,-13.22247314453125,14
6BPC,8,20.367677688598633,14.084165573120117,40.75313949584961,0.0,0.017634882899007814,-15.278777122497559,36
6BPC,9,20.1590633392334,18.711410522460938,35.841739654541016,0.0,0.019877511159039348,-17.276262283325195,4
6BPC,10,19.557613372802734,12.929890632629395,41.38602828979492,0.0,0.017918213078499678,-15.671625137329102,8
6BPC,11,22.84478187561035,16.32133674621582,45.302303314208984,0.0,0.01412762246184785,-15.93623161315918,3
6BPC,12,21.692392349243164,14.787288665771484,42.1410026550293,0.0,0.01642628989181123,-13.417062759399414,22
6BPC,13,24.977142333984375,17.45941162109375,48.58822250366211,0.0,0.01234070222809916,-18.74723243713379,0
6BPC,14,26.364055633544922,15.961071014404297,50.48562240600586,0.0,0.012106658556356157,-17.006206512451172,6
1FFW,0,15.620726585388184,13.085379600524902,43.44389724731445,0.0,0.016613119557818693,-19.33156394958496,1
1FFW,1,14.31380844116211,11.862422943115234,43.34992599487305,0.0,0.017587111795115417,-18.902019500732422,0
1FFW,2,13.669062614440918,11.469141006469727,40.33856964111328,0.0,0.01977699985644912,-22.204761505126953,0
1FFW,3,15.431607246398926,13.194479942321777,43.04065704345703,0.0,0.01676550307067016,-19.00682258605957,0
1FFW,4,8.491180419921875,7.6910905838012695,16.226869583129883,0.0,0.08398470719398704,-17.001710891723633,0
1FFW,5,7.939858436584473,8.711993217468262,27.135156631469727,0.0,0.039382287650087264,-19.462432861328125,0
1FFW,6,14.994635581970215,16.273460388183594,44.38406753540039,0.0,0.014601058607759674,-24.10282325744629,0
1FFW,7,15.685842514038086,13.390643119812012,53.99800491333008,0.0,0.012190805923406831,-14.962291717529297,1
1FFW,8,6.209227085113525,4.82380485534668,21.252365112304688,0.0,0.07535794885596599,-16.51335906982422,0
1FFW,9,6.962744235992432,6.2446746826171875,15.44886302947998,0.0,0.09564254952919297,-16.828773498535156,0
1FFW,10,8.48974609375,7.9737548828125,15.871633529663086,0.0,0.0856877225133539,-19.891056060791016,0
1FFW,11,15.443439483642578,12.874025344848633,50.06557846069336,0.0,0.013803462455283971,-15.983633995056152,0
1FFW,12,4.690910816192627,4.447537422180176,13.531871795654297,0.0,0.1283542994493005,-18.536457061767578,0
1FFW,13,12.05616569519043,9.59871768951416,41.02695846557617,0.0,0.02166523663175672,-17.74117660522461,0
1FFW,14,8.303681373596191,8.461540222167969,16.34516716003418,0.0,0.08111156757080955,-16.972217559814453,0
1SYX,0,17.699661254882812,11.675579071044922,43.026336669921875,0.0,0.01793293721856996,-17.67755126953125,11
1SYX,1,14.21236801147461,12.395753860473633,43.290977478027344,0.0,0.017184163348723653,-21.292451858520508,0
1SYX,2,7.066320896148682,6.574184417724609,24.46904182434082,0.0,0.052386987272633766,-26.609249114990234,0
1SYX,3,18.399539947509766,15.453003883361816,55.532466888427734,0.0,0.010742161860491616,-17.997774124145508,0
1SYX,4,19.333864212036133,19.465377807617188,56.40187454223633,0.0,0.009370187856881552,-23.227649688720703,0
1SYX,5,17.22252655029297,13.53353214263916,54.9841194152832,0.0,0.01182526819027343,-21.253854751586914,0
1SYX,6,9.393527030944824,8.24947452545166,32.35799026489258,0.0,0.032184607254861185,-20.47959327697754,0
1SYX,7,7.350500583648682,6.385616302490234,25.347869873046875,0.0,0.05112536307029166,-25.36104393005371,0
1SYX,8,9.01188850402832,11.733922958374023,26.3502140045166,0.0,0.03677607333301564,-17.255035400390625,0
1SYX,9,18.02686309814453,14.940387725830078,57.03076171875,0.0,0.010570091366611897,-17.14603614807129,0
1SYX,10,17.201904296875,14.611578941345215,52.072025299072266,0.0,0.012127686511961508,-22.239484786987305,0
1SYX,11,6.360015392303467,5.327919006347656,19.06295394897461,0.0,0.07976228749069679,-20.155059814453125,0
1SYX,12,18.121498107910156,15.606121063232422,55.4124641418457,0.0,0.01071428820828771,-18.262235641479492,0
1SYX,13,18.337984085083008,16.143836975097656,58.337806701660156,0.0,0.009782443146998167,-15.220853805541992,0
1SYX,14,18.173202514648438,15.237610816955566,56.33943557739258,0.0,0.010617698891983015,-17.750978469848633,0
2A1A,0,13.730474472045898,10.740592956542969,33.017372131347656,0.0,0.02709567453137225,-16.72705078125,0
2A1A,1,12.254181861877441,11.122978210449219,29.22104835510254,0.0,0.03195832687063685,-14.994036674499512,3
2A1A,2,14.767863273620605,11.547794342041016,34.124881744384766,0.0,0.02500387244725438,-16.91373634338379,0
2A1A,3,11.767863273620605,12.66370964050293,27.358295440673828,0.0,0.033955918639548784,-14.968994140625,11
2A1A,4,13.95621109008789,12.114706039428711,33.49932098388672,0.0,0.0251956339783483,-16.067800521850586,1
2A1A,5,9.246883392333984,9.653375625610352,18.88404655456543,0.0,0.06401553000269866,-15.844188690185547,1
2A1A,6,12.877971649169922,12.255117416381836,33.329612731933594,0.0,0.025275937624707326,-15.734105110168457,8
2A1A,7,12.316723823547363,14.049144744873047,32.62141036987305,0.0,0.024949514733840068,-13.745637893676758,5
2A1A,8,15.957029342651367,13.260555267333984,34.77086639404297,0.0,0.02300785386062373,-17.095670700073242,9
2A1A,9,14.172557830810547,10.720866203308105,33.6960563659668,0.0,0.026341941176211543,-16.161794662475586,0
2A1A,10,22.0044002532959,18.008747100830078,76.32772064208984,0.0,0.006379820066204254,-15.913991928100586,3
2A1A,11,15.208484649658203,12.230755805969238,44.68840408325195,0.0,0.01657774154664822,-17.16283416748047,2
2A1A,12,9.38062572479248,10.668107986450195,21.265586853027344,0.0,0.05238117537842854,-15.58760929107666,0
2A1A,13,10.448978424072266,11.144369125366211,24.626632690429688,0.0,0.041414745358845685,-15.19402027130127,4
2A1A,14,11.781503677368164,11.692869186401367,26.389686584472656,0.0,0.03672807918432317,-15.892332077026367,0
3R9A,0,15.272760391235352,11.554718971252441,34.57235336303711,0.0,0.024525085824745274,-18.63763999938965,12
3R9A,1,35.25843048095703,23.738672256469727,91.91616821289062,0.0,0.004152022653420743,-16.732786178588867,7
3R9A,2,35.276878356933594,26.654695510864258,94.16429138183594,0.0,0.0037464396969467627,-16.22076988220215,12
3R9A,3,13.3897123336792,13.19163990020752,30.54327392578125,0.0,0.028214992005207537,-12.930397987365723,56
3R9A,4,20.941547393798828,17.90213966369629,43.801979064941406,0.0,0.014420805715968035,-14.728083610534668,52
3R9A,5,16.04766845703125,11.821352005004883,36.758628845214844,0.0,0.022200925813338757,-15.400903701782227,12
3R9A,6,21.281070709228516,17.576091766357422,65.2706527709961,0.0,0.007969016681118659,-17.71161460876465,11
3R9A,7,36.04595184326172,24.027366638183594,87.03533172607422,0.0,0.004443294356030502,-13.91074275970459,64
3R9A,8,35.019596099853516,23.74860954284668,92.16561126708984,0.0,0.004135768335408772,-16.034555435180664,15
3R9A,9,26.525665283203125,15.58683967590332,70.95662689208984,0.0,0.0077743967633128784,-17.295320510864258,5
3R9A,10,17.722055435180664,10.956157684326172,41.59709930419922,0.0,0.019493657048211026,-15.179755210876465,25
3R9A,11,36.87858200073242,23.391464233398438,86.7055435180664,0.0,0.004538091612283276,-13.706421852111816,67
3R9A,12,26.779918670654297,13.641325950622559,66.48524475097656,0.0,0.009342990711242043,-16.40070343017578,27
3R9A,13,16.92042350769043,11.280593872070312,40.225372314453125,0.0,0.02003913150628443,-17.504478454589844,9
3R9A,14,38.50530242919922,23.702802658081055,91.50038146972656,0.0,0.0041815468279363,-11.952728271484375,60
3LVK,0,21.493247985839844,26.61041831970215,76.8973617553711,0.0,0.005079439584110713,-18.886287689208984,0
3LVK,1,21.507272720336914,25.086135864257812,77.07707977294922,0.0,0.005192654560375413,-20.8277645111084,0
3LVK,2,5.420015335083008,8.865165710449219,20.039552688598633,0.0,0.06010400718107606,-17.36411476135254,0
3LVK,3,20.793439865112305,25.548084259033203,74.94146728515625,0.0,0.005378825081715555,-19.23818016052246,0
3LVK,4,21.22097396850586,26.054391860961914,75.53691864013672,0.0,0.005269244104295279,-18.944255828857422,0
3LVK,5,5.668134689331055,11.244645118713379,19.937349319458008,0.0,0.057096500707881935,-17.848600387573242,0
3LVK,6,4.821802616119385,8.074746131896973,17.981515884399414,0.0,0.07199940920669322,-20.244556427001953,0
3LVK,7,21.34619903564453,25.980600357055664,76.10420227050781,0.0,0.005214344143542468,-20.266267776489258,0
3LVK,8,4.841999053955078,8.598246574401855,17.52220344543457,0.0,0.07334302741187974,-18.125476837158203,0
3LVK,9,21.51420021057129,25.1586856842041,76.47549438476562,0.0,0.005248327339233108,-17.48514175415039,1
3LVK,10,6.2392191886901855,10.086543083190918,22.720117568969727,0.0,0.048138814420043106,-20.365631103515625,0
3LVK,11,21.195627212524414,26.000999450683594,75.28453063964844,0.0,0.005301397181847537,-19.261070251464844,0
3LVK,12,5.661479949951172,9.839062690734863,20.09916877746582,0.0,0.05814255167309194,-17.28335189819336,1
3LVK,13,21.1605224609375,26.173227310180664,75.85163879394531,0.0,0.005225211924553317,-16.944358825683594,0
3LVK,14,5.566962242126465,9.065291404724121,20.2401180267334,0.0,0.05885765682849545,-20.58360481262207,1
2OZA,0,20.59795570373535,16.742395401000977,38.021644592285156,0.0,0.018520590302880714,-13.72376823425293,11
2OZA,1,8.93231201171875,10.319085121154785,28.148021697998047,0.0,0.03475373433491824,-12.291559219360352,2
2OZA,2,21.40266990661621,17.467777252197266,38.27778625488281,0.0,0.01810460915899478,-14.291838645935059,13
2OZA,3,20.917829513549805,17.49974250793457,45.656124114990234,0.0,0.013597777038093952,-12.379363059997559,30
2OZA,4,24.68243408203125,22.45420265197754,68.93737030029297,0.0,0.006472688961026766,-14.927267074584961,3
2OZA,5,9.47221565246582,9.913191795349121,26.15351676940918,0.0,0.03930655881200361,-14.731388092041016,4
2OZA,6,11.228949546813965,12.331528663635254,35.42202377319336,0.0,0.02300925803897577,-13.53275203704834,9
2OZA,7,22.431171417236328,18.824472427368164,38.49214553833008,0.0,0.017601818418551657,-13.604208946228027,10
2OZA,8,21.776596069335938,17.499746322631836,36.619529724121094,0.0,0.019472408503221347,-13.599916458129883,10
2OZA,9,8.455484390258789,10.060649871826172,18.794883728027344,0.0,0.06384910105695313,-12.412569046020508,10
2OZA,10,6.928131580352783,8.784130096435547,13.30844783782959,0.0,0.10602326914380272,-12.557918548583984,7
2OZA,11,20.03363800048828,20.64207649230957,65.5613784790039,0.0,0.007261297617070336,-13.29355239868164,10
2OZA,12,20.02869415283203,17.269617080688477,36.230712890625,0.0,0.019885687168783892,-14.006843566894531,7
2OZA,13,22.62643051147461,21.402687072753906,66.8190689086914,0.0,0.006937445782945859,-13.031370162963867,23
2OZA,14,10.4851655960083,11.441779136657715,34.13603210449219,0.0,0.025093125306081862,-11.328811645507812,17
1R0R,0,3.83715558052063,4.790005683898926,10.458357810974121,0.21875,0.2352830555359439,-19.76678466796875,1
1R0R,1,8.331820487976074,8.07059383392334,28.13612937927246,0.0,0.039007878873349604,-15.516914367675781,2
1R0R,2,5.992997646331787,7.627026081085205,15.18557071685791,0.09375,0.12318470124661363,-21.948320388793945,0
1R0R,3,7.479909896850586,7.865024566650391,22.31191062927246,0.1875,0.116445069710797,-20.50425910949707,0
1R0R,4,3.8057987689971924,4.719048500061035,9.87127685546875,0.0625,0.1933450440338861,-19.113853454589844,3
1R0R,5,5.319815158843994,6.372640609741211,16.717262268066406,0.09375,0.11722224906756645,-18.20001220703125,1
1R0R,6,5.83238410949707,7.130887985229492,15.1443510055542,0.0,0.09397594884951106,-20.158100128173828,0
1R0R,7,2.1208863258361816,2.580239772796631,5.94356107711792,0.375,0.433070316281661,-20.314796447753906,1
1R0R,8,6.945193290710449,7.594799518585205,19.53038787841797,0.0625,0.08643142718764107,-18.549484252929688,1
1R0R,9,4.889687538146973,6.091320514678955,13.861688613891602,0.15625,0.16222900027472323,-18.8378963470459,3
1R0R,10,4.338438034057617,4.661073207855225,12.056547164916992,0.0625,0.1627869617069337,-17.949018478393555,2
1R0R,11,6.536749839782715,7.167798042297363,17.363170623779297,0.28125,0.17217591996632195,-23.06972312927246,12
1R0R,12,1.6467212438583374,1.8629971742630005,4.813608646392822,0.3125,0.48765890261479267,-23.45888328552246,0
1R0R,13,6.157808303833008,7.774361610412598,15.758942604064941,0.09375,0.11833440689973651,-17.90034294128418,2
1R0R,14,9.306989669799805,10.24441909790039,30.119266510009766,0.0,0.031585768613123705,-14.533550262451172,1
2ABZ,0,8.12353801727295,8.387999534606934,23.73918342590332,0.0,0.04820822160187684,-20.709556579589844,1
2ABZ,1,7.858737468719482,10.280198097229004,22.05071449279785,0.0,0.05007148010325501,-23.081674575805664,0
2ABZ,2,8.244402885437012,9.021655082702637,23.97036361694336,0.0,0.04619993339625952,-16.268388748168945,2
2ABZ,3,8.061578750610352,10.26892375946045,24.414884567260742,0.0,0.04299847409771911,-17.63597297668457,3
2ABZ,4,8.501307487487793,8.940019607543945,25.402912139892578,0.0,0.042689890792575895,-17.87196159362793,0
2ABZ,5,8.470377922058105,10.749955177307129,24.7047176361084,0.0,0.041649257431008065,-16.097923278808594,6
2ABZ,6,6.75057315826416,8.324621200561523,18.509199142456055,0.0,0.06853672778507781,-21.589567184448242,3
2ABZ,7,7.2338151931762695,9.707491874694824,21.251605987548828,0.125,0.09541088465601433,-17.566207885742188,3
2ABZ,8,7.802363872528076,10.373409271240234,23.738550186157227,0.0,0.04470766731643946,-14.858743667602539,4
2ABZ,9,7.458425521850586,9.70476245880127,23.2432804107666,0.0,0.04709719030599796,-15.16133975982666,2
2ABZ,10,8.441817283630371,9.167617797851562,24.529281616210938,0.0,0.044426455955746375,-16.86862564086914,2
2ABZ,11,8.224862098693848,9.199317932128906,23.704660415649414,0.0,0.046609540748009,-16.891427993774414,4
2ABZ,12,8.060667037963867,9.583810806274414,24.107263565063477,0.0,0.044828203636935765,-18.359664916992188,3
2ABZ,13,8.130678176879883,10.303668975830078,23.726545333862305,0.0,0.04483245405018932,-22.317970275878906,1
2ABZ,14,7.408101558685303,9.242250442504883,21.440231323242188,0.0,0.05382996783644542,-15.209781646728516,11
1JK9,0,13.982359886169434,13.495829582214355,28.667320251464844,0.0,0.03100440825673048,-11.732203483581543,4
1JK9,1,22.41886329650879,20.663288116455078,55.06904983520508,0.0,0.00950403078717532,-12.132490158081055,2
1JK9,2,17.867023468017578,18.274944305419922,48.870792388916016,0.0,0.012018226863365908,-14.887163162231445,2
1JK9,3,15.340325355529785,14.718038558959961,25.135156631469727,0.0,0.037634693459479514,-14.26814079284668,5
1JK9,4,14.417040824890137,13.605513572692871,23.978601455688477,0.147059,0.09023289244284242,-14.259990692138672,8
1JK9,5,19.996408462524414,20.021583557128906,46.40004348754883,0.0,0.012683445686559514,-16.31683349609375,1
1JK9,6,14.281537055969238,13.202016830444336,24.363178253173828,0.117647,0.07963515583701906,-15.350095748901367,4
1JK9,7,14.214494705200195,12.943341255187988,24.667762756347656,0.058824,0.05940320343854879,-15.901535034179688,3
1JK9,8,16.23301887512207,14.897438049316406,35.99875259399414,0.029412,0.030752185899667273,-14.699599266052246,2
1JK9,9,13.662422180175781,12.454830169677734,23.7222900390625,0.0,0.042692439538125015,-15.20207691192627,4
1JK9,10,14.118911743164062,13.083585739135742,23.847665786743164,0.117647,0.08111395197378135,-15.04012393951416,7
1JK9,11,13.7510986328125,12.635144233703613,23.132293701171875,0.058824,0.06389352006588582,-14.080018997192383,3
1JK9,12,14.403510093688965,13.55788803100586,23.660551071166992,0.088235,0.0715447061338066,-13.224860191345215,10
1JK9,13,20.154809951782227,19.726083755493164,46.523162841796875,0.0,0.012683921955955605,-17.85573387145996,1
1JK9,14,12.74716567993164,11.69369888305664,22.590269088745117,0.088235,0.07614742974495743,-14.183176040649414,4
1EWY,0,7.99985408782959,9.359110832214355,21.270763397216797,0.0,0.054247548455968485,-17.198341369628906,6
1EWY,1,12.915510177612305,14.252517700195312,35.22826385498047,0.0,0.02198999183395416,-14.194506645202637,21
1EWY,2,19.519577026367188,15.968063354492188,54.0917854309082,0.0,0.01094836373371467,-11.295172691345215,9
1EWY,3,10.439760208129883,8.705362319946289,25.826305389404297,0.0,0.042189426542514695,-13.042058944702148,27
1EWY,4,16.11630630493164,15.430747032165527,45.08868408203125,0.0,0.014560058337456461,-15.451082229614258,2
1EWY,5,9.187774658203125,9.959490776062012,21.382680892944336,0.0,0.052879246560214956,-18.897241592407227,6
1EWY,6,13.739886283874512,11.218681335449219,40.5289306640625,0.0,0.01989843389084338,-12.654781341552734,9
1EWY,7,8.94704532623291,9.178272247314453,21.464441299438477,0.0,0.05385829812527016,-18.589582443237305,8
1EWY,8,9.192919731140137,10.144012451171875,22.01744842529297,0.0,0.05036878289495913,-17.89237403869629,1
1EWY,9,9.846386909484863,7.821009159088135,28.39890480041504,0.0,0.039232683538379796,-16.421199798583984,7
1EWY,10,20.386669158935547,16.447893142700195,54.566837310791016,0.0,0.010646155555194159,-12.425025939941406,9
1EWY,11,12.811952590942383,13.902637481689453,33.021690368652344,0.0,0.024549265583819747,-15.690512657165527,7
1EWY,12,9.433199882507324,10.158365249633789,21.25174903869629,0.0,0.05308337677812555,-18.77259063720703,7
1EWY,13,7.00708532333374,6.318591117858887,15.720004081726074,0.1,0.12652577685740654,-16.83625030517578,1
1EWY,14,12.965555191040039,13.78459358215332,35.03053283691406,0.0,0.022435228724316914,-13.836933135986328,24
