id,index,c_rmsd,i_rmsd,l_rmsd,fnat,DockQ,ranking_energy,ranking_num_clashes
2HRK,0,14.498419761657715,12.035514831542969,24.878713607788086,0.0,0.03994121282148986,-21.416217803955078,0
2HRK,1,12.339411735534668,9.91922378540039,22.171438217163086,0.0,0.05016660662469843,-22.908998489379883,0
2HRK,2,14.297466278076172,12.129901885986328,24.423635482788086,0.0,0.041032309310160435,-18.669973373413086,1
2HRK,3,13.062901496887207,10.891335487365723,23.571157455444336,0.0,0.044563404331009,-22.237628936767578,0
2HRK,4,14.599835395812988,12.246772766113281,24.960098266601562,0.0,0.03956613782327909,-20.9518985748291,0
2HRK,5,12.74988842010498,10.526809692382812,23.24508285522461,0.0,0.04594777156603613,-22.414403915405273,0
2HRK,6,13.514960289001465,11.22713565826416,23.601343154907227,0.0,0.044117392403359164,-19.93521499633789,0
2HRK,7,10.739809036254883,7.797091484069824,27.541248321533203,0.142857,0.0885044914898408,-16.52571678161621,7
2HRK,8,12.830004692077637,10.399457931518555,22.62415313720703,0.0,0.04802491826351432,-21.416759490966797,0
2HRK,9,14.296414375305176,11.815327644348145,24.865724563598633,0.0,0.04016256917832609,-19.764549255371094,1
2HRK,10,12.780123710632324,10.187774658203125,23.249467849731445,0.0,0.04637401650389061,-20.186681747436523,0
2HRK,11,12.511466026306152,9.99344253540039,22.283233642578125,0.0,0.049685538658860474,-19.245817184448242,0
2HRK,12,12.968796730041504,10.711825370788574,23.590858459472656,0.0,0.04471239869209465,-21.674510955810547,0
2HRK,13,6.266133785247803,4.9446120262146,13.637066841125488,0.0,0.1213576126625282,-20.107036590576172,0
2HRK,14,5.905947208404541,4.92642879486084,13.054486274719238,0.0,0.12752416317506943,-21.059865951538086,0
1LFD,0,7.2713093757629395,7.901905059814453,20.700115203857422,0.0,0.05968876352054223,-15.125783920288086,4
1LFD,1,8.250497817993164,8.050966262817383,18.088172912597656,0.0,0.07147662147991259,-14.489105224609375,3
1LFD,2,3.8713817596435547,3.9425482749938965,9.611272811889648,0.0,0.18844046785212976,-16.149314880371094,1
1LFD,3,7.500948429107666,7.122060775756836,16.52031898498535,0.0,0.08393014848166974,-17.472591400146484,1
1LFD,4,8.410196304321289,9.515203475952148,23.988935470581055,0.0,0.04526460617938884,-13.33991813659668,1
1LFD,5,11.603779792785645,11.409265518188477,24.36556053161621,0.0,0.041828672666928385,-19.63334083557129,0
1LFD,6,11.859220504760742,11.950302124023438,25.987451553344727,0.0,0.037384582627669354,-17.744882583618164,0
1LFD,7,3.199967861175537,3.297206163406372,7.085963726043701,0.0,0.25381924057468647,-15.99140453338623,1
1LFD,8,3.9745688438415527,4.834696292877197,11.605907440185547,0.0,0.1456434582657267,-18.074722290039062,0
1LFD,9,7.711813926696777,7.390355110168457,14.489947319030762,0.0,0.09852736028438559,-13.996935844421387,2
1LFD,10,5.390801906585693,5.709193706512451,15.7760009765625,0.0,0.09651903087792228,-15.09635066986084,1
1LFD,11,5.612032413482666,5.322458267211914,14.654143333435059,0.066667,0.13066515264887055,-14.93535327911377,1
1LFD,12,13.27474594116211,14.136434555053711,36.94737243652344,0.0,0.02046651461539555,-11.908658981323242,8
1LFD,13,5.6960930824279785,6.654860496520996,15.890596389770508,0.0,0.09027323619664325,-15.039755821228027,0
1LFD,14,8.489968299865723,7.937060356140137,23.115650177001953,0.0,0.05119805344219212,-17.94050407409668,0
2YVJ,0,10.077573776245117,7.732046604156494,25.420854568481445,0.0,0.04561034981829501,-17.875879287719727,2
2YVJ,1,9.47662353515625,6.209251880645752,26.470073699951172,0.0,0.04953929138310239,-18.84630584716797,0
2YVJ,2,5.469457626342773,4.8835554122924805,13.223729133605957,0.0,0.1261938133429317,-13.436237335205078,2
2YVJ,3,22.708906173706055,12.262514114379883,55.708648681640625,0.0,0.012497811381177443,-19.115306854248047,17
2YVJ,4,10.814468383789062,12.387971878051758,26.176063537597656,0.0,0.03661244219879978,-13.638907432556152,48
2YVJ,5,2.8888025283813477,2.1507415771484375,8.703383445739746,0.0,0.2718064249584354,-16.998870849609375,0
2YVJ,6,16.948165893554688,9.197897911071777,43.07832336425781,0.0,0.02112685440061111,-13.118021011352539,41
2YVJ,7,21.531648635864258,15.569158554077148,56.5919189453125,0.0,0.010419544928957726,-22.530399322509766,3
2YVJ,8,22.472200393676758,12.92924976348877,56.5615119934082,0.0,0.011788644692195838,-21.038724899291992,7
2YVJ,9,4.042150020599365,2.718944787979126,12.298237800598145,0.0,0.18553638191947516,-16.522470474243164,2
2YVJ,10,7.6875691413879395,5.838532447814941,20.14002799987793,0.0,0.07103646110631646,-16.55361557006836,0
2YVJ,11,6.299370765686035,5.084021091461182,17.18817138671875,0.0,0.09219320571474017,-14.722184181213379,23
2YVJ,12,6.522450923919678,3.5553207397460938,18.852882385253906,0.0,0.1066797597022739,-16.667898178100586,0
2YVJ,13,8.358718872070312,5.476582050323486,23.572284698486328,0.0,0.06161610346678817,-16.437816619873047,1
2YVJ,14,6.591114521026611,3.9152400493621826,19.426223754882812,0.0,0.0962270658692602,-16.82175064086914,0
1BUH,0,9.829479217529297,13.169228553771973,28.076576232910156,0.0,0.032255328936390375,-19.95868492126465,0
1BUH,1,10.820767402648926,14.116889953613281,29.40790557861328,0.0,0.029421951006539843,-18.690114974975586,0
1BUH,2,11.1859769821167,14.166110038757324,30.89826202392578,0.0,0.027147140838850763,-16.84157943725586,0
1BUH,3,11.434696197509766,14.06135368347168,30.89747428894043,0.0,0.027202903947553498,-20.79193878173828,0
1BUH,4,10.632801055908203,15.241275787353516,28.730615615844727,0.0,0.030025531167644712,-19.351877212524414,0
1BUH,5,10.770552635192871,12.166609764099121,29.260683059692383,0.0,0.030930440527025416,-18.62047004699707,0
1BUH,6,10.206564903259277,15.184682846069336,26.91040802001953,0.0,0.033460795289888164,-16.6956729888916,0
1BUH,7,9.901127815246582,14.279962539672852,26.420333862304688,0.0,0.034903344657993114,-18.616674423217773,0
1BUH,8,10.94283676147461,11.824491500854492,29.37773323059082,0.0,0.031028420463672074,-19.91433334350586,0
1BUH,9,9.675203323364258,13.539168357849121,26.833232879638672,0.0,0.03443963406763551,-17.773941040039062,0
1BUH,10,10.849560737609863,15.375609397888184,28.900115966796875,0.0,0.029681636353432978,-20.06496238708496,0
1BUH,11,8.153634071350098,10.899876594543457,23.421720504760742,0.0,0.04498775532598767,-19.32865333557129,0
1BUH,12,9.854146957397461,13.164350509643555,27.37531280517578,0.0,0.0335829469342886,-17.497390747070312,0
1BUH,13,9.874588966369629,13.603653907775879,28.35431480407715,0.0,0.031489646015506724,-21.66057014465332,0
1BUH,14,9.83713150024414,14.352143287658691,26.74098014831543,0.0,0.034190330094434555,-17.606388092041016,0
2J0T,0,7.002156734466553,6.87453031539917,26.971942901611328,0.0,0.04526282518656008,-16.178897857666016,3
2J0T,1,14.373629570007324,10.401330947875977,23.420167922973633,0.214286,0.11701671412158156,-19.491641998291016,2
2J0T,2,6.640216827392578,6.826402187347412,21.74250030517578,0.0,0.05954390679987683,-17.037878036499023,2
2J0T,3,16.367298126220703,13.742523193359375,52.865257263183594,0.0,0.012324732910590394,-16.000749588012695,1
2J0T,4,76.26367950439453,80.16783905029297,181.24554443359375,0.0,0.0008481791446628514,0.0,0
2J0T,5,12.288867950439453,9.726284980773926,30.20322608947754,0.035714,0.044111429210081494,-17.05906105041504,3
2J0T,6,6.304487705230713,5.885636806488037,21.189441680908203,0.0,0.06653402359402151,-15.051887512207031,3
2J0T,7,10.592432022094727,8.702259063720703,33.007347106933594,0.0,0.030348424023856308,-16.7111873626709,8
2J0T,8,11.714668273925781,9.530091285705566,36.090267181396484,0.0,0.025576464616946282,-19.35236358642578,5
2J0T,9,15.796285629272461,14.051288604736328,54.65073013305664,0.0,0.011628911743302344,-20.1882266998291,2
2J0T,10,9.954144477844238,8.465754508972168,31.215301513671875,0.0,0.0331562706315646,-16.393674850463867,8
2J0T,11,9.954991340637207,9.017834663391113,37.0014533996582,0.0,0.02568315317245846,-16.943334579467773,2
2J0T,12,9.455689430236816,7.718099594116211,25.94158172607422,0.0,0.044449447056991664,-16.04813575744629,8
2J0T,13,9.994911193847656,7.784633636474609,26.30233383178711,0.142857,0.09107217346592396,-16.09356689453125,6
2J0T,14,6.662947654724121,6.257831573486328,23.186485290527344,0.0,0.057601104655409775,-17.56058692932129,5
5GRJ,0,15.50173282623291,9.906648635864258,42.86036682128906,0.4,0.15341802663960535,-17.587459564208984,7
5GRJ,1,12.393362998962402,11.133574485778809,50.811988830566406,0.0,0.015016625738736212,-15.363628387451172,17
5GRJ,2,20.120447158813477,14.38913345336914,44.13918685913086,0.0,0.015502808516715162,-15.567464828491211,7
5GRJ,3,24.3082275390625,10.448410987854004,61.8905029296875,0.0,0.012902296011099225,-13.260344505310059,41
5GRJ,4,16.856386184692383,10.486459732055664,46.666202545166016,0.0,0.01738732618629639,-13.951142311096191,2
5GRJ,5,10.4076509475708,5.743124961853027,31.46774673461914,0.666667,0.2661762286836061,-15.574116706848145,1
5GRJ,6,14.234721183776855,8.705315589904785,38.29985809326172,0.333333,0.13636975419991842,-14.955674171447754,12
5GRJ,7,16.556842803955078,9.248647689819336,65.41605377197266,0.0,0.014077836275997674,-16.833812713623047,10
5GRJ,8,14.833990097045898,9.904070854187012,39.80048751831055,0.066667,0.04423706225341281,-17.25252342224121,8
5GRJ,9,18.202146530151367,11.618849754333496,46.04294967651367,0.2,0.08311714398979976,-18.698169708251953,6
5GRJ,10,8.089893341064453,6.225728511810303,16.05415916442871,0.0,0.09127124654287229,-19.567991256713867,4
5GRJ,11,17.8109073638916,11.908164978027344,42.60981369018555,0.0,0.017963408615372944,-17.085708618164062,7
5GRJ,12,12.329791069030762,8.161860466003418,32.90250778198242,0.133333,0.07618958426773405,-16.570232391357422,8
5GRJ,13,14.188149452209473,8.627900123596191,43.604156494140625,0.066667,0.0442047945187827,-16.364927291870117,11
5GRJ,14,15.141804695129395,10.61683177947998,33.082115173339844,0.0,0.02716629039098481,-16.871429443359375,7
3BIW,0,28.753421783447266,16.939599990844727,78.99187469482422,0.0,0.0064088646920287045,-13.376302719116211,19
3BIW,1,30.892047882080078,17.597002029418945,77.3133544921875,0.0,0.006385558634033076,-11.11451244354248,15
3BIW,2,30.686851501464844,17.076128005981445,77.79228973388672,0.0,0.006485058715088754,-11.247842788696289,13
3BIW,3,27.000625610351562,17.3319091796875,76.09770202636719,0.0,0.0065857540416540405,-16.560810089111328,1
3BIW,4,20.678897857666016,17.64419937133789,69.36075592041016,0.0,0.00732373860548284,-12.071813583374023,10
3BIW,5,29.595815658569336,17.70355224609375,79.30355072021484,0.0,0.0061618426805593205,-12.624855041503906,8
3BIW,6,30.677555084228516,16.702707290649414,76.16229248046875,0.0,0.00676757752821121,-11.47671127319336,15
3BIW,7,27.889558792114258,16.45877456665039,76.46389770507812,0.0,0.0068146652460839745,-13.708549499511719,16
3BIW,8,29.531251907348633,18.13945960998535,76.88199615478516,0.0,0.006289110045615348,-12.896491050720215,12
3BIW,9,19.815086364746094,19.543363571166992,59.31809997558594,0.0,0.00865893588406325,-13.413524627685547,23
3BIW,10,22.429758071899414,9.5840425491333,51.77840042114258,0.0,0.016717145887324553,-11.600687026977539,115
3BIW,11,28.2403621673584,17.37343406677246,76.54329681396484,0.0,0.006526904980311179,-15.852096557617188,4
3BIW,12,29.338573455810547,17.14000129699707,77.31294250488281,0.0,0.006514548282812384,-13.729830741882324,17
3BIW,13,29.348508834838867,16.45684814453125,77.7666244506836,0.0,0.006681720393000919,-12.34911060333252,21
3BIW,14,23.854127883911133,18.152721405029297,73.96776580810547,0.0,0.006605036189411627,-12.948273658752441,3
3F1P,0,11.606330871582031,10.713262557983398,22.192584991455078,0.0,0.04905236226118056,-21.842716217041016,4
3F1P,1,19.103092193603516,20.353025436401367,54.22003936767578,0.0,0.009796367358230225,-19.347549438476562,0
3F1P,2,16.613264083862305,18.39968490600586,42.23931884765625,0.0,0.015173782221251549,-17.154346466064453,0
3F1P,3,17.6431941986084,17.42455291748047,41.08688735961914,0.0,0.016132802175029746,-17.576030731201172,2
3F1P,4,18.394330978393555,18.24983787536621,52.378543853759766,0.0,0.010789802342295922,-16.81238555908203,0
3F1P,5,13.363386154174805,11.258085250854492,20.805194854736328,0.0,0.05349395052227929,-16.325098037719727,5
3F1P,6,16.075008392333984,16.585411071777344,51.81631088256836,0.0,0.011439169628975059,-17.32026481628418,0
3F1P,7,18.07496452331543,19.02251625061035,52.376522064208984,0.0,0.010613525784262218,-17.70271873474121,0
3F1P,8,17.94096565246582,19.30906105041504,46.70140075683594,0.0,0.012687687255340136,-15.788995742797852,0
3F1P,9,15.865757942199707,16.104354858398438,51.5079460144043,0.0,0.011703857406459447,-19.861722946166992,0
3F1P,10,8.96275520324707,7.789124965667725,14.981142044067383,0.0,0.09309467334437405,-16.642786026000977,2
3F1P,11,13.561306953430176,12.110105514526367,20.882675170898438,0.0,0.05241356930838174,-14.725109100341797,11
3F1P,12,17.267610549926758,18.251426696777344,52.994937896728516,0.0,0.010596569657292984,-15.613227844238281,0
3F1P,13,15.34775447845459,14.546595573425293,38.17441177368164,0.0,0.019252593499076022,-16.875612258911133,0
3F1P,14,18.090137481689453,18.68489646911621,52.353824615478516,0.0,0.010695384133043903,-15.995400428771973,0
3G6D,0,8.517868995666504,9.679278373718262,19.78939437866211,0.0,0.05973578097483776,-17.620494842529297,4
3G6D,1,9.100341796875,10.452779769897461,21.565324783325195,0.0,0.051547593625719694,-16.24116325378418,5
3G6D,2,9.776543617248535,12.759530067443848,22.919105529785156,0.0,0.044848369407720134,-18.81710433959961,0
3G6D,3,16.036714553833008,17.71064567565918,43.18794250488281,0.0,0.014804480226498709,-16.1246280670166,7
3G6D,4,8.375175476074219,9.817153930664062,19.81226348876953,0.0,0.059421546269343324,-18.501754760742188,1
3G6D,5,7.629587650299072,11.572937965393066,18.110042572021484,0.0,0.0656819890211605,-18.40517234802246,0
3G6D,6,16.641748428344727,13.27194595336914,44.921871185302734,0.0,0.01572605262231838,-15.515110969543457,3
3G6D,7,8.601025581359863,10.167303085327148,20.671100616455078,0.0,0.05531125153822303,-18.952651977539062,1
3G6D,8,8.674757957458496,10.19735336303711,20.25227165222168,0.0,0.05698327743698955,-17.90237045288086,1
3G6D,9,10.28087043762207,12.249425888061523,25.95949935913086,0.0,0.03720153046397842,-15.956610679626465,8
3G6D,10,10.89810562133789,12.391739845275879,25.28786277770996,0.0,0.038651630841567676,-16.946077346801758,24
3G6D,11,10.113353729248047,12.270978927612305,23.537303924560547,0.0,0.043363645595155265,-17.7700138092041,0
3G6D,12,9.622517585754395,14.503828048706055,22.649349212646484,0.0,0.044678564950516635,-18.52329444885254,1
3G6D,13,8.619474411010742,10.22493839263916,19.88024139404297,0.0,0.058540530576368745,-18.695926666259766,0
3G6D,14,9.915507316589355,11.623480796813965,23.317005157470703,0.0,0.04456088177441924,-19.401824951171875,2
5X0T,0,4.537964344024658,6.18255090713501,12.710267066955566,0.0,0.12153832155459399,-20.67156219482422,0
5X0T,1,7.983401775360107,10.951668739318848,20.689163208007812,0.0,0.05427663398472999,-18.682775497436523,0
5X0T,2,9.65125560760498,10.875874519348145,27.820606231689453,0.0,0.034681630998431225,-16.879863739013672,0
5X0T,3,5.174937725067139,7.2465925216674805,14.326298713684082,0.0,0.10048438017975846,-16.561616897583008,0
5X0T,4,5.494375705718994,7.428130626678467,14.90488052368164,0.0,0.094863313152452,-18.08852767944336,0
5X0T,5,8.240755081176758,11.531879425048828,22.025272369384766,0.0,0.0487553843159862,-17.586454391479492,0
5X0T,6,8.501947402954102,11.957921028137207,21.92774200439453,0.0,0.04870815744076651,-22.3640079498291,0
5X0T,7,4.871378421783447,6.435304641723633,13.148904800415039,0.0,0.11541865648024113,-20.3116455078125,0
5X0T,8,8.057941436767578,10.480406761169434,22.021263122558594,0.0,0.049914262365789476,-15.98679256439209,1
5X0T,9,4.43323278427124,5.8703203201293945,12.317730903625488,0.0,0.12795619694596314,-23.090341567993164,0
5X0T,10,8.483375549316406,11.75384521484375,22.42588233947754,0.0,0.047213434921330184,-18.091981887817383,1
5X0T,11,10.97616195678711,14.963469505310059,34.873409271240234,0.0,0.0220086707045264,-14.743597030639648,0
5X0T,12,5.753843784332275,7.817511558532715,15.670260429382324,0.0,0.08761619976540462,-18.29883575439453,0
5X0T,13,9.17204761505127,11.173821449279785,24.85838508605957,0.4,0.17412780796717112,-18.085161209106445,2
5X0T,14,8.237417221069336,11.206175804138184,21.547521591186523,0.0,0.050753136820217766,-17.23783302307129,0
5WUX,0,25.96493911743164,20.56941032409668,49.89713668823242,0.0,0.011163553785322201,-17.2015323638916,12
5WUX,1,15.779623031616211,16.303462982177734,27.837636947631836,0.0,0.03122546609930985,-14.897016525268555,26
5WUX,2,21.042661666870117,20.58629608154297,49.79506301879883,0.0,0.011198163766044591,-16.653076171875,10
5WUX,3,27.64572525024414,21.353050231933594,64.26407623291016,0.0,0.007368062006827391,-15.89696216583252,18
5WUX,4,27.567445755004883,20.3703556060791,55.091552734375,0.0,0.009548186048427101,-17.663511276245117,20
5WUX,5,22.660184860229492,21.12347984313965,33.82665252685547,0.0,0.021469777861447357,-15.3392915725708,14
5WUX,6,24.705337524414062,20.217275619506836,46.456783294677734,0.0,0.012622233571305999,-15.044305801391602,13
5WUX,7,19.621723175048828,16.026111602783203,44.838382720947266,0.0,0.01445813447157046,-18.132741928100586,12
5WUX,8,27.725902557373047,22.3297061920166,63.33729934692383,0.0,0.007394600681637345,-14.767364501953125,14
5WUX,9,22.890701293945312,19.76666259765625,33.09051513671875,0.0,0.022541393676465155,-17.299463272094727,9
5WUX,10,16.739078521728516,13.681507110595703,29.151981353759766,0.1,0.06341076214391235,-19.638717651367188,3
5WUX,11,26.3631649017334,20.81793212890625,51.14369583129883,0.0,0.0106814342879396,-18.217613220214844,13
5WUX,12,24.47127342224121,20.98120880126953,61.121761322021484,0.0,0.00801927013559289,-15.61025619506836,23
5WUX,13,29.783180236816406,24.359424591064453,66.55455780029297,0.0,0.006608928145393375,-16.69349479675293,19
5WUX,14,28.89922332763672,32.31902313232422,71.78142547607422,0.0,0.005325896789257569,-17.197006225585938,8
3RVW,0,13.831269264221191,13.267074584960938,28.217973709106445,0.0,0.03193688660597568,-18.725765228271484,4
3RVW,1,17.078510284423828,12.542640686035156,36.07304000854492,0.0,0.02223429370932431,-14.512894630432129,25
3RVW,2,24.042268753051758,18.45016860961914,54.95512008666992,0.0,0.009976890353208796,-12.781574249267578,21
3RVW,3,16.72176742553711,15.255377769470215,33.66263961791992,0.0,0.02317095809050804,-19.15315055847168,6
3RVW,4,17.850181579589844,13.786559104919434,41.314937591552734,0.0,0.017436009849137696,-14.173760414123535,12
3RVW,5,25.034286499023438,20.012832641601562,60.40302658081055,0.0,0.008334799898215171,-15.081809043884277,12
3RVW,6,14.255680084228516,14.38200569152832,28.335886001586914,0.0,0.03110532280174048,-19.5244140625,3
3RVW,7,11.149300575256348,11.057523727416992,24.315279006958008,0.0,0.04232153941173325,-16.40428352355957,1
3RVW,8,14.842166900634766,13.731650352478027,30.3973445892334,0.0,0.028104669010218426,-17.042295455932617,0
3RVW,9,15.273728370666504,14.371448516845703,34.04789733886719,0.0,0.02314810031718664,-15.799139976501465,3
3RVW,10,29.23659896850586,14.603499412536621,60.994483947753906,0.0,0.009830205128369487,-13.614227294921875,87
3RVW,11,16.092405319213867,14.638174057006836,31.775005340576172,0.0,0.02572398639690658,-16.503026962280273,6
3RVW,12,33.186073303222656,29.150127410888672,92.15789031982422,0.0,0.003692026259265202,-14.45986270904541,16
3RVW,13,15.729783058166504,11.204373359680176,28.993106842041016,0.0,0.032251664156897356,-14.646989822387695,20
3RVW,14,14.524794578552246,13.158390998840332,31.209489822387695,0.0,0.02729411319391983,-16.511831283569336,0
1IB1,0,9.172744750976562,10.451004028320312,18.760536193847656,0.0,0.06350055886294567,-16.18421745300293,0
1IB1,1,19.02855110168457,17.4894962310791,46.44513702392578,0.0,0.013236621931745282,-17.10917854309082,3
1IB1,2,5.212578296661377,4.650267601013184,11.981428146362305,0.230769,0.2199344851086774,-16.97740364074707,12
1IB1,3,9.150012016296387,10.44880485534668,18.612661361694336,0.0,0.06425272622627597,-17.530967712402344,0
1IB1,4,16.817153930664062,18.643720626831055,39.64645767211914,0.0,0.01679226077687368,-16.30314064025879,6
1IB1,5,15.709342956542969,16.21600341796875,39.34361267089844,0.0,0.01769265738474345,-18.72643280029297,4
1IB1,6,12.28375244140625,13.43249225616455,29.74880027770996,0.0,0.029264606899577467,-15.546974182128906,6
1IB1,7,13.142455101013184,16.281169891357422,29.614042282104492,0.0,0.02817669210344445,-18.80036163330078,10
1IB1,8,15.608972549438477,18.319345474243164,38.787017822265625,0.0,0.017494616081798628,-14.272115707397461,19
1IB1,9,14.621931076049805,15.815671920776367,32.874244689941406,0.0,0.023859801183767983,-16.722766876220703,6
1IB1,10,7.829365253448486,10.27953052520752,16.11354637145996,0.0,0.07951248176275956,-18.07486915588379,3
1IB1,11,17.767980575561523,19.629297256469727,40.97239685058594,0.0,0.015689332708291082,-18.520362854003906,1
1IB1,12,13.8001127243042,14.495227813720703,33.87042999267578,0.0,0.02328095438625934,-13.789280891418457,5
1IB1,13,24.787368774414062,24.261362075805664,61.224586486816406,0.0,0.007572710762575351,-19.060951232910156,1
1IB1,14,12.977783203125,13.853554725646973,34.21194839477539,0.0,0.023242304524867308,-17.02568244934082,7
3MXW,0,13.352683067321777,12.109641075134277,32.812171936035156,0.0,0.02599944775251152,-15.122122764587402,16
3MXW,1,11.72005558013916,11.898360252380371,25.62750244140625,0.0,0.038250083399886496,-13.673364639282227,51
3MXW,2,11.955246925354004,14.576444625854492,26.31083106994629,0.0,0.03499454242915719,-16.599302291870117,2
3MXW,3,11.328523635864258,11.109299659729004,25.94988250732422,0.0,0.038266773747763196,-16.883773803710938,12
3MXW,4,11.128011703491211,13.367073059082031,25.83308982849121,0.0,0.0367079918454051,-17.73988151550293,8
3MXW,5,12.485867500305176,14.85645580291748,27.321008682250977,0.0,0.032780770809062144,-16.070720672607422,5
3MXW,6,16.76224708557129,15.372364044189453,38.80445861816406,0.0,0.018405455444735888,-14.836892127990723,12
3MXW,7,12.508841514587402,14.890666961669922,27.417156219482422,0.0,0.03257758766326413,-15.89608383178711,3
3MXW,8,11.253599166870117,13.667444229125977,25.735559463500977,0.0,0.036752889074096205,-18.686670303344727,6
3MXW,9,11.78673267364502,12.227938652038574,27.685327529907227,0.0,0.033655745404840315,-17.668254852294922,3
3MXW,10,10.891559600830078,11.49829387664795,26.43596076965332,0.0,0.03680986800236786,-17.892295837402344,2
3MXW,11,11.31674575805664,10.586288452148438,26.771543502807617,0.0,0.03708576337435946,-15.395808219909668,9
3MXW,12,11.068867683410645,10.855862617492676,25.984033584594727,0.0,0.03846676341561194,-15.194865226745605,7
3MXW,13,17.032169342041016,14.889730453491211,42.84230041503906,0.0,0.01597309389375319,-19.010169982910156,6
3MXW,14,12.051223754882812,11.668075561523438,28.32281494140625,0.0,0.03296100344052485,-16.565271377563477,5
3U7Y,0,18.944725036621094,21.314510345458984,40.61164855957031,0.0,0.015632007973654927,-12.745686531066895,10
3U7Y,1,30.046266555786133,27.809314727783203,74.38648986816406,0.0,0.005263282374420222,-16.2922306060791,10
3U7Y,2,20.071237564086914,21.90420150756836,42.67588806152344,0.0,0.014274950016835639,-13.358610153198242,8
3U7Y,3,20.794248580932617,17.039920806884766,38.005271911621094,0.0,0.018442436394982203,-15.860796928405762,0
3U7Y,4,30.612186431884766,21.12289810180664,67.60556030273438,0.0,0.006859799712632522,-14.37064266204834,36
3U7Y,5,24.724742889404297,19.889741897583008,56.029293060302734,0.0,0.009384141732672633,-14.126466751098633,40
3U7Y,6,21.093069076538086,18.05104637145996,38.77735137939453,0.0,0.017567908951794175,-12.290460586547852,36
3U7Y,7,17.191911697387695,12.60619068145752,32.50873947143555,0.0,0.025983860171145286,-15.537898063659668,5
3U7Y,8,29.614694595336914,23.624128341674805,67.73480224609375,0.0,0.006506266750185491,-14.385157585144043,15
3U7Y,9,29.55830192565918,23.96187973022461,66.39856719970703,0.0,0.006675651509619604,-15.633790969848633,36
3U7Y,10,24.307767868041992,14.422119140625,52.92082214355469,0.0,0.011950265526223287,-17.06863021850586,59
3U7Y,11,30.060672760009766,27.85633659362793,75.41627502441406,0.0,0.005144963555654609,-13.51796817779541,27
3U7Y,12,18.33355140686035,12.971528053283691,33.25461959838867,0.0,0.024840733252083243,-17.161638259887695,5
3U7Y,13,23.751163482666016,22.135358810424805,49.17981719970703,0.0,0.011192205804128481,-12.344526290893555,9
3U7Y,14,27.092382431030273,20.338533401489258,60.991905212402344,0.0,0.00815394273607624,-14.354386329650879,29
1S78,0,25.499208450317383,19.220157623291016,62.9403190612793,0.0,0.007988430835282724,-12.584766387939453,52
1S78,1,19.70762062072754,13.29904842376709,40.72893524169922,0.0,0.018099448129976995,-14.068973541259766,1
1S78,2,17.781211853027344,16.264892578125,52.429134368896484,0.0,0.011348096590347417,-16.569393157958984,16
1S78,3,20.954532623291016,15.731987953186035,43.16632080078125,0.0,0.015445487310308,-14.811180114746094,12
1S78,4,16.315156936645508,13.949774742126465,58.49677658081055,0.0,0.010702607045113522,-14.515572547912598,31
1S78,5,15.289873123168945,11.711690902709961,59.41482925415039,0.375,0.1370650820015533,-17.2923583984375,3
1S78,6,24.29020118713379,19.240036010742188,58.5250358581543,0.0,0.00889981576462592,-13.412599563598633,56
1S78,7,18.91191291809082,13.490060806274414,45.794517517089844,0.0,0.015172401798911883,-13.190461158752441,18
1S78,8,20.10536003112793,16.208040237426758,54.958885192871094,0.0,0.010617798229349653,-15.778151512145996,24
1S78,9,15.94237232208252,14.442787170410156,49.99942398071289,0.0,0.012920090110645446,-17.160173416137695,8
1S78,10,16.41798210144043,12.607061386108398,54.2919921875,0.375,0.13762790780684,-16.096220016479492,1
1S78,11,15.508167266845703,19.060056686401367,38.588008880615234,0.0,0.017477116541828354,-14.907980918884277,11
1S78,12,17.15525245666504,13.181197166442871,55.97954177856445,0.0,0.011773562500927218,-15.21817398071289,41
1S78,13,22.190685272216797,13.030774116516113,50.27043533325195,0.0,0.013624248077879743,-13.947335243225098,40
1S78,14,29.26027488708496,26.678956985473633,70.58489227294922,0.0,0.005815148295602867,-15.266007423400879,7
1OYV,0,5.810248374938965,6.453969955444336,14.2235689163208,0.0,0.10479896293518343,-13.345097541809082,3
1OYV,1,14.446782112121582,13.646781921386719,29.023643493652344,0.0,0.030310567925145693,-14.19025707244873,0
1OYV,2,10.896745681762695,10.500662803649902,24.222126007080078,0.027027,0.0522222538944628,-15.63736629486084,2
1OYV,3,7.066745281219482,7.467872142791748,15.456570625305176,0.0,0.09032642659785932,-16.187685012817383,5
1OYV,4,8.344053268432617,8.834585189819336,26.785795211791992,0.0,0.03983568725205756,-15.007519721984863,2
1OYV,5,13.967570304870605,12.607094764709473,29.3377685546875,0.0,0.03046697226622708,-14.547599792480469,0
1OYV,6,9.506096839904785,9.347858428955078,20.870317459106445,0.0,0.05579243113091676,-15.263046264648438,0
1OYV,7,3.682371139526367,4.638633728027344,10.133748054504395,0.108108,0.20525646711590664,-16.880361557006836,2
1OYV,8,8.553914070129395,7.922905921936035,18.9759521484375,0.0,0.06723951245383376,-15.325413703918457,6
1OYV,9,12.781874656677246,11.950810432434082,26.599437713623047,0.0,0.036054627364376264,-13.374608039855957,3
1OYV,10,8.697555541992188,8.083403587341309,24.61214828491211,0.0,0.04661681366398041,-15.56561279296875,3
1OYV,11,5.916075706481934,6.190255641937256,15.24386978149414,0.108108,0.1335817067851158,-18.24806022644043,3
1OYV,12,13.759620666503906,13.386454582214355,28.60772132873535,0.0,0.031173559068849555,-13.957359313964844,0
1OYV,13,8.009481430053711,7.8452043533325195,19.14383888244629,0.0,0.06664846487578734,-17.53717803955078,1
1OYV,14,6.694468975067139,7.3162946701049805,15.799896240234375,0.0,0.08826540304203778,-14.66665267944336,0
1EER,0,7.7908854484558105,7.678393840789795,25.713132858276367,0.083333,0.07286826374383633,-17.815723419189453,21
1EER,1,12.540923118591309,8.612581253051758,33.61289596557617,0.083333,0.05762578092574943,-19.285598754882812,21
1EER,2,15.180747985839844,14.945361137390137,50.84968948364258,0.0,0.012385163114291643,-20.84892463684082,3
1EER,3,16.527589797973633,17.343761444091797,54.5697135925293,0.0,0.010370696193250224,-20.282329559326172,5
1EER,4,15.394317626953125,14.557075500488281,48.67329025268555,0.0,0.013366884253949546,-17.059167861938477,0
1EER,5,12.315526008605957,16.516416549682617,70.99764251708984,0.0,0.007437149978132784,-22.09934425354004,1
1EER,6,6.225714683532715,6.183394908905029,15.96278190612793,0.0,0.09216140166487323,-18.802181243896484,4
1EER,7,16.05494499206543,16.769927978515625,53.844303131103516,0.0,0.010750569776378905,-17.55069351196289,22
1EER,8,16.519643783569336,15.274465560913086,55.16314697265625,0.0,0.010914765937764491,-17.145105361938477,28
1EER,9,16.442642211914062,14.674578666687012,46.691654205322266,0.25,0.09747261704086059,-18.55647087097168,41
1EER,10,15.975069999694824,16.447221755981445,53.71826934814453,0.0,0.010891689846044036,-20.12529754638672,4
1EER,11,8.214730262756348,8.411724090576172,19.187257766723633,0.0,0.06495800100772016,-16.594654083251953,2
1EER,12,4.167415618896484,5.054582595825195,19.642955780029297,0.0,0.0795522874995891,-18.16019058227539,7
1EER,13,16.173477172851562,16.669143676757812,53.51200866699219,0.0,0.010880886924138772,-19.841093063354492,4
1EER,14,15.058024406433105,13.950445175170898,51.40977478027344,0.0,0.012679489330432584,-20.585575103759766,6
2BTF,0,24.08718490600586,23.421443939208984,66.3467788696289,0.0,0.006744399902082933,-16.88115119934082,2
2BTF,1,11.524267196655273,11.073728561401367,27.902761459350586,0.0,0.03431211021758231,-15.917110443115234,0
2BTF,2,26.63178062438965,26.521728515625,79.31375122070312,0.0,0.004847795929610721,-17.018205642700195,0
2BTF,3,24.79176902770996,19.40787124633789,67.12191009521484,0.0,0.007240459008241526,-16.730499267578125,0
2BTF,4,26.30560302734375,24.24639129638672,79.06339263916016,0.0,0.005079573621106387,-19.0792293548584,0
2BTF,5,14.44246768951416,17.423227310180664,35.930564880371094,0.0,0.020118477549932016,-14.839134216308594,0
2BTF,6,14.154317855834961,14.036876678466797,37.43693542480469,0.0,0.020104739761570813,-18.31431770324707,0
2BTF,7,27.462064743041992,26.80445671081543,79.07103729248047,0.0,0.004848568528873879,-19.799022674560547,0
2BTF,8,15.209094047546387,15.381377220153809,39.49483871459961,0.0,0.017896330082528864,-21.55900001525879,0
2BTF,9,25.952552795410156,23.61237335205078,71.60997772216797,0.0,0.005970975621972925,-14.440180778503418,4
2BTF,10,24.413991928100586,18.50855255126953,65.58052062988281,0.0,0.007682280466256776,-15.239892959594727,0
2BTF,11,24.567092895507812,19.887630462646484,67.57192993164062,0.0,0.007077892200435166,-17.763660430908203,0
2BTF,12,13.069626808166504,16.243032455444336,28.578916549682617,0.0,0.02990886394499585,-13.927340507507324,0
2BTF,13,12.16197395324707,11.400169372558594,36.71271514892578,0.0,0.02263184422377776,-22.218942642211914,0
2BTF,14,24.00532341003418,18.78609275817871,66.11444091796875,0.0,0.007531742157811228,-14.655170440673828,0
1IRA,0,23.597850799560547,26.94756507873535,49.13149642944336,0.0,0.010716607931481577,-12.953230857849121,0
1IRA,1,11.994852066040039,10.375539779663086,27.43155860900879,0.0,0.03602537997055915,-19.34412956237793,0
1IRA,2,12.243571281433105,13.5766019821167,24.456378936767578,0.0,0.03994558063054062,-17.879169464111328,5
1IRA,3,8.077439308166504,7.130259037017822,18.737825393676758,0.0,0.0710135005620514,-17.468299865722656,0
1IRA,4,27.987564086914062,25.783266067504883,59.46907043457031,0.0,0.007797856788070681,-17.205810546875,1
1IRA,5,11.634450912475586,12.367768287658691,21.918743133544922,0.047619,0.06428055467720906,-14.776474952697754,7
1IRA,6,13.760247230529785,15.912068367004395,26.23909568786621,0.0,0.03459383107525709,-16.47047233581543,7
1IRA,7,74.0186767578125,79.38424682617188,167.39244079589844,0.0,0.0009762576035094297,0.0,0
1IRA,8,22.35915756225586,20.899065017700195,49.79957962036133,0.0,0.011144472212205712,-14.341439247131348,1
1IRA,9,25.6778621673584,24.174236297607422,55.65169143676758,0.0,0.008877257495187644,-18.8476505279541,0
1IRA,10,13.446425437927246,16.022733688354492,26.638275146484375,0.0,0.03369909940578781,-18.117408752441406,4
1IRA,11,12.93829345703125,16.590778350830078,23.038524627685547,0.0,0.042640293195533883,-16.6884822845459,1
1IRA,12,10.295433044433594,12.880295753479004,20.648807525634766,0.0,0.052759909317622124,-17.457849502563477,4
1IRA,13,12.587124824523926,15.02135944366455,24.274642944335938,0.0,0.03969774277381447,-18.566761016845703,0
1IRA,14,9.470120429992676,11.31917953491211,17.108179092407227,0.0,0.07174530935018943,-16.64336585998535,1
2HLE,0,14.55492877960205,12.860608100891113,44.14015197753906,0.0,0.01639261690959714,-14.094866752624512,8
2HLE,1,7.938548564910889,6.876636028289795,19.80628204345703,0.090909,0.09728638862279478,-13.275675773620605,30
2HLE,2,16.99977684020996,15.368766784667969,55.23126220703125,0.181818,0.07146356519243416,-15.441766738891602,8
2HLE,3,13.294723510742188,13.341825485229492,49.62886047363281,0.0,0.013660090991041299,-12.79450511932373,2
2HLE,4,13.382540702819824,13.41193962097168,49.710567474365234,0.0,0.013586922544058591,-12.692440032958984,8
2HLE,5,12.373517036437988,11.28456974029541,43.35334777832031,0.090909,0.048429688855916725,-14.222675323486328,8
2HLE,6,12.849325180053711,11.133837699890137,44.2365608215332,0.0,0.01781120330008175,-13.594468116760254,7
2HLE,7,16.81755256652832,14.681815147399902,46.546913146972656,0.0,0.014200374120388817,-13.010191917419434,3
2HLE,8,12.83251667022705,13.750758171081543,41.632720947265625,0.0,0.01725848509861408,-16.953655242919922,0
2HLE,9,16.92811393737793,14.783644676208496,48.152042388916016,0.0,0.013469689704587137,-13.400434494018555,5
2HLE,10,19.453567504882812,15.560759544372559,50.586456298828125,0.0,0.012221747107434592,-13.717288970947266,1
2HLE,11,15.73237419128418,16.610321044921875,52.29834747314453,0.0,0.011274979097839989,-15.230570793151855,1
2HLE,12,14.999289512634277,12.865557670593262,49.98757553100586,0.090909,0.04414061119840051,-15.624991416931152,8
2HLE,13,14.281961441040039,12.735771179199219,47.19295883178711,0.181818,0.07564029165455737,-13.319785118103027,9
2HLE,14,13.625274658203125,12.242233276367188,46.77853775024414,0.090909,0.04588731627387823,-16.045560836791992,5
1T6B,0,20.270662307739258,15.863825798034668,59.49413299560547,0.0,0.009621746548799827,-13.085331916809082,7
1T6B,1,17.741838455200195,16.787811279296875,51.98709487915039,0.0,0.011319062041160411,-17.0645694732666,0
1T6B,2,21.9919376373291,19.369747161865234,65.62352752685547,0.0,0.007487199725834205,-13.923887252807617,2
1T6B,3,39.83932876586914,37.503910064697266,104.9911117553711,0.0,0.0027029429192588655,-17.77259635925293,0
1T6B,4,16.091501235961914,12.004905700683594,46.43765640258789,0.0,0.015930050952331364,-15.67737865447998,0
1T6B,5,42.37504196166992,36.77694320678711,110.37371826171875,0.0,0.002518837071866381,-16.909873962402344,2
1T6B,6,26.547117233276367,19.989503860473633,69.69488525390625,0.0,0.006751886780841876,-14.715450286865234,0
1T6B,7,41.64621353149414,39.027931213378906,107.73651123046875,0.0,0.002553698950995935,-18.539344787597656,3
1T6B,8,20.54404640197754,19.061071395874023,60.26675796508789,0.0,0.008552962634096972,-16.488826751708984,9
1T6B,9,16.59290885925293,14.898401260375977,52.310874938964844,0.0,0.011919659465779409,-17.532943725585938,0
1T6B,10,27.268312454223633,22.593557357788086,73.9052505493164,0.0,0.005814489721128822,-17.046871185302734,4
1T6B,11,14.546393394470215,24.22076416015625,43.648292541503906,0.0,0.01345271908045883,-17.152456283569336,0
1T6B,12,35.428855895996094,38.56032180786133,97.75381469726562,0.0,0.0030050132593634846,-17.633220672607422,0
1T6B,13,19.94685173034668,13.637083053588867,54.72893142700195,0.0,0.011835810252856469,-15.9514741897583,0
1T6B,14,25.950279235839844,19.6810359954834,67.62433624267578,0.0,0.007109535760984164,-15.654699325561523,1
5KOV,0,26.957901000976562,21.433740615844727,35.39629364013672,0.0,0.0197986650158081,-19.230314254760742,21
5KOV,1,23.519500732421875,19.949296951293945,41.07194137573242,0.0,0.015564238415300191,-17.37697982788086,21
5KOV,2,24.834993362426758,19.105411529541016,35.25294876098633,0.0,0.0203561503104769,-19.33399772644043,31
5KOV,3,29.649145126342773,24.22642707824707,39.96174621582031,0.0,0.015701123478334033,-18.990671157836914,8
5KOV,4,23.578433990478516,19.02133560180664,35.86848449707031,0.0,0.01978408901799684,-17.477670669555664,12
5KOV,5,20.260467529296875,18.509685516357422,43.85136413574219,0.0,0.014245489060357656,-13.310315132141113,22
5KOV,6,22.13212013244629,19.389020919799805,33.81104278564453,0.0,0.02179771404265631,-15.86754035949707,11
5KOV,7,25.818397521972656,19.749279022216797,36.358272552490234,0.0,0.019186146851221674,-18.999752044677734,20
5KOV,8,21.784578323364258,15.101682662963867,32.86362838745117,0.0,0.024157276483462983,-14.915759086608887,15
5KOV,9,23.69464111328125,18.141868591308594,33.50784683227539,0.0,0.02241626242912702,-17.75450325012207,25
5KOV,10,19.486265182495117,16.22088050842285,33.04433059692383,0.0,0.023513264199716777,-15.483176231384277,17
5KOV,11,25.002628326416016,20.375057220458984,34.71159744262695,0.0,0.020654032413245368,-17.51812744140625,24
5KOV,12,13.022324562072754,9.947575569152832,29.529096603393555,0.0,0.032916882985051146,-17.57724380493164,33
5KOV,13,14.878191947937012,10.785382270812988,28.715883255004883,0.0,0.0331783261216648,-18.70132827758789,13
5KOV,14,22.09820556640625,13.705564498901367,36.82970428466797,0.0,0.020802533853548483,-17.91509246826172,15
2AJF,0,20.33992576599121,10.262131690979004,47.10715866088867,0.0,0.017483379896894104,-13.927400588989258,65
2AJF,1,19.546499252319336,13.778654098510742,46.470314025878906,0.0,0.014695470484355625,-13.146563529968262,65
2AJF,2,21.57221031188965,16.818078994750977,50.32151794433594,0.0,0.011877474443374876,-13.985182762145996,57
2AJF,3,19.078664779663086,17.333560943603516,45.85410690307617,0.0,0.013551246691233539,-14.588659286499023,56
2AJF,4,21.37955665588379,16.797239303588867,50.26520538330078,0.0,0.011904108208355545,-17.20001792907715,44
2AJF,5,21.813331604003906,16.143089294433594,51.144779205322266,0.0,0.011812790945125719,-15.416337013244629,48
2AJF,6,18.89790153503418,19.918493270874023,47.899078369140625,0.0,0.012056180979150994,-14.343610763549805,60
2AJF,7,19.421052932739258,19.08997917175293,46.524009704589844,0.0,0.012812584748847604,-17.538063049316406,43
2AJF,8,21.455646514892578,16.507156372070312,50.29323959350586,0.0,0.01198680183723587,-17.549026489257812,49
2AJF,9,18.96240234375,19.169170379638672,45.82986831665039,0.0,0.01311352477575631,-16.23211669921875,50
2AJF,10,19.645593643188477,17.459749221801758,47.133487701416016,0.0,0.012941503462159073,-13.202886581420898,59
2AJF,11,19.596590042114258,16.984922409057617,46.8503303527832,0.0,0.01320213020093691,-12.232744216918945,56
2AJF,12,21.716697692871094,17.321455001831055,50.934200286865234,0.0,0.01151278996101796,-15.808639526367188,51
2AJF,13,19.037736892700195,19.477602005004883,45.996803283691406,0.0,0.012972499571682452,-15.307595252990723,61
2AJF,14,16.476797103881836,15.058878898620605,39.73666000366211,0.0,0.01785971698447706,-14.139094352722168,67
4Y7M,0,11.610970497131348,9.7431640625,36.84624481201172,0.076923,0.0502014168896908,-17.46253776550293,14
4Y7M,1,14.242256164550781,12.099923133850098,32.115230560302734,0.0,0.02686690059626351,-15.814302444458008,9
4Y7M,2,5.344206809997559,5.414491176605225,29.072818756103516,0.0,0.0500086750197574,-21.593626022338867,1
4Y7M,3,6.127213954925537,6.423577308654785,13.15334701538086,0.0,0.11543138492705592,-18.824140548706055,10
4Y7M,4,15.913764953613281,13.187480926513672,51.50770950317383,0.0,0.013094468191315997,-17.337331771850586,3
4Y7M,5,10.559892654418945,7.6764116287231445,36.234039306640625,0.0,0.02964618500892055,-17.52334213256836,3
4Y7M,6,8.172103881835938,7.692209720611572,13.15778636932373,0.0,0.11035914290506417,-16.154083251953125,8
4Y7M,7,15.012996673583984,11.327363014221191,38.01749038696289,0.0,0.021614091271009255,-17.072874069213867,5
4Y7M,8,5.690762519836426,6.854396820068359,14.528008460998535,0.0,0.10023985177832945,-19.504579544067383,15
4Y7M,9,4.839327812194824,4.897312164306641,13.617810249328613,0.076923,0.14768704119474074,-18.58273696899414,2
4Y7M,10,13.27839469909668,11.95776653289795,42.31898498535156,0.0,0.01809009338098731,-19.862703323364258,1
4Y7M,11,8.581828117370605,5.746356964111328,37.7016487121582,0.230769,0.11431081645271045,-17.989212036132812,10
4Y7M,12,13.665303230285645,11.335247993469238,34.373573303222656,0.0,0.024945058656715934,-21.14886474609375,0
4Y7M,13,5.619789123535156,5.3026041984558105,15.236655235290527,0.307692,0.20637728326040886,-16.612197875976562,15
4Y7M,14,12.106673240661621,10.498780250549316,41.269901275634766,0.0,0.020232784729723653,-20.15303611755371,5
1HIA,0,13.03519058227539,14.525276184082031,38.80928421020508,0.0,0.018775233872941017,-16.618959426879883,0
1HIA,1,12.871970176696777,14.102987289428711,41.16948699951172,0.0,0.0173568087159325,-20.768186569213867,0
1HIA,2,12.293792724609375,13.420498847961426,37.62297439575195,0.0,0.020300632700663818,-19.528438568115234,0
1HIA,3,14.160306930541992,15.779064178466797,43.73484420776367,0.0,0.015118069280181848,-19.75558853149414,0
1HIA,4,12.134275436401367,13.026745796203613,39.492244720458984,0.0,0.01911979457379047,-20.37580108642578,1
1HIA,5,10.254070281982422,11.261371612548828,31.64124870300293,0.0,0.028246973740812458,-18.544958114624023,0
1HIA,6,4.543822765350342,5.339130878448486,11.928330421447754,0.033333,0.1477544934034872,-19.94314193725586,0
1HIA,7,11.989252090454102,13.110198974609375,39.637611389160156,0.0,0.018961858191057043,-19.275375366210938,0
1HIA,8,15.08287239074707,16.32769203186035,43.371273040771484,0.0,0.0151191794072369,-20.366735458374023,0
1HIA,9,9.033766746520996,10.961026191711426,27.56658363342285,0.0,0.035068267959716126,-16.485448837280273,0
1HIA,10,11.38434886932373,12.35520076751709,37.658180236816406,0.0,0.021000899867677197,-21.941680908203125,0
1HIA,11,2.9352896213531494,3.9426605701446533,8.223099708557129,0.0,0.21433215464648733,-20.435945510864258,0
1HIA,12,13.451766967773438,14.414690017700195,40.80466842651367,0.0,0.017433601169560105,-18.883962631225586,0
1HIA,13,8.191494941711426,9.961944580078125,20.426923751831055,0.0,0.05658880361079229,-19.839292526245117,1
1HIA,14,11.181456565856934,13.982634544372559,34.13670349121094,0.0,0.02325266247336485,-17.293508529663086,0
1BKD,0,25.849903106689453,25.041221618652344,63.123104095458984,0.0,0.0071283454774145405,-16.01786994934082,0
1BKD,1,25.38813018798828,24.514972686767578,62.05416488647461,0.0,0.00738235603462173,-16.623361587524414,3
1BKD,2,25.441022872924805,23.948909759521484,62.16737747192383,0.0,0.00741966287638559,-15.339709281921387,2
1BKD,3,8.312525749206543,9.37434196472168,19.265419006347656,0.0,0.06263583213843411,-12.862037658691406,11
1BKD,4,23.987384796142578,21.55902671813965,53.00088119506836,0.0,0.009964222221348804,-14.553470611572266,21
1BKD,5,25.738265991210938,24.547826766967773,62.69269561767578,0.0,0.007256871596115101,-16.14598274230957,1
1BKD,6,23.21375846862793,19.245521545410156,62.534141540527344,0.0,0.008059547846345369,-17.35992431640625,3
1BKD,7,23.40113067626953,19.49180793762207,62.61515808105469,0.0,0.00799395031943486,-16.585693359375,8
1BKD,8,11.464495658874512,13.045551300048828,22.51869010925293,0.0,0.045919621354472424,-17.568687438964844,1
1BKD,9,5.729391098022461,6.87005090713501,17.403791427612305,0.0,0.07936549162443575,-15.355644226074219,12
1BKD,10,6.273731708526611,6.683319091796875,13.10722541809082,0.105263,0.1497556508979265,-14.09904670715332,5
1BKD,11,25.736570358276367,23.720502853393555,62.836769104003906,0.0,0.007317461513683082,-15.817262649536133,0
1BKD,12,3.2104315757751465,3.9265077114105225,7.032711505889893,0.210526,0.31050255523553066,-13.352853775024414,7
1BKD,13,22.3151912689209,15.521666526794434,50.940101623535156,0.0,0.012113868853991731,-12.836040496826172,28
1BKD,14,26.052770614624023,24.925809860229492,63.764347076416016,0.0,0.007022640428021133,-15.644944190979004,5
1EXB,0,29.487743377685547,36.10173797607422,76.39509582519531,0.0,0.004650530681570678,-19.01374053955078,15
1EXB,1,22.31944465637207,27.53966522216797,58.62641143798828,0.0,0.007848661030701766,-17.066986083984375,16
1EXB,2,29.243309020996094,36.031856536865234,76.16407775878906,0.0,0.004677216883730662,-17.78653907775879,21
1EXB,3,17.540241241455078,25.742332458496094,41.397926330566406,0.0,0.01461217912582454,-16.993650436401367,9
1EXB,4,22.433414459228516,30.93578338623047,56.70259475708008,0.0,0.008107717615354086,-17.058029174804688,17
1EXB,5,32.09526443481445,39.25867462158203,81.94953918457031,0.0,0.004033850436558734,-19.93852996826172,5
1EXB,6,30.9208984375,38.583648681640625,78.81082153320312,0.0,0.004335888940312068,-18.565885543823242,4
1EXB,7,34.095481872558594,38.496986389160156,83.9656753540039,0.0,0.003886610269646825,-16.80841827392578,14
1EXB,8,29.735437393188477,36.4566764831543,78.57112884521484,0.0,0.004419345870472604,-21.003704071044922,4
1EXB,9,33.476192474365234,37.10811996459961,79.03939056396484,0.0,0.004354739262535442,-21.130945205688477,7
1EXB,10,30.697956085205078,36.576072692871094,80.18408203125,0.0,0.0042638151499540455,-20.847049713134766,3
1EXB,11,31.09678840637207,37.65003967285156,80.65742492675781,0.0,0.004189518661399474,-20.542158126831055,4
1EXB,12,29.482282638549805,37.7035026550293,75.9782943725586,0.0,0.004647123011767528,-16.914674758911133,12
1EXB,13,23.313228607177734,30.548946380615234,60.1489372253418,0.0,0.007328113255061956,-18.692035675048828,13
1EXB,14,28.842248916625977,35.251651763916016,77.21421813964844,0.0,0.004593526873032904,-17.197967529296875,14
1D6R,0,9.07349967956543,10.935367584228516,23.025630950927734,0.0,0.046133008074268456,-20.167205810546875,0
1D6R,1,8.553703308105469,10.444994926452637,23.778169631958008,0.0,0.04450445547108978,-27.088153839111328,1
1D6R,2,11.65865421295166,13.149868965148926,33.94868087768555,0.0,0.023945247521949962,-16.779115676879883,4
1D6R,3,9.586004257202148,11.770663261413574,22.93403434753418,0.0,0.04558508730208096,-19.388290405273438,0
1D6R,4,7.494870185852051,7.218700885772705,18.19858741760254,0.0,0.07349216645939854,-14.089107513427734,0
1D6R,5,13.710718154907227,12.436820030212402,38.484779357910156,0.0,0.020283711313456194,-17.176429748535156,11
1D6R,6,15.500913619995117,21.04935646057129,47.10154342651367,0.0,0.012197203720070125,-13.768195152282715,0
1D6R,7,14.890969276428223,15.66356372833252,43.28316879272461,0.0,0.015406944929567797,-15.685074806213379,2
1D6R,8,21.379440307617188,16.85806655883789,54.2265739440918,0.0,0.010612056635957873,-14.522750854492188,6
1D6R,9,10.033404350280762,10.248367309570312,26.324932098388672,0.0,0.0384622269729026,-15.004656791687012,1
1D6R,10,20.692689895629883,17.255645751953125,53.01476287841797,0.0,0.010854041804510604,-15.472686767578125,7
1D6R,11,21.027793884277344,16.843994140625,52.425811767578125,0.0,0.011160673558780506,-15.784462928771973,7
1D6R,12,19.851951599121094,17.4421329498291,50.52791976928711,0.0,0.011620640213477465,-16.6494140625,14
1D6R,13,16.756790161132812,17.964792251586914,49.744529724121094,0.0,0.01176423674665991,-14.525030136108398,3
1D6R,14,10.276893615722656,10.382918357849121,26.5922794342041,0.0,0.03771463904825284,-15.221043586730957,2
5E5M,0,4.926636219024658,5.048905372619629,8.248523712158203,0.0,0.19870584420208973,-17.712202072143555,1
5E5M,1,7.578396797180176,6.145391464233398,14.381156921386719,0.0,0.10504183805823909,-19.634414672851562,3
5E5M,2,12.335880279541016,10.089424133300781,17.505056381225586,0.0,0.07080693371411374,-18.652565002441406,0
5E5M,3,5.952071189880371,6.103302001953125,15.451817512512207,0.0,0.09642341329061578,-17.904010772705078,5
5E5M,4,10.09246826171875,7.040596961975098,19.434762954711914,0.0,0.06799644964303812,-18.075151443481445,2
5E5M,5,8.819734573364258,6.274734020233154,20.22414779663086,0.0,0.06806080274594677,-21.94599151611328,4
5E5M,6,11.413657188415527,9.937407493591309,19.3519287109375,0.0,0.06133378809425825,-16.186492919921875,7
5E5M,7,7.071358680725098,6.866610527038574,15.086403846740723,0.0,0.095500130675383,-16.835969924926758,2
5E5M,8,12.074503898620605,9.69755744934082,17.83493423461914,0.0,0.06948791672609612,-17.726398468017578,2
5E5M,9,17.133190155029297,16.374670028686523,25.19264793395996,0.0,0.036841874917952974,-18.224674224853516,0
5E5M,10,11.858357429504395,10.01187801361084,17.629066467285156,0.0,0.07019313804517745,-19.172250747680664,0
5E5M,11,12.240153312683105,10.08362102508545,17.87204360961914,0.0,0.06870685374138256,-17.874650955200195,2
5E5M,12,10.348485946655273,7.227646350860596,20.055809020996094,0.0,0.06452101294867883,-18.126739501953125,1
5E5M,13,17.78371238708496,16.571819305419922,26.553298950195312,0.0,0.033691016531864355,-18.121212005615234,0
5E5M,14,54.57160186767578,63.55120086669922,166.89852905273438,0.0,0.0010479533568665052,0.0,0
2OOR,0,11.940648078918457,15.717514038085938,30.5859432220459,0.0,0.026906665990498378,-13.679389953613281,26
2OOR,1,24.480976104736328,26.30529022216797,71.20105743408203,0.0,0.0057641480174440984,-11.661636352539062,9
2OOR,2,16.062795639038086,17.956314086914062,44.59821319580078,0.0,0.013993817598690145,-19.608369827270508,10
2OOR,3,9.28071117401123,10.665529251098633,23.695114135742188,0.0,0.04446912887532355,-17.678356170654297,19
2OOR,4,16.33648109436035,18.24289894104004,46.07187271118164,0.0,0.013211017834275815,-19.227325439453125,6
2OOR,5,21.400033950805664,23.858173370361328,61.78653335571289,0.0,0.00750378789230443,-15.11146354675293,8
2OOR,6,16.967288970947266,18.865612030029297,47.23527526855469,0.0,0.01254949056857127,-20.536930084228516,7
2OOR,7,16.509092330932617,18.667020797729492,45.215152740478516,0.0,0.013516521631016841,-19.669597625732422,22
2OOR,8,24.554542541503906,23.73285484313965,70.45382690429688,0.0,0.006108506137055302,-11.38778305053711,16
2OOR,9,24.53281593322754,23.928054809570312,71.8759536743164,0.0,0.0059022549682730165,-12.358382225036621,12
2OOR,10,16.63838005065918,19.412628173828125,44.58055114746094,0.0,0.013671149308695764,-16.675735473632812,12
2OOR,11,25.35323143005371,24.467866897583008,72.32691955566406,0.0,0.0057891562299159025,-11.773524284362793,10
2OOR,12,9.458395004272461,10.705283164978027,25.149497985839844,0.0,0.0405913235794866,-18.839853286743164,23
2OOR,13,12.685900688171387,13.900506019592285,36.02244186401367,0.0,0.02141761700524511,-13.472731590270996,22
2OOR,14,5.1765241622924805,5.531264781951904,14.126824378967285,0.315789,0.21669882485472522,-17.804183959960938,14
7CEI,0,13.697147369384766,9.667998313903809,21.670812606811523,0.0,0.05227985414674514,-16.440196990966797,8
7CEI,1,12.965286254882812,9.304638862609863,29.84953498840332,0.0,0.03344574419784024,-17.739885330200195,19
7CEI,2,9.795377731323242,7.860551834106445,16.433469772338867,0.0,0.08206729691395158,-17.321495056152344,9
7CEI,3,12.761555671691895,11.81396484375,28.89353370666504,0.0,0.03183861452236921,-17.413188934326172,18
7CEI,4,11.096329689025879,10.99353313446045,32.331092834472656,0.2,0.09430901520825137,-18.179244995117188,18
7CEI,5,11.373398780822754,7.715995788574219,19.83624267578125,0.0,0.06384987617627934,-18.766769409179688,7
7CEI,6,8.7733793258667,7.765480995178223,14.325982093811035,0.0,0.09878175620878576,-16.114412307739258,5
7CEI,7,10.506531715393066,9.792003631591797,17.28485107421875,0.0,0.0725544951630357,-14.969298362731934,8
7CEI,8,10.122142791748047,6.84918737411499,18.65582847595215,0.0,0.07255759459170207,-18.58040428161621,9
7CEI,9,13.129284858703613,9.249503135681152,20.87631607055664,0.0,0.05594337071535462,-15.695481300354004,12
7CEI,10,9.100228309631348,8.098031997680664,15.217874526977539,0.0,0.09032221140166637,-13.995062828063965,12
7CEI,11,12.46450138092041,10.610483169555664,21.712751388549805,0.0,0.050827044889013344,-14.32684326171875,16
7CEI,12,8.84902572631836,7.269582748413086,15.232909202575684,0.0,0.09275799161279878,-16.975841522216797,8
7CEI,13,14.209227561950684,10.073902130126953,21.147987365722656,0.0,0.05358987055888928,-16.860157012939453,11
7CEI,14,9.293452262878418,8.74882984161377,15.780755043029785,0.0,0.08447878415144078,-14.003893852233887,8
2VDB,0,9.970781326293945,13.65987777709961,36.77266311645508,0.0,0.020878337715173372,-18.137134552001953,1
2VDB,1,9.891895294189453,10.195338249206543,35.28000259399414,0.0,0.02534998600826496,-17.591753005981445,37
2VDB,2,6.703226089477539,10.893177032470703,24.08745574951172,0.0,0.04311473297732469,-16.893556594848633,23
2VDB,3,14.188966751098633,20.479127883911133,51.25945281982422,0.0,0.010699223852151357,-15.853533744812012,20
2VDB,4,8.574382781982422,12.617057800292969,31.6998233795166,0.0,0.027004508571506478,-16.168804168701172,1
2VDB,5,15.004880905151367,20.43398094177246,54.077293395996094,0.0,0.009823451772133276,-15.720846176147461,30
2VDB,6,12.215882301330566,18.45181655883789,44.072139739990234,0.0,0.014142757097567073,-16.092966079711914,6
2VDB,7,5.990299224853516,9.53538990020752,21.33621597290039,0.083333,0.0814841352228585,-14.815982818603516,31
2VDB,8,11.998787879943848,16.567644119262695,43.069366455078125,0.0,0.015206565001140647,-16.945920944213867,46
2VDB,9,11.506958961486816,16.238147735595703,41.592830657958984,0.0,0.01618351433314866,-18.217615127563477,13
2VDB,10,14.394368171691895,25.745298385620117,54.57480239868164,0.0,0.009022169177241739,-21.34572410583496,3
2VDB,11,9.950098037719727,19.801782608032227,37.36465835571289,0.0,0.018303245038656584,-16.667434692382812,6
2VDB,12,6.805410861968994,11.037342071533203,24.164783477783203,0.333333,0.15385778182362173,-16.50079345703125,11
2VDB,13,8.889671325683594,18.12709617614746,33.01189422607422,0.0,0.02299207883753307,-16.80504608154297,3
2VDB,14,13.81850814819336,20.23141860961914,49.30482864379883,0.0,0.011443289652211542,-17.955516815185547,18
1FAK,0,18.14091682434082,17.60032081604004,40.95763397216797,0.5,0.18283400128336216,-13.463308334350586,11
1FAK,1,9.541868209838867,8.64228343963623,20.068340301513672,0.0,0.060450979332886214,-16.451763153076172,0
1FAK,2,19.086130142211914,24.56203269958496,44.505741119384766,0.0,0.01296929451272341,-13.63254165649414,0
1FAK,3,8.787357330322266,9.101457595825195,16.953310012817383,0.0,0.07577506678642025,-18.622591018676758,0
1FAK,4,11.116595268249512,12.130992889404297,27.868942260742188,0.0,0.033388824821095224,-13.5573148727417,13
1FAK,5,17.60869026184082,15.835411071777344,32.546348571777344,0.0,0.024248459054173308,-14.690168380737305,0
1FAK,6,20.279682159423828,23.700319290161133,46.40593338012695,0.0,0.012150163975178851,-17.03790855407715,0
1FAK,7,19.786663055419922,21.979145050048828,53.854774475097656,0.0,0.00964714145115655,-11.703853607177734,15
1FAK,8,14.423405647277832,13.680537223815918,26.22343635559082,0.1,0.06898504848053234,-17.331350326538086,3
1FAK,9,21.525959014892578,23.108596801757812,57.665672302246094,0.0,0.008486961587508004,-13.303142547607422,4
1FAK,10,25.129331588745117,29.27415657043457,64.50572967529297,0.0,0.00656198130182777,-16.450916290283203,0
1FAK,11,14.474209785461426,15.447175979614258,29.700590133666992,0.0,0.02834843773521709,-13.636676788330078,4
1FAK,12,16.60106658935547,16.749385833740234,31.420921325683594,0.0,0.02538245326158921,-14.76233959197998,1
1FAK,13,9.236946105957031,8.333258628845215,19.563745498657227,0.0,0.0633927934920397,-16.64891815185547,2
1FAK,14,25.861692428588867,29.350929260253906,69.797119140625,0.0,0.005739664765899599,-19.086502075195312,2
1WEJ,0,14.109086990356445,15.461522102355957,40.704078674316406,0.0,0.01703652571106321,-14.798337936401367,8
1WEJ,1,8.5888032913208,12.087226867675781,19.637636184692383,0.0,0.05765227812688604,-18.04323959350586,0
1WEJ,2,8.692273139953613,10.151030540466309,19.91057014465332,0.0,0.058508315398170675,-23.749156951904297,0
1WEJ,3,49.68194580078125,71.47454833984375,136.89878845214844,0.0,0.0014268535269814965,0.0,0
1WEJ,4,8.463038444519043,10.746522903442383,19.566682815551758,0.0,0.05928827136915036,-19.096303939819336,3
1WEJ,5,8.62376594543457,11.503961563110352,20.213075637817383,0.0,0.05566064045453667,-21.283493041992188,0
1WEJ,6,18.19367790222168,18.366291046142578,50.333595275878906,0.0,0.01145115562734019,-17.036962509155273,0
1WEJ,7,24.676258087158203,28.341163635253906,69.38733673095703,0.0,0.0058593207003700765,-15.076885223388672,0
1WEJ,8,24.52526092529297,23.436521530151367,69.18411254882812,0.0,0.00631662982314797,-20.31517791748047,4
1WEJ,9,18.09156608581543,18.68384552001953,48.953697204589844,0.0,0.01189012280867821,-15.887558937072754,13
1WEJ,10,11.553104400634766,15.413212776184082,33.593772888183594,0.0,0.023183597375514394,-17.785280227661133,0
1WEJ,11,8.552506446838379,11.719344139099121,19.821565628051758,0.0,0.05714879037282295,-21.16660499572754,0
1WEJ,12,8.111015319824219,9.842110633850098,18.547048568725586,0.0,0.06542563354065713,-22.860925674438477,0
1WEJ,13,8.26091194152832,10.62998104095459,19.11979103088379,0.0,0.06151562623844802,-19.195484161376953,5
1WEJ,14,9.488973617553711,11.422828674316406,23.73882484436035,0.0,0.04353039752322122,-19.72118377685547,5
1ML0,0,8.608983993530273,15.233698844909668,34.53096008300781,0.0,0.02224448127899209,-15.780489921569824,1
1ML0,1,8.476529121398926,12.660734176635742,34.188167572021484,0.0,0.024019259078584185,-15.656911849975586,0
1ML0,2,20.79507827758789,29.984956741333008,78.14505767822266,0.0,0.004729760632138606,-15.163440704345703,2
1ML0,3,21.970733642578125,33.30421447753906,82.59577178955078,0.0,0.004168030011156042,-18.2547550201416,0
1ML0,4,22.017728805541992,32.27606201171875,81.97638702392578,0.0,0.004264035707739913,-16.140165328979492,3
1ML0,5,10.807204246520996,20.986623764038086,42.63956832885742,0.0,0.014434118172384394,-16.41509246826172,2
1ML0,6,8.280288696289062,12.14111042022705,33.50402069091797,0.0,0.02516878094032066,-16.17138671875,2
1ML0,7,9.652546882629395,18.04542350769043,37.957584381103516,0.0,0.01820467742959815,-16.872114181518555,0
1ML0,8,7.0584635734558105,13.975234985351562,28.025840759277344,0.0,0.031875413527742834,-16.874467849731445,2
1ML0,9,18.881086349487305,30.043622970581055,71.2752456665039,0.0,0.005503036482335088,-17.401256561279297,1
1ML0,10,8.902161598205566,14.648741722106934,35.67431640625,0.0,0.021365905292645967,-17.426753997802734,0
1ML0,11,21.056612014770508,31.607803344726562,79.21144104003906,0.0,0.004543645345409513,-16.60394287109375,0
1ML0,12,20.62331771850586,31.140060424804688,77.48722839355469,0.0,0.004734984647667066,-15.782807350158691,2
1ML0,13,18.90085792541504,31.928768157958984,72.45800018310547,0.0,0.00525896439414944,-16.76403045654297,3
1ML0,14,21.110933303833008,31.469205856323242,79.05855560302734,0.0,0.004564765212310391,-19.000198364257812,0
5VNW,0,24.553619384765625,20.39361000061035,57.84151077270508,0.0,0.008839874434605892,-15.920964241027832,6
5VNW,1,23.620670318603516,17.23145866394043,69.470947265625,0.0,0.007423417964457589,-16.716150283813477,6
5VNW,2,32.18889617919922,28.274616241455078,57.827735900878906,0.0,0.007985050591098207,-18.177942276000977,20
5VNW,3,20.42669677734375,20.826173782348633,58.22893524169922,0.0,0.008675018761377336,-16.65213394165039,9
5VNW,4,21.576879501342773,22.133995056152344,56.62453079223633,0.0,0.008869526129444862,-15.98885726928711,7
5VNW,5,22.98373031616211,21.088157653808594,64.40763092041016,0.0,0.007384150327828753,-16.880504608154297,8
5VNW,6,33.27918243408203,28.91379165649414,66.3281021118164,0.0,0.006280474951072426,-18.232017517089844,15
5VNW,7,29.238853454589844,28.12283706665039,49.19211959838867,0.0,0.01060941829893691,-18.293272018432617,2
5VNW,8,19.8856201171875,21.14632797241211,55.384193420410156,0.0,0.009339512731406463,-16.34244155883789,8
5VNW,9,17.86826515197754,20.258150100708008,53.13459396362305,0.0,0.0101349567123104,-15.21998405456543,7
5VNW,10,18.519906997680664,13.321093559265137,54.50542068481445,0.0,0.012087689638522128,-15.290788650512695,24
5VNW,11,27.5651912689209,25.189790725708008,52.410133361816406,0.0,0.009720809228106125,-17.35561752319336,6
5VNW,12,22.04974365234375,20.21351432800293,61.74726486206055,0.0,0.00802464178271564,-17.41769027709961,2
5VNW,13,20.195636749267578,14.582745552062988,58.14857864379883,0.0,0.01046347743636445,-15.448390007019043,23
5VNW,14,21.04568862915039,15.22417163848877,56.08110046386719,0.0,0.010690260428061302,-15.828317642211914,4
3P57,0,23.476360321044922,21.540441513061523,55.54274368286133,0.0,0.009236566465777881,-15.283284187316895,17
3P57,1,19.39776611328125,13.962985038757324,39.72517395019531,0.0,0.018395914573299227,-15.178417205810547,34
3P57,2,24.33147430419922,21.018054962158203,52.68218994140625,0.0,0.010146383257579808,-14.316095352172852,12
3P57,3,21.99263572692871,17.287240982055664,52.242332458496094,0.0,0.011087428055544564,-14.981895446777344,14
3P57,4,22.82645606994629,20.359127044677734,55.13850021362305,0.0,0.009537272428370089,-15.266570091247559,14
3P57,5,23.38148307800293,19.984792709350586,58.74880599975586,0.0,0.008702060670314283,-15.281834602355957,19
3P57,6,22.85346031188965,18.10371208190918,54.431129455566406,0.0,0.010207971952540905,-14.04465389251709,11
3P57,7,24.31645393371582,17.701129913330078,58.34982681274414,0.0,0.009303140684601906,-16.762540817260742,17
3P57,8,24.040298461914062,23.850894927978516,53.28388595581055,0.0,0.0095852361300998,-14.191628456115723,17
3P57,9,24.32164192199707,21.88616180419922,57.26945495605469,0.0,0.008743106919757009,-14.666229248046875,6
3P57,10,23.895977020263672,19.92572784423828,62.16398620605469,0.0,0.007996142398771656,-18.89509391784668,2
3P57,11,21.303083419799805,17.793081283569336,50.701377868652344,0.0,0.011464784175260243,-18.942882537841797,15
3P57,12,21.665189743041992,22.534225463867188,50.42780685424805,0.0,0.010679404229078232,-16.444473266601562,10
3P57,13,24.713411331176758,19.696487426757812,58.32775115966797,0.0,0.00885378251182111,-21.720474243164062,12
3P57,14,24.766855239868164,20.06833839416504,59.21257019042969,0.0,0.008582142268610564,-16.990413665771484,17
1IBR,0,12.713242530822754,16.74184226989746,59.955718994140625,0.0,0.009222193518253463,-14.288333892822266,0
1IBR,1,15.28499984741211,18.51779556274414,58.017276763916016,0.0,0.0091774365470424,-15.94588565826416,0
1IBR,2,10.518851280212402,14.24282455444336,55.505149841308594,0.0,0.0112946638125508,-14.426980972290039,2
1IBR,3,14.563733100891113,18.166196823120117,57.63340759277344,0.0,0.009353412431477259,-15.110760688781738,0
1IBR,4,13.230154037475586,15.941311836242676,51.23571014404297,0.0,0.011853920315410852,-15.636177062988281,5
1IBR,5,12.28636646270752,15.475773811340332,56.16910934448242,0.0,0.01056494985340343,-15.3082857131958,1
1IBR,6,14.640904426574707,18.17745590209961,58.804874420166016,0.0,0.009076452357657507,-15.380697250366211,0
1IBR,7,14.243939399719238,16.26931381225586,33.51857376098633,0.0,0.02295047828719746,-13.382028579711914,0
1IBR,8,14.257070541381836,18.92206382751465,49.78783416748047,0.0,0.011522082390628628,-13.24527645111084,0
1IBR,9,15.338960647583008,18.660337448120117,55.94121170043945,0.0,0.009662173563656189,-15.979283332824707,0
1IBR,10,12.568921089172363,15.077896118164062,49.97254180908203,0.0,0.01263940312544364,-16.17034912109375,0
1IBR,11,14.427592277526855,17.310047149658203,52.98208999633789,0.0,0.01084851812331513,-13.51356029510498,0
1IBR,12,12.404387474060059,15.767632484436035,55.68621063232422,0.0,0.010579212156222604,-13.442279815673828,3
1IBR,13,13.962361335754395,17.86258888244629,47.82049560546875,0.0,0.012543019272096815,-16.06309700012207,30
1IBR,14,8.525764465332031,9.644775390625,24.574678421020508,0.0,0.04348977153934458,-18.09576416015625,0
2SIC,0,9.800664901733398,7.491476535797119,18.659046173095703,0.2,0.13680059201621383,-19.868322372436523,1
2SIC,1,6.13723087310791,4.176344871520996,18.079355239868164,0.228571,0.1746192725574349,-18.231273651123047,4
2SIC,2,6.743725299835205,5.166127681732178,15.708083152770996,0.171429,0.15855748692932767,-17.799259185791016,3
2SIC,3,8.466950416564941,6.799051284790039,21.248123168945312,0.342857,0.17574090323678737,-18.89156723022461,5
2SIC,4,3.626208782196045,2.7169971466064453,10.500994682312012,0.371429,0.333622888286034,-19.769983291625977,2
2SIC,5,8.127559661865234,6.295446395874023,16.310352325439453,0.171429,0.1462441735674007,-18.16417121887207,3
2SIC,6,10.070513725280762,8.057842254638672,22.072933197021484,0.314286,0.1589733581386442,-20.259069442749023,1
2SIC,7,3.6821939945220947,2.8433148860931396,11.960001945495605,0.457143,0.33681763724600006,-20.50453758239746,2
2SIC,8,9.952781677246094,7.788336753845215,20.278989791870117,0.2,0.1284005083505362,-19.428361892700195,3
2SIC,9,5.021712303161621,3.7842226028442383,10.75961971282959,0.342857,0.28763686661354726,-19.08859634399414,6
2SIC,10,9.706151962280273,7.399809837341309,23.255535125732422,0.228571,0.12862974555008488,-17.698345184326172,3
2SIC,11,9.696547508239746,7.843247413635254,21.238718032836914,0.171429,0.11492378111316304,-17.308122634887695,4
2SIC,12,3.222954273223877,2.4423575401306152,8.705660820007324,0.4,0.38731138832765843,-20.131559371948242,3
2SIC,13,7.1988983154296875,5.437864303588867,24.631725311279297,0.085714,0.08761143737061705,-17.007646560668945,2
2SIC,14,2.2212777137756348,1.1751713752746582,6.856680393218994,0.314286,0.5132479437744021,-23.004201889038086,0
1BVN,0,4.09682559967041,6.494872570037842,11.956026077270508,0.0,0.12879239541304668,-16.61851692199707,3
1BVN,1,8.514744758605957,14.149063110351562,26.500545501708984,0.0,0.034798861444371394,-16.21210289001465,0
1BVN,2,6.418255805969238,11.35417366027832,18.318567276000977,0.0,0.06477173469243099,-18.542877197265625,4
1BVN,3,8.581951141357422,14.178813934326172,26.800241470336914,0.0,0.03415516965998769,-16.552974700927734,0
1BVN,4,11.607420921325684,17.144277572631836,37.52227020263672,0.0,0.0188029211667293,-22.721336364746094,0
1BVN,5,8.13117790222168,13.430203437805176,25.524333953857422,0.0,0.03738302835268475,-17.434223175048828,0
1BVN,6,7.812292575836182,11.047989845275879,25.40250587463379,0.0,0.03959727333928832,-18.37533950805664,0
1BVN,7,6.011117935180664,7.562593936920166,19.49275779724121,0.076923,0.0915142375454765,-19.085708618164062,0
1BVN,8,8.301522254943848,13.92391586303711,25.747777938842773,0.0,0.03658169568013737,-15.615779876708984,1
1BVN,9,6.853924751281738,12.228468894958496,19.959278106689453,0.0,0.05611451157588326,-19.237884521484375,0
1BVN,10,4.178669452667236,7.243049621582031,12.322225570678711,0.0,0.12118122524054165,-18.436124801635742,1
1BVN,11,3.7582240104675293,6.353161334991455,11.277485847473145,0.0,0.13836021719676608,-15.139596939086914,0
1BVN,12,14.512438774108887,21.52598762512207,47.0627555847168,0.0,0.012140592607479794,-13.217288970947266,0
1BVN,13,10.311393737792969,13.76800537109375,34.601898193359375,0.0,0.022880266094706236,-18.07253074645996,1
1BVN,14,4.499519348144531,6.021230220794678,13.72143840789795,0.230769,0.1888414072060937,-17.07129669189453,8
1E6J,0,28.79608917236328,25.80925178527832,53.6370964050293,0.0,0.00928822643698504,-14.960224151611328,18
1E6J,1,31.497337341308594,22.752965927124023,62.62394332885742,0.0,0.0074723190927194994,-14.863192558288574,30
1E6J,2,28.999164581298828,26.864591598510742,53.306087493896484,0.0,0.009301271897125485,-15.72829532623291,18
1E6J,3,38.17473220825195,33.938316345214844,82.73580169677734,0.0,0.004131406873666206,-13.485254287719727,79
1E6J,4,17.831829071044922,15.51697826385498,38.31987380981445,0.0,0.01871788284814555,-16.277587890625,40
1E6J,5,29.286224365234375,28.017263412475586,52.95752716064453,0.0,0.00932443995823482,-13.55785083770752,19
1E6J,6,35.093017578125,30.351987838745117,75.27436828613281,0.0,0.005008947426676167,-13.691640853881836,60
1E6J,7,8.733298301696777,7.044261455535889,19.180360794067383,0.166667,0.1247323460368398,-12.818685531616211,10
1E6J,8,30.260345458984375,24.15045928955078,55.52956771850586,0.0,0.008912460536645192,-13.616948127746582,44
1E6J,9,29.77178955078125,22.37653350830078,56.067935943603516,0.0,0.008980091148886907,-14.02444076538086,51
1E6J,10,30.672462463378906,20.961183547973633,58.48383712768555,0.0,0.008593801305317434,-14.60648250579834,28
1E6J,11,36.30494689941406,11.723135948181152,80.71128845214844,0.0,0.009025776713335121,-16.919193267822266,7
1E6J,12,31.766468048095703,19.85272789001465,61.04500198364258,0.0,0.008231937544353916,-17.59794044494629,29
1E6J,13,29.35799217224121,27.68806266784668,53.35258102416992,0.0,0.009226701346037713,-14.326406478881836,28
1E6J,14,24.567821502685547,11.222965240478516,58.72318649291992,0.0,0.012690576526161628,-13.389347076416016,9
2IDO,0,13.87191390991211,13.214916229248047,32.05434799194336,0.555555,0.2113243569568177,-16.902074813842773,17
2IDO,1,13.402771949768066,13.361539840698242,37.20409393310547,0.0,0.02068494112659602,-19.05282974243164,3
2IDO,2,17.237457275390625,14.747762680053711,36.7079963684082,0.0,0.02037637877272385,-18.0047664642334,25
2IDO,3,15.608656883239746,13.783342361450195,35.34261703491211,0.0,0.02212786651452928,-17.48317527770996,9
2IDO,4,12.998577117919922,12.946903228759766,35.50809097290039,0.0,0.022481087858502353,-19.79659652709961,2
2IDO,5,12.55791187286377,12.344388008117676,33.118003845214844,0.0,0.025450899290350142,-20.645437240600586,6
2IDO,6,12.107583045959473,12.00085735321045,31.942228317260742,0.0,0.027170595847101645,-20.2839298248291,6
2IDO,7,11.78660774230957,11.610796928405762,31.87485122680664,0.0,0.02760223856383845,-20.485857009887695,5
2IDO,8,10.802729606628418,9.674373626708984,24.85298728942871,0.222222,0.11680663582250278,-17.132394790649414,15
2IDO,9,15.64269733428955,13.649687767028809,35.88949966430664,0.0,0.021681777349049667,-17.63340187072754,10
2IDO,10,14.352434158325195,12.635725975036621,32.508941650390625,0.111111,0.06299918423955804,-18.636497497558594,24
2IDO,11,18.848432540893555,15.236471176147461,40.97008514404297,0.0,0.01695529112957842,-19.976097106933594,3
2IDO,12,18.070043563842773,15.592808723449707,38.416786193847656,0.0,0.01861312235178755,-18.275869369506836,7
2IDO,13,13.756087303161621,13.418011665344238,36.574378967285156,0.0,0.021195418080710803,-20.16370391845703,8
2IDO,14,15.850247383117676,13.454888343811035,34.83245849609375,0.0,0.022825882611107965,-19.052921295166016,10
4GAM,0,13.007113456726074,26.268007278442383,56.06613540649414,0.0,0.008572797651911395,-14.693071365356445,48
4GAM,1,12.921972274780273,27.012537002563477,55.06757354736328,0.0,0.008781779481964081,-18.900676727294922,0
4GAM,2,18.323959350585938,36.27373123168945,79.42117309570312,0.0,0.004343862777576871,-18.03713607788086,8
4GAM,3,13.648247718811035,28.066234588623047,58.18041229248047,0.0,0.00791552832147512,-17.26017951965332,2
4GAM,4,1.3865110874176025,3.21768856048584,5.787278652191162,0.162791,0.34152518009695926,-16.29705810546875,10
4GAM,5,13.438406944274902,26.73284149169922,57.326255798339844,0.0,0.0082169326791898,-13.606719017028809,19
4GAM,6,7.206486225128174,19.578859329223633,29.849000930786133,0.0,0.02694823984519243,-13.701607704162598,23
4GAM,7,18.06882667541504,37.30061340332031,77.809326171875,0.0,0.004469163643280624,-17.245756149291992,18
4GAM,8,12.808262825012207,26.42421531677246,54.48347473144531,0.0,0.008991008306905045,-14.918229103088379,16
4GAM,9,12.424656867980957,25.794063568115234,53.05254364013672,0.0,0.009465960693241364,-17.280879974365234,4
4GAM,10,19.719419479370117,41.82929611206055,84.92019653320312,0.0,0.003734571186346036,-19.023902893066406,1
4GAM,11,8.481432914733887,18.473541259765625,36.4964714050293,0.0,0.01933367802339402,-15.153345108032227,8
4GAM,12,7.071486473083496,18.93080711364746,29.290241241455078,0.0,0.027971093800353633,-13.769749641418457,18
4GAM,13,2.7931337356567383,6.653446197509766,11.646092414855957,0.0,0.13197394689629577,-14.12025260925293,10
4GAM,14,14.198572158813477,29.18541145324707,60.60811233520508,0.0,0.007307958831836456,-16.01633071899414,6
2A5T,0,15.53270435333252,12.52562427520752,29.331043243408203,0.0,0.030537760605555023,-10.612395286560059,32
2A5T,1,15.810182571411133,12.034564018249512,29.253555297851562,0.0,0.031050534964973203,-10.915671348571777,36
2A5T,2,18.109460830688477,12.345897674560547,30.644189834594727,0.0,0.028662843152558945,-10.158858299255371,18
2A5T,3,16.360681533813477,12.309839248657227,29.61351203918457,0.0,0.030249002656171347,-11.837312698364258,18
2A5T,4,13.13726806640625,9.090086936950684,24.294105529785156,0.0,0.04519078649343092,-11.599084854125977,38
2A5T,5,14.344523429870605,11.278115272521973,28.178546905517578,0.0,0.03359477574944914,-11.085234642028809,33
2A5T,6,16.033353805541992,12.811426162719727,30.55084228515625,0.0,0.028456805102851732,-10.428909301757812,33
2A5T,7,13.916321754455566,11.197360038757324,26.874937057495117,0.0,0.03618841971489187,-11.15355110168457,25
2A5T,8,19.766876220703125,13.204322814941406,32.76129913330078,0.0,0.025270116428863742,-10.896233558654785,23
2A5T,9,11.452268600463867,9.497027397155762,21.774362564086914,0.0,0.0521916287962024,-10.976200103759766,28
2A5T,10,12.313491821289062,9.83680248260498,23.695493698120117,0.0,0.04557751595504341,-10.885411262512207,26
2A5T,11,16.717424392700195,12.151349067687988,29.834503173828125,0.0,0.03002876723691821,-10.328030586242676,28
2A5T,12,17.97367286682129,12.26535415649414,30.782686233520508,0.0,0.02852713918156483,-10.608954429626465,17
2A5T,13,17.458324432373047,11.833346366882324,30.118345260620117,0.0,0.029862137681985885,-10.740793228149414,20
2A5T,14,19.651517868041992,12.763053894042969,32.18730926513672,0.0,0.026271957212631983,-10.379375457763672,22
4H03,0,34.78976821899414,40.379493713378906,98.39430236816406,0.0,0.0029284980487796763,-13.650325775146484,6
4H03,1,25.361351013183594,20.59247589111328,39.0194091796875,0.0,0.01686082438798266,-17.206708908081055,3
4H03,2,21.084184646606445,17.93731117248535,32.47564697265625,0.0,0.023685814286662558,-13.989450454711914,25
4H03,3,34.79263687133789,38.60508728027344,99.79243469238281,0.0,0.0029034211902694853,-16.587568283081055,3
4H03,4,19.61697769165039,16.157958984375,31.710533142089844,0.0,0.02519287729959825,-14.014778137207031,21
4H03,5,18.655927658081055,15.873543739318848,30.55954360961914,0.0,0.026886673905669855,-22.861886978149414,2
4H03,6,22.05438232421875,18.818864822387695,33.73659896850586,0.0,0.022001249465616494,-17.98102378845215,1
4H03,7,16.992294311523438,14.163678169250488,29.10848617553711,0.0,0.029887368777783654,-15.121682167053223,10
4H03,8,18.208723068237305,15.404560089111328,29.78936004638672,0.0,0.028226663168563343,-13.54175090789795,13
4H03,9,19.721988677978516,17.412450790405273,30.257305145263672,0.0,0.02683734794704809,-14.751992225646973,6
4H03,10,33.88744354248047,37.014976501464844,93.51288604736328,0.0,0.003277998091241328,-15.983748435974121,4
4H03,11,31.827787399291992,34.10076904296875,98.98632049560547,0.0,0.0030836348287564008,-12.708778381347656,1
4H03,12,21.557239532470703,17.54157257080078,33.64419174194336,0.0,0.022419443627097344,-17.630630493164062,4
4H03,13,34.60023498535156,39.86468505859375,95.17413330078125,0.0,0.003108988763827676,-14.490730285644531,12
4H03,14,34.56233596801758,36.58836364746094,95.25398254394531,0.0,0.0031926343670005113,-16.397232055664062,3
3BP8,0,13.582347869873047,19.313106536865234,52.257877349853516,0.0,0.010590257113486212,-19.67086410522461,0
3BP8,1,11.83938217163086,18.28693389892578,45.99864196777344,0.0,0.013234132786955061,-17.29478645324707,2
3BP8,2,22.000534057617188,28.840072631835938,78.3622817993164,0.0,0.004775625851303674,-18.065153121948242,12
3BP8,3,20.747215270996094,26.918495178222656,75.48536682128906,0.0,0.005205519841561223,-19.48348617553711,3
3BP8,4,12.622145652770996,17.535890579223633,49.200538635253906,0.0,0.012081852481829233,-18.318471908569336,0
3BP8,5,13.308107376098633,18.19308090209961,48.973575592041016,0.0,0.011998370742475312,-16.502187728881836,25
3BP8,6,13.947330474853516,18.604129791259766,53.5231819152832,0.0,0.010352953042675993,-19.71097755432129,0
3BP8,7,12.99203109741211,21.442367553710938,49.51713943481445,0.0,0.01116427598810824,-18.8397159576416,1
3BP8,8,13.821438789367676,19.25833511352539,51.044212341308594,0.0,0.011003834840857332,-16.74019432067871,15
3BP8,9,13.894519805908203,15.284385681152344,50.41130828857422,0.0,0.01239461671376583,-15.620536804199219,10
3BP8,10,10.746460914611816,12.694960594177246,40.29689407348633,0.0,0.018788953393706835,-18.206151962280273,5
3BP8,11,10.61207103729248,15.05793571472168,41.607627868652344,0.0,0.016629305435394946,-20.071453094482422,1
3BP8,12,21.712928771972656,27.504316329956055,78.04579162597656,0.0,0.004895962374731532,-17.78329849243164,13
3BP8,13,11.753941535949707,12.895977020263672,43.73890686035156,0.0,0.016580125684356694,-19.023406982421875,2
3BP8,14,18.122827529907227,23.464338302612305,66.69664764404297,0.0,0.0066840221378052745,-19.54714012145996,2
1XQS,0,12.535472869873047,13.247998237609863,34.358184814453125,0.0,0.02344379012403067,-15.735358238220215,4
1XQS,1,16.392131805419922,15.815258979797363,31.113019943237305,0.0,0.026122839315859774,-15.443404197692871,5
1XQS,2,24.08375358581543,15.07093334197998,46.15235900878906,0.0,0.014205225821890204,-14.50545883178711,0
1XQS,3,12.622976303100586,13.249722480773926,30.33583641052246,0.0,0.0284831067882261,-16.494403839111328,0
1XQS,4,22.79774284362793,11.740556716918945,43.462032318115234,0.0,0.017633583109306235,-16.5694522857666,0
1XQS,5,21.789615631103516,15.432348251342773,43.91389465332031,0.0,0.015157277685551312,-13.41769790649414,16
1XQS,6,12.934423446655273,13.303413391113281,28.966291427612305,0.0,0.030612111288952807,-16.90279769897461,0
1XQS,7,21.791728973388672,11.91468334197998,41.42818069458008,0.0,0.01866608827512585,-17.85350227355957,0
1XQS,8,22.207523345947266,13.243288040161133,44.61259841918945,0.0,0.015898724100528703,-15.814454078674316,1
1XQS,9,14.271576881408691,12.331291198730469,28.37980842590332,0.0,0.0323006031515078,-18.1666202545166,1
1XQS,10,23.11469078063965,12.445542335510254,41.88788986206055,0.0,0.017955785015117253,-16.945756912231445,4
1XQS,11,21.40671157836914,12.32481861114502,42.52909469604492,0.0,0.0176690054539758,-15.245620727539062,0
1XQS,12,13.570903778076172,12.343700408935547,23.63899040222168,0.0,0.043014491270925916,-12.354816436767578,14
1XQS,13,12.1383695602417,11.287586212158203,34.70701599121094,0.0,0.024646238383501773,-15.607346534729004,2
1XQS,14,13.42412281036377,11.821730613708496,35.22322463989258,0.0,0.023624825737565937,-16.55750846862793,6
2J7P,0,16.684768676757812,12.913646697998047,29.06682014465332,0.0,0.03069700097155956,-19.121265411376953,0
2J7P,1,16.788610458374023,12.94205093383789,28.853742599487305,0.0,0.03103598825538662,-19.309844970703125,1
2J7P,2,21.929208755493164,16.663997650146484,34.94568634033203,0.0,0.02129859697127841,-15.70757007598877,1
2J7P,3,19.599599838256836,14.506661415100098,45.1087646484375,0.0,0.014956084105114153,-17.620210647583008,7
2J7P,4,17.176855087280273,16.158672332763672,50.2678108215332,0.0,0.012113909895624322,-14.897215843200684,0
2J7P,5,15.227094650268555,11.773483276367188,33.754207611083984,0.0,0.02520160422142971,-18.356462478637695,5
2J7P,6,21.329065322875977,16.059741973876953,35.50627899169922,0.0,0.02095053320773989,-17.93952178955078,0
2J7P,7,9.84375286102295,7.457427978515625,18.250198364257812,0.066667,0.09460204317646202,-19.681232452392578,4
2J7P,8,9.867737770080566,9.32927131652832,19.998952865600586,0.0,0.059401562213655605,-17.47742462158203,2
2J7P,9,24.632131576538086,19.177017211914062,36.68626022338867,0.0,0.019009421151250695,-16.72295570373535,0
2J7P,10,17.37273406982422,13.575563430786133,40.42805862426758,0.0,0.01813169279653527,-16.65071678161621,18
2J7P,11,6.096350193023682,4.775012969970703,11.92265796661377,0.066667,0.16449065710416105,-19.67983627319336,5
2J7P,12,3.906630754470825,3.004815101623535,7.733302593231201,0.066667,0.27109302808636543,-18.183229446411133,0
2J7P,13,9.776694297790527,7.406946182250977,18.47545051574707,0.066667,0.09358387907495187,-19.081377029418945,3
2J7P,14,17.25650405883789,12.870315551757812,31.125625610351562,0.0,0.027600670645578623,-17.16669464111328,8
3HI6,0,11.010770797729492,10.792728424072266,21.280698776245117,0.0,0.052179389879391115,-17.45060920715332,0
3HI6,1,22.530681610107422,20.672649383544922,59.402137756347656,0.0,0.008433985488549038,-16.724742889404297,4
3HI6,2,33.91658401489258,28.45189094543457,101.20499420166016,0.0,0.0032587735277106087,-18.155445098876953,1
3HI6,3,3.733201503753662,5.106037139892578,8.904753684997559,0.0,0.18540061286520593,-17.204885482788086,0
3HI6,4,56.428001403808594,76.28877258300781,132.7542724609375,0.0,0.0014897686393888206,0.0,0
3HI6,5,4.321872711181641,3.903341770172119,8.875999450683594,0.666667,0.4245706392872068,-21.444196701049805,0
3HI6,6,14.73858642578125,12.606176376342773,34.536865234375,0.0,0.023691126180964476,-15.419816017150879,3
3HI6,7,34.36488342285156,28.64956283569336,98.927978515625,0.0,0.003354025319986922,-17.86488151550293,3
3HI6,8,18.5312442779541,11.300568580627441,52.33431625366211,0.0,0.014338458078788377,-18.403053283691406,1
3HI6,9,34.590023040771484,51.97651672363281,104.890869140625,0.0,0.0024520826024782244,0.0,0
3HI6,10,16.702171325683594,11.402074813842773,44.448204040527344,0.0,0.01743081948167698,-17.344970703125,6
3HI6,11,18.963436126708984,12.4161958694458,55.20256423950195,0.0,0.01251510438231399,-15.078064918518066,0
3HI6,12,7.04224967956543,6.359195709228516,17.329341888427734,0.0,0.08221228642195245,-17.608596801757812,0
3HI6,13,22.085174560546875,12.56887149810791,59.09769058227539,0.0,0.011436769548774576,-11.730613708496094,2
3HI6,14,20.125926971435547,17.073158264160156,53.74443817138672,0.0,0.01068755204619963,-17.50588035583496,0
2MTA,0,8.287919998168945,10.850334167480469,20.14961814880371,0.5,0.22327417774279165,-19.677907943725586,0
2MTA,1,6.964980602264404,8.737112045288086,17.202247619628906,0.0,0.07495764570796641,-22.069469451904297,0
2MTA,2,20.57085609436035,18.764175415039062,60.76457595825195,0.0,0.008513928659625183,-14.792922019958496,0
2MTA,3,8.08014965057373,10.343830108642578,19.920623779296875,0.5,0.22487347691696727,-20.84434700012207,1
2MTA,4,7.223099708557129,9.005916595458984,18.01394271850586,0.0,0.06969870211813636,-22.911029815673828,1
2MTA,5,21.974639892578125,19.835519790649414,64.61922454833984,0.0,0.007564861421837151,-16.991769790649414,0
2MTA,6,8.236191749572754,10.783507347106934,20.043453216552734,1.0,0.3904704204343769,-16.664758682250977,3
2MTA,7,19.73594856262207,18.47568702697754,58.72611999511719,0.0,0.009022663215996972,-13.195125579833984,2
2MTA,8,18.956865310668945,16.82148551940918,55.53766632080078,0.0,0.010258937301163184,-18.72624969482422,0
2MTA,9,8.3546142578125,10.927298545837402,20.458145141601562,1.0,0.3885692405974431,-20.914560317993164,5
2MTA,10,2.500605821609497,2.6556644439697266,6.723548889160156,0.0,0.28566415242809234,-20.737295150756836,0
2MTA,11,2.271818161010742,2.737959146499634,5.717154026031494,0.0,0.30645662542861185,-21.159770965576172,0
2MTA,12,6.120369911193848,7.947296142578125,14.8999605178833,0.0,0.0933102697409191,-18.556528091430664,0
2MTA,13,18.421289443969727,16.9435977935791,56.5679817199707,0.0,0.009952158742381582,-15.562411308288574,0
2MTA,14,8.275530815124512,10.844132423400879,20.18881607055664,1.0,0.3897819254640085,-21.53489112854004,2
6EY6,0,26.796724319458008,20.633010864257812,44.45805740356445,0.0,0.013507481613774042,-15.893013954162598,24
6EY6,1,15.414287567138672,13.468586921691895,38.39420700073242,0.0,0.019657949147821176,-17.35860252380371,0
6EY6,2,23.41089630126953,19.249174118041992,37.709861755371094,0.0,0.018128882193238365,-15.412957191467285,3
6EY6,3,20.955821990966797,20.21921157836914,47.19707107543945,0.0,0.012296385776745909,-16.234384536743164,12
6EY6,4,27.37359619140625,21.100048065185547,46.665496826171875,0.0,0.012380210859480286,-15.6779146194458,18
6EY6,5,25.59269142150879,20.48418426513672,40.43590545654297,0.0,0.01588386610386931,-16.192968368530273,18
6EY6,6,27.107404708862305,21.13139533996582,46.6678581237793,0.0,0.012374218193348009,-20.12976837158203,8
6EY6,7,21.204540252685547,16.957963943481445,39.34856414794922,0.0,0.017448912983938598,-14.259025573730469,26
6EY6,8,27.004480361938477,23.801259994506836,46.96255111694336,0.0,0.011892068281423281,-17.08958625793457,8
6EY6,9,20.949581146240234,21.915727615356445,49.57219314575195,0.0,0.011074658285224526,-14.325209617614746,8
6EY6,10,25.715843200683594,18.989351272583008,37.57669448852539,0.0,0.018292836358289436,-16.670515060424805,15
6EY6,11,27.363901138305664,19.341567993164062,47.86463165283203,0.0,0.012183515013040944,-13.260622024536133,5
6EY6,12,18.958545684814453,18.756532669067383,49.31383514404297,0.0,0.011735843765696944,-16.33060646057129,6
6EY6,13,24.99802589416504,18.21814727783203,44.297340393066406,0.0,0.014081939894440518,-18.325014114379883,2
6EY6,14,24.442495346069336,18.322540283203125,41.65016174316406,0.0,0.015547064295009634,-15.1861572265625,12
1GL1,0,6.678805828094482,8.468708038330078,22.679256439208984,0.0,0.051195275240669386,-18.66102409362793,0
1GL1,1,8.932785987854004,11.11733627319336,30.191041946411133,0.0,0.030440881088256957,-16.329376220703125,0
1GL1,2,6.465738296508789,7.8856964111328125,22.43671226501465,0.0,0.05347610394914293,-17.715538024902344,0
1GL1,3,3.116809606552124,4.750702381134033,9.197154998779297,0.074074,0.2084657127435585,-22.796741485595703,0
1GL1,4,6.815450668334961,9.897368431091309,20.939424514770508,0.0,0.05464105884538383,-21.21912956237793,0
1GL1,5,5.243832588195801,7.816904544830322,15.484695434570312,0.037037,0.10136769978800096,-21.439298629760742,1
1GL1,6,5.879828929901123,8.687003135681152,18.283409118652344,0.0,0.06889154395982645,-17.634790420532227,0
1GL1,7,3.3863790035247803,5.323633670806885,10.318015098571777,0.0,0.15927796308156514,-18.538606643676758,3
1GL1,8,10.287997245788574,13.668896675109863,33.13387680053711,0.0,0.024548611445636734,-15.551517486572266,3
1GL1,9,9.467451095581055,11.175555229187012,31.684032440185547,0.0,0.028278487794659534,-16.16732406616211,3
1GL1,10,4.974216938018799,7.7101945877075195,14.471612930297852,0.037037,0.11000147508769738,-17.29381561279297,0
1GL1,11,6.219057559967041,9.540618896484375,18.17485237121582,0.0,0.06786405980867424,-22.887271881103516,0
1GL1,12,5.419748783111572,7.66170597076416,17.072967529296875,0.074074,0.10320713530523135,-16.85149574279785,0
1GL1,13,3.615530252456665,5.543792724609375,10.539813995361328,0.037037,0.16644473633598797,-23.06586456298828,0
1GL1,14,7.722466945648193,10.662866592407227,25.086477279663086,0.0,0.04079570271599273,-17.44502067565918,0
1E96,0,19.487972259521484,11.070171356201172,33.275718688964844,0.0,0.02642752859722018,-12.913716316223145,8
1E96,1,18.033510208129883,13.943458557128906,34.79874801635742,0.0,0.022581635803747103,-11.978184700012207,5
1E96,2,18.15949058532715,13.234314918518066,35.22411346435547,0.0,0.022570187362781963,-12.217729568481445,1
1E96,3,8.962464332580566,8.316980361938477,19.209930419921875,0.0,0.06507808425600896,-13.598880767822266,25
1E96,4,8.05536937713623,7.325262069702148,29.340648651123047,0.0,0.03922391394828723,-14.025050163269043,1
1E96,5,18.58977508544922,13.96608829498291,40.34043502807617,0.0,0.01797128149775668,-14.683887481689453,3
1E96,6,18.785621643066406,13.110127449035645,33.1174201965332,0.0,0.02490865517395299,-12.171809196472168,3
1E96,7,18.586660385131836,13.891361236572266,35.109432220458984,0.0,0.022297582515433293,-12.424155235290527,5
1E96,8,18.290645599365234,13.940536499023438,35.38839340209961,0.0,0.02199682333492393,-12.0336275100708,1
1E96,9,19.73472023010254,12.130642890930176,31.83324432373047,0.0,0.0272042379083975,-14.729066848754883,2
1E96,10,10.4945650100708,11.87828254699707,29.220905303955078,0.0,0.031236977051294496,-15.413066864013672,8
1E96,11,17.611217498779297,10.396016120910645,41.3409309387207,0.0,0.02031788099592056,-15.331953048706055,6
1E96,12,18.90835952758789,13.883036613464355,35.54644012451172,0.0,0.021875530731388468,-12.959576606750488,5
1E96,13,18.230329513549805,12.277129173278809,37.92887878417969,0.0,0.02084292493279245,-13.351241111755371,2
1E96,14,20.45005226135254,12.189390182495117,41.0847282409668,0.0,0.018654564214900794,-14.910064697265625,2
4POU,0,10.978194236755371,9.721131324768066,19.12088966369629,0.0,0.06275446464230286,-14.462639808654785,0
4POU,1,13.52301025390625,9.935873031616211,22.523130416870117,0.0,0.048983679198486924,-16.511577606201172,0
4POU,2,9.351978302001953,7.40034294128418,20.31074333190918,0.0,0.06283368744609376,-15.593853950500488,0
4POU,3,16.44646644592285,13.412059783935547,25.70327377319336,0.0,0.0369778172474672,-13.75676155090332,0
4POU,4,9.45272159576416,7.3359198570251465,17.48821258544922,0.0,0.07707492186436092,-15.638543128967285,2
4POU,5,10.202018737792969,7.745111465454102,19.301401138305664,0.0,0.06619566204711508,-15.17410945892334,0
4POU,6,13.179179191589355,11.014248847961426,21.549579620361328,0.0,0.05094822108197466,-14.132119178771973,0
4POU,7,7.788136959075928,6.111194610595703,16.95119857788086,0.0,0.08591481357101038,-17.281755447387695,1
4POU,8,16.318056106567383,14.81867790222168,24.310958862304688,0.0,0.039690616510089545,-16.829490661621094,0
4POU,9,16.239587783813477,13.557657241821289,24.63808250427246,0.0,0.03948489597454604,-16.727642059326172,0
4POU,10,6.673680305480957,6.707212924957275,15.381242752075195,0.0,0.0938593126611987,-19.306062698364258,0
4POU,11,8.944372177124023,7.423953533172607,16.22020149230957,0.0,0.0848907550408325,-18.047988891601562,2
4POU,12,16.15653419494629,12.166521072387695,24.43610382080078,0.0,0.040969809859446205,-14.98126220703125,0
4POU,13,14.452908515930176,12.741083145141602,22.75948715209961,0.0,0.04535922754637761,-14.574045181274414,0
4POU,14,16.059282302856445,13.512228965759277,23.868682861328125,0.0,0.041572858208090764,-17.180978775024414,0
1RV6,0,17.202091217041016,15.548056602478027,47.67606735229492,0.0,0.013342821479124056,-16.38125228881836,0
1RV6,1,23.220895767211914,23.396793365478516,68.72720336914062,0.0,0.006386362402198509,-20.86575698852539,0
1RV6,2,23.48052406311035,22.2502384185791,69.78392028808594,0.0,0.006381224737575149,-21.81692123413086,0
1RV6,3,23.788179397583008,23.79218292236328,68.02362060546875,0.0,0.006444382814642241,-17.42849349975586,0
1RV6,4,12.089696884155273,11.761772155761719,23.519689559936523,0.0,0.04384178763230941,-21.702430725097656,0
1RV6,5,13.410566329956055,15.047971725463867,28.769588470458984,0.0,0.030040594397330422,-21.836544036865234,0
1RV6,6,26.679351806640625,26.316463470458984,70.78488159179688,0.0,0.005817686766690183,-18.723020553588867,0
1RV6,7,24.522096633911133,23.912342071533203,68.07035064697266,0.0,0.006424279442473066,-17.580163955688477,0
1RV6,8,16.65680694580078,17.655126571655273,43.1870002746582,0.0,0.014819849742963203,-16.534610748291016,0
1RV6,9,17.418251037597656,15.123675346374512,52.449161529541016,0.0,0.011777713094645953,-20.33799171447754,0
1RV6,10,26.218183517456055,26.591833114624023,69.27369689941406,0.0,0.006001399078293508,-18.27321434020996,1
1RV6,11,24.222862243652344,27.394176483154297,66.18089294433594,0.0,0.006405783587440449,-20.304162979125977,0
1RV6,12,23.165977478027344,24.05084991455078,66.7059326171875,0.0,0.00661745468477343,-20.436616897583008,0
1RV6,13,13.339614868164062,14.892488479614258,30.046329498291016,0.0,0.028047719234396213,-20.17744255065918,0
1RV6,14,23.8236026763916,22.87099266052246,68.4215316772461,0.0,0.006493837203417451,-17.50442886352539,0
1AVX,0,16.893566131591797,15.603121757507324,26.774633407592773,0.0,0.03357121399159669,-16.970827102661133,1
1AVX,1,17.146482467651367,20.62668800354004,52.33676528930664,0.0,0.010319876478169987,-17.865041732788086,1
1AVX,2,23.40458869934082,26.518009185791016,66.84343719482422,0.0,0.006367498123172297,-15.638391494750977,0
1AVX,3,22.171539306640625,23.240732192993164,67.62264251708984,0.0,0.006567496575357809,-17.695138931274414,1
1AVX,4,20.268850326538086,20.96268081665039,61.41342544555664,0.0,0.007963451885647779,-16.882204055786133,0
1AVX,5,19.918996810913086,19.209823608398438,59.896053314208984,0.0,0.008600636079394331,-16.389320373535156,0
1AVX,6,20.68574333190918,19.767484664916992,67.48513793945312,0.0,0.007113906052418353,-17.678688049316406,1
1AVX,7,18.268856048583984,16.636898040771484,68.66012573242188,0.0,0.007719372875824137,-13.783225059509277,0
1AVX,8,21.054285049438477,22.887880325317383,62.226112365722656,0.0,0.007531367695180393,-14.079334259033203,5
1AVX,9,19.254528045654297,16.79604721069336,69.8136215209961,0.0,0.007506593560832804,-25.927087783813477,0
1AVX,10,18.79776954650879,17.697616577148438,72.28970336914062,0.0,0.006923210010887315,-14.852188110351562,1
1AVX,11,22.712053298950195,23.647686004638672,72.06419372558594,0.0,0.00590959553584278,-17.70501136779785,0
1AVX,12,21.634096145629883,21.881654739379883,67.3535385131836,0.0,0.006784635679394531,-16.23821258544922,7
1AVX,13,21.08839988708496,23.753442764282227,65.23750305175781,0.0,0.00688828202556331,-14.771711349487305,0
1AVX,14,21.906225204467773,21.542251586914062,58.347537994384766,0.0,0.00853543880152853,-14.458542823791504,5
6CWG,0,24.42751121520996,22.727140426635742,49.62528991699219,0.0,0.010946350083386243,-15.665081977844238,0
6CWG,1,24.528564453125,22.24275016784668,44.168575286865234,0.0,0.013413181604887761,-13.946162223815918,0
6CWG,2,19.42681884765625,23.727880477905273,54.28749084472656,0.0,0.009303064432059773,-18.88390350341797,4
6CWG,3,22.68925666809082,21.34079933166504,37.72055435180664,0.0,0.017746981503983027,-15.319282531738281,3
6CWG,4,22.75826072692871,19.900066375732422,40.923526763916016,0.0,0.015668834532293365,-17.046934127807617,0
6CWG,5,21.78057098388672,21.181074142456055,42.533817291259766,0.0,0.014464301755864524,-18.94352912902832,5
6CWG,6,24.260175704956055,21.75737190246582,36.66279602050781,0.0,0.018579918455119308,-16.489246368408203,0
6CWG,7,23.693254470825195,22.738046646118164,48.54401397705078,0.0,0.011360189371957185,-15.877273559570312,0
6CWG,8,24.219867706298828,24.694047927856445,59.967227935791016,0.0,0.00779062240144271,-16.142501831054688,0
6CWG,9,24.26991844177246,23.57482147216797,55.473854064941406,0.0,0.008990509836091834,-16.479347229003906,0
6CWG,10,21.788183212280273,20.553329467773438,39.29607009887695,0.0,0.01666507466160442,-19.930307388305664,0
6CWG,11,21.994760513305664,21.856582641601562,34.3170166015625,0.0,0.02083072007816317,-16.963733673095703,1
6CWG,12,23.730297088623047,18.603010177612305,37.59999465942383,0.0,0.018359894698530912,-18.175016403198242,0
6CWG,13,21.806549072265625,22.033918380737305,41.224056243896484,0.0,0.015131249143149256,-16.52962875366211,0
6CWG,14,23.71869659423828,19.830400466918945,33.38922119140625,0.0,0.022184063554552495,-14.559651374816895,2
1TMQ,0,8.926222801208496,10.399731636047363,20.81577491760254,0.0,0.054431423714420724,-20.38617706298828,0
1TMQ,1,13.772611618041992,16.012737274169922,38.781463623046875,0.0,0.01817844501165074,-16.90163230895996,19
1TMQ,2,13.976428985595703,16.192922592163086,41.32019805908203,0.0,0.016368896672301143,-17.81739616394043,2
1TMQ,3,7.696554183959961,10.116662979125977,17.901670455932617,0.0,0.06849485519788719,-21.380468368530273,8
1TMQ,4,7.337255477905273,10.050139427185059,16.825244903564453,0.0,0.0750392296471714,-19.308029174804688,7
1TMQ,5,8.386598587036133,10.156697273254395,19.398513793945312,0.0,0.060806420509429575,-20.45276641845703,0
1TMQ,6,10.997179985046387,11.084694862365723,26.71184539794922,0.0,0.036643460599705184,-14.371118545532227,37
1TMQ,7,8.558941841125488,11.550361633300781,19.596412658691406,0.0,0.05831163742517664,-21.466814041137695,2
1TMQ,8,8.471284866333008,10.77017879486084,19.11346435546875,0.0,0.061380913315746105,-19.609786987304688,3
1TMQ,9,7.8321685791015625,10.409608840942383,18.019716262817383,0.0,0.06744997741109736,-20.378812789916992,1
1TMQ,10,7.946282863616943,10.291337966918945,18.12236976623535,0.0,0.0670416767588981,-22.315303802490234,3
1TMQ,11,7.313906669616699,10.190145492553711,16.529380798339844,0.0,0.07678123852538626,-19.39521026611328,1
1TMQ,12,10.439227104187012,13.6090669631958,24.028148651123047,0.0,0.0410749107377523,-18.1003475189209,4
1TMQ,13,7.9704508781433105,10.235634803771973,18.356338500976562,0.0,0.06586208564324708,-20.252330780029297,8
1TMQ,14,7.278968811035156,9.697728157043457,16.518728256225586,0.0,0.07757130907927133,-17.493896484375,5
1JMO,0,21.290695190429688,19.26348876953125,51.913578033447266,0.0,0.010711858467166423,-16.56904411315918,3
1JMO,1,26.810104370117188,23.515399932861328,74.8582534790039,0.0,0.005593811523406077,-14.487144470214844,2
1JMO,2,21.872669219970703,17.324750900268555,65.43712615966797,0.0,0.008011155804512074,-13.321718215942383,5
1JMO,3,19.738494873046875,16.29230499267578,61.19148254394531,0.086957,0.03809749860695077,-15.42715072631836,5
1JMO,4,23.883729934692383,17.40725326538086,62.364315032958984,0.0,0.008536160484179435,-15.67396354675293,11
1JMO,5,23.93829345703125,18.197973251342773,69.26177215576172,0.0,0.0071952491548699605,-14.156148910522461,4
1JMO,6,22.82511329650879,17.048601150512695,65.18279266357422,0.0,0.008134054493097299,-12.610833168029785,6
1JMO,7,23.18880271911621,17.314172744750977,61.54022979736328,0.0,0.008723287130405958,-14.8528413772583,9
1JMO,8,24.18488121032715,23.64324378967285,59.92266082763672,0.0,0.007911096751591337,-14.430814743041992,1
1JMO,9,10.136957168579102,8.968814849853516,28.32454490661621,0.0,0.03660866666107638,-14.040472030639648,4
1JMO,10,22.246610641479492,17.605806350708008,59.991973876953125,0.0,0.008962111135349957,-14.123490333557129,7
1JMO,11,17.346202850341797,19.8818359375,59.371681213378906,0.0,0.008581550398345048,-16.268381118774414,4
1JMO,12,24.926143646240234,19.480796813964844,66.7112808227539,0.0,0.007289684112988079,-14.379755973815918,2
1JMO,13,21.142784118652344,16.56729507446289,59.590450286865234,0.0,0.009357116398904306,-16.527557373046875,4
1JMO,14,25.121829986572266,18.85073471069336,70.85479736328125,0.0,0.006826349723770737,-14.647480010986328,6
5O1R,0,11.378100395202637,13.596479415893555,26.57347869873047,0.0,0.03494778946794959,-13.877447128295898,3
5O1R,1,7.19245719909668,9.721894264221191,17.864131927490234,0.0,0.0692855564300598,-17.203819274902344,13
5O1R,2,22.607166290283203,20.207725524902344,58.59263610839844,0.0,0.00869704184384486,-13.584251403808594,17
5O1R,3,15.727850914001465,14.01360034942627,40.266231536865234,0.0,0.017995884399093106,-15.808025360107422,7
5O1R,4,8.341498374938965,11.944000244140625,20.925989151000977,0.0,0.052384269903557205,-14.068915367126465,0
5O1R,5,9.040523529052734,10.293999671936035,28.581663131713867,0.0,0.03401600001433834,-13.895135879516602,4
5O1R,6,7.2278056144714355,9.339340209960938,20.243961334228516,0.0,0.058340768067134674,-13.909695625305176,3
5O1R,7,17.102018356323242,14.21992301940918,43.78614044189453,0.0,0.01577363166491712,-14.523170471191406,12
5O1R,8,8.29581069946289,11.658857345581055,22.34617805480957,0.0,0.047560814068251495,-13.66097640991211,1
5O1R,9,6.600332260131836,8.449446678161621,21.11241340637207,0.0,0.056678604341470255,-14.376755714416504,4
5O1R,10,10.390351295471191,13.848470687866211,26.851306915283203,0.0,0.0342259908592276,-13.629880905151367,0
5O1R,11,11.083438873291016,13.582315444946289,26.48419952392578,0.0,0.03514548799237197,-12.688583374023438,7
5O1R,12,14.8981351852417,15.516453742980957,38.9654426574707,0.0,0.01822774689557231,-14.984642028808594,0
5O1R,13,13.291821479797363,13.112923622131348,37.2198371887207,0.0,0.02082840305323272,-12.273963928222656,10
5O1R,14,16.01015853881836,15.589397430419922,45.25188064575195,0.0,0.014417894100724159,-13.649849891662598,8
1PPE,0,8.479386329650879,10.506386756896973,28.187265396118164,0.0,0.034443812564842906,-18.093772888183594,7
1PPE,1,6.645033836364746,7.948624134063721,22.8673152923584,0.0,0.051927551917299565,-19.193416595458984,0
1PPE,2,5.939924716949463,7.751212120056152,20.697935104370117,0.0,0.0601361773597228,-18.84306526184082,1
1PPE,3,5.785154819488525,8.859779357910156,19.214309692382812,0.0,0.06384475947585182,-15.56971549987793,0
1PPE,4,4.769360542297363,7.055003643035889,15.047118186950684,0.0,0.09505308308845091,-30.518535614013672,0
1PPE,5,8.18460464477539,10.504037857055664,27.759775161743164,0.0,0.035235159602521555,-14.46061897277832,0
1PPE,6,4.47891092300415,5.552642345428467,15.209601402282715,0.0,0.1020016279154452,-24.316850662231445,0
1PPE,7,9.783544540405273,12.218461036682129,33.28828430175781,0.0,0.02535254450564611,-19.999969482421875,0
1PPE,8,4.412595272064209,6.882371425628662,14.202369689941406,0.0,0.10302485111112479,-19.366580963134766,0
1PPE,9,12.259230613708496,15.285239219665527,41.09539031982422,0.0,0.016854779615967954,-18.632707595825195,2
1PPE,10,12.761274337768555,16.142351150512695,41.68610763549805,0.0,0.016159448890262256,-19.798587799072266,3
1PPE,11,3.2050302028656006,4.871851444244385,10.353086471557617,0.0,0.16307941959252986,-22.752574920654297,0
1PPE,12,8.238019943237305,11.045500755310059,26.719758987426758,0.0,0.03666882052978097,-19.241024017333984,15
1PPE,13,9.130179405212402,12.772603988647461,30.53884506225586,0.0,0.028501342868970672,-20.69520378112793,1
1PPE,14,2.073369264602661,3.022181749343872,6.660988807678223,0.0,0.2723977063281496,-21.184545516967773,0
1SBB,0,25.81317138671875,13.224462509155273,50.40546417236328,0.0,0.013450900132316826,-16.200725555419922,18
1SBB,1,23.737754821777344,12.434537887573242,56.01879119873047,0.0,0.012282864482818399,-16.009790420532227,4
1SBB,2,21.160310745239258,7.535605430603027,54.28279113769531,0.0,0.020681847738707248,-16.947526931762695,3
1SBB,3,21.20810890197754,10.848835945129395,54.39989471435547,0.0,0.014196852792381226,-14.510665893554688,17
1SBB,4,24.659093856811523,11.3097505569458,54.7843132019043,0.0,0.01359773836766138,-16.436491012573242,5
1SBB,5,20.36522102355957,18.801767349243164,49.70565414428711,0.0,0.011578990323558101,-15.900882720947266,13
1SBB,6,21.477720260620117,7.472513675689697,54.667449951171875,0.0,0.020779706811052585,-16.729354858398438,2
1SBB,7,24.72488784790039,15.8461275100708,55.44084548950195,0.0,0.010615710414021547,-16.34567642211914,18
1SBB,8,21.82661247253418,14.196829795837402,53.70878219604492,0.0,0.01182491625815645,-14.022809028625488,0
1SBB,9,23.770601272583008,13.420958518981934,54.496849060058594,0.0,0.012029003711763566,-15.234563827514648,9
1SBB,10,20.795515060424805,18.739572525024414,51.08291244506836,0.0,0.011102686560728957,-15.620291709899902,18
1SBB,11,21.87284278869629,10.170876502990723,58.35798263549805,0.0,0.014020441581299614,-15.521745681762695,6
1SBB,12,16.71012306213379,13.86937141418457,55.185279846191406,0.0,0.011578670231620325,-15.917311668395996,4
1SBB,13,25.617097854614258,17.646970748901367,57.85893249511719,0.0,0.009433185378960773,-17.476547241210938,3
1SBB,14,24.133386611938477,14.724501609802246,55.0253791809082,0.0,0.011192415781547569,-16.361976623535156,8
1FQJ,0,21.497772216796875,16.572092056274414,57.77604293823242,0.0,0.00977060930203604,-16.113866806030273,2
1FQJ,1,14.910955429077148,13.186742782592773,32.70629119873047,0.0,0.02534760130756485,-11.980060577392578,11
1FQJ,2,22.061443328857422,20.97389030456543,54.687721252441406,0.0,0.009558911244632779,-12.686676025390625,4
1FQJ,3,17.254024505615234,15.577616691589355,37.182918548583984,0.0,0.01961649618702253,-17.258047103881836,0
1FQJ,4,25.190025329589844,20.3218936920166,62.14167785644531,0.0,0.007928326306176727,-13.334855079650879,0
1FQJ,5,14.474491119384766,11.857003211975098,34.38265609741211,0.0,0.024449509368424643,-20.694133758544922,0
1FQJ,6,17.2386474609375,15.248258590698242,37.18599319458008,0.0,0.019746332463729362,-18.807310104370117,1
1FQJ,7,17.439456939697266,15.015568733215332,38.85358810424805,0.0,0.01851833428819051,-15.675071716308594,1
1FQJ,8,17.38813018798828,15.176473617553711,38.79866409301758,0.0,0.01849069815692436,-22.307403564453125,0
1FQJ,9,20.908872604370117,18.341014862060547,53.623836517333984,0.0,0.010384752144350402,-12.211512565612793,14
1FQJ,10,14.677223205566406,13.25267219543457,33.9244270324707,0.0,0.023906381433978597,-12.989909172058105,8
1FQJ,11,14.010377883911133,12.6494140625,27.211278915405273,0.307692,0.13681987372853777,-16.653820037841797,4
1FQJ,12,16.81484031677246,14.136895179748535,38.127586364746094,0.0,0.019493386165581782,-15.78853702545166,1
1FQJ,13,9.799456596374512,12.247450828552246,24.528762817382812,0.0,0.040662816340311485,-13.393808364868164,4
1FQJ,14,16.42243766784668,13.730940818786621,37.19022750854492,0.0,0.020479040096809713,-15.449325561523438,1
1EFN,0,11.244303703308105,10.325056076049805,32.75940704345703,0.0,0.02791539232867327,-18.3740291595459,1
1EFN,1,14.604452133178711,13.17432689666748,39.32708740234375,0.0,0.019142532699248885,-19.367443084716797,0
1EFN,2,15.346848487854004,14.474406242370605,46.02572250366211,0.0,0.014535629370604033,-22.409799575805664,0
1EFN,3,17.225557327270508,15.56597900390625,53.037559509277344,0.0,0.011413963758710186,-17.19668197631836,0
1EFN,4,11.16577434539795,9.639623641967773,29.797590255737305,0.0,0.03296342135664227,-20.691570281982422,0
1EFN,5,11.950602531433105,12.7740478515625,38.812049865722656,0.0,0.01978963149491601,-20.0172176361084,0
1EFN,6,17.425392150878906,14.467490196228027,48.914825439453125,0.0,0.013315593624979923,-16.272958755493164,0
1EFN,7,15.809714317321777,14.092267990112305,46.541648864746094,0.0,0.014493571374920272,-25.691814422607422,0
1EFN,8,11.429043769836426,12.141207695007324,26.911724090576172,0.0,0.03524819194188953,-17.099998474121094,0
1EFN,9,12.018885612487793,12.060578346252441,30.269800186157227,0.0,0.02944084844971766,-22.64012336730957,0
1EFN,10,12.692122459411621,10.551383972167969,32.14611053466797,0.0,0.02838577830329331,-20.581438064575195,0
1EFN,11,15.834781646728516,13.932524681091309,44.46863555908203,0.0,0.015569045385607522,-19.821088790893555,0
1EFN,12,16.297090530395508,14.200261116027832,45.20992660522461,0.0,0.015058849534997101,-17.756502151489258,0
1EFN,13,11.661657333374023,10.992232322692871,31.391916275024414,0.0,0.02886311822967752,-19.80891990661621,0
1EFN,14,13.793673515319824,11.102433204650879,37.24037170410156,0.0,0.0224810897588803,-19.111980438232422,0
6B0S,0,8.005736351013184,9.607295036315918,23.051538467407227,0.166667,0.10338591121894285,-17.431015014648438,8
6B0S,1,5.59866189956665,6.46974515914917,16.93246078491211,0.416667,0.2229851719635292,-14.377166748046875,3
6B0S,2,14.000753402709961,11.110322952270508,44.1433219909668,0.0,0.01788432979396444,-19.13175392150879,0
6B0S,3,6.081697940826416,8.953269004821777,17.017576217651367,0.0,0.07565723381337697,-21.375892639160156,3
6B0S,4,17.597150802612305,23.231916427612305,56.049251556396484,0.0,0.008877633672960497,-17.01284408569336,3
6B0S,5,7.267176151275635,9.00368595123291,21.104419708251953,0.083333,0.08330416871503611,-17.13458251953125,4
6B0S,6,14.507960319519043,12.563560485839844,45.544925689697266,0.0,0.015904118901175077,-19.524486541748047,4
6B0S,7,14.543856620788574,11.824161529541016,45.60346221923828,0.0,0.016470955884335153,-20.15618324279785,0
6B0S,8,12.36029052734375,9.794767379760742,38.59532165527344,0.0,0.023058208602600546,-15.79232120513916,8
6B0S,9,13.966931343078613,17.69404411315918,43.87416458129883,0.0,0.0144370617350496,-19.171478271484375,4
6B0S,10,14.358808517456055,13.79198169708252,44.73040771484375,0.0,0.01551402697094884,-19.34451675415039,3
6B0S,11,13.352103233337402,13.641529083251953,42.39628601074219,0.0,0.016863020412015744,-16.266353607177734,3
6B0S,12,14.51816463470459,12.488612174987793,45.36415481567383,0.0,0.016046270263417716,-21.21280288696289,1
6B0S,13,17.10211944580078,16.946542739868164,53.33528518676758,0.0,0.010847727443031483,-17.54654884338379,6
6B0S,14,10.545741081237793,12.560468673706055,33.101600646972656,0.0,0.0253069427385629,-16.053394317626953,0
2OUL,0,6.5507612228393555,6.002648830413818,17.423486709594727,0.173913,0.1416433097198059,-20.26044273376465,2
2OUL,1,10.082928657531738,10.702409744262695,29.1664981842041,0.0,0.0325159967445633,-12.996335983276367,1
2OUL,2,11.120763778686523,10.95946216583252,32.852081298828125,0.0,0.02704404448962841,-15.674053192138672,0
2OUL,3,11.154422760009766,10.338607788085938,28.16771697998047,0.0,0.03469255450802382,-15.3499755859375,0
2OUL,4,9.058802604675293,8.78689193725586,24.666492462158203,0.0,0.044819755552792113,-19.3839168548584,7
2OUL,5,13.609780311584473,12.603214263916016,45.25115966796875,0.0,0.016016258546762852,-14.288385391235352,0
2OUL,6,11.051952362060547,9.015974044799805,40.827239990234375,0.086957,0.0518116909188655,-19.252243041992188,2
2OUL,7,9.498510360717773,9.157527923583984,32.95967102050781,0.0,0.02949652013835877,-19.52154541015625,2
2OUL,8,6.24100399017334,5.805282115936279,18.797109603881836,0.043478,0.09194348273736137,-19.490495681762695,0
2OUL,9,10.443460464477539,9.891308784484863,32.781768798828125,0.0,0.028492143751460627,-20.363468170166016,5
2OUL,10,15.158988952636719,14.134464263916016,44.76673889160156,0.0,0.015311361164081059,-15.48773193359375,2
2OUL,11,13.007735252380371,11.281785011291504,44.3338508605957,0.0,0.017608870596291338,-19.760095596313477,0
2OUL,12,12.774679183959961,11.692341804504395,35.3319206237793,0.0,0.023633937802172142,-22.2082462310791,0
2OUL,13,12.921385765075684,11.507863998413086,39.24288558959961,0.0,0.020506395696354682,-19.829702377319336,4
2OUL,14,11.676460266113281,11.283699989318848,28.052818298339844,0.0,0.03381789677645947,-17.319578170776367,0
1YVB,0,14.755249977111816,11.806180000305176,43.919677734375,0.0,0.01732978577841369,-12.628521919250488,2
1YVB,1,8.033989906311035,5.221558094024658,25.24042510986328,0.153846,0.11064536532631593,-20.936420440673828,1
1YVB,2,5.997625350952148,6.042928695678711,21.625776290893555,0.192308,0.1280540509630723,-19.667051315307617,4
1YVB,3,11.030766487121582,10.930169105529785,29.14689826965332,0.076923,0.057929408764354595,-24.70456314086914,1
1YVB,4,5.850780010223389,5.810542106628418,23.211767196655273,0.076923,0.08588108656756188,-20.44473648071289,0
1YVB,5,9.678370475769043,9.628191947937012,19.26980972290039,0.038462,0.07501303047763065,-15.643684387207031,3
1YVB,6,12.898401260375977,11.346303939819336,38.33549499511719,0.076923,0.0469863495766267,-23.552614212036133,1
1YVB,7,6.275096893310547,6.0744147300720215,26.746877670288086,0.076923,0.07537517772429357,-21.659351348876953,0
1YVB,8,11.754137992858887,11.093694686889648,33.010372161865234,0.153846,0.0779936017583565,-22.376020431518555,3
1YVB,9,5.360175132751465,5.566229820251465,14.305298805236816,0.346154,0.2249301414849109,-17.896467208862305,7
1YVB,10,8.794992446899414,7.47750997543335,33.940372467041016,0.115385,0.07102915724503918,-16.398311614990234,11
1YVB,11,4.375041961669922,4.386542320251465,11.701889991760254,0.269231,0.23977054796262162,-22.191720962524414,3
1YVB,12,7.4849395751953125,6.10010290145874,21.415117263793945,0.192308,0.1284755239634973,-18.344648361206055,4
1YVB,13,11.803584098815918,11.496220588684082,33.581451416015625,0.076923,0.05129086234877924,-24.447946548461914,1
1YVB,14,9.323511123657227,6.09534215927124,30.96851921081543,0.076923,0.068027410636759,-21.59296417236328,2
2B42,0,20.095312118530273,17.886838912963867,59.78223419189453,0.0,0.008932938626408682,-15.636259078979492,4
2B42,1,23.527645111083984,20.498035430908203,63.07387924194336,0.0,0.007721160110927512,-17.121139526367188,4
2B42,2,12.483741760253906,11.709087371826172,30.817163467407227,0.0,0.028948140520146992,-13.486749649047852,5
2B42,3,23.263633728027344,20.715896606445312,65.55538177490234,0.0,0.007249897655074383,-15.346489906311035,0
2B42,4,14.514256477355957,14.177244186401367,27.138668060302734,0.0,0.033468337018341,-11.675942420959473,3
2B42,5,22.350791931152344,20.764877319335938,64.67727661132812,0.0,0.007389858360044548,-14.283873558044434,1
2B42,6,14.072005271911621,14.225262641906738,25.310335159301758,0.0,0.03744949851363832,-16.656038284301758,2
2B42,7,20.570941925048828,19.44639778137207,65.95936584472656,0.0,0.007416704821134847,-12.804020881652832,5
2B42,8,20.848051071166992,18.880414962768555,61.21171569824219,0.0,0.008396750145998833,-15.06613826751709,2
2B42,9,13.273611068725586,15.386638641357422,44.73569869995117,0.0,0.014752731634679413,-15.480841636657715,1
2B42,10,20.056182861328125,18.755277633666992,64.88290405273438,0.0,0.007742846281844645,-12.894966125488281,4
2B42,11,19.922876358032227,18.05930519104004,58.64512634277344,0.0,0.009142296125797233,-19.174238204956055,0
2B42,12,21.05403709411621,19.206920623779297,67.2810287475586,0.0,0.007257375396297494,-15.198774337768555,1
2B42,13,15.067587852478027,15.933316230773926,27.051259994506836,0.0,0.03288193309763562,-14.091858863830566,1
2B42,14,20.282434463500977,18.1436710357666,61.6599006652832,0.0,0.00847918170431415,-17.508928298950195,0
1MQ8,0,12.026001930236816,10.755645751953125,60.844058990478516,0.0,0.012740453270466369,-19.552186965942383,0
1MQ8,1,13.850320816040039,12.121228218078613,21.86613655090332,0.0,0.04878549093460655,-16.06010627746582,5
1MQ8,2,18.45371437072754,16.177967071533203,36.857723236083984,0.0,0.019673921160957796,-13.491166114807129,5
1MQ8,3,16.755229949951172,14.753035545349121,28.11629867553711,0.0,0.031324374063511955,-13.560633659362793,6
1MQ8,4,17.549785614013672,13.190851211547852,60.74106216430664,0.0,0.010657555903574067,-16.56414031982422,0
1MQ8,5,21.13993263244629,21.472522735595703,56.373924255371094,0.0,0.009028396653726718,-15.9308443069458,1
1MQ8,6,7.903233051300049,5.081430435180664,18.974422454833984,0.0,0.08243054028673798,-14.673079490661621,0
1MQ8,7,16.425079345703125,10.635651588439941,27.480144500732422,0.0,0.035607937831651115,-19.28021240234375,1
1MQ8,8,19.573902130126953,20.296689987182617,58.63707733154297,0.0,0.00867095506540621,-14.603599548339844,0
1MQ8,9,12.682493209838867,9.646499633789062,59.128448486328125,0.0,0.014618487634231592,-13.247162818908691,0
1MQ8,10,11.079424858093262,7.009976387023926,18.144983291625977,0.0,0.07457917173027294,-16.442401885986328,0
1MQ8,11,9.361265182495117,6.191087245941162,27.293668746948242,0.0,0.047952964124366095,-16.21893310546875,4
1MQ8,12,16.020017623901367,13.15869426727295,59.135902404785156,0.0,0.011023255997726007,-15.9470853805542,0
1MQ8,13,15.285134315490723,12.644852638244629,59.2765998840332,0.0,0.011341563933435737,-15.628466606140137,0
1MQ8,14,15.10639476776123,12.46650218963623,60.29971694946289,0.0,0.011251391371261986,-19.22355079650879,2
2B4J,0,7.344970703125,7.5426025390625,16.321374893188477,0.0,0.08379996525992504,-20.01604461669922,1
2B4J,1,11.605224609375,8.216434478759766,35.64448928833008,0.0,0.028686610915999982,-14.424467086791992,2
2B4J,2,18.021059036254883,14.282273292541504,57.41482162475586,0.0,0.010785780184367618,-19.531940460205078,2
2B4J,3,10.854826927185059,7.977097511291504,31.739206314086914,0.0,0.0336907117748545,-16.834646224975586,1
2B4J,4,18.026758193969727,15.005916595458984,57.18887710571289,0.0,0.010502254790386462,-21.287771224975586,1
2B4J,5,4.399251461029053,5.342048645019531,9.871747970581055,0.0,0.1662764799605434,-18.15511131286621,0
2B4J,6,9.914053916931152,6.9323272705078125,28.316329956054688,0.0,0.04246168079042167,-14.82257080078125,4
2B4J,7,17.266695022583008,14.765679359436035,56.766178131103516,0.0,0.010714663277996661,-18.0284481048584,3
2B4J,8,22.025115966796875,18.694263458251953,68.44050598144531,0.0,0.007195748187024617,-22.017621994018555,0
2B4J,9,23.38254165649414,16.7642879486084,68.90155792236328,0.0,0.007644330548850197,-20.404237747192383,2
2B4J,10,16.61430549621582,12.772927284240723,55.465667724609375,0.0,0.012183208557272715,-19.291839599609375,2
2B4J,11,18.677017211914062,17.70587921142578,59.506675720214844,0.0,0.009040511630409776,-18.073537826538086,3
2B4J,12,15.27287483215332,12.495168685913086,48.823020935058594,0.0,0.014541636637046815,-14.33924388885498,1
2B4J,13,7.407317161560059,8.634101867675781,16.313871383666992,0.0,0.0809357567418109,-17.96652603149414,5
2B4J,14,18.12743377685547,13.610940933227539,57.526222229003906,0.0,0.011121887107545725,-16.95916175842285,4
3D5S,0,16.8447265625,18.853151321411133,50.120330810546875,0.0,0.011415882311385685,-19.664710998535156,0
3D5S,1,14.984124183654785,22.211584091186523,44.65433120727539,0.0,0.013168826834308507,-14.395551681518555,0
3D5S,2,16.60001564025879,18.66741180419922,48.39473342895508,0.0,0.01211372944634701,-19.88481330871582,0
3D5S,3,17.022327423095703,21.45337677001953,49.53019714355469,0.0,0.011157732430720026,-16.4314022064209,0
3D5S,4,16.586803436279297,16.660005569458008,48.1237678527832,0.0,0.012764957681010351,-21.762033462524414,0
3D5S,5,12.297285079956055,17.918495178222656,36.348655700683594,0.0,0.01960260016527886,-14.178346633911133,0
3D5S,6,17.126752853393555,21.580425262451172,49.4295768737793,0.0,0.011176533630196972,-16.17639923095703,2
3D5S,7,17.770925521850586,20.907520294189453,50.29624938964844,0.0,0.010962805857255358,-16.954360961914062,1
3D5S,8,16.97507667541504,19.630517959594727,48.91783905029297,0.0,0.01170425097536022,-14.212965965270996,0
3D5S,9,17.121692657470703,21.432357788085938,49.75602722167969,0.0,0.011076980788197697,-16.627403259277344,0
3D5S,10,18.60553550720215,22.920568466186523,54.20408248901367,0.0,0.009421748357061879,-17.011993408203125,0
3D5S,11,16.920639038085938,17.9660587310791,50.87273025512695,0.0,0.01136040035144849,-16.687360763549805,1
3D5S,12,17.563865661621094,21.553009033203125,50.4505729675293,0.0,0.010807600263702777,-21.13711929321289,0
3D5S,13,17.275222778320312,20.7666072845459,51.206905364990234,0.0,0.010668397108303638,-17.507648468017578,2
3D5S,14,17.69994354248047,20.614397048950195,50.56179428100586,0.0,0.010917136724675647,-18.820146560668945,0
1JIW,0,5.755344867706299,7.668127536773682,14.644632339477539,0.0,0.09628236651960802,-18.569509506225586,0
1JIW,1,15.375510215759277,16.202667236328125,43.61798858642578,0.0,0.01502803638669034,-15.628167152404785,14
1JIW,2,11.347758293151855,13.921685218811035,30.726694107055664,0.0,0.027520506959334754,-18.532838821411133,1
1JIW,3,13.967168807983398,16.198606491088867,40.63991928100586,0.0,0.0168046285363164,-15.602569580078125,0
1JIW,4,10.178155899047852,13.75050163269043,25.940847396850586,0.0,0.03623892384114071,-19.856767654418945,0
1JIW,5,11.327756881713867,15.083166122436523,30.0112361907959,0.0,0.028017944015331187,-18.66293716430664,8
1JIW,6,5.10607385635376,7.1744279861450195,14.335967063903809,0.0,0.10066309536554868,-18.0999698638916,0
1JIW,7,16.859230041503906,18.052804946899414,53.62605667114258,0.0,0.010454883330027977,-18.175201416015625,0
1JIW,8,11.154688835144043,14.346002578735352,29.54147720336914,0.0,0.029091155330545283,-17.42381477355957,2
1JIW,9,7.830683708190918,7.762475490570068,24.78973960876465,0.0,0.04706581018649487,-21.690784454345703,0
1JIW,10,9.213614463806152,11.312618255615234,29.09144401550293,0.0,0.031977761774465464,-19.796466827392578,0
1JIW,11,10.154265403747559,11.882478713989258,30.015310287475586,0.0,0.029975879423536314,-20.44417381286621,0
1JIW,12,9.795797348022461,11.560667991638184,27.55096435546875,0.0,0.03448929463810401,-20.000648498535156,0
1JIW,13,10.751215934753418,13.001886367797852,29.265531539916992,0.0,0.0303100190601996,-19.920625686645508,2
1JIW,14,10.363428115844727,12.819575309753418,30.71259117126465,0.0,0.02821745990425648,-20.67612075805664,0
1OFU,0,24.28510856628418,18.389867782592773,61.244728088378906,0.0,0.008502364741138748,-16.831968307495117,3
1OFU,1,23.325119018554688,21.06277084350586,59.75678253173828,0.0,0.00829265656807334,-19.13435935974121,2
1OFU,2,26.963655471801758,21.759706497192383,91.8673324584961,0.0,0.0044058950846811796,-17.684680938720703,1
1OFU,3,31.32451057434082,31.254470825195312,87.04531860351562,0.0,0.003914519031633881,-16.94532012939453,1
1OFU,4,19.849245071411133,17.07206153869629,38.71508026123047,0.0,0.01788247033260467,-15.638762474060059,1
1OFU,5,32.752037048339844,32.803165435791016,87.61205291748047,0.0,0.003803820944303715,-19.173660278320312,4
1OFU,6,14.199392318725586,12.518871307373047,54.181739807128906,0.0,0.012724472216769797,-16.09503173828125,3
1OFU,7,24.78036880493164,20.114011764526367,74.07831573486328,0.0,0.006175205536223054,-14.869379043579102,1
1OFU,8,21.935157775878906,18.972248077392578,52.38700485229492,0.0,0.010621052604905012,-15.152466773986816,7
1OFU,9,31.42758560180664,30.78539276123047,92.15792083740234,0.0,0.0036012036398928946,-14.506303787231445,0
1OFU,10,30.501054763793945,29.611696243286133,83.66162872314453,0.0,0.0042588235610348715,-16.991519927978516,7
1OFU,11,29.48633575439453,24.059547424316406,88.73942565917969,0.0,0.0043211476161229626,-14.27076530456543,15
1OFU,12,19.946212768554688,19.492656707763672,45.03105926513672,0.0,0.013430254364811855,-17.785385131835938,7
1OFU,13,23.43279266357422,18.811450958251953,67.3910903930664,0.0,0.007325865059277785,-12.716426849365234,5
1OFU,14,21.012788772583008,13.167805671691895,52.37483596801758,0.0,0.012824294416351063,-13.8406982421875,3
2I9B,0,23.486122131347656,25.38148307800293,60.19269561767578,0.0,0.007677239870746322,-20.117826461791992,1
2I9B,1,14.94108772277832,16.08165168762207,28.49930763244629,0.0,0.030104404588327267,-18.4957218170166,1
2I9B,2,14.754043579101562,15.047491073608398,28.272319793701172,0.0,0.030911733889812203,-17.57853126525879,1
2I9B,3,19.212400436401367,17.86936378479004,45.93440246582031,0.0,0.013368514800955404,-18.705398559570312,3
2I9B,4,27.475135803222656,26.4668025970459,63.04447555541992,0.0,0.007018370597090889,-18.245759963989258,1
2I9B,5,17.087764739990234,17.08527374267578,40.160099029541016,0.0,0.0168417332316133,-16.83190155029297,1
2I9B,6,15.545461654663086,15.911900520324707,31.041507720947266,0.0,0.02618651023619914,-18.74675178527832,4
2I9B,7,26.30535125732422,20.127389907836914,65.1874771118164,0.0,0.007413823046822535,-20.76163101196289,5
2I9B,8,26.924043655395508,21.046077728271484,64.89130401611328,0.0,0.00730751710358508,-17.707218170166016,0
2I9B,9,16.316646575927734,21.78290557861328,42.163612365722656,0.0,0.014591043949347092,-14.42814826965332,9
2I9B,10,19.907421112060547,19.4948787689209,46.0941162109375,0.0,0.012924137735970379,-17.241682052612305,19
2I9B,11,14.2349271774292,14.2995023727417,29.898113250732422,0.0,0.02855518382249926,-18.219284057617188,2
2I9B,12,18.49247932434082,23.219520568847656,43.406490325927734,0.0,0.013695499841105402,-17.800697326660156,3
2I9B,13,14.752677917480469,17.079313278198242,37.586788177490234,0.0,0.018768979892904273,-13.121138572692871,7
2I9B,14,15.206347465515137,20.783029556274414,38.4035530090332,0.0,0.017294308528359545,-13.915318489074707,7
3H11,0,9.608548164367676,9.481463432312012,18.007455825805664,0.115385,0.10733771220397181,-13.422432899475098,51
3H11,1,8.777276992797852,8.412525177001953,18.454288482666016,0.076923,0.09425196413065173,-13.676775932312012,51
3H11,2,8.447406768798828,7.866115570068359,19.85504722595215,0.038462,0.07614501164284779,-12.470476150512695,43
3H11,3,11.968836784362793,13.645184516906738,23.442115783691406,0.0,0.042712735509414464,-11.576921463012695,35
3H11,4,8.317246437072754,7.8879570960998535,17.11149024963379,0.038462,0.09042614629018224,-13.786685943603516,51
3H11,5,8.128094673156738,8.24046802520752,15.361967086791992,0.230769,0.16574531639769355,-13.959753036499023,58
3H11,6,8.454451560974121,7.76985502243042,19.260591506958008,0.0,0.06631403215099117,-12.103660583496094,43
3H11,7,9.114864349365234,9.10873031616211,17.253456115722656,0.076923,0.09954395672823783,-14.051529884338379,53
3H11,8,13.877902030944824,14.762453079223633,27.226795196533203,0.0,0.03300913243185203,-12.076809883117676,29
3H11,9,7.776193618774414,8.01446533203125,14.067743301391602,0.115385,0.13889051602383087,-13.614198684692383,52
3H11,10,6.737538814544678,6.598524570465088,15.023995399475098,0.115385,0.13566517319598495,-10.3715238571167,23
3H11,11,8.973749160766602,8.702200889587402,18.25670623779297,0.0,0.06900136326662673,-12.837425231933594,48
3H11,12,7.706272602081299,7.709883213043213,14.827676773071289,0.307692,0.197167219824162,-13.662049293518066,40
3H11,13,9.797131538391113,11.019614219665527,19.610960006713867,0.0,0.05878118858341641,-12.506548881530762,45
3H11,14,10.700212478637695,9.934050559997559,25.808500289916992,0.115385,0.07851088013897141,-9.961915016174316,23
1FCC,0,14.783004760742188,20.271263122558594,48.75455856323242,0.0,0.011648129420373661,-22.186656951904297,0
1FCC,1,22.587100982666016,26.377286911010742,70.40364074707031,0.0,0.005863446001635158,-20.439800262451172,0
1FCC,2,22.07369041442871,26.122400283813477,69.05732727050781,0.0,0.0060701810168787,-18.2303524017334,1
1FCC,3,17.030136108398438,18.91313934326172,55.044960021972656,0.0,0.009846896839373377,-18.3996639251709,0
1FCC,4,8.015213012695312,12.82716178894043,25.346261978149414,0.0,0.038194702217777717,-18.161409378051758,0
1FCC,5,22.360218048095703,26.441383361816406,70.06336975097656,0.0,0.005904212665891547,-21.26070785522461,0
1FCC,6,19.80686378479004,24.60240936279297,63.620018005371094,0.0,0.0070803243751927135,-17.811071395874023,0
1FCC,7,10.661368370056152,12.86077880859375,34.419437408447266,0.0,0.02363378736046359,-19.78421401977539,0
1FCC,8,10.597224235534668,14.548233985900879,34.91786193847656,0.0,0.02215375829923408,-21.795555114746094,0
1FCC,9,8.278769493103027,11.308625221252441,27.536029815673828,0.0,0.03476243665550514,-18.210960388183594,2
1FCC,10,22.24396324157715,24.725725173950195,69.8543930053711,0.0,0.006085738393136679,-18.640460968017578,0
1FCC,11,16.144338607788086,18.773521423339844,50.29318618774414,0.0,0.011371421724920153,-20.651029586791992,0
1FCC,12,21.800748825073242,24.444059371948242,70.02418518066406,0.0,0.006090747701141134,-20.575183868408203,0
1FCC,13,14.095569610595703,14.655256271362305,43.570777893066406,0.0,0.01567672991240002,-20.14451026916504,0
1FCC,14,17.0917911529541,21.561145782470703,54.807247161865234,0.0,0.009434755931970107,-16.012205123901367,0
3RJQ,0,17.0007266998291,15.673548698425293,26.355955123901367,0.0,0.03442933387943885,-16.032058715820312,5
3RJQ,1,22.718883514404297,17.18381690979004,40.46809387207031,0.0,0.0166052314314817,-11.086790084838867,13
3RJQ,2,16.51169776916504,13.045585632324219,37.32813262939453,0.0,0.020781369571085756,-13.47189998626709,4
3RJQ,3,18.900161743164062,15.2430419921875,26.646183013916016,0.0,0.033983434941112396,-14.26738452911377,11
3RJQ,4,14.8096923828125,11.899981498718262,31.12383460998535,0.0,0.028349489172059233,-13.862567901611328,4
3RJQ,5,21.894039154052734,14.851158142089844,32.93681716918945,0.0,0.024179960760445374,-11.474553108215332,16
3RJQ,6,16.47116470336914,15.541508674621582,27.707088470458984,0.0,0.03174936767029688,-15.795666694641113,14
3RJQ,7,23.564838409423828,17.339862823486328,41.02156448364258,0.0,0.016198444766581763,-13.124666213989258,11
3RJQ,8,14.961118698120117,13.591578483581543,26.033489227294922,0.0,0.0361225322094073,-14.216509819030762,8
3RJQ,9,17.273357391357422,15.422792434692383,28.959177017211914,0.0,0.02956305479050995,-15.531998634338379,18
3RJQ,10,6.835210800170898,7.432704448699951,21.330318450927734,0.0,0.05872336453783778,-15.642741203308105,0
3RJQ,11,9.845109939575195,12.284425735473633,23.924449920654297,0.0,0.04225690503425553,-12.739977836608887,5
3RJQ,12,15.077327728271484,12.175924301147461,31.783519744873047,0.0,0.027232357446644737,-16.20243263244629,9
3RJQ,13,10.930696487426758,12.491799354553223,22.49458885192871,0.0,0.04638617006250812,-14.78753662109375,3
3RJQ,14,17.12017822265625,14.463930130004883,23.725406646728516,0.0,0.041464704853541555,-14.962138175964355,16
4FP8,0,33.36417007446289,24.095619201660156,72.26966857910156,0.0,0.00583496586755992,-16.000465393066406,22
4FP8,1,17.760759353637695,15.964643478393555,30.195741653442383,0.0,0.02739104384552564,-19.48303985595703,2
4FP8,2,29.340606689453125,18.373632431030273,68.29058074951172,0.0,0.007292239190333532,-13.753908157348633,0
4FP8,3,30.43745994567871,18.830984115600586,67.09984588623047,0.0,0.007366219913831827,-14.613448143005371,21
4FP8,4,23.25141143798828,17.977807998657227,56.03706359863281,0.0,0.009801475268916926,-14.56286334991455,0
4FP8,5,16.879932403564453,14.405156135559082,28.288143157958984,0.0,0.031179193742976615,-15.653907775878906,0
4FP8,6,15.713247299194336,16.702022552490234,27.163515090942383,0.0,0.03239566876238697,-17.568538665771484,0
4FP8,7,23.906652450561523,12.34460163116455,44.85720443725586,0.125,0.058070646377024256,-14.393879890441895,12
4FP8,8,22.570148468017578,13.930708885192871,42.45968246459961,0.0,0.016664330696397268,-13.904706001281738,5
4FP8,9,15.46432113647461,15.58316707611084,26.869001388549805,0.0,0.03338443566029153,-18.041460037231445,3
4FP8,10,19.61817741394043,14.115184783935547,36.20954895019531,0.0,0.02113133108709178,-14.022130012512207,0
4FP8,11,16.790029525756836,16.799259185791016,29.225360870361328,0.0,0.028634010577739306,-16.621044158935547,3
4FP8,12,30.09480094909668,17.21800422668457,71.88245391845703,0.0,0.007107436620227396,-11.794189453125,2
4FP8,13,14.946731567382812,14.931817054748535,30.029117584228516,0.0,0.0280565056955247,-16.685293197631836,2
4FP8,14,29.73617172241211,18.345788955688477,66.69821166992188,0.0,0.0075406866581722255,-15.079803466796875,0
2GTP,0,8.894820213317871,6.502572536468506,18.225732803344727,0.0,0.07639049566145939,-13.111083984375,2
2GTP,1,10.327424049377441,9.222241401672363,21.63435935974121,0.0,0.053165464165388726,-12.080094337463379,1
2GTP,2,15.911517143249512,14.722052574157715,30.06914710998535,0.0,0.02809017870568194,-13.625904083251953,0
2GTP,3,9.06256103515625,8.279906272888184,22.312185287475586,0.0,0.05283746094935749,-12.631818771362305,7
2GTP,4,11.465431213378906,8.692112922668457,30.37210464477539,0.0,0.03385104885880024,-17.112873077392578,0
2GTP,5,9.918399810791016,9.546867370605469,20.007137298583984,0.0,0.058996792064946936,-11.312226295471191,13
2GTP,6,23.888399124145508,15.301973342895508,57.55108642578125,0.0,0.010288613967044455,-16.07253646850586,8
2GTP,7,10.780842781066895,10.38945198059082,26.17766761779785,0.0,0.03859870934217323,-15.013946533203125,6
2GTP,8,13.397647857666016,10.998601913452148,25.409896850585938,0.076923,0.06527403000636538,-11.779214859008789,12
2GTP,9,7.743737697601318,6.571971416473389,16.238710403442383,0.0,0.08819315739546713,-11.304182052612305,6
2GTP,10,9.515811920166016,8.520496368408203,21.422931671142578,0.0,0.05535847600006174,-12.620843887329102,6
2GTP,11,20.954221725463867,14.005660057067871,50.85915756225586,0.0,0.012837696762609666,-13.761209487915039,18
2GTP,12,13.754931449890137,11.454546928405762,25.95431137084961,0.0,0.037908446181123746,-14.065007209777832,1
2GTP,13,13.439733505249023,11.361040115356445,25.65509605407715,0.076923,0.064323366720493,-15.310317993164062,3
2GTP,14,20.115882873535156,14.63154411315918,53.73041915893555,0.0,0.011605331146554966,-16.268754959106445,4
1ZM4,0,9.147637367248535,5.154590129852295,26.7565975189209,0.222222,0.13065396361641873,-19.91279411315918,15
1ZM4,1,29.50087547302246,24.794649124145508,83.10816955566406,0.0,0.004666231608297491,-15.060578346252441,3
1ZM4,2,28.790611267089844,26.812191009521484,83.14456939697266,0.0,0.004487746283826214,-14.164220809936523,8
1ZM4,3,25.4427547454834,16.194047927856445,72.83213806152344,0.0,0.007314713778636829,-13.898187637329102,8
1ZM4,4,36.339263916015625,29.869157791137695,99.8135986328125,0.0,0.0032384679291264217,-16.522851943969727,6
1ZM4,5,28.557910919189453,23.9677791595459,76.53870391845703,0.0,0.005361473416148742,-15.281773567199707,12
1ZM4,6,16.35643196105957,16.778438568115234,46.95699691772461,0.0,0.01321883175565339,-17.6189022064209,2
1ZM4,7,25.216228485107422,28.904075622558594,70.82933807373047,0.0,0.005627700752501662,-12.833309173583984,14
1ZM4,8,20.049579620361328,16.207170486450195,59.975547790527344,0.0,0.009394456791561381,-14.123845100402832,4
1ZM4,9,27.46197509765625,23.049253463745117,74.404296875,0.0,0.0057000323541784165,-17.50931167602539,12
1ZM4,10,30.07553482055664,23.58669662475586,85.48933410644531,0.0,0.004605710268212453,-13.21068286895752,11
1ZM4,11,28.650583267211914,24.071781158447266,81.48696899414062,0.0,0.00487722281847457,-14.212294578552246,13
1ZM4,12,35.011775970458984,26.800106048583984,95.56648254394531,0.0,0.0036572241485141044,-15.060444831848145,16
1ZM4,13,28.675308227539062,21.13405990600586,79.51558685302734,0.0,0.005436731973249501,-12.064146041870117,21
1ZM4,14,30.56340789794922,26.404565811157227,88.01383972167969,0.0,0.0041524971150271065,-13.596879005432129,16
1FQ1,0,10.188194274902344,8.752224922180176,22.193994522094727,0.25,0.13548358732617574,-17.381698608398438,1
1FQ1,1,18.568115234375,16.570341110229492,33.96101760864258,0.0,0.0223595089286034,-11.628853797912598,13
1FQ1,2,18.817047119140625,16.07759666442871,32.85662078857422,0.0,0.023785603089041152,-14.810491561889648,13
1FQ1,3,17.516910552978516,11.236180305480957,40.79819107055664,0.0,0.019703454193901588,-14.004131317138672,41
1FQ1,4,17.680740356445312,15.53324031829834,32.12838363647461,0.0,0.02488475615816314,-16.676223754882812,4
1FQ1,5,3.491180181503296,3.694758653640747,8.933098793029785,0.833333,0.48333441070033195,-14.18989086151123,8
1FQ1,6,5.081326484680176,4.498403549194336,12.352935791015625,0.666667,0.362687776198986,-16.45058250427246,6
1FQ1,7,13.870087623596191,12.592780113220215,28.740320205688477,0.0,0.031474577125333594,-15.692269325256348,2
1FQ1,8,8.889891624450684,7.7678046226501465,19.934343338012695,0.25,0.14659802894615262,-14.903186798095703,1
1FQ1,9,18.848251342773438,16.717267990112305,32.996864318847656,0.0,0.023405088286284098,-16.568450927734375,6
1FQ1,10,4.062221527099609,4.137146949768066,10.081643104553223,0.333333,0.2883365910436984,-14.87779426574707,5
1FQ1,11,19.26555061340332,17.209667205810547,33.966644287109375,0.0,0.02215731587280591,-13.495525360107422,14
1FQ1,12,19.991518020629883,17.645666122436523,63.33689498901367,0.0,0.008288700173872295,-11.688340187072754,47
1FQ1,13,77.8117904663086,95.06282043457031,212.72967529296875,0.0,0.0006143060579001988,0.0,0
1FQ1,14,18.39976692199707,15.902329444885254,32.2937126159668,0.0,0.02453643981288652,-17.46036720275879,8
1RKE,0,27.61600685119629,25.99848747253418,70.27745819091797,0.0,0.005911844327504241,-18.376821517944336,0
1RKE,1,28.5623722076416,28.23326301574707,68.1836929321289,0.0,0.006039275168116241,-18.34859848022461,0
1RKE,2,25.90945053100586,26.620162963867188,66.37200927734375,0.0,0.006433779068754653,-19.15027618408203,0
1RKE,3,24.43621063232422,27.1184139251709,77.18428039550781,0.0,0.005010873236676741,-16.60441017150879,0
1RKE,4,29.329580307006836,29.4450626373291,72.82291412353516,0.0,0.005343065526149445,-17.469646453857422,0
1RKE,5,27.036169052124023,25.23701286315918,72.0526123046875,0.0,0.005748670944054801,-17.93378257751465,0
1RKE,6,27.034963607788086,25.282848358154297,71.77466583251953,0.0,0.005779447859714848,-17.014812469482422,0
1RKE,7,26.4387264251709,29.248403549194336,72.24724578857422,0.0,0.0054253800756332606,-14.652175903320312,0
1RKE,8,26.20943832397461,29.74614715576172,67.526611328125,0.0,0.006044700699029835,-18.966524124145508,0
1RKE,9,7.019643306732178,6.155028820037842,27.37619972229004,0.0,0.04799615108994044,-19.296812057495117,0
1RKE,10,80.85527038574219,93.09799194335938,196.1925811767578,0.0,0.0007110168890865379,0.0,0
1RKE,11,9.334012985229492,8.724946975708008,29.323516845703125,0.0,0.035406612081040414,-19.539730072021484,0
1RKE,12,29.086929321289062,29.17885971069336,75.54724884033203,0.0,0.005045502689638207,-16.05042839050293,9
1RKE,13,29.096155166625977,28.561126708984375,69.7464828491211,0.0,0.005795191043614374,-17.737001419067383,0
1RKE,14,24.850509643554688,27.884490966796875,74.69905090332031,0.0,0.005222670564505012,-17.51491928100586,0
4M76,0,22.516794204711914,20.975093841552734,73.99694061279297,0.0,0.006037109927944625,-11.29052448272705,0
4M76,1,21.138633728027344,17.729839324951172,78.58509063720703,0.0,0.006223589879392181,-14.018916130065918,1
4M76,2,19.212188720703125,16.24277114868164,73.48246002197266,0.0,0.007219983162363579,-13.093439102172852,1
4M76,3,20.444686889648438,17.310976028442383,72.37074279785156,0.0,0.007019763006516449,-13.609419822692871,0
4M76,4,22.880998611450195,20.656604766845703,70.23136138916016,0.0,0.006560623508733747,-14.20065689086914,0
4M76,5,18.51885414123535,17.59742546081543,46.19478225708008,0.0,0.013320634156954518,-12.479785919189453,17
4M76,6,23.10279083251953,16.988874435424805,69.36396026611328,0.0,0.00750991728904257,-12.647656440734863,1
4M76,7,20.656314849853516,14.690208435058594,74.56198120117188,0.0,0.007715901182359284,-12.552355766296387,3
4M76,8,24.059377670288086,20.521682739257812,79.37760925292969,0.0,0.005550349484275022,-14.472426414489746,2
4M76,9,21.598896026611328,20.249801635742188,63.69282531738281,0.0,0.007651735219703641,-15.250967025756836,1
4M76,10,23.92087173461914,18.868986129760742,72.89210510253906,0.0,0.006565161275243314,-15.953435897827148,0
4M76,11,20.58220100402832,14.82275104522705,71.51455688476562,0.0,0.008022319226775355,-13.25499439239502,1
4M76,12,22.371326446533203,15.0178804397583,73.57968139648438,0.0,0.007682340156829479,-14.143333435058594,2
4M76,13,23.355113983154297,17.806316375732422,70.60124969482422,0.0,0.0071113552609657895,-14.728202819824219,1
4M76,14,23.917280197143555,19.288564682006836,73.09005737304688,0.0,0.006451756967822295,-14.779481887817383,0
2UUY,0,15.274084091186523,13.384761810302734,47.5762825012207,0.0,0.014445205089139138,-15.084074020385742,2
2UUY,1,11.227410316467285,9.13568115234375,35.61423110961914,0.0,0.02671464774101673,-17.892330169677734,0
2UUY,2,3.628908634185791,4.48787784576416,9.57850170135498,0.0,0.18034718738533284,-28.69576644897461,1
2UUY,3,7.36342716217041,5.282324314117432,18.666433334350586,0.045455,0.09727265616473861,-17.249120712280273,0
2UUY,4,4.929173946380615,4.089409351348877,12.848947525024414,0.0,0.14099883576880587,-24.445253372192383,0
2UUY,5,4.1945719718933105,4.108137607574463,11.137091636657715,0.0,0.16190786552659978,-20.203067779541016,0
2UUY,6,12.530452728271484,9.96377182006836,39.24592208862305,0.0,0.022322686670758127,-17.59798812866211,0
2UUY,7,4.0922417640686035,4.829112529754639,9.981597900390625,0.0,0.16944613529253935,-25.857778549194336,1
2UUY,8,16.070045471191406,12.150593757629395,45.580726623535156,0.0,0.016206090079578413,-16.130430221557617,4
2UUY,9,12.972823143005371,10.370944023132324,39.41230010986328,0.0,0.021645428397130014,-18.954505920410156,0
2UUY,10,7.02797794342041,5.1533637046813965,22.346275329589844,0.0,0.06816794587065084,-17.227169036865234,0
2UUY,11,7.97749137878418,4.681554794311523,21.676769256591797,0.0,0.07545746081512066,-19.946195602416992,0
2UUY,12,11.988504409790039,10.370558738708496,39.510196685791016,0.0,0.02157584306578807,-19.347457885742188,1
2UUY,13,19.128934860229492,14.529847145080566,57.06034851074219,0.0,0.01075136773187805,-21.41983985900879,1
2UUY,14,15.20219612121582,12.759674072265625,47.04176712036133,0.0,0.015082753711451125,-15.943394660949707,3
3HMX,0,37.687843322753906,11.005788803100586,95.30529022216797,0.066667,0.03093176376811585,-13.677340507507324,39
3HMX,1,40.64076232910156,13.784807205200195,99.49087524414062,0.0,0.00631616039415878,-16.129840850830078,9
3HMX,2,31.791303634643555,18.39200210571289,55.056419372558594,0.0,0.009962698931460429,-16.35341453552246,5
3HMX,3,30.333749771118164,23.847288131713867,54.66511154174805,0.0,0.009182637682388138,-18.5858154296875,9
3HMX,4,31.86087417602539,27.60748863220215,55.671756744384766,0.0,0.008574578182594326,-16.812801361083984,14
3HMX,5,39.7504997253418,39.759185791015625,110.14472961425781,0.0,0.0024471498058848454,-16.112926483154297,9
3HMX,6,32.9778938293457,26.427928924560547,55.276397705078125,0.0,0.008770320120803485,-16.12979507446289,29
3HMX,7,36.06122970581055,34.314701080322266,103.34519958496094,0.0,0.0028755219081148093,-18.502273559570312,8
3HMX,8,39.17081832885742,18.242794036865234,103.36322021484375,0.0,0.0044774926160589925,-15.501832962036133,18
3HMX,9,31.09046745300293,26.954524993896484,75.09100341796875,0.0,0.005246169432145713,-15.837432861328125,18
3HMX,10,38.629859924316406,20.16158103942871,102.04623413085938,0.0,0.004131692508038769,-14.30025863647461,21
3HMX,11,32.970298767089844,29.010570526123047,93.5783920288086,0.0,0.0036164717670835443,-14.074394226074219,64
3HMX,12,33.01235580444336,19.425912857055664,54.55416488647461,0.0,0.009875981611982073,-16.976152420043945,12
3HMX,13,30.17601776123047,19.33393096923828,52.9616813659668,0.0,0.010364847332166909,-14.666261672973633,8
3HMX,14,38.43707275390625,19.964521408081055,103.61436462402344,0.0,0.004099356784499137,-14.373666763305664,32
1IJK,0,18.65318489074707,17.842998504638672,57.848663330078125,0.0,0.009383750147273653,-14.03209114074707,3
1IJK,1,15.68272876739502,12.822798728942871,45.400909423828125,0.0,0.015788017381677507,-15.036933898925781,0
1IJK,2,19.05629539489746,17.8142147064209,56.206058502197266,0.0,0.009799687766596498,-14.6404390335083,3
1IJK,3,17.58258819580078,15.870916366577148,46.30878448486328,0.0,0.013815411877187838,-15.001321792602539,0
1IJK,4,17.771011352539062,15.838776588439941,51.840641021728516,0.0,0.011689845894617502,-13.508539199829102,2
1IJK,5,16.724123001098633,15.729721069335938,62.97831344604492,0.0,0.008967324346730393,-18.502222061157227,0
1IJK,6,19.885982513427734,19.597299575805664,65.40943908691406,0.0,0.00747705341496233,-15.483290672302246,6
1IJK,7,16.859949111938477,15.020829200744629,44.12496566772461,0.0,0.015218069781055285,-15.323171615600586,0
1IJK,8,20.31645393371582,19.19428253173828,66.38359069824219,0.0,0.007400267375646065,-14.152641296386719,7
1IJK,9,16.402774810791016,13.833459854125977,48.76685333251953,0.0,0.013701777391636907,-15.116172790527344,7
1IJK,10,8.886103630065918,6.580394268035889,17.064523696899414,0.0,0.08272834514732912,-15.84703254699707,2
1IJK,11,15.228797912597656,11.648019790649414,24.420454025268555,0.0,0.04145776255924364,-18.88440704345703,0
1IJK,12,8.719470977783203,9.109703063964844,18.094623565673828,0.0,0.0690577672216499,-15.062921524047852,0
1IJK,13,11.402127265930176,8.426192283630371,20.163299560546875,0.0,0.060537258617615275,-15.61929988861084,0
1IJK,14,10.345684051513672,7.563822269439697,18.186166763305664,0.0,0.07237533350197112,-16.263320922851562,0
1JTG,0,10.929598808288574,9.5281400680542,35.79341125488281,0.0,0.025855892422327303,-18.107847213745117,0
1JTG,1,6.240271091461182,5.655307769775391,19.58588218688965,0.0,0.07473992122441006,-15.90902042388916,0
1JTG,2,18.657140731811523,15.074090003967285,40.90378189086914,0.0,0.017066700831094354,-16.0329532623291,1
1JTG,3,5.188687324523926,4.495178699493408,14.892317771911621,0.0,0.11530513442531742,-16.608823776245117,1
1JTG,4,17.528074264526367,13.885068893432617,31.080547332763672,0.0,0.027041337466233356,-16.50415802001953,7
1JTG,5,13.560154914855957,11.208927154541016,40.71739196777344,0.0,0.019784159198486004,-14.653753280639648,5
1JTG,6,18.129758834838867,14.425263404846191,37.070884704589844,0.0,0.020215063604478705,-16.806968688964844,1
1JTG,7,5.449866771697998,4.997796535491943,15.784276962280273,0.666666,0.32470132978822036,-17.325077056884766,1
1JTG,8,18.412059783935547,14.699897766113281,35.80408477783203,0.0,0.021219464522471875,-18.513904571533203,2
1JTG,9,15.841181755065918,12.503022193908691,40.519386291503906,0.0,0.01877998004804181,-15.133101463317871,0
1JTG,10,10.714659690856934,8.954240798950195,36.183074951171875,0.0,0.026531987582334975,-17.03585433959961,8
1JTG,11,7.335979461669922,5.841845512390137,21.101455688476562,0.0,0.0671532478993217,-15.380568504333496,6
1JTG,12,18.09344482421875,14.395234107971191,36.502777099609375,0.0,0.02072520765889389,-16.285512924194336,4
1JTG,13,4.706351280212402,4.832775115966797,14.129847526550293,0.0,0.11786372243839623,-15.546724319458008,4
1JTG,14,7.893074035644531,6.0844407081604,21.527143478393555,0.333333,0.17516879277930095,-15.172032356262207,3
2A9K,0,16.664440155029297,16.564069747924805,33.19428253173828,0.0,0.023223300099343105,-15.06872272491455,3
2A9K,1,15.730338096618652,17.855485916137695,30.87189483642578,0.0,0.02582446380959121,-15.068860054016113,2
2A9K,2,18.57313346862793,18.500286102294922,54.05888748168945,0.0,0.010219219393695274,-14.880428314208984,3
2A9K,3,20.81472396850586,15.012532234191895,42.531455993652344,0.0,0.016097160614972034,-19.659780502319336,0
2A9K,4,15.42769718170166,17.23293685913086,33.03459930419922,0.0,0.023204904528070464,-17.10198974609375,0
2A9K,5,21.64392852783203,15.066791534423828,43.49224853515625,0.0,0.015534898647707893,-17.398229598999023,1
2A9K,6,15.989823341369629,17.30522346496582,30.26527214050293,0.0,0.026855747190550925,-14.663047790527344,2
2A9K,7,17.239315032958984,16.319433212280273,36.30904006958008,0.0,0.020111235846882583,-17.134246826171875,3
2A9K,8,14.825514793395996,17.0615234375,32.45845413208008,0.0,0.02394888295091314,-15.396293640136719,1
2A9K,9,14.889416694641113,18.196428298950195,31.099613189697266,0.0,0.02541943766366293,-13.766090393066406,1
2A9K,10,18.54185676574707,17.581905364990234,41.34730529785156,0.0,0.0159246013432106,-18.260927200317383,0
2A9K,11,15.373971939086914,17.5067195892334,33.203857421875,0.0,0.022930149006911104,-16.242094039916992,2
2A9K,12,16.864416122436523,17.701496124267578,35.553890228271484,0.0,0.020398486391795617,-17.44301414489746,3
2A9K,13,17.705184936523438,18.230710983276367,35.15713882446289,0.0,0.020649895632541545,-15.497563362121582,10
2A9K,14,15.237197875976562,18.028995513916016,31.806360244750977,0.0,0.024510771550294325,-15.908670425415039,2
5HGG,0,11.26569652557373,7.901669979095459,32.25858688354492,0.0,0.03323521429866474,-16.893884658813477,6
5HGG,1,9.846578598022461,6.2992682456970215,24.827808380126953,0.193548,0.11737340713300908,-19.0452938079834,2
5HGG,2,10.192730903625488,6.70517110824585,28.620573043823242,0.032258,0.053657174055609845,-17.668012619018555,3
5HGG,3,11.511652946472168,7.110812664031982,30.114328384399414,0.225806,0.11406638633103545,-18.818212509155273,6
5HGG,4,8.049741744995117,5.494138240814209,21.31514549255371,0.16129,0.12262100987918882,-18.326021194458008,1
5HGG,5,10.360628128051758,6.551153659820557,24.735008239746094,0.290323,0.14858506716269834,-17.77219581604004,6
5HGG,6,9.570035934448242,6.270444869995117,21.952924728393555,0.096774,0.09375804744182496,-15.364648818969727,5
5HGG,7,12.066696166992188,8.452499389648438,32.04935073852539,0.032258,0.04283545418589322,-16.675920486450195,1
5HGG,8,11.463873863220215,7.386199951171875,30.129798889160156,0.0,0.03777629867157597,-14.937115669250488,4
5HGG,9,9.520587921142578,6.282982349395752,25.71405029296875,0.096774,0.08306759254640457,-20.453641891479492,1
5HGG,10,10.213786125183105,6.312115669250488,27.31987762451172,0.096774,0.07949499639382179,-16.79414939880371,8
5HGG,11,20.31259536743164,25.748125076293945,82.15790557861328,0.0,0.004657609997489221,0.0,0
5HGG,12,7.328365325927734,5.499176979064941,15.978665351867676,0.193548,0.16112103974425307,-19.2886962890625,2
5HGG,13,12.365104675292969,7.765590190887451,28.87786102294922,0.032258,0.04931897300013519,-16.86017417907715,6
5HGG,14,13.922974586486816,13.61010456085205,27.553503036499023,0.064516,0.05447127218981453,-15.812005043029785,7
3BX7,0,11.7852783203125,9.551709175109863,22.0960636138916,0.0,0.050991324353117484,-18.53041648864746,1
3BX7,1,15.50361156463623,12.705286026000977,37.31298828125,0.0,0.02102691700865955,-18.896387100219727,3
3BX7,2,16.326553344726562,14.14047622680664,25.77801513671875,0.0,0.036397483354500194,-17.090349197387695,8
3BX7,3,14.453453063964844,11.857048034667969,25.211380004882812,0.0,0.03927320344966878,-18.423709869384766,0
3BX7,4,12.530243873596191,10.139913558959961,23.273527145385742,0.0,0.04636785234679284,-18.989765167236328,0
3BX7,5,10.892441749572754,10.036528587341309,19.731115341186523,0.0,0.059460171903193575,-13.590261459350586,4
3BX7,6,17.092388153076172,17.393171310424805,32.00326156616211,0.0,0.024425503263379014,-18.181320190429688,4
3BX7,7,13.745490074157715,14.069219589233398,42.07529067993164,0.0,0.01681682634015444,-17.905527114868164,15
3BX7,8,15.003286361694336,12.372169494628906,24.839384078979492,0.0,0.039770337481578974,-17.217350006103516,0
3BX7,9,6.306335926055908,4.893209934234619,10.95443058013916,0.0,0.15390426230047008,-17.522310256958008,10
3BX7,10,16.447473526000977,15.646855354309082,27.081501007080078,0.0,0.0329282882451164,-17.929824829101562,9
3BX7,11,16.227140426635742,13.325250625610352,26.290761947631836,0.0,0.035716240958262487,-16.87755584716797,10
3BX7,12,11.226679801940918,9.600744247436523,21.461633682250977,0.0,0.05313993552295529,-15.652261734008789,6
3BX7,13,8.211014747619629,7.901196479797363,14.287687301635742,0.0,0.09873169944504523,-15.29005241394043,4
3BX7,14,16.474550247192383,15.856112480163574,27.645891189575195,0.0,0.03174567694425424,-17.269969940185547,3
1DQJ,0,9.115776062011719,11.228927612304688,20.962602615356445,0.0,0.052911018450390535,-17.900402069091797,1
1DQJ,1,8.956791877746582,8.900461196899414,20.430946350097656,0.0,0.05838846948113968,-13.70278263092041,55
1DQJ,2,8.312490463256836,8.684091567993164,19.45594596862793,0.090909,0.0933855120319604,-13.858298301696777,65
1DQJ,3,12.903712272644043,13.617151260375977,28.011455535888672,0.0,0.032101691156964186,-13.704922676086426,56
1DQJ,4,12.263206481933594,14.584486961364746,27.01451873779297,0.0,0.03351687828462642,-17.157718658447266,12
1DQJ,5,13.942049026489258,13.756568908691406,30.99982261657715,0.0,0.02722516781308805,-15.516237258911133,45
1DQJ,6,12.165318489074707,14.483345031738281,25.62088966369629,0.0,0.03658807840450632,-15.963138580322266,22
1DQJ,7,13.41970443725586,14.0589017868042,29.73577117919922,0.0,0.028931320172265237,-15.576523780822754,42
1DQJ,8,13.912825584411621,13.580183982849121,30.496362686157227,0.0,0.028046348233180782,-15.004205703735352,57
1DQJ,9,12.460660934448242,13.993172645568848,26.903839111328125,0.0,0.03403966692981842,-13.305853843688965,41
1DQJ,10,11.988154411315918,10.991556167602539,28.504817962646484,0.0,0.033314111861492746,-14.635356903076172,42
1DQJ,11,14.625860214233398,16.29058837890625,34.20705032348633,0.0,0.022187299079909073,-15.03194522857666,42
1DQJ,12,23.201860427856445,21.04477882385254,54.487552642822266,0.0,0.00960406135569193,-13.808712005615234,63
1DQJ,13,14.249134063720703,14.200644493103027,30.965431213378906,0.0,0.02703487695636761,-14.331537246704102,61
1DQJ,14,9.202129364013672,11.67294979095459,20.99516487121582,0.0,0.052356632119286435,-19.121986389160156,1
1GXD,0,28.742130279541016,27.74506378173828,69.68856048583984,0.0,0.005857754951513535,-13.405956268310547,55
1GXD,1,37.53909683227539,33.80635070800781,99.5013427734375,0.0,0.0030698633710770154,-13.802939414978027,12
1GXD,2,9.346223831176758,11.206374168395996,20.762378692626953,0.0,0.053715381981097925,-13.600418090820312,17
1GXD,3,24.469676971435547,17.67323112487793,62.248374938964844,0.0,0.00848554223142439,-14.977816581726074,2
1GXD,4,9.299830436706543,12.744241714477539,30.265457153320312,0.0,0.02892441159967143,-11.996393203735352,7
1GXD,5,39.07600402832031,33.41734313964844,100.92244720458984,0.0,0.0030181148195204295,-13.40095329284668,23
1GXD,6,30.585023880004883,30.976409912109375,72.99385070800781,0.0,0.005239383295510592,-13.230069160461426,77
1GXD,7,11.229674339294434,10.924276351928711,24.57285499572754,0.0,0.04179054975065388,-12.24493408203125,10
1GXD,8,37.35417175292969,35.70783233642578,99.84574890136719,0.0,0.0029855747112656436,-14.263314247131348,12
1GXD,9,36.82770538330078,34.53955841064453,96.47775268554688,0.0,0.003194956665391936,-14.43153190612793,13
1GXD,10,25.756853103637695,29.273740768432617,70.29529571533203,0.0,0.00567642866506353,-12.309176445007324,20
1GXD,11,22.209095001220703,22.349510192871094,62.3123893737793,0.0,0.007583975768839658,-14.651792526245117,6
1GXD,12,16.35557746887207,9.337808609008789,37.969181060791016,0.052632,0.04183712065315015,-13.251118659973145,32
1GXD,13,26.676748275756836,13.48843765258789,65.85159301757812,0.0,0.009534633169509992,-13.815874099731445,51
1GXD,14,38.34273910522461,37.61323547363281,100.19026184082031,0.0,0.0029113353119084636,-14.870731353759766,7
2VIS,0,30.83934783935547,22.987354278564453,75.94822692871094,0.0,0.00553689970645473,-17.349143981933594,6
2VIS,1,20.70130157470703,16.791034698486328,40.80158996582031,0.0,0.016503833779217197,-13.179698944091797,43
2VIS,2,35.611114501953125,31.007678985595703,82.03221130371094,0.0,0.004319097419929888,-15.725825309753418,19
2VIS,3,24.00490379333496,18.7650146484375,44.10067367553711,0.0,0.014055865778108455,-16.794919967651367,1
2VIS,4,21.00376319885254,20.344688415527344,37.51811981201172,0.0,0.018076276787829297,-16.379093170166016,0
2VIS,5,19.25605010986328,14.815987586975098,41.01826858520508,0.0,0.017106646414711945,-14.5440034866333,6
2VIS,6,13.26102066040039,14.371131896972656,26.47892951965332,0.0,0.034732520782131536,-14.93440055847168,2
2VIS,7,37.090911865234375,32.69514083862305,96.92797088623047,0.0,0.0032439836906954914,-14.528470993041992,6
2VIS,8,20.319944381713867,16.728412628173828,35.94746398925781,0.0,0.020309046644683516,-16.195297241210938,3
2VIS,9,32.075443267822266,18.940584182739258,65.35172271728516,0.0,0.0076227841836295435,-13.681873321533203,57
2VIS,10,29.914363861083984,35.28876495361328,75.49950408935547,0.0,0.00477331417550361,-14.256926536560059,0
2VIS,11,28.18202018737793,16.787900924682617,57.66012191772461,0.0,0.00972978254795102,-17.31911849975586,8
2VIS,12,23.0783748626709,19.842315673828125,46.379756927490234,0.0,0.012726186057161947,-16.016027450561523,7
2VIS,13,13.558477401733398,14.514809608459473,23.864852905273438,0.0,0.04104805849625943,-12.598921775817871,1
2VIS,14,40.75421905517578,52.51966094970703,121.25503540039062,0.0,0.0019016854673512649,0.0,0
2SNI,0,4.830663681030273,5.017618656158447,13.199609756469727,0.117647,0.16427068182547275,-16.74382209777832,8
2SNI,1,5.437731742858887,4.5647454261779785,18.17032241821289,0.264706,0.18056894634420204,-21.41975212097168,0
2SNI,2,7.5617780685424805,7.4921555519104,18.460914611816406,0.235294,0.14958301086852446,-20.45928192138672,4
2SNI,3,1.4198226928710938,1.141855001449585,4.375133514404297,0.647059,0.6902435459002314,-23.602705001831055,0
2SNI,4,5.13337516784668,4.95982027053833,13.75123119354248,0.147059,0.1691038368542058,-17.348621368408203,0
2SNI,5,8.205767631530762,7.7899274826049805,22.42574691772461,0.205882,0.12241688121156728,-18.090349197387695,1
2SNI,6,9.085737228393555,8.327187538146973,26.04212188720703,0.205882,0.11119554982521203,-17.884965896606445,3
2SNI,7,7.318428039550781,7.214428424835205,17.632219314575195,0.147059,0.12568927878585004,-21.23527717590332,1
2SNI,8,7.599453449249268,7.368412017822266,19.461320877075195,0.117647,0.10588047156364934,-18.404197692871094,4
2SNI,9,7.95871114730835,7.884858131408691,20.133750915527344,0.264706,0.15030134915523055,-19.46895408630371,4
2SNI,10,1.7146098613739014,1.4470789432525635,5.1999006271362305,0.676471,0.6406987797909394,-24.02073097229004,2
2SNI,11,2.872014284133911,1.9273780584335327,8.581063270568848,0.411765,0.4280777219995753,-21.836000442504883,2
2SNI,12,7.695887088775635,6.846585273742676,24.123483657836914,0.235294,0.13051211693319809,-20.32866668701172,7
2SNI,13,8.470447540283203,8.01270866394043,24.378498077392578,0.235294,0.12584813816092777,-18.650543212890625,4
2SNI,14,3.850125312805176,3.5751917362213135,12.12439250946045,0.235294,0.23816862514109047,-19.33683967590332,2
3A4S,0,15.376570701599121,15.887894630432129,45.997703552246094,0.0,0.01395174062738905,-18.4405574798584,0
3A4S,1,14.866581916809082,17.27603530883789,43.52724838256836,0.0,0.014738574064935317,-17.82251739501953,0
3A4S,2,14.872391700744629,16.586610794067383,45.6639404296875,0.0,0.013866905019116657,-13.300105094909668,0
3A4S,3,14.776179313659668,15.390233993530273,45.8368034362793,0.0,0.01421829009301255,-17.54704475402832,0
3A4S,4,15.707810401916504,17.701993942260742,47.40626525878906,0.0,0.012758865499125265,-21.867279052734375,0
3A4S,5,15.033671379089355,16.732467651367188,44.58915710449219,0.0,0.014345875020834876,-20.29885482788086,0
3A4S,6,15.628130912780762,17.2226619720459,46.69805908203125,0.0,0.013199098503984352,-22.299657821655273,0
3A4S,7,15.54265308380127,15.510449409484863,48.174190521240234,0.0,0.01315272099066931,-20.96364974975586,0
3A4S,8,14.173835754394531,16.58766746520996,37.602783203125,0.0,0.018908097805762573,-15.61999797821045,0
3A4S,9,17.997196197509766,19.104551315307617,52.99839782714844,0.0,0.01040142856438156,-17.964515686035156,0
3A4S,10,15.332149505615234,17.28245735168457,47.67197036743164,0.0,0.012762908107274361,-16.986555099487305,0
3A4S,11,15.60501480102539,17.328943252563477,46.992759704589844,0.0,0.013039220324456405,-16.899457931518555,0
3A4S,12,16.643888473510742,18.191604614257812,49.319522857666016,0.0,0.011866394947408584,-19.52480697631836,0
3A4S,13,15.406923294067383,16.704193115234375,45.73790740966797,0.0,0.013794403340744735,-22.131778717041016,0
3A4S,14,56.775184631347656,65.36583709716797,126.09752655029297,0.0,0.001683209077308,0.0,0
4GXU,0,45.56767654418945,27.5516300201416,87.32069396972656,0.0,0.004113964463686074,-13.039244651794434,68
4GXU,1,40.049713134765625,31.181604385375977,82.1860122680664,0.0,0.004297359903921553,-12.923429489135742,71
4GXU,2,43.18290328979492,25.771434783935547,80.80392456054688,0.0,0.004773569106830394,-14.567296981811523,81
4GXU,3,33.26381301879883,30.471986770629883,80.2335433959961,0.0,0.004505388889989986,-13.653897285461426,33
4GXU,4,29.84916877746582,24.401758193969727,73.15467834472656,0.0,0.0056950785870014215,-11.488295555114746,93
4GXU,5,39.86326599121094,26.42118263244629,81.3413314819336,0.0,0.004671545763487077,-11.722805976867676,120
4GXU,6,39.285011291503906,31.422821044921875,77.32725524902344,0.0,0.00473741076326031,-12.580510139465332,89
4GXU,7,51.27971649169922,33.19980239868164,85.08773040771484,0.0,0.003972649591541537,-13.480734825134277,58
4GXU,8,40.60019302368164,34.38550567626953,81.40337371826172,0.0,0.004228311300451732,-13.804590225219727,30
4GXU,9,44.14387893676758,26.69327163696289,77.65130615234375,0.0,0.004996082147148609,-12.680961608886719,56
4GXU,10,45.25234603881836,29.091917037963867,85.70097351074219,0.0,0.004130905271178403,-14.218692779541016,28
4GXU,11,28.029451370239258,28.36909294128418,78.32875061035156,0.0,0.004808930110977704,-14.449472427368164,37
4GXU,12,42.581764221191406,30.0853271484375,119.75785064697266,0.0,0.00249736533150177,-12.513176918029785,42
4GXU,13,43.64337921142578,33.70124816894531,76.8025894165039,0.0,0.004692496401543698,-14.352563858032227,42
4GXU,14,45.71508026123047,41.55013656616211,99.07855224609375,0.0,0.0028692739070298565,-11.746209144592285,159
1FC2,0,9.499839782714844,14.062888145446777,40.58032989501953,0.0,0.017759698099087732,-16.613052368164062,6
1FC2,1,11.208755493164062,13.471983909606934,31.40728187561035,0.0,0.026830483917131238,-13.471270561218262,11
1FC2,2,5.876718997955322,7.657259464263916,22.946781158447266,0.0,0.0525375911659797,-16.54599380493164,8
1FC2,3,3.877993583679199,5.358623027801514,18.75959587097168,0.0,0.08099824276651114,-17.652889251708984,0
1FC2,4,4.806610584259033,6.196705341339111,18.84288787841797,0.0,0.07481163429025914,-17.92090606689453,7
1FC2,5,15.735686302185059,16.026927947998047,36.872928619384766,0.0,0.019714077460661738,-23.271055221557617,2
1FC2,6,8.53574275970459,9.666075706481934,25.652099609375,0.0,0.040816590110894786,-14.756532669067383,26
1FC2,7,17.977645874023438,22.589731216430664,56.357975006103516,0.0,0.008877026920287702,-22.18058204650879,0
1FC2,8,7.730583190917969,10.547601699829102,35.11188507080078,0.0,0.02506114446715078,-16.704801559448242,11
1FC2,9,40.82362365722656,58.575016021728516,107.81802368164062,0.0,0.0022773865099098814,0.0,0
1FC2,10,15.465920448303223,15.092324256896973,24.644630432128906,0.0,0.038697574135671355,-17.865846633911133,0
1FC2,11,10.172314643859863,13.494945526123047,34.25844192504883,0.0,0.023398260501339408,-17.23851203918457,16
1FC2,12,32.685367584228516,44.34292984008789,94.52442169189453,0.0,0.0030548037140150208,0.0,0
1FC2,13,7.029195785522461,7.202127456665039,18.977933883666992,0.0,0.06955327249702387,-14.789419174194336,10
1FC2,14,11.199780464172363,14.779422760009766,47.243186950683594,0.0,0.01385063587828445,-16.066164016723633,0
1ACB,0,5.929194450378418,5.136128902435303,18.640380859375,0.068966,0.10656549952188671,-20.217784881591797,0
1ACB,1,10.64556884765625,10.187804222106934,31.354488372802734,0.0,0.029892860542106645,-15.689020156860352,1
1ACB,2,4.777699947357178,3.9444961547851562,13.67146110534668,0.275862,0.22699626833137196,-21.66604995727539,3
1ACB,3,12.1635103225708,12.389388084411621,41.3187255859375,0.0,0.01834936640619082,-13.89164924621582,0
1ACB,4,6.8564982414245605,6.6516547203063965,22.27720069885254,0.0,0.058492116169929255,-17.059982299804688,1
1ACB,5,5.2401275634765625,4.52628755569458,13.7879056930542,0.37931,0.25121841236819537,-25.99742317199707,0
1ACB,6,4.818844318389893,4.857812881469727,11.26174259185791,0.344828,0.26493312245788814,-20.264772415161133,3
1ACB,7,21.640108108520508,21.373708724975586,71.39765167236328,0.0,0.006292080793177328,-6.243877410888672,0
1ACB,8,3.9930691719055176,3.9762251377105713,12.190226554870605,0.37931,0.2770116355926809,-21.267847061157227,0
1ACB,9,22.25872039794922,19.405614852905273,69.74441528320312,0.0,0.006858383023017057,-10.465892791748047,0
1ACB,10,9.977957725524902,9.382978439331055,30.1801700592041,0.0,0.0328040626971655,-13.211474418640137,0
1ACB,11,8.70885944366455,9.273225784301758,21.536510467529297,0.0,0.05342490238433567,-18.23308563232422,0
1ACB,12,4.423792362213135,4.317605018615723,13.956581115722656,0.0,0.12608693902063245,-17.492761611938477,0
1ACB,13,7.43248176574707,8.37450122833252,17.559457778930664,0.137931,0.11961850237394671,-17.927478790283203,0
1ACB,14,7.841174602508545,8.834750175476074,18.658695220947266,0.137931,0.11260378068552523,-18.706762313842773,0
3H2V,0,14.36859130859375,14.953688621520996,44.293270111083984,0.0,0.015160143192323441,-18.48654556274414,0
3H2V,1,20.99333381652832,21.290700912475586,56.233829498291016,0.0,0.009092165192820531,-16.819927215576172,1
3H2V,2,16.530330657958984,18.1375732421875,48.79521179199219,0.0,0.012081364142292503,-20.6826229095459,2
3H2V,3,14.924633979797363,13.019766807556152,47.51726150512695,0.0,0.014702020886281067,-22.762666702270508,0
3H2V,4,16.077953338623047,18.91386604309082,46.52522277832031,0.0,0.01285007024106216,-21.73682403564453,1
3H2V,5,18.43366241455078,20.32023048400879,49.274261474609375,0.0,0.011439076504364635,-25.5472469329834,0
3H2V,6,10.22967529296875,11.989250183105469,23.9095401763916,0.0,0.042538615870588666,-19.715648651123047,0
3H2V,7,14.92385196685791,12.453019142150879,44.70137405395508,0.0,0.016398979989423353,-21.761049270629883,0
3H2V,8,13.559142112731934,14.81502914428711,43.573211669921875,0.0,0.015602030797136844,-20.766592025756836,0
3H2V,9,15.181597709655762,14.156291961669922,46.38666534423828,0.0,0.014529921006157215,-24.15140151977539,0
3H2V,10,19.00762939453125,20.81023597717285,50.682918548583984,0.0,0.010841878821016677,-23.289474487304688,0
3H2V,11,18.2076473236084,17.21737289428711,50.229522705078125,0.0,0.011790738194356033,-24.113157272338867,0
3H2V,12,8.64190673828125,8.115500450134277,17.869050979614258,0.0,0.07251859558849877,-23.358373641967773,0
3H2V,13,15.189773559570312,15.264069557189941,42.11445999145508,0.0,0.016235298811138776,-21.64242172241211,1
3H2V,14,13.629776954650879,14.47081184387207,43.19908142089844,0.0,0.01596778057245529,-22.863510131835938,0
5CBA,0,8.367440223693848,10.440590858459473,19.57034683227539,0.0,0.059642726707723165,-18.317358016967773,0
5CBA,1,9.172346115112305,11.781476974487305,21.281259536743164,0.0,0.051177753780212165,-19.926645278930664,2
5CBA,2,9.086638450622559,11.64161491394043,20.827604293823242,0.0,0.05303541411351628,-20.27852439880371,0
5CBA,3,8.958664894104004,11.774442672729492,20.0013427734375,0.25,0.13964793019314325,-17.95085334777832,0
5CBA,4,8.43550968170166,10.986577987670898,20.47655487060547,0.0,0.05509554107165574,-17.254966735839844,0
5CBA,5,8.427542686462402,10.792625427246094,20.166723251342773,0.0,0.056600762895737566,-16.790719985961914,0
5CBA,6,8.879117012023926,11.316981315612793,24.103017807006836,0.0,0.04262434563575392,-18.40009307861328,3
5CBA,7,8.473431587219238,11.699409484863281,19.149900436401367,0.0,0.06025423233640478,-15.43757438659668,8
5CBA,8,8.35700798034668,10.536617279052734,19.462078094482422,0.0,0.06001851963515059,-17.638776779174805,0
5CBA,9,8.213525772094727,10.456411361694336,19.494224548339844,0.0,0.0599705791307138,-17.952173233032227,0
5CBA,10,8.711113929748535,11.172913551330566,20.526220321655273,0.0,0.05469520253324849,-16.256906509399414,0
5CBA,11,11.97898006439209,11.943206787109375,30.646055221557617,0.0,0.028987489089796047,-17.209182739257812,12
5CBA,12,17.378883361816406,16.3221492767334,43.45964431762695,0.0,0.015072813393004722,-15.751977920532227,17
5CBA,13,8.37452507019043,10.858894348144531,19.242691040039062,0.0,0.06066316755377648,-16.876096725463867,0
5CBA,14,8.055670738220215,11.05213737487793,18.777549743652344,0.0,0.06271610897079409,-15.559029579162598,3
6A0Z,0,20.92723846435547,17.313562393188477,43.46507263183594,0.0,0.014761619076015454,-13.366497993469238,79
6A0Z,1,24.37836456298828,21.191381454467773,54.82891845703125,0.0,0.009484949859505173,-16.474720001220703,25
6A0Z,2,34.60146713256836,19.718387603759766,73.52677154541016,0.0,0.006313864059140507,-14.27157974243164,33
6A0Z,3,37.97315216064453,37.768611907958984,94.29842376708984,0.0,0.0032114860541080175,-14.65034008026123,31
6A0Z,4,32.079776763916016,17.32652473449707,72.43334197998047,0.0,0.007007609837656703,-15.074045181274414,8
6A0Z,5,24.60505485534668,15.68809986114502,42.838199615478516,0.0,0.01564624970267804,-13.96933364868164,21
6A0Z,6,20.876113891601562,18.183393478393555,35.317935943603516,0.0,0.020503413595408578,-15.094490051269531,14
6A0Z,7,19.952777862548828,17.527170181274414,34.920005798339844,0.0,0.021068945244408676,-15.042235374450684,31
6A0Z,8,27.697980880737305,16.036312103271484,64.77058410644531,0.0,0.008534596649645577,-15.158935546875,18
6A0Z,9,31.7528133392334,19.61410140991211,68.84326934814453,0.0,0.0069433874078233945,-13.667831420898438,20
6A0Z,10,28.693923950195312,22.620080947875977,69.61675262451172,0.0,0.006355614740795749,-15.653342247009277,21
6A0Z,11,20.074012756347656,15.74808120727539,37.094486236572266,0.0,0.01962623307201273,-12.424025535583496,21
6A0Z,12,29.06830596923828,13.293767929077148,54.641048431396484,0.0,0.012066336915550008,-12.734672546386719,69
6A0Z,13,16.557842254638672,14.596545219421387,35.04925537109375,0.0,0.021999030375177444,-14.032425880432129,46
6A0Z,14,19.243682861328125,14.641645431518555,36.87641143798828,0.0,0.020278724101587365,-16.30160903930664,1
5SV3,0,17.889938354492188,16.656661987304688,25.455957412719727,0.0,0.03611869427871413,-14.318354606628418,5
5SV3,1,19.796117782592773,16.506057739257812,27.576047897338867,0.0,0.031652634757209794,-19.11534881591797,2
5SV3,2,15.665534019470215,12.795001983642578,28.04788589477539,0.0,0.03255773871150552,-18.91731834411621,0
5SV3,3,19.604122161865234,17.941055297851562,29.722341537475586,0.0,0.027514409763735762,-16.094064712524414,0
5SV3,4,19.10384178161621,18.223712921142578,41.28535461425781,0.0,0.015797993499604285,-16.175765991210938,1
5SV3,5,17.297409057617188,16.238279342651367,25.22612762451172,0.0,0.0368071172309275,-15.699014663696289,2
5SV3,6,18.68712615966797,19.060985565185547,30.619308471679688,0.0,0.0259013790149366,-15.75934886932373,0
5SV3,7,20.054706573486328,17.612356185913086,31.008502960205078,0.0,0.025696865184150406,-18.41132164001465,2
5SV3,8,13.468033790588379,11.933558464050293,24.425933837890625,0.0,0.041190241313353054,-17.17500114440918,0
5SV3,9,7.976100444793701,6.812676906585693,27.96564292907715,0.125,0.08526874843916742,-15.18769645690918,0
5SV3,10,18.85432243347168,15.962194442749023,28.39927864074707,0.0,0.030323575367127844,-16.52327537536621,3
5SV3,11,17.039306640625,13.779653549194336,29.689027786254883,0.0,0.029156463436116022,-18.610624313354492,0
5SV3,12,18.844018936157227,16.901098251342773,27.957395553588867,0.0,0.030810148493624564,-14.186814308166504,3
5SV3,13,17.367645263671875,16.757722854614258,29.103803634643555,0.0,0.028847508929555635,-16.160276412963867,4
5SV3,14,18.785531997680664,18.690719604492188,43.080657958984375,0.0,0.014623252847944147,-14.80717658996582,0
1M10,0,5.816431045532227,7.0332746505737305,17.374013900756836,0.055556,0.09739631341166322,-14.737954139709473,3
1M10,1,18.33551025390625,20.59552001953125,52.19533920288086,0.0,0.010370443766084782,-15.957376480102539,5
1M10,2,15.37819766998291,16.140682220458984,44.63808059692383,0.0,0.014517903750668784,-13.535642623901367,3
1M10,3,18.536680221557617,19.87005615234375,45.5045166015625,0.0,0.013127446115002356,-15.727836608886719,1
1M10,4,17.4314022064209,16.762008666992188,35.38353729248047,0.0,0.020834632879906643,-15.772553443908691,3
1M10,5,94.12599182128906,103.15533447265625,218.781494140625,0.0,0.0005728563441051536,0.0,0
1M10,6,11.38000202178955,13.46395492553711,42.24338912963867,0.0,0.01705723316392786,-18.28351593017578,0
1M10,7,18.102638244628906,17.758424758911133,48.3748664855957,0.0,0.012344609244276675,-17.270771026611328,0
1M10,8,19.14833641052246,20.04994010925293,41.48971939086914,0.0,0.015282308051115578,-16.427045822143555,1
1M10,9,10.860477447509766,10.996919631958008,33.502357482910156,0.0,0.026247727117244518,-12.422962188720703,9
1M10,10,8.121334075927734,10.361598014831543,29.791765213012695,0.0,0.03193432403005624,-16.65730094909668,3
1M10,11,18.981834411621094,18.353750228881836,37.75690841674805,0.0,0.01829044264162516,-17.416343688964844,2
1M10,12,11.403944969177246,13.031017303466797,37.808101654052734,0.0,0.020396362738632087,-11.792902946472168,6
1M10,13,18.48810577392578,20.1323184967041,44.569091796875,0.055556,0.03205746805441162,-14.648781776428223,1
1M10,14,17.343624114990234,17.94114112854004,43.385528564453125,0.111111,0.05167250495347505,-14.789098739624023,2
2FJU,0,12.065505027770996,10.127853393554688,30.895309448242188,0.0,0.030610318108688944,-14.292159080505371,5
2FJU,1,27.240196228027344,16.664569854736328,71.68937683105469,0.0,0.007300061134641784,-11.220643043518066,37
2FJU,2,16.994550704956055,17.145200729370117,50.299781799316406,0.0,0.011786574856857288,-14.780426025390625,15
2FJU,3,26.185562133789062,24.868980407714844,73.59786987304688,0.0,0.005595927463262815,-10.000086784362793,14
2FJU,4,18.49331283569336,16.720195770263672,55.54056167602539,0.0,0.010289861541038546,-13.596338272094727,5
2FJU,5,19.66280746459961,17.40092658996582,56.55009460449219,0.0,0.009823242026019792,-12.576664924621582,19
2FJU,6,22.137170791625977,17.64959716796875,59.95125198364258,0.0,0.008959030017457757,-12.163053512573242,40
2FJU,7,22.80297088623047,20.37194061279297,66.31480407714844,0.0,0.007185301702466367,-13.395834922790527,18
2FJU,8,26.858009338378906,17.334150314331055,72.68680572509766,0.0,0.006974346757144565,-11.582561492919922,27
2FJU,9,17.9596004486084,16.16519546508789,52.54988479614258,0.0,0.011344392574574308,-11.184307098388672,14
2FJU,10,27.858091354370117,21.00772476196289,72.7380142211914,0.0,0.006181397797250334,-11.28739070892334,72
2FJU,11,27.223262786865234,18.72768211364746,67.9435043334961,0.0,0.007261395390217158,-11.334430694580078,103
2FJU,12,24.550518035888672,19.46390151977539,68.12976837158203,0.0,0.007077008409620011,-9.224618911743164,44
2FJU,13,23.26115608215332,14.876378059387207,63.424156188964844,0.0,0.009236192175625263,-11.96679401397705,19
2FJU,14,26.591318130493164,19.195016860961914,66.72280883789062,0.0,0.007346451075650001,-12.398313522338867,88
1AHW,0,18.211877822875977,19.636539459228516,37.350982666015625,0.0,0.018346622231357152,-14.807674407958984,2
1AHW,1,15.397128105163574,18.737972259521484,44.308128356933594,0.0,0.013954357603690112,-14.345659255981445,3
1AHW,2,19.953407287597656,19.1455135345459,39.573516845703125,0.0,0.01673369736285718,-16.838281631469727,0
1AHW,3,20.34278106689453,18.110567092895508,39.38536071777344,0.0,0.017105659565775765,-16.562522888183594,1
1AHW,4,17.837675094604492,19.14415168762207,34.987030029296875,0.0,0.020611818887860105,-18.931766510009766,4
1AHW,5,22.901805877685547,19.132204055786133,42.826011657714844,0.0,0.01466986579163865,-18.675273895263672,0
1AHW,6,17.453371047973633,19.695693969726562,48.60200500488281,0.0,0.011815141021676126,-13.170787811279297,13
1AHW,7,18.500431060791016,16.080705642700195,37.045989990234375,0.0,0.01954597839360953,-14.126312255859375,8
1AHW,8,22.82839584350586,18.106529235839844,41.66004943847656,0.0,0.015593893316654553,-15.76681900024414,8
1AHW,9,16.62470054626465,18.557565689086914,35.5658073425293,0.0,0.020174254828078077,-17.220605850219727,2
1AHW,10,22.474206924438477,18.11685562133789,41.50143814086914,0.0,0.01568923628750872,-16.505887985229492,1
1AHW,11,18.607524871826172,20.260526657104492,55.46689224243164,0.0,0.009465482093554682,-13.694916725158691,10
1AHW,12,20.923938751220703,18.580720901489258,39.84114456176758,0.0,0.016670134871793554,-17.48575782775879,3
1AHW,13,16.879730224609375,16.592687606811523,32.689537048339844,0.0,0.023811930737624405,-19.67620086669922,0
1AHW,14,17.982337951660156,16.467859268188477,37.477054595947266,0.0,0.019050835796932016,-17.524993896484375,7
1OC0,0,8.855703353881836,13.587130546569824,33.18955993652344,0.0,0.02453115982595418,-18.303800582885742,1
1OC0,1,3.421992301940918,3.685431957244873,12.939083099365234,0.0,0.14785663092453036,-24.476415634155273,0
1OC0,2,10.821189880371094,15.232280731201172,41.23352813720703,0.0,0.016788967636842067,-18.88335418701172,0
1OC0,3,19.964214324951172,26.43851661682129,70.8846206665039,0.0,0.00579463948918093,-12.383816719055176,3
1OC0,4,10.236541748046875,15.516443252563477,39.46371841430664,0.0,0.017864652347655333,-19.485633850097656,0
1OC0,5,10.130577087402344,13.454426765441895,39.621498107910156,0.0,0.018758349460605592,-18.61496925354004,0
1OC0,6,6.282323837280273,8.8644437789917,24.736873626708984,0.0,0.04448008836043082,-22.287010192871094,0
1OC0,7,4.601633548736572,9.144574165344238,15.572044372558594,0.0,0.08525233675684363,-22.156753540039062,0
1OC0,8,10.575190544128418,14.880345344543457,40.42990493774414,0.0,0.01746308487120239,-18.168724060058594,1
1OC0,9,16.550537109375,22.92654037475586,60.1533203125,0.0,0.00794624785420929,-25.17454719543457,3
1OC0,10,7.057361125946045,10.720149993896484,27.62322425842285,0.0,0.035233082426956976,-16.53927230834961,0
1OC0,11,19.63145637512207,25.870983123779297,68.88374328613281,0.0,0.006116231959618835,-12.527322769165039,5
1OC0,12,19.439632415771484,25.627531051635742,69.34502410888672,0.0,0.006072168899849254,-15.27058219909668,0
1OC0,13,9.643207550048828,15.345572471618652,37.34619903564453,0.0,0.019571603256476496,-21.918123245239258,0
1OC0,14,4.60262393951416,9.080657958984375,15.999786376953125,0.0,0.08222431214980827,-21.514232635498047,0
2O3B,0,2.6497597694396973,2.2332942485809326,6.233508110046387,1.0,0.6537175535633216,-20.29475975036621,0
2O3B,1,7.538413047790527,7.679256916046143,13.79278564453125,0.0,0.10399990079421617,-14.581110954284668,8
2O3B,2,9.76270866394043,9.520159721374512,17.49279022216797,0.75,0.32174543374401415,-15.225252151489258,2
2O3B,3,5.12522554397583,5.026000022888184,12.175357818603516,0.0,0.1364888912656992,-15.236349105834961,7
2O3B,4,10.577232360839844,10.06215763092041,19.044946670532227,1.0,0.39594899594508454,-16.330032348632812,6
2O3B,5,5.0758280754089355,4.7728986740112305,10.703051567077637,0.5,0.3255521379302389,-19.755449295043945,0
2O3B,6,3.1952619552612305,3.027306079864502,6.8240180015563965,1.0,0.6017310391589337,-20.43765640258789,0
2O3B,7,3.183056592941284,3.2725796699523926,6.496223449707031,0.0,0.2682963515080254,-21.412216186523438,0
2O3B,8,7.039628505706787,6.846095561981201,14.28856086730957,0.75,0.35239711949958674,-19.652448654174805,0
2O3B,9,19.640520095825195,16.129070281982422,59.00026321411133,0.0,0.009636038641565333,-15.02182388305664,7
2O3B,10,17.97707176208496,14.198512077331543,55.31560134887695,0.0,0.01136849744914988,-18.321361541748047,16
2O3B,11,7.878325939178467,5.515437602996826,26.253948211669922,0.0,0.05458215887472633,-14.217463493347168,4
2O3B,12,5.952693939208984,5.833953857421875,12.227250099182129,0.0,0.12927271083131722,-20.989503860473633,0
2O3B,13,9.842070579528809,9.365516662597656,17.806964874267578,0.75,0.3201939053032174,-15.166324615478516,3
2O3B,14,5.150681972503662,5.196192741394043,10.099884033203125,0.0,0.1638459669667408,-18.93983268737793,4
1KXP,0,32.94694137573242,34.34617614746094,81.17918395996094,0.0,0.004249428544746015,-15.363790512084961,9
1KXP,1,16.56554412841797,12.357186317443848,34.64326095581055,0.0,0.023767673238143622,-13.121838569641113,6
1KXP,2,28.103595733642578,30.598346710205078,83.29212951660156,0.0,0.004234792187336731,-18.471715927124023,2
1KXP,3,20.99087905883789,17.233118057250977,49.01034164428711,0.0,0.012239966028505791,-17.967864990234375,2
1KXP,4,23.500717163085938,17.55469512939453,40.73432540893555,0.0,0.01632476115310914,-15.83191967010498,30
1KXP,5,32.57206344604492,25.031827926635742,61.840904235839844,0.0,0.0073733529190340265,-19.293071746826172,9
1KXP,6,19.45752716064453,21.583024978637695,86.71092224121094,0.0,0.0047749030585325794,-17.260740280151367,4
1KXP,7,22.697765350341797,21.695871353149414,42.312660217285156,0.0,0.014515631678682098,-18.38578987121582,10
1KXP,8,24.04560661315918,17.61350440979004,60.8043098449707,0.0,0.008789256105792672,-12.51103401184082,12
1KXP,9,21.695697784423828,17.15280532836914,49.41620635986328,0.0,0.012108659167450313,-17.497467041015625,5
1KXP,10,20.887048721313477,17.011693954467773,49.854434967041016,0.0,0.011987553240094082,-18.721406936645508,2
1KXP,11,30.961219787597656,29.126867294311523,75.76869201660156,0.0,0.0050246149198690795,-19.54050636291504,5
1KXP,12,32.34287643432617,32.64545440673828,79.40858459472656,0.0,0.004478279813067067,-18.28899383544922,1
1KXP,13,31.1876220703125,23.84715461730957,61.763431549072266,0.0,0.007509542578867314,-16.8718318939209,6
1KXP,14,26.804466247558594,31.082557678222656,87.7529067993164,0.0,0.0038728955642581466,-16.608102798461914,4
1UDI,0,7.210196018218994,8.661884307861328,19.768339157104492,0.0,0.06171684611918557,-21.587961196899414,0
1UDI,1,7.407323360443115,8.951241493225098,19.186723709106445,0.0,0.06379230730553843,-19.613853454589844,0
1UDI,2,8.50147533416748,8.800098419189453,21.839635848999023,0.0,0.053261355459780425,-17.142349243164062,0
1UDI,3,12.267699241638184,13.147842407226562,36.56330871582031,0.0,0.021373858978652478,-17.209022521972656,0
1UDI,4,7.507287979125977,8.46781063079834,20.400259017944336,0.0,0.059450062161497834,-18.564695358276367,0
1UDI,5,8.624411582946777,9.592930793762207,21.545516967773438,0.0,0.05284862963388239,-22.085994720458984,0
1UDI,6,9.814624786376953,10.755648612976074,23.128639221191406,0.0,0.04602347241120119,-23.812082290649414,0
1UDI,7,11.912569999694824,12.965842247009277,27.713375091552734,0.0,0.03306340437482646,-18.29029655456543,0
1UDI,8,13.115516662597656,13.80740737915039,39.276092529296875,0.0,0.018801695952372317,-17.394058227539062,0
1UDI,9,10.992856979370117,12.023791313171387,24.8164005279541,0.0,0.040107809483121815,-18.72142219543457,0
1UDI,10,10.046819686889648,10.739195823669434,23.650785446166992,0.0,0.04450870879758582,-22.282880783081055,0
1UDI,11,8.521010398864746,9.193122863769531,21.80015754699707,0.0,0.05263226212978622,-19.47128677368164,0
1UDI,12,13.20160961151123,14.58237075805664,31.869478225708008,0.0,0.025627241585342447,-16.342222213745117,0
1UDI,13,10.619671821594238,11.301777839660645,24.44744300842285,0.0,0.0417192756673026,-21.350584030151367,0
1UDI,14,14.917999267578125,13.868136405944824,37.497703552246094,0.0,0.02014548007366648,-18.159656524658203,0
3SGQ,0,11.333609580993652,10.643526077270508,32.17013168334961,0.033333,0.03935476568883773,-17.884685516357422,2
3SGQ,1,12.337075233459473,11.007440567016602,38.228702545166016,0.0,0.021780052378363446,-21.532278060913086,4
3SGQ,2,10.762659072875977,11.099665641784668,31.93548583984375,0.0,0.028030159799370836,-25.625152587890625,0
3SGQ,3,9.731188774108887,11.410011291503906,26.289222717285156,0.0,0.037211581300510346,-18.58323097229004,0
3SGQ,4,10.649419784545898,10.59786605834961,33.92778396606445,0.0,0.026232983816885574,-21.52011489868164,0
3SGQ,5,9.743337631225586,10.268797874450684,29.224075317382812,0.0,0.03296349630502107,-18.810678482055664,0
3SGQ,6,11.95921516418457,11.557208061218262,39.25361633300781,0.0,0.020451931312190044,-24.266244888305664,0
3SGQ,7,11.480591773986816,10.595376968383789,37.47016143798828,0.0,0.0228632458494378,-21.50034523010254,5
3SGQ,8,10.48366641998291,10.545409202575684,31.35306739807129,0.0,0.029432587371850203,-29.7993106842041,1
3SGQ,9,11.768989562988281,10.739347457885742,37.51664733886719,0.0,0.02265372602768963,-21.20867156982422,6
3SGQ,10,10.107683181762695,10.069745063781738,32.376094818115234,0.0,0.028730025535856935,-18.909866333007812,0
3SGQ,11,10.306962966918945,10.224638938903809,33.05596923828125,0.0,0.027696244153304735,-19.88340187072754,0
3SGQ,12,10.674786567687988,10.645709037780762,32.324520111083984,0.0,0.028047272336697755,-31.231159210205078,0
3SGQ,13,12.781769752502441,11.51518440246582,40.00752639770508,0.0,0.019958327039819673,-20.4725284576416,3
3SGQ,14,10.592231750488281,9.971890449523926,33.926902770996094,0.0,0.02706288874005015,-20.992961883544922,2
3VLB,0,29.3372745513916,37.58489227294922,83.68513488769531,0.0,0.003933869839312805,-17.293806076049805,0
3VLB,1,26.713808059692383,31.17808723449707,76.49372100830078,0.0,0.0048354650608385995,-15.932397842407227,0
3VLB,2,27.979219436645508,32.44926071166992,88.54466247558594,0.0,0.0037545055783653066,-18.545570373535156,0
3VLB,3,11.541677474975586,13.553308486938477,30.83350944519043,0.0,0.02757641103444644,-17.589698791503906,0
3VLB,4,21.819257736206055,24.612524032592773,70.39854431152344,0.0,0.0060231474165835215,-16.564924240112305,0
3VLB,5,16.281005859375,18.924631118774414,37.77602005004883,0.0,0.01814435989213383,-20.14444351196289,0
3VLB,6,27.313886642456055,30.834074020385742,89.93980407714844,0.0,0.003737872588533357,-17.427885055541992,0
3VLB,7,11.764815330505371,15.120763778686523,31.430801391601562,0.0,0.025965347619665038,-15.009721755981445,0
3VLB,8,14.673444747924805,16.629247665405273,34.41994094848633,0.0,0.0218499187282266,-17.57305335998535,0
3VLB,9,28.483182907104492,34.45772933959961,94.21388244628906,0.0,0.003321796507452916,-18.91295623779297,0
3VLB,10,22.47618865966797,24.09483528137207,73.1119155883789,0.0,0.0057322524558054136,-13.681745529174805,1
3VLB,11,28.07847023010254,33.429447174072266,93.34773254394531,0.0,0.003410863582883372,-17.820144653320312,0
3VLB,12,22.156343460083008,25.24825668334961,71.16961669921875,0.0,0.005860256969144272,-15.80990219116211,0
3VLB,13,14.835718154907227,18.20091438293457,37.89111328125,0.0,0.01821924209074754,-17.85308074951172,0
3VLB,14,21.74508285522461,22.672687530517578,69.09015655517578,0.0,0.006422684115842093,-15.599224090576172,2
1JWH,0,24.83498764038086,26.628000259399414,60.5391960144043,0.0,0.007498549012977737,-15.80327033996582,5
1JWH,1,34.53689956665039,17.56412124633789,81.20391082763672,0.0,0.006026213540657682,-13.967954635620117,36
1JWH,2,30.61993408203125,26.956218719482422,79.29393768310547,0.0,0.004815784536964966,-14.057598114013672,21
1JWH,3,18.824249267578125,15.730923652648926,40.66819381713867,0.0,0.01695549569761479,-18.30445671081543,3
1JWH,4,17.39020538330078,15.094932556152344,31.317726135253906,0.0,0.026129429871909537,-17.810836791992188,3
1JWH,5,14.618857383728027,13.962879180908203,32.184837341308594,0.0,0.02553664320089928,-21.23522186279297,0
1JWH,6,14.639765739440918,13.473388671875,26.27286720275879,0.0,0.03566505561393407,-13.640337944030762,1
1JWH,7,33.30414962768555,19.313753128051758,80.1906967163086,0.0,0.005702089458854315,-16.888355255126953,8
1JWH,8,27.228776931762695,28.758174896240234,78.21431732177734,0.0,0.0047952501043428955,-17.103790283203125,0
1JWH,9,32.834312438964844,20.55004119873047,77.75299835205078,0.0,0.0057031729016236285,-17.096946716308594,4
1JWH,10,18.9250545501709,12.181414604187012,34.64122009277344,0.0,0.023908368487413973,-17.61512565612793,4
1JWH,11,34.26206588745117,21.188051223754883,87.30924224853516,0.0,0.004791970156785882,-20.057126998901367,5
1JWH,12,29.910886764526367,25.762697219848633,80.47288513183594,0.0,0.0048040745230777055,-16.897851943969727,13
1JWH,13,33.395381927490234,18.59051513671875,78.22489929199219,0.0,0.006045870454870318,-18.31451416015625,5
1JWH,14,33.12959289550781,19.81777572631836,86.29573059082031,0.0,0.005101672219806442,-19.970869064331055,4
5WHK,0,29.066917419433594,24.393213272094727,73.71920013427734,0.0,0.005629099125654297,-14.513164520263672,30
5WHK,1,27.74185562133789,27.030275344848633,68.443359375,0.0,0.006086339473273086,-17.474910736083984,14
5WHK,2,30.549665451049805,17.32622718811035,64.64844512939453,0.0,0.00814420283109476,-15.818997383117676,3
5WHK,3,29.058015823364258,20.49540901184082,80.25139617919922,0.0,0.005473934908171346,-15.811368942260742,7
5WHK,4,30.72740364074707,20.86139678955078,67.59228515625,0.0,0.006903782053326607,-16.00200653076172,8
5WHK,5,29.164409637451172,17.966392517089844,53.27595901489258,0.0,0.01058181597230169,-16.926254272460938,3
5WHK,6,30.932159423828125,23.228565216064453,71.66032409667969,0.0,0.006009015686884119,-15.252592086791992,3
5WHK,7,30.236068725585938,15.073521614074707,57.92536926269531,0.0,0.010294828136237935,-16.1369571685791,18
5WHK,8,30.294857025146484,9.747802734375,56.27826690673828,0.0,0.015144813806995403,-15.974822044372559,81
5WHK,9,31.699481964111328,19.93085289001465,71.37845611572266,0.0,0.006538267602607444,-15.357512474060059,7
5WHK,10,32.23731231689453,18.624174118041992,66.05192565917969,0.0,0.007578479363893584,-15.772971153259277,1
5WHK,11,31.091848373413086,20.01647186279297,69.13530731201172,0.0,0.006825111385189773,-14.366361618041992,6
5WHK,12,32.556766510009766,18.077896118164062,74.13228607177734,0.0,0.006604648384249581,-16.883914947509766,27
5WHK,13,31.031320571899414,15.205649375915527,64.80120849609375,0.0,0.00885073211236023,-14.454634666442871,9
5WHK,14,26.389955520629883,15.126916885375977,49.87767028808594,0.133333,0.05709748675791365,-17.336050033569336,0
2Z0E,0,3.688889980316162,4.579384803771973,11.042776107788086,0.233333,0.2340939203363924,-15.792291641235352,3
2Z0E,1,11.031258583068848,11.765400886535645,35.34138107299805,0.0,0.02355895677271577,-19.198434829711914,0
2Z0E,2,51.770999908447266,68.51079559326172,160.28823852539062,0.0,0.0010944573015404233,0.0,0
2Z0E,3,10.134679794311523,9.927603721618652,22.02316665649414,0.033333,0.0617675798134939,-14.5514497756958,4
2Z0E,4,5.851730823516846,6.669047832489014,14.418659210205078,0.066667,0.12423983296961744,-16.994159698486328,0
2Z0E,5,5.203910827636719,5.576093673706055,13.70290470123291,0.166667,0.17067048843685587,-15.568233489990234,8
2Z0E,6,18.061912536621094,17.109926223754883,50.26744079589844,0.0,0.011808527150741837,-16.94158935546875,2
2Z0E,7,3.651883602142334,4.712620258331299,10.902277946472168,0.066667,0.17890455221485166,-16.240169525146484,8
2Z0E,8,14.049036979675293,13.33958625793457,43.434059143066406,0.166667,0.07201298097716145,-14.642876625061035,2
2Z0E,9,13.144757270812988,13.512223243713379,41.9573860168457,0.0,0.01719888120210668,-18.519912719726562,1
2Z0E,10,12.499999046325684,12.598217010498047,27.075153350830078,0.0,0.034564917818841634,-17.28270721435547,8
2Z0E,11,5.986756324768066,6.585660457611084,15.032559394836426,0.0,0.09719463704652115,-16.029205322265625,0
2Z0E,12,5.1166839599609375,5.741245746612549,13.039985656738281,0.2,0.1873645716285662,-16.46906852722168,4
2Z0E,13,10.695481300354004,10.702988624572754,24.279760360717773,0.0,0.04281404426888147,-18.806344985961914,5
2Z0E,14,6.260371685028076,7.400890350341797,16.542430877685547,0.0,0.08277727254091101,-14.898846626281738,1
2W9E,0,7.770199298858643,9.849359512329102,24.3128719329834,0.0,0.04386068161474201,-15.355629920959473,5
2W9E,1,7.996448516845703,7.609005928039551,19.733949661254883,0.0,0.06463415330317425,-19.15645408630371,11
2W9E,2,17.222604751586914,17.025094985961914,46.61069869995117,0.0,0.013296043793464647,-15.15931510925293,9
2W9E,3,16.079166412353516,9.673017501831055,39.8685417175293,0.0,0.02232014738895853,-17.311359405517578,46
2W9E,4,10.293550491333008,12.709206581115723,30.265012741088867,0.0,0.02894987566031898,-15.085885047912598,3
2W9E,5,6.25247049331665,6.862154960632324,16.00135040283203,0.0,0.08856012152819957,-17.003293991088867,6
2W9E,6,9.90774917602539,9.571084976196289,24.32270050048828,0.0,0.04426960992478002,-19.457700729370117,3
2W9E,7,11.007025718688965,10.065302848815918,29.425535202026367,0.0,0.03291428275421259,-14.905731201171875,10
2W9E,8,9.363824844360352,9.094411849975586,22.470483779907227,0.0,0.05055425197470051,-16.837913513183594,6
2W9E,9,16.273591995239258,17.155681610107422,43.28604507446289,0.0,0.014905184011954627,-17.656465530395508,37
2W9E,10,9.500964164733887,9.636180877685547,22.770084381103516,0.0,0.048654930424253395,-17.611186981201172,7
2W9E,11,9.579429626464844,9.608702659606934,23.365461349487305,0.0,0.04688754866051937,-17.040729522705078,7
2W9E,12,9.389931678771973,11.025980949401855,23.69744873046875,0.0,0.044054242799765865,-16.011436462402344,28
2W9E,13,6.891660213470459,6.559472560882568,17.26228141784668,0.0,0.08161335512315218,-17.88439178466797,11
2W9E,14,9.37381649017334,9.05588150024414,22.50685691833496,0.0,0.050509584790271955,-17.350536346435547,9
3S9D,0,8.251277923583984,9.871912956237793,15.41618824005127,0.0,0.0852332348240518,-16.015178680419922,0
3S9D,1,20.94338035583496,17.143739700317383,58.164031982421875,0.0,0.009502393157450417,-18.217973709106445,0
3S9D,2,21.051485061645508,18.633333206176758,63.200557708740234,0.0,0.00806850876040191,-20.266279220581055,0
3S9D,3,15.351960182189941,17.494428634643555,34.38444137573242,0.0,0.021629602006712486,-18.058074951171875,0
3S9D,4,15.809276580810547,12.375280380249023,25.005401611328125,0.0,0.03935341147431748,-16.163942337036133,0
3S9D,5,54.70017623901367,66.24991607666016,146.12908935546875,0.0,0.0012948180251518792,0.0,0
3S9D,6,14.965553283691406,11.883720397949219,30.48988914489746,0.0,0.02926553279453639,-15.505101203918457,0
3S9D,7,20.208633422851562,15.434887886047363,55.274845123291016,0.0,0.010819049941081418,-17.29662322998047,0
3S9D,8,15.124868392944336,17.336023330688477,30.4711856842041,0.0,0.026542431934067495,-18.256933212280273,0
3S9D,9,14.296236038208008,13.629286766052246,23.079635620117188,0.0,0.04380165806097846,-18.224620819091797,0
3S9D,10,15.088833808898926,15.432833671569824,25.588333129882812,0.0,0.036245933309793484,-19.833356857299805,0
3S9D,11,15.16433048248291,16.607755661010742,24.26809310913086,0.0,0.0391213924721251,-19.61610221862793,0
3S9D,12,15.132068634033203,15.16677474975586,26.165239334106445,0.0,0.03504850074982619,-19.14663314819336,0
3S9D,13,5.774073600769043,4.394948959350586,10.908796310424805,0.0,0.1607023633430464,-17.28426170349121,0
3S9D,14,13.404461860656738,14.799469947814941,22.507902145385742,0.0,0.04499453347030954,-19.779935836791992,0
1AY7,0,13.175037384033203,10.112608909606934,21.058429718017578,0.0,0.053875615323647354,-18.96685791015625,0
1AY7,1,5.1159539222717285,4.219681739807129,12.252049446105957,0.0,0.14570235288542405,-20.223085403442383,0
1AY7,2,78.75062561035156,87.03437042236328,191.37234497070312,0.0,0.0007552806052167873,0.0,0
1AY7,3,4.513427734375,4.332109451293945,11.053827285766602,0.0,0.1595469277712346,-18.720247268676758,0
1AY7,4,8.568596839904785,6.951848983764648,17.293865203857422,0.0,0.07968586618233257,-18.65839385986328,1
1AY7,5,8.341943740844727,6.508614540100098,16.05179214477539,0.2,0.15647796314863766,-22.184425354003906,1
1AY7,6,3.3912460803985596,2.7928624153137207,10.028779983520508,0.6,0.4139760980073517,-19.975234985351562,0
1AY7,7,10.074859619140625,8.054338455200195,19.04450035095215,0.0,0.06654486351693358,-20.965290069580078,0
1AY7,8,4.081753730773926,3.457118034362793,8.708377838134766,0.0,0.2154416030647849,-21.335845947265625,0
1AY7,9,6.527368545532227,5.598326683044434,16.104938507080078,0.0,0.09495072818311419,-17.58209991455078,0
1AY7,10,10.740818977355957,9.268705368041992,34.48176956176758,0.4,0.16093562700978542,-13.202230453491211,7
1AY7,11,8.858455657958984,6.9164958000183105,16.24694061279297,0.0,0.08660483340767887,-25.503999710083008,1
1AY7,12,8.852709770202637,7.120362281799316,17.36482048034668,0.0,0.07859505942788053,-19.660293579101562,0
1AY7,13,10.103293418884277,8.117786407470703,18.93265724182129,0.2,0.13358935932103697,-18.27438735961914,1
1AY7,14,6.898550987243652,5.986443042755127,13.474825859069824,0.0,0.11457466455396655,-18.499040603637695,0
1F6M,0,8.797035217285156,10.584006309509277,21.35158920288086,0.0,0.05216358568495786,-22.91781997680664,0
1F6M,1,18.279308319091797,18.676626205444336,53.134727478027344,0.0,0.010453710861232807,-14.030694961547852,0
1F6M,2,19.398014068603516,17.61412811279297,57.140655517578125,0.0,0.009616345041463638,-19.43102264404297,0
1F6M,3,19.38409423828125,17.909576416015625,57.25310516357422,0.0,0.009510654489406767,-20.023046493530273,0
1F6M,4,19.38270378112793,17.493078231811523,57.05060577392578,0.0,0.00967173516303147,-18.4858341217041,0
1F6M,5,9.093273162841797,10.826689720153809,21.258150100708008,0.0,0.052224495957020396,-14.483603477478027,1
1F6M,6,5.883253574371338,5.327942848205566,17.694211959838867,0.214286,0.1584085977941283,-14.00296688079834,3
1F6M,7,20.109256744384766,19.302309036254883,56.80787658691406,0.0,0.009300252178446634,-15.813650131225586,0
1F6M,8,11.581636428833008,14.265961647033691,26.057443618774414,0.071429,0.05951264694353973,-15.868152618408203,1
1F6M,9,22.809980392456055,21.047277450561523,61.14716720581055,0.0,0.008003544157180091,-15.404492378234863,0
1F6M,10,20.065853118896484,18.03167152404785,57.79871368408203,0.0,0.009347312053914193,-14.47673511505127,1
1F6M,11,19.484342575073242,17.790456771850586,57.61989212036133,0.0,0.009452345870540446,-18.403423309326172,0
1F6M,12,6.199206352233887,5.6788458824157715,18.68532371520996,0.142857,0.12651052166061358,-15.725126266479492,1
1F6M,13,18.226228713989258,18.413898468017578,53.88260269165039,0.0,0.010290987710373409,-13.959809303283691,0
1F6M,14,23.07933807373047,23.258529663085938,61.1909294128418,0.0,0.0076908707492196055,-15.05292797088623,0
4FQI,0,29.17038917541504,12.670083999633789,79.4786148071289,0.0,0.008376857056350329,-14.932673454284668,25
4FQI,1,18.49359893798828,12.3958158493042,65.97566986083984,0.0,0.010253096486288906,-14.574004173278809,37
4FQI,2,34.08892822265625,14.56473445892334,65.63357543945312,0.0,0.008996893926390477,-12.609386444091797,64
4FQI,3,35.89070510864258,17.038679122924805,80.65422058105469,0.0,0.006225072847698202,-13.677663803100586,29
4FQI,4,24.727535247802734,11.64087963104248,91.39521789550781,0.0,0.008302689701783364,-12.15098762512207,76
4FQI,5,18.834373474121094,15.622231483459473,83.4123764038086,0.0,0.006470871454408969,-13.205320358276367,34
4FQI,6,34.25790786743164,12.124080657958984,66.19800567626953,0.0,0.010431957775379237,-11.051480293273926,145
4FQI,7,14.49221420288086,11.844614028930664,39.06571578979492,0.0,0.0203288383422455,-12.756322860717773,45
4FQI,8,20.11472511291504,12.073922157287598,82.83367919921875,0.0,0.008539944213931264,-11.788310050964355,57
4FQI,9,33.10174560546875,17.322595596313477,82.05178833007812,0.0,0.006019992539902423,-11.591703414916992,197
4FQI,10,16.72515869140625,14.708410263061523,80.42288970947266,0.0,0.007113538415996742,-12.298137664794922,58
4FQI,11,32.135528564453125,13.411279678344727,90.335693359375,0.0,0.0070436303483216505,-12.90744686126709,74
4FQI,12,38.21107482910156,21.1538143157959,75.60253143310547,0.0,0.0058285657836432275,-14.014272689819336,27
4FQI,13,14.611578941345215,11.893959999084473,43.99980926513672,0.0,0.01721091436958969,-13.41761302947998,43
4FQI,14,31.51749038696289,16.737680435180664,88.74764251708984,0.0,0.005685770045329307,-11.971118927001953,96
1Z5Y,0,15.32292652130127,10.304275512695312,50.988704681396484,0.0,0.015929919487373777,-11.34325122833252,11
1Z5Y,1,10.083503723144531,7.224604606628418,26.993345260620117,0.272727,0.13475507912762053,-17.579633712768555,5
1Z5Y,2,14.172903060913086,12.241281509399414,59.164207458496094,0.0,0.011672021167609662,-10.61935043334961,0
1Z5Y,3,2.8951544761657715,4.158918857574463,7.405778408050537,0.363636,0.34907180759157613,-13.92872142791748,5
1Z5Y,4,16.992279052734375,12.526788711547852,57.88312530517578,0.0,0.011748272893706313,-13.670554161071777,0
1Z5Y,5,16.727840423583984,9.81861686706543,55.67263412475586,0.0,0.015195444661611693,-18.38836669921875,12
1Z5Y,6,14.609920501708984,9.944894790649414,52.933868408203125,0.0,0.01579367592288678,-13.08315372467041,6
1Z5Y,7,12.566274642944336,8.200066566467285,40.10074234008789,0.0,0.025125341688954875,-14.910207748413086,0
1Z5Y,8,14.662527084350586,10.64946174621582,46.0078010559082,0.0,0.017486607195948942,-15.001697540283203,1
1Z5Y,9,9.38668155670166,6.4028778076171875,33.21240234375,0.0,0.03783328963851231,-14.742447853088379,0
1Z5Y,10,4.03282356262207,4.051093101501465,9.621987342834473,0.0,0.1862978001160239,-15.339823722839355,4
1Z5Y,11,13.036319732666016,8.557487487792969,42.26402282714844,0.0,0.022894824665855767,-16.042940139770508,0
1Z5Y,12,11.47885513305664,7.7393364906311035,36.737361907958984,0.0,0.029005721612259183,-14.710601806640625,0
1Z5Y,13,14.417174339294434,9.308533668518066,42.23320007324219,0.0,0.02141324012048339,-16.454065322875977,0
1Z5Y,14,17.155424118041992,11.29606819152832,53.58995819091797,0.0,0.013955952620757961,-11.095457077026367,8
2FD6,0,16.77346420288086,15.532773971557617,28.851116180419922,0.0,0.02970196536646691,-16.550336837768555,0
2FD6,1,18.5266170501709,19.52105712890625,39.69050598144531,0.0,0.01657392412626823,-19.52792739868164,2
2FD6,2,17.637802124023438,15.017977714538574,31.097612380981445,0.0,0.02646490319250117,-17.12731170654297,1
2FD6,3,19.484987258911133,15.213863372802734,33.648738861083984,0.0,0.023203753392430294,-19.231689453125,1
2FD6,4,23.0501708984375,23.94839096069336,51.67510986328125,0.0,0.01008390209498288,-16.902734756469727,4
2FD6,5,20.345857620239258,19.106592178344727,37.23311233520508,0.0,0.01855364146202337,-15.973504066467285,30
2FD6,6,17.151948928833008,13.16899585723877,30.853979110717773,0.0,0.02778318282031425,-17.88926887512207,6
2FD6,7,19.963102340698242,14.39454460144043,33.964080810546875,0.0,0.02322764947334495,-18.79339599609375,8
2FD6,8,19.44809341430664,19.97036361694336,41.66957092285156,0.0,0.01518600467069297,-15.164222717285156,13
2FD6,9,25.953983306884766,25.86893081665039,61.367950439453125,0.0,0.007391502460332391,-17.959518432617188,5
2FD6,10,17.093942642211914,14.018351554870605,30.054847717285156,0.0,0.028460399521555758,-17.463354110717773,14
2FD6,11,21.39462661743164,16.227340698242188,43.75374221801758,0.0,0.014946690330570049,-18.536649703979492,1
2FD6,12,19.46938133239746,19.371286392211914,42.41114807128906,0.0,0.01485898293625706,-15.487133979797363,10
2FD6,13,19.22418975830078,16.55725860595703,35.209320068359375,0.0,0.021070480976192824,-17.83256721496582,2
2FD6,14,18.468299865722656,17.331045150756836,32.35095977783203,0.0,0.024003769749481887,-14.822328567504883,7
1GP2,0,5.138889789581299,4.706153392791748,11.118335723876953,0.0,0.15369771690689163,-15.73617172241211,5
1GP2,1,6.632801055908203,6.403085708618164,17.352359771728516,0.555555,0.26703152871488794,-12.427416801452637,17
1GP2,2,8.372661590576172,6.954301357269287,18.857135772705078,0.0,0.0711088371809762,-14.623336791992188,13
1GP2,3,19.64044189453125,16.94153594970703,55.33671569824219,0.0,0.01027632188509803,-14.218650817871094,8
1GP2,4,7.522284030914307,4.371944427490234,20.122333526611328,0.111111,0.1226153705654995,-15.778496742248535,0
1GP2,5,20.507015228271484,16.727108001708984,35.20307922363281,0.0,0.021022241698094402,-14.771395683288574,1
1GP2,6,14.358052253723145,13.395289421081543,42.9037971496582,0.0,0.016717446183946588,-11.708184242248535,46
1GP2,7,7.007875919342041,6.699489593505859,17.38254737854004,0.111111,0.11727399879975688,-11.892292022705078,12
1GP2,8,16.415800094604492,16.011913299560547,52.657310485839844,0.0,0.011364897796100426,-12.41574478149414,15
1GP2,9,16.079805374145508,14.13157844543457,29.177961349487305,0.0,0.029789167651013925,-14.54379653930664,9
1GP2,10,7.796104907989502,7.9821953773498535,23.01959800720215,0.0,0.051365035098517114,-13.312639236450195,2
1GP2,11,6.755326271057129,5.9906768798828125,16.816844940185547,0.333333,0.198605940943701,-13.73697280883789,9
1GP2,12,16.328317642211914,19.156930923461914,51.294219970703125,0.0,0.01093991978703251,-13.19958209991455,23
1GP2,13,17.827436447143555,14.586496353149414,31.38935089111328,0.0,0.02626106174761908,-14.900457382202148,9
1GP2,14,4.845552921295166,4.454256534576416,12.467057228088379,0.222222,0.2138036658997955,-14.374407768249512,7
1AZS,0,21.337703704833984,16.507761001586914,74.64627075195312,0.0,0.006996522567071474,-13.792535781860352,11
1AZS,1,26.897117614746094,13.481993675231934,68.84798431396484,0.0,0.009080315687028178,-17.611045837402344,6
1AZS,2,23.13650894165039,18.887012481689453,71.24268341064453,0.0,0.00676771675772032,-12.808963775634766,30
1AZS,3,19.737483978271484,11.834675788879395,71.97626495361328,0.0,0.009855029209043563,-13.444169044494629,10
1AZS,4,23.430814743041992,19.555644989013672,70.3207015991211,0.0,0.006749811934881518,-14.453509330749512,13
1AZS,5,25.936174392700195,19.299427032470703,76.89069366455078,0.0,0.0060258386087764316,-16.394771575927734,19
1AZS,6,16.870128631591797,15.143450736999512,66.20154571533203,0.0,0.008644742947522469,-17.959535598754883,2
1AZS,7,22.685483932495117,21.003374099731445,72.43241119384766,0.0,0.006219551805237387,-14.535576820373535,6
1AZS,8,23.305200576782227,13.524049758911133,46.148555755615234,0.0,0.014988100302295434,-15.878124237060547,2
1AZS,9,24.293039321899414,20.855892181396484,49.64374542236328,0.0,0.011209159850869399,-13.404775619506836,109
1AZS,10,25.95624351501465,23.098430633544922,79.55569458007812,0.0,0.005162030918034524,-12.22316837310791,22
1AZS,11,9.84695053100586,8.487123489379883,16.624624252319336,0.0,0.07917705116285717,-16.440227508544922,3
1AZS,12,15.948637008666992,14.540369987487793,63.19813537597656,0.0,0.009432778588075627,-15.174799919128418,1
1AZS,13,20.9818115234375,14.120022773742676,44.523406982421875,0.0,0.015441533822304102,-12.47314167022705,14
1AZS,14,28.01876449584961,18.581880569458008,69.97396850585938,0.0,0.0070051484210129,-17.222909927368164,6
3CPH,0,17.941078186035156,14.879876136779785,46.51205062866211,0.0,0.014125841588503588,-15.483651161193848,9
3CPH,1,6.487738132476807,6.109529495239258,13.790240287780762,0.0,0.1107244580629969,-18.888729095458984,8
3CPH,2,5.133378505706787,5.357532024383545,10.718213081359863,0.0,0.15292851394824558,-21.011938095092773,5
3CPH,3,25.88541603088379,21.651884078979492,69.97117614746094,0.0,0.006439655492070963,-17.429698944091797,5
3CPH,4,16.5836181640625,14.684910774230957,46.96305847167969,0.0,0.014015165187123391,-15.516764640808105,4
3CPH,5,26.758420944213867,22.49117660522461,73.76046752929688,0.0,0.00584465467413037,-21.990800857543945,4
3CPH,6,18.447338104248047,15.398015022277832,49.44844055175781,0.0,0.012700256688793795,-15.318130493164062,7
3CPH,7,5.748964786529541,5.697867393493652,11.572057723999023,0.0,0.13842128684661534,-22.738189697265625,5
3CPH,8,18.59981918334961,14.815794944763184,49.132755279541016,0.0,0.013068570486755379,-15.87791633605957,6
3CPH,9,24.58975601196289,20.672693252563477,67.7745132446289,0.0,0.006907624234467368,-17.458133697509766,9
3CPH,10,5.113892555236816,5.835730075836182,10.438714981079102,0.0,0.15355581543562233,-21.85622787475586,8
3CPH,11,4.752667427062988,5.412134170532227,9.582234382629395,0.0,0.1705660681084836,-20.07663345336914,6
3CPH,12,21.904254913330078,18.02729034423828,59.77000045776367,0.0,0.008899706503291045,-18.118181228637695,9
3CPH,13,23.945932388305664,20.12059211730957,66.3903579711914,0.0,0.007218180955108782,-18.335952758789062,6
3CPH,14,23.731433868408203,19.982995986938477,65.25992584228516,0.0,0.007428216763829903,-17.352794647216797,7
1MLC,0,13.45073413848877,11.937125205993652,31.628183364868164,0.0,0.027634924368859823,-16.432144165039062,28
1MLC,1,6.5636210441589355,7.4311909675598145,14.666777610778809,0.0,0.096857350973356,-15.72546672821045,1
1MLC,2,11.408661842346191,9.65515422821045,25.70325469970703,0.0,0.04071570528432421,-14.468676567077637,29
1MLC,3,11.771480560302734,11.877809524536133,28.122146606445312,0.0,0.0331357221923188,-17.306034088134766,16
1MLC,4,9.492941856384277,9.868000030517578,24.315654754638672,0.0625,0.06465873537268925,-13.176614761352539,49
1MLC,5,11.1630859375,11.72436237335205,26.241575241088867,0.0,0.03702058855442692,-16.4327449798584,25
1MLC,6,11.61128044128418,12.49770450592041,27.32428741455078,0.0,0.03414414177927367,-13.580825805664062,38
1MLC,7,13.457405090332031,11.880173683166504,35.97944259643555,0.0,0.022851159208297656,-16.844568252563477,2
1MLC,8,14.115959167480469,9.698424339294434,31.79334831237793,0.0,0.030023635037072133,-13.130388259887695,42
1MLC,9,10.943474769592285,11.07020378112793,26.92715835571289,0.0,0.036214927961646486,-18.00788116455078,15
1MLC,10,11.258237838745117,12.517390251159668,25.67306900024414,0.0,0.037648586791627074,-18.586618423461914,1
1MLC,11,15.225075721740723,13.154373168945312,34.778770446777344,0.0,0.023067178079625078,-14.112735748291016,66
1MLC,12,13.916751861572266,11.560275077819824,33.491432189941406,0.0,0.02569071712430561,-15.80216121673584,18
1MLC,13,12.63107967376709,11.534384727478027,30.116376876831055,0.0,0.03013731189881524,-16.582239151000977,11
1MLC,14,10.891498565673828,12.497230529785156,26.06751251220703,0.0,0.03676964036222655,-14.372133255004883,61
4G6M,0,28.90189552307129,27.44219207763672,75.34891510009766,0.0,0.0051815692654102975,-16.892271041870117,4
4G6M,1,20.14748191833496,23.30718994140625,53.709747314453125,0.0,0.00951949994388755,-16.32858657836914,0
4G6M,2,22.753557205200195,25.097110748291016,58.90205001831055,0.0,0.007986426151973886,-20.393278121948242,5
4G6M,3,8.685365676879883,11.987260818481445,18.070907592773438,0.0,0.0655272782311563,-16.73020362854004,1
4G6M,4,23.787080764770508,26.715641021728516,61.81220626831055,0.0,0.007233841072837379,-19.74161148071289,7
4G6M,5,10.629512786865234,12.779825210571289,21.30333709716797,0.0,0.050308351836808846,-19.767799377441406,2
4G6M,6,9.622247695922852,10.792929649353027,19.25766944885254,0.0,0.06066741717413714,-17.59254264831543,7
4G6M,7,10.59372329711914,13.017434120178223,21.027976989746094,0.0,0.0511839425884466,-15.363091468811035,5
4G6M,8,11.1082181930542,14.555758476257324,21.98121452331543,0.0,0.04686299100231992,-17.303539276123047,0
4G6M,9,22.450363159179688,25.672901153564453,59.32666015625,0.0,0.007838943659849018,-18.351696014404297,0
4G6M,10,11.705546379089355,15.039847373962402,24.72641372680664,0.0,0.03851084457403965,-16.716474533081055,0
4G6M,11,18.294139862060547,20.16378402709961,46.93627166748047,0.0,0.012419365625218138,-15.601673126220703,15
4G6M,12,14.981039047241211,17.17098617553711,39.144859313964844,0.0,0.017533677191199536,-13.853104591369629,13
4G6M,13,21.505035400390625,19.05350685119629,57.3311767578125,0.0,0.009222734667967561,-16.430889129638672,0
4G6M,14,17.245054244995117,19.3222713470459,44.473236083984375,0.0,0.013744091331900016,-14.750336647033691,18
3FN1,0,21.227542877197266,19.32744026184082,55.104644775390625,0.0,0.009742638994344693,-16.993906021118164,0
3FN1,1,21.192453384399414,18.204181671142578,53.60980987548828,0.0,0.010422117155290476,-18.881013870239258,0
3FN1,2,13.69057559967041,14.889519691467285,28.52859115600586,0.0,0.03052708306709755,-19.30122947692871,1
3FN1,3,13.287454605102539,15.09410572052002,29.642292022705078,0.0,0.028586178121942113,-14.480819702148438,4
3FN1,4,21.113718032836914,19.58121109008789,59.192378997802734,0.0,0.008679384427002149,-20.197946548461914,0
3FN1,5,21.218637466430664,18.700611114501953,55.93800735473633,0.0,0.009653867064045673,-20.428892135620117,0
3FN1,6,18.752168655395508,17.373987197875977,56.690982818603516,0.0,0.009795060634545376,-17.990602493286133,0
3FN1,7,21.241369247436523,19.477144241333008,56.640846252441406,0.0,0.009306866682050385,-17.457197189331055,0
3FN1,8,13.751323699951172,15.976774215698242,27.51156997680664,0.0,0.031958822127817706,-17.326202392578125,0
3FN1,9,13.76447868347168,14.651786804199219,29.653064727783203,0.0,0.028766888072451795,-17.03321075439453,0
3FN1,10,19.358776092529297,18.59323501586914,60.51606369018555,0.0,0.0086044044950353,-19.483009338378906,0
3FN1,11,21.5124454498291,19.78717803955078,57.47832107543945,0.0,0.009038278271911006,-20.631990432739258,0
3FN1,12,19.218406677246094,18.72475814819336,59.435482025146484,0.0,0.008806307084078162,-20.520553588867188,0
3FN1,13,8.67929744720459,8.307353973388672,25.752567291259766,0.0,0.04327115013208588,-20.15483283996582,0
3FN1,14,12.500605583190918,14.809088706970215,27.219846725463867,0.0,0.03300170248779844,-13.80570125579834,7
1EZU,0,26.267230987548828,24.577316284179688,53.84123611450195,0.0,0.009342808604883927,-13.792742729187012,30
1EZU,1,12.927562713623047,11.994077682495117,42.183441162109375,0.189189,0.08120231039386801,-17.780691146850586,7
1EZU,2,24.501955032348633,25.6789608001709,53.86400604248047,0.0,0.009232615107863551,-18.898391723632812,2
1EZU,3,23.751197814941406,23.029094696044922,50.67841720581055,0.0,0.010528782626675141,-15.776308059692383,4
1EZU,4,14.979147911071777,14.020867347717285,51.236141204833984,0.243243,0.09378135371409872,-19.186016082763672,3
1EZU,5,15.927863121032715,14.22679328918457,56.044124603271484,0.0,0.011159902553095508,-20.27325439453125,0
1EZU,6,24.67938995361328,24.63077735900879,48.079837799072266,0.0,0.011334083343403861,-18.483970642089844,4
1EZU,7,24.139625549316406,24.676433563232422,51.99648666381836,0.0,0.009903054614465877,-18.229427337646484,9
1EZU,8,23.98822021484375,25.760221481323242,55.08852767944336,0.0,0.008877722915937147,-20.208070755004883,1
1EZU,9,11.153059959411621,12.028704643249512,50.19184494018555,0.0,0.01439743838450685,-20.644689559936523,2
1EZU,10,24.347698211669922,25.3560733795166,47.46347427368164,0.0,0.011520748555195545,-18.282821655273438,1
1EZU,11,23.611358642578125,21.770978927612305,47.99685287475586,0.0,0.011711189467593969,-15.528789520263672,12
1EZU,12,10.14102840423584,12.283394813537598,39.83061981201172,0.0,0.01941689731114452,-19.039506912231445,0
1EZU,13,23.756656646728516,24.38765525817871,50.54941177368164,0.0,0.010422163226119377,-20.580411911010742,3
1EZU,14,17.0321044921875,16.03902816772461,57.36362838745117,0.0,0.010051782963128156,-18.38262939453125,1
2HQS,0,14.264601707458496,14.077916145324707,41.194400787353516,0.0,0.01735414571511677,-15.274528503417969,7
2HQS,1,4.840446472167969,6.340814590454102,12.3265962600708,0.0,0.12508675553994816,-16.833282470703125,1
2HQS,2,5.010846138000488,6.107488632202148,12.997342109680176,0.0,0.11881854680914734,-17.977943420410156,2
2HQS,3,8.3656005859375,9.52055835723877,20.22201919555664,0.0,0.05812454029703427,-17.610748291015625,1
2HQS,4,13.260693550109863,13.588491439819336,39.80481719970703,0.0,0.018550066986297988,-19.422744750976562,0
2HQS,5,7.496023654937744,9.095271110534668,18.49281120300293,0.0,0.06696566573430195,-16.02626609802246,0
2HQS,6,6.418025970458984,7.566409587860107,15.195115089416504,0.0,0.09205076607094674,-16.99332618713379,0
2HQS,7,7.583327770233154,8.962603569030762,18.49811363220215,0.0,0.06719420903264059,-17.106172561645508,1
2HQS,8,22.433040618896484,18.313688278198242,59.69074249267578,0.0,0.008846266409202394,-15.797822952270508,1
2HQS,9,5.598040580749512,6.900706768035889,15.30508804321289,0.0,0.09361558579753204,-15.29178237915039,5
2HQS,10,9.188322067260742,10.26723861694336,22.46653175354004,0.0,0.048705212594465495,-18.71453857421875,1
2HQS,11,19.37042999267578,17.045530319213867,54.6218376159668,0.0,0.010442674710704676,-16.48761749267578,1
2HQS,12,6.749099254608154,7.923114776611328,16.039093017578125,0.0,0.08462387834058209,-18.574153900146484,0
2HQS,13,7.531183242797852,8.530999183654785,17.798219680786133,0.0,0.07190292072320763,-19.245798110961914,0
2HQS,14,8.69138240814209,9.782419204711914,21.0301570892334,0.0,0.05446490912278807,-20.477378845214844,0
1FLE,0,9.816372871398926,10.164623260498047,33.21860122680664,0.038462,0.04040879366927107,-21.081134796142578,2
1FLE,1,10.428874015808105,9.016572952270508,35.785240173339844,0.0,0.026778954996150517,-20.951696395874023,0
1FLE,2,12.451400756835938,11.632939338684082,41.05154037475586,0.0,0.019154901723040782,-21.979511260986328,0
1FLE,3,10.206133842468262,9.326386451721191,34.9915657043457,0.0,0.026978470057694354,-18.555871963500977,3
1FLE,4,9.003174781799316,9.58858585357666,29.22886085510254,0.0,0.033954289097511366,-18.255868911743164,0
1FLE,5,10.94959545135498,11.466989517211914,36.5984992980957,0.0,0.02266762626726593,-20.95220184326172,2
1FLE,6,10.192238807678223,10.642518043518066,34.668983459472656,0.0,0.025393685049921965,-20.555143356323242,0
1FLE,7,8.186720848083496,7.591475963592529,26.191997528076172,0.0,0.04428580753912773,-20.997407913208008,1
1FLE,8,7.815662860870361,7.412752628326416,24.90140724182129,0.0,0.04789805192412958,-21.63787078857422,0
1FLE,9,19.426393508911133,15.570130348205566,54.52935791015625,0.0,0.010972561716434159,-17.483413696289062,8
1FLE,10,8.925333976745605,9.583029747009277,29.234651565551758,0.153846,0.0852358108547282,-20.724733352661133,4
1FLE,11,20.24155044555664,16.702404022216797,55.34577178955078,0.0,0.010348041334169356,-20.916154861450195,1
1FLE,12,20.17418098449707,16.678783416748047,55.16196823120117,0.0,0.010405623892657472,-18.889192581176758,3
1FLE,13,3.7165489196777344,4.789531707763672,10.010918617248535,0.192308,0.23351587536946938,-26.11370086669922,3
1FLE,14,14.573871612548828,13.444352149963379,46.648319244384766,0.0,0.014810069429122883,-17.92336654663086,0
2NZ8,0,21.381206512451172,17.129175186157227,50.51637649536133,0.0,0.011714269147016461,-16.875471115112305,0
2NZ8,1,14.451334953308105,11.625974655151367,24.016769409179688,0.0,0.04256320266730082,-15.827925682067871,6
2NZ8,2,5.229574680328369,4.633484363555908,9.804810523986816,1.0,0.5079793116151875,-16.390138626098633,3
2NZ8,3,22.0717830657959,15.42482852935791,54.468868255615234,0.0,0.011047194006583503,-16.39215087890625,1
2NZ8,4,12.63551139831543,10.785731315612793,21.101144790649414,0.0,0.052861832077875204,-15.581539154052734,5
2NZ8,5,14.525734901428223,11.690980911254883,24.246564865112305,0.0,0.041880273447934054,-16.364173889160156,12
2NZ8,6,12.483203887939453,10.861104011535645,20.861116409301758,0.0,0.0536997083680201,-15.937393188476562,5
2NZ8,7,24.380287170410156,15.924893379211426,51.987648010253906,0.0,0.011610166014386547,-14.248605728149414,2
2NZ8,8,14.296330451965332,11.378250122070312,24.689096450805664,0.0,0.041017217936888985,-16.73581314086914,6
2NZ8,9,18.729616165161133,15.984987258911133,51.994388580322266,0.0,0.011586167513601262,-11.959831237792969,4
2NZ8,10,14.34511947631836,13.556649208068848,25.691762924194336,0.0,0.03691804951963721,-14.05262279510498,0
2NZ8,11,22.180477142333984,21.939733505249023,55.042510986328125,0.0,0.009314850838184272,-14.600922584533691,8
2NZ8,12,6.221736431121826,5.716001987457275,12.48680305480957,0.0,0.12702585534985303,-14.626137733459473,2
2NZ8,13,13.029092788696289,10.899025917053223,21.74876594543457,0.0,0.05036498871306522,-15.676932334899902,6
2NZ8,14,27.025714874267578,23.615934371948242,63.87396240234375,0.0,0.007139607318563189,-16.250673294067383,2
1N2C,0,51.65200424194336,44.32218551635742,130.340087890625,0.0,0.0017929672870188752,-17.90422821044922,39
1N2C,1,4.909847259521484,4.548456192016602,12.54746150970459,0.571429,0.32802454019729854,-19.5815372467041,15
1N2C,2,51.530738830566406,42.987308502197266,128.52500915527344,0.0,0.001856967153860722,-17.25034523010254,54
1N2C,3,51.362430572509766,44.49090576171875,129.9295196533203,0.0,0.0017989809721018076,-17.86534309387207,46
1N2C,4,5.996575355529785,5.835140228271484,14.447966575622559,0.469388,0.2628321942230047,-17.847274780273438,33
1N2C,5,7.410667896270752,7.978098392486572,17.901222229003906,0.102041,0.10672151202984519,-16.091209411621094,77
1N2C,6,3.6642954349517822,4.00162935256958,8.538049697875977,0.571429,0.39746515054442894,-19.397188186645508,19
1N2C,7,4.291106224060059,4.709079265594482,10.355238914489746,0.530612,0.34175958417148494,-18.417705535888672,36
1N2C,8,17.407779693603516,19.81429672241211,37.6215705871582,0.081633,0.045299458263424026,-17.62047576904297,17
1N2C,9,52.24562072753906,41.04832077026367,129.50172424316406,0.0,0.001874396103822981,-16.71373176574707,54
1N2C,10,8.580694198608398,9.38778305053711,20.43992805480957,0.0,0.05744383477000503,-15.275758743286133,120
1N2C,11,3.10876727104187,3.692413806915283,7.219485759735107,0.612245,0.4449403389330171,-19.664487838745117,30
1N2C,12,51.82803726196289,45.38212585449219,132.2089385986328,0.0,0.0017359181210676025,-18.4062442779541,32
1N2C,13,3.767237901687622,3.4636917114257812,9.083135604858398,0.673469,0.43275572068274276,-21.187664031982422,9
1N2C,14,9.084757804870605,9.147950172424316,21.217296600341797,0.22449,0.12965676539790674,-14.806985855102539,71
3MJ9,0,13.204915046691895,15.596925735473633,32.27618408203125,0.0,0.02467356564887287,-14.153268814086914,20
3MJ9,1,17.790332794189453,19.814958572387695,32.99746322631836,0.0,0.022641435244725547,-16.696918487548828,3
3MJ9,2,15.860917091369629,16.025611877441406,40.72474670410156,0.0,0.016809897107393387,-17.6144962310791,5
3MJ9,3,23.646875381469727,20.347440719604492,44.80621337890625,0.0,0.013381101145398063,-18.13385581970215,2
3MJ9,4,20.110301971435547,17.10082244873047,42.888858795166016,0.0,0.015142898053124102,-13.615571975708008,3
3MJ9,5,18.591829299926758,16.825775146484375,42.08506393432617,0.0,0.0156928978357436,-17.428743362426758,7
3MJ9,6,17.383056640625,14.708348274230957,34.79494094848633,0.0,0.02220316927134276,-14.988693237304688,27
3MJ9,7,18.615201950073242,14.026043891906738,36.1623649597168,0.0,0.021221337507974326,-15.709532737731934,10
3MJ9,8,18.929719924926758,19.95366668701172,52.55215072631836,0.0,0.010371197223019041,-12.97163200378418,20
3MJ9,9,19.753551483154297,17.807004928588867,35.48094940185547,0.0,0.020440754366052753,-15.484175682067871,7
3MJ9,10,19.675966262817383,15.220439910888672,36.990013122558594,0.0,0.01992494030246465,-16.440235137939453,0
3MJ9,11,20.736040115356445,16.197551727294922,40.769962310791016,0.0,0.01671971958056875,-14.370874404907227,14
3MJ9,12,20.24521827697754,16.307266235351562,34.92643356323242,0.0,0.02143548625007749,-15.717534065246582,2
3MJ9,13,18.76585578918457,15.2653226852417,37.55903244018555,0.0,0.019428051148002792,-14.582609176635742,14
3MJ9,14,17.080873489379883,18.00206184387207,38.12369155883789,0.0,0.018083784993732213,-16.618934631347656,3
1F51,0,4.215726852416992,4.334283828735352,12.201902389526367,0.272727,0.2354692696417864,-17.354299545288086,1
1F51,1,8.21798324584961,9.988482475280762,18.988033294677734,0.0,0.06299751549015435,-17.32785987854004,5
1F51,2,19.44581413269043,20.33708381652832,51.90998840332031,0.0,0.010507642996297965,-20.15420913696289,1
1F51,3,10.42567253112793,12.973238945007324,23.934326171875,0.0,0.04173000960722903,-16.86602210998535,5
1F51,4,21.851036071777344,20.420284271240234,56.70307922363281,0.0,0.009114712780324054,-16.269744873046875,5
1F51,5,17.44361686706543,17.066774368286133,51.31011962890625,0.0,0.011458487206257513,-19.21434211730957,1
1F51,6,9.617706298828125,11.63109302520752,22.60253143310547,0.0,0.04675376846534165,-17.36646270751953,5
1F51,7,18.048765182495117,18.657827377319336,50.03438949584961,0.0,0.011490872521202185,-19.03264617919922,7
1F51,8,17.649879455566406,17.569583892822266,49.372806549072266,0.0,0.01200728270151613,-20.1677188873291,7
1F51,9,9.855913162231445,12.277687072753906,21.934175491333008,0.0,0.04842438188690882,-19.779876708984375,5
1F51,10,17.513490676879883,16.706193923950195,49.73676300048828,0.0,0.012125046986820891,-20.685056686401367,4
1F51,11,17.123374938964844,16.40999984741211,50.97972106933594,0.0,0.011778027208102977,-21.132030487060547,0
1F51,12,17.382099151611328,16.54247283935547,51.56709289550781,0.0,0.011535506177385628,-22.880414962768555,0
1F51,13,10.72959041595459,14.010814666748047,22.636123657226562,0.0,0.044970482854887465,-21.466976165771484,1
1F51,14,7.513708114624023,8.549120903015137,18.909582138061523,0.0,0.0659861132676223,-17.09030532836914,7
2OOB,0,7.9608378410339355,8.145852088928223,42.58312225341797,0.0,0.023704589087250188,-24.9506893157959,0
2OOB,1,9.122982025146484,8.994732856750488,45.50679397583008,0.0,0.020256796879130203,-20.568700790405273,0
2OOB,2,8.285381317138672,8.212361335754395,39.94015884399414,0.0,0.02520457183411691,-19.761760711669922,7
2OOB,3,8.591964721679688,8.473787307739258,42.331912994384766,0.0,0.02304617202724918,-21.793052673339844,0
2OOB,4,8.830991744995117,8.705355644226074,44.22551345825195,0.0,0.021485847375408897,-24.969614028930664,1
2OOB,5,8.046842575073242,8.21773910522461,43.47615432739258,0.0,0.0230200999604948,-21.106813430786133,0
2OOB,6,7.845824718475342,8.376731872558594,45.849369049072266,0.0,0.021432084866907886,-20.604568481445312,0
2OOB,7,8.278633117675781,8.458023071289062,45.07286071777344,0.0,0.02161170296867433,-21.74615478515625,0
2OOB,8,8.564456939697266,8.391935348510742,42.98915100097656,0.0,0.022861308712288492,-20.29496192932129,0
2OOB,9,9.384018898010254,8.463218688964844,35.907657623291016,0.0,0.027839533332168407,-21.92259979248047,2
2OOB,10,10.539724349975586,10.690945625305176,37.73128890991211,0.0,0.022534768983654908,-20.284046173095703,0
2OOB,11,7.442272663116455,8.454724311828613,37.02994918823242,0.0,0.02685628959568114,-19.718643188476562,1
2OOB,12,8.852993965148926,8.69150161743164,44.92168426513672,0.0,0.02116305023838359,-25.000356674194336,1
2OOB,13,8.818400382995605,8.913360595703125,43.67530059814453,0.0,0.02134479133904822,-21.60155487060547,0
2OOB,14,8.244091033935547,8.388347625732422,38.363677978515625,0.0,0.02592632701755218,-18.633846282958984,1
5WK3,0,6.7525506019592285,10.429308891296387,19.54245376586914,0.0,0.05978410342641791,-19.55186653137207,1
5WK3,1,6.665252208709717,10.53809928894043,19.266368865966797,0.0,0.060929381707062115,-20.208852767944336,3
5WK3,2,6.612582206726074,10.255806922912598,19.486242294311523,0.0,0.06026718527084484,-15.796632766723633,4
5WK3,3,6.6629486083984375,9.386725425720215,19.597606658935547,0.0,0.06107780821036205,-17.120519638061523,7
5WK3,4,5.750001430511475,9.08838176727295,16.82731819152832,0.0,0.07660163994220559,-18.448938369750977,0
5WK3,5,18.276554107666016,22.64030647277832,57.34209442138672,0.0,0.008623660217744513,-15.204659461975098,4
5WK3,6,6.355091094970703,9.764084815979004,18.358280181884766,0.0,0.06652910412895739,-15.611066818237305,6
5WK3,7,6.73277473449707,10.835478782653809,19.63846206665039,0.0,0.058860860865014304,-17.91333770751953,1
5WK3,8,16.008617401123047,19.989139556884766,50.39005661010742,0.0,0.01108888370652668,-17.12183952331543,1
5WK3,9,6.66119384765625,10.344371795654297,19.24627113342285,0.0,0.06126944934712222,-18.742935180664062,3
5WK3,10,18.064281463623047,15.726683616638184,56.324798583984375,0.0,0.01042735083523733,-19.169031143188477,10
5WK3,11,6.449784755706787,9.420014381408691,18.73259735107422,0.0,0.06515600501000979,-17.402469635009766,4
5WK3,12,11.124641418457031,13.122943878173828,35.026756286621094,0.0,0.022837076686423003,-15.350701332092285,31
5WK3,13,14.717360496520996,13.432506561279297,46.22208023071289,0.0,0.01500918793450961,-14.214893341064453,13
5WK3,14,6.382828235626221,8.556246757507324,19.367971420288086,0.0,0.06377247089768294,-18.0380802154541,1
1KTZ,0,15.442553520202637,11.602659225463867,34.06857681274414,0.0,0.025013190393402468,-16.537824630737305,3
1KTZ,1,13.987597465515137,11.385226249694824,31.13538932800293,0.0,0.028807366973023177,-15.414568901062012,0
1KTZ,2,22.215608596801758,15.848710060119629,51.0303955078125,0.0,0.011957947937934579,-14.947226524353027,0
1KTZ,3,15.06885814666748,13.051750183105469,26.771875381469727,0.0,0.03486986833463087,-15.650300979614258,3
1KTZ,4,19.01850700378418,16.73566436767578,45.247432708740234,0.0,0.014018755698263441,-16.846525192260742,0
1KTZ,5,16.495738983154297,8.81968879699707,33.44419479370117,0.0,0.029595784116381862,-16.331993103027344,0
1KTZ,6,14.685022354125977,11.668510437011719,29.35611343383789,0.0,0.03120319994665628,-13.74014949798584,0
1KTZ,7,22.90122413635254,22.545124053955078,71.88175964355469,0.0,0.006065779016236376,-18.47066879272461,0
1KTZ,8,23.39293098449707,28.072586059570312,78.15839385986328,0.0,0.004845341362843034,-19.231910705566406,2
1KTZ,9,15.024225234985352,12.676827430725098,38.34596252441406,0.0,0.02021411761514651,-15.581926345825195,0
1KTZ,10,14.767251014709473,10.767260551452637,32.644081115722656,0.0,0.027511020510902002,-18.76718521118164,0
1KTZ,11,15.504020690917969,11.074898719787598,29.55181312561035,0.0,0.031474565988140156,-15.843847274780273,1
1KTZ,12,17.43743896484375,10.898223876953125,38.68501663208008,0.0,0.021548884066813784,-16.01546859741211,3
1KTZ,13,14.766312599182129,12.4293794631958,31.705181121826172,0.0,0.027136784976415026,-17.791606903076172,0
1KTZ,14,23.788864135742188,26.5549373626709,77.26318359375,0.0,0.00504628474067437,-21.769386291503906,0
2AYO,0,16.64205551147461,18.97524642944336,46.53892135620117,0.08,0.03949723077809169,-22.431413650512695,1
2AYO,1,15.4196138381958,16.25104331970215,43.2413215637207,0.0,0.015216791065456139,-14.333273887634277,2
2AYO,2,10.112993240356445,12.05646800994873,27.866004943847656,0.0,0.033455596521228634,-18.72818946838379,0
2AYO,3,17.72316551208496,18.676725387573242,49.55305862426758,0.0,0.011663881702531957,-14.924118041992188,0
2AYO,4,6.1963911056518555,8.375116348266602,15.437599182128906,0.24,0.16790589960466062,-16.771575927734375,1
2AYO,5,16.311641693115234,19.30500030517578,44.78653335571289,0.08,0.04025622734371148,-21.605289459228516,1
2AYO,6,12.165304183959961,15.142804145812988,34.45621871948242,0.12,0.062360610830512364,-15.719369888305664,3
2AYO,7,17.905223846435547,20.654207229614258,51.8465461730957,0.0,0.010473730118480387,-13.027009963989258,0
2AYO,8,16.32142448425293,17.15937614440918,45.758541107177734,0.0,0.013646178209268467,-15.605392456054688,2
2AYO,9,20.34758949279785,22.781707763671875,55.15180587768555,0.0,0.00917279204929305,-22.248414993286133,0
2AYO,10,5.315980434417725,6.957939147949219,13.419684410095215,0.08,0.13691119160693246,-19.77200698852539,4
2AYO,11,20.610912322998047,23.129587173461914,55.94456481933594,0.0,0.008917292512999076,-19.123197555541992,2
2AYO,12,16.275434494018555,19.61471939086914,46.35679626464844,0.28,0.10611385689461282,-20.144582748413086,0
2AYO,13,15.612298011779785,18.040842056274414,44.65837860107422,0.0,0.013942009710841157,-19.003406524658203,0
2AYO,14,15.35168743133545,16.56528663635254,43.48303985595703,0.0,0.014979402950553977,-16.632740020751953,1
1Z0K,0,10.578540802001953,11.710338592529297,22.166303634643555,0.0,0.04811252381015687,-16.621713638305664,36
1Z0K,1,10.421072959899902,13.578240394592285,21.44675636291504,0.0,0.049270167288707506,-21.58392333984375,0
1Z0K,2,10.142292976379395,12.330168724060059,24.27586555480957,0.0,0.04126462736775665,-16.90421485900879,0
1Z0K,3,10.352505683898926,13.374313354492188,21.402257919311523,0.0,0.04955482568484652,-20.937387466430664,0
1Z0K,4,7.757262706756592,8.455698013305664,20.541147232055664,0.083333,0.08668038842595373,-16.583900451660156,0
1Z0K,5,10.381629943847656,11.645092964172363,22.81797218322754,0.0,0.046059251660473206,-14.748116493225098,0
1Z0K,6,10.795990943908691,12.742839813232422,26.874483108520508,0.0,0.034868700630692695,-15.61294937133789,7
1Z0K,7,10.210928916931152,11.649540901184082,22.320680618286133,0.0,0.047653473145269624,-18.38850212097168,0
1Z0K,8,9.582292556762695,10.62763786315918,19.06748390197754,0.0,0.061770554777197194,-16.53888511657715,0
1Z0K,9,10.109146118164062,12.012995719909668,23.16825294494629,0.0,0.04466182407354546,-17.63177490234375,0
1Z0K,10,9.564489364624023,10.867551803588867,20.068225860595703,0.0,0.056935128655498546,-15.380644798278809,0
1Z0K,11,9.992044448852539,10.92992877960205,20.874290466308594,0.0,0.05357146236297214,-20.4622802734375,0
1Z0K,12,8.16939926147461,8.505898475646973,18.44407081604004,0.0,0.06844679461023796,-20.087467193603516,0
1Z0K,13,10.415624618530273,12.010310173034668,22.973154067993164,0.0,0.04525737092805385,-19.539779663085938,0
1Z0K,14,12.543596267700195,14.540678024291992,26.392414093017578,0.0,0.0348353875929004,-18.83219337463379,3
1B6C,0,10.793203353881836,11.513520240783691,53.30296325683594,0.0,0.013829580759294573,-16.48037338256836,10
1B6C,1,4.652553558349609,5.751553535461426,23.164289474487305,0.0,0.06078466224748641,-14.316425323486328,14
1B6C,2,6.19356107711792,6.712247848510742,20.338396072387695,0.0,0.06541915115579404,-15.602044105529785,5
1B6C,3,6.221067905426025,6.625450134277344,18.24725341796875,0.0,0.0756864271086669,-14.312529563903809,0
1B6C,4,9.114688873291016,10.809571266174316,63.267520904541016,0.0,0.012207374880852313,-14.470870018005371,1
1B6C,5,8.523263931274414,10.629432678222656,54.73744583129883,0.0,0.014357175803498087,-15.117819786071777,5
1B6C,6,7.235419273376465,7.616702556610107,49.04521942138672,0.0,0.022165308941276992,-13.816360473632812,19
1B6C,7,6.85829496383667,6.953129291534424,20.858470916748047,0.0,0.062294441848179706,-15.105535507202148,5
1B6C,8,8.40067195892334,7.235842227935791,40.27341842651367,0.0,0.02794957939389055,-16.227598190307617,4
1B6C,9,10.79396915435791,13.038707733154297,78.96968841552734,0.0,0.008171560535181364,-18.759578704833984,3
1B6C,10,10.726316452026367,13.424710273742676,75.38094329833984,0.0,0.00829530444559676,-19.31606101989746,0
1B6C,11,5.60552453994751,6.593775272369385,17.288490295410156,0.0,0.08129120202292507,-13.68000602722168,8
1B6C,12,6.38588285446167,6.6709723472595215,17.50501251220703,0.0,0.07964101307463585,-15.76124382019043,3
1B6C,13,13.180782318115234,14.142597198486328,32.81885528564453,0.0,0.024662329490144918,-15.608206748962402,11
1B6C,14,14.959582328796387,15.075095176696777,39.14609146118164,0.0,0.018276163777028186,-15.067867279052734,9
2FJG,0,11.320195198059082,8.63107681274414,25.87870216369629,0.0,0.04223175535440935,-18.51717758178711,2
2FJG,1,18.03929901123047,10.939380645751953,43.10322952270508,0.0,0.018629088658476418,-18.733049392700195,13
2FJG,2,5.866886138916016,3.6263418197631836,15.580279350280762,0.0,0.12515639073655185,-17.06471061706543,3
2FJG,3,9.027663230895996,5.8889055252075195,24.35169792175293,0.0,0.05651077409106466,-19.61844253540039,6
2FJG,4,14.226985931396484,8.993009567260742,38.35783004760742,0.0,0.024624968374110722,-16.259258270263672,32
2FJG,5,17.0313663482666,19.18965721130371,32.76499557495117,0.0,0.02304321623833645,-16.9401912689209,10
2FJG,6,16.986042022705078,15.529050827026367,35.37908172607422,0.0,0.021272128072301045,-16.82721710205078,9
2FJG,7,9.432927131652832,5.185835838317871,24.023906707763672,0.6,0.2628208858606905,-16.2078800201416,17
2FJG,8,17.33934211730957,16.532808303833008,34.470577239990234,0.0,0.021828114728701484,-14.988861083984375,30
2FJG,9,9.405267715454102,7.213484764099121,21.541784286499023,0.0,0.05872271944924324,-18.66523551940918,5
2FJG,10,12.220833778381348,9.241943359375,26.92205810546875,0.0,0.038771132761772346,-18.533781051635742,2
2FJG,11,18.849275588989258,17.199499130249023,36.076438903808594,0.0,0.020047132437223832,-17.151458740234375,1
2FJG,12,22.89507484436035,20.456995010375977,54.97279357910156,0.0,0.009565812978867666,-15.784860610961914,12
2FJG,13,16.287755966186523,15.792220115661621,41.45652389526367,0.0,0.01642806287450051,-19.828237533569336,2
2FJG,14,13.269182205200195,9.650769233703613,28.673629760742188,0.0,0.034788667736220524,-18.11168098449707,2
1JTD,0,10.0364990234375,8.570958137512207,23.812231063842773,0.0,0.04757908886986811,-17.69298553466797,12
1JTD,1,12.236207962036133,10.619772911071777,27.92412567138672,0.0,0.034786659986438866,-20.13597869873047,8
1JTD,2,8.704254150390625,8.141047477722168,22.988059997558594,0.0,0.05103670096158595,-15.588088989257812,3
1JTD,3,7.982028484344482,7.093081474304199,22.396867752075195,0.0,0.05623547078404712,-14.811798095703125,9
1JTD,4,9.473989486694336,8.054275512695312,24.21122932434082,0.0,0.047750497572634665,-17.756349563598633,7
1JTD,5,17.340572357177734,15.26073932647705,32.57400131225586,0.0,0.024439920172860938,-21.646503448486328,2
1JTD,6,17.992233276367188,14.364611625671387,36.30122375488281,0.0,0.02092131415909203,-14.49666976928711,2
1JTD,7,9.622368812561035,8.035490036010742,22.988628387451172,0.0,0.05131464598514061,-17.553897857666016,0
1JTD,8,12.015478134155273,10.467196464538574,26.66338539123535,0.0,0.03745813562033575,-19.17325782775879,9
1JTD,9,16.540382385253906,14.685836791992188,32.002296447753906,0.0,0.02540745800991955,-22.94126319885254,1
1JTD,10,9.10030746459961,7.831581115722656,20.941802978515625,0.0,0.05894290590434909,-17.35122299194336,1
1JTD,11,12.951507568359375,11.317251205444336,27.09375762939453,0.0,0.03562275992079242,-19.913429260253906,11
1JTD,12,7.958686351776123,6.715206623077393,21.374099731445312,0.0,0.061358861985565394,-15.88571548461914,13
1JTD,13,19.225393295288086,16.726144790649414,33.93744659423828,0.0,0.022335364601022048,-21.644102096557617,2
1JTD,14,17.68142318725586,15.40812873840332,31.101381301879883,0.0,0.02629659418134642,-25.962038040161133,1
1HE8,0,4.990719318389893,6.882266521453857,12.967142105102539,0.0,0.11529781508399362,-14.107224464416504,13
1HE8,1,7.458969593048096,12.522868156433105,21.278675079345703,0.0,0.050585058209834076,-13.674702644348145,4
1HE8,2,10.736706733703613,15.674505233764648,25.89385223388672,0.071429,0.05925950649322176,-15.039103507995605,4
1HE8,3,32.42127227783203,34.37815856933594,92.26197052001953,0.0,0.00343882527545695,-14.022486686706543,7
1HE8,4,22.434999465942383,23.28152847290039,66.4759750366211,0.0,0.006740180848113006,-16.5873966217041,13
1HE8,5,26.300922393798828,23.56903839111328,73.09204864501953,0.0,0.005792460235743903,-18.67945098876953,4
1HE8,6,25.287742614746094,23.523544311523438,70.68206787109375,0.0,0.006101721658165671,-21.008647918701172,2
1HE8,7,24.620641708374023,23.768573760986328,69.62224578857422,0.0,0.006217773219200422,-15.666062355041504,17
1HE8,8,25.64075469970703,24.196392059326172,71.65386199951172,0.0,0.005901733067673165,-16.893108367919922,3
1HE8,9,23.40672492980957,22.901443481445312,67.3233413696289,0.0,0.00665407340888851,-15.476300239562988,9
1HE8,10,31.56672477722168,30.561033248901367,87.12984466552734,0.0,0.0039435428101627255,-17.890260696411133,7
1HE8,11,25.393016815185547,23.246591567993164,71.41600799560547,0.0,0.006038133025459702,-19.546642303466797,3
1HE8,12,26.037452697753906,24.24443244934082,71.66136932373047,0.0,0.005895744373436872,-18.1868953704834,5
1HE8,13,33.23952102661133,37.33671569824219,94.33563232421875,0.0,0.0032215795393968575,-17.625226974487305,4
1HE8,14,32.94161605834961,36.699153900146484,94.2679443359375,0.0,0.0032441987445592665,-17.017881393432617,1
3K75,0,18.356077194213867,11.983336448669434,45.043033599853516,0.0,0.016604371256211403,-15.95012378692627,2
3K75,1,18.164339065551758,11.973657608032227,46.28962326049805,0.0,0.016023384029885547,-15.959118843078613,0
3K75,2,15.468381881713867,7.304851531982422,31.47737693786621,0.166667,0.09169664316273325,-19.004688262939453,2
3K75,3,13.559892654418945,6.099066734313965,31.972068786621094,0.0,0.04101677369892342,-16.032541275024414,0
3K75,4,16.440399169921875,7.205230712890625,34.55922317504883,0.0,0.03286080068298677,-18.55546760559082,1
3K75,5,21.100502014160156,12.581278800964355,46.12177276611328,0.0,0.015621392229060357,-16.414474487304688,8
3K75,6,19.034391403198242,13.954361915588379,55.76860046386719,0.0,0.011375300154102869,-14.120063781738281,4
3K75,7,16.15705680847168,7.511524200439453,33.25825881958008,0.0,0.033220690890760816,-17.42339324951172,2
3K75,8,18.467235565185547,10.719742774963379,39.373504638671875,0.0,0.02124448412310521,-15.86034107208252,4
3K75,9,13.564557075500488,8.108114242553711,32.48499298095703,0.0,0.03239025957146612,-14.116443634033203,0
3K75,10,12.035422325134277,6.302516460418701,31.841482162475586,0.0,0.04004270513246113,-14.936532974243164,4
3K75,11,15.85067367553711,9.981240272521973,37.36285400390625,0.0,0.023764890343413916,-16.422351837158203,0
3K75,12,68.52204132080078,80.90101623535156,187.54806518554688,0.0,0.0007978348135819815,0.0,0
3K75,13,11.96922492980957,7.271204471588135,21.79139518737793,0.166667,0.11318102568629829,-17.014427185058594,1
3K75,14,13.830277442932129,8.10680103302002,32.34675598144531,0.0,0.03256485161532205,-14.784991264343262,0
5O14,0,26.833837509155273,22.193689346313477,66.52742004394531,0.0,0.0068697895791791684,-18.51682472229004,5
5O14,1,22.899471282958984,16.573392868041992,57.321746826171875,0.0,0.0098801495143368,-19.20969009399414,1
5O14,2,20.630678176879883,17.538496017456055,49.73979949951172,0.0,0.011878711876992484,-16.035249710083008,0
5O14,3,13.765674591064453,9.535533905029297,33.38331985473633,0.0,0.028343689328493127,-13.798480033874512,0
5O14,4,29.64745330810547,26.962125778198242,77.16444396972656,0.0,0.0050246872150261504,-19.411104202270508,9
5O14,5,17.346784591674805,13.070402145385742,35.65974044799805,0.0,0.02225403986558547,-17.52777099609375,0
5O14,6,23.472904205322266,16.750478744506836,56.40018081665039,0.0,0.010054681486241857,-15.555429458618164,9
5O14,7,13.475126266479492,9.372079849243164,30.14871597290039,0.0,0.03287028730706645,-17.49097442626953,1
5O14,8,23.77605628967285,17.249841690063477,58.15403366088867,0.0,0.009473915313584534,-21.42976951599121,7
5O14,9,14.08350944519043,9.954218864440918,31.91981315612793,0.0,0.029473117613323174,-16.03807258605957,0
5O14,10,23.67174530029297,16.4656982421875,58.62739944458008,0.0,0.009606020901818611,-17.95461082458496,21
5O14,11,14.276522636413574,10.136839866638184,33.0252571105957,0.0,0.027851887879860916,-15.108004570007324,0
5O14,12,24.844005584716797,19.346097946166992,59.71080017089844,0.0,0.008612529756871845,-15.943648338317871,9
5O14,13,20.859127044677734,19.384876251220703,52.797786712646484,0.0,0.01040517311572201,-17.185001373291016,4
5O14,14,25.7174072265625,20.186729431152344,60.200382232666016,0.0,0.008345827350476594,-17.63036346435547,26
1R8S,0,7.0552191734313965,6.3633832931518555,18.046632766723633,0.285714,0.17330626487396228,-15.846295356750488,0
1R8S,1,17.052391052246094,16.14594268798828,35.611873626708984,0.0,0.02081887481786503,-11.415033340454102,3
1R8S,2,7.327630996704102,6.892079830169678,16.449129104614258,0.142857,0.13294402272151315,-13.486308097839355,1
1R8S,3,17.028152465820312,16.177196502685547,39.95093536376953,0.0,0.01727704627682898,-13.91991138458252,3
1R8S,4,9.91018295288086,9.76382827758789,25.008018493652344,0.0,0.04220642044526766,-12.154175758361816,2
1R8S,5,9.18894100189209,8.240852355957031,21.200645446777344,0.142857,0.10447024848844544,-14.539327621459961,1
1R8S,6,11.405153274536133,11.258973121643066,31.054821014404297,0.0,0.029045143140389525,-14.96789836883545,1
1R8S,7,16.620746612548828,16.34758949279785,39.19782638549805,0.0,0.017753494519489058,-13.011515617370605,2
1R8S,8,16.737770080566406,15.934309005737305,39.06752395629883,0.0,0.017993952645969792,-13.611559867858887,2
1R8S,9,17.484317779541016,16.609228134155273,37.857784271240234,0.0,0.018694017871661004,-14.218661308288574,1
1R8S,10,16.94539451599121,15.991909980773926,36.39211654663086,0.071429,0.04396055630336663,-12.785962104797363,2
1R8S,11,17.050357818603516,15.976567268371582,39.264564514160156,0.0,0.017834540004132038,-14.458998680114746,1
1R8S,12,16.82343101501465,15.6077880859375,38.78474044799805,0.0,0.018327000058952377,-15.126002311706543,0
1R8S,13,15.046371459960938,16.12763786315918,47.365814208984375,0.0,0.01325847584967875,-13.942728996276855,0
1R8S,14,8.944108963012695,8.5620698928833,21.880983352661133,0.071429,0.07744191234249796,-12.252729415893555,0
1K74,0,24.584671020507812,26.17805290222168,67.76998901367188,0.0,0.006253379265615242,-17.079965591430664,15
1K74,1,23.739580154418945,25.013349533081055,49.85036087036133,0.0,0.010611877494582934,-16.411130905151367,9
1K74,2,24.309463500976562,24.59416389465332,48.07900619506836,0.0,0.011338078570552442,-17.498123168945312,16
1K74,3,22.36375617980957,21.79209327697754,66.15230560302734,0.0,0.006985807083242634,-17.53633689880371,11
1K74,4,22.81472396850586,25.27463722229004,65.30177307128906,0.0,0.0067234844746834116,-17.59767723083496,22
1K74,5,22.02821159362793,21.7279109954834,66.7928695678711,0.0,0.006893364780894938,-16.27641487121582,2
1K74,6,26.242019653320312,26.603519439697266,61.77843475341797,0.0,0.007249301008122922,-13.305914878845215,39
1K74,7,20.123510360717773,18.508285522460938,65.00143432617188,0.0,0.0077792483761781606,-17.522220611572266,22
1K74,8,21.98845672607422,24.649606704711914,63.74608612060547,0.0,0.0070529231394372205,-15.332417488098145,11
1K74,9,22.11077117919922,21.24152374267578,47.963775634765625,0.0,0.011803842545589714,-22.291200637817383,0
1K74,10,26.49291229248047,26.61838722229004,62.77621841430664,0.0,0.007056340231881046,-15.519956588745117,14
1K74,11,75.00628662109375,84.78112030029297,156.18809509277344,0.0,0.0010886304413736754,0.0,0
1K74,12,21.08670997619629,22.24602699279785,69.6485366821289,0.0,0.006400478284030166,-15.84495735168457,15
1K74,13,21.600282669067383,24.28717803955078,73.00517272949219,0.0,0.005724862542152098,-18.214019775390625,5
1K74,14,24.071165084838867,25.7205753326416,62.31874084472656,0.0,0.007217852583859673,-15.85023021697998,10
3V6Z,0,22.19992446899414,10.261176109313965,48.435848236083984,0.0,0.016932899724226114,-15.57343578338623,66
3V6Z,1,12.193439483642578,11.902018547058105,26.249605178833008,0.0,0.036846488133629375,-17.313919067382812,1
3V6Z,2,9.683934211730957,11.26693058013916,21.583498001098633,0.0,0.050561694040941296,-14.88220500946045,38
3V6Z,3,9.308687210083008,6.157498359680176,22.47829818725586,0.0,0.06037409011007283,-15.304374694824219,7
3V6Z,4,7.869802474975586,9.107721328735352,16.97122573852539,0.066667,0.09787263720239908,-12.668086051940918,6
3V6Z,5,12.867246627807617,11.04736328125,28.299121856689453,0.0,0.033618081147115016,-15.42166805267334,20
3V6Z,6,6.88488245010376,5.199033737182617,19.190101623535156,0.0,0.08028627549480215,-12.988996505737305,7
3V6Z,7,13.564016342163086,12.070113182067871,27.395214080810547,0.0,0.03434153509046585,-15.662246704101562,5
3V6Z,8,9.634730339050293,11.013134956359863,20.886310577392578,0.066667,0.07565592507879071,-14.718721389770508,0
3V6Z,9,8.569458961486816,8.24560260772705,18.21381950378418,0.333333,0.18140189378425334,-12.883403778076172,25
3V6Z,10,8.805246353149414,8.57668685913086,19.845760345458984,0.0,0.061562630547499435,-17.705995559692383,0
3V6Z,11,7.888458728790283,7.247140407562256,20.158296585083008,0.0,0.06401301805193649,-12.7524995803833,19
3V6Z,12,9.096272468566895,9.643647193908691,21.9738826751709,0.0,0.0512594788217978,-19.64513397216797,0
3V6Z,13,11.292230606079102,11.794304847717285,27.99555206298828,0.0,0.03344047131841028,-18.620101928710938,0
3V6Z,14,13.1172513961792,12.123933792114258,28.47344970703125,0.133333,0.07674463769445224,-15.603015899658203,32
5HYS,0,7.929330348968506,8.266891479492188,23.955846786499023,0.0,0.04789756065286684,-18.727018356323242,7
5HYS,1,19.913774490356445,12.995698928833008,60.88252639770508,0.0,0.010755476144004156,-16.361942291259766,40
5HYS,2,20.204084396362305,14.911859512329102,45.628257751464844,0.0,0.014518842027682777,-15.13560962677002,15
5HYS,3,11.533784866333008,8.887297630310059,26.36569595336914,0.0,0.04061560869268702,-14.842363357543945,13
5HYS,4,14.922399520874023,12.833110809326172,33.270668029785156,0.0,0.02491633618401813,-14.514267921447754,22
5HYS,5,27.044389724731445,18.080116271972656,42.86286926269531,0.0,0.014891199562448635,-14.753392219543457,4
5HYS,6,11.522151947021484,8.600337028503418,25.920949935913086,0.0,0.042204215811049405,-15.811161994934082,18
5HYS,7,14.083307266235352,10.575719833374023,23.01648712158203,0.0,0.046578380827530796,-15.840246200561523,26
5HYS,8,20.447141647338867,13.842100143432617,31.060483932495117,0.0,0.027092857983760054,-14.544770240783691,27
5HYS,9,20.965208053588867,12.820955276489258,34.016788482666016,0.0,0.024090704855764287,-14.865987777709961,37
5HYS,10,26.344545364379883,16.965837478637695,40.695274353027344,0.0,0.01651965641414627,-15.183222770690918,15
5HYS,11,16.314207077026367,11.933080673217773,26.398468017578125,0.0,0.03649745732288325,-14.269187927246094,29
5HYS,12,17.871978759765625,14.571722030639648,34.64176940917969,0.0,0.02242405835867588,-14.862239837646484,20
5HYS,13,23.183576583862305,18.583484649658203,71.74913024902344,0.0,0.006771177419081194,-15.875933647155762,18
5HYS,14,22.652446746826172,13.485823631286621,56.5533561706543,0.0,0.011437222545539095,-15.097127914428711,37
1DE4,0,8.223206520080566,8.206055641174316,16.080276489257812,0.0,0.0835752505632326,-15.368509292602539,20
1DE4,1,6.849311351776123,6.277285575866699,13.98985767364502,0.0,0.10787988444125192,-14.861271858215332,30
1DE4,2,27.13185691833496,19.572593688964844,42.752750396728516,0.0,0.014621471780072446,-13.15381145477295,46
1DE4,3,38.549983978271484,27.47132682800293,57.8642578125,0.0,0.008031687708744331,-13.268729209899902,33
1DE4,4,33.6632194519043,23.49436378479004,56.89707946777344,0.0,0.008630186247816357,-14.1261568069458,27
1DE4,5,14.139002799987793,11.65200424194336,38.6104736328125,0.0,0.020842245010588817,-15.097167015075684,14
1DE4,6,29.388381958007812,26.411836624145508,80.51790618896484,0.0,0.004745506402109635,-11.425361633300781,34
1DE4,7,32.62031936645508,26.119789123535156,47.41748809814453,0.0,0.011473459129158746,-14.795506477355957,32
1DE4,8,21.060665130615234,18.577207565307617,81.82464599609375,0.0,0.005717789943767437,-15.44449234008789,20
1DE4,9,11.5962495803833,16.855369567871094,66.58104705810547,0.0,0.007964713272094135,-14.32944393157959,18
1DE4,10,20.032737731933594,14.43355655670166,49.801307678222656,0.0,0.012997122217926038,-14.268415451049805,6
1DE4,11,9.886005401611328,9.192111015319824,24.13365936279297,0.0,0.045432263313297964,-13.255648612976074,8
1DE4,12,19.687925338745117,17.343944549560547,73.6467514038086,0.0,0.00685663760386374,-13.228069305419922,42
1DE4,13,19.199745178222656,17.571048736572266,57.732391357421875,0.0,0.009483991949820261,-14.619614601135254,35
1DE4,14,26.688610076904297,19.1813907623291,44.68363952636719,0.0,0.013666836838184147,-12.611351013183594,83
1CGI,0,8.00455379486084,8.325400352478027,24.229549407958984,0.225806,0.1222765210580064,-19.251562118530273,6
1CGI,1,2.538565158843994,2.7799034118652344,6.956984996795654,0.322581,0.3823071974591383,-21.336166381835938,2
1CGI,2,2.653465747833252,2.5992238521575928,8.661725044250488,0.193548,0.31131989106360597,-23.14167022705078,0
1CGI,3,5.498251438140869,6.933912754058838,12.90542984008789,0.16129,0.16951666449344097,-21.40552520751953,3
1CGI,4,3.360633611679077,3.7852587699890137,9.329410552978516,0.193548,0.26094991718825017,-25.102752685546875,4
1CGI,5,8.864619255065918,9.396227836608887,25.83221435546875,0.032258,0.05160108352685148,-18.524045944213867,5
1CGI,6,5.702678680419922,6.978314399719238,13.692008972167969,0.16129,0.16121222112335298,-21.061248779296875,4
1CGI,7,3.7935986518859863,4.450241565704346,10.068537712097168,0.064516,0.19422030981910102,-23.25296974182129,1
1CGI,8,5.296088695526123,6.672883033752441,12.977622985839844,0.0,0.11610180192203672,-21.614065170288086,3
1CGI,9,7.162422180175781,9.292179107666016,17.510957717895508,0.064516,0.09353479168269015,-15.131818771362305,8
1CGI,10,6.452494144439697,8.314535140991211,15.114755630493164,0.225806,0.16586493568717076,-21.92436408996582,4
1CGI,11,2.9675726890563965,3.4755897521972656,8.37060546875,0.064516,0.24306721732161085,-20.89972686767578,1
1CGI,12,9.049595832824707,9.163729667663574,25.014835357666016,0.419355,0.1829870191091071,-13.721964836120605,29
1CGI,13,5.992462635040283,6.898465633392334,17.659997940063477,0.0,0.07774502671551746,-19.73921775817871,2
1CGI,14,5.407524108886719,6.543217658996582,13.174169540405273,0.322581,0.22214601045179752,-21.495880126953125,3
2CFH,0,17.56070899963379,15.516718864440918,27.407508850097656,0.0,0.03233406264634827,-13.00381851196289,2
2CFH,1,2.6688170433044434,2.324385643005371,7.233867645263672,0.090909,0.3216247545218484,-19.842191696166992,0
2CFH,2,4.645156383514404,3.726652145385742,12.254511833190918,0.181818,0.215357486297694,-18.017574310302734,0
2CFH,3,16.186325073242188,14.307265281677246,25.404220581054688,0.0,0.037183903300006364,-15.273956298828125,1
2CFH,4,19.442901611328125,22.39427375793457,72.34844970703125,0.0,0.006027241331627767,0.0,0
2CFH,5,12.237835884094238,10.980430603027344,38.795005798339844,0.0,0.02137518863366701,-14.95984935760498,0
2CFH,6,21.101163864135742,22.062923431396484,49.65333557128906,0.0,0.011023878322276961,-14.131757736206055,6
2CFH,7,16.84486198425293,15.001004219055176,26.367658615112305,0.0,0.03467868863102907,-15.638924598693848,2
2CFH,8,16.838346481323242,14.561931610107422,25.663711547851562,0.0,0.03645109100823771,-14.51665210723877,0
2CFH,9,10.505558013916016,11.7694091796875,22.138818740844727,0.0,0.048152034426079626,-11.549897193908691,1
2CFH,10,14.091845512390137,13.434036254882812,23.465974807739258,0.0,0.04276768549505163,-11.660465240478516,3
2CFH,11,7.367349624633789,6.587087631225586,18.9642276763916,0.0,0.07219545937092603,-15.22718620300293,0
2CFH,12,4.806243419647217,4.191590785980225,12.315492630004883,0.181818,0.2060002872601531,-18.649341583251953,0
2CFH,13,15.925782203674316,14.379738807678223,25.053424835205078,0.0,0.037996548103936496,-15.26522159576416,2
2CFH,14,6.270596027374268,5.51578950881958,16.155208587646484,0.181818,0.15583014702621634,-15.95142936706543,0
1DFJ,0,67.4909896850586,87.24712371826172,182.2781982421875,0.0,0.0008217742746559757,0.0,0
1DFJ,1,9.35531234741211,13.021581649780273,49.974853515625,0.0,0.013737156470670172,-19.295076370239258,0
1DFJ,2,10.282073974609375,14.858254432678223,59.3132209777832,0.0,0.010070834960669565,-18.44413185119629,2
1DFJ,3,10.420559883117676,14.22148609161377,55.29075241088867,0.0,0.011363504019809323,-21.328346252441406,0
1DFJ,4,11.181899070739746,15.254389762878418,65.62940979003906,0.0,0.008691361431274669,-24.226587295532227,0
1DFJ,5,10.810779571533203,13.580169677734375,45.74827194213867,0.0,0.015140911995011183,-16.786575317382812,0
1DFJ,6,9.282076835632324,12.654281616210938,51.703609466552734,0.0,0.013390658982022333,-18.512842178344727,2
1DFJ,7,11.647576332092285,16.902929306030273,67.64179992675781,0.0,0.007786352919852049,-20.223968505859375,0
1DFJ,8,10.083617210388184,13.24726390838623,45.918212890625,0.0,0.015263337619409541,-18.447620391845703,2
1DFJ,9,5.086128234863281,6.307437419891357,20.25527572631836,0.0,0.06775373232277031,-20.938133239746094,0
1DFJ,10,11.525345802307129,15.436591148376465,56.5079231262207,0.0,0.010493325208164357,-18.242568969726562,0
1DFJ,11,7.464902877807617,9.757244110107422,34.812255859375,0.0,0.026450352529826762,-18.301504135131836,0
1DFJ,12,10.647197723388672,15.055718421936035,60.492305755615234,0.0,0.009730129886793398,-19.511554718017578,0
1DFJ,13,12.446721076965332,13.993836402893066,54.2794075012207,0.0,0.011764963330265887,-17.225324630737305,5
1DFJ,14,7.310375213623047,9.096198081970215,39.42935562133789,0.0,0.023627467817159385,-16.051044464111328,1
6DBG,0,8.722291946411133,8.451533317565918,42.46587371826172,0.0,0.02301970460361107,-17.59234619140625,0
6DBG,1,10.295923233032227,9.520269393920898,45.80457305908203,0.0,0.01917118531460523,-18.764963150024414,0
6DBG,2,10.863615989685059,8.93686580657959,47.29539108276367,0.0,0.01956297716071848,-17.35796546936035,0
6DBG,3,10.495973587036133,8.881031036376953,45.956180572509766,0.0,0.0202713069167911,-19.449268341064453,0
6DBG,4,9.781718254089355,8.875473976135254,45.49161911010742,0.0,0.020501276966650366,-16.13835906982422,1
6DBG,5,4.208622932434082,4.690340995788574,19.661348342895508,0.0,0.08341860758701146,-16.961801528930664,0
6DBG,6,2.9489312171936035,3.161093235015869,13.22222900390625,0.0,0.1587347983348805,-17.349000930786133,0
6DBG,7,3.9213755130767822,4.659636974334717,20.406145095825195,0.0,0.08058363583397775,-16.37430191040039,0
6DBG,8,8.53183650970459,8.689390182495117,42.29462814331055,0.0,0.022586095806364555,-17.989601135253906,0
6DBG,9,9.277738571166992,8.470282554626465,42.135826110839844,0.0,0.023170104982534457,-17.637250900268555,0
6DBG,10,10.672504425048828,9.205939292907715,47.250579833984375,0.0,0.019069659575910124,-17.215572357177734,0
6DBG,11,12.510372161865234,9.924649238586426,46.45249938964844,0.0,0.018243558428908794,-15.191804885864258,6
6DBG,12,11.251496315002441,9.0805025100708,46.775299072265625,0.0,0.0195097040329511,-19.96365737915039,1
6DBG,13,10.300537109375,9.722830772399902,46.802555084228516,0.0,0.018392748895261577,-18.22667694091797,0
6DBG,14,9.666520118713379,8.602718353271484,42.71572494506836,0.0,0.02253145933416197,-18.983121871948242,1
4HX3,0,17.1285457611084,17.954814910888672,54.92631149291992,0.0,0.010106459750324972,-18.20696449279785,0
4HX3,1,20.63164710998535,19.78643798828125,65.07849884033203,0.0,0.007495820787483442,-19.971988677978516,1
4HX3,2,17.65428924560547,17.988637924194336,53.19300079345703,0.0,0.010601338131900307,-19.58814239501953,0
4HX3,3,21.79165267944336,18.64068031311035,65.13871002197266,0.0,0.007725457884588963,-19.959552764892578,0
4HX3,4,23.69065284729004,19.698434829711914,65.04595947265625,0.0,0.0075182808052244475,-19.68233871459961,0
4HX3,5,19.86121368408203,18.811548233032227,57.523101806640625,0.0,0.0092288138156545,-16.528297424316406,0
4HX3,6,22.531238555908203,18.988754272460938,64.2200698852539,0.0,0.007806078865693834,-18.756717681884766,0
4HX3,7,22.88836097717285,20.05746078491211,66.12406921386719,0.0,0.00727241231333648,-19.179893493652344,1
4HX3,8,18.07591438293457,18.448820114135742,53.203365325927734,0.0,0.010485534363045161,-17.327590942382812,0
4HX3,9,22.065303802490234,18.9344482421875,64.49281311035156,0.0,0.007770268327247123,-17.524269104003906,0
4HX3,10,22.98371696472168,19.624418258666992,66.97157287597656,0.0,0.007220542052973168,-18.35007667541504,0
4HX3,11,22.891454696655273,19.13568115234375,64.22058868408203,0.0,0.007774559277754476,-19.088699340820312,0
4HX3,12,16.11879539489746,17.247379302978516,47.85329818725586,0.0,0.012697667365168345,-19.24294662475586,0
4HX3,13,21.94685173034668,18.92972183227539,65.76521301269531,0.0,0.007556786197352811,-16.98731231689453,0
4HX3,14,15.639578819274902,16.822784423828125,47.05247497558594,0.0,0.01316350364507819,-19.898181915283203,0
1ZHI,0,21.11147689819336,21.89678382873535,54.861270904541016,0.0,0.00937109079231393,-14.076865196228027,11
1ZHI,1,17.729156494140625,18.349790573120117,46.39564895629883,0.0,0.013037531730328704,-14.447942733764648,10
1ZHI,2,23.709505081176758,21.378734588623047,56.26731872558594,0.0,0.009070037545590113,-13.727790832519531,20
1ZHI,3,17.905414581298828,14.133944511413574,35.651832580566406,0.0,0.021640975664242553,-14.092122077941895,13
1ZHI,4,20.489622116088867,20.517887115478516,40.22555160522461,0.0,0.01601965519229918,-12.942975044250488,10
1ZHI,5,13.629976272583008,13.078819274902344,29.9945068359375,0.0,0.029106737767409786,-18.45713233947754,0
1ZHI,6,22.706220626831055,22.950389862060547,53.53657913208008,0.0,0.009613876458649397,-16.341869354248047,12
1ZHI,7,14.282879829406738,13.02739429473877,30.148202896118164,0.0,0.028907075503088103,-14.839638710021973,12
1ZHI,8,24.914615631103516,24.77852439880371,63.28169250488281,0.0,0.007124465662627362,-15.183736801147461,1
1ZHI,9,17.758468627929688,19.069297790527344,41.93785095214844,0.0,0.015202671366074595,-15.491583824157715,0
1ZHI,10,20.33702278137207,19.837997436523438,51.409393310546875,0.0,0.010764813485303712,-15.28630542755127,10
1ZHI,11,15.594952583312988,17.01908302307129,36.581668853759766,0.0,0.01964408512346684,-15.794185638427734,5
1ZHI,12,18.122556686401367,17.614221572875977,39.71164321899414,0.0,0.017002384854748975,-16.209056854248047,6
1ZHI,13,16.762388229370117,17.891101837158203,40.98131561279297,0.0,0.01607513069094672,-16.688114166259766,3
1ZHI,14,22.002811431884766,19.863521575927734,54.420509338378906,0.0,0.009828305453931254,-16.4204158782959,13
1GRN,0,14.084207534790039,11.606988906860352,32.62030792236328,0.0,0.02666944094538816,-15.636512756347656,2
1GRN,1,8.385296821594238,7.537903785705566,26.878957748413086,0.2,0.10966732354349913,-16.467426300048828,1
1GRN,2,18.068317413330078,15.514503479003906,47.78435516357422,0.0,0.013310944404601448,-17.536962509155273,0
1GRN,3,8.112074851989746,7.713016033172607,26.849313735961914,0.0,0.04251230419314978,-16.57638931274414,1
1GRN,4,8.711176872253418,8.915396690368652,24.936716079711914,0.0,0.04387379365706332,-15.083952903747559,0
1GRN,5,15.549485206604004,12.623543739318848,35.9304084777832,0.0,0.022307169333803677,-16.981645584106445,3
1GRN,6,9.825532913208008,9.417152404785156,37.61720275878906,0.0,0.02444046306337212,-16.321998596191406,0
1GRN,7,14.209455490112305,13.741679191589355,54.89358901977539,0.0,0.011730164635735047,-15.776262283325195,0
1GRN,8,7.223498821258545,7.010901927947998,21.849111557006836,0.2,0.12507438978388705,-16.504179000854492,0
1GRN,9,18.368755340576172,16.427602767944336,54.208824157714844,0.0,0.010755033765788374,-16.29206657409668,2
1GRN,10,12.754528045654297,10.761637687683105,28.479368209838867,0.0,0.03361697514739269,-13.365679740905762,1
1GRN,11,14.999319076538086,12.162443161010742,31.873214721679688,0.0,0.027126501057012715,-14.695405006408691,4
1GRN,12,89.62380981445312,99.57115173339844,205.38616943359375,0.0,0.0006455727169622232,0.0,0
1GRN,13,15.389054298400879,11.756304740905762,31.11336898803711,0.0,0.02849012914052107,-15.384909629821777,0
1GRN,14,15.135464668273926,12.434259414672852,31.787281036376953,0.0,0.027025467866227476,-14.434374809265137,5
1H1V,0,27.51053810119629,25.334869384765625,74.83248901367188,0.0,0.005410295746217685,-14.168170928955078,4
1H1V,1,20.842863082885742,20.935779571533203,74.09831237792969,0.0,0.00603173771883761,-10.633302688598633,24
1H1V,2,20.960195541381836,16.751296997070312,35.300270080566406,0.0,0.0209191849014969,-14.834535598754883,0
1H1V,3,26.13063621520996,20.106199264526367,66.69207000732422,0.0,0.007173050666219347,-8.691624641418457,27
1H1V,4,17.480388641357422,15.9970703125,36.91617965698242,0.0,0.019687392602506685,-10.740939140319824,30
1H1V,5,26.310197830200195,24.338483810424805,76.24687194824219,0.0,0.005353071373938209,-13.146688461303711,8
1H1V,6,20.03774070739746,19.6793270111084,68.88246154785156,0.0,0.0069250263271435275,-9.50427532196045,47
1H1V,7,18.435665130615234,18.356924057006836,55.34978103637695,0.0,0.00989091709020056,-10.910503387451172,36
1H1V,8,25.785619735717773,19.130558013916016,57.52577590942383,0.0,0.00915893997693868,-10.244024276733398,12
1H1V,9,21.647205352783203,19.37761116027832,69.8582763671875,0.0,0.0068484169390701476,-10.0262451171875,24
1H1V,10,15.315727233886719,14.773567199707031,49.32570266723633,0.0,0.013014282718686652,-10.745383262634277,23
1H1V,11,13.435938835144043,14.350055694580078,29.121124267578125,0.0,0.029772044353051075,-12.75308609008789,16
1H1V,12,18.821069717407227,18.896841049194336,60.53364944458008,0.0,0.008532456623038033,-11.420475959777832,17
1H1V,13,17.21791648864746,16.22330093383789,40.04688262939453,0.0,0.017194945366738934,-9.96193790435791,42
1H1V,14,22.20718002319336,19.598485946655273,75.18611145019531,0.0,0.006147789541607958,-11.712169647216797,21
2VXT,0,12.110183715820312,11.254851341247559,23.732892990112305,0.066667,0.06593647564553555,-16.138742446899414,4
2VXT,1,12.068827629089355,11.384414672851562,23.263530731201172,0.0,0.04494742830276691,-18.05465316772461,5
2VXT,2,15.598593711853027,13.101118087768555,46.32840347290039,0.0,0.015168424979216886,-18.595890045166016,5
2VXT,3,12.045604705810547,11.685129165649414,23.508867263793945,0.0,0.04394222128981375,-18.753198623657227,6
2VXT,4,23.0349063873291,18.053930282592773,58.74002456665039,0.0,0.009121958528712901,-18.799640655517578,5
2VXT,5,3.8515985012054443,5.814808368682861,10.531790733337402,0.0,0.1522792846835019,-20.212072372436523,1
2VXT,6,2.8715081214904785,3.5504302978515625,5.749978065490723,0.0,0.27917118249183653,-18.573015213012695,3
2VXT,7,4.94760274887085,3.8827898502349854,13.220012664794922,0.0,0.14078338105431734,-19.885643005371094,1
2VXT,8,11.285191535949707,10.932947158813477,22.47981834411621,0.0,0.04785476284515589,-19.444965362548828,3
2VXT,9,11.828606605529785,11.040472984313965,23.03597640991211,0.133333,0.09043120589397259,-19.321565628051758,3
2VXT,10,21.309024810791016,16.156417846679688,55.370025634765625,0.0,0.010523200247684229,-19.00982093811035,3
2VXT,11,14.117667198181152,13.249316215515137,30.189531326293945,0.0,0.028701802727947964,-14.035744667053223,33
2VXT,12,19.270442962646484,14.308696746826172,49.701988220214844,0.0,0.013095548367750025,-17.036123275756836,2
2VXT,13,9.152165412902832,8.61839485168457,19.154510498046875,0.0,0.06464187848834894,-20.289196014404297,1
2VXT,14,11.914170265197754,11.587141990661621,23.185773849487305,0.0,0.04498590134966779,-18.193119049072266,6
6A77,0,27.409765243530273,26.757787704467773,71.42835235595703,0.0,0.005698685114631947,-15.825246810913086,50
6A77,1,7.855519771575928,10.219306945800781,18.93463897705078,0.0,0.06293765862207522,-13.071539878845215,4
6A77,2,9.127330780029297,11.503250122070312,22.544702529907227,0.0,0.04705936114644103,-16.459016799926758,1
6A77,3,7.218400955200195,9.45958423614502,18.23370361328125,0.0,0.0676822988158672,-18.37370491027832,0
6A77,4,9.274398803710938,10.717530250549316,22.513397216796875,0.0,0.04799123858540221,-17.4755802154541,6
6A77,5,15.720495223999023,15.402639389038086,43.651405334472656,0.0,0.01530911257707739,-14.119257926940918,14
6A77,6,10.141139030456543,13.019447326660156,30.568801879882812,0.0,0.028289669193143976,-14.738543510437012,2
6A77,7,7.292289733886719,9.975574493408203,18.565303802490234,0.0,0.06513494084922766,-18.972644805908203,0
6A77,8,9.96401309967041,11.863704681396484,24.797473907470703,0.0,0.04029224269198778,-14.428977012634277,7
6A77,9,6.442605495452881,8.719461441040039,15.914789199829102,0.0,0.08356291231619445,-16.90837860107422,0
6A77,10,7.485138416290283,10.26366901397705,19.43231964111328,0.0,0.06050529342404823,-16.13610076904297,2
6A77,11,6.684251308441162,8.93351936340332,16.75722885131836,0.0,0.07735406888515582,-17.29230499267578,0
6A77,12,9.653141975402832,11.93742847442627,23.45825958251953,0.0,0.04386687187163834,-17.939207077026367,0
6A77,13,31.870256423950195,34.4446907043457,87.09349060058594,0.0,0.003776002444206776,-16.23754119873047,2
6A77,14,11.125143051147461,14.33619213104248,32.989723205566406,0.0,0.02436091416580211,-16.163349151611328,0
1K5D,0,8.227286338806152,7.576908588409424,28.821182250976562,0.0,0.03924433351378448,-12.405220031738281,1
1K5D,1,8.079087257385254,6.542003631591797,27.80504608154297,0.0,0.04513746962417989,-12.808162689208984,0
1K5D,2,29.413480758666992,17.366966247558594,58.84474182128906,0.0,0.009281143121909646,-16.42858123779297,2
1K5D,3,12.86047649383545,8.56149673461914,37.91221618652344,0.0625,0.04671423549016721,-13.502159118652344,0
1K5D,4,8.660372734069824,8.391582489013672,32.551666259765625,0.0,0.03159846088423799,-13.468838691711426,0
1K5D,5,27.71436882019043,15.492179870605469,61.0526008605957,0.0,0.009434147239037237,-14.155769348144531,0
1K5D,6,29.98273468017578,14.833477973937988,57.29025650024414,0.0,0.010553665819788222,-16.101049423217773,0
1K5D,7,27.682640075683594,15.067286491394043,43.031890869140625,0.0,0.015788574136255132,-12.394196510314941,7
1K5D,8,8.927811622619629,7.624943256378174,28.498075485229492,0.0,0.0396508905199314,-15.13512134552002,0
1K5D,9,27.9506778717041,15.105570793151855,46.790313720703125,0.0625,0.034737023412842426,-14.837162971496582,0
1K5D,10,27.12950897216797,14.738654136657715,47.56874084472656,0.0,0.013731106466545245,-15.603744506835938,0
1K5D,11,28.719623565673828,15.16865348815918,48.19182586669922,0.0,0.013284977543625148,-16.04990577697754,0
1K5D,12,29.640920639038086,15.44101619720459,60.79861831665039,0.0,0.009506554193964923,-14.816998481750488,0
1K5D,13,8.491241455078125,7.1942243576049805,30.561513900756836,0.0,0.03782072521846455,-13.688092231750488,2
1K5D,14,29.798904418945312,15.6268949508667,58.421791076660156,0.0,0.00995307943548329,-16.234121322631836,12
1I2M,0,12.978257179260254,14.606139183044434,54.34713363647461,0.0,0.011438004090912793,-17.914215087890625,0
1I2M,1,12.272292137145996,13.826272964477539,47.866912841796875,0.0,0.014067383585941525,-17.847930908203125,1
1I2M,2,11.158711433410645,12.193851470947266,51.355655670166016,0.0,0.013856837060151542,-16.66745948791504,3
1I2M,3,10.336451530456543,11.834733009338379,44.50879669189453,0.555555,0.20218433499670382,-21.998571395874023,0
1I2M,4,12.680334091186523,13.545111656188965,47.35014724731445,0.0,0.014444711517596001,-18.693622589111328,0
1I2M,5,8.16887092590332,9.336634635925293,41.930267333984375,0.0,0.02154456255663301,-19.98086929321289,0
1I2M,6,11.632736206054688,13.720479011535645,47.00749206542969,0.444444,0.16263879521112354,-18.834369659423828,0
1I2M,7,12.860525131225586,17.55507469177246,56.66948318481445,0.0,0.00975024884738669,-13.417543411254883,11
1I2M,8,12.522534370422363,17.74784278869629,53.04422378540039,0.0,0.010709228864661779,-15.045934677124023,3
1I2M,9,10.52603816986084,11.012471199035645,45.01482009887695,0.0,0.017547660825381384,-19.542179107666016,0
1I2M,10,9.203834533691406,10.723427772521973,42.51612854003906,0.111111,0.056245191722967804,-18.59840202331543,1
1I2M,11,12.86013126373291,14.18199634552002,47.67500686645508,0.0,0.01395708979002115,-19.00001335144043,0
1I2M,12,9.845148086547852,11.058728218078613,43.56626892089844,0.111111,0.05528226540712555,-19.67513656616211,1
1I2M,13,8.148430824279785,9.359769821166992,41.515377044677734,0.0,0.0217578509302138,-21.366796493530273,1
1I2M,14,11.263468742370605,12.986336708068848,46.99067306518555,0.0,0.014949797303354523,-20.218807220458984,0
1ZHH,0,19.981948852539062,20.30130386352539,42.2491455078125,0.0,0.014777144762724825,-17.42623519897461,0
1ZHH,1,15.628127098083496,15.621322631835938,35.8690299987793,0.0,0.02076885263121264,-16.834718704223633,0
1ZHH,2,27.981782913208008,28.966554641723633,72.03458404541016,0.0,0.005468974459884841,-16.099285125732422,1
1ZHH,3,20.855417251586914,21.311161041259766,39.573524475097656,0.0,0.016343312424014145,-18.734907150268555,0
1ZHH,4,15.597281455993652,15.453614234924316,35.600521087646484,0.0,0.021088575773757796,-17.04361915588379,1
1ZHH,5,27.258651733398438,28.57314682006836,69.66922760009766,0.0,0.005805088103665618,-15.036947250366211,0
1ZHH,6,14.83435344696045,16.967424392700195,34.79179000854492,0.0,0.021360154470265135,-16.037527084350586,1
1ZHH,7,26.210596084594727,27.88351058959961,73.39351654052734,0.0,0.005373648331852546,-16.33041763305664,9
1ZHH,8,20.006223678588867,20.137357711791992,42.525177001953125,0.0,0.014645222521559262,-17.695043563842773,0
1ZHH,9,15.24515151977539,14.528014183044434,32.6063117980957,0.0,0.024726874474231855,-16.334972381591797,2
1ZHH,10,22.82398223876953,23.03519630432129,56.41134262084961,0.0,0.008807505975531697,-16.70050048828125,0
1ZHH,11,22.74424934387207,26.488407135009766,66.03318786621094,0.0,0.006498704340868075,-16.205530166625977,0
1ZHH,12,15.236510276794434,16.890535354614258,36.39252853393555,0.0,0.01985177442122301,-17.379051208496094,0
1ZHH,13,22.567466735839844,26.67462921142578,65.19317626953125,0.0,0.006622485287551064,-17.303701400756836,0
1ZHH,14,15.034655570983887,15.428418159484863,33.15437698364258,0.0,0.023679623253671456,-18.104536056518555,1
3DAW,0,14.267349243164062,14.034327507019043,35.777679443359375,0.0,0.021574092284871258,-11.938224792480469,0
3DAW,1,27.544822692871094,22.67110824584961,78.18656921386719,0.0,0.005346427074729533,-19.128076553344727,2
3DAW,2,22.018739700317383,20.356929779052734,70.11190032958984,0.0,0.006628375795477569,-12.23917007446289,1
3DAW,3,14.5811185836792,15.083324432373047,35.52473068237305,0.0,0.021314325756787322,-18.290687561035156,0
3DAW,4,24.750341415405273,21.766077041625977,69.64749908447266,0.0,0.006467569712159838,-17.295198440551758,1
3DAW,5,25.757118225097656,22.02542495727539,71.6582260131836,0.0,0.006163923581596266,-18.1851806640625,0
3DAW,6,27.649045944213867,24.413267135620117,78.3934097290039,0.0,0.005126943583691901,-14.216766357421875,4
3DAW,7,27.29628562927246,21.98518943786621,75.85723114013672,0.0,0.00567784976329824,-19.720355987548828,1
3DAW,8,23.117130279541016,19.109933853149414,66.42289733886719,0.0,0.007411799531446283,-13.783181190490723,0
3DAW,9,12.201338768005371,14.125700950622559,24.83757781982422,0.0,0.038662983703042525,-14.633325576782227,3
3DAW,10,27.901918411254883,23.675880432128906,78.175537109375,0.0,0.005227299011968546,-15.033291816711426,0
3DAW,11,24.852956771850586,21.055089950561523,68.65623474121094,0.0,0.0067153622347990265,-16.423620223999023,0
3DAW,12,21.543350219726562,17.841732025146484,64.1614990234375,0.0,0.008088784400017307,-15.296401023864746,0
3DAW,13,6.146214008331299,5.751755714416504,17.028522491455078,0.0,0.08771483112406146,-15.117520332336426,0
3DAW,14,18.169967651367188,15.630070686340332,51.942901611328125,0.0,0.011735345781580793,-10.744475364685059,1
2X9A,0,13.610721588134766,13.201094627380371,45.85341262817383,0.0,0.01532272613131165,-17.166351318359375,1
2X9A,1,11.637165069580078,11.26575756072998,31.95119285583496,0.0,0.027837985490285905,-17.069486618041992,0
2X9A,2,11.50610065460205,10.30850887298584,22.354734420776367,0.0,0.049016360515281666,-16.458660125732422,0
2X9A,3,14.501717567443848,15.11742115020752,53.125511169433594,0.0,0.011569934600388765,-15.717686653137207,0
2X9A,4,13.835710525512695,14.75651741027832,48.37814712524414,0.0,0.0133909379567858,-13.46419906616211,0
2X9A,5,13.317878723144531,12.526845932006836,36.695133209228516,0.0,0.02168653213751832,-16.96721649169922,0
2X9A,6,13.981999397277832,12.877540588378906,40.00086212158203,0.0,0.018863293118690797,-16.19536781311035,0
2X9A,7,14.312341690063477,12.657245635986328,40.7270622253418,0.0,0.018530051539879685,-16.348289489746094,0
2X9A,8,11.107732772827148,11.480552673339844,33.45482635498047,0.0,0.02580783267603462,-13.031311988830566,0
2X9A,9,13.17985725402832,14.201509475708008,51.964237213134766,0.0,0.012364085032317269,-16.35862159729004,0
2X9A,10,6.62510871887207,6.330667972564697,18.625404357910156,0.166667,0.1307314769087265,-17.017187118530273,11
2X9A,11,9.559549331665039,10.486130714416504,23.764568328857422,0.0,0.04449111080809683,-13.245299339294434,0
2X9A,12,14.534335136413574,14.957801818847656,35.92738723754883,0.0,0.02098779688764209,-17.26263999938965,0
2X9A,13,13.744812965393066,13.993630409240723,51.17107009887695,0.0,0.012736996115983848,-15.740242004394531,0
2X9A,14,14.917999267578125,14.39564037322998,45.572471618652344,0.0,0.014786458294597132,-14.200349807739258,1
1XU1,0,4.875673294067383,8.939481735229492,17.593517303466797,0.833333,0.34998711402550575,-12.015800476074219,5
1XU1,1,6.809668064117432,10.605655670166016,25.890127182006836,0.0,0.038970430062005575,-14.048523902893066,2
1XU1,2,8.58736515045166,10.206369400024414,33.48700714111328,0.0,0.02722410327169486,-15.721548080444336,5
1XU1,3,9.69912052154541,14.164921760559082,36.4804801940918,0.0,0.02086116774045105,-19.402231216430664,0
1XU1,4,7.215450763702393,9.209607124328613,27.62872314453125,0.0,0.03743580074410816,-14.039546012878418,3
1XU1,5,8.766494750976562,11.590683937072754,34.15105438232422,0.0,0.024935593145789903,-19.141775131225586,10
1XU1,6,6.2805280685424805,10.10352897644043,24.517120361328125,0.0,0.042955654241077106,-16.375289916992188,3
1XU1,7,8.237960815429688,12.655875205993652,31.59294319152832,0.0,0.027117757115103707,-13.98440170288086,3
1XU1,8,6.518424034118652,8.899702072143555,23.866214752197266,0.0,0.04672954095032528,-12.214681625366211,18
1XU1,9,3.023023843765259,4.744039535522461,11.806496620178223,0.0,0.14408785058637522,-15.326324462890625,1
1XU1,10,5.218234062194824,8.654754638671875,19.942228317260742,0.0,0.06096812772557484,-13.800832748413086,0
1XU1,11,6.8482537269592285,10.91214370727539,24.19861602783203,0.0,0.04279240706104889,-12.259010314941406,27
1XU1,12,9.971877098083496,15.263792037963867,35.66611099243164,0.0,0.02110318520334503,-11.129986763000488,29
1XU1,13,9.235220909118652,12.423800468444824,36.066017150878906,0.0,0.02232981521665543,-16.86782455444336,4
1XU1,14,9.733452796936035,12.372282028198242,37.61918258666992,0.0,0.021019625003560683,-14.746074676513672,7
4LW4,0,25.7430362701416,26.13112449645996,76.7173080444336,0.0,0.005137076623454015,-16.693132400512695,4
4LW4,1,6.303134918212891,7.057539939880371,21.314945220947266,0.0,0.060142411111532505,-17.903465270996094,7
4LW4,2,7.073194980621338,7.479977607727051,23.747386932373047,0.0,0.05074224683248411,-16.610185623168945,9
4LW4,3,10.86966609954834,11.707125663757324,32.11631393432617,0.0,0.027204193054507154,-21.9072208404541,3
4LW4,4,8.995061874389648,9.67025375366211,29.0487060546875,0.0,0.03412139818739854,-14.52653694152832,3
4LW4,5,25.961978912353516,25.847225189208984,77.18406677246094,0.0,0.00511301775993805,-14.627544403076172,8
4LW4,6,26.12314796447754,23.00986671447754,76.15177917480469,0.0,0.005512403065914845,-16.642227172851562,4
4LW4,7,10.625152587890625,11.586348533630371,31.73395347595215,0.0,0.027808741772462692,-19.784162521362305,5
4LW4,8,15.231752395629883,11.953191757202148,49.166202545166016,0.0,0.014841533150979918,-13.304430961608887,5
4LW4,9,9.32426929473877,11.745195388793945,25.88717269897461,0.0,0.03778953762555457,-17.625408172607422,12
4LW4,10,8.488551139831543,7.74268913269043,28.597675323486328,0.0,0.03911560924034806,-16.00835609436035,8
4LW4,11,9.902597427368164,10.637799263000488,29.962360382080078,0.0,0.031326771018232766,-16.067041397094727,8
4LW4,12,26.092924118041992,23.89732551574707,77.1885757446289,0.0,0.005301845427920599,-17.128549575805664,3
4LW4,13,10.774977684020996,13.38046932220459,31.40974235534668,0.0,0.026882492481868064,-19.891040802001953,1
4LW4,14,11.071722030639648,13.365086555480957,32.66253662109375,0.0,0.02528908155911087,-18.127073287963867,2
3EO1,0,31.89736557006836,23.031211853027344,85.03176879882812,0.0,0.0047058458175013975,-13.450355529785156,9
3EO1,1,19.202062606811523,12.332905769348145,48.29348373413086,0.0,0.01487496701032548,-13.920502662658691,14
3EO1,2,24.957735061645508,17.127620697021484,50.044063568115234,0.0,0.011883897699688915,-13.383527755737305,55
3EO1,3,18.884864807128906,11.98133373260498,50.611122131347656,0.052632,0.031832122200624396,-14.111505508422852,16
3EO1,4,14.44122314453125,14.02927017211914,42.224853515625,0.0,0.016749122568502386,-13.053796768188477,1
3EO1,5,13.88401985168457,13.990816116333008,38.95697784423828,0.0,0.018935754089809565,-13.512097358703613,0
3EO1,6,20.06562614440918,18.23191261291504,41.61833190917969,0.0,0.015588610166832167,-15.969767570495605,22
3EO1,7,24.737531661987305,25.42156982421875,50.885711669921875,0.0,0.010204926780637578,-13.65178108215332,18
3EO1,8,32.110172271728516,17.84295082092285,71.31065368652344,0.0,0.007008823119005923,-14.250715255737305,66
3EO1,9,16.62810707092285,11.961577415466309,40.75507736206055,0.0,0.019055781007140785,-18.26044464111328,26
3EO1,10,33.08420944213867,29.093730926513672,96.36870574951172,0.0,0.003456941341199635,-13.428081512451172,19
3EO1,11,21.123062133789062,15.73855972290039,48.6576042175293,0.0,0.012871550280395145,-14.342464447021484,0
3EO1,12,17.067068099975586,15.581920623779297,38.0128059387207,0.0,0.018933940709289766,-17.42679214477539,0
3EO1,13,20.08409881591797,14.156397819519043,47.57902908325195,0.0,0.014010480813626066,-18.714248657226562,0
3EO1,14,32.68771743774414,31.255945205688477,107.93392181396484,0.0,0.002820488366070259,-14.398884773254395,13
1AK4,0,12.89285945892334,8.936925888061523,26.879165649414062,0.0,0.03943655581457609,-15.469892501831055,36
1AK4,1,11.812573432922363,7.383824348449707,34.33577346801758,0.0,0.03245926260124325,-13.138274192810059,2
1AK4,2,11.18424129486084,6.454931735992432,33.284969329833984,0.0,0.03748519967397098,-15.594389915466309,9
1AK4,3,14.457261085510254,7.706014633178711,30.193368911743164,0.0,0.036646552861203774,-15.6775541305542,5
1AK4,4,16.91376495361328,9.458800315856934,29.877965927124023,0.0,0.033135458644307815,-13.7719144821167,7
1AK4,5,16.775503158569336,6.814690589904785,37.120582580566406,0.384615,0.16021561735866305,-16.990089416503906,6
1AK4,6,14.71116828918457,8.549613952636719,30.9726619720459,0.076923,0.05894170443488367,-13.778940200805664,9
1AK4,7,14.97086238861084,9.133654594421387,36.507747650146484,0.0,0.0258945123349683,-13.757003784179688,5
1AK4,8,10.623313903808594,6.550171852111816,29.104028701782227,0.461538,0.19665317400438453,-14.6605224609375,21
1AK4,9,11.821118354797363,7.516952991485596,32.734954833984375,0.0,0.0338200057213598,-13.048097610473633,10
1AK4,10,15.50909423828125,6.773388862609863,35.22090530395508,0.307692,0.13649272804096194,-16.5600643157959,9
1AK4,11,15.389870643615723,6.593445301055908,35.632015228271484,0.384615,0.16255525251385292,-15.165298461914062,8
1AK4,12,10.168819427490234,7.347743511199951,25.254796981811523,0.230769,0.12417643321736449,-14.474845886230469,31
1AK4,13,12.544886589050293,7.60863733291626,34.121788024902344,0.0,0.031946906122489925,-13.300596237182617,7
1AK4,14,13.273012161254883,8.450489044189453,32.74531936645508,0.0,0.03122436977230575,-12.638731956481934,11
1E6E,0,6.404477596282959,4.994989395141602,18.032245635986328,0.2,0.15484071406107747,-13.667988777160645,7
1E6E,1,6.866658687591553,6.067404270172119,18.184795379638672,0.2,0.1456357351187421,-14.356697082519531,8
1E6E,2,8.693495750427246,7.956286430358887,23.08575439453125,0.0,0.05123508463592485,-13.715846061706543,9
1E6E,3,6.530107021331787,5.331706523895264,17.720693588256836,0.3,0.1867961709101944,-13.228228569030762,5
1E6E,4,5.438107490539551,4.394870758056641,14.57632827758789,0.2,0.18603164242469436,-13.42772102355957,3
1E6E,5,8.288042068481445,10.31086540222168,19.3031005859375,0.0,0.061045290361743665,-18.47515106201172,1
1E6E,6,9.582335472106934,12.004205703735352,22.36834144592285,0.0,0.04718481505318422,-15.203561782836914,3
1E6E,7,5.248323440551758,4.867177486419678,13.68953800201416,0.6,0.32166535841492294,-14.539041519165039,3
1E6E,8,6.282225131988525,5.27094841003418,17.011215209960938,0.3,0.19156896350361688,-12.489173889160156,6
1E6E,9,5.366103172302246,4.672676086425781,14.79583740234375,0.2,0.1805209836379623,-14.938279151916504,7
1E6E,10,6.835563659667969,7.336267471313477,17.037599563598633,0.0,0.07980726195619223,-14.704339027404785,3
1E6E,11,6.928349494934082,5.920465469360352,18.49805450439453,0.3,0.178218430795309,-14.282922744750977,6
1E6E,12,15.936736106872559,11.45740795135498,38.574405670166016,0.0,0.02105275477034854,-10.643749237060547,58
1E6E,13,6.452024936676025,6.0533528327941895,16.390037536621094,0.0,0.08993341882893803,-14.914983749389648,8
1E6E,14,6.587653160095215,6.7447710037231445,16.329917907714844,0.1,0.12010263574704838,-14.24732780456543,7
2G77,0,15.316258430480957,12.521891593933105,26.959430694580078,0.25,0.11818844434677978,-17.833402633666992,1
2G77,1,22.602296829223633,17.65253257751465,60.93836975097656,0.0,0.00875118651047088,-15.910032272338867,2
2G77,2,18.947368621826172,15.239232063293457,51.42589569091797,0.0,0.0120628680760399,-14.1197509765625,0
2G77,3,22.810161590576172,17.826162338256836,61.631919860839844,0.0,0.00856547654476855,-15.822254180908203,2
2G77,4,3.986393690109253,4.2785539627075195,8.620243072509766,0.0,0.2008112890556298,-20.971630096435547,0
2G77,5,9.8732328414917,8.321708679199219,18.61250114440918,0.25,0.15134543434507539,-17.815631866455078,1
2G77,6,21.42650032043457,17.341032028198242,53.208778381347656,0.0,0.010770366795563846,-14.31683349609375,3
2G77,7,8.793428421020508,7.481297016143799,16.756275177001953,0.0,0.08110255638820303,-16.9072322845459,0
2G77,8,15.560103416442871,13.337167739868164,49.06946563720703,0.0,0.013874435520730977,-12.949803352355957,1
2G77,9,21.945222854614258,17.438539505004883,54.49185562133789,0.0,0.010366108597207614,-15.65017318725586,2
2G77,10,23.46615982055664,19.092636108398438,64.6118392944336,0.0,0.007715579362503617,-15.384256362915039,2
2G77,11,16.908273696899414,14.499981880187988,51.55060958862305,0.0,0.012352074232586345,-13.543391227722168,0
2G77,12,16.186325073242188,14.080636024475098,51.77537536621094,0.0,0.012488606124967097,-11.654231071472168,1
2G77,13,6.2879319190979,6.026110649108887,12.901309967041016,0.0,0.12034453629285542,-18.987022399902344,1
2G77,14,22.323535919189453,17.620468139648438,61.62056350708008,0.0,0.00862236685944544,-15.978499412536621,4
3SZK,0,19.42900276184082,14.375905990600586,57.641876220703125,0.0,0.010684056288024513,-14.764872550964355,2
3SZK,1,23.13525390625,15.401824951171875,63.23269271850586,0.0,0.009048340527334964,-17.38639259338379,3
3SZK,2,18.591054916381836,13.599274635314941,48.835540771484375,0.0,0.01380790653217967,-18.401012420654297,0
3SZK,3,19.26165771484375,13.932507514953613,51.499603271484375,0.0,0.012659097482701791,-21.75682258605957,0
3SZK,4,18.70201873779297,14.949118614196777,49.150146484375,0.0,0.013002457527015355,-18.118040084838867,3
3SZK,5,18.585098266601562,16.059505462646484,58.61540222167969,0.0,0.00974809690395611,-18.218204498291016,0
3SZK,6,20.75048065185547,15.809221267700195,67.13036346435547,0.0,0.008233870411558196,-16.782609939575195,1
3SZK,7,14.820204734802246,10.416720390319824,40.50754928588867,0.0,0.020829756013041028,-20.456981658935547,8
3SZK,8,17.758342742919922,12.861603736877441,45.15819549560547,0.0,0.015878774909273585,-18.2614803314209,1
3SZK,9,18.292936325073242,15.095122337341309,55.26894760131836,0.0,0.010961239941631016,-19.447933197021484,0
3SZK,10,20.130937576293945,15.752742767333984,65.88749694824219,0.0,0.008452071828667291,-21.763229370117188,0
3SZK,11,19.595428466796875,14.57352066040039,53.67207336425781,0.0,0.011649973222130386,-16.722354888916016,0
3SZK,12,17.927078247070312,12.696406364440918,43.704566955566406,0.0,0.01673754160998221,-19.267986297607422,5
3SZK,13,15.615145683288574,13.623456954956055,51.32358169555664,0.0,0.012891368802145994,-19.672386169433594,0
3SZK,14,14.162208557128906,10.632760047912598,33.748573303222656,0.0,0.026388050815170733,-15.614972114562988,12
4IZ7,0,16.630231857299805,21.135440826416016,53.44447708129883,0.0,0.009894142474173398,-13.359711647033691,0
4IZ7,1,8.530646324157715,13.204742431640625,19.494569778442383,0.0,0.05749427316418899,-13.355032920837402,0
4IZ7,2,13.8843355178833,18.05237579345703,46.12557601928711,0.0,0.013233493425412355,-17.498382568359375,2
4IZ7,3,9.488433837890625,13.64477252960205,25.766305923461914,0.0,0.03669540252443961,-14.510970115661621,0
4IZ7,4,13.828153610229492,21.043598175048828,40.51285934448242,0.0,0.015739789251419025,-18.293127059936523,3
4IZ7,5,14.065966606140137,19.11606788635254,46.439151763916016,0.0,0.012845148635823388,-15.165891647338867,0
4IZ7,6,10.303216934204102,12.985977172851562,25.6792049407959,0.0,0.037304398148192544,-12.864619255065918,0
4IZ7,7,13.446624755859375,18.130779266357422,43.65024948120117,0.0,0.014444127278654495,-12.964837074279785,0
4IZ7,8,12.213181495666504,17.500036239624023,35.376502990722656,0.0,0.020624414132702888,-17.721874237060547,0
4IZ7,9,15.105902671813965,21.018964767456055,47.539283752441406,0.0,0.012015306800517584,-13.68828296661377,0
4IZ7,10,10.602087020874023,13.963178634643555,28.938262939453125,0.0,0.03027756595917648,-15.243741035461426,0
4IZ7,11,12.533040046691895,16.851451873779297,40.19865798950195,0.0,0.016886187410846538,-12.601073265075684,0
4IZ7,12,7.243692874908447,11.194217681884766,18.433378219604492,0.0,0.06432866097648843,-13.477194786071777,0
4IZ7,13,8.440635681152344,12.47293472290039,20.614229202270508,0.0,0.0531903912144919,-15.09645938873291,0
4IZ7,14,12.010600090026855,17.73398780822754,32.82817840576172,0.0,0.02331097484692439,-16.052017211914062,0
1US7,0,24.05659294128418,19.168874740600586,44.97616195678711,0.0,0.013523742755792862,-14.92536449432373,14
1US7,1,31.056941986083984,29.66269302368164,70.51153564453125,0.0,0.005624749152125415,-17.326183319091797,4
1US7,2,28.544044494628906,27.270618438720703,64.21446990966797,0.0,0.006745385127948502,-14.108383178710938,2
1US7,3,22.498367309570312,19.1722412109375,44.63737106323242,0.0,0.013692059227535693,-13.00771713256836,1
1US7,4,25.11454200744629,21.33649444580078,46.91315460205078,0.0,0.012234315328698791,-14.914219856262207,13
1US7,5,82.02081298828125,87.2137680053711,177.7608642578125,0.0,0.0008589921352534697,0.0,0
1US7,6,25.395050048828125,22.965003967285156,47.964813232421875,0.0,0.011565491609986161,-14.99002742767334,0
1US7,7,23.384389877319336,21.258607864379883,50.981510162353516,0.0,0.01066670160413176,-15.930060386657715,0
1US7,8,22.210559844970703,21.30910873413086,41.13737487792969,0.0,0.01529210881527177,-17.096824645996094,0
1US7,9,25.731714248657227,21.18402099609375,47.61841583251953,0.0,0.01195598715887348,-14.991458892822266,5
1US7,10,16.317447662353516,21.672327041625977,45.0157470703125,0.0,0.01306472143067739,-19.43782615661621,0
1US7,11,23.315799713134766,19.800010681152344,44.81108093261719,0.0,0.013479101847538621,-15.076852798461914,10
1US7,12,31.579730987548828,30.271520614624023,73.52046203613281,0.0,0.005213214524955534,-15.470417976379395,15
1US7,13,24.5600528717041,25.939653396606445,55.0977783203125,0.0,0.008859703238292141,-14.54090404510498,8
1US7,14,21.84261703491211,20.687952041625977,39.854061126708984,0.0,0.01624603102701707,-14.468574523925781,0
4DN4,0,6.672098636627197,8.187654495239258,19.067304611206055,0.0,0.06608525199997527,-20.51360511779785,1
4DN4,1,5.563165187835693,7.769195079803467,18.542484283447266,0.0,0.06986121237851402,-21.950647354125977,0
4DN4,2,5.6820573806762695,8.62495231628418,17.429813385009766,0.0,0.07382921324763124,-20.93492889404297,2
4DN4,3,8.29410171508789,9.80224609375,25.86104393005371,0.0,0.040126277398308714,-16.644203186035156,39
4DN4,4,5.204691410064697,6.828794479370117,16.599552154541016,0.0,0.08458868078007943,-18.089120864868164,2
4DN4,5,6.490881443023682,7.822558403015137,18.505645751953125,0.0,0.06989460327046847,-18.16391372680664,2
4DN4,6,4.692926406860352,7.443887710571289,14.452970504760742,0.0,0.09867058800979689,-20.90523910522461,1
4DN4,7,5.765713214874268,8.34050178527832,19.163589477539062,0.0,0.06524162100222253,-21.470273971557617,1
4DN4,8,21.357927322387695,23.409725189208984,68.2243881225586,0.0,0.006458021395602355,-15.647663116455078,0
4DN4,9,6.376745223999023,7.558623313903809,19.025009155273438,0.0,0.06809578942232435,-18.288471221923828,1
4DN4,10,6.867004871368408,8.582155227661133,19.855566024780273,0.0,0.06150728147747006,-19.183029174804688,1
4DN4,11,7.312774181365967,7.877767086029053,24.495956420898438,0.0,0.04748460474246596,-18.938528060913086,11
4DN4,12,5.691768646240234,6.849769115447998,16.881683349609375,0.0,0.08266817269560327,-18.14138412475586,2
4DN4,13,6.682485580444336,7.675822734832764,19.68119239807129,0.0,0.06466197620377852,-19.77396011352539,0
4DN4,14,7.496759414672852,8.123190879821777,22.817617416381836,0.0,0.0516112162005837,-18.788232803344727,4
1VFB,0,17.003263473510742,11.974832534790039,32.90458679199219,0.0,0.026001510217640963,-13.344473838806152,89
1VFB,1,14.90677547454834,13.19534969329834,26.26882553100586,0.0,0.03584542672407165,-22.042016983032227,1
1VFB,2,10.908835411071777,9.821525573730469,20.122465133666992,0.0,0.05806968978690651,-16.526044845581055,21
1VFB,3,14.350218772888184,11.463373184204102,25.43310546875,0.0,0.03910256814529369,-15.467132568359375,27
1VFB,4,15.225985527038574,11.081130981445312,26.7224178314209,0.0,0.036625228122264195,-16.034772872924805,27
1VFB,5,14.74492359161377,12.208877563476562,25.11702537536621,0.0,0.03920916054042785,-17.53108787536621,9
1VFB,6,15.029603004455566,11.98691177368164,25.902446746826172,0.0,0.03754473074679491,-16.46483039855957,13
1VFB,7,10.457151412963867,9.396129608154297,19.039527893066406,0.2,0.13034590946439592,-16.27629280090332,30
1VFB,8,12.4559965133667,9.756704330444336,23.513986587524414,0.0,0.04622040665544149,-14.959890365600586,39
1VFB,9,15.958643913269043,11.184438705444336,28.01127052307129,0.0,0.03399546627500243,-16.45655059814453,33
1VFB,10,15.76461124420166,11.677241325378418,28.02515983581543,0.0,0.03349123853765216,-18.458789825439453,24
1VFB,11,14.156271934509277,9.777297973632812,27.45730972290039,0.0,0.0368162891649559,-13.557995796203613,69
1VFB,12,12.734295845031738,10.474608421325684,22.393146514892578,0.2,0.11534379028452035,-16.349342346191406,17
1VFB,13,12.4670991897583,9.505632400512695,24.637035369873047,0.0,0.04355536867241657,-14.44884204864502,57
1VFB,14,14.484786987304688,12.869251251220703,25.409528732299805,0.0,0.03801499863742646,-20.994403839111328,0
2H7V,0,24.166179656982422,26.799081802368164,59.8553352355957,0.0,0.00763033680267625,-14.235557556152344,1
2H7V,1,21.703744888305664,26.97123908996582,58.88667297363281,0.0,0.007831235262089195,-14.39747142791748,0
2H7V,2,27.572031021118164,30.047115325927734,62.93178939819336,0.0,0.006800728015863543,-13.220678329467773,3
2H7V,3,36.54864501953125,42.01719284057617,106.450927734375,0.0,0.0025361043032179793,-14.571990013122559,3
2H7V,4,35.90864181518555,36.64827346801758,101.73625183105469,0.0,0.002868180121905882,-14.09229850769043,0
2H7V,5,32.374027252197266,35.25135040283203,91.36837005615234,0.0,0.00346256192621926,-9.210010528564453,3
2H7V,6,4.777191638946533,4.333976745605469,12.490309715270996,0.0,0.14116698879977183,-15.052668571472168,1
2H7V,7,33.21366882324219,43.07511520385742,96.80259704589844,0.0,0.0029541136626430892,-14.912450790405273,6
2H7V,8,29.09488868713379,30.69133949279785,78.61599731445312,0.0,0.0046459702288445355,-15.012344360351562,0
2H7V,9,28.020984649658203,34.355751037597656,73.53155517578125,0.0,0.0050296721699561635,-17.992040634155273,2
2H7V,10,26.151058197021484,29.51643180847168,63.22634506225586,0.0,0.0067761861014947085,-14.230866432189941,6
2H7V,11,30.25027084350586,34.584625244140625,78.71751403808594,0.0,0.004467702869910615,-14.228231430053711,4
2H7V,12,16.407485961914062,11.814435958862305,49.139381408691406,0.0,0.014971953159591751,-12.989511489868164,0
2H7V,13,35.59038543701172,38.806793212890625,104.96163940429688,0.0,0.002669059445370057,-15.766610145568848,0
2H7V,14,23.577550888061523,26.85948944091797,57.5329475402832,0.0,0.008156788800163359,-14.628941535949707,3
4CPA,0,8.858622550964355,11.877657890319824,31.65970802307129,0.0,0.027644433914734493,-14.877504348754883,3
4CPA,1,6.765626907348633,9.428568840026855,23.84781837463379,0.0,0.045801736653028884,-12.858817100524902,2
4CPA,2,5.548471450805664,7.915369033813477,19.668710708618164,0.0,0.0640124666429646,-15.60851001739502,0
4CPA,3,6.965808391571045,9.77212142944336,24.806137084960938,0.0,0.04269856903410072,-21.297775268554688,0
4CPA,4,4.59944486618042,5.637356758117676,17.09258460998535,0.0,0.08812871955706815,-13.371676445007324,3
4CPA,5,8.581930160522461,10.07536506652832,30.184396743774414,0.111111,0.06875617623624582,-14.056884765625,2
4CPA,6,2.700309991836548,3.0154337882995605,9.931641578674316,0.0,0.20705192197471392,-16.178817749023438,0
4CPA,7,7.570550918579102,9.407638549804688,26.78524398803711,0.222222,0.11283496957438711,-18.011503219604492,5
4CPA,8,8.717924118041992,11.538742065429688,31.20050048828125,0.0,0.028569804381029625,-17.910114288330078,1
4CPA,9,9.248887062072754,9.991352081298828,31.78367042541504,0.222222,0.10367026182535043,-12.613151550292969,19
4CPA,10,9.085192680358887,12.633674621582031,32.142417907714844,0.0,0.02642092178755188,-19.591028213500977,1
4CPA,11,5.153625965118408,8.04337215423584,16.66107177734375,0.0,0.08004382234591863,-16.773021697998047,0
4CPA,12,9.433563232421875,11.502437591552734,31.203096389770508,0.222222,0.1026746744939619,-8.241353988647461,28
4CPA,13,8.245100021362305,11.334670066833496,28.873008728027344,0.0,0.032322207191026055,-20.042757034301758,3
4CPA,14,5.4290452003479,6.9497528076171875,19.457660675048828,0.0,0.06825462230207258,-14.853806495666504,1
1RLB,0,23.6827449798584,19.832509994506836,71.09261322021484,0.0,0.0065938524809435045,-14.450056076049805,4
1RLB,1,28.163320541381836,20.78717613220215,76.23480987548828,0.0,0.005819714721943995,-15.74792194366455,4
1RLB,2,28.709640502929688,20.00311851501465,77.90290832519531,0.0,0.005785590087222105,-16.048612594604492,4
1RLB,3,27.988059997558594,20.933670043945312,76.22167205810547,0.0,0.005797149272288971,-17.76023292541504,6
1RLB,4,29.145784378051758,20.841337203979492,77.92575073242188,0.0,0.00563715919717694,-16.913671493530273,0
1RLB,5,10.054278373718262,10.38292121887207,24.271697998046875,0.0,0.043229340326666976,-17.26156997680664,2
1RLB,6,12.65039348602295,12.007040977478027,28.31397247314453,0.0,0.032679760600095975,-15.012306213378906,3
1RLB,7,18.339305877685547,16.061420440673828,55.48555374145508,0.0,0.010525512094443626,-13.540375709533691,13
1RLB,8,28.989505767822266,18.867435455322266,77.47280883789062,0.0,0.006058426914457594,-16.860910415649414,4
1RLB,9,24.177900314331055,18.444372177124023,71.76469421386719,0.0,0.006801659884337489,-17.295543670654297,5
1RLB,10,9.647866249084473,9.758922576904297,24.02368927001953,0.0,0.044779587758968016,-16.596302032470703,3
1RLB,11,13.087040901184082,12.088510513305664,28.847431182861328,0.0,0.03168287612424201,-17.359750747680664,0
1RLB,12,21.539165496826172,15.616454124450684,60.99793243408203,0.0,0.009396668280484083,-13.447239875793457,11
1RLB,13,11.323217391967773,10.952471733093262,25.81886100769043,0.0,0.03873224747978993,-17.09686851501465,3
1RLB,14,8.594854354858398,6.476365089416504,22.333457946777344,0.4,0.1924792334051492,-16.9455623626709,3
3SE8,0,17.49728775024414,13.3894681930542,33.96405029296875,0.0,0.023778522891060996,-14.832151412963867,3
3SE8,1,16.843856811523438,21.004535675048828,31.911344528198242,0.0,0.0237742918537483,-14.866055488586426,5
3SE8,2,28.19803237915039,24.929176330566406,61.69377899169922,0.0,0.007412124113308921,-16.85310935974121,13
3SE8,3,24.27861213684082,24.785213470458984,52.18132400512695,0.0,0.0098325767961995,-16.24946403503418,9
3SE8,4,28.154226303100586,18.038043975830078,63.698692321777344,0.0,0.00812086586636899,-15.066656112670898,10
3SE8,5,27.075054168701172,23.77541732788086,57.92609786987305,0.0,0.008347664817512028,-13.90434741973877,37
3SE8,6,10.077427864074707,12.938674926757812,20.480613708496094,0.0,0.053399802475190196,-14.694829940795898,4
3SE8,7,29.925926208496094,24.757123947143555,71.68474578857422,0.0,0.00584086033218522,-12.925119400024414,6
3SE8,8,30.515790939331055,23.341821670532227,73.54399871826172,0.0,0.005764879305426422,-14.997440338134766,21
3SE8,9,17.766799926757812,13.456345558166504,33.00871658325195,0.0,0.024820009813920418,-15.805521965026855,5
3SE8,10,26.67881965637207,19.10700035095215,64.5820083618164,0.0,0.007717675536552955,-15.409730911254883,11
3SE8,11,15.19956111907959,15.294806480407715,42.82289123535156,0.0,0.015810734566877014,-15.315428733825684,23
3SE8,12,28.397825241088867,21.425214767456055,58.261756896972656,0.0,0.00857295989210761,-16.172714233398438,32
3SE8,13,28.330026626586914,20.425535202026367,58.95103073120117,0.0,0.008576913306785063,-15.511322975158691,15
3SE8,14,29.86055564880371,21.361495971679688,63.67872619628906,0.0,0.007470771298308886,-17.321046829223633,21
3EOA,0,13.96005630493164,14.341719627380371,27.318906784057617,0.0,0.03302802829981009,-15.937588691711426,1
3EOA,1,17.666589736938477,11.941886901855469,46.37050247192383,0.0,0.01601373515886513,-17.170564651489258,1
3EOA,2,11.05039119720459,10.323060035705566,22.740705490112305,0.0,0.047753873485776956,-15.713231086730957,3
3EOA,3,9.015734672546387,10.641603469848633,21.909460067749023,0.0,0.05010140581387359,-16.055906295776367,0
3EOA,4,16.705904006958008,15.683488845825195,45.06622314453125,0.0,0.014472217340209979,-15.661172866821289,0
3EOA,5,12.287141799926758,11.416439056396484,24.407264709472656,0.0,0.04171155154404047,-16.698015213012695,1
3EOA,6,26.524240493774414,24.2836971282959,71.87796020507812,0.0,0.005864207557987163,-19.627681732177734,0
3EOA,7,10.733585357666016,10.965163230895996,21.548025131225586,0.0,0.0510072881642713,-16.067825317382812,2
3EOA,8,10.193416595458984,12.045998573303223,23.346647262573242,0.0,0.044102690224230405,-17.581031799316406,0
3EOA,9,19.947763442993164,16.671377182006836,51.88566207885742,0.0,0.011388849822530021,-16.23454475402832,0
3EOA,10,8.61030101776123,9.609220504760742,21.6698055267334,0.0,0.052377295034307776,-16.66927719116211,0
3EOA,11,19.698532104492188,14.680013656616211,49.47153854370117,0.0,0.013002352748064721,-18.402305603027344,0
3EOA,12,17.738601684570312,15.173637390136719,48.98308181762695,0.0,0.012970011110299431,-17.04814910888672,0
3EOA,13,20.019285202026367,16.120288848876953,50.57692337036133,0.0,0.012017556489740159,-16.830556869506836,0
3EOA,14,19.802433013916016,15.087178230285645,50.12773895263672,0.0,0.012579096907706427,-17.826480865478516,0
1WDW,0,35.05352020263672,34.98381042480469,101.4400634765625,0.0,0.0029358090614994997,-17.83687400817871,1
1WDW,1,34.501033782958984,34.21828842163086,100.36402893066406,0.0,0.003013176751406881,-15.813482284545898,3
1WDW,2,33.45283889770508,33.58476257324219,99.83728790283203,0.0,0.0030624093408712968,-15.840499877929688,4
1WDW,3,7.644318103790283,7.923682689666748,17.20525550842285,0.0625,0.09776134481872086,-16.483325958251953,3
1WDW,4,13.07533073425293,14.498010635375977,28.11776351928711,0.0,0.03144147010729047,-17.51313018798828,9
1WDW,5,13.913789749145508,16.227245330810547,29.350196838378906,0.0,0.028617955840857707,-14.657264709472656,7
1WDW,6,27.36113166809082,26.958410263061523,75.84898376464844,0.0,0.005163050167981007,-15.098492622375488,2
1WDW,7,34.84999084472656,33.7937126159668,99.59260559082031,0.0,0.0030659605340530166,-13.137261390686035,3
1WDW,8,12.223540306091309,13.543557167053223,25.959152221679688,0.0,0.036317020405533744,-18.410303115844727,8
1WDW,9,33.42807388305664,33.973777770996094,100.0522689819336,0.0,0.003037104844875892,-15.628920555114746,3
1WDW,10,3.711238384246826,3.424901247024536,8.883255004882812,0.5625,0.40046938096697726,-15.633974075317383,7
1WDW,11,7.9152750968933105,8.00103759765625,17.369956970214844,0.0,0.07571781473918157,-18.697219848632812,3
1WDW,12,17.381013870239258,15.414948463439941,47.97210693359375,0.0,0.013273132437164464,-13.533946990966797,5
1WDW,13,2.4671177864074707,3.344768524169922,5.591540813446045,0.5,0.45513547191185344,-16.22522735595703,4
1WDW,14,33.73891067504883,34.843624114990234,100.8909912109375,0.0,0.00296591872546464,-15.191781997680664,8
2I25,0,9.345898628234863,7.270382881164551,28.736530303955078,0.0,0.040427240563693234,-16.86295509338379,0
2I25,1,15.054280281066895,13.85551929473877,31.886112213134766,0.0,0.025977107808794624,-16.888912200927734,1
2I25,2,10.07226848602295,5.857147216796875,25.30914878845215,0.0,0.0543031712217232,-17.277677536010742,0
2I25,3,15.679815292358398,12.944137573242188,31.280254364013672,0.0,0.027338076014732093,-17.550270080566406,1
2I25,4,11.756678581237793,6.869102478027344,37.03853988647461,0.0,0.03184858362745606,-15.193753242492676,0
2I25,5,6.162771224975586,4.6815314292907715,22.222349166870117,0.0,0.07357822802806238,-17.25922966003418,0
2I25,6,15.190560340881348,12.230985641479492,30.488304138183594,0.0,0.028979562529938205,-16.955307006835938,0
2I25,7,17.15315818786621,14.407499313354492,30.882749557495117,0.0,0.027047556257270716,-17.185104370117188,0
2I25,8,15.267127990722656,13.351780891418457,33.23453903198242,0.0,0.02462003427177691,-19.523239135742188,0
2I25,9,16.155441284179688,13.33992862701416,33.92733383178711,0.0,0.02384891675385067,-21.02600860595703,0
2I25,10,7.285360813140869,5.031712055206299,17.13526153564453,0.384615,0.22123567459485885,-19.2251033782959,3
2I25,11,6.380362510681152,4.700092315673828,23.919645309448242,0.0,0.06818567730924031,-19.677087783813477,3
2I25,12,16.104185104370117,11.815491676330566,32.185081481933594,0.0,0.027020378355580615,-17.743398666381836,0
2I25,13,7.664105415344238,5.8299150466918945,27.827449798583984,0.0,0.0491431100161849,-16.30665397644043,1
2I25,14,10.03244686126709,6.686507701873779,31.787229537963867,0.0,0.0382154743245757,-14.506157875061035,0
1GCQ,0,11.00312614440918,13.275409698486328,28.31524658203125,0.0,0.03175719916266598,-19.577939987182617,1
1GCQ,1,13.377299308776855,14.06968879699707,35.698974609375,0.0,0.021629800554361773,-24.772512435913086,0
1GCQ,2,11.907565116882324,12.560898780822754,23.26397705078125,0.0,0.043944761671888544,-23.162883758544922,0
1GCQ,3,10.991626739501953,13.482925415039062,28.723403930664062,0.0,0.03091547622038962,-17.50409507751465,0
1GCQ,4,11.120623588562012,13.760831832885742,33.62929153442383,0.0,0.023930604128599483,-16.227380752563477,0
1GCQ,5,12.050028800964355,12.696063995361328,33.975563049316406,0.0,0.024223235969321036,-21.344070434570312,0
1GCQ,6,13.055683135986328,13.70228099822998,35.2749137878418,0.0,0.022239804974129102,-24.27876091003418,0
1GCQ,7,12.655831336975098,12.934670448303223,36.70903396606445,0.0,0.0213857702568663,-25.786602020263672,0
1GCQ,8,15.417399406433105,16.16054344177246,42.89403533935547,0.0,0.015442147060849955,-14.711493492126465,0
1GCQ,9,13.580859184265137,14.035100936889648,39.810733795166016,0.0,0.01829744796545835,-17.13845443725586,0
1GCQ,10,12.992569923400879,12.59862232208252,27.238075256347656,0.0,0.034239590860714035,-23.583858489990234,1
1GCQ,11,10.774173736572266,12.988648414611816,27.10120391845703,0.0,0.034240323435633664,-17.510522842407227,0
1GCQ,12,12.878355979919434,13.591796875,43.3099365234375,0.0,0.016374078904960895,-15.961736679077148,0
1GCQ,13,12.040051460266113,14.361921310424805,41.43795394897461,0.0,0.017056100577552195,-20.77243995666504,0
1GCQ,14,12.971366882324219,14.690323829650879,40.041358947753906,0.0,0.017812789912509636,-16.735458374023438,0
1ZLI,0,2.8751518726348877,3.7093870639801025,7.947583198547363,0.0,0.22469658393568007,-17.85504150390625,0
1ZLI,1,12.718274116516113,15.842202186584473,32.425193786621094,0.0,0.02439504556139155,-16.18305778503418,1
1ZLI,2,11.428529739379883,15.872701644897461,27.691532135009766,0.052632,0.049196897981812954,-13.909185409545898,5
1ZLI,3,13.643826484680176,16.985145568847656,39.11306381225586,0.0,0.017612103044473786,-21.362014770507812,8
1ZLI,4,6.344276428222656,7.216189384460449,16.98223304748535,0.0,0.08058448165785465,-16.797990798950195,0
1ZLI,5,11.976837158203125,16.71933937072754,29.01277732849121,0.0,0.029011223657172947,-14.914417266845703,1
1ZLI,6,13.800413131713867,15.907793045043945,36.5451545715332,0.0,0.02004472017774559,-16.485422134399414,0
1ZLI,7,11.67992877960205,16.519824981689453,27.7397403717041,0.0,0.031337000077152524,-13.550339698791504,6
1ZLI,8,10.989481925964355,13.976771354675293,27.461917877197266,0.0,0.03293776472578901,-18.13863182067871,8
1ZLI,9,10.160754203796387,13.543691635131836,24.111526489257812,0.052632,0.0584294924006985,-16.18386459350586,5
1ZLI,10,10.87488079071045,15.547701835632324,25.1245059967041,0.0,0.037308051006506145,-15.846957206726074,0
1ZLI,11,11.08678150177002,15.448297500610352,25.569143295288086,0.0,0.03628454136330348,-18.37516212463379,2
1ZLI,12,10.71307373046875,14.72476863861084,25.63644027709961,0.0,0.03643809909582289,-14.21359920501709,15
1ZLI,13,7.597894668579102,9.223164558410645,18.60799217224121,0.0,0.06613519616809121,-19.8238525390625,1
1ZLI,14,11.676254272460938,15.90993881225586,27.058032989501953,0.0,0.03287682203036723,-16.738323211669922,0
3L89,0,21.12238311767578,19.387327194213867,57.64036560058594,0.0,0.009077977586669788,-15.131023406982422,14
3L89,1,25.74155044555664,27.863506317138672,71.97113037109375,0.0,0.005548709475993463,-16.132061004638672,2
3L89,2,13.226781845092773,15.777487754821777,35.76191329956055,0.0,0.020810048947268157,-16.711923599243164,1
3L89,3,18.698122024536133,19.430952072143555,55.453529357910156,0.0,0.00962661645424078,-15.026189804077148,3
3L89,4,16.180660247802734,15.389141082763672,39.95453643798828,0.0,0.017570209997531394,-15.866596221923828,5
3L89,5,22.505895614624023,21.8712100982666,58.809120178222656,0.0,0.008381550294544377,-16.849992752075195,5
3L89,6,24.642311096191406,22.384479522705078,63.13158416748047,0.0,0.007425123651799637,-16.025829315185547,1
3L89,7,9.546701431274414,10.333928108215332,24.483591079711914,0.0625,0.06356603989719282,-15.404341697692871,14
3L89,8,16.664363861083984,16.96650505065918,42.129425048828125,0.0,0.015623391091282681,-14.303603172302246,8
3L89,9,23.725723266601562,25.074743270874023,65.96221160888672,0.0,0.006633301233504669,-16.23770523071289,2
3L89,10,21.382892608642578,24.51114845275879,63.32466506958008,0.0,0.00714319067640691,-15.160290718078613,0
3L89,11,26.313634872436523,26.499757766723633,70.50611877441406,0.0,0.0058398572255834,-17.18158721923828,2
3L89,12,11.483701705932617,10.958102226257324,29.514476776123047,0.0,0.03166042387476008,-17.051513671875,1
3L89,13,23.11091423034668,22.082191467285156,60.36907958984375,0.0,0.008010813250623777,-17.367374420166016,3
3L89,14,18.991004943847656,16.904821395874023,47.81757354736328,0.0,0.012814081000698746,-12.235231399536133,53
1H9D,0,6.1271843910217285,5.985851287841797,19.38180923461914,0.0,0.07346406204784672,-20.32240104675293,0
1H9D,1,10.760035514831543,10.252055168151855,41.27215576171875,0.0,0.020549369434052465,-18.493505477905273,1
1H9D,2,16.998668670654297,17.38821029663086,58.48811721801758,0.0,0.009356771751493707,-20.15975570678711,1
1H9D,3,12.728175163269043,11.762287139892578,43.312171936035156,0.0,0.01769610342315157,-21.2370662689209,0
1H9D,4,16.59978485107422,14.319809913635254,26.942567825317383,0.0,0.0337916933869722,-18.531352996826172,1
1H9D,5,15.8163480758667,13.709091186523438,26.346567153930664,0.0,0.03536775991843868,-19.621047973632812,1
1H9D,6,12.34931755065918,10.540998458862305,41.4979133605957,0.0,0.02003786823800911,-18.94818687438965,0
1H9D,7,12.837458610534668,12.033679962158203,43.13151931762695,0.0,0.017561743656226477,-22.28742790222168,0
1H9D,8,13.820221900939941,12.332375526428223,43.295082092285156,0.0,0.01723075415897937,-18.85230255126953,0
1H9D,9,3.468132972717285,3.34395694732666,8.247014045715332,0.090909,0.257840569651918,-18.425840377807617,0
1H9D,10,16.85280990600586,13.05594253540039,35.933128356933594,0.0,0.02200625735896447,-15.952503204345703,11
1H9D,11,15.724749565124512,13.628271102905273,27.081823348999023,0.0,0.03388190461996556,-18.753488540649414,2
1H9D,12,15.837437629699707,13.604913711547852,27.36882972717285,0.0,0.03332666658451112,-19.308643341064453,0
1H9D,13,11.382251739501953,10.947928428649902,41.829593658447266,0.0,0.019360477106574393,-20.56316566467285,1
1H9D,14,14.105778694152832,12.299322128295898,44.955322265625,0.0,0.01639059066839776,-19.170677185058594,1
1GHQ,0,21.673812866210938,23.124052047729492,58.090576171875,0.0,0.00838394947563602,-15.942337036132812,3
1GHQ,1,20.223541259765625,22.15146255493164,57.36637878417969,0.0,0.008682434030600338,-13.963603973388672,1
1GHQ,2,18.236658096313477,15.302370071411133,55.424869537353516,0.0,0.010832109164075699,-15.458500862121582,0
1GHQ,3,18.7908878326416,14.758712768554688,54.88446807861328,0.0,0.011215730378812119,-16.740924835205078,1
1GHQ,4,22.075084686279297,19.838109970092773,58.08428192138672,0.0,0.008883604204998211,-17.374347686767578,0
1GHQ,5,20.832950592041016,19.98809051513672,52.637786865234375,0.0,0.01033786070965622,-12.416102409362793,3
1GHQ,6,19.341800689697266,18.006460189819336,44.67929458618164,0.0,0.013940170008602449,-12.740856170654297,0
1GHQ,7,22.236526489257812,20.357524871826172,65.4211654663086,0.0,0.007333574208237815,-12.753826141357422,10
1GHQ,8,18.1986141204834,15.692293167114258,53.6038703918457,0.0,0.01119409955745676,-16.61195945739746,3
1GHQ,9,21.66565704345703,22.246185302734375,57.28582763671875,0.0,0.00868928173538666,-15.517205238342285,1
1GHQ,10,24.069202423095703,25.791067123413086,67.7807846069336,0.0,0.006284630246548702,-18.138174057006836,2
1GHQ,11,18.48317527770996,15.493121147155762,40.683753967285156,0.0,0.017037316152908953,-15.536641120910645,0
1GHQ,12,23.748329162597656,23.185110092163086,63.30903244018555,0.0,0.0072917727293257,-18.54060173034668,0
1GHQ,13,21.174354553222656,20.753063201904297,56.562339782714844,0.0,0.009093791373270238,-14.554242134094238,0
1GHQ,14,16.99280548095703,19.040586471557617,50.95798110961914,0.0,0.011079425302785122,-14.185515403747559,0
5Y9J,0,23.01218605041504,19.595935821533203,38.40210723876953,0.0,0.01750979299891382,-15.375082015991211,10
5Y9J,1,17.505361557006836,16.10041618347168,28.417226791381836,0.0,0.030242355261195758,-15.198391914367676,11
5Y9J,2,21.631311416625977,18.49582862854004,34.56827163696289,0.0,0.02118296860023906,-15.601858139038086,9
5Y9J,3,12.414580345153809,13.016139030456543,20.57647132873535,0.0,0.05295911018468998,-14.73232650756836,11
5Y9J,4,23.340242385864258,18.372447967529297,34.54706573486328,0.0,0.021234132318859456,-16.407920837402344,2
5Y9J,5,10.497275352478027,11.210415840148926,21.880455017089844,0.0,0.04957094942462826,-15.182524681091309,5
5Y9J,6,19.6053524017334,16.883056640625,35.75165939331055,0.0,0.020444434912521556,-15.082097053527832,15
5Y9J,7,21.693126678466797,17.77617073059082,54.343040466308594,0.0,0.010317032956146086,-15.877334594726562,12
5Y9J,8,25.5250244140625,20.276958465576172,46.99139404296875,0.0,0.012375023657302156,-16.121400833129883,14
5Y9J,9,15.89693832397461,15.311330795288086,32.800052642822266,0.0,0.024145549570799493,-15.424468994140625,24
5Y9J,10,15.03591251373291,14.503275871276855,31.029626846313477,0.0,0.02679478306987366,-14.865489959716797,8
5Y9J,11,29.148160934448242,22.183849334716797,70.11392974853516,0.0,0.006345120783062353,-16.603425979614258,9
5Y9J,12,25.993099212646484,20.482572555541992,75.29911041259766,0.0,0.005972244610875767,-15.390913009643555,5
5Y9J,13,11.42842960357666,9.64704704284668,34.9156379699707,0.0,0.026518311267820532,-15.772204399108887,10
5Y9J,14,20.506587982177734,16.39236831665039,44.248985290527344,0.0,0.014630348539795626,-15.077971458435059,11
4ETQ,0,21.6234188079834,16.04899787902832,51.73869705200195,0.0,0.011646916622710305,-12.68688678741455,18
4ETQ,1,26.3291015625,20.304903030395508,61.24384307861328,0.0,0.008108732425290094,-15.822277069091797,23
4ETQ,2,14.841851234436035,11.588556289672852,36.8044548034668,0.0,0.0223717612645021,-17.30986213684082,8
4ETQ,3,17.244626998901367,17.525634765625,33.70403289794922,0.0,0.02235710197880561,-17.477048873901367,1
4ETQ,4,9.607921600341797,9.593745231628418,21.397626876831055,0.0,0.05338514489718458,-14.15964126586914,5
4ETQ,5,14.848833084106445,18.34501838684082,36.84068298339844,0.0,0.01906131114419859,-16.136884689331055,21
4ETQ,6,16.994272232055664,16.56182098388672,31.470853805541992,0.0,0.025375201569991457,-18.215543746948242,9
4ETQ,7,14.57693099975586,12.686464309692383,31.68767738342285,0.0,0.026970507235185872,-15.895942687988281,9
4ETQ,8,23.468746185302734,15.767413139343262,52.861202239990234,0.333333,0.12250218475103676,-15.118257522583008,32
4ETQ,9,27.037405014038086,21.81447982788086,68.93885040283203,0.0,0.006560194544225457,-14.377058982849121,16
4ETQ,10,16.883323669433594,15.569450378417969,32.05513381958008,0.0,0.02496379349138506,-16.993600845336914,5
4ETQ,11,17.423641204833984,16.77276039123535,32.79676818847656,0.0,0.023625541332929528,-17.007022857666016,5
4ETQ,12,13.03333568572998,15.55166244506836,26.887956619262695,0.0,0.03335787523343798,-18.57123565673828,8
4ETQ,13,17.708263397216797,18.015064239501953,36.49419403076172,0.0,0.019447474454957432,-14.134475708007812,2
4ETQ,14,22.261295318603516,18.966110229492188,49.28937530517578,0.0,0.011698848966256954,-15.234489440917969,19
5JMO,0,12.36575698852539,16.05225944519043,36.574676513671875,0.0,0.019966346972516275,-13.765514373779297,0
5JMO,1,13.71912670135498,12.900510787963867,41.94260787963867,0.0,0.017596467474803302,-13.50068473815918,3
5JMO,2,14.36647891998291,11.599839210510254,48.80617141723633,0.0,0.015294945062787016,-12.779085159301758,6
5JMO,3,13.478117942810059,10.985255241394043,38.00495529174805,0.0,0.02198078003638466,-15.311644554138184,1
5JMO,4,12.815705299377441,9.72179889678955,39.851497650146484,0.0,0.022255474703124625,-13.830677032470703,3
5JMO,5,13.886333465576172,17.38633155822754,40.373138427734375,0.0,0.01661079696717518,-14.470207214355469,1
5JMO,6,11.697318077087402,12.653621673583984,48.78590774536133,0.0,0.01443989982943183,-12.817957878112793,7
5JMO,7,14.397591590881348,14.784512519836426,42.21299743652344,0.0,0.01638487037502891,-16.240690231323242,5
5JMO,8,14.220675468444824,17.401525497436523,36.28750991821289,0.0,0.019796704142119356,-13.523998260498047,4
5JMO,9,10.621174812316895,12.889927864074707,26.230043411254883,0.0,0.036131218993461174,-15.044339179992676,2
5JMO,10,14.319670677185059,15.579710006713867,42.29233932495117,0.0,0.01600332975438787,-15.754852294921875,4
5JMO,11,11.593170166015625,11.37057113647461,25.744834899902344,0.0,0.038466058546353564,-15.220773696899414,3
5JMO,12,9.638843536376953,9.034236907958984,38.115718841552734,0.0,0.024734433093945726,-13.439453125,5
5JMO,13,10.857514381408691,10.85715103149414,26.45870590209961,0.0,0.03742673441079575,-18.695327758789062,0
5JMO,14,10.61382007598877,11.555301666259766,25.611387252807617,0.0,0.03859657152572513,-17.361896514892578,0
1GPW,0,5.193674087524414,5.123344421386719,10.31293773651123,0.0,0.16115707319799236,-18.993671417236328,5
1GPW,1,5.19751501083374,5.563071250915527,9.470418930053711,0.0,0.17131058672773722,-20.064149856567383,5
1GPW,2,18.59799575805664,19.243759155273438,60.41552734375,0.0,0.0084830707737412,-14.972413063049316,0
1GPW,3,4.024668216705322,4.240231037139893,7.669590473175049,0.0,0.22081484599431922,-21.36639404296875,2
1GPW,4,8.993865966796875,9.131786346435547,16.850345611572266,0.0,0.07637247658072654,-19.69427490234375,0
1GPW,5,4.9463911056518555,4.5242743492126465,9.696634292602539,0.0,0.17785255327878682,-20.220382690429688,3
1GPW,6,11.724862098693848,12.849930763244629,36.357662200927734,0.0,0.021755887225424667,-15.891881942749023,0
1GPW,7,5.930454730987549,6.589926242828369,10.80971622467041,0.0,0.1437772790542263,-21.245031356811523,1
1GPW,8,14.528149604797363,14.614289283752441,24.385154724121094,0.0,0.0395881293674269,-17.441694259643555,5
1GPW,9,8.614566802978516,8.70744800567627,16.109403610229492,0.0,0.08219881219018384,-19.685131072998047,1
1GPW,10,18.164709091186523,17.686992645263672,63.7444953918457,0.0,0.008203754406366252,-14.764039993286133,7
1GPW,11,20.17198944091797,19.50020408630371,64.50928497314453,0.0,0.00764923007924785,-15.520976066589355,1
1GPW,12,9.403417587280273,8.894548416137695,17.305246353149414,0.0,0.074006588975309,-20.063526153564453,8
1GPW,13,5.72374153137207,5.868566513061523,11.188738822937012,0.0,0.1424207933907088,-20.35103416442871,4
1GPW,14,4.519792079925537,4.874388694763184,8.578482627868652,0.0,0.19397033038379177,-19.577726364135742,2
2C0L,0,12.748452186584473,12.315611839294434,25.00528335571289,0.0,0.03939989891352138,-20.313627243041992,0
2C0L,1,11.715713500976562,11.372753143310547,23.245342254638672,0.0,0.04501311245201604,-19.481321334838867,1
2C0L,2,11.558954238891602,11.540688514709473,23.186511993408203,0.0,0.0450272666103011,-18.104488372802734,0
2C0L,3,11.763505935668945,10.475861549377441,24.122657775878906,0.0,0.04351288401396508,-23.04869270324707,10
2C0L,4,11.307722091674805,10.327544212341309,22.282419204711914,0.0,0.04923039605931653,-22.49399185180664,0
2C0L,5,11.443720817565918,10.494778633117676,22.99269676208496,0.0,0.04675099910955479,-23.623199462890625,5
2C0L,6,15.26949691772461,16.3758487701416,41.38404083251953,0.0,0.016266383464909367,-18.650577545166016,2
2C0L,7,11.579778671264648,10.098284721374512,22.64055824279785,0.0,0.048374956259794155,-20.978445053100586,2
2C0L,8,11.872593879699707,11.743997573852539,23.254209518432617,0.0,0.044637716118593775,-19.75595474243164,0
2C0L,9,11.712264060974121,11.292059898376465,22.89948272705078,0.0,0.04614505609585984,-17.414392471313477,0
2C0L,10,10.433311462402344,9.730206489562988,20.563051223754883,0.0,0.05638223360989189,-21.08344841003418,12
2C0L,11,14.293108940124512,14.003426551818848,34.492530822753906,0.0,0.022864968992259954,-14.341874122619629,1
2C0L,12,11.662370681762695,10.341400146484375,23.141948699951172,0.0,0.04649226768973174,-18.314619064331055,0
2C0L,13,11.562737464904785,10.516120910644531,23.5004825592041,0.0,0.04520943413222278,-20.479938507080078,3
2C0L,14,11.375574111938477,10.307177543640137,22.407611846923828,0.0,0.04884459352432836,-19.702749252319336,0
1NW9,0,9.357090950012207,10.75699234008789,27.66958236694336,0.0,0.03510193985216429,-13.822229385375977,1
1NW9,1,17.89251136779785,21.857158660888672,51.24940872192383,0.0,0.010486425827660406,-16.15525245666504,5
1NW9,2,10.351284980773926,10.580613136291504,27.99659538269043,0.0,0.03470024609143443,-16.49040412902832,2
1NW9,3,16.516637802124023,17.827415466308594,51.95558166503906,0.0,0.0110324845419298,-17.266263961791992,0
1NW9,4,11.805566787719727,13.140432357788086,29.88701820373535,0.222222,0.10330596564100114,-18.887500762939453,1
1NW9,5,14.92844009399414,19.58543586730957,45.895328521728516,0.0,0.01299815606408633,-17.33451271057129,0
1NW9,6,8.59984302520752,10.142142295837402,19.119810104370117,0.0,0.06214291951695534,-13.451950073242188,1
1NW9,7,11.696640968322754,14.734837532043457,26.52781105041504,0.0,0.03445518533646906,-16.752910614013672,0
1NW9,8,15.3792085647583,16.843976974487305,45.13565444946289,0.0,0.014039387008782031,-18.705963134765625,0
1NW9,9,10.966617584228516,11.51484203338623,27.422399520874023,0.296296,0.1335463225957288,-15.7885160446167,5
1NW9,10,15.766194343566895,17.702991485595703,48.438507080078125,0.0,0.012333882707465401,-17.46468734741211,1
1NW9,11,11.562088966369629,13.385608673095703,29.586505889892578,0.222222,0.10362273041921904,-14.800728797912598,6
1NW9,12,14.701983451843262,19.004335403442383,45.14401626586914,0.0,0.013476403747937573,-17.954740524291992,0
1NW9,13,15.506669044494629,19.383380889892578,49.100128173828125,0.0,0.011683313288922637,-16.89100456237793,0
1NW9,14,14.812764167785645,19.054338455200195,46.314910888671875,0.0,0.012914462546838224,-18.22315216064453,0
1WQ1,0,12.3079195022583,10.70938491821289,21.581571578979492,0.0,0.051176870623846606,-16.26279640197754,5
1WQ1,1,13.466609954833984,11.898797035217285,23.32430648803711,0.0,0.04429342355004301,-16.556501388549805,2
1WQ1,2,21.232772827148438,18.78851890563965,53.03533172607422,0.0,0.010458925367262256,-17.502946853637695,0
1WQ1,3,6.801840305328369,5.986078262329102,12.316508293151855,0.0,0.1272343830360677,-16.668825149536133,9
1WQ1,4,3.340047836303711,2.98144268989563,6.544728755950928,0.5,0.4432660519873079,-20.995771408081055,1
1WQ1,5,3.1875104904174805,3.0003092288970947,6.157534122467041,0.333333,0.3963777004273157,-19.507488250732422,4
1WQ1,6,23.366792678833008,19.002653121948242,57.01263427734375,0.0,0.009312263110722028,-15.488441467285156,11
1WQ1,7,12.050410270690918,10.3718900680542,21.422515869140625,0.0,0.05216878129252875,-16.33599090576172,8
1WQ1,8,5.560695648193359,5.477376461029053,10.079381942749023,0.0,0.16178883436019517,-22.053791046142578,3
1WQ1,9,6.564718723297119,5.568469524383545,12.465641021728516,0.0,0.12834574050965222,-15.573933601379395,7
1WQ1,10,4.723471164703369,4.379240036010742,8.554019927978516,0.0,0.20061217080338245,-18.02936363220215,5
1WQ1,11,4.018856525421143,3.539217948913574,7.623802661895752,0.0,0.23548505162725644,-18.865982055664062,3
1WQ1,12,5.8436174392700195,5.191401481628418,10.795111656188965,0.0,0.15325490527695484,-17.429704666137695,8
1WQ1,13,5.038677215576172,4.5014848709106445,9.669679641723633,0.0,0.17861031818412673,-18.082544326782227,2
1WQ1,14,6.0110764503479,5.136635780334473,11.425911903381348,0.0,0.14494495114676267,-16.144540786743164,5
1ATN,0,27.315261840820312,32.73622131347656,83.86968994140625,0.0,0.0040873583380596915,-15.948941230773926,5
1ATN,1,16.069337844848633,19.972206115722656,39.11344909667969,0.0,0.016901917729024416,-14.54265022277832,2
1ATN,2,18.080251693725586,19.161212921142578,36.91614532470703,0.0,0.018812513057991705,-14.05158805847168,5
1ATN,3,17.53290557861328,18.623443603515625,36.3826789855957,0.0,0.019400785959808934,-13.721741676330566,0
1ATN,4,16.550077438354492,17.59273910522461,34.669883728027344,0.0,0.021305733483356775,-11.697061538696289,10
1ATN,5,17.0846004486084,14.972566604614258,52.1882438659668,0.0,0.011926233007009032,-17.262697219848633,0
1ATN,6,26.520235061645508,29.994808197021484,85.7882308959961,0.0,0.004072090273469908,-15.110897064208984,1
1ATN,7,17.100637435913086,17.931365966796875,36.02190017700195,0.0,0.01989765166700583,-14.293737411499023,6
1ATN,8,14.276901245117188,12.167282104492188,26.6336727142334,0.0,0.035803023618533034,-16.295360565185547,4
1ATN,9,21.62921142578125,24.646881103515625,63.470401763916016,0.0,0.007102996373396574,-15.894299507141113,0
1ATN,10,17.61728858947754,14.548468589782715,28.726778030395508,0.0,0.030340643301961272,-21.35542869567871,1
1ATN,11,18.399517059326172,13.690049171447754,35.65586471557617,0.0,0.0218788952581976,-14.87909984588623,3
1ATN,12,25.201372146606445,28.229970932006836,84.25393676757812,0.0,0.00429690618552377,-15.944302558898926,0
1ATN,13,16.18311882019043,12.435235023498535,28.275177001953125,0.0,0.03240744683021951,-17.17974090576172,5
1ATN,14,13.654999732971191,11.240795135498047,33.10395050048828,0.0,0.02644893590669598,-16.867589950561523,8
5C7X,0,13.877745628356934,12.157084465026855,36.61642837524414,0.0,0.022042469810160666,-16.051002502441406,8
5C7X,1,6.844925880432129,9.097424507141113,16.38668441772461,0.0,0.0794947349487829,-18.794952392578125,7
5C7X,2,5.251290798187256,6.716408729553223,12.55370044708252,0.0,0.12061667777041661,-19.459779739379883,2
5C7X,3,9.778493881225586,12.146822929382324,22.03055191040039,0.0,0.04819825977688621,-20.568143844604492,0
5C7X,4,10.09758472442627,12.28234577178955,23.422773361206055,0.058824,0.06329582747497038,-18.51228141784668,0
5C7X,5,8.078993797302246,8.298063278198242,24.049137115478516,0.0,0.0475638448584498,-15.600354194641113,6
5C7X,6,8.401408195495605,10.033702850341797,20.489933013916016,0.058824,0.07583602066925353,-17.981124877929688,2
5C7X,7,11.577128410339355,13.23144245147705,30.69878387451172,0.058824,0.047572863874634184,-18.747600555419922,2
5C7X,8,9.128662109375,11.06974983215332,20.757110595703125,0.176471,0.11270294087919679,-21.647308349609375,1
5C7X,9,18.924283981323242,18.902118682861328,55.971702575683594,0.0,0.00960010777085507,-18.764249801635742,2
5C7X,10,10.245774269104004,11.824280738830566,28.459333419799805,0.0,0.032579007024026115,-17.418502807617188,6
5C7X,11,6.901363372802734,9.196145057678223,16.701213836669922,0.0,0.07721686444872718,-20.468048095703125,7
5C7X,12,4.277704238891602,5.800849437713623,10.97334098815918,0.058824,0.1655010420429339,-18.355632781982422,9
5C7X,13,19.155109405517578,17.748645782470703,54.47774124145508,0.0,0.010285914219590913,-17.696691513061523,9
5C7X,14,4.141143321990967,5.586760997772217,9.983098030090332,0.058824,0.18211240562075148,-19.3443546295166,4
1E4K,0,26.353302001953125,26.662303924560547,78.33263397216797,0.0,0.004930949674225512,-15.957059860229492,0
1E4K,1,15.949482917785645,16.743019104003906,47.75975799560547,0.0,0.012888225398917506,-13.811566352844238,0
1E4K,2,12.765273094177246,14.26809310913086,24.783899307250977,0.0,0.03872556696093984,-16.626758575439453,0
1E4K,3,21.079078674316406,21.39893913269043,59.696556091308594,0.0,0.008253560306411526,-17.223485946655273,2
1E4K,4,27.351041793823242,23.550090789794922,72.78209686279297,0.0,0.005832068773700331,-16.305761337280273,0
1E4K,5,18.7135066986084,22.213228225708008,39.518798828125,0.0,0.016252093791906407,-20.72913360595703,0
1E4K,6,27.14554786682129,17.878536224365234,76.96092987060547,0.0,0.006347052914609894,-16.8018798828125,0
1E4K,7,14.952496528625488,15.426734924316406,31.57550811767578,0.0,0.0256452620612847,-16.374502182006836,0
1E4K,8,30.531618118286133,36.890804290771484,81.71466827392578,0.0,0.004118329523681767,-16.109132766723633,0
1E4K,9,28.360280990600586,33.19732666015625,79.73481750488281,0.0,0.004424682977814263,-22.532276153564453,0
1E4K,10,23.98203468322754,25.049476623535156,66.07269287109375,0.0,0.006617794759166126,-17.625274658203125,0
1E4K,11,33.143943786621094,37.41175079345703,89.22750854492188,0.0,0.0035327442002554654,-20.783920288085938,0
1E4K,12,23.3704776763916,21.267427444458008,60.90354919433594,0.0,0.008018708797503491,-22.31359100341797,0
1E4K,13,21.768463134765625,19.173175811767578,61.40205764770508,0.0,0.008295472398752146,-19.098499298095703,0
1E4K,14,23.18030548095703,19.587385177612305,64.31713104248047,0.0,0.007665372687500845,-15.870500564575195,0
2OT3,0,15.111540794372559,14.725242614746094,29.131460189819336,0.0,0.02957554444987633,-17.32440757751465,2
2OT3,1,7.351155757904053,6.675896644592285,13.47774600982666,0.1,0.1442067035861338,-18.710180282592773,7
2OT3,2,15.780723571777344,15.531691551208496,28.52639389038086,0.0,0.030262225438700715,-16.474899291992188,2
2OT3,3,10.90047836303711,10.748347282409668,21.21673583984375,0.0,0.05246930606495153,-15.183794021606445,3
2OT3,4,17.410001754760742,16.561067581176758,54.46578598022461,0.0,0.010637642374156125,-14.858757972717285,1
2OT3,5,19.720428466796875,16.740093231201172,57.644290924072266,0.0,0.00974857501692844,-15.241403579711914,6
2OT3,6,25.08999252319336,23.06359100341797,59.93075180053711,0.0,0.007977083941947724,-17.497371673583984,2
2OT3,7,6.106472969055176,5.848318576812744,10.972821235656738,0.05,0.16225019421398373,-19.482219696044922,2
2OT3,8,12.544602394104004,12.337615013122559,24.261430740356445,0.0,0.041297440277459754,-15.792635917663574,6
2OT3,9,7.004688262939453,7.500137805938721,20.068723678588867,0.0,0.06352142246326312,-19.1627197265625,1
2OT3,10,18.30522346496582,18.404691696166992,50.140621185302734,0.0,0.01151129739714779,-15.22656536102295,2
2OT3,11,17.269193649291992,17.285734176635742,40.748939514160156,0.0,0.016390408831228057,-13.169273376464844,1
2OT3,12,18.7252254486084,17.470172882080078,57.216102600097656,0.0,0.009637160336338515,-13.038779258728027,0
2OT3,13,23.06910514831543,15.725931167602539,58.171913146972656,0.0,0.0099734611374405,-15.304593086242676,0
2OT3,14,24.728256225585938,22.419021606445312,59.3760871887207,0.0,0.008179514764082498,-15.353075981140137,2
1R6Q,0,17.265357971191406,21.742006301879883,42.21449279785156,0.0,0.014566800477137473,-17.513639450073242,0
1R6Q,1,16.736284255981445,20.192157745361328,43.47946548461914,0.0,0.014099812410832094,-18.94071388244629,0
1R6Q,2,12.852945327758789,13.585399627685547,32.2173957824707,0.0,0.025707289257345518,-16.660259246826172,5
1R6Q,3,15.542561531066895,20.394527435302734,31.15492820739746,0.0,0.024886568197516303,-18.8760929107666,0
1R6Q,4,9.446534156799316,10.009042739868164,27.110952377319336,0.0,0.03715566636034242,-20.78602409362793,0
1R6Q,5,14.124759674072266,17.09773063659668,27.878719329833984,0.0,0.03089688819296128,-18.2640438079834,0
1R6Q,6,9.225358963012695,10.00790023803711,21.19938087463379,0.0,0.053490034137379204,-24.00994300842285,0
1R6Q,7,10.392494201660156,11.40018367767334,22.637022018432617,0.0,0.04686290063685395,-23.688413619995117,0
1R6Q,8,16.97539710998535,20.075572967529297,43.31839370727539,0.0,0.014209034398236777,-22.190147399902344,0
1R6Q,9,13.565159797668457,15.14380931854248,44.664981842041016,0.0,0.014888711812577412,-19.289552688598633,0
1R6Q,10,15.52558422088623,19.862403869628906,32.4858283996582,0.0,0.023248730758595102,-21.436620712280273,0
1R6Q,11,12.319470405578613,13.588632583618164,27.878849029541016,0.0,0.03236349083364823,-21.429170608520508,0
1R6Q,12,9.570632934570312,9.80616569519043,33.5317268371582,0.0,0.027747128409580005,-17.683834075927734,0
1R6Q,13,16.414379119873047,16.147029876708984,55.738121032714844,0.0,0.010427750907193847,-20.646976470947266,0
1R6Q,14,13.244118690490723,14.025734901428223,31.566593170166016,0.0,0.026304560454451276,-18.257160186767578,0
1Y64,0,37.956260681152344,38.095523834228516,81.72075653076172,0.0,0.0040836091776316075,-17.907371520996094,0
1Y64,1,7.87507438659668,7.119044780731201,14.914936065673828,0.0,0.09588949433629206,-14.136123657226562,14
1Y64,2,22.640026092529297,21.1329402923584,36.87986373901367,0.0,0.01848450734759869,-14.545425415039062,10
1Y64,3,21.801651000976562,21.658231735229492,34.47757339477539,0.0,0.020690555022176323,-17.29907989501953,2
1Y64,4,19.713302612304688,17.34459686279297,31.10125160217285,0.0,0.02564189925814685,-15.889963150024414,9
1Y64,5,40.458805084228516,39.00254440307617,84.21971893310547,0.0,0.0038534519406407705,-13.31679630279541,5
1Y64,6,22.793245315551758,23.378931045532227,36.67933654785156,0.0,0.018355080274351458,-16.63991928100586,1
1Y64,7,34.000614166259766,24.716371536254883,61.350494384765625,0.0,0.007501216957017939,-15.885942459106445,0
1Y64,8,35.27410888671875,33.836021423339844,76.31163024902344,0.0,0.004738695368737337,-15.960646629333496,9
1Y64,9,21.240047454833984,21.878053665161133,33.11281204223633,0.0,0.022166373748025783,-13.562445640563965,10
1Y64,10,40.80961608886719,40.06722640991211,86.5783920288086,0.0,0.0036487545478705256,-11.576632499694824,7
1Y64,11,16.23670768737793,16.509140014648438,26.614534378051758,0.0,0.03358223105096503,-13.639301300048828,12
1Y64,12,37.785308837890625,34.706382751464844,78.80457305908203,0.0,0.0044549411653852025,-15.037439346313477,4
1Y64,13,17.46038246154785,14.703786849975586,30.197031021118164,0.0,0.02790543830981934,-12.73224925994873,18
1Y64,14,24.847471237182617,20.379159927368164,38.621917724609375,0.0,0.01719565882062849,-11.78515625,8
3AAD,0,19.373065948486328,20.877208709716797,60.15210723876953,0.0,0.008237625630799187,-19.657649993896484,0
3AAD,1,18.799163818359375,19.720678329467773,56.66400909423828,0.0,0.009253033947002968,-19.442346572875977,0
3AAD,2,23.26825714111328,20.557109832763672,55.602027893066406,0.0,0.00937741942759967,-14.65229320526123,0
3AAD,3,21.508237838745117,17.804550170898438,66.1929931640625,0.0,0.0077566545117298,-20.484033584594727,0
3AAD,4,20.77971076965332,17.226696014404297,63.95241165161133,0.0,0.008294542325582478,-20.249675750732422,0
3AAD,5,26.71001434326172,22.56437110900879,66.19222259521484,0.0,0.006874097026554175,-16.004892349243164,2
3AAD,6,23.64383316040039,18.598033905029297,68.30387878417969,0.0,0.0072376960904239765,-19.987577438354492,0
3AAD,7,23.219139099121094,18.013776779174805,66.31607055664062,0.0,0.007683044328207563,-18.605541229248047,0
3AAD,8,22.341320037841797,20.26152229309082,67.71524810791016,0.0,0.006987706616329733,-18.781898498535156,0
3AAD,9,18.04244613647461,17.87858772277832,54.22541809082031,0.0,0.010324040436094526,-22.838909149169922,0
3AAD,10,10.675444602966309,10.862177848815918,24.176483154296875,0.0,0.04290802813504055,-14.844928741455078,3
3AAD,11,27.1923770904541,21.61576271057129,66.19971466064453,0.0,0.007003807045737234,-18.430564880371094,0
3AAD,12,19.607839584350586,15.074241638183594,59.55843734741211,0.0,0.009922071096080913,-17.721406936645508,0
3AAD,13,18.696958541870117,19.736106872558594,56.87032699584961,0.0,0.009198086570659757,-19.626245498657227,0
3AAD,14,21.1741943359375,17.314529418945312,63.55299377441406,0.0,0.008341025142792826,-19.646484375,0
1F34,0,15.992619514465332,17.755464553833008,42.82964324951172,0.0,0.014993528988727474,-19.50932502746582,1
1F34,1,15.702486038208008,14.677726745605469,47.75825500488281,0.0,0.013680056670576488,-17.865089416503906,0
1F34,2,15.3301362991333,16.237228393554688,42.149600982666016,0.0,0.015846828659462447,-20.019969940185547,0
1F34,3,20.03734016418457,18.919038772583008,49.623477935791016,0.0,0.01158359688879697,-14.918752670288086,7
1F34,4,16.018672943115234,16.06315040588379,45.150577545166016,0.0,0.014291012670139954,-15.490443229675293,3
1F34,5,18.054174423217773,15.987974166870117,44.235870361328125,0.065217,0.036516689109501475,-16.703285217285156,4
1F34,6,15.286236763000488,14.852351188659668,41.79543685913086,0.0,0.016604693627269036,-18.989810943603516,0
1F34,7,16.15839385986328,15.292865753173828,46.2960319519043,0.0,0.014046354393730955,-18.168018341064453,1
1F34,8,18.000892639160156,17.739734649658203,51.70893096923828,0.0,0.011136447046401004,-18.435806274414062,0
1F34,9,16.75411033630371,16.050601959228516,48.55567169189453,0.0,0.012797269527769675,-17.76343536376953,3
1F34,10,16.633628845214844,16.550613403320312,46.56302261352539,0.0,0.01346542711066633,-19.39405059814453,0
1F34,11,19.025327682495117,17.55663299560547,50.47111892700195,0.0,0.011609145057547137,-15.917025566101074,0
1F34,12,19.11103630065918,17.05015754699707,46.919822692871094,0.021739,0.020398469561447516,-18.355121612548828,0
1F34,13,15.41686725616455,15.567814826965332,43.34286117553711,0.0,0.015411167908462786,-15.53124713897705,3
1F34,14,15.73621654510498,15.801127433776855,46.94528579711914,0.0,0.013557987773225639,-16.28668975830078,0
1MAH,0,12.973287582397461,17.570711135864258,47.65449142456055,0.0,0.01268969653898349,-18.057815551757812,5
1MAH,1,2.3959381580352783,3.1880669593811035,8.961267471313477,0.166667,0.27383971217077324,-16.285289764404297,2
1MAH,2,4.952054977416992,8.502391815185547,17.236242294311523,0.0,0.07526837062117021,-16.769140243530273,4
1MAH,3,4.3835601806640625,6.113944053649902,16.088075637817383,0.0,0.09166748176010124,-18.720008850097656,0
1MAH,4,2.13596510887146,3.3740148544311523,7.330367565155029,0.555556,0.43135636688283113,-14.436943054199219,3
1MAH,5,7.008336544036865,12.278675079345703,22.317018508911133,0.0,0.047130739432203556,-13.23233413696289,22
1MAH,6,8.281766891479492,14.687230110168457,26.81243324279785,0.0,0.03388159000287459,-13.164928436279297,37
1MAH,7,3.428388833999634,4.576704025268555,12.797467231750488,0.0,0.1343699957404077,-19.0279483795166,3
1MAH,8,5.696910858154297,10.937760353088379,18.762876510620117,0.0,0.06291411267146237,-17.176916122436523,4
1MAH,9,4.401014804840088,7.695154666900635,14.357755661010742,0.0,0.09870971958928403,-17.53168487548828,4
1MAH,10,5.101573467254639,9.722900390625,16.336673736572266,0.0,0.07876275294998036,-18.55207061767578,4
1MAH,11,5.436409950256348,10.503678321838379,17.178573608398438,0.0,0.07222112518134334,-16.37227439880371,6
1MAH,12,4.01613187789917,6.168849468231201,13.160530090332031,0.0,0.11672752986320184,-12.04410457611084,23
1MAH,13,3.0287632942199707,5.023873329162598,11.08419132232666,0.0,0.15071842805307598,-16.78838539123535,1
1MAH,14,2.3252663612365723,3.840717315673828,8.172487258911133,0.222222,0.29140087685491217,-13.826122283935547,7
4DW2,0,14.912464141845703,14.944302558898926,35.36519241333008,0.0,0.021529039997359212,-17.28155517578125,2
4DW2,1,7.992380142211914,6.502354621887207,16.15574073791504,0.0,0.08910868631850284,-16.838247299194336,4
4DW2,2,21.373207092285156,13.728461265563965,49.79226303100586,0.0,0.013371273241464733,-17.804189682006836,0
4DW2,3,10.236374855041504,8.095637321472168,20.828014373779297,0.0,0.058653922149803465,-16.233121871948242,3
4DW2,4,15.234262466430664,14.94386100769043,35.789276123046875,0.0,0.021123267331437146,-16.53786277770996,5
4DW2,5,12.939522743225098,8.993697166442871,29.09889030456543,0.0,0.03522745043006789,-17.5583438873291,6
4DW2,6,22.61939239501953,12.73613166809082,48.23847961425781,0.0,0.014598470184963705,-16.228845596313477,50
4DW2,7,21.763586044311523,13.805145263671875,50.396324157714844,0.0,0.01310952128008232,-16.531803131103516,2
4DW2,8,11.24206829071045,8.942486763000488,22.427961349487305,0.0,0.05098695889682898,-17.801006317138672,4
4DW2,9,11.839306831359863,8.723244667053223,24.96558380126953,0.0,0.04419889680551944,-16.052759170532227,5
4DW2,10,21.538528442382812,13.569059371948242,49.85598373413086,0.0,0.013439655625212628,-16.420751571655273,5
4DW2,11,23.20461654663086,16.53847885131836,53.67564392089844,0.0,0.010874296274247998,-15.125513076782227,30
4DW2,12,11.980279922485352,9.612110137939453,22.762229919433594,0.222222,0.12279223273056838,-16.90270233154297,9
4DW2,13,11.045662879943848,8.079923629760742,24.652132034301758,0.0,0.046523158156945556,-16.502355575561523,11
4DW2,14,12.955517768859863,12.382320404052734,27.051002502441406,0.0,0.03477506703322035,-16.866262435913086,14
1S1Q,0,12.946427345275879,14.187935829162598,31.527324676513672,0.0,0.026272180133171317,-19.437191009521484,0
1S1Q,1,16.324621200561523,16.535112380981445,55.39170837402344,0.0,0.01038939488861106,-16.604734420776367,1
1S1Q,2,14.019320487976074,17.05867576599121,37.14253234863281,0.0,0.01914595885301357,-15.468555450439453,0
1S1Q,3,9.997650146484375,10.13088321685791,32.77700424194336,0.0,0.028155160600357675,-21.086538314819336,0
1S1Q,4,14.71640682220459,16.5957088470459,39.3430061340332,0.0,0.017566206281356463,-15.692412376403809,3
1S1Q,5,10.564095497131348,11.105366706848145,33.63581848144531,0.0,0.025981440288984883,-22.013080596923828,0
1S1Q,6,14.839593887329102,16.46682357788086,39.369667053222656,0.0,0.01758907484887972,-15.70710563659668,0
1S1Q,7,15.334810256958008,16.403470993041992,43.32282638549805,0.0,0.015120244865572507,-14.878055572509766,6
1S1Q,8,14.16999626159668,16.023929595947266,37.154483795166016,0.0,0.01947383120016153,-16.005348205566406,1
1S1Q,9,11.62471866607666,12.806425094604492,34.60380172729492,0.0,0.023479292557253072,-19.5596923828125,2
1S1Q,10,18.21249008178711,18.969511032104492,53.36318588256836,0.0,0.010319351767057519,-20.52532196044922,0
1S1Q,11,13.195314407348633,15.264105796813965,36.73017501831055,0.0,0.020132110191467777,-15.808870315551758,0
1S1Q,12,17.93253517150879,17.945829391479492,52.93955993652344,0.0,0.01068991092795339,-21.504404067993164,0
1S1Q,13,15.04940414428711,17.404014587402344,41.42026138305664,0.0,0.01592807903785494,-13.683713912963867,0
1S1Q,14,17.132465362548828,16.95499610900879,49.32294845581055,0.0,0.01220278209372762,-14.400656700134277,0
1GLA,0,17.569650650024414,12.541014671325684,48.74264907836914,0.0,0.014538974887555489,-15.056090354919434,2
1GLA,1,16.626667022705078,9.12472152709961,49.47274398803711,0.0,0.01832847605215789,-15.35322380065918,9
1GLA,2,16.65557289123535,13.131958961486816,53.63775634765625,0.0,0.012459007712266879,-13.335723876953125,0
1GLA,3,27.89938735961914,19.70390510559082,76.44243621826172,0.0,0.005991735100644026,-20.406892776489258,12
1GLA,4,27.76072120666504,21.652950286865234,80.088134765625,0.0,0.005304937821685454,-19.282350540161133,3
1GLA,5,26.59817886352539,22.090452194213867,78.4667739868164,0.0,0.00539601644954935,-19.799036026000977,0
1GLA,6,29.219329833984375,21.41706657409668,79.97135162353516,0.0,0.005350757948178513,-17.466920852661133,1
1GLA,7,15.834906578063965,12.971101760864258,52.42878723144531,0.0,0.012935918215409755,-13.367329597473145,0
1GLA,8,16.095701217651367,13.277430534362793,52.62934112548828,0.0,0.012674523965137121,-14.372357368469238,0
1GLA,9,18.834131240844727,13.159272193908691,54.05522155761719,0.0,0.012318822458074093,-14.40881061553955,0
1GLA,10,16.01869010925293,12.999418258666992,48.64704513549805,0.0,0.014255084793940678,-17.580904006958008,1
1GLA,11,17.84182357788086,11.630760192871094,55.40959930419922,0.0,0.013117384268863636,-12.921570777893066,0
1GLA,12,26.15731430053711,21.308433532714844,76.7571029663086,0.0,0.005681841238737638,-19.77587127685547,3
1GLA,13,29.26934242248535,21.346651077270508,80.28775024414062,0.0,0.005332491492736995,-18.029251098632812,2
1GLA,14,17.40514373779297,11.644619941711426,49.9047966003418,0.0,0.014838306473267587,-12.961429595947266,0
1KLU,0,19.116491317749023,13.256653785705566,45.43788528442383,0.0,0.015484222960121018,-18.764358520507812,6
1KLU,1,25.40322494506836,17.941219329833984,71.02406311035156,0.0,0.007020673514322054,-17.256837844848633,4
1KLU,2,30.381179809570312,20.676610946655273,76.47264099121094,0.0,0.0058130246885481,-15.052123069763184,4
1KLU,3,29.190271377563477,27.437183380126953,84.4134521484375,0.0,0.00433920514174108,-15.869597434997559,1
1KLU,4,27.295215606689453,18.363197326660156,78.73238372802734,0.0,0.006049816874818232,-17.375417709350586,3
1KLU,5,25.583677291870117,22.000364303588867,74.12498474121094,0.0,0.005868637763078035,-13.556976318359375,3
1KLU,6,19.964502334594727,14.684562683105469,43.537357330322266,0.0,0.015681172635113327,-18.93414306640625,3
1KLU,7,19.885631561279297,14.092182159423828,46.7886848449707,0.0,0.014383922216225378,-19.388280868530273,5
1KLU,8,30.057035446166992,17.40264892578125,72.77469635009766,0.0,0.006944316112397458,-17.78473663330078,7
1KLU,9,18.674755096435547,18.529041290283203,44.664039611816406,0.0,0.013820927462804528,-13.586400985717773,10
1KLU,10,15.097317695617676,9.302811622619629,37.481536865234375,0.0,0.024750976197293495,-17.199359893798828,11
1KLU,11,26.538597106933594,26.54930877685547,77.62578582763672,0.0,0.005010020783256725,-16.59834861755371,1
1KLU,12,24.017698287963867,20.225465774536133,75.19273376464844,0.0,0.006029216468429118,-17.182193756103516,0
1KLU,13,19.635343551635742,15.42921257019043,43.7967643737793,0.0,0.015220666457316921,-19.972063064575195,1
1KLU,14,30.172990798950195,16.587255477905273,76.13066101074219,0.0,0.00680789494144347,-19.159387588500977,2
6AL0,0,15.216057777404785,8.877562522888184,31.708974838256836,0.0,0.03159906330797159,-15.328071594238281,7
6AL0,1,10.874256134033203,6.647892475128174,23.885040283203125,0.15,0.103617805560773,-14.15364933013916,13
6AL0,2,16.018529891967773,8.424564361572266,39.2625846862793,0.0,0.025166007617255983,-14.935853958129883,6
6AL0,3,15.03192138671875,10.011231422424316,33.820682525634766,0.0,0.02712280618707862,-14.11393928527832,40
6AL0,4,18.459936141967773,11.687826156616211,35.97236251831055,0.0,0.02302849224279079,-13.890159606933594,3
6AL0,5,17.68486976623535,10.069087982177734,35.37029266357422,0.0,0.025436176595467878,-13.165582656860352,12
6AL0,6,18.040821075439453,11.955254554748535,39.69671630859375,0.0,0.019779038133406614,-14.795702934265137,45
6AL0,7,19.998363494873047,14.529014587402344,43.204681396484375,0.0,0.015936645345318294,-15.516655921936035,52
6AL0,8,17.576675415039062,12.169790267944336,34.93748474121094,0.0,0.02361592900326928,-16.21675682067871,5
6AL0,9,21.965312957763672,15.930115699768066,50.77470779418945,0.0,0.01201642457256819,-14.577046394348145,65
6AL0,10,15.256522178649902,10.200157165527344,34.207763671875,0.0,0.02644014969017433,-13.4515380859375,41
6AL0,11,16.06710433959961,11.766016006469727,37.73912048339844,0.0,0.021424102762391314,-13.675180435180664,42
6AL0,12,16.99036979675293,13.742767333984375,36.22927474975586,0.0,0.02131543611271978,-16.621673583984375,5
6AL0,13,23.343807220458984,11.8932523727417,50.45952606201172,0.0,0.01441690710557166,-16.756866455078125,41
6AL0,14,21.233915328979492,9.523633003234863,42.534358978271484,0.0,0.02086949381287949,-15.494003295898438,60
1KAC,0,6.6881256103515625,6.757673740386963,20.248855590820312,0.0,0.06559018822298825,-15.728161811828613,0
1KAC,1,6.152859687805176,7.333676338195801,18.915353775024414,0.0,0.06938747844973088,-15.97995376586914,2
1KAC,2,10.381711959838867,9.71981143951416,24.918336868286133,0.0,0.04249754858359539,-19.355819702148438,0
1KAC,3,16.23419952392578,13.21895694732666,46.51420593261719,0.0,0.015009089973035577,-17.56962776184082,0
1KAC,4,17.749446868896484,13.785176277160645,54.90010452270508,0.0,0.0117039145574835,-20.08897590637207,0
1KAC,5,11.444243431091309,14.431306838989258,31.188722610473633,0.0,0.026609283353932412,-12.220929145812988,0
1KAC,6,16.279508590698242,15.254996299743652,32.06387710571289,0.0,0.025079096161992383,-19.827877044677734,0
1KAC,7,17.881563186645508,14.569659233093262,47.728118896484375,0.0,0.013743349609921539,-16.67667007446289,0
1KAC,8,8.025477409362793,7.2050580978393555,29.4486141204834,0.0,0.03948212374523641,-18.728485107421875,1
1KAC,9,17.101821899414062,15.487680435180664,36.011749267578125,0.0,0.020688341597339538,-13.167452812194824,0
1KAC,10,16.991609573364258,14.68321418762207,44.18705749511719,0.0,0.015337282504948266,-14.198476791381836,0
1KAC,11,12.85027027130127,11.44293212890625,30.738027572631836,0.0,0.029310006960482315,-16.8585205078125,0
1KAC,12,13.035118103027344,15.490816116333008,30.57613182067871,0.0,0.02700878151835613,-13.313467025756836,0
1KAC,13,7.211944103240967,5.966408729553223,26.731590270996094,0.0,0.050424221879360964,-17.86954689025879,0
1KAC,14,19.095979690551758,15.150699615478516,48.38393020629883,0.0,0.013215242765471454,-19.93118667602539,3
4G6J,0,21.233598709106445,20.40144157409668,53.186580657958984,0.0,0.010093804809973591,-15.824300765991211,3
4G6J,1,12.800333023071289,17.00187873840332,28.007776260375977,0.0,0.030686764031499628,-18.129117965698242,1
4G6J,2,12.102913856506348,16.385175704956055,24.533952713012695,0.0,0.03849356128901622,-16.63909339904785,6
4G6J,3,33.80692672729492,30.931636810302734,85.82060241699219,0.0,0.004020179019392286,-18.41016960144043,10
4G6J,4,11.526107788085938,15.205131530761719,23.212297439575195,0.0,0.042625072768092666,-17.683835983276367,4
4G6J,5,23.480899810791016,21.329837799072266,60.155696868896484,0.0,0.008165331787323723,-19.212650299072266,0
4G6J,6,12.72492790222168,17.342077255249023,27.47670555114746,0.0,0.03158886692637498,-16.589658737182617,5
4G6J,7,24.66659927368164,23.383169174194336,63.84375762939453,0.0,0.0071716894719148815,-18.205360412597656,1
4G6J,8,21.650230407714844,20.837215423583984,54.59465026855469,0.0,0.009607316852316252,-16.179645538330078,1
4G6J,9,13.089868545532227,17.849245071411133,29.65949058532715,0.0,0.027636909602961477,-19.58461570739746,2
4G6J,10,12.099116325378418,16.877079010009766,24.362041473388672,0.0,0.038786707173099906,-18.536584854125977,4
4G6J,11,24.538272857666016,25.195842742919922,62.65462875366211,0.0,0.00720131277559996,-17.295026779174805,9
4G6J,12,12.689227104187012,16.88161849975586,27.44776725769043,0.0,0.0317807124083369,-17.270263671875,1
4G6J,13,9.702778816223145,10.348443031311035,19.756155014038086,0.0,0.058925126765816495,-16.335481643676758,1
4G6J,14,22.301368713378906,21.652225494384766,56.53564453125,0.0,0.008960371985087005,-18.797855377197266,0
2GAF,0,14.521985054016113,15.214388847351074,41.055625915527344,0.0,0.016909589048368787,-19.645105361938477,5
2GAF,1,17.207040786743164,17.602222442626953,36.850948333740234,0.0,0.019241804125273525,-16.642601013183594,7
2GAF,2,8.886847496032715,9.764326095581055,18.511926651000977,0.222222,0.13979937122897043,-19.607707977294922,12
2GAF,3,18.175058364868164,17.100393295288086,31.141830444335938,0.0,0.02565638353538137,-16.829200744628906,8
2GAF,4,13.553238868713379,14.358238220214844,25.231632232666016,0.222222,0.11164622077306008,-19.373441696166992,5
2GAF,5,17.89887809753418,17.631847381591797,33.605308532714844,0.0,0.02243843096429778,-17.663589477539062,4
2GAF,6,25.11653709411621,28.10112762451172,68.73111724853516,0.0,0.005968380409469135,-15.115777969360352,6
2GAF,7,6.338319301605225,6.912899494171143,11.419047355651855,0.0,0.13383370687575646,-19.915536880493164,8
2GAF,8,17.962499618530273,17.475257873535156,31.783954620361328,0.0,0.02468646121363834,-15.12065601348877,4
2GAF,9,18.914743423461914,18.167299270629883,31.61971092224121,0.0,0.02472161151415278,-20.34468650817871,0
2GAF,10,14.654434204101562,14.363445281982422,25.976900100708008,0.0,0.035834054382345285,-17.287425994873047,6
2GAF,11,24.68197250366211,26.256227493286133,61.22765350341797,0.0,0.007387142893879595,-14.928166389465332,8
2GAF,12,19.5225887298584,18.186946868896484,53.0793342590332,0.0,0.010586447885582032,-15.940007209777832,6
2GAF,13,17.169986724853516,19.075077056884766,46.149024963378906,0.0,0.012985686510901035,-17.378644943237305,10
2GAF,14,15.049479484558105,13.2959623336792,27.030101776123047,0.0,0.034185495692418154,-18.851119995117188,9
1PVH,0,12.35222053527832,9.55986213684082,19.84022331237793,0.0,0.059703104884697544,-14.847379684448242,6
1PVH,1,23.25075912475586,20.61017608642578,56.58095932006836,0.0,0.00911303049402244,-19.902936935424805,1
1PVH,2,16.527172088623047,10.778863906860352,35.28529357910156,0.0,0.024614964166099998,-13.733399391174316,1
1PVH,3,22.466543197631836,12.10904598236084,54.49691390991211,0.0,0.012954162994475623,-14.539225578308105,1
1PVH,4,11.19814682006836,9.599879264831543,24.37117576599121,0.0,0.04409434564376577,-13.648633003234863,4
1PVH,5,8.669337272644043,8.901712417602539,13.970117568969727,0.0,0.09926357288598543,-19.357955932617188,0
1PVH,6,8.871328353881836,9.791543006896973,13.524164199829102,0.0,0.1020311708580068,-18.5181941986084,0
1PVH,7,8.740925788879395,9.605459213256836,13.90534782409668,0.0,0.09860749263113545,-17.107635498046875,1
1PVH,8,12.946894645690918,11.59041690826416,25.54138946533203,0.0,0.03872712649322239,-18.697044372558594,3
1PVH,9,23.274160385131836,14.38881778717041,59.41371154785156,0.0,0.010269233770835863,-15.881906509399414,15
1PVH,10,22.52881622314453,15.459484100341797,59.1306266784668,0.0,0.009857389450910215,-18.545900344848633,1
1PVH,11,24.58893394470215,17.480607986450195,63.16777420043945,0.0,0.00836480098350088,-21.579105377197266,1
1PVH,12,23.505414962768555,14.881085395812988,62.216644287109375,0.0,0.009460375307397703,-16.571002960205078,7
1PVH,13,8.79760456085205,9.907646179199219,13.540078163146973,0.0,0.10169801432637306,-17.045358657836914,0
1PVH,14,10.366985321044922,10.122179985046387,17.29526710510254,0.0,0.07201161645429836,-19.316728591918945,0
1OPH,0,18.541149139404297,13.047579765319824,41.352970123291016,0.0,0.017860459903423685,-16.722583770751953,5
1OPH,1,17.95505142211914,12.885007858276367,38.1754150390625,0.0,0.020201761992891167,-16.353927612304688,7
1OPH,2,10.395224571228027,6.778630256652832,33.02713394165039,0.0,0.0362674204210922,-13.048248291015625,8
1OPH,3,18.167715072631836,13.354272842407227,40.368133544921875,0.0,0.018304513458977857,-16.037918090820312,9
1OPH,4,17.71406364440918,12.435648918151855,36.74407958984375,0.0,0.021712002484240087,-16.169960021972656,10
1OPH,5,28.413599014282227,25.935684204101562,89.18565368652344,0.0,0.004111800575855828,-13.863622665405273,4
1OPH,6,13.668944358825684,11.038686752319336,24.831279754638672,0.0,0.04100542046700107,-13.345462799072266,5
1OPH,7,24.758882522583008,15.116484642028809,49.83749771118164,0.0,0.01267233454090419,-12.570638656616211,128
1OPH,8,8.81137752532959,7.179836750030518,29.50412368774414,0.0,0.03948651938390999,-13.063097953796387,7
1OPH,9,11.221172332763672,8.367332458496094,35.161598205566406,0.0,0.02878292387549679,-17.898059844970703,1
1OPH,10,16.527807235717773,9.567087173461914,28.343063354492188,0.290323,0.13227744716447257,-15.49072551727295,4
1OPH,11,30.72954750061035,31.17679786682129,94.08476257324219,0.0,0.003468485537021105,-12.894923210144043,12
1OPH,12,28.542451858520508,20.39963722229004,59.94429016113281,0.0,0.008362714203284927,-12.951263427734375,155
1OPH,13,18.681930541992188,13.674269676208496,41.93656539916992,0.0,0.017116951407156435,-15.356058120727539,8
1OPH,14,18.486541748046875,13.405893325805664,41.02470397949219,0.0,0.01784214101003045,-14.92253589630127,9
1J2J,0,12.385828018188477,13.96307373046875,36.58980178833008,0.0,0.020870413191456036,-18.306758880615234,0
1J2J,1,8.352411270141602,7.905244827270508,22.008678436279297,0.0,0.05485045576987411,-23.001577377319336,7
1J2J,2,7.07075309753418,7.749924182891846,22.763954162597656,0.0,0.052824599954041894,-19.5490665435791,0
1J2J,3,6.894455909729004,6.873000144958496,19.13956642150879,0.0,0.07006808980786051,-15.67263126373291,0
1J2J,4,3.263669013977051,3.456563949584961,10.981624603271484,0.0,0.17770866542283867,-19.590295791625977,0
1J2J,5,8.061023712158203,9.12169361114502,20.0024356842041,0.0,0.05976299961982265,-16.83186149597168,6
1J2J,6,5.200211048126221,5.390600204467773,14.461259841918945,0.2,0.17621243396935782,-21.455570220947266,0
1J2J,7,7.953553676605225,7.172824859619141,22.706056594848633,0.0,0.054937572195119556,-22.583620071411133,13
1J2J,8,6.568355560302734,6.591605186462402,19.72566032409668,0.0,0.06861332645369618,-18.567216873168945,0
1J2J,9,8.717279434204102,8.580018043518066,25.487735748291016,0.0,0.04324796734946885,-15.977456092834473,0
1J2J,10,8.2805757522583,8.2274169921875,20.234264373779297,0.6,0.2607225051735793,-21.39846420288086,0
1J2J,11,6.120721817016602,5.910445690155029,18.202728271484375,0.0,0.07984317953923346,-20.895090103149414,0
1J2J,12,3.9327242374420166,3.7432727813720703,11.357722282409668,0.0,0.16578954234170873,-23.24323272705078,0
1J2J,13,9.150774002075195,9.054816246032715,22.85320281982422,0.0,0.049412112174302004,-18.351612091064453,4
1J2J,14,10.223128318786621,9.280868530273438,27.17335319519043,0.0,0.03819464407240656,-15.930803298950195,2
4FZA,0,9.963276863098145,8.433659553527832,20.770475387573242,0.0,0.058037637737334384,-16.15673065185547,13
4FZA,1,21.10265350341797,19.969207763671875,42.338932037353516,0.0,0.014784691244522934,-13.514105796813965,5
4FZA,2,14.427714347839355,9.852286338806152,26.38739585876465,0.0,0.03888781922234597,-18.200233459472656,9
4FZA,3,20.130441665649414,14.768523216247559,30.44012451171875,0.0,0.02751456522475115,-15.875628471374512,0
4FZA,4,20.389352798461914,15.660554885864258,31.24846839904785,0.0,0.025994839881823942,-16.930335998535156,4
4FZA,5,20.485815048217773,15.714459419250488,31.083232879638672,0.0,0.026202044986044257,-15.272025108337402,2
4FZA,6,16.83606719970703,12.251794815063477,28.260019302368164,0.0,0.03257672772472655,-18.419870376586914,9
4FZA,7,15.361501693725586,10.767975807189941,26.59405517578125,0.0,0.037241335409025605,-16.123502731323242,17
4FZA,8,10.013062477111816,8.67878246307373,21.3956298828125,0.0,0.05510681027116784,-16.18318748474121,14
4FZA,9,16.128183364868164,11.07289981842041,31.118627548217773,0.0,0.029150047348168295,-15.794075965881348,4
4FZA,10,9.939813613891602,8.975061416625977,21.884138107299805,0.0,0.052753066496895984,-16.206298828125,13
4FZA,11,13.214449882507324,9.303142547607422,25.050573348999023,0.0,0.04286161027869332,-17.208200454711914,5
4FZA,12,21.023479461669922,14.733384132385254,38.54758071899414,0.0,0.018875825448392426,-15.124638557434082,6
4FZA,13,13.898868560791016,9.709480285644531,39.06542205810547,0.0,0.02283764161001349,-15.385051727294922,2
4FZA,14,11.727677345275879,10.17151927947998,33.34824752807617,0.0,0.02742944104248465,-15.788867950439453,14
2PCC,0,20.881351470947266,16.188020706176758,60.61077880859375,0.0,0.009266886026345891,-18.614221572875977,0
2PCC,1,18.958080291748047,14.654391288757324,53.980247497558594,0.0,0.011521302389765403,-14.284707069396973,1
2PCC,2,24.811729431152344,26.084692001342773,67.57964324951172,0.0,0.006289845184673887,-16.2109432220459,4
2PCC,3,18.866851806640625,14.490453720092773,54.21285629272461,0.0,0.011531710657701264,-14.414703369140625,0
2PCC,4,17.204614639282227,13.657181739807129,52.8782844543457,0.0,0.012369312623966955,-14.515958786010742,0
2PCC,5,21.408266067504883,16.631023406982422,61.06253433227539,0.0,0.009025952257924571,-13.611296653747559,1
2PCC,6,18.50368881225586,17.76205062866211,54.02922058105469,0.0,0.010411256114057112,-16.389371871948242,0
2PCC,7,17.057533264160156,17.082735061645508,50.007259368896484,0.0,0.011910522652589697,-17.370803833007812,0
2PCC,8,15.659261703491211,12.196640968322754,48.881072998046875,0.0,0.014750195234345056,-13.98206901550293,1
2PCC,9,16.706687927246094,14.050048828125,53.50481414794922,0.0,0.011962023850391648,-14.863836288452148,0
2PCC,10,21.25118064880371,12.715292930603027,51.975955963134766,0.0,0.01325775028782056,-15.484971046447754,41
2PCC,11,22.84078598022461,17.432302474975586,62.69114303588867,0.0,0.008467076974051418,-16.836307525634766,1
2PCC,12,16.140716552734375,18.309913635253906,48.92873764038086,0.0,0.011987281313614389,-14.103334426879883,3
2PCC,13,17.994478225708008,14.1060791015625,51.26184844970703,0.0,0.012646714823146873,-14.78902816772461,0
2PCC,14,24.786542892456055,24.778182983398438,66.24349212646484,0.0,0.006616426244887663,-16.746265411376953,6
4JCV,0,10.087125778198242,12.457545280456543,22.4746036529541,0.0,0.046476718546934644,-14.752045631408691,4
4JCV,1,33.176055908203125,28.49201202392578,79.94056701660156,0.0,0.004647812408688443,-16.680484771728516,3
4JCV,2,33.41416931152344,24.786426544189453,80.81692504882812,0.0,0.004863300907899987,-17.317543029785156,0
4JCV,3,32.902976989746094,24.22056007385254,79.64183044433594,0.0,0.005027772402970193,-15.095572471618652,2
4JCV,4,28.35285758972168,29.224994659423828,68.9065170288086,0.0,0.0058719808125549,-17.945158004760742,7
4JCV,5,18.65464973449707,16.74141502380371,43.677589416503906,0.0,0.01481804391204584,-14.865562438964844,7
4JCV,6,12.276582717895508,16.029993057250977,27.401365280151367,0.0,0.03215324323662483,-17.097917556762695,2
4JCV,7,31.971942901611328,22.44595718383789,76.7418212890625,0.0,0.005521777799743344,-16.805051803588867,1
4JCV,8,25.08576774597168,19.113536834716797,64.38845825195312,0.0,0.007749876984698425,-18.18699073791504,1
4JCV,9,33.43524932861328,25.613859176635742,80.63512420654297,0.0,0.004802533249137216,-15.512420654296875,0
4JCV,10,26.104904174804688,18.198755264282227,66.03929901123047,0.0,0.0076814499079142055,-16.5813045501709,6
4JCV,11,32.51376724243164,37.111026763916016,84.30548858642578,0.0,0.0038980648093279078,-15.047523498535156,5
4JCV,12,33.6602783203125,29.01569366455078,81.65091705322266,0.0,0.004462116911816827,-18.198732376098633,4
4JCV,13,33.36450958251953,26.7956600189209,80.6161117553711,0.0,0.0047062727912258575,-18.25243377685547,1
4JCV,14,21.511524200439453,22.197980880737305,54.480796813964844,0.0,0.009436238485898788,-16.43892478942871,5
1JZD,0,8.521007537841797,11.240981101989746,20.062091827392578,0.0,0.05656138567515898,-17.744016647338867,0
1JZD,1,26.21440887451172,26.569337844848633,64.63951110839844,0.0,0.006725031433491318,-15.620104789733887,8
1JZD,2,25.338041305541992,26.33056640625,61.496376037597656,0.0,0.007327116232227989,-15.638777732849121,0
1JZD,3,10.817914962768555,13.843550682067871,25.22873306274414,0.0,0.037848635450622316,-15.450933456420898,0
1JZD,4,9.619251251220703,11.807915687561035,22.931766510009766,0.0,0.04555906396974204,-15.50580883026123,0
1JZD,5,13.86655330657959,17.960906982421875,35.00851058959961,0.0,0.020865189451259685,-13.32898998260498,3
1JZD,6,25.92619514465332,28.371309280395508,63.17948913574219,0.0,0.0068553254320716335,-21.253902435302734,5
1JZD,7,10.834537506103516,14.954728126525879,23.951539993286133,0.033333,0.05171610018860567,-13.829097747802734,13
1JZD,8,11.88129997253418,16.045101165771484,26.955720901489258,0.1,0.06636842631038135,-13.99239730834961,0
1JZD,9,10.893691062927246,15.260190963745117,24.078405380249023,0.0,0.040126331116468135,-14.676929473876953,8
1JZD,10,24.78052520751953,26.72736930847168,59.88636779785156,0.0,0.007629220684309975,-17.26413917541504,7
1JZD,11,8.660613059997559,10.819451332092285,21.101287841796875,0.0,0.052822669446417066,-15.648006439208984,5
1JZD,12,11.093419075012207,13.424237251281738,27.186426162719727,0.166667,0.0893491272466383,-13.848393440246582,7
1JZD,13,25.89341926574707,23.26700210571289,62.649391174316406,0.0,0.007404738927774341,-15.539806365966797,1
1JZD,14,9.331008911132812,11.970328330993652,22.364280700683594,0.0,0.04722676107857456,-17.878854751586914,4
1I4D,0,23.736894607543945,14.067098617553711,58.49229431152344,0.0,0.010641063688550218,-14.729388236999512,15
1I4D,1,23.08422088623047,19.052583694458008,52.23020935058594,0.0,0.010653821423194515,-19.03915023803711,3
1I4D,2,20.952075958251953,18.2488956451416,46.51023483276367,0.0,0.013010350521634526,-12.7323579788208,8
1I4D,3,24.69198226928711,16.248931884765625,60.45014572143555,0.0,0.00927938122140013,-13.273053169250488,7
1I4D,4,24.002859115600586,18.524328231811523,55.408294677734375,0.0,0.009835557279581564,-16.829984664916992,4
1I4D,5,24.44454002380371,15.724530220031738,62.268577575683594,0.0,0.009103505438647963,-17.584918975830078,3
1I4D,6,24.407264709472656,16.947021484375,61.37797927856445,0.0,0.008863615096021266,-14.309240341186523,5
1I4D,7,30.91421127319336,22.5335693359375,69.89729309082031,0.0,0.006328139793422887,-15.04587173461914,4
1I4D,8,15.847744941711426,13.040936470031738,36.4278678894043,0.0,0.02156419799864123,-11.57443618774414,4
1I4D,9,19.08098793029785,18.98818588256836,44.82917785644531,0.0,0.013635177763249599,-12.319353103637695,9
1I4D,10,18.917139053344727,20.258522033691406,44.01597595214844,0.0,0.013801294929985773,-11.766677856445312,1
1I4D,11,22.825969696044922,18.051151275634766,52.734580993652344,0.0,0.01072678612943892,-17.651779174804688,4
1I4D,12,57.084190368652344,69.03211975097656,132.8369140625,0.0,0.0015165751017130779,0.0,0
1I4D,13,28.598613739013672,22.833492279052734,65.5322494506836,0.0,0.006947533479316664,-13.791627883911133,0
1I4D,14,13.072566032409668,10.831085205078125,26.76589012145996,0.0,0.036809792504366105,-11.249597549438477,0
2DD8,0,12.174186706542969,12.732316017150879,22.857332229614258,0.0,0.045059191019883406,-17.228172302246094,2
2DD8,1,9.536226272583008,12.290506362915039,18.992656707763672,0.0,0.060515590678294574,-18.30650520324707,0
2DD8,2,20.822338104248047,15.736032485961914,49.20157241821289,0.0,0.012661737241630208,-13.666145324707031,26
2DD8,3,18.44673728942871,17.023569107055664,34.31980514526367,0.0,0.021833177142342577,-19.17545509338379,0
2DD8,4,11.527776718139648,12.937655448913574,22.295215606689453,0.0,0.046722745556662525,-19.728635787963867,2
2DD8,5,17.55577850341797,14.943405151367188,34.04643630981445,0.0,0.02288265504148955,-19.491477966308594,3
2DD8,6,16.774860382080078,14.703415870666504,32.03472137451172,0.0,0.02535779716714566,-17.693946838378906,13
2DD8,7,15.996878623962402,13.569768905639648,30.99360466003418,0.0,0.02734112906737206,-20.62963104248047,2
2DD8,8,17.176267623901367,16.165390014648438,32.643653869628906,0.0,0.024011042955117957,-19.064655303955078,1
2DD8,9,13.17911434173584,10.256701469421387,29.62481117248535,0.2,0.0990007570708916,-16.914724349975586,3
2DD8,10,11.534613609313965,12.482008934020996,21.94115447998047,0.0,0.048243399249979134,-18.72772216796875,4
2DD8,11,11.058648109436035,13.524767875671387,23.457048416137695,0.0,0.042739481194588785,-18.75752067565918,4
2DD8,12,16.634990692138672,14.554669380187988,30.934362411499023,0.0,0.026903623677227467,-16.787944793701172,15
2DD8,13,17.19605827331543,14.69896125793457,32.70561599731445,0.0,0.02452593499113445,-18.475399017333984,5
2DD8,14,15.227633476257324,10.611913681030273,30.28645133972168,0.0,0.030867955191193064,-11.679774284362793,60
3AAA,0,19.257593154907227,18.708127975463867,54.672630310058594,0.0,0.009996114235517916,-20.48114013671875,1
3AAA,1,6.965091705322266,7.277962684631348,19.253145217895508,0.0,0.06795467842148621,-17.438583374023438,0
3AAA,2,21.572702407836914,18.319778442382812,62.213478088378906,0.0,0.008328057901642889,-18.334287643432617,2
3AAA,3,18.195873260498047,16.65531349182129,53.66911315917969,0.0,0.010838516341955276,-20.318960189819336,2
3AAA,4,19.766889572143555,16.4144229888916,54.410465240478516,0.0,0.010701658260667735,-20.178457260131836,0
3AAA,5,13.579204559326172,12.167177200317383,38.03950119018555,0.0,0.02084242723359067,-21.58926773071289,0
3AAA,6,20.808469772338867,17.711339950561523,62.246192932128906,0.0,0.00847578693490446,-20.231348037719727,1
3AAA,7,20.91070556640625,18.850173950195312,60.19373321533203,0.0,0.00861431064375853,-21.312349319458008,1
3AAA,8,23.51422691345215,25.318634033203125,67.70899963378906,0.0,0.0063375884820243,-21.27750015258789,0
3AAA,9,27.906158447265625,24.29071044921875,72.16952514648438,0.0,0.005826915622858962,-18.581186294555664,0
3AAA,10,21.12624168395996,18.227996826171875,61.60210418701172,0.0,0.008469886196732243,-16.851669311523438,1
3AAA,11,25.638364791870117,23.605976104736328,71.29617309570312,0.0,0.0060119838057762455,-20.28510284423828,1
3AAA,12,6.91245698928833,6.881027698516846,20.732622146606445,0.0,0.06308742539954854,-18.24253273010254,1
3AAA,13,13.399137496948242,13.341081619262695,35.652015686035156,0.0,0.0220895145059096,-16.169639587402344,7
3AAA,14,13.828338623046875,13.797042846679688,36.60589599609375,0.0,0.020947178266971987,-17.261205673217773,30
1QA9,0,9.9725923538208,10.792975425720215,33.45736312866211,0.0,0.026526565985430118,-17.213153839111328,4
1QA9,1,10.156174659729004,11.488334655761719,32.700443267822266,0.0,0.02668404372979587,-16.192604064941406,2
1QA9,2,11.127440452575684,9.039667129516602,42.067848205566406,0.0,0.022007115528433357,-20.427391052246094,2
1QA9,3,6.1718058586120605,6.7927398681640625,10.076306343078613,0.0,0.1540822785634248,-18.266523361206055,0
1QA9,4,10.437979698181152,11.08182430267334,34.903812408447266,0.0,0.024658912986606493,-16.654396057128906,3
1QA9,5,9.893747329711914,10.476881980895996,24.90617561340332,0.0,0.04146951142915206,-19.040891647338867,1
1QA9,6,5.886901378631592,6.532227516174316,9.31726360321045,0.0,0.16810538602482886,-18.42254638671875,0
1QA9,7,10.230889320373535,9.202455520629883,35.799842834472656,0.0,0.026415514109664334,-16.84052085876465,2
1QA9,8,6.71964168548584,7.4937849044799805,11.985260009765625,0.0,0.12439135464581946,-17.22727394104004,0
1QA9,9,9.793224334716797,8.89533805847168,24.277755737304688,0.0,0.045614742235826594,-17.2047119140625,0
1QA9,10,15.1644868850708,11.587620735168457,28.744035720825195,0.0,0.032298421387370324,-18.61811637878418,0
1QA9,11,10.588162422180176,10.782927513122559,36.50192642211914,0.0,0.023473512398401352,-16.74432945251465,2
1QA9,12,15.112607955932617,14.705098152160645,49.92177200317383,0.0,0.012823941340584477,-20.865453720092773,1
1QA9,13,10.464168548583984,10.347084999084473,33.87928009033203,0.0,0.02660062154324475,-19.55948829650879,0
1QA9,14,15.392157554626465,14.4039945602417,58.43967819213867,0.0,0.01048183280904545,-16.951255798339844,2
1M27,0,11.510492324829102,10.127277374267578,28.92374610900879,0.0,0.03365486836078743,-19.290699005126953,0
1M27,1,18.768152236938477,11.404276847839355,47.02825164794922,0.0,0.016213410083918856,-17.60508918762207,10
1M27,2,13.350884437561035,11.72232437133789,44.90137481689453,0.0,0.01690211927987889,-20.135074615478516,0
1M27,3,11.817645072937012,9.212135314941406,31.169960021972656,0.0,0.03168184832979274,-19.5666561126709,0
1M27,4,9.48753547668457,10.054423332214355,26.914735794067383,0.0,0.03748813997383101,-22.53594970703125,0
1M27,5,9.06644344329834,9.380168914794922,31.156017303466797,0.0,0.03140300258758602,-19.174291610717773,0
1M27,6,14.917277336120605,11.883084297180176,46.51403045654297,0.0,0.015999682969464878,-17.98200798034668,0
1M27,7,12.492834091186523,10.937837600708008,33.768367767333984,0.0,0.02601495638671575,-19.40349578857422,0
1M27,8,13.743896484375,11.612326622009277,44.486236572265625,0.0,0.017211277917553097,-18.36123275756836,0
1M27,9,8.898106575012207,5.84551477432251,24.873062133789062,0.0,0.05545000154804149,-21.52628517150879,0
1M27,10,8.915786743164062,9.040933609008789,30.764118194580078,0.0,0.0325714798189291,-19.012229919433594,0
1M27,11,15.529391288757324,11.495442390441895,43.26211166381836,0.0,0.01796999287382904,-18.228031158447266,0
1M27,12,16.411392211914062,11.85783863067627,46.311214447021484,0.0,0.016113089170967557,-20.051912307739258,0
1M27,13,14.058858871459961,11.446986198425293,43.56505584716797,0.0,0.017851127526424013,-16.251943588256836,0
1M27,14,11.460956573486328,8.555608749389648,30.563228607177734,0.0,0.03387167215820852,-18.953447341918945,0
1KKL,0,24.26039695739746,28.163522720336914,70.50166320800781,0.0,0.005718729439233798,-15.108859062194824,1
1KKL,1,8.783150672912598,10.607308387756348,27.76749038696289,0.0,0.03509409302301513,-16.72979736328125,1
1KKL,2,18.354703903198242,24.469242095947266,58.32123565673828,0.0,0.008181148885118766,-19.336341857910156,0
1KKL,3,17.5965576171875,25.389583587646484,53.71997833251953,0.0,0.009300935166556078,-21.184873580932617,0
1KKL,4,8.558701515197754,13.080660820007324,23.98062515258789,0.0,0.04153107284732333,-21.480331420898438,3
1KKL,5,3.9781768321990967,6.040729522705078,11.584244728088379,0.111111,0.17305416571502175,-18.132692337036133,1
1KKL,6,17.46476173400879,22.3919620513916,55.63294219970703,0.0,0.009092933669900407,-17.06789779663086,0
1KKL,7,18.343297958374023,24.237014770507812,56.3162841796875,0.0,0.008696349789412172,-19.26493263244629,0
1KKL,8,23.204919815063477,27.138093948364258,68.13046264648438,0.0,0.0061241459282675575,-16.63690185546875,2
1KKL,9,15.817983627319336,19.88459587097168,50.186073303222656,0.0,0.011181477348914481,-18.560388565063477,5
1KKL,10,17.615055084228516,23.3740234375,54.313655853271484,0.0,0.009335876216665087,-18.274986267089844,0
1KKL,11,8.375271797180176,12.899964332580566,23.564298629760742,0.0,0.04282505385398914,-23.044540405273438,3
1KKL,12,11.680559158325195,15.518757820129395,38.07567596435547,0.0,0.018908784636712736,-13.2698335647583,1
1KKL,13,8.801121711730957,13.016881942749023,25.0185604095459,0.0,0.03886288649332802,-21.75367546081543,4
1KKL,14,16.690750122070312,20.72492218017578,52.97800064086914,0.0,0.010102436022530642,-18.669849395751953,0
1XD3,0,6.781106472015381,6.692862510681152,16.49018669128418,0.045455,0.10106788715281377,-21.7735595703125,0
1XD3,1,8.367389678955078,8.916643142700195,17.517919540405273,0.0,0.07269662412667616,-15.413420677185059,4
1XD3,2,19.141347885131836,16.36636734008789,52.88430404663086,0.0,0.011170998641734584,-12.63864803314209,1
1XD3,3,5.296168327331543,5.524350166320801,11.770515441894531,0.0,0.13713787637764155,-18.99134063720703,0
1XD3,4,5.908576965332031,5.905240535736084,14.589905738830566,0.0,0.10467246239189461,-19.940113067626953,2
1XD3,5,6.488165855407715,6.752530574798584,13.87358283996582,0.227273,0.18240720303588875,-20.305500030517578,0
1XD3,6,6.337176322937012,6.828048229217529,13.73575496673584,0.0,0.10764739259610966,-14.435924530029297,2
1XD3,7,7.754492282867432,8.357863426208496,16.014474868774414,0.227273,0.15942476911873557,-18.051294326782227,3
1XD3,8,18.758174896240234,16.429317474365234,52.07647705078125,0.0,0.011405577437798976,-16.874923706054688,2
1XD3,9,5.96153450012207,6.323866367340088,12.652046203613281,0.272727,0.21232672039894637,-20.196733474731445,0
1XD3,10,9.434203147888184,10.189594268798828,29.810029983520508,0.0,0.032133904924086056,-18.88993263244629,0
1XD3,11,57.553001403808594,68.76932525634766,156.2894287109375,0.0,0.0011415610475392832,0.0,0
1XD3,12,6.4392924308776855,6.914126873016357,13.597694396972656,0.0,0.10863926492893948,-18.4469051361084,1
1XD3,13,20.175588607788086,22.060340881347656,67.22709655761719,0.0,0.006778962796546634,-16.68825912475586,0
1XD3,14,7.6591267585754395,8.346484184265137,20.435054779052734,0.0,0.05959471998527049,-16.210731506347656,0
1CLV,0,5.998995780944824,12.63995361328125,25.698936462402344,0.0,0.03749905716308381,-18.75788116455078,3
1CLV,1,6.1321868896484375,12.799946784973145,26.1514892578125,0.0,0.03636558624346255,-19.447555541992188,5
1CLV,2,5.505529880523682,10.772684097290039,23.71637535095215,0.0,0.04428322700145903,-18.030607223510742,3
1CLV,3,5.571966648101807,10.759634971618652,24.402950286865234,0.0,0.04242104585595347,-21.178455352783203,4
1CLV,4,5.997049331665039,11.365291595458984,25.62493896484375,0.0,0.03874812194356253,-15.559233665466309,10
1CLV,5,5.125871181488037,11.361377716064453,21.208499908447266,0.0,0.051842959260707096,-17.87545394897461,0
1CLV,6,4.921755790710449,10.507436752319336,20.746320724487305,0.0,0.05456921443445978,-13.459412574768066,14
1CLV,7,5.806549072265625,11.859247207641602,24.710952758789062,0.0,0.04051596672163753,-20.497556686401367,0
1CLV,8,8.576762199401855,16.517335891723633,36.23175811767578,0.0,0.020115365207051535,-17.137985229492188,10
1CLV,9,4.5455498695373535,8.909704208374023,19.508617401123047,0.0,0.062370807490038066,-20.72132682800293,3
1CLV,10,5.18048095703125,10.009542465209961,22.640443801879883,0.0,0.04850066697171718,-21.001556396484375,2
1CLV,11,3.019993543624878,6.646995544433594,12.416167259216309,0.0,0.12252234279013446,-18.116308212280273,0
1CLV,12,5.4410295486450195,11.670522689819336,23.141357421875,0.0,0.04504265267554299,-18.986263275146484,4
1CLV,13,3.512280225753784,8.331199645996094,14.163496017456055,0.0,0.09873059393446544,-20.058921813964844,0
1CLV,14,7.283649921417236,14.522605895996094,30.022977828979492,0.0,0.028254180229291576,-18.070762634277344,18
1PXV,0,15.585104942321777,13.782937049865723,42.40420913696289,0.0,0.016778053483193483,-17.32770538330078,0
1PXV,1,16.35196876525879,14.661246299743652,32.463279724121094,0.0,0.024839224817170494,-16.818933486938477,0
1PXV,2,16.137910842895508,14.078080177307129,36.88002395629883,0.0,0.020555160530964133,-19.387073516845703,0
1PXV,3,11.496138572692871,9.680466651916504,22.98413848876953,0.0,0.04791973015287681,-19.102449417114258,0
1PXV,4,13.318509101867676,12.428982734680176,30.152544021606445,0.0,0.029324436641724502,-14.708056449890137,0
1PXV,5,15.99182415008545,15.958481788635254,41.28087615966797,0.0,0.016476842582959905,-17.312538146972656,0
1PXV,6,16.08009147644043,13.857632637023926,32.07411193847656,0.0,0.02573440911052699,-17.716413497924805,0
1PXV,7,21.9654541015625,22.23259162902832,64.55131530761719,0.0,0.0071916654895919216,-15.682894706726074,0
1PXV,8,19.80100440979004,20.545154571533203,54.5206413269043,0.0,0.009677184132759855,-21.184139251708984,0
1PXV,9,15.340846061706543,14.724343299865723,35.91454315185547,0.0,0.021104752080517653,-17.895034790039062,0
1PXV,10,13.153779029846191,11.923017501831055,37.809288024902344,0.0,0.02123000024537898,-21.706409454345703,0
1PXV,11,15.772768020629883,16.553852081298828,35.315860748291016,0.0,0.020967053250890908,-16.336551666259766,3
1PXV,12,16.193382263183594,13.645170211791992,35.13508987426758,0.0,0.022410338694883566,-15.87455940246582,2
1PXV,13,11.050609588623047,8.96980094909668,33.08486557006836,0.054054,0.0477255866191959,-19.08458137512207,0
1PXV,14,12.263219833374023,10.852251052856445,25.510881423950195,0.0,0.03955663224624457,-16.339693069458008,0
6OC3,0,7.795015811920166,8.57721996307373,15.237839698791504,0.0,0.08899855570499789,-14.270201683044434,10
6OC3,1,14.886149406433105,11.663472175598145,38.6118049621582,0.0,0.020830724777446824,-14.175004005432129,11
6OC3,2,17.874324798583984,9.418935775756836,46.02800750732422,0.0,0.01923760921623631,-16.307924270629883,0
6OC3,3,23.38481330871582,15.061144828796387,61.109405517578125,0.0,0.009600564974182888,-13.88740348815918,15
6OC3,4,15.939146995544434,8.578062057495117,40.70862579345703,0.0,0.02381562575387275,-18.39578628540039,1
6OC3,5,11.918456077575684,6.856249809265137,30.441438674926758,0.111111,0.07637200465633354,-14.508662223815918,13
6OC3,6,18.03300666809082,9.08150577545166,48.97085952758789,0.0,0.018601077722315507,-13.690472602844238,4
6OC3,7,13.515061378479004,7.7055439949035645,33.76155471801758,0.0,0.032039524159201666,-16.28201675415039,8
6OC3,8,16.762405395507812,10.51264476776123,44.846656799316406,0.0,0.01821018572382034,-13.898499488830566,16
6OC3,9,11.222047805786133,8.041593551635742,29.58397674560547,0.0,0.0366266703549305,-14.747429847717285,13
6OC3,10,15.990155220031738,17.512149810791016,44.38213348388672,0.0,0.014221626174385887,-14.76300048828125,10
6OC3,11,17.72405242919922,8.747151374816895,46.6437873840332,0.0,0.02023601603789565,-13.729927062988281,5
6OC3,12,17.283369064331055,9.276761054992676,42.32108688354492,0.0,0.021417901162665298,-18.359132766723633,2
6OC3,13,15.425838470458984,9.440635681152344,41.63526153564453,0.0,0.021544942404966138,-13.869542121887207,10
6OC3,14,8.269248962402344,9.089715003967285,14.867169380187988,0.0,0.09095318101842283,-14.457980155944824,4
3WD5,0,13.269139289855957,11.968300819396973,20.86203384399414,0.0,0.052612218177354,-15.271021842956543,18
3WD5,1,25.50864601135254,16.15180778503418,64.10946655273438,0.0,0.008608723152999464,-14.567282676696777,17
3WD5,2,28.51971435546875,19.793148040771484,67.70917510986328,0.0,0.007075131093263245,-17.95119285583496,11
3WD5,3,24.355743408203125,16.671375274658203,63.83567428588867,0.0,0.00848387545037739,-16.494674682617188,10
3WD5,4,30.147985458374023,18.558202743530273,66.27123260498047,0.0,0.007558381905447674,-16.968616485595703,14
3WD5,5,29.388050079345703,18.79722023010254,63.54888153076172,0.0,0.007967876670196756,-17.435819625854492,19
3WD5,6,27.723712921142578,19.852401733398438,72.53483581542969,0.0,0.006407621220286377,-16.3244686126709,2
3WD5,7,25.154191970825195,18.141651153564453,75.38359832763672,0.0,0.0064481471454677424,-14.403425216674805,48
3WD5,8,26.03177833557129,17.398193359375,67.27731323242188,0.0,0.0076966726872890094,-17.729473114013672,7
3WD5,9,26.661874771118164,19.919960021972656,67.7350845336914,0.0,0.007047214907768853,-14.489818572998047,24
3WD5,10,28.08433723449707,19.877355575561523,62.496028900146484,0.0,0.007941586242653452,-17.886152267456055,8
3WD5,11,24.086530685424805,16.678539276123047,62.98436737060547,0.0,0.008636807484035385,-16.282947540283203,9
3WD5,12,30.126300811767578,19.43399429321289,69.53536987304688,0.0,0.0068815840672668315,-16.850299835205078,4
3WD5,13,29.44791603088379,22.565452575683594,65.65896606445312,0.0,0.006960695915412333,-17.293437957763672,5
3WD5,14,21.580141067504883,14.793517112731934,37.467987060546875,0.0,0.019707674174205138,-14.073526382446289,16
4M5Z,0,6.771551609039307,6.247557163238525,14.309905052185059,0.181818,0.16570984044713835,-14.832738876342773,1
4M5Z,1,19.933135986328125,14.131863594055176,53.762821197509766,0.0,0.011842485871393046,-14.925714492797852,2
4M5Z,2,14.37514591217041,14.633645057678223,26.250200271606445,0.0,0.03509943567047263,-16.99000358581543,7
4M5Z,3,19.058935165405273,15.317680358886719,58.368141174316406,0.0,0.010088450702002842,-14.109859466552734,1
4M5Z,4,2.4714813232421875,3.1489944458007812,5.97991943359375,0.181818,0.3452267172240821,-15.643697738647461,0
4M5Z,5,11.706542015075684,10.888226509094238,24.351375579833984,0.0,0.042410931502599315,-16.301870346069336,6
4M5Z,6,10.35748291015625,9.725849151611328,23.872695922851562,0.090909,0.07555145222338071,-14.992471694946289,5
4M5Z,7,14.703396797180176,12.757472038269043,35.672279357910156,0.0,0.022454368876197537,-14.795934677124023,6
4M5Z,8,22.923486709594727,15.629802703857422,64.4731216430664,0.0,0.00873685437308203,-14.251988410949707,0
4M5Z,9,22.396198272705078,16.11836051940918,55.928688049316406,0.0,0.010387443412094865,-13.232531547546387,2
4M5Z,10,15.026577949523926,15.03466796875,29.006423950195312,0.0,0.02964554072388385,-16.22979736328125,4
4M5Z,11,15.956429481506348,12.195571899414062,35.3065299987793,0.0,0.023229016643322675,-15.525839805603027,12
4M5Z,12,5.401750087738037,5.239021301269531,11.278573036193848,0.0,0.1459997499157747,-15.452394485473633,0
4M5Z,13,20.1783447265625,13.9559907913208,54.41021728515625,0.0,0.011747887889351645,-15.183099746704102,1
4M5Z,14,24.043474197387695,13.7882080078125,63.4946174621582,0.0,0.009767365712483036,-14.89146614074707,3
1HE1,0,12.25332260131836,8.710917472839355,22.230079650878906,0.0,0.05211739995949725,-12.646596908569336,7
1HE1,1,14.919302940368652,13.716575622558594,44.92316436767578,0.0,0.015460438405996103,-14.06962776184082,7
1HE1,2,10.75748348236084,10.688417434692383,28.50147247314453,0.0,0.033663801234687395,-13.485848426818848,4
1HE1,3,13.499281883239746,12.24692153930664,39.772945404052734,0.0,0.019485979642040047,-14.557537078857422,2
1HE1,4,9.625316619873047,9.260311126708984,19.42860221862793,0.0,0.06207417176384205,-13.481420516967773,1
1HE1,5,15.820196151733398,11.212870597839355,28.0899715423584,0.0,0.03382208287308122,-16.229122161865234,1
1HE1,6,12.229423522949219,11.157432556152344,28.67133140563965,0.0,0.03284766390733832,-13.627324104309082,2
1HE1,7,10.708476066589355,9.830615043640137,24.183677673339844,0.0,0.044235034535570004,-14.60706615447998,3
1HE1,8,6.6313018798828125,5.879920482635498,16.362228393554688,0.0,0.09120650704476958,-10.705166816711426,7
1HE1,9,9.969377517700195,9.525372505187988,20.475257873535156,0.0,0.057067052944655895,-13.844905853271484,1
1HE1,10,8.028518676757812,7.898592472076416,23.613971710205078,0.0,0.04983854803113069,-13.739577293395996,2
1HE1,11,11.852922439575195,8.470783233642578,21.85163116455078,0.0,0.05394285094649823,-12.754164695739746,9
1HE1,12,9.705914497375488,9.000232696533203,19.144441604614258,0.0,0.06389813743042558,-14.620015144348145,3
1HE1,13,17.004953384399414,11.448217391967773,26.44628143310547,0.0,0.0368358562611819,-16.956113815307617,0
1HE1,14,11.744792938232422,11.101481437683105,25.545228958129883,0.0,0.03920359135624656,-13.031984329223633,5
1EAW,0,3.8735427856445312,4.126543045043945,10.748564720153809,0.0,0.1671555267761491,-19.887754440307617,0
1EAW,1,4.564665794372559,4.791826248168945,13.07614517211914,0.0,0.12876059418236008,-20.284870147705078,0
1EAW,2,7.450170516967773,7.501637935638428,24.354496002197266,0.0,0.04900936193561486,-25.142675399780273,0
1EAW,3,7.244169235229492,9.182854652404785,19.74744987487793,0.0,0.06076756989064153,-19.11238670349121,0
1EAW,4,6.3514933586120605,5.676967620849609,20.722515106201172,0.0,0.0697590999333908,-23.367998123168945,1
1EAW,5,6.426609516143799,8.173534393310547,15.786913871765137,0.0,0.08577536663354329,-21.189085006713867,5
1EAW,6,5.063192367553711,5.52992057800293,16.01386070251465,0.0,0.09611477165014172,-27.709518432617188,1
1EAW,7,5.785980701446533,6.221704006195068,13.720121383666992,0.0,0.11076407603208137,-17.48248291015625,5
1EAW,8,7.72031307220459,9.353565216064453,22.770475387573242,0.0,0.04912531555343943,-23.414772033691406,0
1EAW,9,5.452544689178467,6.802833080291748,13.531951904296875,0.0,0.10976474808329094,-19.134132385253906,2
1EAW,10,8.839337348937988,8.055424690246582,28.89339828491211,0.0,0.037721151341608083,-25.55767059326172,0
1EAW,11,6.283544540405273,7.4681501388549805,15.707860946655273,0.0,0.08842529356921182,-23.186607360839844,0
1EAW,12,4.161528587341309,4.071836948394775,11.929027557373047,0.136364,0.19753458745597985,-17.3079776763916,0
1EAW,13,9.044301986694336,8.902552604675293,29.643966674804688,0.0,0.03452566652882043,-19.927413940429688,3
1EAW,14,12.72711181640625,11.091204643249512,40.715606689453125,0.0,0.01990823189684902,-13.175468444824219,5
1AKJ,0,17.163272857666016,19.969139099121094,37.046810150146484,0.0,0.01854018848976597,-17.89541244506836,4
1AKJ,1,25.257522583007812,32.21112060546875,61.00122833251953,0.0,0.007070034497816961,-20.946256637573242,2
1AKJ,2,28.462636947631836,31.65859603881836,65.29238891601562,0.0,0.006301739811514214,-19.164949417114258,2
1AKJ,3,19.742250442504883,19.23154067993164,35.8693733215332,0.0,0.019738739725411323,-22.75667953491211,5
1AKJ,4,25.600692749023438,32.12831497192383,62.47264862060547,0.0,0.006783578391849772,-20.33248519897461,4
1AKJ,5,27.86310386657715,29.98649024963379,62.49602508544922,0.0,0.006886128759314607,-19.51909065246582,5
1AKJ,6,17.91184425354004,17.427717208862305,34.21800231933594,0.0,0.02182444910221915,-17.302936553955078,5
1AKJ,7,18.32179069519043,16.505783081054688,34.09500503540039,0.0,0.022235448828704887,-18.296863555908203,3
1AKJ,8,26.605459213256836,31.81068992614746,64.96317291259766,0.0,0.006350129318835439,-18.95319938659668,2
1AKJ,9,19.276750564575195,17.75004768371582,36.01175308227539,0.0,0.019954266024640874,-19.350122451782227,1
1AKJ,10,28.397008895874023,31.861385345458984,64.57749938964844,0.0,0.006413854484300187,-20.289735794067383,1
1AKJ,11,28.403398513793945,30.649742126464844,64.73805236816406,0.0,0.006445503082347154,-21.35639190673828,7
1AKJ,12,18.71371078491211,20.94698715209961,37.88855743408203,0.0,0.017673153966805195,-14.871042251586914,13
1AKJ,13,17.6711368560791,19.798105239868164,34.260047912597656,0.0,0.021231019491470184,-16.220666885375977,5
1AKJ,14,28.56446647644043,31.268278121948242,64.82884216308594,0.0,0.006398831440946509,-21.248533248901367,4
3L5W,0,9.289443016052246,9.106524467468262,21.66167449951172,0.0,0.053282027551355166,-16.65924835205078,1
3L5W,1,12.901989936828613,7.543275833129883,31.522720336914062,0.0,0.035273100072581096,-14.189003944396973,49
3L5W,2,12.315163612365723,10.385161399841309,30.91963005065918,0.0,0.03023302685027039,-14.856426239013672,28
3L5W,3,9.287392616271973,10.668415069580078,21.68621826171875,0.0,0.050851691315996074,-16.39400863647461,3
3L5W,4,18.6495418548584,16.399633407592773,47.411991119384766,0.0,0.013145597227343877,-15.318526268005371,43
3L5W,5,9.020671844482422,9.264573097229004,21.102294921875,0.0,0.05504749286104323,-20.268531799316406,0
3L5W,6,7.717525482177734,8.982304573059082,18.014385223388672,0.0,0.06974234406272083,-17.783723831176758,2
3L5W,7,9.38585376739502,12.562651634216309,21.83344841003418,0.0,0.04855711991483527,-19.911264419555664,1
3L5W,8,17.5393123626709,15.40527629852295,47.65647888183594,0.0,0.013407710058351091,-15.962077140808105,18
3L5W,9,9.311553955078125,12.645159721374512,21.627161026000977,0.0,0.04922542421312434,-16.306978225708008,1
3L5W,10,9.445595741271973,11.362992286682129,22.030574798583984,0.0,0.048900519816851125,-18.53321075439453,5
3L5W,11,9.649820327758789,11.49734115600586,22.38739585876465,0.0,0.047576342436249947,-17.30999755859375,2
3L5W,12,17.334548950195312,14.393495559692383,43.8387565612793,0.0,0.015658649400656255,-14.342254638671875,54
3L5W,13,10.18152904510498,13.218249320983887,25.082731246948242,0.0,0.038574368279752476,-18.84159278869629,2
3L5W,14,9.4257230758667,12.135543823242188,21.92026138305664,0.0,0.04858620099646641,-17.455730438232422,4
2O8V,0,19.74077796936035,20.133432388305664,62.961830139160156,0.0,0.00780649190803524,-17.274654388427734,1
2O8V,1,23.67390251159668,21.570344924926758,70.68040466308594,0.0,0.006356243326281343,-16.309484481811523,0
2O8V,2,22.036609649658203,18.582462310791016,67.0792465209961,0.0,0.007425628177950074,-14.213884353637695,0
2O8V,3,21.401683807373047,20.175607681274414,63.4198112487793,0.0,0.007714502853275947,-16.13248634338379,3
2O8V,4,19.627897262573242,19.414813995361328,62.294410705566406,0.0,0.008070586636225325,-18.283828735351562,1
2O8V,5,16.39785385131836,14.726418495178223,46.759220123291016,0.0,0.014085417681105971,-14.827306747436523,0
2O8V,6,19.19821548461914,19.26876449584961,61.22779083251953,0.0,0.008310577630796463,-18.07786750793457,0
2O8V,7,20.40034294128418,20.45665740966797,61.570491790771484,0.0,0.008016714839021557,-15.57999324798584,3
2O8V,8,20.379440307617188,20.173616409301758,63.43657684326172,0.0,0.007711808693108148,-17.285568237304688,2
2O8V,9,14.395096778869629,13.593786239624023,38.52959442138672,0.0,0.01947978480716179,-15.430116653442383,0
2O8V,10,16.44355010986328,12.59807300567627,48.947757720947266,0.0,0.014417213962546152,-15.378971099853516,0
2O8V,11,20.34638786315918,19.828716278076172,61.59072494506836,0.0,0.00812673741054309,-14.959278106689453,3
2O8V,12,13.290364265441895,13.693739891052246,33.65089416503906,0.0,0.023944446602706167,-17.8427791595459,0
2O8V,13,13.159587860107422,11.623255729675293,33.79041290283203,0.0,0.025297814165303533,-14.796469688415527,0
2O8V,14,16.46994972229004,14.548433303833008,45.25686264038086,0.0,0.014863937895058424,-15.086012840270996,1
3PC8,0,15.404495239257812,13.962502479553223,37.06620407104492,0.0,0.02045658994167714,-18.115394592285156,1
3PC8,1,7.123182773590088,5.646481990814209,12.964439392089844,0.0,0.12218384100120087,-20.353063583374023,0
3PC8,2,4.4060258865356445,3.488487720489502,10.515556335449219,0.2,0.2504068954793705,-23.41995620727539,0
3PC8,3,9.784784317016602,7.555179595947266,17.55437660217285,0.2,0.142617197663198,-22.028339385986328,0
3PC8,4,3.521230459213257,2.724714994430542,9.411516189575195,0.4,0.3606073183510718,-23.454750061035156,0
3PC8,5,8.386062622070312,6.2935709953308105,16.90033721923828,0.0,0.0852133335348707,-23.236316680908203,4
3PC8,6,8.901801109313965,7.1467366218566895,20.64398956298828,0.0,0.06238341339243234,-18.50876808166504,1
3PC8,7,5.501466751098633,4.117885589599609,15.680294036865234,0.0,0.11475309964744944,-22.934558868408203,0
3PC8,8,11.780017852783203,11.893259048461914,30.2418212890625,0.0,0.029624267456973673,-16.346189498901367,1
3PC8,9,17.221166610717773,12.976693153381348,50.645931243896484,0.0,0.01352705180905255,-18.89659881591797,2
3PC8,10,14.482851028442383,12.813286781311035,37.75468444824219,0.0,0.020586965282103253,-21.64836311340332,0
3PC8,11,10.153876304626465,10.410738945007324,34.7751350402832,0.0,0.025571341950832025,-18.047300338745117,0
3PC8,12,17.176204681396484,14.474645614624023,54.86915969848633,0.0,0.011353628477601999,-15.62533950805664,1
3PC8,13,7.5802459716796875,6.059399604797363,13.530022621154785,0.0,0.11357659967029,-24.253713607788086,0
3PC8,14,17.05059814453125,13.7703218460083,53.45493698120117,0.0,0.012129325398696938,-18.894309997558594,2
1JPS,0,25.40093421936035,23.190977096557617,57.83930206298828,0.0,0.008435488831615634,-15.82267951965332,35
1JPS,1,19.578012466430664,20.504343032836914,48.79248809814453,0.0,0.011592482591440757,-13.079782485961914,31
1JPS,2,17.97597312927246,19.711942672729492,36.35314178466797,0.0,0.01919797818753457,-14.970321655273438,6
1JPS,3,15.715180397033691,14.17297077178955,30.13587188720703,0.0,0.02825662519213354,-15.230667114257812,6
1JPS,4,16.188081741333008,16.365875244140625,31.519977569580078,0.0,0.025374187141874904,-18.430694580078125,0
1JPS,5,18.741024017333984,18.780454635620117,49.22785186767578,0.0,0.011763137533470724,-13.02603530883789,17
1JPS,6,24.254365921020508,20.529504776000977,45.71984100341797,0.0,0.012906600389602627,-12.290899276733398,11
1JPS,7,19.44896125793457,18.030197143554688,45.90104675292969,0.0,0.013342888497829981,-15.31881046295166,3
1JPS,8,20.16069221496582,18.015769958496094,45.95927810668945,0.0,0.013319472325647235,-15.341300964355469,1
1JPS,9,21.852392196655273,19.802989959716797,41.58407974243164,0.0,0.015270177591568289,-15.581552505493164,1
1JPS,10,22.306835174560547,18.767608642578125,41.3317985534668,0.0,0.015641465952351382,-16.069067001342773,3
1JPS,11,17.20431900024414,18.101844787597656,32.988037109375,0.0,0.023026485539169948,-15.643265724182129,0
1JPS,12,20.4152889251709,24.278547286987305,58.449134826660156,0.0,0.008171072924490746,-17.488523483276367,2
1JPS,13,19.4490966796875,16.011220932006836,44.39069366455078,0.0,0.014689597115918248,-16.349105834960938,4
1JPS,14,21.177095413208008,21.143510818481445,40.8582763671875,0.0,0.015497164007356018,-17.156938552856445,3
4M3K,0,12.464658737182617,12.842777252197266,32.21687698364258,0.0,0.026179230996394205,-15.812539100646973,1
4M3K,1,13.6654634475708,12.829608917236328,27.974214553833008,0.0,0.03266909763876126,-12.929123878479004,6
4M3K,2,15.263169288635254,13.115509033203125,31.043853759765625,0.0,0.0275508659647455,-14.785104751586914,14
4M3K,3,15.851003646850586,13.222495079040527,28.29254722595215,0.0,0.031831041267574724,-15.99448299407959,7
4M3K,4,13.343340873718262,13.743541717529297,33.41254425048828,0.0,0.024185042024496523,-17.17633819580078,1
4M3K,5,14.604992866516113,13.020459175109863,29.641225814819336,0.0,0.029694144386480114,-14.572198867797852,6
4M3K,6,12.572710990905762,13.23917293548584,33.17807388305664,0.0,0.024755536021186002,-17.428525924682617,0
4M3K,7,14.227937698364258,13.40958309173584,35.25225067138672,0.0,0.02243408784640738,-15.810840606689453,8
4M3K,8,16.353294372558594,13.574566841125488,30.261899948120117,0.0,0.028396080444829396,-15.125219345092773,7
4M3K,9,13.987531661987305,12.469099044799805,30.619585037231445,0.0,0.02860440321791105,-14.281533241271973,0
4M3K,10,13.944093704223633,12.0593843460083,27.566692352294922,0.0,0.03401890408079778,-14.24662971496582,6
4M3K,11,16.148286819458008,14.195992469787598,33.91006851196289,0.0,0.02338633512039452,-14.371397018432617,3
4M3K,12,13.220809936523438,14.785264015197754,49.35436248779297,0.0,0.012998118395720898,-15.350138664245605,1
4M3K,13,15.428873062133789,13.19097900390625,30.95751953125,0.0,0.02762312857945302,-14.967357635498047,15
4M3K,14,13.801809310913086,14.633199691772461,50.40043258666992,0.0,0.01268478037991867,-14.771294593811035,0
1HCF,0,12.478569984436035,12.672148704528809,31.564674377441406,0.0,0.02714366207619842,-15.206222534179688,7
1HCF,1,23.671655654907227,21.253093719482422,57.852149963378906,0.0,0.008695906364555585,-14.230531692504883,16
1HCF,2,14.3682222366333,13.797895431518555,41.56923294067383,0.0,0.017271198992165587,-16.188430786132812,10
1HCF,3,13.090897560119629,16.766239166259766,29.052207946777344,0.0,0.028930631529255263,-14.336834907531738,9
1HCF,4,12.194629669189453,11.935977935791016,31.819421768188477,0.0,0.027384743839282983,-14.203361511230469,6
1HCF,5,20.08270835876465,20.333833694458008,54.184486389160156,0.0,0.009809993714029503,-13.944710731506348,15
1HCF,6,62.827964782714844,78.78752136230469,172.25282287597656,0.0,0.0009304848962447383,0.0,0
1HCF,7,10.05940055847168,12.423038482666016,20.416885375976562,0.111111,0.09106700665278382,-14.139941215515137,26
1HCF,8,10.3905668258667,10.575671195983887,29.038867950439453,0.0,0.03287951952966981,-14.978131294250488,9
1HCF,9,9.932109832763672,9.478896141052246,27.809696197509766,0.111111,0.0736601487796898,-15.05146312713623,14
1HCF,10,18.890094757080078,16.365787506103516,52.33904266357422,0.0,0.011342489080635204,-17.663923263549805,6
1HCF,11,20.0903263092041,17.59667205810547,54.30988311767578,0.0,0.010374499937863334,-17.810630798339844,8
1HCF,12,21.372060775756836,18.966876983642578,53.72624206542969,0.0,0.010211540209962223,-14.022173881530762,11
1HCF,13,10.553630828857422,11.459228515625,25.220844268798828,0.333333,0.15072592168982035,-15.17887020111084,5
1HCF,14,13.039247512817383,15.527544021606445,28.650224685668945,0.333333,0.14115936231942963,-15.499565124511719,7
1A2K,0,16.18486976623535,15.52330493927002,32.13695526123047,0.0,0.02487779330951338,-21.130817413330078,6
1A2K,1,16.424823760986328,16.821067810058594,33.23085403442383,0.0,0.023099380533488357,-20.28664779663086,3
1A2K,2,16.40361213684082,16.83367156982422,31.956851959228516,0.0,0.02465011887404329,-19.237316131591797,5
1A2K,3,18.433263778686523,14.078529357910156,34.660919189453125,0.0,0.022650705449030917,-24.253742218017578,5
1A2K,4,16.872501373291016,17.161911010742188,34.728355407714844,0.0,0.0213671127782164,-19.793292999267578,8
1A2K,5,18.636449813842773,14.680313110351562,34.35456085205078,0.0,0.022672560968339445,-22.909286499023438,6
1A2K,6,16.575069427490234,16.241317749023438,31.558551788330078,0.0,0.025365107005733373,-20.23227882385254,2
1A2K,7,16.504751205444336,16.701147079467773,30.826519012451172,0.0,0.02622016961434973,-18.041597366333008,3
1A2K,8,18.108797073364258,16.849933624267578,32.19139099121094,0.0,0.024346174837218123,-18.29739761352539,0
1A2K,9,18.51508903503418,14.417906761169434,33.401702880859375,0.0,0.023842753634824673,-22.843061447143555,4
1A2K,10,18.967281341552734,15.970579147338867,34.2732048034668,0.0,0.02222930590243471,-21.166324615478516,9
1A2K,11,17.864299774169922,14.1744966506958,32.41004943847656,0.0,0.025143558804972533,-25.032278060913086,1
1A2K,12,17.46209716796875,13.910551071166992,32.35529708862305,0.0,0.02535132648537193,-23.71533203125,2
1A2K,13,16.95621681213379,16.80119514465332,33.137847900390625,0.0,0.023213515992609568,-19.656463623046875,4
1A2K,14,18.71541976928711,14.291097640991211,33.99953079223633,0.0,0.023240569300037813,-19.721778869628906,8
6BPC,0,21.37851905822754,15.846622467041016,44.688507080078125,0.0,0.01459847611864092,-15.118672370910645,4
6BPC,1,22.347827911376953,13.994610786437988,49.0099983215332,0.0,0.013519651526881428,-14.608470916748047,10
6BPC,2,27.300350189208984,20.917428970336914,50.39699172973633,0.0,0.010925252438248196,-18.856168746948242,0
6BPC,3,14.290169715881348,13.493396759033203,32.78031921386719,0.0,0.02506944902217377,-17.222627639770508,0
6BPC,4,20.920143127441406,16.525672912597656,36.186973571777344,0.0,0.020153452398077473,-15.703570365905762,9
6BPC,5,17.446483612060547,14.874702453613281,30.325942993164062,0.0,0.027635290583046434,-16.7043514251709,0
6BPC,6,20.947765350341797,20.995758056640625,35.67283248901367,0.0,0.01960120168077602,-16.605350494384766,3
6BPC,7,21.261703491210938,20.17854118347168,36.43931579589844,0.0,0.019033318914715838,-16.060075759887695,1
6BPC,8,18.53289031982422,11.583189010620117,33.53593826293945,0.0,0.02561898770216406,-15.830606460571289,10
6BPC,9,21.671133041381836,14.24560546875,45.305870056152344,0.0,0.01498921420537574,-14.539731979370117,9
6BPC,10,24.723073959350586,13.29047679901123,51.15294647216797,0.0,0.013149257549774347,-15.343513488769531,5
6BPC,11,7.201819896697998,7.191165447235107,19.537681579589844,0.0,0.06694882603208005,-15.297266960144043,11
6BPC,12,18.323930740356445,16.01383399963379,32.99479675292969,0.0,0.023644471253374513,-17.648984909057617,0
6BPC,13,19.231889724731445,16.31099510192871,35.57823944091797,0.0,0.020794072837421646,-18.016260147094727,0
6BPC,14,24.21658706665039,16.48474884033203,46.0375862121582,0.0,0.013725635986436445,-15.907852172851562,3
1FFW,0,14.698781967163086,12.131196975708008,43.56415557861328,0.0,0.01724405557292995,-22.196094512939453,0
1FFW,1,15.076044082641602,12.01270866394043,44.0229377746582,0.0,0.01709768101334137,-18.456214904785156,2
1FFW,2,6.965373516082764,6.593659400939941,15.274423599243164,0.0,0.09521947055262943,-17.024703979492188,0
1FFW,3,12.523473739624023,12.46999740600586,40.06672286987305,0.0,0.019110224819744195,-19.364015579223633,0
1FFW,4,8.224996566772461,7.558671951293945,15.206361770629883,0.0,0.09198610107916495,-17.143014907836914,0
1FFW,5,14.452656745910645,12.696681022644043,50.43718338012695,0.0,0.013794004945380937,-15.693324089050293,0
1FFW,6,15.02591323852539,15.08555793762207,44.31809616088867,0.0,0.01509011891924026,-19.51381492614746,0
1FFW,7,15.089365005493164,13.64543342590332,53.382225036621094,0.0,0.012222200845171777,-16.658447265625,0
1FFW,8,13.234884262084961,13.404150009155273,41.41678237915039,0.0,0.017595104054914015,-19.037654876708984,0
1FFW,9,14.345924377441406,13.985376358032227,43.57421112060547,0.0,0.016010003967381604,-18.563011169433594,0
1FFW,10,5.232921600341797,4.7620134353637695,9.98078441619873,0.0,0.170216634627216,-20.609956741333008,0
1FFW,11,13.774090766906738,12.158111572265625,47.989505767822266,0.0,0.015136993411887933,-15.226066589355469,0
1FFW,12,4.125190734863281,3.8836185932159424,10.586485862731934,0.2,0.24059582923127545,-20.414533615112305,0
1FFW,13,14.260579109191895,11.637947082519531,44.82150650024414,0.0,0.017018699549302112,-19.55118751525879,0
1FFW,14,9.607985496520996,11.160806655883789,17.875396728515625,0.0,0.06738579620225449,-21.78879737854004,0
1SYX,0,18.446916580200195,18.60141944885254,52.599666595458984,0.0,0.01063665493603854,-20.81378936767578,1
1SYX,1,10.725262641906738,8.633286476135254,33.907169342041016,0.0,0.029476703859334288,-18.40904998779297,0
1SYX,2,4.576455116271973,5.033013343811035,16.039798736572266,0.0,0.10027737668811487,-23.031389236450195,0
1SYX,3,14.257083892822266,10.294867515563965,41.400718688964844,0.0,0.020411886288387703,-24.727754592895508,0
1SYX,4,18.361196517944336,14.225744247436523,53.00096130371094,0.0,0.01202364365784588,-15.78865909576416,0
1SYX,5,7.984768867492676,6.443148136138916,27.29117774963379,0.0,0.04661296919281329,-21.123140335083008,0
1SYX,6,10.832932472229004,7.864870548248291,34.44012451171875,0.0,0.03083782053705909,-22.322446823120117,0
1SYX,7,18.299978256225586,15.028043746948242,53.906211853027344,0.0,0.011374876381557356,-18.95693588256836,0
1SYX,8,4.776207447052002,5.004053592681885,14.44135570526123,0.0,0.11324805336000619,-21.69461441040039,1
1SYX,9,8.003633499145508,7.998745441436768,19.433847427368164,0.0,0.06485169360457073,-23.386568069458008,0
1SYX,10,5.112828731536865,4.904234886169434,17.430908203125,0.0,0.09255213866630467,-20.10548973083496,0
1SYX,11,7.73594331741333,6.222080707550049,25.11870002746582,0.0,0.05255687302088252,-21.44415855407715,0
1SYX,12,17.788394927978516,14.801068305969238,54.96617889404297,0.0,0.01117379682847367,-19.007244110107422,0
1SYX,13,18.094770431518555,15.06568431854248,56.944679260253906,0.0,0.010536971176700147,-18.561439514160156,0
1SYX,14,12.556482315063477,10.315739631652832,33.25178909301758,0.0,0.02734742418886137,-22.733657836914062,1
2A1A,0,12.252913475036621,11.487707138061523,25.947834014892578,0.0,0.037891152083020456,-16.614763259887695,0
2A1A,1,16.550029754638672,10.916475296020508,40.24599838256836,0.0,0.020410664875810933,-15.949532508850098,0
2A1A,2,10.563409805297852,10.56177806854248,21.799814224243164,0.0,0.050579720401298545,-17.16085433959961,0
2A1A,3,8.867264747619629,9.729596138000488,23.622535705566406,0.0,0.0459496196690151,-14.64234447479248,7
2A1A,4,16.686220169067383,11.43266487121582,38.84659957885742,0.999999,0.3542039763302574,-17.97021484375,3
2A1A,5,9.997611045837402,10.254135131835938,21.20862579345703,0.0,0.05311513847201416,-16.662353515625,0
2A1A,6,16.319089889526367,13.397590637207031,36.129234313964844,0.0,0.02160910633509168,-18.297977447509766,13
2A1A,7,12.057487487792969,13.3043794631958,32.97412872314453,0.0,0.024953622231057307,-14.628412246704102,5
2A1A,8,14.723368644714355,12.146970748901367,34.08689880371094,0.0,0.024520554331741374,-16.289443969726562,0
2A1A,9,13.583028793334961,13.767447471618652,29.098764419555664,0.0,0.030116834568928576,-15.072463035583496,3
2A1A,10,22.343406677246094,17.005504608154297,79.60600280761719,0.0,0.006330975453018879,-15.813238143920898,2
2A1A,11,13.080803871154785,12.509220123291016,29.10718536376953,0.0,0.03091737795847997,-15.827876091003418,1
2A1A,12,9.076549530029297,10.30015754699707,21.524877548217773,0.0,0.05189008071063748,-15.262395858764648,0
2A1A,13,9.264962196350098,9.252233505249023,22.927749633789062,0.0,0.04881464049861146,-14.802481651306152,0
2A1A,14,9.366328239440918,11.499359130859375,22.32491683959961,0.0,0.04778001331164423,-14.489263534545898,6
3R9A,0,18.214033126831055,13.98713493347168,40.31788635253906,0.0,0.01797515989555588,-16.387863159179688,41
3R9A,1,35.09633255004883,23.65646743774414,91.50320434570312,0.0,0.004186565151708207,-17.653709411621094,11
3R9A,2,34.232765197753906,24.158937454223633,88.696044921875,0.0,0.004313529000710023,-15.298530578613281,38
3R9A,3,21.329238891601562,17.239748001098633,43.72382354736328,0.0,0.014643154939322027,-14.251729965209961,81
3R9A,4,23.237951278686523,19.179956436157227,69.56200408935547,0.0,0.006930200704169269,-17.053125381469727,8
3R9A,5,19.248746871948242,16.932756423950195,55.968135833740234,0.0,0.01011048661576768,-16.497373580932617,21
3R9A,6,27.163623809814453,20.61726951599121,69.71881866455078,0.0,0.0066372401392493854,-15.957277297973633,41
3R9A,7,36.05035400390625,22.98505401611328,87.30809783935547,0.0,0.004543350163867938,-13.754232406616211,72
3R9A,8,23.15604591369629,16.34912109375,69.42333221435547,0.0,0.00770563499310007,-19.871601104736328,4
3R9A,9,25.82495880126953,20.128320693969727,70.59565734863281,0.0,0.006604266243960456,-16.52323341369629,22
3R9A,10,15.5691499710083,12.231648445129395,36.82868576049805,0.0,0.021796625999358703,-19.213300704956055,3
3R9A,11,35.201812744140625,24.09963607788086,92.79109954833984,0.0,0.004060154147219278,-16.97116470336914,9
3R9A,12,28.211294174194336,18.44158363342285,72.69820404052734,0.0,0.0066862330401562834,-18.142805099487305,12
3R9A,13,12.35981559753418,10.665749549865723,31.147138595581055,0.0,0.029568922054508284,-15.943693161010742,20
3R9A,14,22.104379653930664,12.923922538757324,54.44099426269531,0.0,0.012362986559738545,-14.90324878692627,27
3LVK,0,26.491823196411133,34.46181869506836,95.02315521240234,0.0,0.003276362938581629,-17.28307342529297,0
3LVK,1,25.731626510620117,40.105743408203125,93.8031234741211,0.0,0.003180384245708502,-17.714599609375,0
3LVK,2,19.98178482055664,27.925432205200195,75.08984375,0.0,0.005176185536293517,-12.434558868408203,0
3LVK,3,23.18874168395996,28.38637351989746,82.26078796386719,0.0,0.004449601317938509,-17.56322479248047,0
3LVK,4,21.840002059936523,27.242727279663086,78.2439956665039,0.0,0.004895438233416804,-18.928020477294922,0
3LVK,5,5.94716215133667,9.681312561035156,21.292179107666016,0.0,0.05363435467674823,-21.468765258789062,1
3LVK,6,9.264604568481445,15.37174129486084,33.00632095336914,0.0,0.023875818488409903,-17.551748275756836,0
3LVK,7,19.548519134521484,23.5233097076416,71.69371032714844,0.0,0.005970437398731358,-15.243717193603516,0
3LVK,8,5.109408378601074,8.77463150024414,18.79995346069336,0.0,0.06603946843291357,-19.072492599487305,0
3LVK,9,20.911283493041992,24.618318557739258,73.89692687988281,0.0,0.00558558802542862,-17.73219108581543,0
3LVK,10,5.32775354385376,8.67606258392334,19.912303924560547,0.0,0.06105221015567339,-18.3487606048584,0
3LVK,11,21.97602653503418,26.57457160949707,78.52748107910156,0.0,0.004918878869725473,-19.7225399017334,0
3LVK,12,10.054502487182617,16.27372169494629,36.65998077392578,0.0,0.0198136566561682,-13.839465141296387,0
3LVK,13,21.40887451171875,25.562511444091797,76.51504516601562,0.0,0.005207291414266422,-18.851551055908203,0
3LVK,14,4.91560173034668,8.17654800415039,18.5468807220459,0.0,0.06871259735002232,-20.36032485961914,0
2OZA,0,18.529258728027344,20.759090423583984,61.444210052490234,0.0,0.007990589113437042,-13.22225284576416,2
2OZA,1,19.69293785095215,17.64483642578125,36.884544372558594,0.0,0.019201178997015542,-11.293310165405273,14
2OZA,2,24.899999618530273,23.08456039428711,38.208717346191406,0.0,0.017120074314998124,-15.590787887573242,3
2OZA,3,24.52475929260254,20.748037338256836,39.73440170288086,0.0,0.016319654941237407,-14.018463134765625,12
2OZA,4,19.795564651489258,22.618953704833984,62.09507369995117,0.0,0.007590641078643348,-13.427817344665527,6
2OZA,5,25.890104293823242,21.45083999633789,39.94028091430664,0.0,0.016064998673489327,-14.305201530456543,8
2OZA,6,24.92603874206543,20.034576416015625,40.19831085205078,0.0,0.016124192218465463,-14.760303497314453,13
2OZA,7,14.092766761779785,13.751753807067871,41.85453796386719,0.0,0.017122502317182434,-15.784896850585938,13
2OZA,8,26.484634399414062,22.047155380249023,40.015594482421875,0.0,0.015926871722495933,-15.127435684204102,8
2OZA,9,25.233156204223633,21.01040267944336,40.1267204284668,0.0,0.016005216985248646,-13.605979919433594,18
2OZA,10,5.3340020179748535,6.42410135269165,12.358206748962402,0.0,0.12428262187991901,-13.144978523254395,20
2OZA,11,21.89105796813965,18.143085479736328,43.229515075683594,0.0,0.014670410684666022,-14.446505546569824,18
2OZA,12,12.469131469726562,12.461986541748047,38.025203704833984,0.0,0.020623797547050383,-15.246321678161621,5
2OZA,13,19.085460662841797,20.246213912963867,59.1207275390625,0.0,0.008570424748774631,-12.934267044067383,7
2OZA,14,14.994093894958496,16.556522369384766,43.877342224121094,0.036364,0.0268920136852512,-12.37594223022461,16
1R0R,0,6.168037414550781,7.586025714874268,15.848644256591797,0.09375,0.11825465392279388,-20.789968490600586,1
1R0R,1,6.038223743438721,6.889734268188477,19.471973419189453,0.03125,0.07885323055095227,-15.875700950622559,2
1R0R,2,10.507853507995605,13.193690299987793,33.32290267944336,0.0,0.024617145505805505,-15.077560424804688,2
1R0R,3,2.7813684940338135,3.0307462215423584,7.7537713050842285,0.28125,0.341273863020414,-21.97907257080078,1
1R0R,4,2.495635986328125,2.625657320022583,7.67337703704834,0.375,0.3906792919734619,-22.714330673217773,3
1R0R,5,3.9164745807647705,3.6254022121429443,12.584850311279297,0.375,0.2781465448616705,-19.71242332458496,2
1R0R,6,5.906005382537842,7.25298547744751,15.37027359008789,0.15625,0.1438226405141626,-21.60906982421875,1
1R0R,7,10.580012321472168,11.331533432006836,35.36137008666992,0.0,0.02394839779448228,-17.054502487182617,0
1R0R,8,9.608487129211426,10.64102840423584,31.119375228881836,0.0,0.029636789707671612,-17.79412841796875,3
1R0R,9,6.0904860496521,7.946026802062988,16.804698944091797,0.03125,0.08979415308268208,-15.747736930847168,1
1R0R,10,9.946688652038574,11.377522468566895,31.826669692993164,0.0,0.027887644163161352,-14.58989429473877,2
1R0R,11,8.382834434509277,10.604879379272461,23.168838500976562,0.0,0.04608080567488024,-16.631385803222656,25
1R0R,12,6.870755195617676,7.753180503845215,20.154773712158203,0.125,0.10402784539819872,-18.350196838378906,4
1R0R,13,9.347583770751953,8.999807357788086,31.20375633239746,0.0,0.03203526751488732,-14.240553855895996,3
1R0R,14,6.213634014129639,6.846628189086914,20.16790771484375,0.09375,0.09679570094723289,-16.1124267578125,2
2ABZ,0,8.108757972717285,8.32887077331543,23.688024520874023,0.0,0.04849588625945576,-19.662654876708984,1
2ABZ,1,7.598394870758057,9.025065422058105,22.666040420532227,0.0,0.050058261501605104,-19.741127014160156,2
2ABZ,2,8.576061248779297,10.78593921661377,25.5186767578125,0.0,0.03961392794872336,-19.447242736816406,1
2ABZ,3,8.477937698364258,8.995195388793945,24.162738800048828,0.0,0.04572585231471165,-18.439180374145508,4
2ABZ,4,8.249532699584961,10.358983039855957,25.969112396240234,0.0,0.039101064915266354,-14.561890602111816,2
2ABZ,5,6.830170154571533,9.259673118591309,21.055335998535156,0.0,0.055234949438895675,-16.854381561279297,1
2ABZ,6,7.215619087219238,9.78636360168457,18.683507919311523,0.0,0.06481242085209737,-17.861330032348633,0
2ABZ,7,5.873043537139893,8.148453712463379,18.93034553527832,0.0,0.06685408554578555,-17.072738647460938,0
2ABZ,8,7.722579002380371,9.65769100189209,21.240779876708984,0.0,0.053863101358084614,-25.987775802612305,1
2ABZ,9,7.899709224700928,7.8988728523254395,23.01363754272461,0.0,0.051616007822679076,-16.5606689453125,1
2ABZ,10,8.546455383300781,9.53892993927002,24.892587661743164,0.0,0.04285164744642275,-15.978683471679688,0
2ABZ,11,8.487214088439941,9.09512996673584,24.884506225585938,0.0,0.043654741370095895,-18.978422164916992,1
2ABZ,12,8.029147148132324,10.629676818847656,23.521400451660156,0.0,0.045010300033548244,-22.277063369750977,0
2ABZ,13,7.216014385223389,9.6101713180542,22.232357025146484,0.0,0.050438091608733776,-15.328487396240234,2
2ABZ,14,7.2802414894104,9.013934135437012,21.557861328125,0.125,0.09549723414376117,-16.635879516601562,10
1JK9,0,20.475587844848633,20.42454719543457,52.55150604248047,0.0,0.010286485235283445,-15.608372688293457,1
1JK9,1,21.021133422851562,20.052108764648438,52.18692398071289,0.0,0.010469230695556194,-12.75187873840332,2
1JK9,2,17.13406753540039,16.283992767333984,35.82060623168945,0.0,0.020573474026277076,-14.651741027832031,0
1JK9,3,11.952794075012207,10.729711532592773,20.863365173339844,0.147059,0.10286138832409959,-13.340169906616211,3
1JK9,4,11.523568153381348,10.645455360412598,20.208208084106445,0.088235,0.08600963152331781,-11.853924751281738,5
1JK9,5,16.547460556030273,16.89058494567871,37.36695098876953,0.0,0.019007834659079636,-13.980259895324707,6
1JK9,6,14.545121192932129,13.494070053100586,24.7369327545166,0.117647,0.07848525408149515,-15.602017402648926,5
1JK9,7,14.397062301635742,13.267387390136719,24.522214889526367,0.117647,0.07917643375040834,-15.04154109954834,4
1JK9,8,14.097434997558594,13.345685005187988,33.01496887207031,0.058824,0.04448792502146137,-13.478577613830566,12
1JK9,9,14.396415710449219,13.163397789001465,24.374347686767578,0.117647,0.07963025012712345,-14.958001136779785,6
1JK9,10,13.800113677978516,12.760144233703613,23.377111434936523,0.147059,0.09248638796314158,-15.242527961730957,7
1JK9,11,10.963231086730957,10.946371078491211,26.208641052246094,0.0,0.037868238234658645,-12.876921653747559,1
1JK9,12,14.261884689331055,12.943338394165039,24.15750503540039,0.058824,0.06074711320516061,-14.09244441986084,4
1JK9,13,17.13521385192871,18.25309181213379,40.35752868652344,0.0,0.016394470580491236,-12.922870635986328,7
1JK9,14,13.203030586242676,12.2005033493042,23.01058006286621,0.117647,0.08420222785602911,-14.710814476013184,6
1EWY,0,6.1278533935546875,6.2735090255737305,17.266569137573242,0.0,0.083048384804555,-18.276382446289062,1
1EWY,1,9.735614776611328,10.15437126159668,23.6096248626709,0.0,0.04536625484338025,-18.39815330505371,6
1EWY,2,5.57948637008667,5.587561130523682,15.938632011413574,0.0,0.0962171636784759,-15.69013500213623,2
1EWY,3,11.764918327331543,8.779519081115723,34.114906311035156,0.0,0.02893787044265811,-15.74833869934082,5
1EWY,4,9.744434356689453,10.144400596618652,22.718427658081055,0.0,0.048063875737945405,-18.362483978271484,5
1EWY,5,20.90361213684082,13.105298042297363,48.95248031616211,0.0,0.014066259125723497,-14.013641357421875,15
1EWY,6,8.953218460083008,9.737751960754395,23.64936637878418,0.0,0.045860222798931725,-16.315048217773438,9
1EWY,7,8.379138946533203,8.138141632080078,25.904870986938477,0.0,0.043352225032501766,-15.199488639831543,5
1EWY,8,6.685146808624268,7.749959468841553,19.360498428344727,0.0,0.06590442467448689,-18.545995712280273,3
1EWY,9,8.399993896484375,8.901079177856445,19.244953155517578,0.1,0.09694921047281836,-17.967378616333008,7
1EWY,10,14.407975196838379,13.486372947692871,39.59361267089844,0.0,0.018758976791970427,-14.302620887756348,6
1EWY,11,12.100028038024902,9.773828506469727,33.3647346496582,0.0,0.02798613741520696,-15.947818756103516,17
1EWY,12,7.489814758300781,6.473703384399414,18.214818954467773,0.0,0.07659198307582922,-16.938095092773438,0
1EWY,13,11.245798110961914,8.147858619689941,28.918561935424805,0.6,0.23743488351269845,-13.469171524047852,33
1EWY,14,13.549955368041992,11.918951034545898,37.97305679321289,0.0,0.021102051218397384,-16.9954833984375,4
