id,index,c_rmsd,i_rmsd,l_rmsd,fnat,DockQ,baseline_energy,baseline_num_clashes
2HRK,0,5.568047046661377,4.270996570587158,12.372154235839844,0.142857,0.19110462709554574,-53.93965148925781,0
2HRK,1,13.575453758239746,11.224924087524414,24.21934700012207,0.0,0.042402882196315966,-45.30278015136719,0
2HRK,2,13.659533500671387,11.603799819946289,24.047298431396484,0.0,0.042500043570708725,-64.71561431884766,0
2HRK,3,5.229597091674805,4.0550127029418945,11.350462913513184,0.285714,0.2551278133239466,-48.216041564941406,1
2HRK,4,5.391865253448486,4.4924116134643555,11.589540481567383,0.0,0.1500229646610237,-54.2541618347168,0
2HRK,5,5.709715843200684,4.4245076179504395,12.41620922088623,0.285714,0.23596965646061477,-48.22594451904297,1
2HRK,6,13.666032791137695,11.250450134277344,23.818614959716797,0.0,0.04347708876420677,-46.572364807128906,0
2HRK,7,10.886595726013184,7.909870147705078,32.17391586303711,0.0,0.03331863261312184,-38.652671813964844,5
2HRK,8,11.608704566955566,9.508776664733887,21.28179168701172,0.0,0.05395214367964646,-58.23823928833008,0
2HRK,9,14.491646766662598,12.05678939819336,25.034015655517578,0.0,0.03953709512834042,-38.98137664794922,1
2HRK,10,12.817505836486816,10.651022911071777,23.859647750854492,0.0,0.04402290159929262,-58.94858932495117,0
2HRK,11,14.325014114379883,11.9691801071167,24.6462459564209,0.0,0.040587193189526506,-45.82775115966797,0
2HRK,12,14.130508422851562,11.771886825561523,24.570045471191406,0.0,0.04095521736504029,-45.24855041503906,0
2HRK,13,14.372624397277832,11.822571754455566,24.967472076416016,0.0,0.03990198813331645,-59.0053596496582,0
2HRK,14,7.909587383270264,6.555771827697754,16.657428741455078,0.0,0.08544722386382597,-48.362857818603516,0
1LFD,0,8.292380332946777,8.785194396972656,24.949731826782227,0.0,0.04410760941162976,-37.7480354309082,3
1LFD,1,3.772775650024414,3.9825446605682373,11.61769962310791,0.0,0.15763262565732494,-42.17112350463867,0
1LFD,2,7.6971354484558105,8.651897430419922,22.03907012939453,0.0,0.052889322917283293,-36.07680892944336,3
1LFD,3,11.824539184570312,11.53573226928711,25.117582321166992,0.0,0.03979326809672531,-60.340023040771484,0
1LFD,4,8.963033676147461,9.055815696716309,16.90507698059082,0.0,0.07616719144809701,-42.535152435302734,0
1LFD,5,8.449729919433594,8.181666374206543,18.379650115966797,0.0,0.06957079150533957,-50.4471321105957,0
1LFD,6,9.784939765930176,9.843798637390137,22.391788482666016,0.0,0.049547465521864655,-58.387351989746094,0
1LFD,7,11.232623100280762,11.06534194946289,23.250333786010742,0.0,0.04531351221743474,-59.52943420410156,0
1LFD,8,4.588860988616943,5.330963611602783,13.230666160583496,0.0,0.12183940787203436,-43.50657272338867,0
1LFD,9,5.448464393615723,3.985954523086548,15.209587097167969,0.133333,0.16512505672008762,-49.50353240966797,0
1LFD,10,5.7709784507751465,6.576595306396484,14.72440242767334,0.0,0.09979953936657815,-47.52664566040039,0
1LFD,11,7.889558792114258,8.122231483459473,17.45656394958496,0.0,0.0748783741536926,-43.056068420410156,2
1LFD,12,15.39106273651123,9.723846435546875,31.33452796936035,0.0,0.030594916006065898,-26.354106903076172,56
1LFD,13,10.2078275680542,10.159567832946777,19.195573806762695,0.0,0.06175666336449992,-49.375972747802734,0
1LFD,14,4.017967224121094,4.246922492980957,11.414965629577637,0.0,0.1558705086598536,-43.33523941040039,1
2YVJ,0,5.657128810882568,2.8862409591674805,16.788284301757812,0.5,0.30556602005131767,-37.02577209472656,1
2YVJ,1,10.002603530883789,6.980159282684326,27.042261123657227,0.0,0.044685551207072904,-44.0709114074707,0
2YVJ,2,9.447378158569336,5.900326728820801,26.48003387451172,0.0,0.05137320577367321,-45.145076751708984,1
2YVJ,3,8.961673736572266,5.546191692352295,26.175201416015625,0.0,0.054517968732543436,-44.17941665649414,0
2YVJ,4,7.197421073913574,6.991366386413574,16.330978393554688,0.0,0.08572130214533667,-38.49174880981445,0
2YVJ,5,17.878870010375977,11.665934562683105,45.25994110107422,0.0,0.016777515046325454,-20.2196102142334,40
2YVJ,6,51.91277313232422,72.08778381347656,145.0714874267578,0.0,0.0012846793940414275,0.0,0
2YVJ,7,23.79250717163086,13.740249633789062,59.26846694946289,0.0,0.010643591216828544,-33.5740966796875,1
2YVJ,8,8.716963768005371,5.720818519592285,23.22867202758789,0.0,0.060805545490622115,-44.66850662231445,0
2YVJ,9,9.40414047241211,6.549596786499023,26.491437911987305,0.0,0.047725876510701294,-48.8848876953125,0
2YVJ,10,7.543613433837891,5.698408603668213,19.783313751220703,0.0,0.07354543805487684,-35.898345947265625,1
2YVJ,11,21.537593841552734,14.488088607788086,55.85272979736328,0.0,0.011080586053731974,-28.68423080444336,2
2YVJ,12,8.098313331604004,6.593696594238281,20.729305267333984,0.0,0.06438090237852372,-45.77565383911133,0
2YVJ,13,23.176097869873047,13.212239265441895,57.27783966064453,0.0,0.011424383726478865,-23.96860694885254,9
2YVJ,14,8.426307678222656,5.719505786895752,22.874650955200195,0.0,0.061893632799283615,-39.06123352050781,1
1BUH,0,10.496750831604004,15.286916732788086,28.738380432128906,0.0,0.029993318258764345,-49.75104904174805,0
1BUH,1,9.194355010986328,13.129582405090332,25.630300521850586,0.0,0.03732341777607586,-48.8491096496582,0
1BUH,2,10.578869819641113,14.022516250610352,29.29645347595215,0.0,0.029652346998655224,-40.01866149902344,0
1BUH,3,11.654261589050293,16.788660049438477,31.12518882751465,0.0,0.02577402872708867,-51.141632080078125,0
1BUH,4,10.558932304382324,12.854148864746094,27.357072830200195,0.0,0.03382448831167307,-52.95329666137695,0
1BUH,5,10.791829109191895,15.357416152954102,29.36568832397461,0.0,0.028918708765778938,-47.971473693847656,0
1BUH,6,11.045059204101562,12.700216293334961,29.659748077392578,0.0,0.02988481028127135,-52.070796966552734,0
1BUH,7,9.198148727416992,12.356139183044434,26.47933006286621,0.0,0.03598043670333082,-50.825382232666016,0
1BUH,8,9.488544464111328,12.290367126464844,26.21925163269043,0.0,0.03659341350518177,-56.05824661254883,0
1BUH,9,10.053650856018066,13.174585342407227,28.328039169311523,0.0,0.031798107967344086,-44.29610061645508,0
1BUH,10,10.129416465759277,12.946768760681152,26.26097297668457,0.0,0.036025212934606705,-49.77916717529297,0
1BUH,11,10.697712898254395,15.347419738769531,27.884798049926758,0.0,0.03149360245490564,-50.43742370605469,0
1BUH,12,10.394680976867676,13.810225486755371,28.855106353759766,0.0,0.03050189229881296,-47.97021484375,0
1BUH,13,9.766960144042969,13.29366397857666,26.938785552978516,0.0,0.034372187414428615,-51.962562561035156,0
1BUH,14,10.329684257507324,12.024162292480469,28.377086639404297,0.0,0.03255304248989901,-54.39591598510742,0
2J0T,0,10.987476348876953,9.116473197937012,31.01968765258789,0.0,0.032067127858406035,-36.141292572021484,7
2J0T,1,8.321606636047363,8.45338249206543,32.542877197265625,0.0,0.03146345818398242,-40.81266403198242,2
2J0T,2,6.287234306335449,6.460249423980713,22.30912971496582,0.035714,0.0712113739894497,-38.89069747924805,5
2J0T,3,8.91850471496582,7.7896857261657715,33.669822692871094,0.0,0.0318892921230205,-39.413211822509766,4
2J0T,4,13.781013488769531,11.022582054138184,33.34373474121094,0.035714,0.0383051186113361,-38.84067916870117,2
2J0T,5,6.2098774909973145,6.667384147644043,20.689966201782227,0.0,0.0641939851912092,-39.12931823730469,3
2J0T,6,6.167209625244141,6.57481575012207,22.61102294921875,0.0,0.0577647475711891,-37.53010177612305,6
2J0T,7,13.312555313110352,9.789758682250977,27.93899917602539,0.071429,0.059694813630158806,-39.99875259399414,4
2J0T,8,8.131065368652344,6.576338291168213,24.89744758605957,0.035714,0.06318464849254085,-37.38671112060547,7
2J0T,9,12.4314603805542,10.912102699279785,45.86449432373047,0.0,0.017250511273142224,-37.202762603759766,6
2J0T,10,8.896065711975098,7.197046756744385,26.919065475463867,0.035714,0.05600315560961903,-36.4176139831543,4
2J0T,11,7.482217311859131,7.637524604797363,26.168899536132812,0.0,0.04419156198365287,-37.992862701416016,3
2J0T,12,15.90130615234375,11.901374816894531,31.134096145629883,0.071429,0.05214376362552661,-53.69326400756836,0
2J0T,13,13.950915336608887,10.050325393676758,29.185880661010742,0.0,0.033325648952682044,-40.57378387451172,4
2J0T,14,5.814874172210693,5.979336261749268,19.01548194885254,0.0,0.07524776515530728,-37.21501922607422,5
5GRJ,0,21.403074264526367,13.67503833770752,50.70307540893555,0.0,0.013074813434343755,-27.948957443237305,2
5GRJ,1,10.555475234985352,6.690077304840088,30.528789520263672,0.066667,0.06215860367735113,-30.039857864379883,1
5GRJ,2,13.844879150390625,8.947866439819336,35.373653411865234,0.0,0.027307493631071836,-28.58502197265625,2
5GRJ,3,20.753389358520508,12.053970336914062,58.506038665771484,0.0,0.011973473825807573,-29.616365432739258,2
5GRJ,4,14.785733222961426,10.359597206115723,37.27346420288086,0.0,0.023322675516515578,-24.837331771850586,4
5GRJ,5,22.22129249572754,14.378519058227539,47.90271759033203,0.0,0.013763623039525748,-28.808677673339844,1
5GRJ,6,13.748503684997559,8.456762313842773,37.981075286865234,0.466667,0.18162139988081938,-26.155576705932617,9
5GRJ,7,18.116313934326172,15.407066345214844,76.3387222290039,0.0,0.007211879604815119,-26.624027252197266,5
5GRJ,8,17.699539184570312,11.978293418884277,60.27897262573242,0.0,0.011645334702725186,-24.217063903808594,11
5GRJ,9,14.94548225402832,9.442445755004883,42.557151794433594,0.6,0.2209922328026818,-26.480213165283203,6
5GRJ,10,9.822624206542969,6.865140914916992,23.735090255737305,0.6,0.2530787243317458,-26.21827507019043,6
5GRJ,11,11.74343204498291,6.254628658294678,37.28948211669922,0.533333,0.21237093973372864,-31.095006942749023,2
5GRJ,12,18.324811935424805,12.084990501403809,46.29298400878906,0.0,0.015928830280861134,-27.746129989624023,4
5GRJ,13,22.851482391357422,12.095669746398926,67.1143569946289,0.0,0.010310918746557984,-13.758801460266113,72
5GRJ,14,12.664119720458984,9.433042526245117,27.080081939697266,0.0,0.03811638692301773,-25.357759475708008,16
3BIW,0,28.179656982421875,17.461505889892578,79.67243194580078,0.0,0.006193099725226994,-48.93729782104492,0
3BIW,1,28.858346939086914,18.171920776367188,76.40806579589844,0.0,0.00633056042261882,-43.953311920166016,15
3BIW,2,29.7530517578125,18.40498924255371,78.01231384277344,0.0,0.0061102477221787405,-43.31703567504883,13
3BIW,3,25.6950740814209,16.880720138549805,75.20989227294922,0.0,0.006815263030305218,-50.828033447265625,3
3BIW,4,25.816574096679688,16.696998596191406,74.49683380126953,0.0,0.0069524061585018474,-46.05834197998047,12
3BIW,5,28.993139266967773,18.255329132080078,78.25921630859375,0.0,0.006121865285378156,-43.201026916503906,8
3BIW,6,28.309114456176758,18.989198684692383,76.36417388916016,0.0,0.006146365743656127,-45.128753662109375,8
3BIW,7,27.864601135253906,18.65484619140625,76.5605239868164,0.0,0.006200001811886915,-45.50701904296875,3
3BIW,8,26.435440063476562,16.06498908996582,75.366943359375,0.0,0.00706755519593909,-44.10478973388672,24
3BIW,9,22.890209197998047,15.62071418762207,67.5970458984375,0.0,0.008234174800175771,-46.1833381652832,18
3BIW,10,23.823131561279297,11.504335403442383,55.25807189941406,0.0,0.01327700607145032,-29.973569869995117,109
3BIW,11,28.152156829833984,17.241106033325195,76.1206283569336,0.0,0.00660928589632918,-48.07442092895508,5
3BIW,12,29.569351196289062,18.392120361328125,77.07060241699219,0.0,0.0062083052215912956,-43.66489028930664,7
3BIW,13,30.6509952545166,18.538944244384766,78.76268005371094,0.0,0.00600547682743563,-44.313106536865234,7
3BIW,14,25.93682289123535,19.273181915283203,73.17604064941406,0.0,0.006444629759190159,-43.90092849731445,9
3F1P,0,11.641993522644043,13.620814323425293,21.342037200927734,0.0,0.04962959776275783,-39.34889221191406,2
3F1P,1,19.313961029052734,20.707965850830078,52.57235336303711,0.0,0.01023155833862855,-48.54317092895508,0
3F1P,2,16.2004337310791,16.765684127807617,53.61288070678711,0.0,0.010820300555586318,-54.970985412597656,0
3F1P,3,11.516894340515137,11.032116889953613,39.1832275390625,0.0,0.021031609745249424,-37.56610107421875,4
3F1P,4,18.54077911376953,19.24469757080078,53.802459716796875,0.0,0.010130026661772292,-51.59438705444336,0
3F1P,5,13.805445671081543,11.41651439666748,21.421491622924805,0.0,0.05100022141277327,-42.12741470336914,4
3F1P,6,17.348230361938477,17.24012565612793,52.1064453125,0.0,0.011144691005998872,-50.64012908935547,0
3F1P,7,16.789854049682617,18.034883499145508,50.18130111694336,0.0,0.011587129082226593,-47.448848724365234,0
3F1P,8,18.350923538208008,19.563989639282227,46.67951583862305,0.0,0.012645922366944872,-45.39921951293945,0
3F1P,9,14.212129592895508,14.380257606506348,39.988853454589844,0.0,0.01799723588861594,-40.47261047363281,1
3F1P,10,15.268868446350098,14.389690399169922,37.67903518676758,0.0,0.019725227758382678,-48.53065490722656,0
3F1P,11,12.734803199768066,11.180167198181152,22.776350021362305,0.0,0.04664339379626869,-40.09467315673828,3
3F1P,12,18.43536376953125,18.557106018066406,48.87594223022461,0.0,0.011949343131100668,-52.578826904296875,0
3F1P,13,13.078764915466309,10.830812454223633,19.06585121154785,0.0,0.061541030993697864,-44.825050354003906,1
3F1P,14,16.783172607421875,18.188207626342773,52.15061950683594,0.0,0.01087787045954018,-52.8359260559082,0
3G6D,0,8.75026798248291,10.544976234436035,20.738283157348633,0.0,0.05455464017368114,-34.5002555847168,1
3G6D,1,9.889654159545898,12.64019775390625,24.297122955322266,0.0,0.04097563161289582,-30.184545516967773,21
3G6D,2,7.90852165222168,10.197931289672852,18.42061424255371,0.0,0.06557487239883593,-30.750158309936523,1
3G6D,3,14.568826675415039,14.696783065795898,35.56466293334961,0.0,0.02144817920877547,-21.43380355834961,63
3G6D,4,8.109323501586914,10.234456062316895,18.975112915039062,0.0,0.06271886960526464,-31.13712501525879,5
3G6D,5,8.705591201782227,10.099075317382812,20.272335052490234,0.0,0.05703436694562908,-40.142066955566406,0
3G6D,6,16.299089431762695,18.247703552246094,44.418174743652344,0.0,0.014012678577987978,-30.968210220336914,8
3G6D,7,9.5220365524292,14.648963928222656,22.51028060913086,0.0,0.04505611813932988,-39.1811408996582,2
3G6D,8,9.441306114196777,14.135309219360352,22.20355796813965,0.0,0.046318492568362075,-35.70621109008789,1
3G6D,9,8.949114799499512,13.159698486328125,20.872026443481445,0.0,0.05169353174438802,-39.847232818603516,2
3G6D,10,12.104363441467285,10.178088188171387,29.72490692138672,0.0,0.032282447843322994,-18.74882698059082,69
3G6D,11,10.204710006713867,15.398809432983398,23.991138458251953,0.0,0.040308874498185716,-28.98407745361328,6
3G6D,12,17.073776245117188,18.91227149963379,46.82762145996094,0.0,0.012716234032635434,-31.455158233642578,8
3G6D,13,8.666114807128906,13.646210670471191,20.41828155517578,0.0,0.0532138743017857,-27.430286407470703,3
3G6D,14,9.795157432556152,11.287215232849121,22.894580841064453,0.0,0.04616512531105233,-32.03923797607422,3
5X0T,0,8.16110897064209,11.114354133605957,21.47421646118164,0.0,0.051114131527008166,-32.623435974121094,1
5X0T,1,7.738322734832764,10.333368301391602,19.845380783081055,0.0,0.05855002425241601,-42.29412078857422,0
5X0T,2,11.463459968566895,12.577587127685547,32.76064682006836,0.0,0.02569859352180855,-26.92097282409668,5
5X0T,3,6.192100524902344,8.138909339904785,17.194772720336914,0.0,0.07641002131812587,-38.34579849243164,0
5X0T,4,6.910257339477539,9.808521270751953,22.476238250732422,0.0,0.0493252360075614,-33.44705581665039,0
5X0T,5,8.303370475769043,11.580191612243652,21.823150634765625,0.0,0.04940815083392237,-38.657230377197266,0
5X0T,6,8.072625160217285,10.130742073059082,21.026336669921875,0.4,0.18730645991121633,-42.761295318603516,0
5X0T,7,7.050093173980713,10.163994789123535,18.999509811401367,0.0,0.0626951830700916,-31.88099479675293,2
5X0T,8,4.887537479400635,6.321017265319824,13.220111846923828,0.0,0.11526524095053588,-40.52437210083008,0
5X0T,9,6.814022541046143,9.425748825073242,17.69693374633789,0.0,0.07071727412383912,-39.99155044555664,0
5X0T,10,5.343157768249512,7.262209415435791,14.820573806762695,0.0,0.0961445129786493,-33.43946075439453,1
5X0T,11,11.454719543457031,14.992204666137695,37.42529296875,0.0,0.01965466357678118,-31.72748374938965,0
5X0T,12,7.759420871734619,10.62195110321045,21.803239822387695,0.0,0.05049472031876622,-32.515968322753906,0
5X0T,13,12.896333694458008,10.28926944732666,37.98072814941406,0.0,0.022835635369076332,-28.784536361694336,4
5X0T,14,5.2993059158325195,6.646831512451172,14.089860916137695,0.0,0.10509572354842395,-36.23057556152344,0
5WUX,0,25.544132232666016,20.379894256591797,47.51016616821289,0.0,0.012134584126902903,-34.50568389892578,11
5WUX,1,24.351762771606445,22.922727584838867,55.824710845947266,0.0,0.008974092744834388,-37.05189514160156,4
5WUX,2,20.555116653442383,17.106815338134766,42.761192321777344,0.0,0.015213600898469236,-30.39168930053711,10
5WUX,3,29.039457321166992,23.642824172973633,63.98298263549805,0.0,0.007117167997863621,-32.50912094116211,17
5WUX,4,21.664430618286133,18.217805862426758,45.958892822265625,0.0,0.013269374140163782,-32.60316467285156,17
5WUX,5,29.4729061126709,24.296152114868164,65.2290267944336,0.0,0.006831438851311732,-33.264888763427734,9
5WUX,6,25.46760368347168,19.717758178710938,51.08635330200195,0.0,0.010897360344324198,-32.156856536865234,18
5WUX,7,21.15637969970703,17.053112030029297,32.585208892822266,0.0,0.0237958637782778,-30.80701446533203,7
5WUX,8,28.931989669799805,23.68301010131836,64.98407745361328,0.0,0.0069388898186050095,-31.240543365478516,26
5WUX,9,22.695724487304688,19.88077163696289,32.706207275390625,0.0,0.022976546361230126,-29.779312133789062,16
5WUX,10,17.067384719848633,13.963030815124512,29.5821590423584,0.2,0.09589127880727116,-38.005332946777344,3
5WUX,11,21.318891525268555,20.226469039916992,48.97690963745117,0.0,0.011569660393846756,-33.99684524536133,18
5WUX,12,25.902313232421875,17.688941955566406,70.79117584228516,0.0,0.007117247777759448,-38.43926239013672,24
5WUX,13,27.60464096069336,26.54897117614746,78.00935363769531,0.0,0.004971760004715899,-39.12286376953125,3
5WUX,14,27.772876739501953,30.67020606994629,70.90638732910156,0.0,0.005517662577256406,-36.44614028930664,21
3RVW,0,14.5848970413208,14.70114803314209,30.19670295715332,0.0,0.027907150947661302,-22.309404373168945,4
3RVW,1,24.19875144958496,9.968746185302734,47.81272888183594,0.0,0.017592136382849035,-17.99894142150879,80
3RVW,2,23.934377670288086,14.613988876342773,56.86509704589844,0.0,0.010760118399205891,-29.251646041870117,6
3RVW,3,15.369559288024902,14.919025421142578,34.1681022644043,0.0,0.022762492195562364,-25.286516189575195,2
3RVW,4,9.959982872009277,9.546807289123535,24.72470474243164,0.0,0.04326286974859741,-29.023317337036133,7
3RVW,5,17.35215187072754,13.469881057739258,42.06340408325195,0.0,0.017160555838358505,-21.966777801513672,5
3RVW,6,12.439895629882812,12.04794692993164,25.615079879760742,0.0,0.03815222879317202,-38.506256103515625,0
3RVW,7,8.866747856140137,8.467771530151367,20.65215301513672,0.0,0.0584278342976447,-27.354639053344727,13
3RVW,8,18.14695930480957,16.937026977539062,44.96662139892578,0.0,0.014093900051146288,-28.692272186279297,13
3RVW,9,15.146102905273438,13.899833679199219,33.96512985229492,0.0,0.023482943335037438,-24.419286727905273,5
3RVW,10,35.31939697265625,28.59152603149414,91.6016845703125,0.0,0.003760621286615503,-33.14244842529297,38
3RVW,11,15.362626075744629,14.55309009552002,32.700439453125,0.0,0.024600678214447114,-24.405603408813477,5
3RVW,12,34.492740631103516,35.63685989379883,98.80812072753906,0.0,0.0030381774908464884,-32.433570861816406,11
3RVW,13,12.964201927185059,11.410717010498047,25.29296875,0.0,0.03948797712624725,-31.376386642456055,1
3RVW,14,17.344167709350586,16.64055824279785,37.345584869384766,0.0,0.019104013470889535,-42.331233978271484,0
1IB1,0,14.350972175598145,16.060466766357422,34.1407585144043,0.0,0.022338436640577473,-30.317720413208008,13
1IB1,1,9.567785263061523,10.08935832977295,20.61871337890625,0.153846,0.10691066785867502,-29.989887237548828,11
1IB1,2,9.503658294677734,10.68745231628418,22.215919494628906,0.0,0.04900465526783054,-29.840023040771484,9
1IB1,3,7.979750156402588,8.65432071685791,15.540228843688965,0.0,0.0864816096176798,-32.7440185546875,4
1IB1,4,13.564626693725586,14.71762752532959,34.045650482177734,0.0,0.022985249603748925,-30.596651077270508,7
1IB1,5,19.53211784362793,20.193294525146484,49.280582427978516,0.0,0.011459335168535688,-39.54170227050781,1
1IB1,6,15.04486083984375,15.887985229492188,36.76657485961914,0.0,0.01985697895281129,-30.152667999267578,17
1IB1,7,11.771166801452637,13.026673316955566,23.299039840698242,0.0,0.04351570679537444,-34.44668960571289,1
1IB1,8,12.961950302124023,14.801226615905762,28.361326217651367,0.0,0.030861769272751412,-31.004825592041016,3
1IB1,9,12.356283187866211,14.089509963989258,28.010725021362305,0.0,0.03184252599168907,-27.06779670715332,11
1IB1,10,11.07142448425293,13.743011474609375,23.053380966186523,0.0,0.04381655802872445,-31.300947189331055,5
1IB1,11,17.43239402770996,20.155841827392578,39.96295928955078,0.0,0.016263257271343288,-41.056396484375,0
1IB1,12,12.074882507324219,13.648374557495117,26.58826446533203,0.0,0.03488651784471417,-29.920896530151367,3
1IB1,13,19.456859588623047,19.425636291503906,42.1026611328125,0.076923,0.0406708535602271,-29.687707901000977,48
1IB1,14,15.82802677154541,19.249496459960938,38.894248962402344,0.0,0.017206250996666627,-31.594493865966797,3
3MXW,0,10.910138130187988,11.0294189453125,26.33045196533203,0.0,0.03751252641103652,-33.58195114135742,1
3MXW,1,12.661836624145508,12.64453411102295,33.386505126953125,0.0,0.02491660129165815,-24.8548526763916,12
3MXW,2,11.319746971130371,13.943102836608887,24.318437576293945,0.0,0.040103638349287006,-34.04785919189453,1
3MXW,3,11.66907787322998,11.704336166381836,27.878658294677734,0.0,0.03373735053678581,-29.26399040222168,3
3MXW,4,11.505485534667969,13.463257789611816,25.633020401000977,0.0,0.03710944056536159,-27.42342758178711,11
3MXW,5,12.185810089111328,14.365889549255371,26.882652282714844,0.0,0.033891185076761816,-30.944854736328125,7
3MXW,6,14.519102096557617,13.44848918914795,36.3873176574707,0.0,0.021343983851781042,-30.60821533203125,8
3MXW,7,12.679442405700684,13.22177791595459,27.70720863342285,0.0,0.03290842590376067,-32.0035514831543,0
3MXW,8,10.943285942077637,10.52472972869873,25.98175048828125,0.0,0.03886306758793369,-28.612720489501953,10
3MXW,9,10.456177711486816,12.816706657409668,24.959957122802734,0.0,0.03914386314490704,-27.220998764038086,7
3MXW,10,10.195402145385742,10.168745994567871,24.432823181152344,0.0,0.043086237092700826,-28.101829528808594,8
3MXW,11,11.361984252929688,14.008430480957031,26.90180206298828,0.0,0.034035681777799434,-29.063453674316406,6
3MXW,12,11.561875343322754,14.105246543884277,28.175642013549805,0.0,0.03153358970328916,-28.314220428466797,5
3MXW,13,17.39439582824707,16.547992706298828,41.95635223388672,0.0,0.015858268545675014,-35.032413482666016,1
3MXW,14,11.392346382141113,13.08858585357666,27.608856201171875,0.0,0.03318087849926814,-28.45987319946289,7
3U7Y,0,20.21910858154297,15.735880851745605,37.35309982299805,0.0,0.019412670048569575,-26.72464370727539,1
3U7Y,1,29.59063148498535,21.71157455444336,64.2120361328125,0.0,0.007323838284438417,-26.05028533935547,30
3U7Y,2,19.72865867614746,21.89877700805664,39.20846939086914,0.0,0.01651937814698167,-20.007368087768555,6
3U7Y,3,19.69657325744629,19.400793075561523,36.358341217041016,0.0,0.019254974179721725,-14.180880546569824,9
3U7Y,4,29.041109085083008,24.590463638305664,68.96372985839844,0.0,0.006223713873566694,-28.36142921447754,21
3U7Y,5,22.960542678833008,14.084159851074219,42.734092712402344,0.0,0.016424300579347115,-20.745981216430664,69
3U7Y,6,29.413555145263672,20.730152130126953,62.88673782348633,0.0,0.00771663186533113,-26.178409576416016,29
3U7Y,7,24.22562599182129,21.746978759765625,41.242820739746094,0.0,0.015160038712243926,-22.43617057800293,7
3U7Y,8,29.068931579589844,23.631099700927734,64.59967803955078,0.0,0.007010512966615075,-25.811853408813477,19
3U7Y,9,16.922706604003906,11.633951187133789,33.03794860839844,0.0,0.026145114202126025,-19.37961196899414,6
3U7Y,10,35.43754577636719,31.942462921142578,95.77655792236328,0.0,0.0033383447298646484,-22.092041015625,19
3U7Y,11,29.277421951293945,28.497684478759766,72.14188385009766,0.0,0.005485048257142819,-23.969850540161133,19
3U7Y,12,19.310832977294922,15.676554679870605,35.84422302246094,0.0,0.02077085973536887,-25.561067581176758,0
3U7Y,13,30.2979679107666,23.416318893432617,63.61752700805664,0.0,0.007208478989034952,-25.886747360229492,25
3U7Y,14,29.746402740478516,26.24329948425293,70.4831771850586,0.0,0.005863762676405167,-31.364572525024414,7
1S78,0,20.529104232788086,17.796051025390625,61.75960922241211,0.0,0.008548134664852127,-15.498307228088379,5
1S78,1,20.387483596801758,15.598296165466309,43.865013122558594,0.0,0.015117727572797926,-17.294729232788086,21
1S78,2,11.811735153198242,12.046628952026367,47.15608596801758,0.0,0.015578688715131671,-12.610905647277832,12
1S78,3,18.821121215820312,16.826906204223633,51.15723419189453,0.0,0.0115831392042296,-11.543563842773438,32
1S78,4,20.12316131591797,15.685995101928711,56.26743698120117,0.0,0.010457622651066848,-14.33752727508545,38
1S78,5,19.836055755615234,18.463756561279297,64.58386993408203,0.0,0.007861146449934416,-14.251351356506348,12
1S78,6,19.470291137695312,16.318899154663086,56.852630615234375,0.0,0.010080812918984137,-13.618585586547852,18
1S78,7,19.12547492980957,23.118558883666992,45.472591400146484,0.0,0.012651242015270419,-26.45576286315918,17
1S78,8,16.3802547454834,11.828459739685059,57.736629486083984,0.0,0.012346990573281397,-14.195505142211914,14
1S78,9,21.238054275512695,17.678152084350586,60.2945442199707,0.0,0.008878237160065803,-13.659614562988281,11
1S78,10,17.29277801513672,17.154876708984375,51.973636627197266,0.0,0.011212516022970053,-12.30750846862793,22
1S78,11,20.47447967529297,16.650205612182617,52.495113372802734,0.0,0.011199630983291319,-15.258506774902344,14
1S78,12,14.83912467956543,14.834872245788574,46.21444320678711,0.0,0.01428064798571529,-11.453670501708984,14
1S78,13,18.03761100769043,14.1537504196167,60.578330993652344,0.0,0.010138245197486878,-16.249469757080078,12
1S78,14,18.562532424926758,14.745675086975098,49.55985641479492,0.0,0.012938997381366632,-14.178133964538574,28
1OYV,0,11.245497703552246,10.607385635375977,25.503440856933594,0.0,0.03986023925398969,-47.166229248046875,0
1OYV,1,15.041728973388672,13.857978820800781,30.14507484436035,0.0,0.02841052923428035,-55.29746627807617,0
1OYV,2,6.713624954223633,6.840901851654053,17.63254165649414,0.081081,0.10517324078810497,-53.16719436645508,0
1OYV,3,15.304728507995605,13.593121528625488,32.6147346496582,0.0,0.025210863111462107,-39.46276092529297,9
1OYV,4,13.81556510925293,15.076995849609375,30.44101333618164,0.0,0.027376763529638495,-41.82387161254883,1
1OYV,5,13.361035346984863,12.2150239944458,28.090227127075195,0.0,0.03291316257329613,-50.78823471069336,0
1OYV,6,7.151034355163574,7.416905403137207,17.852394104003906,0.027027,0.0837078614461252,-50.6392707824707,0
1OYV,7,6.778257846832275,7.499344825744629,16.387739181518555,0.0,0.08348806687749888,-52.61637496948242,0
1OYV,8,13.39273452758789,13.468215942382812,28.37629508972168,0.0,0.031530530643845096,-39.716773986816406,1
1OYV,9,13.774173736572266,13.393301010131836,27.437885284423828,0.0,0.033318083837879674,-39.77488708496094,5
1OYV,10,9.966012954711914,9.691946029663086,25.83061408996582,0.0,0.04036591300042038,-46.051212310791016,1
1OYV,11,10.736396789550781,10.196306228637695,23.14666748046875,0.0,0.046670731037808895,-50.388065338134766,0
1OYV,12,7.78375244140625,8.43212890625,18.306377410888672,0.0,0.06934340097934952,-41.71701431274414,2
1OYV,13,13.787713050842285,13.394919395446777,27.972501754760742,0.0,0.03230544711122891,-48.404518127441406,0
1OYV,14,9.062928199768066,8.442313194274902,23.781352996826172,0.0,0.047960783322823976,-54.43827819824219,0
1EER,0,16.250717163085938,17.17620849609375,58.56132507324219,0.0,0.00940059425486203,-28.653797149658203,36
1EER,1,16.589183807373047,14.337242126464844,48.788936614990234,0.0,0.013428596439579901,-23.47950553894043,37
1EER,2,17.60236167907715,12.501898765563965,42.21980285644531,0.0,0.017715041067332533,-25.785640716552734,59
1EER,3,16.613887786865234,17.342042922973633,54.700191497802734,0.0,0.010334446400886765,-31.714656829833984,3
1EER,4,16.59116554260254,16.602272033691406,45.451351165771484,0.0,0.01396297870153171,-25.95557975769043,6
1EER,5,12.648382186889648,17.222490310668945,71.7653579711914,0.0,0.007120943377081028,-34.88611602783203,1
1EER,6,18.30720329284668,18.562768936157227,55.66511917114258,0.0,0.009757681503909118,-23.656116485595703,5
1EER,7,16.6844425201416,17.802875518798828,54.25774383544922,0.0,0.010334465828892877,-40.73469924926758,0
1EER,8,16.431705474853516,16.70577049255371,50.41566848754883,0.0,0.01187912960547447,-26.264015197753906,13
1EER,9,18.44970703125,18.8133544921875,51.21505355834961,0.0,0.011041137682274764,-22.10930633544922,14
1EER,10,15.993524551391602,15.860269546508789,44.936397552490234,0.0,0.014469801822904832,-29.282272338867188,8
1EER,11,12.462095260620117,14.768946647644043,62.44734191894531,0.0,0.00946673710343336,-25.78559684753418,34
1EER,12,6.386579513549805,6.88052225112915,16.557401657104492,0.0,0.08464865925864029,-23.787433624267578,28
1EER,13,10.71023178100586,9.038569450378418,20.933391571044922,0.0,0.05611429896784331,-26.082935333251953,10
1EER,14,10.431716918945312,11.714302062988281,51.199378967285156,0.0,0.014318171453902337,-31.024799346923828,6
2BTF,0,24.293010711669922,23.275218963623047,65.81287384033203,0.0,0.006847742037828854,-44.38209533691406,6
2BTF,1,21.6400146484375,21.73188591003418,58.76118469238281,0.0,0.008412433839464722,-46.08959197998047,4
2BTF,2,27.68047523498535,26.99573516845703,77.07109832763672,0.0,0.005031705198428945,-56.040565490722656,1
2BTF,3,22.092405319213867,17.277605056762695,60.21050262451172,0.0,0.009006949672706028,-55.1308479309082,0
2BTF,4,28.380680084228516,26.258220672607422,76.12361145019531,0.0,0.0051890583559433484,-51.156776428222656,0
2BTF,5,17.770231246948242,20.829240798950195,47.923583984375,0.0,0.011886137583827441,-56.652610778808594,0
2BTF,6,11.481914520263672,13.400611877441406,24.05557632446289,0.0,0.04112368518374614,-47.067928314208984,0
2BTF,7,26.156169891357422,23.10186195373535,77.36910247802734,0.0,0.005374704468050678,-54.871639251708984,0
2BTF,8,14.390984535217285,14.687817573547363,39.67959976196289,0.0,0.018065678026356422,-43.18845748901367,0
2BTF,9,25.01823616027832,22.844667434692383,70.79512786865234,0.0,0.006167843093566695,-45.97857666015625,2
2BTF,10,12.187956809997559,15.138497352600098,24.067174911499023,0.0,0.04020797606182149,-57.515892028808594,0
2BTF,11,21.768489837646484,16.201499938964844,59.705318450927734,0.0,0.00945478645622314,-51.07653045654297,0
2BTF,12,14.321632385253906,17.841014862060547,34.76061248779297,0.0,0.021146735743253223,-46.079429626464844,1
2BTF,13,14.694082260131836,14.766214370727539,37.3594970703125,0.0,0.019810327565675617,-47.61458969116211,0
2BTF,14,28.222618103027344,25.89091682434082,73.73082733154297,0.0,0.005487136199220181,-51.14946746826172,1
1IRA,0,14.145118713378906,17.379653930664062,26.921831130981445,0.0,0.032680809434887874,-36.06905746459961,3
1IRA,1,15.049324989318848,18.85470962524414,28.760406494140625,0.0,0.02887321933971212,-37.49925994873047,1
1IRA,2,11.110976219177246,11.9796781539917,22.752958297729492,0.0,0.04596821813355834,-30.323402404785156,9
1IRA,3,28.07759666442871,25.08056640625,58.98859405517578,0.0,0.00796845383024377,-25.113998413085938,2
1IRA,4,5.341772079467773,5.00485372543335,12.278745651245117,0.0,0.1354624659697007,-41.77737045288086,0
1IRA,5,12.90578556060791,13.906503677368164,25.34586524963379,0.0,0.03753242765410051,-33.3243522644043,2
1IRA,6,16.31237030029297,18.001981735229492,31.746625900268555,0.0,0.024595702108824013,-37.09971618652344,0
1IRA,7,25.956581115722656,24.752653121948242,55.76979064941406,0.0,0.00878700311813246,-29.467571258544922,1
1IRA,8,11.60723876953125,12.627250671386719,23.07512855529785,0.0,0.044464442001446065,-32.58488464355469,5
1IRA,9,16.338876724243164,19.618844985961914,32.39503860473633,0.0,0.023407845072357256,-41.12490463256836,0
1IRA,10,10.389372825622559,12.934988021850586,21.752077102661133,0.0,0.0485800729762467,-33.176918029785156,2
1IRA,11,13.330337524414062,15.18178939819336,26.27570152282715,0.0,0.03480049542136236,-35.44845962524414,0
1IRA,12,13.832048416137695,17.84470558166504,25.12760353088379,0.0,0.03656522288656582,-39.11404800415039,2
1IRA,13,9.372037887573242,11.43409538269043,19.657543182373047,0.0,0.058146583672937575,-40.633056640625,0
1IRA,14,14.382305145263672,17.2626895904541,28.1121883392334,0.0,0.030419158882567965,-37.33525848388672,2
2HLE,0,14.93542194366455,13.292673110961914,49.050636291503906,0.0,0.013909244669138713,-35.96419143676758,5
2HLE,1,14.027921676635742,13.136921882629395,41.91141128540039,0.0,0.0174587218291793,-42.44179153442383,14
2HLE,2,15.45565414428711,12.648581504821777,48.14032745361328,0.181818,0.07530667762738616,-38.560333251953125,7
2HLE,3,13.483670234680176,11.819809913635254,43.93716812133789,0.0,0.017308540042454898,-40.38808822631836,9
2HLE,4,19.860929489135742,18.606414794921875,62.2632942199707,0.0,0.008251037435572818,-42.64698028564453,3
2HLE,5,14.138679504394531,13.050420761108398,43.91314697265625,0.0,0.01638419476324948,-34.234703063964844,4
2HLE,6,18.942676544189453,15.548312187194824,51.3597297668457,0.0,0.011960373628036444,-43.66288757324219,8
2HLE,7,10.958565711975098,8.675342559814453,30.92800521850586,0.181818,0.09369131808207821,-39.011043548583984,2
2HLE,8,9.594008445739746,7.989724636077881,31.46061134338379,0.0,0.03402580991354053,-35.78471755981445,4
2HLE,9,17.152721405029297,14.607298851013184,50.004478454589844,0.0,0.012839410190259666,-42.622825622558594,4
2HLE,10,14.141322135925293,11.927919387817383,46.87064743041992,0.181818,0.0764089747049425,-34.839088439941406,11
2HLE,11,17.278362274169922,14.658884048461914,54.316959381103516,0.0,0.011421907329591604,-40.559200286865234,6
2HLE,12,16.18120765686035,13.357596397399902,52.56242752075195,0.181818,0.0732519180657865,-31.501447677612305,6
2HLE,13,12.796300888061523,12.787920951843262,41.439674377441406,0.0,0.017982203769374122,-48.07925796508789,0
2HLE,14,15.141889572143555,12.714228630065918,45.246009826660156,0.0,0.01593891932197776,-44.9896125793457,13
1T6B,0,17.225414276123047,14.179956436157227,52.35662841796875,0.0,0.012248766588526666,-38.76725769042969,0
1T6B,1,20.958786010742188,18.289045333862305,61.114925384521484,0.0,0.008552837019152765,-34.661888122558594,2
1T6B,2,17.364093780517578,16.093429565429688,49.952964782714844,0.0,0.012250723676347566,-37.235374450683594,0
1T6B,3,17.967220306396484,14.995397567749023,54.207061767578125,0.0,0.011301701408990976,-30.35579490661621,3
1T6B,4,16.331640243530273,13.29200267791748,46.858184814453125,0.0,0.014810682743738627,-34.0507698059082,2
1T6B,5,42.19015884399414,38.69709777832031,108.57585906982422,0.0,0.0025305644977839732,-31.23150062561035,1
1T6B,6,19.868898391723633,14.058248519897461,53.47878646850586,0.0,0.011965484578090631,-39.62889862060547,0
1T6B,7,40.902130126953125,43.4784049987793,106.80396270751953,0.0,0.0024942483051150666,-27.499300003051758,2
1T6B,8,14.672130584716797,14.117462158203125,39.18443298339844,0.304348,0.12015071741858811,-38.22287368774414,1
1T6B,9,18.979473114013672,13.600655555725098,54.61575698852539,0.0,0.011888728406125268,-27.727182388305664,2
1T6B,10,20.957496643066406,15.857952117919922,58.955265045166016,0.0,0.00974387321585573,-31.01193618774414,1
1T6B,11,10.185541152954102,13.500093460083008,23.536392211914062,0.0,0.0425237540111473,-43.40936279296875,0
1T6B,12,37.60102462768555,39.355255126953125,101.79566192626953,0.0,0.002791557150539112,-35.681724548339844,0
1T6B,13,21.17401695251465,15.002004623413086,56.020626068115234,0.0,0.010800742961792884,-33.82047653198242,0
1T6B,14,42.170013427734375,35.72712707519531,109.52194213867188,0.0,0.0025822941119145178,-31.91605567932129,0
5KOV,0,17.783489227294922,14.46411418914795,32.52289581298828,0.0,0.024859656536014043,-32.240264892578125,16
5KOV,1,25.08671760559082,21.001914978027344,43.97065353393555,0.0,0.013699375186856098,-31.644855499267578,28
5KOV,2,27.909360885620117,21.717391967773438,39.66972732543945,0.0,0.01621461608000226,-31.550790786743164,10
5KOV,3,20.800188064575195,13.607892036437988,31.269573211669922,0.0,0.026937323504471557,-30.275978088378906,19
5KOV,4,16.742843627929688,13.9657564163208,34.073551177978516,0.0,0.023329702552343498,-28.117158889770508,7
5KOV,5,28.4917049407959,21.968502044677734,46.390968322753906,0.0,0.0123738482672887,-30.64446449279785,44
5KOV,6,13.014204978942871,9.560843467712402,28.635452270507812,0.0,0.03499972726603844,-31.143051147460938,25
5KOV,7,21.23434066772461,15.27489185333252,34.440673828125,0.0,0.02232164228362925,-29.804819107055664,7
5KOV,8,21.90534210205078,14.175559997558594,32.27254867553711,0.0,0.02531431450047943,-30.61448860168457,4
5KOV,9,25.84439468383789,20.325681686401367,34.69316101074219,0.0,0.02068163765140551,-30.711488723754883,19
5KOV,10,26.215408325195312,22.5248966217041,39.53275680541992,0.0,0.016200748961779605,-28.146791458129883,5
5KOV,11,30.770587921142578,24.6738224029541,40.61259460449219,0.0,0.015216058653745769,-30.496089935302734,10
5KOV,12,21.22177505493164,15.650744438171387,37.10307693481445,0.0,0.01965597117791871,-30.117719650268555,13
5KOV,13,23.926393508911133,18.327178955078125,35.52043533325195,0.0,0.020272177805569527,-31.357929229736328,22
5KOV,14,28.409439086914062,24.355548858642578,39.983219146728516,0.0,0.015672889505053068,-30.64698028564453,7
2AJF,0,21.569414138793945,17.350976943969727,50.16657638549805,0.0,0.011775155056087894,-32.10585403442383,57
2AJF,1,19.150941848754883,19.048416137695312,45.69434356689453,0.0,0.01320281604379663,-33.47932434082031,43
2AJF,2,20.52617073059082,21.11223793029785,48.79336929321289,0.0,0.011491933019273043,-31.39594078063965,47
2AJF,3,17.97514533996582,15.558428764343262,43.44245529174805,0.0,0.015360380737682458,-26.622106552124023,67
2AJF,4,21.406625747680664,16.97713851928711,50.10038757324219,0.0,0.01190830888503211,-30.95310401916504,45
2AJF,5,21.458921432495117,17.295621871948242,50.25537872314453,0.0,0.011758957640040884,-32.4828987121582,51
2AJF,6,21.996179580688477,19.34688949584961,53.44824981689453,0.0,0.010214227147202984,-29.430835723876953,40
2AJF,7,19.182024002075195,18.596887588500977,46.02106475830078,0.0,0.013150598909993866,-35.22776794433594,37
2AJF,8,20.880552291870117,16.23870086669922,49.205970764160156,0.0,0.012478659895147607,-32.79496383666992,40
2AJF,9,18.96214485168457,18.798784255981445,45.757789611816406,0.0,0.013227524569164833,-33.57193374633789,43
2AJF,10,20.091581344604492,19.0922794342041,47.87765884399414,0.0,0.012230199290451502,-30.108766555786133,90
2AJF,11,18.13438606262207,14.88642692565918,43.242977142333984,0.0,0.01575036756198165,-30.834434509277344,58
2AJF,12,19.256418228149414,20.24801254272461,45.52921676635742,0.0,0.013046189797749299,-30.781349182128906,53
2AJF,13,19.23277473449707,17.07124900817871,45.925235748291016,0.0,0.013594246924039583,-28.7625789642334,77
2AJF,14,18.66223907470703,14.793975830078125,43.88046646118164,0.0,0.015447207383593129,-30.5206356048584,76
4Y7M,0,9.31779670715332,8.17905044555664,34.18779373168945,0.307692,0.1328160074382989,-26.717966079711914,2
4Y7M,1,9.811382293701172,7.592775821685791,25.02762794494629,0.0,0.046992939343328315,-27.57406997680664,16
4Y7M,2,10.737200736999512,8.785992622375488,38.814327239990234,0.461538,0.1785408340911591,-26.359161376953125,13
4Y7M,3,5.110241413116455,4.910506248474121,10.8035888671875,0.230769,0.23281882299326603,-26.41417121887207,22
4Y7M,4,15.715584754943848,13.142661094665527,41.26108932495117,0.0,0.017856373872023327,-32.224918365478516,1
4Y7M,5,8.834983825683594,8.308833122253418,20.078296661376953,0.0,0.0611812686447634,-24.36382484436035,9
4Y7M,6,8.959268569946289,7.328204154968262,25.6973819732666,0.307692,0.14884174731507988,-24.528627395629883,7
4Y7M,7,12.748252868652344,10.951754570007324,41.25139617919922,0.0,0.01971421202725813,-26.245149612426758,9
4Y7M,8,5.043802738189697,6.280641078948975,13.75293254852295,0.0,0.11012166401815937,-23.735788345336914,10
4Y7M,9,5.2217183113098145,5.007166862487793,9.995481491088867,0.384615,0.2955452221062955,-30.271066665649414,10
4Y7M,10,13.640118598937988,12.368876457214355,46.092262268066406,0.307692,0.11835843896960668,-28.37252426147461,6
4Y7M,11,9.124505996704102,6.932547092437744,25.04791831970215,0.0,0.0493295719132771,-26.823429107666016,1
4Y7M,12,5.603274822235107,5.429577827453613,12.922621726989746,0.307692,0.22686495244565222,-22.217920303344727,5
4Y7M,13,6.901332378387451,6.838428020477295,17.833084106445312,0.153846,0.12829331055179616,-26.50140953063965,13
4Y7M,14,3.737816333770752,4.139143943786621,10.620699882507324,0.230769,0.24576319577708297,-29.319490432739258,1
1HIA,0,6.51632833480835,7.355671405792236,20.567350387573242,0.0,0.06193535521876733,-49.5702018737793,2
1HIA,1,5.552512168884277,6.383946895599365,14.043715476989746,0.133333,0.15125525115287553,-43.37855529785156,9
1HIA,2,6.583617687225342,7.375351428985596,20.50058364868164,0.0,0.062137960905996804,-48.47697448730469,0
1HIA,3,15.13916015625,16.248157501220703,43.32837677001953,0.0,0.015169846150114685,-53.56636047363281,1
1HIA,4,15.542807579040527,16.006811141967773,46.31992721557617,0.0,0.01376089299411847,-62.287357330322266,0
1HIA,5,4.2187910079956055,5.327545166015625,11.362778663635254,0.0,0.14408534699696854,-59.31511688232422,2
1HIA,6,9.029034614562988,11.707712173461914,23.792299270629883,0.066667,0.06533464380385588,-50.348384857177734,1
1HIA,7,10.186549186706543,10.847465515136719,29.704700469970703,0.0,0.03148250828622242,-64.23428344726562,0
1HIA,8,15.948878288269043,16.850177764892578,45.82447052001953,0.0,0.013708158564489037,-69.25902557373047,0
1HIA,9,10.185019493103027,11.066549301147461,32.76610565185547,0.0,0.027031093668804625,-49.38956069946289,2
1HIA,10,11.046422004699707,12.283418655395508,36.26828384399414,0.0,0.022253349339953793,-54.32482147216797,1
1HIA,11,12.367127418518066,13.468204498291016,39.689571380615234,0.0,0.018702022317170733,-52.35519027709961,2
1HIA,12,12.148857116699219,13.675764083862305,36.87140655517578,0.0,0.020783356068715498,-51.694610595703125,0
1HIA,13,8.209463119506836,10.356313705444336,20.1156063079834,0.0,0.05735017945325957,-59.417579650878906,0
1HIA,14,10.847408294677734,11.365483283996582,32.262001037597656,0.0,0.027343240491416305,-43.02237319946289,9
1BKD,0,23.083782196044922,19.861108779907227,62.786521911621094,0.0,0.007889772483922766,-30.547813415527344,4
1BKD,1,24.961780548095703,23.60597801208496,61.2735710144043,0.0,0.007633999621939114,-33.60776138305664,2
1BKD,2,13.909610748291016,16.248748779296875,27.372800827026367,0.0,0.032132239990304186,-29.350980758666992,7
1BKD,3,17.577972412109375,14.013298988342285,47.3358268737793,0.0,0.01418848230635183,-29.87885856628418,21
1BKD,4,23.081607818603516,19.360790252685547,61.070133209228516,0.0,0.00832361409226015,-32.87761688232422,10
1BKD,5,22.94306755065918,19.18193817138672,62.15568923950195,0.0,0.008145336208114806,-27.316686630249023,6
1BKD,6,26.011884689331055,24.000503540039062,63.3901481628418,0.0,0.007184500817601852,-33.584754943847656,3
1BKD,7,25.868305206298828,24.226070404052734,62.64527893066406,0.0,0.007298848389141527,-33.16254806518555,3
1BKD,8,9.430926322937012,10.190573692321777,18.729625701904297,0.157895,0.11662863274323555,-30.204195022583008,3
1BKD,9,13.74547004699707,16.476791381835938,26.704343795776367,0.0,0.03340475438010613,-30.553197860717773,4
1BKD,10,20.71697425842285,21.356334686279297,50.95317459106445,0.0,0.010661455461825462,-23.942241668701172,3
1BKD,11,23.635560989379883,20.364606857299805,63.175724029541016,0.0,0.007725562427012218,-29.287391662597656,5
1BKD,12,11.8582181930542,13.2503023147583,23.24722671508789,0.105263,0.0786133511662928,-28.939863204956055,14
1BKD,13,25.89906883239746,24.453866958618164,63.1496696472168,0.0,0.007181161286182132,-32.05826187133789,2
1BKD,14,24.042036056518555,20.584638595581055,64.5842056274414,0.0,0.0074361780002623395,-30.173242568969727,4
1EXB,0,28.07522964477539,34.186790466308594,74.00875854492188,0.0,0.004980179596981752,-15.983136177062988,10
1EXB,1,26.271141052246094,31.685203552246094,67.1746826171875,0.0,0.005998369957201824,-15.580334663391113,21
1EXB,2,29.659454345703125,37.257083892822266,76.6438217163086,0.0,0.004589420377621348,-17.705686569213867,4
1EXB,3,21.741287231445312,30.17780876159668,54.80002975463867,0.0,0.008652744010632152,-14.660139083862305,6
1EXB,4,25.36508560180664,29.848360061645508,65.4006576538086,0.0,0.00637674141691416,-14.84267807006836,29
1EXB,5,32.4135856628418,38.55830383300781,84.52751159667969,0.0,0.0038406550480205998,-14.556053161621094,9
1EXB,6,30.281658172607422,36.03273010253906,72.93427276611328,0.0,0.005043430307873479,-17.842361450195312,0
1EXB,7,33.51213073730469,37.364437103271484,79.36361694335938,0.0,0.004316594277569328,-15.197368621826172,6
1EXB,8,31.517215728759766,38.264503479003906,80.28583526611328,0.0,0.004206308019504845,-15.41565227508545,8
1EXB,9,33.72740936279297,37.3510627746582,79.5357894897461,0.0,0.004300813812307286,-16.348499298095703,1
1EXB,10,24.593608856201172,32.26799011230469,63.76417922973633,0.0,0.006538625832838715,-13.900808334350586,28
1EXB,11,30.498878479003906,38.88803482055664,78.62681579589844,0.0,0.004345809764811598,-13.547232627868652,16
1EXB,12,28.91277313232422,36.73765563964844,74.55611419677734,0.0,0.004831795177461177,-17.652809143066406,6
1EXB,13,24.11728286743164,29.76089859008789,63.40174102783203,0.0,0.006730054939110262,-15.387078285217285,19
1EXB,14,23.435396194458008,30.295698165893555,60.49459457397461,0.0,0.007268611023242526,-16.60698890686035,14
1D6R,0,6.396554946899414,7.6660990715026855,14.45772647857666,0.0,0.0979129969797383,-43.2775993347168,2
1D6R,1,8.905652046203613,9.046667098999023,22.161409378051758,0.0,0.05166686834799309,-38.18778610229492,6
1D6R,2,14.853511810302734,14.097860336303711,41.69668960571289,0.0,0.017030710640267847,-56.10358810424805,0
1D6R,3,8.098877906799316,7.602696418762207,19.26951026916504,0.0,0.0667844408402728,-53.52237319946289,0
1D6R,4,17.13046646118164,14.945897102355957,49.59724426269531,0.0,0.012835100197908659,-41.216922760009766,6
1D6R,5,13.253364562988281,14.682872772216797,41.13211441040039,0.0,0.017094848097299352,-49.96099090576172,0
1D6R,6,14.802217483520508,18.882694244384766,44.4907112121582,0.0,0.013828650834321115,-32.69834899902344,2
1D6R,7,13.097875595092773,15.300076484680176,40.029449462890625,0.0,0.017554848081278735,-36.67888259887695,10
1D6R,8,21.98723793029785,17.076311111450195,54.934898376464844,0.0,0.010346043417799327,-46.06842803955078,0
1D6R,9,9.10863208770752,12.575348854064941,22.739248275756836,0.0,0.04554219210821007,-43.36042785644531,0
1D6R,10,16.602649688720703,17.416669845581055,51.53731155395508,0.0,0.011281352386477967,-51.0197868347168,0
1D6R,11,9.81460952758789,11.3202543258667,24.205270767211914,0.0,0.04234435438399542,-50.37044906616211,0
1D6R,12,15.239595413208008,14.167407989501953,37.42631912231445,0.0,0.02004529218532057,-31.55807876586914,34
1D6R,13,15.437043190002441,16.83885955810547,46.15575408935547,0.0,0.013558268119872883,-43.3624267578125,3
1D6R,14,12.699101448059082,14.636427879333496,38.680484771728516,0.0,0.018819661741361928,-37.966915130615234,1
5E5M,0,11.876726150512695,8.48892593383789,21.830415725708008,0.0,0.05397486265516215,-50.324928283691406,0
5E5M,1,8.878263473510742,7.248046875,15.431821823120117,0.0,0.09128035959504671,-39.89493179321289,3
5E5M,2,10.24497127532959,7.446114540100098,20.021343231201172,0.0,0.06390440420050532,-45.435569763183594,1
5E5M,3,6.429079532623291,5.495888710021973,14.909175872802734,0.1875,0.167376782592182,-40.30366134643555,1
5E5M,4,10.326496124267578,8.27777099609375,17.44475746154785,0.0,0.0745520278011738,-42.84425354003906,3
5E5M,5,9.565382957458496,7.500340461730957,17.410499572753906,0.0,0.07697737317962981,-47.254722595214844,0
5E5M,6,9.561676025390625,9.291415214538574,20.869190216064453,0.0,0.05589620557010503,-42.89463424682617,1
5E5M,7,11.019691467285156,8.703038215637207,17.996135711669922,0.0,0.07041573443375058,-43.366737365722656,0
5E5M,8,6.04351806640625,5.0537638664245605,12.377262115478516,0.0625,0.15464593761942239,-36.69050979614258,5
5E5M,9,11.681326866149902,9.240665435791016,19.920595169067383,0.0,0.059899367204549185,-41.889347076416016,3
5E5M,10,9.72977066040039,7.552084445953369,18.1259822845459,0.0,0.07273894465084432,-41.40255355834961,0
5E5M,11,6.569014072418213,4.97041130065918,17.848812103271484,0.3125,0.19361180979704037,-41.17631530761719,3
5E5M,12,11.188397407531738,9.005121231079102,18.37579917907715,0.0,0.06775034331250036,-42.767478942871094,1
5E5M,13,16.797203063964844,15.552817344665527,23.89016342163086,0.0,0.04052723381981869,-43.258758544921875,2
5E5M,14,6.858622074127197,6.6998491287231445,24.81485939025879,0.0,0.0509141962396919,-40.914276123046875,9
2OOR,0,7.644315719604492,9.112900733947754,19.406574249267578,0.0,0.06244684723839875,-21.629135131835938,13
2OOR,1,25.595544815063477,22.711132049560547,71.71884155273438,0.0,0.006065092363162287,-27.39409637451172,8
2OOR,2,17.778892517089844,20.221288681030273,47.71893310546875,0.0,0.012075226768027058,-29.765031814575195,6
2OOR,3,5.494243144989014,6.67650842666626,14.593708038330078,0.052632,0.11799669798554664,-22.43639373779297,13
2OOR,4,16.515966415405273,19.750883102416992,44.40168762207031,0.0,0.013695408419887603,-24.968978881835938,14
2OOR,5,25.922771453857422,23.569862365722656,72.92150115966797,0.0,0.005812916446325256,-26.172094345092773,10
2OOR,6,17.123493194580078,18.855262756347656,46.51397705078125,0.0,0.012867998104032052,-22.988338470458984,18
2OOR,7,16.849199295043945,19.800670623779297,45.41902542114258,0.0,0.013181546543882433,-27.23351287841797,10
2OOR,8,25.979970932006836,25.976825714111328,72.74858093261719,0.0,0.005597055644605318,-27.386703491210938,9
2OOR,9,21.625835418701172,21.661535263061523,61.27576446533203,0.0,0.007883818477480433,-22.664949417114258,13
2OOR,10,8.888659477233887,10.614514350891113,23.19720458984375,0.0,0.045983965991990054,-21.01325798034668,19
2OOR,11,24.52473258972168,24.89447021484375,71.64579010009766,0.0,0.00583245058942801,-29.052324295043945,2
2OOR,12,10.675521850585938,12.133406639099121,28.64315414428711,0.0,0.0319964216555051,-24.704099655151367,17
2OOR,13,10.360136985778809,10.028511047363281,30.13015365600586,0.157895,0.0844988143266136,-22.378751754760742,26
2OOR,14,16.840913772583008,18.946901321411133,46.920249938964844,0.0,0.012668064783294991,-24.786710739135742,9
7CEI,0,12.623262405395508,8.984331130981445,20.330280303955078,0.0,0.058637643822231876,-37.171146392822266,11
7CEI,1,16.529462814331055,13.496002197265625,36.52119445800781,0.0,0.021195810571355514,-33.53668975830078,33
7CEI,2,13.594844818115234,9.411979675292969,22.10838508605957,0.0,0.05118364087085769,-37.444881439208984,13
7CEI,3,14.641905784606934,10.56086254119873,35.61601638793945,0.0,0.024554137612617283,-37.869384765625,8
7CEI,4,11.44590950012207,11.81633186340332,32.94221496582031,0.2,0.09276040681395216,-35.82411193847656,16
7CEI,5,9.410475730895996,7.956038475036621,15.30855655670166,0.0,0.08999109796786035,-38.00492477416992,11
7CEI,6,9.818822860717773,9.258071899414062,17.07346534729004,0.0,0.07473430989901163,-39.715728759765625,2
7CEI,7,11.931891441345215,9.057967185974121,18.66126823425293,0.0,0.06617118837342419,-40.068790435791016,4
7CEI,8,14.449755668640137,10.030373573303223,21.176177978515625,0.0,0.053545149395741516,-39.72675704956055,9
7CEI,9,11.409477233886719,11.499523162841797,29.448902130126953,0.2,0.0978778640320188,-35.80527114868164,20
7CEI,10,12.627090454101562,8.77396011352539,20.565284729003906,0.0,0.05810124852720835,-39.19912338256836,10
7CEI,11,11.53855037689209,11.735893249511719,32.754356384277344,0.2,0.09305621071134484,-36.85612106323242,19
7CEI,12,13.798667907714844,9.486969947814941,21.26480484008789,0.0,0.054051683062361626,-38.14921569824219,14
7CEI,13,9.29807186126709,8.760659217834473,15.133589744567871,0.0,0.0894316712492687,-38.30206298828125,6
7CEI,14,13.488483428955078,10.020695686340332,21.954574584960938,0.0,0.05075721042494096,-37.07780075073242,11
2VDB,0,10.784594535827637,13.551383972167969,39.755767822265625,0.0,0.018606131644606196,-39.97090148925781,0
2VDB,1,14.52021312713623,21.07091522216797,52.066856384277344,0.0,0.010333820241367205,-19.630062103271484,29
2VDB,2,8.953965187072754,13.222317695617676,32.19560623168945,0.0,0.02595542103176281,-19.660539627075195,17
2VDB,3,10.294463157653809,13.844295501708984,37.93904113769531,0.0,0.019799809335869566,-31.47672462463379,2
2VDB,4,13.082182884216309,19.809226989746094,48.60559844970703,0.0,0.011791876190282087,-27.54960823059082,2
2VDB,5,16.42253875732422,24.999088287353516,59.507503509521484,0.0,0.007860801539042955,-27.88605499267578,13
2VDB,6,8.82231616973877,13.264921188354492,31.238658905029297,0.0,0.027186565904457297,-17.60297966003418,32
2VDB,7,5.974672794342041,9.452239990234375,21.18016242980957,0.333333,0.1655378183463239,-18.646148681640625,25
2VDB,8,14.843334197998047,22.05440330505371,54.53346633911133,0.0,0.009441008723727431,-30.429412841796875,0
2VDB,9,17.42853355407715,23.801633834838867,62.770389556884766,0.0,0.007320908720662278,-27.499881744384766,1
2VDB,10,16.047794342041016,27.103404998779297,59.78664016723633,0.0,0.007622012002431269,-30.927560806274414,3
2VDB,11,8.796114921569824,12.508296012878418,32.5219841003418,0.0,0.026039690589180837,-27.4741268157959,4
2VDB,12,15.547207832336426,21.286136627197266,55.74391174316406,0.0,0.009221333799920815,-21.78411102294922,32
2VDB,13,8.975728034973145,12.547286987304688,33.1254997253418,0.0,0.0252887519470025,-31.102109909057617,2
2VDB,14,6.198612213134766,10.741525650024414,22.684398651123047,0.0,0.047415478986814336,-23.543376922607422,11
1FAK,0,28.656606674194336,32.899742126464844,72.59212493896484,0.0,0.005199883330888549,-27.14160919189453,0
1FAK,1,15.802824974060059,15.145954132080078,28.991546630859375,0.0,0.029622826591868188,-49.509117126464844,0
1FAK,2,19.820892333984375,22.14107894897461,54.65739440917969,0.0,0.00939410413185936,-24.833208084106445,0
1FAK,3,15.385611534118652,14.662796974182129,28.08062171936035,0.0,0.03143106423644063,-54.589073181152344,1
1FAK,4,20.516462326049805,21.832632064819336,54.97213363647461,0.0,0.009349459941969103,-34.83265686035156,2
1FAK,5,24.544139862060547,24.879552841186523,48.85447692871094,0.0,0.01100117340399852,-42.24302291870117,1
1FAK,6,34.68885040283203,37.18178176879883,81.28734588623047,0.0,0.004146972701630573,-35.792701721191406,0
1FAK,7,14.339407920837402,15.920364379882812,40.15788650512695,0.0,0.017226611065464695,-39.2485237121582,2
1FAK,8,9.067211151123047,8.947795867919922,18.953611373901367,0.0,0.06492598472734133,-39.76401138305664,1
1FAK,9,24.504642486572266,23.49484634399414,59.40888595581055,0.0,0.008039881767818223,-39.967872619628906,1
1FAK,10,17.30799674987793,15.954236030578613,38.32541275024414,0.0,0.018548196139267274,-49.60173797607422,1
1FAK,11,20.04233741760254,22.685012817382812,39.49269485473633,0.0,0.01620871167587382,-41.758056640625,1
1FAK,12,13.460665702819824,13.670781135559082,25.889507293701172,0.2,0.10306671913487282,-46.094139099121094,1
1FAK,13,12.4711332321167,14.181824684143066,31.421995162963867,0.0,0.02641666326512358,-42.81544876098633,5
1FAK,14,29.275312423706055,31.597766876220703,73.71637725830078,0.0,0.0051232334843465495,-25.348772048950195,2
1WEJ,0,19.862939834594727,20.14371109008789,55.94045639038086,0.0,0.009360465825109505,-34.707271575927734,0
1WEJ,1,18.550312042236328,18.329238891601562,49.836822509765625,0.0,0.011639976572661276,-35.82569122314453,2
1WEJ,2,8.35726261138916,11.657820701599121,19.203153610229492,0.0,0.06003805127792045,-46.54688262939453,0
1WEJ,3,41.62520217895508,59.45537185668945,115.11355590820312,0.0,0.0020196319114059186,0.0,0
1WEJ,4,8.536803245544434,11.679950714111328,19.723613739013672,0.0,0.05761929376565167,-44.859683990478516,0
1WEJ,5,10.351800918579102,12.542180061340332,26.893428802490234,0.0,0.03497474839262695,-26.416311264038086,5
1WEJ,6,8.465592384338379,9.4580078125,19.393539428710938,0.0,0.06189284767907649,-40.022491455078125,0
1WEJ,7,22.418323516845703,23.362022399902344,63.72893524169922,0.0,0.007194726701283495,-38.27237319946289,0
1WEJ,8,23.917530059814453,26.506261825561523,67.07329559326172,0.0,0.006332717861523945,-34.66085433959961,0
1WEJ,9,9.058878898620605,14.165289878845215,22.33723258972168,0.0,0.04585885686878524,-35.28024673461914,0
1WEJ,10,9.023157119750977,12.056640625,21.109262466430664,0.0,0.05158716987115434,-35.180145263671875,0
1WEJ,11,10.387965202331543,14.241974830627441,28.474611282348633,0.0,0.030929831956781003,-33.253578186035156,0
1WEJ,12,8.834497451782227,10.722111701965332,20.89569091796875,0.0,0.0537247341451352,-26.58991050720215,2
1WEJ,13,11.141461372375488,12.857390403747559,30.034507751464844,0.0,0.029193994111634553,-28.41630744934082,2
1WEJ,14,8.565389633178711,11.264840126037598,19.651309967041016,0.0,0.05834241683119323,-25.38038444519043,3
1ML0,0,7.769676208496094,12.81476879119873,31.200517654418945,0.0,0.027535695777923776,-28.358203887939453,2
1ML0,1,8.500754356384277,16.59494972229004,33.333351135253906,0.0,0.02305293146641274,-19.25381088256836,3
1ML0,2,22.18207359313965,33.601646423339844,81.9556884765625,0.0,0.00421035504713371,-29.299205780029297,3
1ML0,3,9.656148910522461,19.424558639526367,37.988773345947266,0.0,0.017868380224950794,-28.182514190673828,1
1ML0,4,21.794424057006836,31.303119659423828,80.72215270996094,0.0,0.004419103446505175,-32.621192932128906,2
1ML0,5,10.395442962646484,20.57405662536621,40.85226821899414,0.0,0.015594251347158571,-22.800559997558594,2
1ML0,6,8.431283950805664,16.029224395751953,33.408721923828125,0.0,0.023159141657710897,-30.203641891479492,1
1ML0,7,7.334270477294922,10.509668350219727,29.9024600982666,0.0,0.03157513526711788,-33.97981262207031,0
1ML0,8,8.415639877319336,16.248210906982422,33.411376953125,0.0,0.023079297657442086,-27.9079647064209,2
1ML0,9,20.222318649291992,31.603879928588867,76.06327819824219,0.0,0.004860486024684117,-29.321378707885742,3
1ML0,10,7.1456475257873535,10.159021377563477,29.206377029418945,0.0,0.03314064074184763,-26.342823028564453,1
1ML0,11,20.615522384643555,31.338544845581055,76.11341094970703,0.0,0.0048678499400637365,-34.06005096435547,2
1ML0,12,22.2518253326416,33.47587966918945,82.4385986328125,0.0,0.00417433310644063,-29.264490127563477,3
1ML0,13,20.5859375,31.159053802490234,78.1291732788086,0.0,0.004669943422515768,-39.49967575073242,0
1ML0,14,18.11996078491211,31.353994369506836,70.34270477294922,0.0,0.005558317755941979,-22.23464584350586,1
5VNW,0,19.309812545776367,21.028289794921875,55.308135986328125,0.0,0.009378829671317175,-13.431318283081055,12
5VNW,1,23.27250099182129,28.92616844177246,62.53118133544922,0.0,0.006941394012996681,-15.462814331054688,0
5VNW,2,16.966236114501953,11.025727272033691,55.53264617919922,0.0,0.013688008824479446,-10.787659645080566,16
5VNW,3,15.876884460449219,13.719650268554688,53.60306930541992,0.0,0.01211365177084539,-10.578789710998535,19
5VNW,4,22.520492553710938,19.458396911621094,59.52103042602539,0.0,0.008631178818315375,-13.520934104919434,2
5VNW,5,19.36627197265625,13.288996696472168,53.21067428588867,0.0,0.012487745852299378,-11.318596839904785,13
5VNW,6,22.837318420410156,24.757505416870117,50.71957015991211,0.0,0.010325324753399182,-12.654260635375977,3
5VNW,7,19.7945613861084,21.017234802246094,56.057926177978516,0.0,0.009180818762663414,-13.444674491882324,12
5VNW,8,27.720359802246094,26.21253776550293,58.83351516723633,0.0,0.00790344661050859,-8.425360679626465,7
5VNW,9,21.56118392944336,15.552484512329102,55.34030532836914,0.0,0.01075471213666758,-10.969533920288086,8
5VNW,10,17.763517379760742,15.761066436767578,55.271636962890625,0.0,0.01069332185046657,-7.150611400604248,25
5VNW,11,26.541576385498047,24.784191131591797,65.49798583984375,0.0,0.006737401688222615,-8.001901626586914,6
5VNW,12,22.619890213012695,21.419252395629883,60.415340423583984,0.0,0.008096854501051154,-12.089532852172852,4
5VNW,13,19.107633590698242,15.916969299316406,53.163448333740234,0.0,0.011242875650931608,-10.500473022460938,11
5VNW,14,21.947410583496094,14.263163566589355,58.57429504394531,0.0,0.010520972993304553,-13.121184349060059,7
3P57,0,24.202428817749023,22.12500762939453,63.021034240722656,0.0,0.0074805866330777656,-24.653470993041992,8
3P57,1,22.495637893676758,19.51073455810547,60.24933624267578,0.0,0.008463723935359843,-23.48982810974121,13
3P57,2,24.619016647338867,23.07992935180664,59.0213508605957,0.0,0.008175073651334316,-26.686155319213867,7
3P57,3,23.94561004638672,19.67513084411621,55.8747673034668,0.0,0.009465847965196691,-26.70696258544922,17
3P57,4,22.391860961914062,16.50676918029785,52.692115783691406,0.0,0.011184140115165662,-28.637699127197266,15
3P57,5,24.25699806213379,21.660938262939453,61.77204895019531,0.0,0.007785065018738367,-24.778968811035156,12
3P57,6,24.309825897216797,23.1827449798584,61.13468551635742,0.0,0.007711270538274796,-22.156564712524414,17
3P57,7,22.57988929748535,20.663497924804688,53.60535430908203,0.0,0.00992284021510286,-27.399951934814453,9
3P57,8,23.20145606994629,22.365737915039062,50.702144622802734,0.0,0.010604874610033852,-26.283660888671875,15
3P57,9,24.72964096069336,18.734201431274414,57.939239501953125,0.0,0.009146327543487648,-27.709857940673828,11
3P57,10,24.50039291381836,20.488744735717773,60.30937194824219,0.0,0.008269479771207159,-25.935016632080078,9
3P57,11,24.008420944213867,20.62413215637207,60.650856018066406,0.0,0.00817484882828603,-25.09107780456543,16
3P57,12,23.435569763183594,22.691749572753906,58.76969528198242,0.0,0.008280180236292668,-21.91563606262207,13
3P57,13,23.777536392211914,19.942903518676758,59.3676643371582,0.0,0.008570966703089928,-37.15425491333008,1
3P57,14,22.180997848510742,18.284292221069336,54.161102294921875,0.0,0.010241014004836733,-28.059743881225586,8
1IBR,0,13.630304336547852,17.250093460083008,47.92622375488281,0.0,0.012666828054173176,-26.174026489257812,28
1IBR,1,13.844261169433594,17.931917190551758,60.15241622924805,0.0,0.008841871092868693,-37.351173400878906,0
1IBR,2,12.604507446289062,17.19154167175293,60.96651077270508,0.0,0.008874317418869529,-25.523757934570312,0
1IBR,3,17.028635025024414,21.27141761779785,63.10496520996094,0.0,0.007589276756657173,-29.882627487182617,0
1IBR,4,12.42581844329834,16.626253128051758,55.690765380859375,0.0,0.010279618414338275,-38.075538635253906,0
1IBR,5,12.08623218536377,15.296382904052734,56.323585510253906,0.0,0.010597478779441763,-30.364931106567383,2
1IBR,6,14.04305648803711,17.589895248413086,56.42898178100586,0.0,0.009802022647538317,-32.348182678222656,0
1IBR,7,8.178003311157227,9.996872901916504,24.02374267578125,0.0,0.044425525653480874,-31.839763641357422,0
1IBR,8,12.284488677978516,15.271498680114746,49.55446243286133,0.0,0.012712168765765421,-39.697120666503906,0
1IBR,9,12.160764694213867,16.28453254699707,42.711238861083984,0.0,0.015503240958467862,-34.16683578491211,1
1IBR,10,11.724691390991211,15.803309440612793,56.61427688598633,0.0,0.010324499856855808,-38.27227020263672,0
1IBR,11,15.253101348876953,18.401437759399414,52.50372314453125,0.0,0.010713646147159852,-29.058685302734375,0
1IBR,12,12.670258522033691,17.282947540283203,62.983028411865234,0.0,0.00845463793413835,-38.32193374633789,0
1IBR,13,10.422513008117676,14.372041702270508,33.85274124145508,0.0,0.02336052075243264,-41.138160705566406,0
1IBR,14,12.936583518981934,17.644603729248047,58.908203125,0.0,0.009190260235177944,-31.15689468383789,0
2SIC,0,9.744688987731934,7.136855125427246,19.267536163330078,0.114286,0.106501502135784,-42.94890594482422,1
2SIC,1,2.8070523738861084,2.5385825634002686,6.413591384887695,0.685714,0.5272384940349624,-36.2879524230957,8
2SIC,2,9.9530029296875,8.123957633972168,22.861661911010742,0.171429,0.10861483655985217,-36.866310119628906,4
2SIC,3,9.719916343688965,7.60274076461792,19.135324478149414,0.314286,0.17218452238441673,-40.97940444946289,2
2SIC,4,2.393383264541626,2.0868866443634033,5.558841705322266,0.4,0.4803591463388119,-39.39557647705078,4
2SIC,5,2.6020514965057373,2.1511852741241455,7.950207710266113,0.542857,0.4677968026396038,-41.98835372924805,3
2SIC,6,10.037875175476074,7.839182376861572,21.270450592041016,0.228571,0.13386457247132497,-38.81438446044922,4
2SIC,7,4.521563529968262,3.557961940765381,9.428800582885742,0.228571,0.27593977424147226,-39.69907760620117,4
2SIC,8,7.664140701293945,5.8071699142456055,17.838104248046875,0.2,0.1491967959990352,-38.8384895324707,4
2SIC,9,9.845348358154297,7.529804229736328,18.809803009033203,0.142857,0.1168679472421384,-38.907081604003906,1
2SIC,10,4.639856338500977,3.670299530029297,16.111249923706055,0.4,0.2536189145690113,-37.09308624267578,4
2SIC,11,9.482845306396484,7.4400105476379395,19.493209838867188,0.2,0.13294064724574964,-38.5136604309082,2
2SIC,12,4.564670562744141,3.5053560733795166,13.831602096557617,0.228571,0.21915689913532477,-37.78043746948242,3
2SIC,13,7.14685583114624,5.375519275665283,23.147602081298828,0.0,0.063686718795005,-37.12614822387695,3
2SIC,14,8.654267311096191,6.43980073928833,17.529916763305664,0.2,0.14727355276006449,-39.55723571777344,4
1BVN,0,4.009505748748779,6.708674907684326,11.587648391723633,0.0,0.13248388039155398,-38.18828201293945,3
1BVN,1,8.384688377380371,13.982645034790039,25.984783172607422,0.0,0.036012667347304635,-58.332801818847656,0
1BVN,2,8.316963195800781,13.876191139221191,25.760894775390625,0.0,0.03657766520639386,-51.25257110595703,0
1BVN,3,8.28470230102539,13.821803092956543,25.866535186767578,0.0,0.0363668952318266,-46.79075622558594,0
1BVN,4,9.856040954589844,15.810310363769531,30.208675384521484,0.0,0.027428343400810084,-25.386600494384766,45
1BVN,5,4.86822509765625,8.35440444946289,15.087634086608887,0.076923,0.11635911202217442,-51.10435485839844,1
1BVN,6,8.26683235168457,13.899327278137207,25.521940231323242,0.0,0.03711923632895558,-50.377201080322266,0
1BVN,7,8.183879852294922,13.522444725036621,25.07608413696289,0.0,0.038404463579938396,-55.90958023071289,0
1BVN,8,7.273399353027344,12.690144538879395,21.780054092407227,0.0,0.0486516400099068,-52.53471755981445,0
1BVN,9,6.778203964233398,9.479971885681152,23.470930099487305,0.0,0.04679025449692209,-49.22756576538086,0
1BVN,10,11.8693208694458,16.96390151977539,38.30047607421875,0.0,0.01823288878019551,-53.704524993896484,0
1BVN,11,3.8392326831817627,5.978246688842773,11.242448806762695,0.0,0.14098181739650653,-37.350582122802734,6
1BVN,12,8.846985816955566,10.747167587280273,27.333881378173828,0.0,0.03576108449561222,-25.22368812561035,40
1BVN,13,12.564823150634766,17.157835006713867,40.1901741027832,0.0,0.0167999101937707,-50.38215637207031,1
1BVN,14,8.232009887695312,12.343339920043945,25.15458106994629,0.0,0.03901159030767438,-30.570669174194336,22
1E6J,0,19.642990112304688,10.244664192199707,49.037445068359375,0.0,0.016719156411949473,-15.472411155700684,9
1E6J,1,14.763700485229492,10.518622398376465,35.16352462768555,0.0,0.025045707985140966,-13.252225875854492,16
1E6J,2,28.949073791503906,27.28873634338379,52.8223876953125,0.0,0.009417641578049104,-12.689205169677734,15
1E6J,3,42.533451080322266,12.120176315307617,84.83087158203125,0.0,0.008341911545589796,-25.14872169494629,82
1E6J,4,26.63465690612793,20.70598602294922,51.748504638671875,0.0,0.010497261714725323,-16.197898864746094,0
1E6J,5,30.755218505859375,23.244489669799805,58.40737533569336,0.0,0.008295549488756037,-11.854181289672852,44
1E6J,6,27.63637924194336,26.12837791442871,59.73512268066406,0.0,0.007710311286614406,-13.791229248046875,15
1E6J,7,28.619718551635742,25.53926658630371,52.547237396240234,0.0,0.009645519209813628,-11.1132173538208,36
1E6J,8,28.803861618041992,27.734582901000977,52.10821533203125,0.0,0.00961189720376888,-10.515726089477539,11
1E6J,9,21.34523582458496,15.851065635681152,49.38193130493164,0.0,0.012550306872365339,-17.09334945678711,30
1E6J,10,29.892868041992188,23.755474090576172,65.30388641357422,0.0,0.006876938054390515,-21.554704666137695,55
1E6J,11,36.36061096191406,30.245418548583984,76.14848327636719,0.0,0.00492004731569683,-14.780606269836426,54
1E6J,12,28.673046112060547,26.466381072998047,64.47860717773438,0.0,0.0067610907789122385,-16.607463836669922,17
1E6J,13,28.511470794677734,26.326465606689453,53.32187271118164,0.0,0.009339146266662839,-12.818225860595703,11
1E6J,14,26.191329956054688,24.74527931213379,54.741661071777344,0.0,0.00906789508669826,-12.706088066101074,14
2IDO,0,17.444860458374023,18.598217010498047,35.726600646972656,0.0,0.020011779021032166,-21.70905303955078,44
2IDO,1,19.802995681762695,15.587847709655762,42.82039260864258,0.0,0.01569496501242963,-33.664119720458984,3
2IDO,2,15.934185028076172,12.738971710205078,35.67581558227539,0.0,0.02246404048747575,-31.441299438476562,5
2IDO,3,14.706274032592773,14.212221145629883,36.13347625732422,0.0,0.021150766152018673,-29.839466094970703,10
2IDO,4,12.225409507751465,11.963020324707031,32.248050689697266,0.0,0.026813503715738252,-34.14027786254883,6
2IDO,5,19.507482528686523,14.843219757080078,42.39286804199219,0.0,0.016252593804409993,-32.54901885986328,4
2IDO,6,12.23326587677002,12.057818412780762,33.24081039428711,0.0,0.025538013888587074,-35.34404754638672,5
2IDO,7,18.457860946655273,18.72938346862793,37.551082611083984,0.0,0.018371309194618126,-24.601337432861328,28
2IDO,8,20.405345916748047,16.395660400390625,45.28921127319336,0.0,0.014108909240185569,-37.16557312011719,1
2IDO,9,21.160417556762695,17.67882537841797,47.78474426269531,0.0,0.012606259932586274,-40.78513717651367,1
2IDO,10,14.62402629852295,13.670405387878418,30.570199966430664,0.0,0.027886505341716453,-26.100534439086914,35
2IDO,11,19.54937171936035,15.296120643615723,42.74263000488281,0.0,0.015855884040544603,-33.93754196166992,5
2IDO,12,17.34528160095215,14.23475456237793,38.374183654785156,0.0,0.01925036476781481,-40.815792083740234,1
2IDO,13,17.060123443603516,15.37756061553955,38.268028259277344,0.0,0.018813957274080563,-41.52640914916992,0
2IDO,14,13.424881935119629,13.337298393249512,36.86225891113281,0.0,0.02099240549965242,-37.154422760009766,2
4GAM,0,12.708375930786133,25.09547233581543,54.86415481567383,0.0,0.009000012170084785,-11.665335655212402,36
4GAM,1,7.222496032714844,19.693748474121094,29.920394897460938,0.0,0.026815462842283727,-12.735112190246582,26
4GAM,2,17.741647720336914,35.66591262817383,76.95072174072266,0.0,0.0046066873620025555,-18.85926055908203,4
4GAM,3,14.460514068603516,31.082773208618164,62.12830352783203,0.0,0.00689916563469617,-10.291751861572266,12
4GAM,4,7.0021562576293945,18.51886558532715,29.051273345947266,0.0,0.028458013220704223,-14.943561553955078,17
4GAM,5,6.677855968475342,17.570335388183594,27.673526763916016,0.0,0.03114835471780188,-14.903078079223633,28
4GAM,6,5.5647077560424805,13.893360137939453,23.0963191986084,0.023256,0.05135454539532278,-13.212303161621094,23
4GAM,7,14.941426277160645,32.318931579589844,64.16919708251953,0.0,0.006464394580482105,-10.811153411865234,36
4GAM,8,17.531023025512695,35.41226577758789,75.3300552368164,0.0,0.00478769036360185,-12.309736251831055,30
4GAM,9,12.137298583984375,24.17444610595703,51.68107604980469,0.0,0.010057773983417154,-16.309762954711914,15
4GAM,10,10.325362205505371,22.36906623840332,44.598663330078125,0.0,0.013175783457816169,-21.24295425415039,7
4GAM,11,10.433609008789062,23.55571174621582,44.71534729003906,0.0,0.012971049908172978,-14.848685264587402,18
4GAM,12,12.291182518005371,24.691308975219727,52.277278900146484,0.0,0.009811025926391293,-16.195947647094727,26
4GAM,13,7.456066131591797,20.301301956176758,30.914613723754883,0.0,0.02523807924028112,-13.714178085327148,25
4GAM,14,15.034296989440918,29.113819122314453,65.19480895996094,0.0,0.006453969219920439,-15.186866760253906,4
2A5T,0,18.67915916442871,13.244621276855469,31.17594337463379,0.0,0.027285451045628226,-24.309730529785156,24
2A5T,1,16.872997283935547,12.663067817687988,30.001523971557617,0.0,0.0293808442526908,-25.462074279785156,19
2A5T,2,13.604854583740234,9.953910827636719,24.291601181030273,0.142857,0.09138196248877035,-23.960229873657227,30
2A5T,3,16.89002227783203,12.524181365966797,29.890960693359375,0.0,0.029652092140403683,-26.793106079101562,18
2A5T,4,16.270263671875,12.179464340209961,29.834854125976562,0.0,0.030005495321378986,-24.481042861938477,25
2A5T,5,16.151161193847656,11.15695858001709,28.64090919494629,0.0,0.032900764416902394,-26.293712615966797,16
2A5T,6,18.45592498779297,12.9927978515625,31.424909591674805,0.0,0.02710930555766855,-25.44037628173828,19
2A5T,7,14.306096076965332,11.391777992248535,26.975955963134766,0.0,0.035786810794970224,-24.548364639282227,24
2A5T,8,17.743776321411133,12.626832962036133,30.72177505493164,0.0,0.028340855528940164,-26.348539352416992,18
2A5T,9,18.048023223876953,12.977646827697754,32.80909729003906,0.0,0.02536043211663745,-25.07288360595703,22
2A5T,10,19.76115608215332,13.139610290527344,32.203346252441406,0.0,0.02599846048974476,-25.089555740356445,21
2A5T,11,19.837059020996094,12.676081657409668,32.299224853515625,0.0,0.02619303334659021,-25.32428741455078,29
2A5T,12,17.551313400268555,12.959317207336426,31.485862731933594,0.0,0.0270497592850819,-25.113597869873047,26
2A5T,13,14.22131061553955,10.474411010742188,27.133930206298828,0.0,0.03648629084206698,-28.318391799926758,17
2A5T,14,17.6773681640625,12.84548282623291,30.374094009399414,0.0,0.028692487844717816,-23.972108840942383,31
4H03,0,28.566659927368164,24.06867218017578,59.604637145996094,0.0,0.007933401172599138,-26.192468643188477,28
4H03,1,19.86430549621582,16.65365982055664,30.57575035095215,0.0,0.02659537499688475,-34.12187957763672,20
4H03,2,17.670560836791992,15.551351547241211,28.596845626831055,0.0,0.030131605823604204,-31.099227905273438,17
4H03,3,34.54729080200195,38.348445892333984,93.83555603027344,0.0,0.0032221088243416605,-24.862077713012695,11
4H03,4,19.56368637084961,17.569231033325195,30.220808029174805,0.0,0.026848643311314244,-30.219051361083984,6
4H03,5,17.53258514404297,14.374177932739258,30.162050247192383,0.0,0.02811559941805757,-34.18720245361328,9
4H03,6,19.480270385742188,15.687276840209961,31.997350692749023,0.0,0.024992276612765294,-36.41115951538086,10
4H03,7,19.662002563476562,15.57835578918457,32.35327911376953,0.0,0.024584522050311364,-35.043453216552734,7
4H03,8,21.68483543395996,18.040040969848633,33.1372184753418,0.0,0.022867052028673895,-31.905620574951172,11
4H03,9,18.015518188476562,15.98674201965332,28.080799102783203,0.0,0.030887398056824417,-33.02157211303711,14
4H03,10,16.766202926635742,15.273918151855469,25.788625717163086,0.0,0.035848220553699676,-38.08145523071289,4
4H03,11,33.245201110839844,32.82499313354492,96.23635864257812,0.0,0.0032748774324308466,-31.552528381347656,2
4H03,12,19.896286010742188,17.21052360534668,30.324901580810547,0.0,0.0267941996193887,-32.51816177368164,17
4H03,13,33.89056396484375,39.459720611572266,92.49613952636719,0.0,0.0032723479614871383,-30.86104393005371,10
4H03,14,34.5051155090332,37.34423828125,97.98737335205078,0.0,0.0030264739320945127,-29.57859992980957,10
3BP8,0,13.435015678405762,20.63031578063965,51.71076583862305,0.0,0.010522433784317399,-25.840923309326172,2
3BP8,1,13.198975563049316,18.099626541137695,51.40370559692383,0.0,0.01114559439754624,-38.324527740478516,0
3BP8,2,15.073037147521973,20.04593849182129,55.21578598022461,0.0,0.00957248598034382,-23.0071964263916,9
3BP8,3,24.77449607849121,30.334991455078125,86.64149475097656,0.0,0.003990682431593978,-20.778860092163086,17
3BP8,4,12.175582885742188,12.87690544128418,44.791690826416016,0.0,0.016049194811665796,-24.223705291748047,6
3BP8,5,13.835188865661621,15.782958984375,50.577266693115234,0.0,0.012139947765318774,-15.4533109664917,12
3BP8,6,13.53880500793457,18.818950653076172,50.093685150146484,0.0,0.011433101334748695,-17.292861938476562,21
3BP8,7,13.480189323425293,21.100610733032227,51.735435485839844,0.0,0.010437413005776594,-22.726173400878906,3
3BP8,8,13.593134880065918,19.665328979492188,50.89631652832031,0.0,0.010972898496918404,-18.924816131591797,9
3BP8,9,21.09029197692871,27.971969604492188,76.01726531982422,0.0,0.005071996029314038,-22.925800323486328,12
3BP8,10,10.652192115783691,15.720953941345215,37.597190856933594,0.0,0.01921625098735279,-18.990291595458984,20
3BP8,11,10.51788330078125,15.173534393310547,41.02326202392578,0.0,0.01694746020153186,-23.86966896057129,5
3BP8,12,21.037353515625,28.188365936279297,75.88858032226562,0.0,0.005071217104620389,-25.151714324951172,7
3BP8,13,12.095186233520508,14.901562690734863,45.22547912597656,0.0,0.014716608463925966,-23.081592559814453,9
3BP8,14,18.973817825317383,23.979949951171875,69.05998229980469,0.0,0.0062734998955349735,-22.833093643188477,9
1XQS,0,21.951292037963867,14.559577941894531,42.736114501953125,0.0,0.016185503860894332,-29.67592430114746,11
1XQS,1,14.486543655395508,14.892088890075684,33.75278854370117,0.0,0.02322677683568576,-38.56413650512695,0
1XQS,2,21.21267318725586,14.771501541137695,44.97483825683594,0.0,0.014897875228441252,-31.134695053100586,11
1XQS,3,21.611711502075195,12.712931632995605,42.85245132446289,0.0,0.017195276142849325,-47.59486389160156,0
1XQS,4,20.597103118896484,11.16479778289795,40.583492279052734,0.0,0.01991792374415547,-30.218822479248047,16
1XQS,5,22.60704803466797,13.868013381958008,45.103050231933594,0.0,0.015287294094770594,-37.81941223144531,0
1XQS,6,23.609786987304688,16.402366638183594,47.9058837890625,0.0,0.012938255213127916,-31.4948673248291,2
1XQS,7,13.255195617675781,13.418591499328613,31.025924682617188,0.0,0.027386017546814734,-39.626197814941406,0
1XQS,8,11.249922752380371,12.192045211791992,26.305240631103516,0.0,0.036484102740927636,-35.903541564941406,0
1XQS,9,14.454658508300781,12.260106086730957,27.059520721435547,0.0,0.0348530733855924,-42.12193298339844,0
1XQS,10,13.511731147766113,13.771807670593262,30.375980377197266,0.0,0.02811359420142394,-39.90888214111328,0
1XQS,11,22.033754348754883,13.409551620483398,41.40481948852539,0.0,0.017599295699746078,-34.174041748046875,1
1XQS,12,14.045761108398438,13.723804473876953,25.331073760986328,0.0,0.0376693458791284,-34.73527145385742,4
1XQS,13,10.496689796447754,10.49196720123291,33.29929733276367,0.0,0.02706738789866273,-33.802425384521484,1
1XQS,14,21.482393264770508,11.315424919128418,42.33745193481445,0.0,0.018671765669389304,-47.532291412353516,0
2J7P,0,13.121417045593262,10.128921508789062,23.653413772583008,0.0,0.04527599984363837,-40.46673583984375,1
2J7P,1,7.130154132843018,5.582732200622559,13.604452133178711,0.066667,0.13825495633032997,-36.19172668457031,0
2J7P,2,21.842483520507812,16.796958923339844,34.50136184692383,0.0,0.021711731518018765,-41.179141998291016,2
2J7P,3,8.38434886932373,7.669399261474609,29.077545166015625,0.0,0.03852266282951611,-25.532085418701172,12
2J7P,4,21.493637084960938,17.22493553161621,49.00925064086914,0.0,0.01224275068378245,-30.380855560302734,12
2J7P,5,14.152603149414062,10.844178199768066,26.693214416503906,0.0,0.03694611673398634,-43.01813888549805,0
2J7P,6,5.821157455444336,6.092946529388428,12.643117904663086,0.0,0.12281155173752512,-47.107177734375,0
2J7P,7,18.375518798828125,14.047392845153809,30.83995819091797,0.0,0.02729165496339092,-41.31500244140625,1
2J7P,8,7.178752422332764,6.672952175140381,22.133411407470703,0.066667,0.08109780552646745,-36.05942916870117,0
2J7P,9,22.72273063659668,17.37411117553711,35.5179328918457,0.0,0.020522753313566247,-49.92021560668945,0
2J7P,10,18.152660369873047,13.394064903259277,34.311397552490234,0.0,0.0234028340324058,-27.04155158996582,9
2J7P,11,25.34164810180664,20.33616065979004,37.18046569824219,0.0,0.018359960216938257,-40.85924530029297,0
2J7P,12,22.511646270751953,17.207061767578125,35.26272201538086,0.0,0.020818414490861966,-44.31856918334961,0
2J7P,13,15.92149543762207,12.139199256896973,27.864120483398438,0.0,0.033391125506869186,-37.37337875366211,2
2J7P,14,22.514455795288086,17.179649353027344,35.51687240600586,0.0,0.020579496105355352,-42.93613815307617,0
3HI6,0,4.980242729187012,5.569339752197266,10.270715713500977,0.0,0.1580438666477458,-35.664093017578125,0
3HI6,1,22.763776779174805,17.795351028442383,59.53178787231445,0.0,0.009011344868877216,-39.109535217285156,0
3HI6,2,20.877498626708984,14.378631591796875,59.780235290527344,0.0,0.010194147229366785,-41.04682922363281,0
3HI6,3,2.2815768718719482,2.978044033050537,7.338693141937256,0.0,0.2584299197764552,-37.177146911621094,0
3HI6,4,59.727272033691406,76.60609436035156,136.87063598632812,0.0,0.001408383978115764,0.0,0
3HI6,5,8.377446174621582,8.2490816116333,16.60550308227539,0.166667,0.1354310586296926,-40.66343307495117,0
3HI6,6,21.6352596282959,17.870420455932617,55.858184814453125,0.0,0.00987606531253527,-41.62417221069336,0
3HI6,7,34.7702751159668,29.78254508972168,100.68208312988281,0.0,0.0032024065179768243,-36.157501220703125,2
3HI6,8,21.37460708618164,17.683313369750977,55.33028793334961,0.0,0.010066627134533428,-43.21945571899414,0
3HI6,9,49.52494430541992,68.94151306152344,149.9169464111328,0.0,0.0012258456628981955,0.0,0
3HI6,10,23.182409286499023,20.327495574951172,61.44300079345703,0.0,0.00806472894541813,-40.26918029785156,1
3HI6,11,28.908658981323242,23.956350326538086,81.42528533935547,0.0,0.00489500847168788,-33.297576904296875,1
3HI6,12,12.423752784729004,12.053653717041016,25.42170524597168,0.0,0.038601641772824595,-36.27770233154297,0
3HI6,13,22.98735237121582,16.79057502746582,65.76677703857422,0.0,0.00811580649648491,-40.32765579223633,0
3HI6,14,7.53636360168457,4.8973188400268555,20.62401580810547,0.333333,0.18809912546414997,-32.953834533691406,1
2MTA,0,4.263909339904785,4.772984981536865,10.887398719787598,0.0,0.1561949311364396,-30.92137908935547,1
2MTA,1,5.944794178009033,7.290716171264648,14.76759147644043,0.0,0.09648787778650925,-34.239959716796875,1
2MTA,2,18.859024047851562,16.551206588745117,55.21472930908203,0.0,0.010432248650085364,-37.32125473022461,1
2MTA,3,19.706100463867188,17.309484481811523,58.89876937866211,0.0,0.009285202780578811,-53.56861114501953,0
2MTA,4,2.0621681213378906,2.252478837966919,5.364003658294678,0.5,0.5074701201008037,-35.79875564575195,1
2MTA,5,24.46402931213379,23.523107528686523,73.30646514892578,0.0,0.005772059176382824,-60.157569885253906,0
2MTA,6,8.134478569030762,10.667315483093262,19.70716667175293,1.0,0.392080859068817,-30.186302185058594,4
2MTA,7,19.124296188354492,17.546005249023438,58.08386993408203,0.0,0.009407286486479234,-52.35105895996094,0
2MTA,8,18.680185317993164,15.000399589538574,55.614219665527344,0.0,0.010908963775385172,-43.65817642211914,2
2MTA,9,7.422425270080566,9.299723625183105,18.50049591064453,0.0,0.0665517052880542,-34.93502426147461,0
2MTA,10,6.267068862915039,7.779432773590088,15.29988956451416,0.0,0.09056568347045084,-30.513795852661133,2
2MTA,11,18.77640724182129,16.621185302734375,54.86122131347656,0.0,0.010507045543961951,-35.304466247558594,0
2MTA,12,4.756777286529541,5.762923717498779,12.086013793945312,0.0,0.13146102923575095,-38.782310485839844,0
2MTA,13,19.002321243286133,15.968119621276855,56.454368591308594,0.0,0.01030467750853048,-30.355361938476562,3
2MTA,14,8.510442733764648,11.138968467712402,20.878742218017578,1.0,0.3866624262049643,-34.506099700927734,1
6EY6,0,25.676055908203125,19.937578201293945,41.67951965332031,0.0,0.015186022830357,-20.845855712890625,47
6EY6,1,23.85346221923828,23.47743797302246,53.31477737426758,0.0,0.009617830607264103,-17.679040908813477,13
6EY6,2,16.34556007385254,13.903874397277832,31.01156997680664,0.0,0.02712714626706308,-21.590864181518555,12
6EY6,3,27.95448875427246,20.00213050842285,41.54080581665039,0.0,0.015259459922469826,-24.278385162353516,20
6EY6,4,17.557518005371094,13.510407447814941,32.968955993652344,0.0,0.024834641960380526,-24.831214904785156,3
6EY6,5,17.980321884155273,16.318065643310547,46.07859420776367,0.0,0.013762464506672387,-22.35677719116211,5
6EY6,6,18.473379135131836,16.25394058227539,42.49710464477539,0.0,0.015637079102741053,-24.138341903686523,3
6EY6,7,25.667680740356445,19.594736099243164,42.40459060668945,0.0,0.014818018880308667,-19.31764793395996,23
6EY6,8,20.327585220336914,20.775392532348633,44.574466705322266,0.0,0.013424501129688146,-16.080875396728516,6
6EY6,9,14.804669380187988,13.352659225463867,36.45127487182617,0.0,0.021344895109699863,-22.654935836791992,8
6EY6,10,22.092697143554688,19.210399627685547,33.4608268737793,0.0,0.022226212191370037,-25.5517635345459,0
6EY6,11,22.042001724243164,18.62420654296875,46.27513122558594,0.0,0.013027841086945803,-19.32762336730957,18
6EY6,12,26.11426544189453,20.616159439086914,44.86190414428711,0.0,0.013306948973379305,-18.583505630493164,13
6EY6,13,20.411550521850586,15.84778881072998,35.56436538696289,0.0,0.020971685559056517,-22.994155883789062,10
6EY6,14,25.40636444091797,19.4882869720459,36.206085205078125,0.0,0.01937531842380741,-22.606426239013672,2
1GL1,0,4.178679943084717,6.229338645935059,12.428179740905762,0.037037,0.13684384940736172,-58.4455680847168,0
1GL1,1,5.940679550170898,7.96210241317749,20.02347183227539,0.0,0.06232083216834986,-48.88566589355469,1
1GL1,2,5.938694953918457,9.217025756835938,17.21188735961914,0.037037,0.08630144112993561,-62.196041107177734,0
1GL1,3,5.3673200607299805,7.633588790893555,17.1983642578125,0.037037,0.09017576274243322,-65.15921020507812,0
1GL1,4,6.650485038757324,9.872800827026367,20.57819175720215,0.0,0.05610421287718629,-54.206356048583984,0
1GL1,5,4.009749889373779,6.225699424743652,11.533248901367188,0.037037,0.1479617186949558,-47.876155853271484,2
1GL1,6,6.795337200164795,10.413480758666992,20.35228157043457,0.0,0.05628242325338101,-65.85895538330078,0
1GL1,7,5.409787654876709,7.349547863006592,18.695451736450195,0.0,0.0704302193447452,-46.9017333984375,2
1GL1,8,9.68136978149414,12.769478797912598,31.072847366333008,0.0,0.027743712720375,-47.30864334106445,2
1GL1,9,9.24107837677002,12.313870429992676,30.28975486755371,0.0,0.02920738320064616,-50.94325637817383,2
1GL1,10,6.517333984375,9.244795799255371,21.75822639465332,0.0,0.052685607866636563,-57.4395751953125,0
1GL1,11,6.769440174102783,9.940716743469238,21.324634552001953,0.0,0.05312054602490523,-55.508392333984375,0
1GL1,12,6.501044273376465,8.41575813293457,22.2907657623291,0.0,0.052579610730238036,-47.254005432128906,2
1GL1,13,4.61322021484375,7.080258369445801,14.287006378173828,0.0,0.10146051674553803,-46.21308898925781,2
1GL1,14,5.401993751525879,7.793552875518799,18.306392669677734,0.0,0.07102523496360001,-50.425140380859375,1
1E96,0,11.834962844848633,10.82534408569336,22.38163185119629,0.0,0.04829591001440078,-46.412376403808594,1
1E96,1,19.85013771057129,13.001814842224121,42.02104568481445,0.0,0.01748123575545309,-45.810203552246094,1
1E96,2,18.157955169677734,14.15689468383789,36.38379669189453,0.0,0.020951932162443922,-46.555667877197266,1
1E96,3,9.470236778259277,5.917167663574219,25.567487716674805,0.090909,0.08360535589021828,-41.58517074584961,25
1E96,4,15.120088577270508,14.091571807861328,31.333721160888672,0.0,0.026582976571818517,-47.47888946533203,2
1E96,5,17.12386703491211,13.196906089782715,33.97088623046875,0.0,0.02389098510029609,-45.878395080566406,2
1E96,6,12.214004516601562,13.644426345825195,28.98111915588379,0.0,0.03038313004375121,-44.31675338745117,6
1E96,7,18.831279754638672,12.93850040435791,33.95597839355469,0.0,0.02407645829227587,-43.51944351196289,6
1E96,8,18.66842269897461,13.103307723999023,32.28729248046875,0.0,0.02591650819191575,-45.10450744628906,3
1E96,9,12.652613639831543,7.99924373626709,37.92013931274414,0.0,0.02727007548697134,-52.86680221557617,1
1E96,10,18.57057762145996,13.104883193969727,29.70060920715332,0.0,0.029545276544424192,-43.866695404052734,3
1E96,11,17.61775016784668,9.744903564453125,41.69599151611328,0.0,0.021014794711631687,-46.23663330078125,9
1E96,12,18.69837188720703,13.122651100158691,33.05783462524414,0.0,0.024970267709245385,-44.66991424560547,2
1E96,13,17.261404037475586,13.249934196472168,35.13035202026367,0.0,0.022652970290107936,-45.48802185058594,3
1E96,14,19.998085021972656,11.316082954406738,31.042970657348633,0.272727,0.11991312803101277,-40.45503234863281,6
4POU,0,6.914724349975586,6.184954643249512,15.45598030090332,0.0,0.09592103512201465,-45.614723205566406,0
4POU,1,9.77038288116455,6.899435043334961,17.9530086517334,0.0,0.07608284622538243,-47.32944869995117,1
4POU,2,9.090067863464355,9.226868629455566,15.199766159057617,0.0,0.08799150790014543,-38.04164505004883,0
4POU,3,16.749921798706055,12.48079776763916,25.356407165527344,0.0,0.038419912911962895,-52.26505661010742,0
4POU,4,7.583357334136963,6.885278224945068,15.186650276184082,0.0,0.09461689173723392,-45.676483154296875,0
4POU,5,9.869429588317871,7.8119096755981445,16.220380783081055,0.0,0.08366820271594357,-44.663719177246094,0
4POU,6,8.012368202209473,7.631673336029053,14.80272388458252,0.0,0.09505356496931815,-36.30596160888672,0
4POU,7,11.57123851776123,9.935059547424316,23.183908462524414,0.0,0.04692649796456933,-42.46290969848633,0
4POU,8,7.891035079956055,6.244253635406494,15.161768913269043,0.0,0.09789794199710751,-40.55248260498047,4
4POU,9,9.87923526763916,7.436964988708496,19.285226821899414,0.0,0.06725121782587952,-42.9207878112793,2
4POU,10,14.236144065856934,12.893662452697754,27.09063148498535,0.0,0.03432555083847136,-52.7619514465332,0
4POU,11,8.687581062316895,6.9974141120910645,16.40886878967285,0.0,0.08516649375431723,-44.451560974121094,2
4POU,12,15.432487487792969,12.572282791137695,23.168569564819336,0.0,0.044221954105434724,-48.6414794921875,0
4POU,13,7.994103908538818,6.202252388000488,14.439335823059082,0.076923,0.12984423829502834,-40.72956848144531,4
4POU,14,8.302220344543457,6.889288902282715,16.702905654907227,0.0,0.08365398561077515,-43.1478271484375,1
1RV6,0,11.093398094177246,10.668723106384277,27.874685287475586,0.0,0.03481994551249837,-31.08852767944336,0
1RV6,1,14.233926773071289,15.494423866271973,43.91337585449219,0.0,0.015132836479646855,-44.569976806640625,0
1RV6,2,23.125545501708984,21.603178024291992,68.72122955322266,0.0,0.006622069190923254,-44.51850891113281,0
1RV6,3,25.946773529052734,28.79669761657715,68.62667083740234,0.0,0.005938368594902461,-37.0828857421875,0
1RV6,4,12.78232192993164,12.154574394226074,26.3355712890625,0.0,0.03644863243655197,-49.59593963623047,0
1RV6,5,11.293600082397461,11.816003799438477,23.38820457458496,0.0,0.04417722868180913,-39.167240142822266,0
1RV6,6,27.730443954467773,29.518917083740234,73.21623229980469,0.0,0.005291396374787992,-28.085447311401367,0
1RV6,7,12.063445091247559,14.183740615844727,27.56258201599121,0.0,0.03263499456436653,-32.050174713134766,1
1RV6,8,11.770997047424316,10.219182014465332,29.4635009765625,0.0,0.03264134924844218,-32.621273040771484,1
1RV6,9,15.983846664428711,17.283559799194336,44.379398345947266,0.0,0.014287188648425583,-38.375545501708984,0
1RV6,10,26.07244873046875,28.02118682861328,68.29999542236328,0.0,0.006036397463294335,-38.162330627441406,0
1RV6,11,22.673086166381836,23.16553497314453,66.72808837890625,0.0,0.006714160122159738,-34.11479187011719,0
1RV6,12,26.207929611206055,29.654834747314453,69.1264877319336,0.0,0.005815566151620052,-38.486698150634766,0
1RV6,13,12.855744361877441,12.644498825073242,26.435667037963867,0.0,0.035858483492008035,-50.156532287597656,0
1RV6,14,23.090770721435547,21.36486053466797,68.72388458251953,0.0,0.006657389819042618,-43.716209411621094,0
1AVX,0,21.1945858001709,24.995481491088867,60.52790069580078,0.0,0.007642627295494748,-46.578460693359375,0
1AVX,1,23.290040969848633,25.70818519592285,65.41981506347656,0.0,0.006664798815570961,-46.08098220825195,0
1AVX,2,21.63191795349121,20.796993255615234,60.33246994018555,0.0,0.00821258806435298,-43.27363204956055,1
1AVX,3,22.573139190673828,23.044086456298828,68.1268310546875,0.0,0.006515811901223256,-40.38225555419922,1
1AVX,4,14.080646514892578,14.112090110778809,22.555335998535156,0.0,0.045175919171968504,-40.301631927490234,2
1AVX,5,14.703961372375488,15.909134864807129,57.8330078125,0.0,0.009985423642785395,-47.1855354309082,0
1AVX,6,20.584524154663086,20.204601287841797,70.72327423095703,0.0,0.00657353757874085,-42.00270080566406,0
1AVX,7,17.89497184753418,16.525379180908203,70.14009857177734,0.0,0.007548421566801386,-40.45133590698242,1
1AVX,8,19.977964401245117,18.7905216217041,62.55823516845703,0.0,0.008153001522279433,-36.38713455200195,2
1AVX,9,14.58804988861084,13.860304832458496,56.67546081542969,0.0,0.011191594688471257,-37.04624557495117,2
1AVX,10,22.34613037109375,22.694616317749023,67.01551818847656,0.0,0.006727427089319528,-34.1395378112793,5
1AVX,11,20.771848678588867,20.180862426757812,58.624881744384766,0.0,0.008694480833497885,-39.3037109375,3
1AVX,12,21.454082489013672,21.463211059570312,69.333740234375,0.0,0.006555850751169861,-37.234561920166016,1
1AVX,13,23.388586044311523,25.66498374938965,66.77957916259766,0.0,0.006449086911196893,-40.89164352416992,0
1AVX,14,21.033939361572266,20.693527221679688,57.889739990234375,0.0,0.00877704192792116,-35.83491516113281,4
6CWG,0,21.355695724487305,15.200690269470215,31.219829559326172,0.0,0.026218409445278274,-40.01370620727539,15
6CWG,1,22.049346923828125,18.590940475463867,37.47019577026367,0.0,0.01846964503511941,-40.42470932006836,16
6CWG,2,23.980430603027344,22.584516525268555,48.156986236572266,0.0,0.011534995816176908,-49.2799072265625,0
6CWG,3,23.27471160888672,21.98445701599121,45.97642135620117,0.0,0.012561256636597108,-45.421241760253906,0
6CWG,4,23.168169021606445,20.467193603515625,29.978519439697266,0.0,0.026584401939408333,-47.01216125488281,0
6CWG,5,24.175989151000977,22.12087059020996,50.61323928833008,0.0,0.010669112083297407,-40.65626525878906,1
6CWG,6,22.7703800201416,21.973310470581055,34.91244125366211,0.0,0.020199080440576053,-38.61640930175781,0
6CWG,7,22.799943923950195,22.503271102905273,36.3934326171875,0.0,0.018717130334575855,-47.777259826660156,0
6CWG,8,25.14516830444336,20.788347244262695,47.55672836303711,0.0,0.012045454043796651,-35.365081787109375,5
6CWG,9,24.599857330322266,19.377363204956055,38.30759811401367,0.0,0.017626884604283737,-38.8684196472168,5
6CWG,10,23.42662239074707,26.367408752441406,62.79315185546875,0.0,0.007073279940103092,-40.140472412109375,0
6CWG,11,24.17970085144043,21.29888153076172,35.16234588623047,0.0,0.020048446872739666,-41.960453033447266,1
6CWG,12,22.406002044677734,18.581668853759766,33.26865768432617,0.0,0.022584084028126727,-37.308631896972656,4
6CWG,13,23.46448516845703,22.37683868408203,36.8923454284668,0.0,0.01829390717246103,-44.65937423706055,0
6CWG,14,24.540468215942383,21.011960983276367,40.86164855957031,0.0,0.015515837174093468,-39.33255386352539,1
1TMQ,0,8.79177188873291,10.42835807800293,20.304773330688477,0.0,0.05646084985099581,-63.312259674072266,0
1TMQ,1,8.648919105529785,10.283479690551758,19.7435302734375,0.058824,0.07867444525186745,-46.333377838134766,2
1TMQ,2,10.343116760253906,14.388740539550781,23.562345504760742,0.0,0.04196745892375347,-41.12324142456055,5
1TMQ,3,8.10936450958252,10.303133010864258,18.4338436126709,0.0,0.06536519340310794,-42.89484405517578,8
1TMQ,4,7.732548713684082,10.741019248962402,17.43951416015625,0.0,0.07036211374786483,-43.0511474609375,3
1TMQ,5,8.360762596130371,11.226788520812988,19.162477493286133,0.0,0.06064937916946898,-42.83488464355469,8
1TMQ,6,8.270846366882324,12.73971176147461,20.656490325927734,0.0,0.05282681766856556,-45.9506721496582,1
1TMQ,7,7.104276180267334,9.629739761352539,16.098188400268555,0.0,0.08056737080521598,-42.68246078491211,3
1TMQ,8,10.275622367858887,13.674391746520996,23.55803680419922,0.0,0.042359510456647514,-42.016136169433594,2
1TMQ,9,8.999775886535645,10.454923629760742,20.98517608642578,0.0,0.053703286842955576,-51.314353942871094,1
1TMQ,10,7.777026653289795,10.526747703552246,17.68325424194336,0.0,0.06919615100701239,-44.501094818115234,3
1TMQ,11,10.70289421081543,13.57551097869873,24.687580108642578,0.0,0.039347455183160185,-38.867713928222656,8
1TMQ,12,7.7962799072265625,10.822535514831543,17.89117431640625,0.0,0.06766579218946768,-47.08415985107422,2
1TMQ,13,7.923150062561035,10.446784973144531,18.105579376220703,0.0,0.06693238484787849,-43.18745422363281,4
1TMQ,14,8.255690574645996,11.069982528686523,18.77753257751465,0.0,0.06269712311734969,-42.28489685058594,7
1JMO,0,3.989133834838867,3.4672276973724365,8.088521957397461,0.152174,0.27820624873662464,-46.26905059814453,1
1JMO,1,27.829364776611328,25.485172271728516,81.08467102050781,0.0,0.0047739612164590895,-33.964508056640625,2
1JMO,2,17.446067810058594,13.835871696472168,53.74887466430664,0.108696,0.048237327270336194,-33.388153076171875,13
1JMO,3,26.408872604370117,19.487754821777344,69.20999145507812,0.0,0.00691633661992824,-36.662086486816406,1
1JMO,4,20.757274627685547,16.225994110107422,58.09471130371094,0.0,0.009810763144977475,-33.8376350402832,7
1JMO,5,23.838571548461914,19.679401397705078,68.4721450805664,0.0,0.006984199190899644,-31.193981170654297,6
1JMO,6,27.324914932250977,20.42104148864746,69.16011810302734,0.0,0.006748969781017564,-41.17261505126953,0
1JMO,7,24.220163345336914,17.39025115966797,61.498138427734375,0.0,0.008710152552353198,-36.00898361206055,8
1JMO,8,23.6867618560791,20.039501190185547,56.88274002075195,0.0,0.009137768908709687,-36.48646545410156,3
1JMO,9,5.845877170562744,5.378940105438232,11.351838111877441,0.108696,0.18003309412419463,-37.76455307006836,2
1JMO,10,24.663955688476562,18.705934524536133,63.629608154296875,0.0,0.007973785118938639,-39.368473052978516,2
1JMO,11,24.828969955444336,19.30746078491211,62.026939392089844,0.0,0.008144198688572643,-44.915985107421875,1
1JMO,12,25.966344833374023,19.34906578063965,69.83484649658203,0.0,0.0068574605142145235,-35.86156463623047,3
1JMO,13,25.07927894592285,21.292072296142578,59.818687438964844,0.0,0.008243396332913776,-33.26405715942383,7
1JMO,14,19.977632522583008,15.779576301574707,56.324951171875,0.0,0.010407379604529785,-32.73418426513672,7
5O1R,0,9.699349403381348,12.857253074645996,23.78915023803711,0.0,0.04221393525620339,-37.69792175292969,0
5O1R,1,6.035706996917725,9.314495086669922,15.234114646911621,0.0,0.08756207947380851,-27.39678192138672,6
5O1R,2,21.037776947021484,19.37310028076172,55.476097106933594,0.0,0.009632275503536502,-31.0,18
5O1R,3,16.58285140991211,14.600678443908691,42.641719818115234,0.0,0.016220100057919514,-28.125364303588867,5
5O1R,4,7.029054641723633,8.339470863342285,23.24497413635254,0.0,0.049760820247912625,-26.85475730895996,3
5O1R,5,5.598531723022461,8.510180473327637,13.072522163391113,0.0,0.1090947284149383,-26.447345733642578,8
5O1R,6,8.55189037322998,11.228270530700684,23.749570846557617,0.0,0.04369407021551128,-30.51439666748047,1
5O1R,7,7.281010150909424,9.627323150634766,16.307241439819336,0.0,0.07911546992536918,-26.979326248168945,12
5O1R,8,9.515905380249023,12.835284233093262,23.462711334228516,0.0,0.043163792914224536,-25.64994239807129,9
5O1R,9,7.457668304443359,10.288143157958984,20.517627716064453,0.0,0.055766767501294674,-30.56193733215332,2
5O1R,10,10.798686981201172,13.556320190429688,25.734054565429688,0.0,0.036820863560517746,-25.017635345458984,10
5O1R,11,11.339284896850586,13.747084617614746,26.34427261352539,0.0,0.035351206905766534,-25.09584617614746,4
5O1R,12,15.144705772399902,14.373693466186523,41.14155960083008,0.0,0.017236933267680065,-23.64463996887207,13
5O1R,13,10.40638542175293,13.487868309020996,26.519319534301758,0.0,0.03512652694699837,-32.104061126708984,0
5O1R,14,6.675266265869141,8.752569198608398,20.951541900634766,0.0,0.056620625742305884,-26.136640548706055,3
1PPE,0,10.091043472290039,12.569867134094238,33.991947174072266,0.0,0.024296729442344994,-65.03540802001953,0
1PPE,1,9.718420028686523,11.742040634155273,33.09371566772461,0.0,0.02598145613006672,-62.098628997802734,0
1PPE,2,9.311306953430176,11.274266242980957,31.74809455871582,0.0,0.028093244157924926,-67.14301300048828,0
1PPE,3,5.872740745544434,7.052980422973633,20.072778701782227,0.0,0.0651085876907266,-46.778568267822266,2
1PPE,4,5.689620494842529,8.119155883789062,18.965219497680664,0.0,0.06675934485636532,-41.6843147277832,3
1PPE,5,9.048995018005371,11.161088943481445,31.02601432800293,0.0,0.029185886908167823,-55.17148208618164,0
1PPE,6,12.222223281860352,15.405920028686523,39.79567337036133,0.0,0.017673869964036224,-45.86567687988281,1
1PPE,7,8.920159339904785,11.239322662353516,30.576894760131836,0.0,0.02974454658512682,-59.3892707824707,0
1PPE,8,4.459074020385742,5.598428249359131,14.730596542358398,0.0,0.1055905293743808,-67.82559204101562,0
1PPE,9,12.791020393371582,15.754387855529785,42.04360580444336,0.0,0.016083975182724766,-44.70576095581055,4
1PPE,10,7.824462890625,10.341767311096191,27.300378799438477,0.0,0.03632554492242527,-50.199954986572266,0
1PPE,11,5.960485458374023,8.666241645812988,19.88096046447754,0.0,0.061210583057008466,-52.593170166015625,0
1PPE,12,8.297643661499023,10.24923324584961,28.55832862854004,0.0,0.03411607892870015,-58.15715408325195,0
1PPE,13,10.581165313720703,14.280780792236328,35.605167388916016,0.0,0.02161034208045233,-53.97442626953125,1
1PPE,14,5.7744059562683105,9.050300598144531,18.709054946899414,0.0,0.06594365492383948,-50.78477478027344,0
1SBB,0,22.47406005859375,14.622088432312012,58.52981948852539,0.0,0.010356237501463993,-33.444602966308594,12
1SBB,1,22.82814598083496,12.256863594055176,56.148433685302734,0.0,0.012386594795734533,-36.27161407470703,2
1SBB,2,24.21573257446289,13.087496757507324,54.90066146850586,0.0,0.012125175473581218,-37.73649597167969,1
1SBB,3,18.890249252319336,18.61515235900879,47.68447494506836,0.0,0.012415831939252676,-37.019649505615234,15
1SBB,4,23.910913467407227,14.581449508666992,58.475738525390625,0.0,0.010387888154411627,-35.95840835571289,15
1SBB,5,24.486736297607422,9.763772964477539,56.768184661865234,0.0,0.014995229229300128,-34.94822311401367,7
1SBB,6,24.49962043762207,16.907371520996094,57.64213562011719,0.0,0.009697225283702392,-43.29716873168945,1
1SBB,7,24.950538635253906,10.30277156829834,57.66259002685547,0.0,0.014008124953979448,-37.034507751464844,9
1SBB,8,24.8354549407959,14.919198036193848,56.518924713134766,0.0,0.010708328865123707,-33.708370208740234,7
1SBB,9,23.705867767333984,15.442949295043945,54.2789306640625,0.0,0.011094165612898436,-33.20933151245117,28
1SBB,10,16.490880966186523,12.934523582458496,50.13523864746094,0.0,0.013737140159207606,-35.59307098388672,6
1SBB,11,20.494237899780273,12.045235633850098,53.86430740356445,0.0,0.013189359157109852,-36.28071975708008,5
1SBB,12,18.874013900756836,13.447076797485352,56.00853729248047,0.0,0.011601158587371957,-34.782997131347656,12
1SBB,13,21.958703994750977,8.760499000549316,55.39910888671875,0.0,0.017160760194245325,-33.35697555541992,4
1SBB,14,22.580839157104492,13.181797981262207,57.4955940246582,0.0,0.011390605656534025,-38.58922576904297,2
1FQJ,0,22.517742156982422,17.75308609008789,60.52256774902344,0.0,0.008810399852906485,-32.92097854614258,2
1FQJ,1,11.909215927124023,12.721970558166504,28.164066314697266,0.0,0.032397481376437644,-28.694726943969727,6
1FQJ,2,17.32140350341797,15.721247673034668,36.466163635253906,0.230769,0.0971075856004162,-36.517330169677734,2
1FQJ,3,12.50196647644043,10.361515998840332,32.592376708984375,0.0,0.028070281980680168,-41.921287536621094,0
1FQJ,4,21.881967544555664,19.545848846435547,54.77203369140625,0.0,0.00979070091012661,-33.81025695800781,2
1FQJ,5,13.747979164123535,14.879683494567871,32.04600143432617,0.0,0.0252633288083338,-41.54533386230469,0
1FQJ,6,18.16634750366211,15.647602081298828,40.048362731933594,0.0,0.017403729949706553,-44.59444046020508,0
1FQJ,7,14.379988670349121,12.15600872039795,32.55624008178711,0.0,0.0262714277524931,-32.63642883300781,2
1FQJ,8,17.03664207458496,14.160825729370117,38.7591667175293,0.0,0.018994245750528316,-33.00761795043945,6
1FQJ,9,25.553133010864258,21.37055206298828,59.81095886230469,0.0,0.008233058413690488,-31.062026977539062,10
1FQJ,10,16.51012420654297,14.191006660461426,37.33720016479492,0.0,0.020107442029882686,-33.06748580932617,1
1FQJ,11,9.616223335266113,8.464982032775879,19.861984252929688,0.0,0.06174614051991687,-27.423009872436523,39
1FQJ,12,10.290130615234375,11.668083190917969,26.434680938720703,0.0,0.03665407707762546,-35.024600982666016,2
1FQJ,13,15.217707633972168,13.679033279418945,32.990516662597656,0.0,0.02471091389498085,-30.70003318786621,7
1FQJ,14,14.875472068786621,15.268411636352539,33.97596740722656,0.0,0.022820370238031924,-31.510704040527344,1
1EFN,0,11.105701446533203,9.394725799560547,34.84821701049805,0.0,0.027004182092014457,-63.78535842895508,0
1EFN,1,15.470833778381348,13.34315013885498,45.39540100097656,0.0,0.015450839199671615,-47.23666763305664,0
1EFN,2,16.940488815307617,15.443087577819824,49.55733871459961,0.0,0.012641365163586887,-44.600101470947266,0
1EFN,3,12.603043556213379,11.192968368530273,31.492341995239258,0.0,0.028515189298475806,-67.74585723876953,0
1EFN,4,12.971257209777832,10.37167739868164,34.57643127441406,0.0,0.025825718911310094,-50.08552932739258,0
1EFN,5,11.799941062927246,12.135275840759277,38.88692092895508,0.0,0.020216099057631436,-46.24690246582031,0
1EFN,6,11.499624252319336,10.367314338684082,30.189054489135742,0.0,0.03131904668054245,-48.22103500366211,0
1EFN,7,15.70044994354248,14.523200988769531,49.84648895263672,0.0,0.01293713825596024,-53.22858428955078,0
1EFN,8,14.577323913574219,15.53309154510498,40.94480895996094,0.0,0.01685166134610761,-48.74399948120117,0
1EFN,9,13.981369972229004,11.736923217773438,43.00741958618164,0.0,0.017888017148914154,-48.1649169921875,1
1EFN,10,9.55799674987793,8.729706764221191,30.488271713256836,0.0,0.03359970950603138,-48.741085052490234,0
1EFN,11,16.027734756469727,12.126419067382812,46.92543029785156,0.0,0.015613031645785343,-45.74656677246094,0
1EFN,12,15.43327808380127,14.74845027923584,49.19438934326172,0.0,0.013075657161927932,-54.33420944213867,0
1EFN,13,9.345649719238281,10.583123207092285,15.853523254394531,0.0,0.08099119816186313,-51.629024505615234,0
1EFN,14,2.4832541942596436,2.4328231811523438,6.091205596923828,0.0,0.31204988368212105,-48.730445861816406,0
6B0S,0,7.57252836227417,8.846753120422363,22.43909454345703,0.083333,0.07892125233490865,-28.22637367248535,7
6B0S,1,13.021263122558594,13.97746467590332,41.03671646118164,0.0,0.017508007225849376,-31.78160285949707,6
6B0S,2,13.763347625732422,11.589043617248535,43.216548919677734,0.0,0.017906855645337092,-43.447975158691406,0
6B0S,3,6.166741371154785,9.096769332885742,17.369274139404297,0.0,0.07322738514073972,-31.03880500793457,1
6B0S,4,10.639911651611328,8.970422744750977,33.757591247558594,0.0,0.028940504441603083,-24.939680099487305,16
6B0S,5,5.774669170379639,8.328737258911133,16.794912338256836,0.0,0.07844299663233528,-28.686674118041992,5
6B0S,6,15.489194869995117,15.9998140335083,48.24403762817383,0.0,0.012940050839731883,-31.5476131439209,7
6B0S,7,13.38498592376709,14.652746200561523,42.051937103271484,0.0,0.01654136225663554,-29.860702514648438,10
6B0S,8,13.39939022064209,14.481224060058594,42.307926177978516,0.0,0.016471130905660738,-30.703359603881836,2
6B0S,9,13.748035430908203,10.540692329406738,42.820987701416016,0.0,0.019252598568161566,-41.71223449707031,1
6B0S,10,14.459556579589844,13.954619407653809,45.04188537597656,0.0,0.015270144562386201,-31.357393264770508,4
6B0S,11,7.2412919998168945,9.641098976135254,20.453773498535156,0.0,0.056966950704331054,-27.464542388916016,5
6B0S,12,15.23577880859375,12.972723007202148,47.65998840332031,0.0,0.014673422847490838,-36.412288665771484,2
6B0S,13,9.94080638885498,13.061811447143555,31.3057804107666,0.0,0.027225083043520018,-32.067630767822266,2
6B0S,14,8.714250564575195,9.309860229492188,26.321428298950195,0.0,0.039912916505484106,-26.169479370117188,5
2OUL,0,10.511722564697266,8.932043075561523,31.600677490234375,0.0,0.031632704304433254,-43.540245056152344,2
2OUL,1,13.955596923828125,12.645222663879395,45.64320373535156,0.0,0.015797998254443394,-62.996158599853516,0
2OUL,2,13.456024169921875,12.978865623474121,37.38093948364258,0.0,0.020781499091764254,-47.11815643310547,4
2OUL,3,4.847929954528809,5.0202178955078125,12.152706146240234,0.26087,0.22377691903821342,-45.20339584350586,3
2OUL,4,10.881836891174316,8.624908447265625,40.26739501953125,0.217391,0.09646905299976562,-37.23601150512695,3
2OUL,5,13.445450782775879,12.386800765991211,38.52151870727539,0.0,0.02029364193626394,-47.19966506958008,3
2OUL,6,8.833121299743652,7.056140422821045,32.57667922973633,0.304348,0.13710863081825256,-38.45459747314453,2
2OUL,7,8.939933776855469,7.320047378540039,32.382442474365234,0.173913,0.0928901299745653,-39.204811096191406,2
2OUL,8,7.936703205108643,6.742712020874023,27.97945213317871,0.173913,0.101853958269109,-39.083412170410156,5
2OUL,9,11.62424087524414,9.842089653015137,45.170284271240234,0.130435,0.06244499913722362,-31.878028869628906,4
2OUL,10,16.73417854309082,15.541509628295898,50.37736129760742,0.0,0.01230331328092272,-51.928646087646484,1
2OUL,11,12.203434944152832,11.441727638244629,31.551164627075195,0.0,0.02818791414563634,-61.48394775390625,0
2OUL,12,8.129799842834473,7.5434770584106445,30.08147621154785,0.0,0.037325387565442576,-38.36948776245117,8
2OUL,13,11.68946361541748,11.550934791564941,26.768985748291016,0.0,0.036058455177212234,-55.5008544921875,0
2OUL,14,5.922335624694824,5.025731086730957,18.146081924438477,0.043478,0.10173635995384249,-52.06908416748047,0
1YVB,0,13.987030982971191,10.773354530334473,43.8017578125,0.0,0.018436048300737962,-56.19951629638672,0
1YVB,1,8.18144416809082,5.447740077972412,23.10106086730957,0.230769,0.1401608894573477,-42.2403678894043,6
1YVB,2,5.543521404266357,3.7339651584625244,18.352462768554688,0.076923,0.1308331544859332,-51.78608322143555,1
1YVB,3,6.515555381774902,5.932371616363525,26.3293514251709,0.076923,0.07713297432709243,-44.467872619628906,3
1YVB,4,6.506622791290283,6.550573825836182,25.572189331054688,0.0,0.04977171018860391,-39.832759857177734,5
1YVB,5,15.698472023010254,11.957263946533203,49.080753326416016,0.0,0.014870799677925128,-40.958702087402344,5
1YVB,6,11.266481399536133,8.355607986450195,41.54317092895508,0.076923,0.04944197896025606,-41.139190673828125,3
1YVB,7,9.465182304382324,9.579161643981934,17.05314064025879,0.0,0.07431222461317548,-53.04708480834961,1
1YVB,8,11.814835548400879,10.938841819763184,31.699630737304688,0.0,0.02851124473628644,-54.196807861328125,0
1YVB,9,10.982579231262207,10.067276000976562,29.212268829345703,0.0,0.033258350824788334,-61.25478744506836,0
1YVB,10,10.334044456481934,8.068982124328613,41.439456939697266,0.0,0.02459275319094843,-37.460662841796875,5
1YVB,11,6.907546520233154,6.745630741119385,19.566720962524414,0.307692,0.17118765244536205,-40.1782112121582,14
1YVB,12,70.58702850341797,83.0645523071289,181.4176025390625,0.0,0.0008388034184248464,0.0,0
1YVB,13,6.746875286102295,5.438663959503174,27.009963989257812,0.115385,0.09206206316462977,-40.51218032836914,3
1YVB,14,10.992410659790039,8.069482803344727,39.5811767578125,0.0,0.02582776156487898,-56.340911865234375,0
2B42,0,23.333965301513672,21.168500900268555,62.37861251831055,0.0,0.007741873986199878,-54.05077362060547,2
2B42,1,20.562108993530273,19.279970169067383,65.97417449951172,0.0,0.007448279125811213,-56.04347229003906,1
2B42,2,13.70563793182373,13.158361434936523,41.115665435791016,0.0,0.017938504754949344,-53.20547103881836,1
2B42,3,22.772600173950195,20.316213607788086,61.22257995605469,0.0,0.008111023132801187,-53.458404541015625,4
2B42,4,7.336001396179199,9.272586822509766,22.0949764251709,0.0,0.051472769716690875,-54.8156852722168,1
2B42,5,19.83279037475586,18.401485443115234,63.03848648071289,0.0,0.008152519416951021,-48.19837951660156,7
2B42,6,13.90477180480957,13.788667678833008,25.33357048034668,0.0,0.037626866680409175,-53.9807014465332,0
2B42,7,20.088661193847656,18.144668579101562,63.89134979248047,0.0,0.008059716731183207,-60.35206985473633,0
2B42,8,20.974246978759766,17.578218460083008,62.84361267089844,0.0,0.008398227477940397,-58.20939254760742,3
2B42,9,19.25636863708496,16.541738510131836,50.06500244140625,0.0,0.012057715952595817,-48.140010833740234,11
2B42,10,22.45318031311035,20.353199005126953,66.13809967041016,0.0,0.0072169557178713714,-59.79804992675781,1
2B42,11,20.079261779785156,18.971261978149414,63.835731506347656,0.0,0.007877974896238375,-45.19768524169922,8
2B42,12,20.123754501342773,18.267391204833984,62.99306869506836,0.0,0.00819315647182337,-50.81373977661133,8
2B42,13,13.606937408447266,13.363626480102539,24.67391586303711,0.0,0.03950934571512928,-55.72588348388672,2
2B42,14,23.56474494934082,20.682884216308594,62.34090805053711,0.0,0.007827798490338333,-53.323570251464844,2
1MQ8,0,13.300944328308105,11.456493377685547,60.37534713745117,0.0,0.012096410963014873,-42.519412994384766,0
1MQ8,1,14.606263160705566,12.865986824035645,22.520353317260742,0.0,0.04603486061257429,-34.5397834777832,4
1MQ8,2,8.670435905456543,6.974663734436035,25.024606704711914,0.0,0.04921553667049997,-36.7907829284668,5
1MQ8,3,10.895768165588379,9.371962547302246,23.191072463989258,0.0,0.04780155842163126,-44.04707717895508,1
1MQ8,4,13.531908988952637,11.505075454711914,59.661407470703125,0.0,0.01220273181676453,-42.018585205078125,0
1MQ8,5,17.499526977539062,13.716696739196777,59.6217041015625,0.0,0.010579140875966184,-39.87833023071289,0
1MQ8,6,26.177845001220703,31.49121856689453,64.97752380371094,0.0,0.006362739494548961,-37.17827606201172,0
1MQ8,7,13.339409828186035,9.781023025512695,23.033851623535156,0.0,0.04761133066848442,-45.25430679321289,0
1MQ8,8,14.022744178771973,12.008368492126465,60.11786651611328,0.0,0.011654178144493016,-41.04118347167969,2
1MQ8,9,21.340641021728516,21.275962829589844,56.12957000732422,0.0,0.00912150139617361,-38.423988342285156,3
1MQ8,10,13.723281860351562,8.803552627563477,21.785234451293945,0.0,0.05344448452841255,-42.40071487426758,0
1MQ8,11,10.859662055969238,7.497619152069092,38.78593826293945,0.0,0.028103839902418177,-38.603546142578125,5
1MQ8,12,15.550031661987305,14.565824508666992,25.98307991027832,0.0,0.035722009543143744,-34.040096282958984,1
1MQ8,13,11.69128131866455,9.026400566101074,53.258094787597656,0.0,0.017237631377035146,-33.92793273925781,2
1MQ8,14,16.1391544342041,13.341959953308105,59.585994720458984,0.0,0.010808526734244017,-41.08866500854492,0
2B4J,0,6.249220371246338,5.677170753479004,18.677932739257812,0.0,0.07894099342271137,-35.33397674560547,1
2B4J,1,10.519190788269043,11.183059692382812,32.797489166259766,0.0,0.02687097234038303,-39.15361022949219,2
2B4J,2,18.881128311157227,16.062728881835938,58.6734733581543,0.0,0.009733646397093456,-37.561614990234375,2
2B4J,3,7.3979644775390625,8.28211784362793,15.597813606262207,0.0,0.08691047157404624,-35.684478759765625,1
2B4J,4,17.387737274169922,13.049159049987793,56.4648551940918,0.0,0.011733381176763267,-36.20276641845703,3
2B4J,5,7.535944938659668,7.902712821960449,23.127777099609375,0.0,0.051258035928779096,-35.836395263671875,3
2B4J,6,15.346943855285645,11.071194648742676,48.56782531738281,0.0,0.015915006432550578,-35.04079055786133,3
2B4J,7,17.437175750732422,12.54701042175293,55.83878707885742,0.0,0.012246081500012732,-34.54034423828125,4
2B4J,8,22.731483459472656,17.16838836669922,69.70519256591797,0.0,0.007409225790597658,-38.405120849609375,0
2B4J,9,23.834623336791992,17.062549591064453,68.99271392822266,0.0,0.007540287555787717,-37.337181091308594,1
2B4J,10,17.443790435791016,13.991700172424316,55.8950309753418,0.0,0.011321812417658445,-32.43186950683594,7
2B4J,11,17.156269073486328,12.684579849243164,55.404537200927734,0.0,0.01226221914210219,-35.98972702026367,4
2B4J,12,23.719070434570312,17.350862503051758,70.05317687988281,0.0,0.00730908379304832,-34.2128791809082,2
2B4J,13,7.057966232299805,8.063333511352539,17.318727493286133,0.0,0.07585692608274923,-34.928367614746094,7
2B4J,14,17.593103408813477,13.537248611450195,56.949092864990234,0.0,0.01130694494700756,-35.90810775756836,1
3D5S,0,17.628969192504883,20.513818740844727,50.90106964111328,0.0,0.010815881402818627,-50.549076080322266,0
3D5S,1,14.929977416992188,16.179521560668945,40.41158676147461,0.0,0.01696287292666013,-42.410919189453125,29
3D5S,2,16.61918067932129,19.02327537536621,47.50433349609375,0.0,0.012400700297168547,-49.562862396240234,0
3D5S,3,17.766382217407227,19.7099552154541,49.79739761352539,0.0,0.011356401488592715,-50.24722671508789,1
3D5S,4,16.929574966430664,19.410322189331055,48.93783187866211,0.0,0.011740392142312648,-57.57537078857422,0
3D5S,5,15.37808609008789,14.27999210357666,46.05364227294922,0.0,0.014618777805538377,-60.44027328491211,0
3D5S,6,17.446575164794922,21.14702796936035,49.748443603515625,0.0,0.011123701554769065,-45.42585372924805,2
3D5S,7,17.12437629699707,19.06858253479004,48.65728759765625,0.0,0.01192106173796751,-52.78084945678711,0
3D5S,8,16.908533096313477,20.29967498779297,49.00236511230469,0.0,0.011546777648049402,-45.75864028930664,4
3D5S,9,16.468103408813477,20.55475616455078,48.559288024902344,0.0,0.01167555194009228,-50.0025520324707,1
3D5S,10,17.605388641357422,18.8239803314209,51.70411682128906,0.0,0.010874962583118883,-53.827796936035156,0
3D5S,11,15.584745407104492,20.33157730102539,46.195560455322266,0.0,0.012720330789271464,-61.16289138793945,0
3D5S,12,17.664710998535156,20.360837936401367,49.99705123901367,0.0,0.011163188222552052,-63.10940170288086,0
3D5S,13,17.44724464416504,21.22933006286621,49.525856018066406,0.0,0.011193594319919403,-46.40699768066406,3
3D5S,14,18.03791046142578,21.45751953125,51.06318283081055,0.0,0.010608336771370503,-47.60974884033203,2
1JIW,0,12.689825057983398,13.55905532836914,32.93132781982422,0.0,0.02485045836035163,-49.55268096923828,0
1JIW,1,18.064964294433594,22.761760711669922,54.891929626464844,0.0,0.009246988688050519,-19.103713989257812,0
1JIW,2,9.59935474395752,11.234604835510254,28.625192642211914,0.0,0.032847905431472424,-50.020931243896484,0
1JIW,3,16.743392944335938,16.89861297607422,49.118995666503906,0.0,0.012297629441234185,-39.65478515625,0
1JIW,4,9.708252906799316,13.36014175415039,23.728620529174805,0.0,0.042058282226961514,-45.19343948364258,0
1JIW,5,7.290985584259033,7.505700588226318,23.60401725769043,0.0,0.051065771005524084,-45.875389099121094,0
1JIW,6,15.909043312072754,15.610710144042969,46.550445556640625,0.0,0.013804829506835072,-43.84162139892578,0
1JIW,7,17.621044158935547,16.970436096191406,53.682682037353516,0.0,0.010736583024514072,-49.39787292480469,0
1JIW,8,8.263273239135742,8.162497520446777,25.952743530273438,0.0,0.04318124324168615,-46.86149978637695,0
1JIW,9,9.731424331665039,11.248455047607422,29.298748016357422,0.0,0.03170149589493341,-48.99193572998047,0
1JIW,10,15.08926773071289,17.509449005126953,46.34994125366211,0.0,0.013274092283520998,-43.713924407958984,0
1JIW,11,12.39721393585205,15.301403999328613,33.9128532409668,0.0,0.022875599468423723,-30.408540725708008,3
1JIW,12,8.219498634338379,8.30510425567627,25.387718200683594,0.0,0.044129091993481855,-47.369056701660156,0
1JIW,13,10.051323890686035,11.709606170654297,30.102828979492188,0.0,0.029995811924593187,-46.41132354736328,0
1JIW,14,10.210368156433105,12.815996170043945,29.709861755371094,0.0,0.02972461839481551,-38.20524978637695,0
1OFU,0,20.47505760192871,12.522053718566895,61.296443939208984,0.0,0.011004334995133105,-13.682416915893555,21
1OFU,1,21.249605178833008,18.35128402709961,47.82180404663086,0.0,0.012420632421831397,-16.07217025756836,10
1OFU,2,28.78916358947754,25.24761962890625,90.72623443603516,0.0,0.004072822199144188,-17.460803985595703,0
1OFU,3,26.778959274291992,20.593610763549805,91.74413299560547,0.0,0.004596057184198813,-12.283474922180176,0
1OFU,4,19.551565170288086,19.312397003173828,39.73136901855469,0.0,0.016587440591962505,-14.715885162353516,2
1OFU,5,30.477327346801758,30.026884078979492,87.78314971923828,0.0,0.003926058870521371,-13.764708518981934,2
1OFU,6,21.86203384399414,18.246967315673828,49.03635787963867,0.0,0.01196096957971901,-18.615224838256836,1
1OFU,7,18.620033264160156,13.600543975830078,67.15470886230469,0.0,0.009261948487040714,-5.379635810852051,11
1OFU,8,21.774457931518555,21.87770652770996,56.352725982666016,0.0,0.008974721505472958,-12.973572731018066,5
1OFU,9,25.88067626953125,21.41347312927246,94.24118041992188,0.0,0.004317428938930848,-4.408283233642578,11
1OFU,10,29.00629234313965,31.5439453125,74.56916809082031,0.0,0.0050275972333554955,-12.744901657104492,3
1OFU,11,32.985591888427734,33.25082778930664,88.1513900756836,0.0,0.0037476872423998684,-15.296772003173828,2
1OFU,12,20.350265502929688,16.322668075561523,44.23948669433594,0.0,0.014658752752060458,-10.203530311584473,9
1OFU,13,21.343669891357422,17.480680465698242,47.797279357910156,0.0,0.012654984063378923,-10.585304260253906,7
1OFU,14,22.23689079284668,16.26846694946289,54.739891052246094,0.0,0.01065794693256815,-17.42755889892578,6
2I9B,0,26.931636810302734,24.599679946899414,59.70391845703125,0.0,0.007856890503055417,-32.949092864990234,5
2I9B,1,16.415828704833984,18.634357452392578,33.96080780029297,0.0,0.02179644491025595,-32.888362884521484,3
2I9B,2,15.053853034973145,16.420867919921875,29.50002670288086,0.0,0.02831098435107064,-29.567230224609375,4
2I9B,3,17.942777633666992,19.97791290283203,40.69420623779297,0.0,0.015803563585637736,-29.667724609375,4
2I9B,4,27.626420974731445,26.635812759399414,63.415428161621094,0.0,0.006936718248034764,-34.342063903808594,0
2I9B,5,21.42781639099121,23.85359764099121,55.472721099853516,0.0,0.008959706281017879,-43.2158203125,0
2I9B,6,14.617734909057617,16.688447952270508,27.389631271362305,0.0,0.031954091851162277,-30.693761825561523,2
2I9B,7,16.385522842407227,18.29070472717285,33.888126373291016,0.0,0.02195668438513995,-37.517173767089844,0
2I9B,8,17.037975311279297,11.436507225036621,36.28483963012695,0.0,0.022977861158399792,-28.572172164916992,38
2I9B,9,14.430537223815918,14.53778076171875,28.71541976928711,0.0,0.030365268354975234,-28.08011245727539,6
2I9B,10,25.900188446044922,25.471458435058594,60.877201080322266,0.0,0.007526140277169808,-30.727632522583008,5
2I9B,11,14.004335403442383,15.003055572509766,27.6246395111084,0.0,0.032128515325509754,-36.52846908569336,1
2I9B,12,18.1766414642334,22.302885055541992,42.36166763305664,0.0,0.014402129157097933,-29.865365982055664,2
2I9B,13,15.697775840759277,21.143354415893555,40.210086822509766,0.0,0.01592737214122668,-25.03894805908203,4
2I9B,14,18.4359130859375,22.826387405395508,44.19474411010742,0.0,0.013323735030906178,-28.36154556274414,3
3H11,0,8.096797943115234,7.624074459075928,17.132680892944336,0.269231,0.16800697390717453,-31.342878341674805,17
3H11,1,11.708993911743164,12.4730863571167,20.74782371520996,0.0,0.05265786115367523,-28.351625442504883,41
3H11,2,7.217312335968018,7.210172653198242,14.395557403564453,0.192308,0.16410226895404376,-30.19367027282715,31
3H11,3,10.305428504943848,11.47581958770752,19.206239700317383,0.0,0.06019402041519178,-29.3066463470459,39
3H11,4,7.871922969818115,8.341243743896484,13.675329208374023,0.115385,0.14179445066823498,-31.37934112548828,34
3H11,5,7.6914963722229,8.50167465209961,14.237130165100098,0.038462,0.11047693221358905,-26.94330596923828,51
3H11,6,9.197941780090332,8.765108108520508,20.708248138427734,0.0,0.05754711526271957,-25.954965591430664,62
3H11,7,7.377529144287109,5.851358890533447,15.752691268920898,0.076923,0.12136257329635619,-30.89887237548828,24
3H11,8,8.608491897583008,8.791691780090332,16.106008529663086,0.230769,0.15896770800407875,-27.5783748626709,39
3H11,9,8.442219734191895,8.716805458068848,15.518572807312012,0.230769,0.16343463803640482,-29.127222061157227,37
3H11,10,6.3598313331604,5.823436260223389,16.193937301635742,0.153846,0.14402115163940263,-31.112377166748047,25
3H11,11,8.503267288208008,8.331707000732422,16.567106246948242,0.230769,0.15684868380497205,-28.788658142089844,47
3H11,12,8.507065773010254,8.83519458770752,15.492376327514648,0.115385,0.1249253811274339,-28.14886474609375,44
3H11,13,7.775107383728027,8.26208209991455,14.337947845458984,0.153846,0.14860320528957346,-28.266389846801758,43
3H11,14,8.282739639282227,8.4769287109375,15.049991607666016,0.230769,0.16765638276029782,-29.759172439575195,33
1FCC,0,11.723609924316406,13.951573371887207,38.87416458129883,0.0,0.019018508943070847,-28.5274600982666,2
1FCC,1,18.657514572143555,22.904586791992188,60.43184280395508,0.0,0.00789011394467557,-42.30936813354492,0
1FCC,2,21.891067504882812,23.759639739990234,68.7204360961914,0.0,0.006346143584714522,-23.810714721679688,2
1FCC,3,24.481761932373047,29.20915985107422,77.84844970703125,0.0,0.004803837197960188,-52.32183074951172,0
1FCC,4,13.448609352111816,19.090787887573242,44.300697326660156,0.0,0.013880937652978426,-40.2322998046875,0
1FCC,5,22.173629760742188,26.27179527282715,69.51720428466797,0.0,0.005993163637640744,-35.78071212768555,0
1FCC,6,17.264543533325195,20.910188674926758,54.33674240112305,0.0,0.00966867807176266,-45.07292938232422,0
1FCC,7,19.26991081237793,23.16775894165039,62.19926452636719,0.0,0.007502450901806848,-50.7164306640625,0
1FCC,8,12.55045223236084,16.860490798950195,41.041847229003906,0.0,0.016327110333185256,-41.16120910644531,0
1FCC,9,11.739982604980469,14.187701225280762,38.90628433227539,0.0,0.018870204072710884,-28.91360092163086,1
1FCC,10,13.595100402832031,17.5905704498291,44.529972076416016,0.0,0.014124751565455465,-26.73090362548828,2
1FCC,11,17.695436477661133,21.39845085144043,55.3436393737793,0.0,0.00931159693362308,-42.481101989746094,0
1FCC,12,10.901376724243164,15.880996704101562,36.45769500732422,0.0,0.020132493642087915,-41.7123908996582,0
1FCC,13,18.700664520263672,20.709379196166992,59.43422317504883,0.0,0.008420756132441181,-30.55256462097168,0
1FCC,14,19.250167846679688,23.570575714111328,62.35146713256836,0.0,0.007426233067227328,-46.44189453125,0
3RJQ,0,16.83814811706543,11.528241157531738,32.74365234375,0.0,0.026593941436277146,-34.60017776489258,5
3RJQ,1,18.50817108154297,15.249588012695312,43.73585510253906,0.0,0.015326411828327014,-26.02663803100586,11
3RJQ,2,13.234663009643555,11.19295883178711,36.78886032104492,0.0,0.02277350126055616,-29.760286331176758,4
3RJQ,3,17.71788215637207,15.616364479064941,25.68002700805664,0.0,0.03596088146142422,-33.00034713745117,16
3RJQ,4,19.233640670776367,14.754007339477539,35.105403900146484,0.0,0.021869927240279547,-32.593875885009766,10
3RJQ,5,12.305590629577637,13.397233009338379,30.165287017822266,0.0,0.028646790495817673,-45.15155029296875,0
3RJQ,6,16.82877540588379,13.739508628845215,33.627769470214844,0.0,0.02394432289042749,-34.72967529296875,7
3RJQ,7,22.772695541381836,16.72383689880371,40.85891342163086,0.0,0.01648765155359139,-27.25027084350586,11
3RJQ,8,6.634514808654785,8.705607414245605,18.544416427612305,0.0,0.06748315506505918,-38.055015563964844,2
3RJQ,9,13.141127586364746,9.704832077026367,32.58083724975586,0.0,0.02901934394420937,-34.5914192199707,9
3RJQ,10,21.569591522216797,16.83475685119629,32.888092041015625,0.0,0.02349717920713121,-33.24042510986328,7
3RJQ,11,16.32659912109375,12.938467979431152,31.204038619995117,0.0,0.027446258884485663,-34.31059646606445,19
3RJQ,12,16.966381072998047,14.524478912353516,41.307430267333984,0.0,0.017058614836199068,-25.943790435791016,6
3RJQ,13,15.88564682006836,14.380653381347656,31.353351593017578,0.0,0.026409293390283726,-34.95063018798828,5
3RJQ,14,13.431381225585938,12.97208309173584,22.0892333984375,0.0,0.04738999231902908,-35.44611358642578,7
4FP8,0,34.322784423828125,25.892192840576172,70.37499237060547,0.0,0.005907792069002596,-22.791234970092773,47
4FP8,1,18.309736251831055,12.719956398010254,33.47005844116211,0.0,0.024767607626622376,-13.502843856811523,5
4FP8,2,20.077880859375,15.539519309997559,34.68395233154297,0.0,0.021962750926162514,-19.764516830444336,15
4FP8,3,29.682973861694336,17.828004837036133,68.40609741210938,0.0,0.0074115284859400145,-36.841949462890625,2
4FP8,4,22.202531814575195,14.136603355407715,40.911102294921875,0.0,0.017504835615459218,-18.182043075561523,1
4FP8,5,15.540074348449707,16.397335052490234,30.331262588500977,0.0,0.027038068147499986,-23.366273880004883,0
4FP8,6,16.181257247924805,17.328258514404297,28.30105972290039,0.0,0.03005973410430311,-34.75783157348633,0
4FP8,7,15.830947875976562,16.388626098632812,29.090667724609375,0.0,0.028988995487125194,-29.1097412109375,0
4FP8,8,23.15306282043457,14.742024421691895,43.85495376586914,0.0,0.015484433231571467,-21.33619499206543,3
4FP8,9,30.985506057739258,18.069944381713867,66.95306396484375,0.0,0.0075684833471551215,-30.45149040222168,21
4FP8,10,31.53460121154785,20.22700309753418,72.83858489990234,0.0,0.006301487251202131,-33.76934051513672,4
4FP8,11,14.317086219787598,16.04232406616211,25.60479164123535,0.0,0.03597706756578287,-30.272140502929688,0
4FP8,12,27.76155662536621,17.838809967041016,68.30448150634766,0.0,0.0074235723368841905,-36.498836517333984,2
4FP8,13,13.034489631652832,14.760849952697754,22.852596282958984,0.0,0.04391787126442257,-28.72315216064453,0
4FP8,14,28.20838165283203,20.165847778320312,65.4708251953125,0.0,0.007359512532641585,-36.49418258666992,1
2GTP,0,19.323692321777344,14.671161651611328,55.38554763793945,0.0,0.01111870532103478,-46.472801208496094,0
2GTP,1,8.242472648620605,6.266648292541504,17.548063278198242,0.461538,0.23525563310051315,-35.41257858276367,10
2GTP,2,12.082475662231445,9.455042839050293,31.99127197265625,0.0,0.030163530894481594,-43.048439025878906,0
2GTP,3,14.455638885498047,11.442452430725098,30.104612350463867,0.230769,0.10716604240692795,-47.47029495239258,0
2GTP,4,10.250625610351562,8.981283187866211,29.19646644592285,0.0,0.03509052061956086,-45.732913970947266,0
2GTP,5,14.35204029083252,11.184357643127441,30.927583694458008,0.0,0.02929968703079335,-34.85352325439453,4
2GTP,6,19.32896614074707,14.440886497497559,54.69591522216797,0.0,0.011418426874736867,-48.492042541503906,0
2GTP,7,12.79556941986084,12.04282283782959,30.528587341308594,0.0,0.029073895782332923,-31.831010818481445,15
2GTP,8,11.004057884216309,10.030900955200195,23.110288619995117,0.0,0.04701031619995083,-37.099552154541016,1
2GTP,9,18.01557731628418,14.704290390014648,38.35882568359375,0.0,0.01903458144316347,-48.87771987915039,0
2GTP,10,9.442499160766602,8.057899475097656,26.023706436157227,0.0,0.043297328386261554,-41.83161163330078,0
2GTP,11,15.488240242004395,13.598965644836426,32.24718475341797,0.0,0.025661922613077117,-22.663022994995117,77
2GTP,12,10.263809204101562,8.381277084350586,27.733762741088867,0.0,0.03896796168830979,-44.49020004272461,0
2GTP,13,10.8460054397583,9.024261474609375,29.183706283569336,0.0,0.03502787628988247,-38.83000946044922,0
2GTP,14,24.707191467285156,16.338125228881836,59.321990966796875,0.0,0.009492125070478643,-35.6960334777832,1
1ZM4,0,12.61660385131836,9.150001525878906,31.707067489624023,0.0,0.03107301043363871,-29.38866424560547,6
1ZM4,1,26.87546730041504,26.781259536743164,75.89444732666016,0.0,0.005171772606389439,-27.46723175048828,25
1ZM4,2,28.332746505737305,21.214488983154297,78.32763671875,0.0,0.005537909788508727,-23.636676788330078,11
1ZM4,3,27.06670570373535,17.640478134155273,74.54761505126953,0.0,0.006670814797981911,-26.784643173217773,9
1ZM4,4,26.45267105102539,30.585813522338867,75.15254211425781,0.0,0.0050100527318957385,-25.522016525268555,7
1ZM4,5,32.11276626586914,24.686872482299805,90.64077758789062,0.0,0.004131915308494968,-27.700090408325195,11
1ZM4,6,13.853649139404297,9.74616527557373,40.09626388549805,0.111111,0.059085710378222085,-41.76969528198242,0
1ZM4,7,24.477752685546875,28.139970779418945,67.64718627929688,0.0,0.00612545927472122,-23.974048614501953,18
1ZM4,8,20.642169952392578,18.371158599853516,61.818450927734375,0.0,0.00839260154972908,-27.03970718383789,6
1ZM4,9,27.830955505371094,25.071565628051758,79.39643859863281,0.0,0.0049660623739698475,-23.081777572631836,4
1ZM4,10,27.203277587890625,31.68628692626953,77.58778381347656,0.0,0.004698524170266637,-21.85342788696289,21
1ZM4,11,28.777843475341797,23.841896057128906,82.1077651977539,0.0,0.004848631437619529,-26.51821517944336,15
1ZM4,12,34.94884490966797,28.1115779876709,96.51172637939453,0.0,0.0035120289247022843,-25.252653121948242,19
1ZM4,13,28.89849090576172,26.834314346313477,82.83070373535156,0.0,0.004511942755209925,-27.31500244140625,21
1ZM4,14,37.08344650268555,36.6865234375,102.80613708496094,0.0,0.002819501141962671,-21.241464614868164,10
1FQ1,0,6.713069915771484,5.975170135498047,15.437049865722656,0.333333,0.2084224175574356,-30.2116756439209,9
1FQ1,1,3.855891704559326,3.531899929046631,9.682199478149414,0.833333,0.47379851787575356,-34.098724365234375,6
1FQ1,2,2.0522749423980713,2.2105205059051514,6.374213218688965,0.916667,0.6240029498440045,-36.411903381347656,4
1FQ1,3,10.994550704956055,9.817214965820312,40.417083740234375,0.0,0.02172292880683444,-28.052640914916992,14
1FQ1,4,10.464739799499512,8.902795791625977,22.453170776367188,0.25,0.1343173823427444,-38.40699005126953,2
1FQ1,5,18.942819595336914,16.463056564331055,33.906070709228516,0.0,0.022454614804085435,-28.616548538208008,15
1FQ1,6,13.283730506896973,11.987632751464844,27.683042526245117,0.0,0.033857098785676575,-32.4077033996582,5
1FQ1,7,3.8991754055023193,3.8829092979431152,9.269826889038086,0.5,0.36220475729486595,-34.68566131591797,4
1FQ1,8,2.0650720596313477,1.9445356130599976,9.030681610107422,0.833333,0.5587160173553787,-37.19352722167969,1
1FQ1,9,4.508349895477295,4.813887596130371,10.870255470275879,0.333333,0.26709107174592994,-33.96381759643555,2
1FQ1,10,10.804986000061035,9.026324272155762,21.855073928833008,0.166667,0.10830991395679324,-31.736600875854492,3
1FQ1,11,2.701979160308838,2.9319651126861572,8.9462890625,0.666667,0.44951490437286806,-33.19725036621094,2
1FQ1,12,19.82062530517578,16.771284103393555,57.62583541870117,0.0,0.009743234463648059,-30.305959701538086,18
1FQ1,13,17.297019958496094,15.727699279785156,57.15706253051758,0.0,0.010217030974025676,-24.80320930480957,25
1FQ1,14,10.899742126464844,9.48143482208252,22.946163177490234,0.166667,0.10391569448166421,-31.29401206970215,3
1RKE,0,27.514909744262695,27.529165267944336,66.6712875366211,0.0,0.0063180491236664756,-45.65789031982422,0
1RKE,1,25.522361755371094,25.38580322265625,68.02057647705078,0.0,0.00628490444362435,-42.91640090942383,0
1RKE,2,25.321670532226562,26.462230682373047,66.33668518066406,0.0,0.006452006746861941,-42.6485595703125,0
1RKE,3,16.172664642333984,13.302417755126953,28.46172523498535,0.0,0.031480636566946,-41.78977584838867,0
1RKE,4,26.356746673583984,24.758377075195312,72.11505889892578,0.0,0.005786500025287093,-44.92083740234375,0
1RKE,5,26.583295822143555,24.610027313232422,69.91047668457031,0.0,0.006089528780349817,-37.80384826660156,0
1RKE,6,26.257953643798828,24.610143661499023,70.90850830078125,0.0,0.005955712369298258,-41.59780502319336,0
1RKE,7,13.015130996704102,11.731987953186035,51.277347564697266,0.0,0.01427578934002133,-43.216522216796875,0
1RKE,8,28.773408889770508,28.047489166259766,68.29839324951172,0.0,0.006034851892283623,-47.749732971191406,0
1RKE,9,17.269718170166016,14.502050399780273,29.121980667114258,0.0,0.02969629675420336,-38.24688720703125,0
1RKE,10,77.483642578125,94.34150695800781,202.7091522216797,0.0,0.000669314132162036,0.0,0
1RKE,11,4.465120792388916,3.349313735961914,12.107868194580078,0.0,0.16573265322099914,-38.05714416503906,0
1RKE,12,28.2573299407959,26.465152740478516,71.73819732666016,0.0,0.0056822675400108194,-39.59394073486328,0
1RKE,13,26.260412216186523,28.3792781829834,67.93963623046875,0.0,0.00606582052581749,-47.46324157714844,0
1RKE,14,22.050086975097656,22.86610984802246,73.54914855957031,0.0,0.005821659042618069,-40.24869155883789,0
4M76,0,19.38511848449707,15.995960235595703,73.82424926757812,0.0,0.007266746360770925,-44.99407196044922,2
4M76,1,22.870044708251953,16.946853637695312,74.98445129394531,0.0,0.006820074917994613,-49.00454330444336,0
4M76,2,23.10456085205078,17.25953483581543,69.91487121582031,0.0,0.007353999737690644,-46.90706253051758,2
4M76,3,23.57716178894043,21.892793655395508,73.34003448486328,0.0,0.00597562967073884,-52.74853515625,0
4M76,4,22.413511276245117,20.959514617919922,70.40321350097656,0.0,0.0064875791284751795,-49.13972854614258,0
4M76,5,22.25213050842285,17.12392807006836,54.820743560791016,0.0,0.010363705683814967,-36.06913375854492,62
4M76,6,22.10857391357422,20.75834846496582,69.29436492919922,0.0,0.00667269175979119,-50.682960510253906,0
4M76,7,20.437259674072266,16.833898544311523,74.09739685058594,0.0,0.006955225729219233,-47.912471771240234,1
4M76,8,19.663570404052734,17.370285034179688,75.08842468261719,0.0,0.006684654990751072,-47.788970947265625,3
4M76,9,18.83160972595215,16.479534149169922,65.72999572753906,0.0,0.008221578157767334,-44.98538589477539,7
4M76,10,22.839628219604492,20.165374755859375,71.97203063964844,0.0,0.006419583498624128,-49.358158111572266,0
4M76,11,19.943675994873047,16.42131805419922,72.91618347167969,0.0,0.007227232372726673,-46.25531005859375,2
4M76,12,20.42915916442871,15.46861457824707,74.63536834716797,0.0,0.007373289825771061,-45.601722717285156,3
4M76,13,23.694168090820312,19.127614974975586,70.70853424072266,0.0,0.006785744229410532,-46.98329544067383,1
4M76,14,22.2430362701416,14.647357940673828,71.29743194580078,0.0,0.008130807543313046,-45.5999755859375,3
2UUY,0,9.359551429748535,7.580542087554932,30.013973236083984,0.0,0.037309112546774305,-59.58210754394531,0
2UUY,1,13.345807075500488,10.615568161010742,41.17578887939453,0.0,0.020149267883463676,-58.63517761230469,0
2UUY,2,12.814081192016602,10.320137977600098,39.7298469543457,0.0,0.02148589401788577,-59.24000549316406,0
2UUY,3,8.651529312133789,6.185657978057861,23.369632720947266,0.0,0.05745810129484368,-61.04695129394531,0
2UUY,4,14.003775596618652,10.7843656539917,42.975643157958984,0.0,0.018875228552590214,-61.97000503540039,0
2UUY,5,12.047113418579102,9.659110069274902,37.06861877441406,0.0,0.02450073616342048,-51.08626174926758,0
2UUY,6,9.35879898071289,9.979535102844238,25.74729347229004,0.0,0.040123136221809776,-54.04193878173828,0
2UUY,7,12.071346282958984,6.9297590255737305,34.31364059448242,0.181818,0.0947966349814348,-34.08015441894531,27
2UUY,8,7.107736587524414,4.5363688468933105,20.097532272338867,0.0,0.08343161660853131,-53.865238189697266,0
2UUY,9,11.125718116760254,9.308077812194824,35.9390869140625,0.0,0.026095476862894342,-57.282859802246094,0
2UUY,10,12.711812019348145,10.03041934967041,39.81071472167969,0.0,0.021824557539185305,-55.713706970214844,0
2UUY,11,7.576618194580078,7.08823299407959,17.985422134399414,0.0,0.0751463049057229,-54.7098503112793,0
2UUY,12,9.348689079284668,7.59199857711792,26.17540740966797,0.0,0.04432057945803875,-48.67458724975586,1
2UUY,13,19.964290618896484,15.69139575958252,62.21910095214844,0.0,0.00912562216853672,-45.56869125366211,0
2UUY,14,9.623285293579102,7.331886291503906,28.63463592529297,0.0,0.04038472029938996,-54.35932540893555,0
3HMX,0,36.688941955566406,13.442648887634277,106.45004272460938,0.0,0.00621123071037208,-11.882835388183594,68
3HMX,1,36.286197662353516,10.703409194946289,99.0478515625,0.0,0.008857431754516514,-11.150954246520996,60
3HMX,2,32.454681396484375,17.751462936401367,56.559059143066406,0.0,0.00972549713458679,1.8914884328842163,9
3HMX,3,31.55040740966797,23.63504981994629,56.14255905151367,0.0,0.008806686403480314,-2.0997581481933594,9
3HMX,4,31.481721878051758,22.393556594848633,56.13930130004883,0.0,0.008959233446375758,-2.4626924991607666,11
3HMX,5,37.49677276611328,19.364850997924805,102.9127426147461,0.0,0.004246614020981292,-13.903663635253906,17
3HMX,6,31.262155532836914,18.9822998046875,57.46700668334961,0.0,0.00920494442508838,-0.7004256248474121,12
3HMX,7,39.45498275756836,21.54371452331543,72.9954605102539,0.0,0.0060675166497869875,-3.211479902267456,100
3HMX,8,34.372894287109375,32.01899719238281,87.67810821533203,0.0,0.0038335930915399303,-13.24084186553955,22
3HMX,9,40.793182373046875,14.545397758483887,94.91224670410156,0.0,0.0061598250050388164,-14.911344528198242,12
3HMX,10,38.311737060546875,12.345643997192383,95.40980529785156,0.0,0.0074739986074495455,-13.58790397644043,33
3HMX,11,35.76688766479492,30.834383010864258,91.31990051269531,0.0,0.0036500993258920793,-15.471766471862793,3
3HMX,12,31.423986434936523,24.205068588256836,57.26710510253906,0.0,0.008460472167544706,-2.235098123550415,4
3HMX,13,32.29825973510742,24.16254234313965,55.91030502319336,0.0,0.008809940862820543,-1.9561406373977661,9
3HMX,14,28.087181091308594,18.000337600708008,56.23090744018555,0.0,0.009745303286532735,-5.088448524475098,7
1IJK,0,18.53435516357422,17.027690887451172,58.14728546142578,0.0,0.00954069395154764,-43.838680267333984,3
1IJK,1,14.37644100189209,13.96683406829834,48.073448181152344,0.0,0.013905894440906057,-47.8268928527832,0
1IJK,2,15.393176078796387,12.556316375732422,51.1231803894043,0.0,0.013656920170140965,-42.967716217041016,5
1IJK,3,16.45851707458496,13.696233749389648,46.880271911621094,0.0,0.014560113223907573,-44.748600006103516,4
1IJK,4,19.169084548950195,16.950302124023438,56.81944274902344,0.0,0.009886546347463826,-41.77458953857422,6
1IJK,5,18.428977966308594,16.297550201416016,56.21416091918945,0.0,0.010250845197143137,-42.66026306152344,2
1IJK,6,19.74721908569336,19.097658157348633,66.3501968383789,0.0,0.007425993966680154,-42.686920166015625,5
1IJK,7,17.366981506347656,15.706605911254883,43.576515197753906,0.0,0.015230515213074081,-41.590370178222656,1
1IJK,8,20.165939331054688,18.483230590820312,66.71736907958984,0.0,0.0075050932567476865,-43.50603103637695,5
1IJK,9,19.534343719482422,20.477645874023438,64.9893798828125,0.0,0.007385165348271418,-42.37855529785156,2
1IJK,10,13.925719261169434,10.720137596130371,22.344221115112305,0.0,0.04854039957775109,-51.91508865356445,0
1IJK,11,16.104211807250977,11.44143009185791,25.755521774291992,0.0,0.0383723290728672,-52.7203254699707,0
1IJK,12,15.323229789733887,11.724440574645996,24.311132431030273,0.0,0.04167755502120928,-53.772525787353516,0
1IJK,13,11.767375946044922,8.886650085449219,21.791259765625,0.0,0.053253148744773576,-43.92022705078125,6
1IJK,14,11.948285102844238,8.917598724365234,19.557209014892578,0.0,0.062132983429504546,-45.433345794677734,3
1JTG,0,18.097131729125977,14.914421081542969,32.37385940551758,0.0,0.02483482907470208,-38.354957580566406,0
1JTG,1,3.530320405960083,3.9687836170196533,11.159746170043945,0.0,0.16404470909883243,-37.575401306152344,1
1JTG,2,19.10675811767578,15.557432174682617,33.41856384277344,0.0,0.0233244584429573,-39.84959411621094,1
1JTG,3,6.005027770996094,5.49894905090332,14.993468284606934,0.0,0.10415903262677749,-38.26177215576172,1
1JTG,4,17.898983001708984,15.516695976257324,30.859167098999023,0.0,0.026592718645943706,-36.61553955078125,7
1JTG,5,16.455785751342773,13.358894348144531,32.62618637084961,0.0,0.025337020490646515,-53.1212043762207,0
1JTG,6,16.5130615234375,13.519696235656738,37.71412658691406,0.0,0.020166855622903358,-38.82604217529297,3
1JTG,7,7.552992343902588,6.250882148742676,21.125041961669922,0.0,0.06459599592436788,-41.994712829589844,0
1JTG,8,15.710031509399414,12.454471588134766,43.390480041503906,0.0,0.017084967268859535,-43.59306716918945,0
1JTG,9,8.364951133728027,7.316964149475098,29.722808837890625,0.0,0.03864356125959691,-39.75168991088867,0
1JTG,10,11.239828109741211,8.45961856842041,27.597646713256836,0.0,0.039041566757941674,-37.932525634765625,7
1JTG,11,4.907351970672607,4.4702911376953125,13.869837760925293,0.333333,0.2358540604684349,-36.94634246826172,1
1JTG,12,6.410886764526367,5.758785247802734,21.121593475341797,1.0,0.40097121583247236,-33.97932815551758,3
1JTG,13,4.384923458099365,3.6115458011627197,13.980453491210938,0.333333,0.2501150566885275,-39.29677963256836,1
1JTG,14,6.550838470458984,4.697333812713623,18.75067710876465,1.0,0.42100059972216747,-37.256919860839844,6
2A9K,0,16.358840942382812,15.895499229431152,34.55311584472656,0.0,0.021962784117751197,-41.72289276123047,6
2A9K,1,15.60693359375,17.712018966674805,31.118270874023438,0.0,0.02551744671703628,-42.968345642089844,2
2A9K,2,16.32270050048828,15.082206726074219,37.1197395324707,0.0,0.019872565071665137,-40.781166076660156,21
2A9K,3,16.99883270263672,15.276274681091309,35.87518310546875,0.0,0.02090089422649895,-45.09688949584961,1
2A9K,4,18.703298568725586,12.59112548828125,39.11785888671875,0.0,0.01969357793688489,-57.147518157958984,0
2A9K,5,13.863492012023926,15.099581718444824,32.043704986572266,0.0,0.025170249719085182,-46.62363815307617,2
2A9K,6,15.375773429870605,16.695825576782227,32.152225494384766,0.0,0.024443892073007064,-47.97437286376953,0
2A9K,7,15.442229270935059,17.562593460083008,33.11571502685547,0.0,0.023017351413762484,-40.93016815185547,7
2A9K,8,15.746061325073242,17.39508819580078,34.12812805175781,0.0,0.02192978871459989,-53.287471771240234,0
2A9K,9,16.360261917114258,16.34199333190918,35.02138900756836,0.0,0.02132839131296933,-48.094478607177734,1
2A9K,10,17.95245933532715,16.513551712036133,40.0032958984375,0.0,0.01712727817053329,-48.02251434326172,1
2A9K,11,22.27009391784668,13.902286529541016,42.17691421508789,0.0,0.016845840996664682,-44.167720794677734,4
2A9K,12,15.819334030151367,17.2944278717041,32.623390197753906,0.0,0.023678950128390903,-43.26313781738281,2
2A9K,13,18.269725799560547,14.416860580444336,37.04314422607422,0.0,0.020242874777879147,-43.868553161621094,2
2A9K,14,15.217466354370117,17.532756805419922,32.54718017578125,0.0,0.02370524253988501,-43.360774993896484,1
5HGG,0,10.850056648254395,7.8845977783203125,31.7380428314209,0.0,0.03395151911214311,-49.8936767578125,7
5HGG,1,8.312241554260254,5.89771032333374,19.907419204711914,0.096774,0.10390933716615873,-57.47359085083008,0
5HGG,2,7.763079643249512,5.9866743087768555,20.162860870361328,0.064516,0.09149571090338328,-52.562896728515625,0
5HGG,3,10.313929557800293,6.158560276031494,27.749141693115234,0.193548,0.11177653411592707,-50.973384857177734,10
5HGG,4,13.099791526794434,9.787247657775879,30.98783302307129,0.064516,0.05248061251744399,-59.64057922363281,0
5HGG,5,11.097128868103027,6.9633564949035645,26.551488876342773,0.258065,0.13178943632081142,-50.02146530151367,8
5HGG,6,10.642980575561523,7.153019905090332,29.49292755126953,0.0,0.03960474226511415,-56.871063232421875,0
5HGG,7,10.22420597076416,6.786265850067139,24.259618759155273,0.096774,0.0842317309579954,-53.917755126953125,3
5HGG,8,11.002315521240234,7.079523086547852,26.03420639038086,0.129032,0.08944177030621274,-50.281578063964844,4
5HGG,9,9.577363014221191,6.317213535308838,22.994606018066406,0.096774,0.09012053587261597,-54.35908126831055,1
5HGG,10,9.35746955871582,6.3892927169799805,26.304481506347656,0.193548,0.11344371314985939,-60.40376663208008,0
5HGG,11,12.807746887207031,10.088294982910156,46.74992752075195,0.0,0.017876594420611843,-48.271610260009766,2
5HGG,12,10.048101425170898,6.204811096191406,24.44776725769043,0.258065,0.1403750333820649,-50.926116943359375,3
5HGG,13,11.126593589782715,7.500795841217041,30.49404525756836,0.032258,0.04760254559108005,-53.607940673828125,1
5HGG,14,9.147011756896973,9.65349292755127,20.719926834106445,0.096774,0.08813268661690056,-45.87443161010742,3
3BX7,0,13.209455490112305,11.453892707824707,22.884960174560547,0.0,0.04603065016037741,-47.417842864990234,0
3BX7,1,14.087116241455078,11.665450096130371,38.231937408447266,0.0,0.021122112158903136,-34.619102478027344,2
3BX7,2,14.095806121826172,13.459293365478516,48.356178283691406,0.0,0.014080086057931906,-34.9342041015625,7
3BX7,3,12.036825180053711,9.802397727966309,21.176361083984375,0.0,0.05387971669626213,-37.32143020629883,5
3BX7,4,11.276541709899902,10.247065544128418,35.362998962402344,0.0,0.02519929792691995,-34.40840530395508,6
3BX7,5,11.943292617797852,11.053800582885742,21.298303604125977,0.0,0.05182449075937259,-40.55078887939453,0
3BX7,6,10.096060752868652,9.572793006896973,16.954912185668945,0.0,0.07493860804346279,-45.71041488647461,0
3BX7,7,16.629362106323242,12.849308967590332,38.1078987121582,0.0,0.020279421981944483,-34.42892074584961,5
3BX7,8,8.068044662475586,6.843080043792725,14.243555068969727,0.0,0.10281661595499025,-41.52605056762695,6
3BX7,9,8.449889183044434,5.95720911026001,20.601974487304688,0.0,0.06836121081863802,-39.937442779541016,5
3BX7,10,18.464065551757812,16.32095718383789,52.577110290527344,0.0,0.011282214101238872,-34.33397674560547,1
3BX7,11,9.941923141479492,10.458145141601562,25.080350875854492,0.0,0.04106131639939871,-33.18053436279297,5
3BX7,12,8.15842056274414,7.202461242675781,15.054128646850586,0.0,0.09443616843534053,-38.31320571899414,4
3BX7,13,9.061453819274902,7.3500752449035645,16.402935028076172,0.0,0.08388997390203597,-43.75752258300781,1
3BX7,14,16.365028381347656,15.913485527038574,26.841663360595703,0.0,0.03331598980110496,-42.752376556396484,1
1DQJ,0,7.1735639572143555,9.584290504455566,16.009841918945312,0.0,0.0812680410107973,-45.89611053466797,0
1DQJ,1,9.193166732788086,11.260859489440918,19.56439971923828,0.0,0.05873996000080989,-34.50893783569336,2
1DQJ,2,6.838495254516602,7.59458589553833,16.42955207824707,0.0,0.08289709617243275,-21.787967681884766,70
1DQJ,3,9.311081886291504,11.381683349609375,21.552574157714844,0.0,0.05055843921970741,-36.884830474853516,1
1DQJ,4,11.502462387084961,15.195639610290527,31.350433349609375,0.0,0.0260423578955718,-36.32305145263672,0
1DQJ,5,11.56054401397705,10.881084442138672,26.43808937072754,0.454545,0.188958906111223,-23.01592254638672,70
1DQJ,6,8.981328010559082,10.497201919555664,19.791259765625,0.0,0.05858015483732457,-34.790557861328125,2
1DQJ,7,14.223549842834473,14.859691619873047,30.872695922851562,0.0,0.02684969722405534,-21.893186569213867,69
1DQJ,8,14.25527572631836,14.397567749023438,31.227182388305664,0.0,0.026573000840596175,-23.013545989990234,52
1DQJ,9,12.148361206054688,14.959691047668457,26.54371452331543,0.0,0.03432047392318741,-33.23121643066406,4
1DQJ,10,11.975312232971191,14.28703498840332,25.06319236755371,0.0,0.03801870531792574,-29.617509841918945,10
1DQJ,11,12.606932640075684,12.936103820800781,31.039939880371094,0.0,0.027674926656300503,-26.56195831298828,52
1DQJ,12,28.09379005432129,25.755233764648438,66.00299835205078,0.0,0.006564913974499623,-38.91439437866211,68
1DQJ,13,11.891463279724121,14.739311218261719,25.17973518371582,0.0,0.03751627313235265,-32.64040756225586,3
1DQJ,14,9.845674514770508,12.361394882202148,21.14075469970703,0.0,0.051224138760623344,-35.071807861328125,4
1GXD,0,25.657995223999023,13.620950698852539,67.23043060302734,0.0,0.009238451088943793,-27.531953811645508,8
1GXD,1,38.766536712646484,36.576622009277344,98.48233795166016,0.0,0.0030244314796176314,-23.926389694213867,10
1GXD,2,9.881111145019531,11.409770965576172,23.017810821533203,0.0,0.04566415785589636,-20.161649703979492,21
1GXD,3,23.483760833740234,17.153900146484375,60.497703552246094,0.0,0.008982270786819777,-25.641843795776367,5
1GXD,4,12.418839454650879,13.985260009765625,35.719600677490234,0.0,0.02165511077503598,-24.888134002685547,8
1GXD,5,38.946895599365234,36.91265106201172,99.49590301513672,0.0,0.002964705520985555,-25.51245880126953,12
1GXD,6,38.71210861206055,36.97829818725586,99.5052490234375,0.0,0.0029623089135875622,-23.145736694335938,16
1GXD,7,38.85996627807617,36.87411117553711,98.15052795410156,0.0,0.003032021264120163,-27.356163024902344,7
1GXD,8,38.29600524902344,34.583457946777344,95.62203979492188,0.0,0.0032391633376649977,-24.791643142700195,21
1GXD,9,37.92900848388672,35.40090560913086,97.11463165283203,0.0,0.003131537515463726,-22.582096099853516,14
1GXD,10,28.718320846557617,28.746782302856445,72.40016174316406,0.0,0.005437136362783604,-26.44756507873535,32
1GXD,11,20.031536102294922,19.758705139160156,58.70639419555664,0.0,0.008754468646649116,-28.24140739440918,6
1GXD,12,14.72696590423584,15.897736549377441,33.045475006103516,0.0,0.023626959939364405,-17.896970748901367,7
1GXD,13,21.942657470703125,21.131912231445312,61.573917388916016,0.0,0.007904490622127848,-30.109651565551758,5
1GXD,14,38.04309844970703,37.19999313354492,100.07530212402344,0.0,0.0029285773362685654,-23.985858917236328,8
2VIS,0,30.577600479125977,19.520042419433594,67.5585708618164,0.0,0.007151175435642963,-32.12991714477539,30
2VIS,1,21.570587158203125,17.831064224243164,39.310630798339844,0.0,0.017230844723084743,-25.014360427856445,2
2VIS,2,18.071834564208984,15.768320083618164,31.393516540527344,0.0,0.025756675692626897,-23.685619354248047,1
2VIS,3,23.351377487182617,18.9066219329834,44.9295654296875,0.0,0.013603089591682363,-18.866443634033203,0
2VIS,4,27.580286026000977,15.278437614440918,54.13204574584961,0.0,0.01120328992876661,-25.94049072265625,40
2VIS,5,16.823823928833008,14.150054931640625,32.48232650756836,0.0,0.025066932137186915,-20.105697631835938,1
2VIS,6,23.590938568115234,18.303813934326172,42.954673767089844,0.0,0.014784387354625846,-30.283653259277344,1
2VIS,7,27.540424346923828,16.361034393310547,54.708740234375,0.0,0.010635234498122972,-25.473461151123047,40
2VIS,8,21.354999542236328,20.069461822509766,39.12424087524414,0.0,0.016876023401968785,-36.28548049926758,0
2VIS,9,20.771629333496094,17.664051055908203,36.89303970336914,0.0,0.01918866549413767,-24.63807487487793,1
2VIS,10,31.791770935058594,18.259143829345703,68.17313385009766,0.0,0.007337083880401159,-35.2939567565918,45
2VIS,11,17.610145568847656,14.759576797485352,41.952693939208984,0.0,0.016551543743939832,-18.306856155395508,6
2VIS,12,19.50043296813965,15.569664001464844,52.41255569458008,0.0,0.011607653825214078,-21.90611457824707,2
2VIS,13,17.99245834350586,14.806506156921387,37.534912109375,0.0,0.01964649173579917,-18.58207893371582,2
2VIS,14,22.779329299926758,19.046218872070312,42.573116302490234,0.0,0.014832947606117378,-28.903953552246094,0
2SNI,0,9.248809814453125,8.675137519836426,26.14988899230957,0.147059,0.09054953670530412,-44.08175277709961,2
2SNI,1,7.577729225158691,6.792331218719482,22.746749877929688,0.264706,0.14457818531651692,-42.39027786254883,4
2SNI,2,7.616158485412598,7.487209796905518,18.972631454467773,0.235294,0.14701526784025648,-39.865203857421875,4
2SNI,3,8.602518081665039,8.062073707580566,24.921438217163086,0.235294,0.12432008180639803,-43.170677185058594,5
2SNI,4,7.740936279296875,7.347622871398926,19.72520637512207,0.117647,0.10475565715622022,-41.482505798339844,6
2SNI,5,2.923231601715088,2.7340989112854004,8.966915130615234,0.441176,0.38193969714876125,-46.926795959472656,0
2SNI,6,6.786816596984863,6.814440727233887,15.910574913024902,0.147059,0.13843660845782998,-42.59638214111328,1
2SNI,7,7.6232829093933105,7.622973442077637,18.773561477661133,0.205882,0.1377599849356925,-42.28168869018555,0
2SNI,8,7.239954948425293,7.303898334503174,18.035053253173828,0.294118,0.1721142850829727,-40.984745025634766,3
2SNI,9,1.9830775260925293,1.8265587091445923,6.610497951507568,0.529412,0.5184341157475073,-48.0621223449707,0
2SNI,10,6.482460975646973,5.594677448272705,21.76230812072754,0.264706,0.15471069824389944,-45.85747146606445,1
2SNI,11,2.025275468826294,1.2817988395690918,6.170019149780273,0.647059,0.6266454408401724,-43.21723937988281,0
2SNI,12,5.899980545043945,5.844631671905518,15.978023529052734,0.147059,0.1431448528870476,-41.72599411010742,1
2SNI,13,7.557716369628906,7.5405354499816895,18.54945182800293,0.264706,0.15877005116287288,-40.710872650146484,4
2SNI,14,7.337906360626221,7.106212139129639,19.98932647705078,0.176471,0.12408528135336216,-41.902774810791016,3
3A4S,0,14.932222366333008,17.360078811645508,44.35052490234375,0.0,0.014280250616618138,-41.31472396850586,0
3A4S,1,15.413769721984863,16.64983558654785,47.94981384277344,0.0,0.012839276233574415,-38.85149383544922,0
3A4S,2,15.487715721130371,17.661596298217773,46.71302795410156,0.0,0.013070168246633158,-34.150150299072266,0
3A4S,3,15.322790145874023,16.663022994995117,45.788116455078125,0.0,0.013783910521620925,-43.30265808105469,0
3A4S,4,15.196037292480469,17.5646915435791,44.79362869262695,0.0,0.0139990327663985,-44.02855682373047,0
3A4S,5,15.228503227233887,16.748580932617188,45.133026123046875,0.0,0.01407039397779239,-45.15302658081055,0
3A4S,6,15.251213073730469,16.97015953063965,47.36347961425781,0.0,0.01298480149726911,-45.476314544677734,0
3A4S,7,15.151124954223633,16.49064826965332,44.96268844604492,0.0,0.014237014826003551,-40.78031921386719,0
3A4S,8,16.417932510375977,19.11072540283203,48.482112884521484,0.0,0.011981415872938786,-37.978633880615234,0
3A4S,9,17.063411712646484,19.32715606689453,50.41859817504883,0.0,0.01120800741530765,-38.59648513793945,0
3A4S,10,15.40355110168457,17.524755477905273,45.45100021362305,0.0,0.013688497500273624,-47.38140106201172,0
3A4S,11,15.448227882385254,16.898019790649414,45.66075134277344,0.0,0.013770439485488346,-43.83129119873047,0
3A4S,12,15.416884422302246,17.80775260925293,46.04458999633789,0.0,0.013333549120608836,-44.6402587890625,0
3A4S,13,15.239569664001465,16.376611709594727,44.938018798828125,0.0,0.01428711882871527,-44.71308517456055,0
3A4S,14,12.093606948852539,14.456515312194824,29.32990264892578,0.0,0.029377269442522197,-37.82296371459961,0
4GXU,0,43.4586067199707,26.071195602416992,80.86042785644531,0.0,0.004742882094672318,5.597869396209717,43
4GXU,1,31.210119247436523,29.631746292114258,73.9065170288086,0.0,0.0052035440746987,-5.710271835327148,130
4GXU,2,55.04496765136719,28.203514099121094,93.1128158569336,0.0,0.003695039030019565,-7.944136142730713,185
4GXU,3,42.0958137512207,33.25113296508789,82.6635971069336,0.0,0.00416451181303536,7.784023284912109,22
4GXU,4,44.60201644897461,43.22971725463867,96.5143814086914,0.0,0.0029663721660278196,-7.298025608062744,146
4GXU,5,53.202903747558594,34.391849517822266,88.17484283447266,0.0,0.0037019778232422994,-5.062976360321045,207
4GXU,6,40.68622589111328,33.11441421508789,82.94511413574219,0.0,0.004146714011908213,-6.706324100494385,79
4GXU,7,46.20172882080078,25.41786003112793,90.13027954101562,0.0,0.004095367006069583,-5.495882511138916,86
4GXU,8,36.3483772277832,32.472267150878906,79.41319274902344,0.0,0.004485341432813956,9.818276405334473,7
4GXU,9,30.67255401611328,30.10906410217285,83.22411346435547,0.0,0.0042664709589651335,1.3936643600463867,72
4GXU,10,29.855377197265625,29.56012535095215,82.84527587890625,0.0,0.004328542147147444,0.8846091032028198,64
4GXU,11,28.339868545532227,28.70796775817871,79.56112670898438,0.0,0.004669267958141242,1.8842811584472656,36
4GXU,12,41.16227340698242,29.92670249938965,80.33844757080078,0.0,0.004525396723199377,-7.4450364112854,130
4GXU,13,49.00289535522461,28.623872756958008,80.08048248291016,0.0,0.004626501263966253,8.04416561126709,42
4GXU,14,42.304290771484375,27.344947814941406,90.7394027709961,0.0,0.003899554173402835,-6.18061637878418,106
1FC2,0,14.06108570098877,17.902999877929688,39.759403228759766,0.0,0.0168925942640824,-32.4278678894043,1
1FC2,1,15.822120666503906,15.657898902893066,29.654388427734375,0.0,0.0283386670281537,-37.44644546508789,0
1FC2,2,13.579998016357422,14.391032218933105,25.802602767944336,0.0,0.036214654471420187,-35.750545501708984,0
1FC2,3,9.269960403442383,11.488723754882812,34.351478576660156,0.0,0.02481865530898036,-25.278614044189453,15
1FC2,4,10.195202827453613,16.060089111328125,43.018062591552734,0.0,0.015407771712870092,-25.417566299438477,3
1FC2,5,14.540742874145508,14.86339282989502,27.208900451660156,0.0,0.032998976685710536,-32.73875045776367,0
1FC2,6,17.11673355102539,16.83218002319336,29.143505096435547,0.0,0.02875856767747419,-38.244930267333984,1
1FC2,7,16.677152633666992,17.362445831298828,39.83152770996094,0.0,0.01698802771557671,-33.117637634277344,4
1FC2,8,6.793067455291748,9.552234649658203,33.66836929321289,0.0,0.027994561459888535,-28.573945999145508,10
1FC2,9,7.528605937957764,11.110455513000488,41.121482849121094,0.0,0.01962563001011576,-28.151884078979492,14
1FC2,10,16.771141052246094,15.574933052062988,27.331201553344727,0.0,0.03246036891867638,-33.82981872558594,3
1FC2,11,16.865394592285156,21.433427810668945,52.03923034667969,0.0,0.010286672804984976,-38.17945098876953,0
1FC2,12,7.498404026031494,12.278697967529297,42.02804946899414,0.0,0.018000119726553084,-44.11771774291992,0
1FC2,13,9.038287162780762,10.432427406311035,35.76827621459961,0.0,0.024569683622039613,-25.170154571533203,13
1FC2,14,11.889802932739258,16.043903350830078,44.995479583740234,0.0,0.014373947255270041,-32.89943313598633,0
1ACB,0,15.1847505569458,15.69103717803955,51.65098571777344,0.0,0.011807910264733677,-42.325748443603516,0
1ACB,1,4.721783638000488,4.290849685668945,13.718111991882324,0.448276,0.278197845170499,-46.99988555908203,3
1ACB,2,5.357508182525635,5.538496971130371,15.22823715209961,0.0,0.1019617062395844,-50.334716796875,1
1ACB,3,15.820893287658691,16.263132095336914,52.754310607910156,0.0,0.011246436030772888,-44.394771575927734,0
1ACB,4,5.984631061553955,6.124018669128418,16.602087020874023,0.068966,0.11108387381171825,-60.649959564208984,0
1ACB,5,5.207475185394287,5.538877964019775,12.608235359191895,0.103448,0.1614175640705339,-50.826412200927734,0
1ACB,6,9.122027397155762,8.129659652709961,26.836557388305664,0.103448,0.07584793676394146,-46.56009292602539,4
1ACB,7,10.16170883178711,9.468698501586914,28.871673583984375,0.0,0.034747713611465995,-50.0041618347168,1
1ACB,8,8.229982376098633,9.413103103637695,20.336599349975586,0.0,0.05782657636004899,-49.914756774902344,0
1ACB,9,8.597701072692871,7.618165016174316,25.91335678100586,0.172414,0.10229280494575517,-45.63513946533203,6
1ACB,10,7.475406646728516,7.205509185791016,20.58405303955078,0.034483,0.07389948356661015,-42.77093505859375,3
1ACB,11,5.093657493591309,4.152506351470947,14.503043174743652,0.275862,0.21565285117040592,-51.388614654541016,1
1ACB,12,8.713807106018066,7.986017227172852,26.713125228881836,0.103448,0.07648831752719593,-45.3411865234375,4
1ACB,13,9.324043273925781,10.448960304260254,30.1834774017334,0.0,0.031223183611043644,-41.86806106567383,0
1ACB,14,4.460158824920654,3.5204477310180664,12.815903663635254,0.37931,0.2794871491230158,-51.34110641479492,0
3H2V,0,11.365240097045898,10.918542861938477,25.42139434814453,0.0,0.03969367116698346,-35.55025863647461,3
3H2V,1,18.033613204956055,20.246763229370117,48.16947937011719,0.0,0.011885561063275374,-38.49175262451172,1
3H2V,2,18.22734260559082,18.345022201538086,50.929412841796875,0.0,0.011247083490135132,-44.94659423828125,0
3H2V,3,13.65676212310791,14.525382995605469,44.576629638671875,0.0,0.01521198271407038,-54.66590881347656,0
3H2V,4,15.546525955200195,15.195313453674316,46.02424240112305,0.0,0.01421138863701036,-35.595611572265625,2
3H2V,5,18.469776153564453,20.721311569213867,50.71173858642578,0.0,0.010846541909195933,-44.49758529663086,0
3H2V,6,13.95483112335205,13.11702823638916,42.33415222167969,0.0,0.017220027550210706,-51.847415924072266,0
3H2V,7,13.563054084777832,13.867453575134277,44.34576416015625,0.0,0.015667448538655517,-52.26932907104492,0
3H2V,8,13.427318572998047,15.06350326538086,42.880218505859375,0.0,0.01587555487788883,-52.55940628051758,0
3H2V,9,13.290355682373047,15.646480560302734,42.778648376464844,0.0,0.01569603196679097,-49.1479377746582,0
3H2V,10,15.246122360229492,17.369766235351562,44.631675720214844,0.0,0.014134384779017099,-54.02183532714844,0
3H2V,11,18.559795379638672,20.245031356811523,49.60626220703125,0.0,0.011327609415027662,-54.45170211791992,0
3H2V,12,13.324440002441406,14.523571014404297,44.43165969848633,0.0,0.01528659138900823,-50.977691650390625,0
3H2V,13,12.994369506835938,12.4468412399292,42.034664154052734,0.0,0.017866510798042325,-44.62261199951172,0
3H2V,14,13.317357063293457,15.475049018859863,43.37376403808594,0.0,0.01543076066326425,-47.41937255859375,0
5CBA,0,9.366898536682129,11.673852920532227,21.99144744873047,0.0,0.04873921965732513,-34.47372055053711,6
5CBA,1,9.446310997009277,12.13444709777832,21.947296142578125,0.0,0.048493812143838556,-38.736602783203125,2
5CBA,2,9.045052528381348,11.566909790039062,20.796279907226562,0.0,0.05322772957134323,-42.20278549194336,0
5CBA,3,9.208227157592773,12.26006031036377,20.764808654785156,0.083333,0.08053254814421917,-32.8591194152832,2
5CBA,4,8.05795669555664,10.355721473693848,19.394390106201172,0.0,0.06056027992770377,-34.59716796875,2
5CBA,5,9.228861808776855,11.797540664672852,21.250423431396484,0.0,0.051278335002684534,-39.860530853271484,2
5CBA,6,10.14389419555664,11.948097229003906,24.93648338317871,0.0,0.03987046255500962,-33.51402282714844,2
5CBA,7,10.050219535827637,13.218844413757324,27.900360107421875,0.0,0.03254826072993507,-35.53730773925781,3
5CBA,8,8.859973907470703,11.135303497314453,21.493043899536133,0.0,0.051023741236957965,-33.3010368347168,3
5CBA,9,9.414782524108887,12.402092933654785,22.111614227294922,0.0,0.04772180668677145,-36.400875091552734,1
5CBA,10,8.196191787719727,10.468567848205566,19.256210327148438,0.0,0.061063801488167625,-39.95664978027344,0
5CBA,11,10.83007526397705,11.339098930358887,26.52995491027832,0.0,0.03676452602979296,-32.164180755615234,8
5CBA,12,13.752111434936523,14.084122657775879,33.9549674987793,0.083333,0.05117303520539875,-29.261659622192383,16
5CBA,13,8.929876327514648,11.206377029418945,20.760068893432617,0.0,0.053724498246956555,-37.7444953918457,1
5CBA,14,8.321052551269531,10.17477035522461,19.691207885742188,0.0,0.05944625168668338,-36.115718841552734,1
6A0Z,0,25.660900115966797,11.69550609588623,47.35917282104492,0.0,0.015796863525019227,-15.169644355773926,83
6A0Z,1,22.059022903442383,17.75840950012207,36.98001480102539,0.0,0.01908856974741809,-24.024797439575195,6
6A0Z,2,31.606931686401367,19.20816993713379,70.60370635986328,0.0,0.0067827035018636975,-29.972768783569336,26
6A0Z,3,33.760196685791016,19.739213943481445,66.94794464111328,0.0,0.007201888276281344,-21.42704200744629,66
6A0Z,4,19.277118682861328,16.170242309570312,34.93062973022461,0.0,0.02147845034645531,-21.63311195373535,19
6A0Z,5,20.40217399597168,16.684799194335938,36.10936737060547,0.0,0.020173221656977505,-22.98087501525879,28
6A0Z,6,20.3995361328125,17.568326950073242,42.483497619628906,0.0,0.015242472777976177,-22.618207931518555,42
6A0Z,7,18.71865463256836,15.484283447265625,33.903446197509766,0.0,0.022812077147767323,-20.297048568725586,20
6A0Z,8,31.746501922607422,22.4971981048584,63.55030822753906,0.0,0.007333712845497012,-27.77103042602539,55
6A0Z,9,17.768150329589844,14.03318977355957,32.88899612426758,0.0,0.024636026350977103,-21.018402099609375,18
6A0Z,10,32.85600662231445,17.53784942626953,75.54180908203125,0.0,0.006588233430910127,-30.515533447265625,12
6A0Z,11,20.680152893066406,20.351713180541992,37.20754623413086,0.0,0.01833432304996076,-30.09480857849121,0
6A0Z,12,23.823211669921875,20.348608016967773,53.53292465209961,0.0,0.009998636085633445,-31.041006088256836,25
6A0Z,13,31.569169998168945,22.181406021118164,69.67928314208984,0.0,0.006404988381559846,-30.434839248657227,20
6A0Z,14,18.180524826049805,15.25681209564209,33.37791442871094,0.0,0.023491828279339846,-21.191659927368164,14
5SV3,0,17.94315528869629,16.824352264404297,26.73419189453125,0.0,0.033231453076617457,-41.98689651489258,4
5SV3,1,12.003177642822266,9.717013359069824,25.52362632751465,0.125,0.08270280071257621,-46.37116622924805,0
5SV3,2,14.326180458068848,12.098219871520996,27.037466049194336,0.0,0.03502797779871119,-54.88428497314453,0
5SV3,3,19.495336532592773,18.262592315673828,30.786251068115234,0.0,0.025843766588469496,-39.660545349121094,1
5SV3,4,19.132652282714844,20.106300354003906,42.81003189086914,0.0,0.014487467337608015,-42.806541442871094,0
5SV3,5,14.963737487792969,14.154088973999023,24.320098876953125,0.0,0.03998762455198343,-54.07006072998047,0
5SV3,6,17.533977508544922,17.526586532592773,28.38376235961914,0.0,0.02985706699516899,-41.434017181396484,0
5SV3,7,18.08997917175293,17.743135452270508,29.918806076049805,0.0,0.027260711237684306,-40.497230529785156,5
5SV3,8,13.726862907409668,12.139309883117676,24.336727142333984,0.0,0.041254293916038465,-48.3712158203125,0
5SV3,9,18.197582244873047,16.54453468322754,26.895977020263672,0.0,0.03298666792683048,-39.38046646118164,1
5SV3,10,14.350144386291504,11.960570335388184,25.475440979003906,0.0625,0.05938607312789646,-51.227142333984375,0
5SV3,11,19.633655548095703,16.386756896972656,30.171695709228516,0.0,0.027280091474110323,-40.999107360839844,3
5SV3,12,14.59054946899414,13.90005874633789,24.701759338378906,0.0,0.03912778455707819,-42.64168167114258,1
5SV3,13,17.616600036621094,17.000179290771484,28.761964797973633,0.0,0.029349168751736005,-41.012638092041016,5
5SV3,14,13.776095390319824,10.985867500305176,38.89765167236328,0.0,0.021292446498887747,-53.82614517211914,0
1M10,0,6.885293483734131,8.33399772644043,22.040987014770508,0.0,0.05361527954676428,-37.89017868041992,9
1M10,1,19.289318084716797,22.52076530456543,52.36640548706055,0.0,0.01002912678607739,-40.4129753112793,0
1M10,2,7.260948657989502,9.275272369384766,25.000635147094727,0.0,0.04303451371992272,-40.59213638305664,2
1M10,3,19.101346969604492,20.835113525390625,46.192962646484375,0.0,0.0126357945850761,-41.135746002197266,1
1M10,4,18.741636276245117,18.615386962890625,38.1495246887207,0.0,0.017915433382359174,-45.47388458251953,1
1M10,5,104.51530456542969,114.35538482666016,246.40512084960938,0.0,0.00045352944927506294,0.0,0
1M10,6,17.579238891601562,18.155155181884766,45.498558044433594,0.277778,0.10609410896021608,-41.037471771240234,5
1M10,7,13.924748420715332,15.009735107421875,43.96181106567383,0.0,0.015308384258602198,-45.74580001831055,0
1M10,8,8.277247428894043,10.045048713684082,34.6728401184082,0.0,0.026167706827888732,-33.43791961669922,9
1M10,9,7.5419816970825195,9.106100082397461,29.482210159301758,0.055556,0.05290556248774466,-36.68186569213867,1
1M10,10,18.885135650634766,20.110031127929688,43.97610092163086,0.0,0.013849044627283001,-41.373600006103516,5
1M10,11,17.90777587890625,18.63048553466797,39.66115951538086,0.0,0.016784907111218713,-40.78799819946289,7
1M10,12,19.87574005126953,21.10429573059082,45.75418472290039,0.0,0.01279581814965583,-43.9267463684082,0
1M10,13,18.60088539123535,17.92891502380371,37.001041412353516,0.0,0.019026127163773,-47.89082717895508,2
1M10,14,7.713624477386475,9.474637031555176,29.815378189086914,0.0,0.03320582263478878,-40.107749938964844,1
2FJU,0,7.878761291503906,9.433588027954102,20.068098068237305,0.0,0.0589238892001899,-31.748577117919922,9
2FJU,1,24.225374221801758,22.847702026367188,60.95613479614258,0.0,0.007788531219333272,-19.197343826293945,110
2FJU,2,22.83493995666504,18.76583480834961,60.44108581542969,0.0,0.008580887504908244,-24.536813735961914,60
2FJU,3,26.212636947631836,22.693845748901367,69.1966552734375,0.0,0.006404928955373912,-25.495807647705078,33
2FJU,4,22.423307418823242,14.291397094726562,59.814720153808594,0.0,0.01023014802825422,-31.175338745117188,17
2FJU,5,22.21944808959961,14.407350540161133,60.58504104614258,0.0,0.01000904404188102,-31.346996307373047,20
2FJU,6,27.802940368652344,22.32478904724121,71.88896179199219,0.0,0.006093880576616956,-26.93987464904785,60
2FJU,7,23.74176025390625,21.936458587646484,61.795677185058594,0.0,0.007740890882302228,-24.770299911499023,44
2FJU,8,23.523340225219727,21.152996063232422,68.82070922851562,0.0,0.006676231552391131,-29.727956771850586,13
2FJU,9,25.676313400268555,22.38156509399414,73.42451477050781,0.0,0.005898621458292089,-30.066564559936523,16
2FJU,10,21.716264724731445,14.322686195373535,59.478633880615234,0.0,0.010287747752373856,-29.956968307495117,14
2FJU,11,24.19917869567871,17.490816116333008,71.90141296386719,0.0,0.007027900400432907,-27.41208267211914,18
2FJU,12,23.183101654052734,21.903966903686523,60.58220291137695,0.0,0.007991080290157406,-24.86209487915039,52
2FJU,13,22.30304527282715,19.498159408569336,63.13731002807617,0.0,0.007895097998506946,-29.874164581298828,34
2FJU,14,25.39362335205078,24.468364715576172,70.13906860351562,0.0,0.006072660138473507,-29.69322395324707,13
1AHW,0,17.732749938964844,17.047338485717773,34.14833068847656,0.0,0.022008723306493654,-23.339475631713867,7
1AHW,1,15.530269622802734,14.321925163269043,33.151573181152344,0.0,0.024178373623356286,-27.651920318603516,2
1AHW,2,15.374869346618652,14.39885425567627,29.587600708007812,0.0,0.02899167932861342,-25.588613510131836,8
1AHW,3,20.04931640625,18.750019073486328,38.80982971191406,0.0,0.017377318596644164,-28.51366424560547,1
1AHW,4,18.118282318115234,17.078014373779297,35.85364532470703,0.0,0.020289703256820408,-21.427589416503906,4
1AHW,5,16.6505126953125,18.58905792236328,32.06237030029297,0.0,0.024045445048030193,-22.63882827758789,4
1AHW,6,16.35590934753418,18.509233474731445,39.56721496582031,0.0,0.016879465791607432,-24.983213424682617,6
1AHW,7,21.248157501220703,17.9849910736084,40.2032356262207,0.0,0.01656539159919641,-26.06220245361328,7
1AHW,8,22.750627517700195,18.259708404541016,41.485958099365234,0.0,0.015663715240858044,-25.894121170043945,5
1AHW,9,16.0246524810791,16.226329803466797,33.02409362792969,0.0,0.023535168030756864,-27.557109832763672,0
1AHW,10,22.147111892700195,20.613574981689453,42.260860443115234,0.0,0.014716103089864008,-24.820894241333008,7
1AHW,11,13.916329383850098,11.678653717041016,28.184900283813477,0.0,0.03319901835807392,-26.127565383911133,10
1AHW,12,20.111370086669922,19.999401092529297,39.20298767089844,0.0,0.016831356436795404,-23.923131942749023,1
1AHW,13,15.66039752960205,14.97492504119873,33.748992919921875,0.0,0.023194412802568818,-25.29062843322754,7
1AHW,14,19.74346351623535,19.537141799926758,38.20283508300781,0.0,0.017676582409557877,-28.40144920349121,1
1OC0,0,19.423051834106445,24.901723861694336,68.63921356201172,0.0,0.006239689031925485,-43.679534912109375,2
1OC0,1,10.183279991149902,13.949014663696289,39.00921630859375,0.0,0.01891952671755456,-57.60988235473633,0
1OC0,2,10.06336784362793,14.133880615234375,38.53410720825195,0.0,0.019179080743832122,-47.93079376220703,0
1OC0,3,10.004186630249023,14.165217399597168,38.58344268798828,0.0,0.019125156489172523,-53.815345764160156,0
1OC0,4,10.653553009033203,13.762879371643066,40.73640823364258,0.0,0.017820335722772942,-55.547607421875,0
1OC0,5,9.66243839263916,11.145915985107422,37.48186492919922,0.0,0.022233750377840155,-48.56801986694336,0
1OC0,6,9.664080619812012,13.753233909606934,37.837852478027344,0.0,0.019931819930220248,-57.83668899536133,0
1OC0,7,10.221338272094727,14.91861629486084,39.438331604003906,0.0,0.01813262163503124,-41.75119400024414,0
1OC0,8,9.360383033752441,12.856833457946777,36.197723388671875,0.0,0.021896140076144932,-45.283119201660156,0
1OC0,9,19.267372131347656,25.357648849487305,67.58714294433594,0.0,0.00635239096419343,-39.14191818237305,1
1OC0,10,10.143580436706543,13.899314880371094,39.424285888671875,0.0,0.01864409973818996,-48.0372428894043,0
1OC0,11,14.843523979187012,21.889829635620117,54.479530334472656,0.0,0.009479356170396674,-42.3846435546875,2
1OC0,12,15.063505172729492,21.47134017944336,55.492374420166016,0.0,0.00926042292872693,-45.25577163696289,1
1OC0,13,7.28582239151001,8.316571235656738,28.375782012939453,0.0,0.03794936996635565,-51.94638442993164,0
1OC0,14,8.813969612121582,12.678849220275879,33.96588897705078,0.0,0.024246060126231723,-51.156410217285156,0
2O3B,0,5.978140354156494,5.883752822875977,12.411921501159668,0.5,0.2934286376110235,-46.75822830200195,0
2O3B,1,3.6430509090423584,3.740694046020508,7.941518306732178,0.5,0.390817201712844,-49.14879608154297,0
2O3B,2,18.979068756103516,15.47463321685791,57.266143798828125,0.0,0.01028832856577984,-37.69623947143555,1
2O3B,3,10.120853424072266,9.865523338317871,18.00804328918457,0.75,0.3182654798603172,-39.551666259765625,2
2O3B,4,6.783558368682861,6.573516845703125,13.638888359069824,0.5,0.2764132080372608,-47.628726959228516,0
2O3B,5,10.208026885986328,10.068216323852539,18.148719787597656,0.25,0.1505359623892103,-39.4420166015625,1
2O3B,6,10.84602165222168,10.267184257507324,19.24668312072754,0.5,0.22803560463639072,-43.19693374633789,0
2O3B,7,4.417988300323486,4.54092264175415,8.793805122375488,0.0,0.19379937209966228,-40.090545654296875,1
2O3B,8,4.941628456115723,5.110114097595215,9.382804870605469,0.0,0.17669394738170294,-32.93720245361328,11
2O3B,9,8.371679306030273,6.8319621086120605,22.731538772583008,0.0,0.05621976091769291,-42.008968353271484,0
2O3B,10,7.709078311920166,7.134701251983643,16.406373977661133,0.0,0.08464886966692618,-31.902555465698242,11
2O3B,11,12.057735443115234,8.854873657226562,29.954694747924805,0.0,0.034138547810926186,-32.04412841796875,5
2O3B,12,8.02200698852539,7.895357608795166,14.704766273498535,0.5,0.26176247182819795,-33.61618423461914,6
2O3B,13,9.86917781829834,9.232885360717773,18.100839614868164,0.25,0.1521299726274672,-36.150184631347656,3
2O3B,14,5.20841121673584,5.453991413116455,10.205147743225098,0.0,0.15997108524772863,-32.265289306640625,7
1KXP,0,26.521747589111328,30.13202667236328,83.8577651977539,0.0,0.004213934673492824,-25.46265411376953,7
1KXP,1,19.277450561523438,15.629223823547363,56.88759231567383,0.0,0.01032166128244859,-28.473400115966797,11
1KXP,2,31.518157958984375,29.57662582397461,73.82349395751953,0.0,0.005216379530073224,-22.504669189453125,20
1KXP,3,32.058895111083984,32.09232711791992,74.59530639648438,0.0,0.00499921338319633,-23.235950469970703,12
1KXP,4,27.185197830200195,20.095340728759766,47.66410446166992,0.0,0.012120907261638928,-25.646507263183594,16
1KXP,5,9.429731369018555,10.239283561706543,23.595592498779297,0.0,0.045291431003469856,-23.45944595336914,9
1KXP,6,24.148529052734375,19.634544372558594,81.41332244873047,0.0,0.00552848349848756,-24.936134338378906,22
1KXP,7,18.78642463684082,17.918071746826172,70.20703125,0.0,0.007135211017534259,-28.92576026916504,3
1KXP,8,23.38689613342285,20.74308204650879,69.93899536132812,0.0,0.006585880620123847,-28.585054397583008,13
1KXP,9,15.06440544128418,11.39775562286377,50.91264343261719,0.0,0.014714101580248088,-19.69585418701172,24
1KXP,10,29.70432472229004,20.754371643066406,54.85704803466797,0.0,0.00954746773564908,-29.811283111572266,11
1KXP,11,31.893259048461914,32.369773864746094,79.15950012207031,0.0,0.004513796236821725,-26.785341262817383,6
1KXP,12,17.230756759643555,19.37818717956543,76.86351013183594,0.0,0.006012511251084749,-25.014192581176758,14
1KXP,13,25.3155517578125,22.8620662689209,47.76068878173828,0.0,0.01166248884868564,-24.949302673339844,5
1KXP,14,25.123760223388672,21.8651180267334,79.91083526611328,0.0,0.005290645100218541,-26.21433448791504,6
1UDI,0,11.792187690734863,13.781389236450195,25.73582649230957,0.0,0.03668770943135625,-37.76890563964844,2
1UDI,1,9.8377103805542,10.916072845458984,23.818635940551758,0.0,0.043832453866591126,-44.98430633544922,0
1UDI,2,10.749035835266113,11.612135887145996,24.321163177490234,0.0,0.04175349467784132,-47.25335693359375,0
1UDI,3,7.4158806800842285,8.499341011047363,19.898340225219727,0.0,0.06150742531417841,-52.3164176940918,0
1UDI,4,11.802907943725586,14.306256294250488,26.48196029663086,0.0,0.03475835848309307,-38.805999755859375,1
1UDI,5,10.415942192077637,11.194633483886719,23.97568130493164,0.0,0.0430974229814731,-46.66277313232422,0
1UDI,6,10.121657371520996,10.900672912597656,24.01630401611328,0.0,0.04330101759117642,-41.12116241455078,0
1UDI,7,16.39224624633789,16.78495979309082,43.03249740600586,0.0,0.015158012559293296,-38.1626091003418,1
1UDI,8,14.033679962158203,14.261167526245117,40.12890625,0.0,0.017960655553356367,-45.57716369628906,0
1UDI,9,8.571205139160156,9.531632423400879,21.703880310058594,0.0,0.05238286528128209,-37.263832092285156,0
1UDI,10,7.287489414215088,8.704450607299805,20.091012954711914,0.0,0.06021922970496955,-50.42778778076172,0
1UDI,11,9.986653327941895,10.771478652954102,23.69482421875,0.0,0.04434579882781343,-45.41404724121094,0
1UDI,12,11.138773918151855,12.143620491027832,25.418031692504883,0.0,0.03853644257593929,-51.26587677001953,0
1UDI,13,13.52956485748291,13.506792068481445,40.0336799621582,0.0,0.018439580179470758,-56.01586151123047,0
1UDI,14,15.856560707092285,14.841349601745605,41.366146087646484,0.0,0.016874656493506848,-51.027740478515625,0
3SGQ,0,10.489038467407227,9.52717399597168,34.00389862060547,0.0,0.02766665003483861,-41.57182693481445,7
3SGQ,1,11.234354019165039,10.336586952209473,36.291011810302734,0.0,0.024209764689019947,-40.72895812988281,2
3SGQ,2,10.997858047485352,10.625814437866211,35.59056854248047,0.0,0.024499679393968892,-40.08970642089844,7
3SGQ,3,11.389215469360352,10.174863815307617,35.57309341430664,0.0,0.0250939370884885,-41.365333557128906,6
3SGQ,4,10.82417106628418,12.193170547485352,31.432235717773438,0.0,0.027684488478220564,-53.48054122924805,0
3SGQ,5,10.331841468811035,11.731648445129395,30.21042251586914,0.0,0.029813758031484828,-49.09035110473633,0
3SGQ,6,9.404374122619629,9.269523620605469,30.759578704833984,0.0,0.03215406947364816,-53.01315689086914,0
3SGQ,7,11.27272891998291,10.149309158325195,35.77043914794922,0.0,0.024941407222463966,-44.17953872680664,4
3SGQ,8,10.060723304748535,10.444355964660645,29.735349655151367,0.0,0.03191660726115849,-53.557090759277344,0
3SGQ,9,11.115524291992188,12.011276245117188,32.778865814208984,0.0,0.02612095104776424,-44.09481430053711,0
3SGQ,10,10.054930686950684,9.502571105957031,31.943395614624023,0.0,0.030145435420795053,-42.72652816772461,2
3SGQ,11,9.416840553283691,9.712929725646973,28.149843215942383,0.0,0.035617531780067005,-55.512939453125,0
3SGQ,12,10.712639808654785,10.887533187866211,31.84412384033203,0.0,0.02837930024807948,-60.89361572265625,0
3SGQ,13,12.688202857971191,11.862712860107422,37.45880889892578,0.0,0.021568830788742416,-40.29437255859375,3
3SGQ,14,10.56723403930664,10.576353073120117,33.007755279541016,0.0,0.027302656626407063,-46.0085563659668,0
3VLB,0,26.86533546447754,29.992612838745117,86.33623504638672,0.0,0.004031598299802483,-43.75957107543945,0
3VLB,1,30.243810653686523,35.99749755859375,87.426025390625,0.0,0.0036991789404187403,-35.68028259277344,0
3VLB,2,27.457839965820312,31.01091194152832,91.52144622802734,0.0,0.003628697403059295,-45.70122528076172,0
3VLB,3,12.339317321777344,15.340828895568848,32.33283996582031,0.0,0.024704631949425637,-31.671316146850586,0
3VLB,4,23.390483856201172,27.261280059814453,74.10968017578125,0.0,0.005334170206108731,-44.19019317626953,0
3VLB,5,15.964398384094238,18.113468170166016,37.05024719238281,0.0,0.01893733823542836,-44.94966125488281,0
3VLB,6,26.797670364379883,31.75132942199707,72.29988861083984,0.0,0.005286715938110445,-45.749794006347656,0
3VLB,7,12.902450561523438,15.29062557220459,33.561527252197266,0.0,0.0232696978961185,-29.23744010925293,0
3VLB,8,16.253496170043945,21.064695358276367,35.12655258178711,0.0,0.02012049258460429,-36.27483367919922,0
3VLB,9,25.678497314453125,27.810829162597656,84.55126953125,0.0,0.004301980919778607,-48.10472869873047,0
3VLB,10,22.299053192138672,23.40885353088379,70.53084564208984,0.0,0.0061350334542816,-45.760650634765625,0
3VLB,11,28.04294204711914,32.85188674926758,89.8290023803711,0.0,0.0036515790194866795,-41.375518798828125,0
3VLB,12,26.75253677368164,28.68311309814453,73.67748260498047,0.0,0.005287416068510384,-48.98340606689453,0
3VLB,13,14.068023681640625,16.80910873413086,35.78794479370117,0.0,0.020433058313669327,-36.83774185180664,0
3VLB,14,21.584993362426758,22.317399978637695,70.68487548828125,0.0,0.006250526463689693,-45.17209243774414,0
1JWH,0,24.321374893188477,22.446712493896484,65.04166412353516,0.0,0.007079208385583585,-20.56101417541504,1
1JWH,1,32.703147888183594,17.27912712097168,81.05265045166016,0.0,0.006119234750822262,-28.546058654785156,11
1JWH,2,34.303585052490234,17.821372985839844,80.31175994873047,0.0,0.006037339903219124,-26.352128982543945,15
1JWH,3,15.324869155883789,14.894017219543457,28.048192977905273,0.0,0.03138506447828597,-20.470186233520508,6
1JWH,4,18.94785499572754,15.543240547180176,34.215301513671875,0.0,0.02245190993434626,-17.260517120361328,7
1JWH,5,25.20692253112793,13.303003311157227,49.17496871948242,0.0,0.013855164163878893,-35.56379318237305,0
1JWH,6,20.946697235107422,14.064784049987793,38.028076171875,0.0,0.019609877749232542,-22.334911346435547,2
1JWH,7,33.786293029785156,16.953670501708984,79.36640167236328,0.0,0.00636907716488111,-26.39216423034668,17
1JWH,8,35.28065872192383,19.82010841369629,83.14982604980469,0.0,0.005345617605883298,-20.90060806274414,2
1JWH,9,34.35805130004883,17.319242477416992,80.6146469116211,0.0,0.0061468596550198545,-24.29184341430664,0
1JWH,10,21.74017906188965,13.048243522644043,40.834373474121094,0.0,0.01819107258850124,-21.178802490234375,1
1JWH,11,27.577434539794922,28.67954444885254,79.02035522460938,0.0,0.004722134241687697,-27.445903778076172,0
1JWH,12,29.40223503112793,26.66861915588379,82.06737518310547,0.0,0.004589074018522524,-27.902637481689453,6
1JWH,13,28.717931747436523,23.171310424804688,79.94210052490234,0.0,0.0051173994793707695,-30.873046875,2
1JWH,14,24.76114845275879,27.24822235107422,67.96158599853516,0.0,0.006141010530069969,-20.966503143310547,3
5WHK,0,15.433366775512695,12.246822357177734,26.60871124267578,0.0,0.035791850026736134,-14.142965316772461,20
5WHK,1,29.898340225219727,18.252941131591797,57.94594192504883,0.0,0.00925742000491783,-19.35989761352539,3
5WHK,2,32.79118347167969,16.88389778137207,72.85685729980469,0.0,0.0070865130409676165,-31.178163528442383,5
5WHK,3,26.79088020324707,21.581661224365234,50.74185562133789,0.0,0.010700900879365557,-11.774246215820312,22
5WHK,4,32.32806396484375,19.551118850708008,65.16634368896484,0.0,0.007526866735765757,-20.42047882080078,2
5WHK,5,29.345361709594727,17.509349822998047,55.83024597167969,0.0,0.009979912466301765,-16.208553314208984,8
5WHK,6,34.57576370239258,24.771873474121094,72.1334228515625,0.0,0.00578288343816357,-25.412189483642578,24
5WHK,7,28.20671272277832,14.567655563354492,64.0464859008789,0.0,0.00926661357400755,-21.587862014770508,6
5WHK,8,33.00531768798828,24.55925750732422,78.5407943725586,0.0,0.005097783780125317,-26.059139251708984,3
5WHK,9,31.539215087890625,20.168283462524414,65.14053344726562,0.0,0.007414305837554172,-16.043642044067383,3
5WHK,10,31.60503578186035,17.861825942993164,68.7759017944336,0.0,0.007349184767549447,-18.322986602783203,3
5WHK,11,33.45643615722656,28.149560928344727,84.28837585449219,0.0,0.004299543870440423,-14.422715187072754,10
5WHK,12,31.51837921142578,16.21964454650879,69.09959411621094,0.0,0.007795407192718294,-30.24515151977539,11
5WHK,13,30.211965560913086,17.624149322509766,59.009395599365234,0.0,0.009172951663655156,-13.106274604797363,7
5WHK,14,26.691015243530273,16.600595474243164,51.11625671386719,0.0,0.011668672301084752,-13.155380249023438,7
2Z0E,0,4.821496486663818,5.449012279510498,14.305502891540527,0.0,0.11045590562570386,-34.58041000366211,7
2Z0E,1,16.127553939819336,14.8358793258667,50.757503509521484,0.0,0.012465952986040058,-38.59030532836914,3
2Z0E,2,21.112707138061523,18.010318756103516,62.56065368652344,0.0,0.00833808611606792,-49.57889175415039,0
2Z0E,3,5.952721118927002,6.351385116577148,15.321117401123047,0.133333,0.1405048167386099,-36.401283264160156,6
2Z0E,4,8.515707015991211,9.133294105529785,20.68539810180664,0.0,0.056908421788736285,-45.77608108520508,1
2Z0E,5,9.48471736907959,9.78248405456543,22.336620330810547,0.0,0.049821775613850115,-45.633811950683594,1
2Z0E,6,15.887001037597656,15.253666877746582,46.921485900878906,0.0,0.01378383117923035,-51.65904235839844,0
2Z0E,7,9.50516414642334,10.417158126831055,21.645030975341797,0.0,0.05130726043518808,-41.492042541503906,0
2Z0E,8,14.292140007019043,11.797371864318848,40.410430908203125,0.0,0.019426079496566957,-35.97968673706055,10
2Z0E,9,15.692466735839844,16.016765594482422,48.37688064575195,0.0,0.012880567285232404,-50.7214469909668,0
2Z0E,10,4.713540554046631,6.797087669372559,12.661331176757812,0.0,0.11903756149851132,-41.01414489746094,1
2Z0E,11,8.811666488647461,8.663658142089844,20.138357162475586,0.0,0.0601056024860939,-46.61394119262695,0
2Z0E,12,4.528918266296387,5.653148174285889,12.798362731933594,0.0,0.12395187494636645,-35.364017486572266,8
2Z0E,13,6.018845558166504,6.30519962310791,15.289992332458496,0.0,0.09654978115178908,-47.16837692260742,0
2Z0E,14,7.627274036407471,7.239508152008057,18.757226943969727,0.0,0.07051018781950011,-49.134185791015625,0
2W9E,0,8.257665634155273,8.83663272857666,21.024993896484375,0.0,0.056163150025611015,-27.816076278686523,13
2W9E,1,8.997964859008789,8.878215789794922,21.449840545654297,0.0,0.054490983952412024,-28.531293869018555,11
2W9E,2,14.151710510253906,17.244049072265625,40.29542922973633,0.0,0.01670359365142389,-24.123140335083008,28
2W9E,3,26.518831253051758,25.020483016967773,76.99622344970703,0.0,0.005207187368024458,-34.08523941040039,1
2W9E,4,16.170551300048828,11.028238296508789,40.96709060668945,0.0,0.019812196296104093,-21.564237594604492,44
2W9E,5,9.660813331604004,9.240697860717773,23.688589096069336,0.0,0.04658004592866901,-26.407018661499023,10
2W9E,6,7.450252056121826,7.863618850708008,18.35846710205078,0.0,0.070545627736351,-28.485239028930664,5
2W9E,7,10.012758255004883,11.743037223815918,28.935401916503906,0.0,0.03183098320387828,-26.365968704223633,3
2W9E,8,8.522942543029785,10.28650188446045,22.207008361816406,0.0,0.04953557322327629,-37.99781799316406,0
2W9E,9,14.24801254272461,16.011775970458984,40.550575256347656,0.0,0.01692960755375637,-24.494922637939453,13
2W9E,10,9.162878036499023,11.659263610839844,22.58610725402832,0.0,0.046780510236625515,-26.658485412597656,15
2W9E,11,9.374174118041992,11.384421348571777,26.505386352539062,0.0,0.036771936105999735,-31.104352951049805,3
2W9E,12,7.536585330963135,9.292414665222168,22.70818328857422,0.0,0.049429318935095966,-26.48329734802246,7
2W9E,13,7.444265842437744,9.9501953125,22.23049545288086,0.0,0.049923577088466675,-30.587461471557617,2
2W9E,14,9.217458724975586,8.470263481140137,22.29273223876953,0.0,0.052445433166680294,-28.407238006591797,4
3S9D,0,14.492596626281738,11.608378410339355,23.206863403320312,0.0,0.04490288942817292,-50.69718933105469,0
3S9D,1,21.086732864379883,17.211973190307617,58.7672004699707,0.0,0.00934308131512915,-43.17231750488281,0
3S9D,2,14.560330390930176,11.164721488952637,38.042110443115234,0.0,0.021760129486176633,-38.50850296020508,1
3S9D,3,9.780460357666016,9.19459056854248,30.480844497680664,0.0,0.03269279906439577,-47.705013275146484,0
3S9D,4,10.344120979309082,10.808414459228516,17.126379013061523,0.0,0.07217886228848691,-35.6049919128418,2
3S9D,5,64.1545181274414,76.14005279541016,175.0229034423828,0.0,0.0009136590494154424,0.0,0
3S9D,6,15.997496604919434,19.735597610473633,35.21136474609375,0.0,0.020269453698895983,-33.922367095947266,0
3S9D,7,8.892555236816406,9.344023704528809,16.501502990722656,0.0,0.07827221684862351,-38.642311096191406,0
3S9D,8,16.318679809570312,12.672384262084961,27.464807510375977,0.0,0.033742392010406345,-45.55879592895508,0
3S9D,9,10.855278968811035,8.666865348815918,18.375001907348633,0.0,0.06844986343368052,-45.87508773803711,0
3S9D,10,4.9005537033081055,5.929508209228516,9.355823516845703,0.0,0.17077534716789025,-39.276649475097656,0
3S9D,11,8.642134666442871,6.956141948699951,14.728109359741211,0.0,0.09809618503433992,-37.55031967163086,0
3S9D,12,15.493972778320312,16.35845184326172,24.605274200439453,0.0,0.03831779602539498,-48.08122253417969,0
3S9D,13,15.269582748413086,16.654211044311523,24.267648696899414,0.0,0.03910767556494334,-47.32010269165039,0
3S9D,14,15.147905349731445,12.410852432250977,24.110219955444336,0.0,0.04164897299378686,-52.777217864990234,0
1AY7,0,12.930587768554688,10.082592010498047,21.752723693847656,0.2,0.11803922900504858,-38.3502082824707,0
1AY7,1,5.346248626708984,4.61781120300293,13.194293022155762,0.0,0.12957932565171212,-47.92173767089844,0
1AY7,2,18.35737419128418,18.937976837158203,52.181068420410156,0.0,0.010694381548820011,-24.43912696838379,0
1AY7,3,2.348820686340332,2.030432939529419,6.415674686431885,0.2,0.3967116593858542,-48.35131072998047,0
1AY7,4,11.132442474365234,8.844829559326172,20.356718063354492,0.2,0.12547404116251212,-39.83639144897461,0
1AY7,5,5.786840438842773,4.843916893005371,14.141474723815918,0.0,0.11763395816212197,-46.886627197265625,0
1AY7,6,11.909608840942383,9.337018013000488,20.33196258544922,0.2,0.12464417335400273,-36.74991226196289,0
1AY7,7,13.351109504699707,10.388367652893066,22.69717788696289,0.0,0.04780683022728277,-42.70151138305664,0
1AY7,8,13.96235179901123,10.466058731079102,21.663875579833984,0.0,0.05117829160403672,-46.49728775024414,0
1AY7,9,8.258410453796387,6.743611812591553,16.350400924682617,0.0,0.08663437574974277,-45.739036560058594,0
1AY7,10,7.887258052825928,6.619704723358154,16.16073989868164,0.0,0.08851072634521516,-46.31584548950195,0
1AY7,11,10.496162414550781,8.67835521697998,26.583850860595703,0.0,0.04058709668963475,-33.79125213623047,0
1AY7,12,3.998638391494751,3.151683807373047,9.652385711669922,0.6,0.40715091385222846,-42.86288070678711,0
1AY7,13,9.08577823638916,7.287834167480469,18.442821502685547,0.0,0.07194681174783157,-42.940547943115234,0
1AY7,14,12.716879844665527,9.592952728271484,19.31109046936035,0.0,0.06205487124260849,-49.40597152709961,0
1F6M,0,5.820596694946289,6.099837303161621,18.510074615478516,0.0,0.07705745749970956,-55.1112174987793,0
1F6M,1,20.581707000732422,19.508331298828125,58.33919906616211,0.0,0.008888155389509496,-40.66242980957031,1
1F6M,2,19.642704010009766,18.68376922607422,56.67082977294922,0.0,0.009468634874710643,-47.569942474365234,0
1F6M,3,19.4692440032959,17.871870040893555,57.655216217041016,0.0,0.009422595584142799,-48.03208541870117,0
1F6M,4,21.141714096069336,21.493614196777344,57.344207763671875,0.0,0.008781955925296025,-44.26234817504883,1
1F6M,5,8.65069580078125,10.612756729125977,20.913814544677734,0.0,0.05378431516858732,-51.38584899902344,0
1F6M,6,7.803763389587402,8.741219520568848,20.05731773376465,0.071429,0.08409476558841429,-56.02561950683594,0
1F6M,7,20.02264404296875,18.838613510131836,58.61897277832031,0.0,0.008964408220119091,-46.89712905883789,0
1F6M,8,10.51183795928955,12.956866264343262,23.541606903076172,0.071429,0.06666174797834301,-44.769264221191406,3
1F6M,9,13.493937492370605,13.46167278289795,36.36461639404297,0.0,0.02135648926956606,-48.144371032714844,0
1F6M,10,18.986923217773438,17.133615493774414,56.16891860961914,0.0,0.009998020016439658,-53.15875244140625,0
1F6M,11,21.354955673217773,21.197858810424805,57.683311462402344,0.0,0.008744901324789799,-36.6624755859375,1
1F6M,12,8.64069938659668,10.217963218688965,21.3079776763916,0.0,0.05279335498077654,-50.81684112548828,0
1F6M,13,20.791393280029297,18.351469039916992,58.456153869628906,0.0,0.009114127670926063,-37.555667877197266,1
1F6M,14,19.639543533325195,17.726585388183594,57.715911865234375,0.0,0.009446110272163853,-48.08738327026367,0
4FQI,0,19.45454978942871,13.963337898254395,85.96171569824219,0.0,0.007030374912897708,4.2476887702941895,60
4FQI,1,39.74474334716797,17.015050888061523,86.26290893554688,0.0,0.005775913400835923,8.636923789978027,39
4FQI,2,35.46259307861328,17.999269485473633,63.361167907714844,0.0,0.008191865766895347,8.240620613098145,26
4FQI,3,38.57183074951172,16.045644760131836,81.65911102294922,0.0,0.006460757021737376,9.619729042053223,38
4FQI,4,18.29146957397461,13.63101577758789,88.03536224365234,0.0,0.007066939348926759,10.416214942932129,47
4FQI,5,25.188737869262695,13.970023155212402,84.25556945800781,0.0,0.007157486758018326,-1.3392000198364258,141
4FQI,6,17.430994033813477,13.60250186920166,63.547569274902344,0.0,0.00986365734095791,0.9975502490997314,85
4FQI,7,24.891979217529297,17.3161563873291,54.330535888671875,0.0,0.010446542430867367,0.6418501138687134,89
4FQI,8,36.869407653808594,14.840947151184082,83.02684783935547,0.0,0.006828144109837178,5.6234917640686035,80
4FQI,9,26.874731063842773,11.196046829223633,65.46846771240234,0.0,0.011403441278053561,-8.546545028686523,132
4FQI,10,28.18089485168457,15.743843078613281,52.143585205078125,0.0,0.011626874800358887,7.92906379699707,28
4FQI,11,36.51432418823242,14.72846794128418,61.91157531738281,0.0,0.009588723817744373,6.652997970581055,68
4FQI,12,27.57714080810547,11.917675971984863,91.24722290039062,0.0,0.008065831529858096,10.969916343688965,37
4FQI,13,17.320676803588867,12.04661750793457,65.87812805175781,0.0,0.010547574732295518,9.619678497314453,54
4FQI,14,16.765371322631836,12.731836318969727,56.578678131103516,0.0,0.011920732366052442,4.189517974853516,102
1Z5Y,0,11.625494956970215,6.286189079284668,24.90815544128418,0.181818,0.11333214732897023,-29.13334846496582,17
1Z5Y,1,17.95814323425293,13.135854721069336,57.181846618652344,0.0,0.011496835602593083,-31.080455780029297,2
1Z5Y,2,16.9754581451416,16.291234970092773,72.48965454101562,0.0,0.007323115272004623,-22.588178634643555,0
1Z5Y,3,13.512504577636719,8.70435905456543,35.53658676147461,0.0,0.027652041463159638,-39.089324951171875,1
1Z5Y,4,17.06988525390625,12.285755157470703,56.35527420043945,0.0,0.012310326282705272,-34.90642547607422,1
1Z5Y,5,16.90868377685547,10.342576026916504,56.35129928588867,0.0,0.014282405767111745,-29.900850296020508,7
1Z5Y,6,16.429645538330078,9.65230655670166,51.226776123046875,0.0,0.016791786759698623,-26.7149600982666,17
1Z5Y,7,15.07145881652832,9.99034595489502,42.67597579956055,0.0,0.020067858876660613,-46.14942932128906,0
1Z5Y,8,9.33049488067627,6.87180757522583,37.40480041503906,0.0,0.03152814596328649,-49.81919479370117,0
1Z5Y,9,4.6381659507751465,4.881612777709961,9.566367149353027,0.363636,0.29702948923184924,-36.26744079589844,1
1Z5Y,10,6.663328170776367,6.351229667663574,17.40732192993164,0.0,0.08178744068051448,-35.1243896484375,2
1Z5Y,11,16.8427677154541,11.845074653625488,58.11693572998047,0.0,0.012242121923192135,-36.8819694519043,0
1Z5Y,12,3.374274969100952,2.766613245010376,8.911170959472656,0.818182,0.5072524438952891,-32.2084846496582,5
1Z5Y,13,10.394826889038086,7.333323001861572,32.689903259277344,0.0,0.03449569350974254,-49.76777267456055,0
1Z5Y,14,5.0841288566589355,4.755168914794922,17.943098068237305,0.0,0.09126042665535987,-37.89733123779297,1
2FD6,0,17.547359466552734,14.496114730834961,31.127958297729492,0.0,0.02666165100547375,-17.759145736694336,9
2FD6,1,24.647493362426758,24.808979034423828,62.979248046875,0.0,0.007177346899060036,-33.20826721191406,3
2FD6,2,17.724231719970703,17.867197036743164,30.317140579223633,0.0,0.02662567213369255,-19.15827751159668,2
2FD6,3,17.45694351196289,14.593905448913574,31.350317001342773,0.0,0.026310416192832437,-25.809846878051758,0
2FD6,4,20.934524536132812,18.858688354492188,38.033687591552734,0.0,0.017952254529350824,-16.318321228027344,8
2FD6,5,19.4307861328125,15.875680923461914,36.04825210571289,0.0,0.02050637053222211,-23.94439697265625,4
2FD6,6,17.84244155883789,16.77444076538086,32.40686798095703,0.0,0.024100216486814905,-22.086688995361328,6
2FD6,7,25.05031967163086,19.71281623840332,56.33492660522461,0.0,0.009338594731364893,-28.49798583984375,38
2FD6,8,21.199195861816406,16.578388214111328,42.58864212036133,0.0,0.015475915464257568,-19.381568908691406,17
2FD6,9,28.756546020507812,27.42899513244629,67.01493072509766,0.0,0.006271574515949725,-34.349205017089844,4
2FD6,10,18.33861541748047,14.321176528930664,31.845327377319336,0.0,0.025785670029483565,-25.789392471313477,1
2FD6,11,18.90791893005371,17.178173065185547,32.401302337646484,0.0,0.023985208918296988,-16.837017059326172,15
2FD6,12,18.202444076538086,19.97111701965332,38.137176513671875,0.0,0.017644703136495035,-33.034027099609375,0
2FD6,13,18.440990447998047,14.539130210876465,32.356266021728516,0.0,0.025029409598661137,-15.962709426879883,11
2FD6,14,21.119384765625,17.795825958251953,49.92528533935547,0.0,0.01174153308050996,-23.36343765258789,47
1GP2,0,21.316375732421875,17.37812042236328,36.073387145996094,0.0,0.01999886423467512,-39.56993865966797,3
1GP2,1,8.758240699768066,7.34221076965332,20.504615783691406,0.0,0.06223654645938657,-42.241886138916016,6
1GP2,2,17.5706844329834,15.924103736877441,30.92699432373047,0.0,0.026342433707553015,-37.7080078125,4
1GP2,3,17.08457374572754,13.387275695800781,31.99344253540039,0.0,0.0261101797144296,-34.42921829223633,15
1GP2,4,17.956085205078125,17.418394088745117,32.45689392089844,0.0,0.02384787960661069,-33.13156509399414,18
1GP2,5,18.547340393066406,15.264625549316406,32.8105354309082,0.0,0.02415222540657513,-38.570350646972656,7
1GP2,6,24.339183807373047,21.894493103027344,69.20072174072266,0.0,0.006511657351744598,-26.5682315826416,26
1GP2,7,19.887855529785156,16.277515411376953,34.25244903564453,0.0,0.022143391014703254,-37.42356872558594,3
1GP2,8,13.460100173950195,10.961949348449707,35.12367630004883,0.0,0.024568356820536486,-32.17417526245117,22
1GP2,9,9.827269554138184,9.148320198059082,18.954120635986328,0.0,0.06453877123443169,-38.07917404174805,12
1GP2,10,7.413329124450684,8.368688583374023,21.02705955505371,0.0,0.05719506558445884,-40.22014617919922,0
1GP2,11,9.865753173828125,8.565400123596191,21.980606079101562,0.0,0.05328089757844056,-38.16678237915039,17
1GP2,12,17.617172241210938,17.248523712158203,39.786041259765625,0.0,0.017052277123618023,-27.127426147460938,23
1GP2,13,27.297054290771484,19.151704788208008,51.96718215942383,0.0,0.01071775759135093,-25.661428451538086,19
1GP2,14,17.447221755981445,14.975704193115234,30.846881866455078,0.0,0.026834872236934034,-36.05165481567383,8
1AZS,0,21.60784339904785,11.664340019226074,72.87647247314453,0.0,0.00989649564927049,-27.04714584350586,15
1AZS,1,27.707897186279297,13.83596134185791,67.46656799316406,0.0,0.009080637370099362,-34.97541809082031,1
1AZS,2,28.17173194885254,15.023862838745117,68.20121002197266,0.0,0.008388410749316276,-32.90628433227539,6
1AZS,3,20.438905715942383,16.949237823486328,65.790771484375,0.0,0.008063079530668054,-31.134721755981445,13
1AZS,4,18.61471176147461,19.8273868560791,60.80078125,0.0,0.008286804425017606,-30.19858741760254,3
1AZS,5,26.037151336669922,15.108917236328125,66.74986267089844,0.0,0.00857238056423723,-21.913330078125,56
1AZS,6,24.68543243408203,22.80514907836914,72.52337646484375,0.0,0.005952735358775128,-34.983558654785156,3
1AZS,7,22.58637237548828,21.69562530517578,69.7475357055664,0.0,0.006463952791342156,-31.54431915283203,12
1AZS,8,19.083545684814453,18.87441062927246,63.738243103027344,0.0,0.007916615784509662,-36.001182556152344,4
1AZS,9,27.434955596923828,17.337207794189453,55.143096923828125,0.0,0.010212993746340876,-11.283061981201172,104
1AZS,10,25.446992874145508,11.510421752929688,64.51122283935547,0.0,0.011254434331821514,-15.703201293945312,85
1AZS,11,14.215152740478516,11.846900939941406,22.69317626953125,0.0,0.04627123999452957,-23.5947322845459,14
1AZS,12,28.602941513061523,14.683761596679688,68.67097473144531,0.0,0.008472518262015206,-33.3464241027832,3
1AZS,13,9.956287384033203,7.523873329162598,25.775178909301758,0.0,0.04543721728622709,-25.184715270996094,10
1AZS,14,18.324871063232422,14.864850044250488,68.23202514648438,0.0,0.00845392707324699,-32.53122329711914,13
3CPH,0,22.479957580566406,18.282360076904297,59.23056411743164,0.0,0.008955091714666193,-35.084102630615234,14
3CPH,1,8.081832885742188,8.312541961669922,16.610998153686523,0.0,0.07968195063355303,-37.2546501159668,4
3CPH,2,5.2733259201049805,5.507989406585693,10.88941478729248,0.0,0.14921814855752993,-41.343536376953125,6
3CPH,3,22.17116355895996,20.852270126342773,68.80725860595703,0.0,0.006726362492378383,-33.02637481689453,9
3CPH,4,13.594765663146973,11.822212219238281,26.413955688476562,0.0,0.03656035038822367,-41.74369812011719,3
3CPH,5,24.21640968322754,21.96083641052246,69.58903503417969,0.0,0.006447979028273256,-32.10011291503906,10
3CPH,6,20.66301918029785,19.781097412109375,61.34248352050781,0.0,0.008185401761355704,-33.91933059692383,8
3CPH,7,17.01421546936035,14.558123588562012,49.04679489135742,0.0,0.013221075354788017,-37.326263427734375,4
3CPH,8,25.107444763183594,20.88607406616211,67.42637634277344,0.0,0.006924922719222622,-36.09561538696289,5
3CPH,9,23.982187271118164,20.218948364257812,64.60670471191406,0.0,0.00749620544138237,-35.63700866699219,8
3CPH,10,14.994690895080566,14.224020957946777,45.556636810302734,0.0,0.014879947005301796,-34.840057373046875,2
3CPH,11,6.069221019744873,5.215964317321777,12.86734676361084,0.0,0.12672911576296322,-39.3664665222168,8
3CPH,12,18.964622497558594,15.671615600585938,50.82538604736328,0.0,0.012095359778866463,-34.8365478515625,5
3CPH,13,23.043895721435547,18.715883255004883,62.538360595703125,0.0,0.008173533589227965,-36.363555908203125,11
3CPH,14,18.943012237548828,15.722018241882324,51.11634826660156,0.0,0.011975979545470096,-37.70437240600586,4
1MLC,0,13.324414253234863,12.033228874206543,34.00986099243164,0.0,0.024697497450493006,-35.298614501953125,4
1MLC,1,13.618453979492188,12.163151741027832,30.586936950683594,0.0625,0.04972361608353012,-23.614221572875977,65
1MLC,2,6.547350883483887,8.132434844970703,15.430144309997559,0.0,0.08857029808706979,-38.3541145324707,1
1MLC,3,12.117006301879883,12.317214012145996,26.941524505615234,0.0,0.035047271410514856,-42.07910919189453,0
1MLC,4,6.051630020141602,7.3406758308410645,14.379131317138672,0.0,0.09967780186361423,-35.86431121826172,1
1MLC,5,12.192523002624512,11.52778148651123,30.602130889892578,0.0,0.029424469544667157,-38.42856979370117,1
1MLC,6,11.32132625579834,12.575079917907715,26.878456115722656,0.0,0.03498120010189211,-26.540773391723633,43
1MLC,7,11.333983421325684,11.452251434326172,25.124164581298828,0.0,0.039856894099146,-31.95277214050293,6
1MLC,8,6.9947614669799805,7.394166469573975,15.83584213256836,0.0,0.0877314197179377,-39.68111801147461,1
1MLC,9,10.344664573669434,10.32561206817627,23.39716911315918,0.0,0.045753360252592266,-30.842195510864258,13
1MLC,10,14.076927185058594,9.866729736328125,32.0385627746582,0.0,0.029449397927362453,-24.751708984375,41
1MLC,11,14.528131484985352,11.432358741760254,34.28296661376953,0.0,0.024945434470955777,-24.531957626342773,40
1MLC,12,8.996284484863281,9.78175163269043,19.797103881835938,0.0,0.05954245444137707,-45.775081634521484,1
1MLC,13,12.810714721679688,11.662028312683105,32.51001739501953,0.0,0.026753545672880685,-34.761905670166016,0
1MLC,14,15.852532386779785,13.965527534484863,36.578853607177734,0.0,0.02087878693373529,-22.801328659057617,75
4G6M,0,30.560213088989258,29.04741668701172,78.955810546875,0.0,0.0047054728368713,-32.66684341430664,6
4G6M,1,18.994495391845703,21.595136642456055,49.60527420043945,0.0,0.011108593031281607,-29.93116569519043,5
4G6M,2,36.325782775878906,35.030723571777344,95.43831634521484,0.0,0.0032333033024350023,-31.271846771240234,10
4G6M,3,10.364185333251953,12.827666282653809,20.681026458740234,0.0,0.052667445225073085,-28.483867645263672,5
4G6M,4,23.850862503051758,25.792308807373047,61.07951354980469,0.0,0.007456398390311477,-36.41862106323242,9
4G6M,5,10.293593406677246,12.303545951843262,20.67984962463379,0.0,0.0530576529305408,-29.213150024414062,5
4G6M,6,10.926859855651855,14.094043731689453,21.918622970581055,0.0,0.04730920779932701,-28.807571411132812,4
4G6M,7,17.967512130737305,18.871950149536133,44.427249908447266,0.0,0.013863390486535893,-28.711864471435547,22
4G6M,8,12.176411628723145,17.073822021484375,29.13787841796875,0.0,0.028694621997369368,-39.81953430175781,0
4G6M,9,22.38637924194336,21.489933013916016,60.33687210083008,0.0,0.008102734890922026,-32.499629974365234,5
4G6M,10,12.553540229797363,17.32938575744629,30.25731658935547,0.0,0.026860751202899047,-33.624881744384766,1
4G6M,11,26.99601936340332,24.754318237304688,73.01819610595703,0.0,0.005676112206349812,-47.842586517333984,0
4G6M,12,13.031765937805176,17.096981048583984,35.236270904541016,0.0,0.0208766235569753,-34.23590850830078,1
4G6M,13,20.963491439819336,22.769216537475586,54.6290168762207,0.0,0.009319581919449307,-32.11649703979492,5
4G6M,14,10.15132999420166,12.63608455657959,20.063732147216797,0.0,0.055354652744955664,-35.45515823364258,0
3FN1,0,21.79808235168457,19.427968978881836,57.63560485839844,0.0,0.009070883832403037,-49.09911346435547,0
3FN1,1,13.492396354675293,13.435413360595703,28.682601928710938,0.0,0.031014241824894456,-39.81671142578125,3
3FN1,2,13.857978820800781,15.551586151123047,29.886436462402344,0.0,0.028017701500673602,-48.241519927978516,0
3FN1,3,12.87536907196045,14.598503112792969,28.07570457458496,0.0,0.031470199737114096,-39.806007385253906,7
3FN1,4,21.650007247924805,20.504945755004883,59.302799224853516,0.0,0.008484480223686463,-51.154457092285156,0
3FN1,5,21.142364501953125,18.41691780090332,55.449951171875,0.0,0.009849544817759653,-54.04081344604492,0
3FN1,6,21.09109878540039,18.928791046142578,56.00227737426758,0.0,0.009586252050439056,-50.22700119018555,0
3FN1,7,19.553747177124023,19.620615005493164,57.962039947509766,0.0,0.00895448967940239,-47.47010040283203,0
3FN1,8,13.517428398132324,15.095248222351074,30.18527603149414,0.0,0.027749061384972084,-40.551021575927734,0
3FN1,9,21.364110946655273,18.40949249267578,55.45954895019531,0.0,0.009848717667883151,-48.62355041503906,0
3FN1,10,19.98661231994629,17.479127883911133,54.573997497558594,0.0,0.010331581734296304,-35.26530456542969,13
3FN1,11,20.458566665649414,18.929622650146484,57.38045883178711,0.0,0.009237482613613856,-43.05469512939453,1
3FN1,12,18.168554306030273,18.084686279296875,58.784423828125,0.0,0.00910413328200147,-45.217430114746094,0
3FN1,13,13.564705848693848,14.508248329162598,28.03130531311035,0.0,0.0315944618807121,-41.0566520690918,1
3FN1,14,7.743518829345703,7.572721004486084,23.767404556274414,0.0,0.05038386707417345,-56.35445785522461,0
1EZU,0,12.060373306274414,12.536591529846191,47.36043930053711,0.0,0.015106662347336987,-26.215124130249023,9
1EZU,1,25.217662811279297,28.64218521118164,60.74272537231445,0.0,0.007313573817290035,-28.674755096435547,0
1EZU,2,14.14205551147461,14.220165252685547,43.65983200073242,0.0,0.0158410897754218,-34.69316101074219,2
1EZU,3,17.111421585083008,17.481952667236328,51.60972213745117,0.135135,0.056284091919626765,-24.86478042602539,6
1EZU,4,23.586071014404297,22.530872344970703,48.53356170654297,0.0,0.01139089983891779,-24.23832893371582,19
1EZU,5,15.175193786621094,14.12004566192627,52.144901275634766,0.0,0.012347637101336162,-37.645172119140625,1
1EZU,6,13.703749656677246,12.83376693725586,45.659584045410156,0.108108,0.05169316512064582,-27.43567657470703,6
1EZU,7,23.779661178588867,22.025493621826172,51.65889358520508,0.0,0.010325543943373582,-24.588302612304688,10
1EZU,8,16.856874465942383,16.365692138671875,51.390892028808594,0.0,0.011653010709070146,-23.7155818939209,5
1EZU,9,26.21576690673828,27.985639572143555,63.69209289550781,0.0,0.006787694407406934,-28.985042572021484,5
1EZU,10,15.19575309753418,14.358016014099121,52.378700256347656,0.27027,0.10224179668012828,-27.131628036499023,7
1EZU,11,25.008710861206055,23.410951614379883,52.10942840576172,0.0,0.010002155956967613,-29.639692306518555,3
1EZU,12,13.369865417480469,12.60986328125,45.00833511352539,0.216216,0.0882020985130717,-27.981605529785156,5
1EZU,13,22.540435791015625,23.329851150512695,48.275142669677734,0.0,0.011395570867602225,-25.83238983154297,11
1EZU,14,17.653484344482422,17.288602828979492,55.27335739135742,0.0,0.010191255268259316,-29.892271041870117,3
2HQS,0,21.7559814453125,18.96891975402832,58.688087463378906,0.0,0.008920007905494673,-55.62803649902344,0
2HQS,1,9.19963550567627,10.370227813720703,22.439193725585938,0.0,0.04865935469574206,-51.00846481323242,2
2HQS,2,5.865964889526367,7.09487247467041,14.297159194946289,0.0,0.10131270175857249,-45.68328857421875,1
2HQS,3,10.492704391479492,10.944016456604004,25.547481536865234,0.0,0.03936833993656999,-50.268131256103516,0
2HQS,4,8.004508018493652,9.256172180175781,19.543636322021484,0.0,0.06155302690336469,-42.889766693115234,2
2HQS,5,8.840883255004883,10.448379516601562,20.627399444580078,0.0,0.055116776170297914,-47.85469436645508,1
2HQS,6,10.322856903076172,10.253717422485352,24.903797149658203,0.0,0.04176390608813232,-54.547523498535156,0
2HQS,7,4.694260120391846,6.192343235015869,11.950606346130371,0.0,0.13045574119146705,-41.26970291137695,3
2HQS,8,19.398244857788086,16.797086715698242,54.810874938964844,0.0,0.01046540932923843,-46.31880569458008,0
2HQS,9,9.02782154083252,10.646087646484375,21.27597999572754,0.0,0.05236873740339876,-54.21410369873047,0
2HQS,10,7.524823188781738,8.625049591064453,18.309080123901367,0.0,0.06889002895140717,-43.80179214477539,1
2HQS,11,16.61088752746582,15.903791427612305,46.473392486572266,0.0,0.013728992304512402,-47.61715316772461,1
2HQS,12,8.919466972351074,9.804473876953125,21.673717498779297,0.0,0.05205787018795493,-48.765377044677734,0
2HQS,13,9.725423812866211,10.61130142211914,23.467239379882812,0.0,0.04518970872713688,-52.06033706665039,0
2HQS,14,12.086767196655273,12.34842586517334,32.638858795166016,0.0,0.02601836136375528,-50.61463165283203,0
1FLE,0,1.5410324335098267,1.8061631917953491,5.2685394287109375,0.461538,0.5307224512861982,-41.31573486328125,2
1FLE,1,6.223047733306885,7.012972831726074,19.561338424682617,0.076923,0.09316592991856025,-46.59151077270508,1
1FLE,2,10.132715225219727,10.856611251831055,34.32969665527344,0.0,0.025498645195735848,-38.605079650878906,4
1FLE,3,10.553058624267578,10.748489379882812,35.189170837402344,0.0,0.02474462375215058,-42.66810607910156,1
1FLE,4,8.20689582824707,8.32710075378418,27.981714248657227,0.153846,0.08991842155766117,-39.2062873840332,2
1FLE,5,13.925044059753418,13.388367652893066,45.42441177368164,0.0,0.015409205149365926,-35.7286376953125,7
1FLE,6,5.920226097106934,5.7048420906066895,18.51535987854004,0.153846,0.1308592268871393,-42.922550201416016,1
1FLE,7,8.344112396240234,7.916056156158447,26.56612777709961,0.0,0.04250883525137985,-47.724853515625,0
1FLE,8,11.773737907409668,11.14811897277832,39.194427490234375,0.0,0.020900399810856715,-38.02981948852539,3
1FLE,9,19.673748016357422,15.809126853942871,54.980430603027344,0.0,0.010755205975764308,-36.21394729614258,9
1FLE,10,6.369703769683838,6.890707969665527,20.965700149536133,0.038462,0.07495671223926896,-49.17168426513672,0
1FLE,11,19.06568145751953,16.753345489501953,55.205299377441406,0.0,0.01037020926135142,-43.695369720458984,5
1FLE,12,17.298233032226562,14.78697681427002,51.11006546020508,0.0,0.012366421660410491,-39.10020065307617,3
1FLE,13,5.475025177001953,7.364757061004639,14.406132698059082,0.0,0.09935425907753807,-41.91526412963867,1
1FLE,14,5.709782600402832,6.0559258460998535,17.181888580322266,0.115385,0.12326857895646497,-40.69467544555664,3
2NZ8,0,21.0805606842041,16.9866943359375,49.93498992919922,0.0,0.011965569225629955,-34.668067932128906,1
2NZ8,1,12.341593742370605,9.98450756072998,21.76929473876953,0.0,0.05145361831843476,-38.98219299316406,0
2NZ8,2,14.765108108520508,11.644186973571777,24.588396072387695,0.0,0.04102326531115716,-36.14049530029297,10
2NZ8,3,19.588403701782227,16.936540603637695,52.82720947265625,0.0,0.011006318101634821,-32.183197021484375,6
2NZ8,4,19.54415512084961,16.7088680267334,52.48809051513672,0.0,0.011183192048000945,-33.76113510131836,2
2NZ8,5,13.757051467895508,11.241864204406738,22.96734619140625,0.0,0.04598638726040743,-39.36375045776367,7
2NZ8,6,20.004920959472656,16.943429946899414,53.62503433227539,0.0,0.010761870663175218,-34.27408981323242,2
2NZ8,7,18.77872085571289,16.5427188873291,50.70842742919922,0.0,0.01182833296223391,-34.680084228515625,3
2NZ8,8,8.994767189025879,7.384413242340088,16.239391326904297,0.75,0.3348924293947991,-38.94962692260742,3
2NZ8,9,20.49150848388672,16.54703712463379,54.56122970581055,0.0,0.010615159510677477,-32.79185485839844,4
2NZ8,10,75.0488510131836,78.28056335449219,159.04025268554688,0.0,0.0010717788544767277,0.0,0
2NZ8,11,25.52235984802246,22.288206100463867,63.97014617919922,0.0,0.007286068372478586,-27.262603759765625,9
2NZ8,12,22.3703670501709,23.53342628479004,52.91633605957031,0.0,0.0097331730498857,-30.94374656677246,5
2NZ8,13,14.184621810913086,11.168506622314453,23.7684326171875,0.0,0.0437024369116481,-36.042606353759766,11
2NZ8,14,16.61214256286621,14.01809310913086,27.17474937438965,0.0,0.033479667905681236,-38.39668655395508,12
1N2C,0,52.97747039794922,42.54787063598633,131.73011779785156,0.0,0.0017958847841093326,-12.730684280395508,32
1N2C,1,16.28881072998047,17.715003967285156,35.54757308959961,0.142857,0.06801994886237774,-10.883561134338379,15
1N2C,2,53.62125015258789,43.6848030090332,134.1761016845703,0.0,0.0017249205178561185,-13.692856788635254,16
1N2C,3,53.50933837890625,43.52570343017578,134.01119995117188,0.0,0.0017310599557863703,-12.290420532226562,20
1N2C,4,17.10909652709961,18.58218002319336,37.49620056152344,0.020408,0.025252817183831027,-8.7673978805542,47
1N2C,5,16.776657104492188,18.2158260345459,36.61366271972656,0.081633,0.04650246595030471,-11.082596778869629,16
1N2C,6,3.985915184020996,4.202693939208984,9.198885917663574,0.530612,0.3680598289586159,-12.777746200561523,21
1N2C,7,17.302738189697266,19.244600296020508,37.694488525390625,0.081633,0.045353345505431984,-12.803489685058594,36
1N2C,8,17.48624038696289,19.914783477783203,37.85475158691406,0.040816,0.0314854922158494,-9.43118953704834,25
1N2C,9,52.53068923950195,41.929325103759766,129.7074737548828,0.0,0.0018514224728051754,-12.060164451599121,37
1N2C,10,17.656570434570312,19.294172286987305,39.355567932128906,0.0,0.016858658882126166,-5.82139253616333,95
1N2C,11,3.318551540374756,4.1864848136901855,7.770085334777832,0.571429,0.40999058923978987,-10.97981071472168,27
1N2C,12,51.8939208984375,45.59392166137695,132.2455291748047,0.0,0.0017317939882797572,-11.51857852935791,29
1N2C,13,16.928373336791992,18.600326538085938,36.75835037231445,0.102041,0.05308673353731752,-10.754815101623535,14
1N2C,14,17.831382751464844,18.361482620239258,40.88341522216797,0.0,0.016021418531388977,-1.201399803161621,220
3MJ9,0,16.889150619506836,18.625272750854492,33.428131103515625,0.0,0.022391438651177972,-24.63847541809082,9
3MJ9,1,18.114540100097656,19.642818450927734,32.337100982666016,0.0,0.023475175642780125,-24.629154205322266,7
3MJ9,2,18.838668823242188,16.946638107299805,41.18705368041992,0.0,0.016208217221707275,-24.676603317260742,12
3MJ9,3,31.530324935913086,29.49599266052246,75.00856018066406,0.0,0.005086064920107876,-31.042266845703125,14
3MJ9,4,16.28200912475586,17.645456314086914,38.99116897583008,0.0,0.017513879699900498,-23.025005340576172,15
3MJ9,5,15.33338451385498,15.042762756347656,39.38449478149414,0.0,0.01811700262358782,-29.441789627075195,2
3MJ9,6,16.173503875732422,18.198705673217773,30.65998077392578,0.0,0.026040334513532673,-24.63279914855957,11
3MJ9,7,18.11573028564453,18.97821807861328,32.19747543334961,0.0,0.02378708860443637,-24.98564338684082,12
3MJ9,8,20.798385620117188,17.542966842651367,53.91459274291992,0.0,0.010503588426013588,-17.987289428710938,19
3MJ9,9,21.19308090209961,17.173940658569336,37.99048614501953,0.0,0.018414663575132433,-25.33208656311035,2
3MJ9,10,15.949026107788086,14.045782089233398,46.01857376098633,0.0,0.01475591909465773,-29.5253849029541,2
3MJ9,11,11.05644416809082,13.1502046585083,29.071731567382812,0.0,0.030532642579171407,-23.251209259033203,20
3MJ9,12,20.523107528686523,16.390117645263672,35.25605773925781,0.0,0.021079678276043585,-35.11023712158203,2
3MJ9,13,11.354232788085938,13.540410041809082,29.24530792236328,0.0,0.030005900392575627,-19.806503295898438,31
3MJ9,14,20.197046279907227,15.991952896118164,39.66968536376953,0.0,0.017539077597540437,-23.388721466064453,17
1F51,0,8.279797554016113,9.537142753601074,20.395431518554688,0.0,0.057375086040459856,-21.037639617919922,5
1F51,1,5.872826099395752,6.75678825378418,15.160202026367188,0.181818,0.15598681361219288,-22.118043899536133,5
1F51,2,19.149168014526367,19.54165267944336,51.87799072265625,0.0,0.010667038005239023,-29.956966400146484,1
1F51,3,9.437397003173828,10.960649490356445,22.914382934570312,0.0,0.046447211590488376,-23.59671974182129,4
1F51,4,12.794360160827637,14.947394371032715,31.835086822509766,0.0,0.025505213708286786,-39.593257904052734,0
1F51,5,18.468313217163086,20.174684524536133,51.27054977416992,0.0,0.01074925770900448,-21.81981658935547,1
1F51,6,5.209514617919922,5.697657585144043,14.278787612915039,0.272727,0.1997307314432654,-22.22263526916504,1
1F51,7,17.933156967163086,18.8498477935791,50.565185546875,0.0,0.011257847908044294,-20.578968048095703,8
1F51,8,17.724557876586914,17.37533950805664,49.67206954956055,0.0,0.011949122186132194,-24.742141723632812,5
1F51,9,8.450926780700684,10.290386199951172,19.05415153503418,0.0,0.06225979288057246,-24.080053329467773,5
1F51,10,17.948345184326172,18.712665557861328,51.88070297241211,0.0,0.010841846981765333,-20.295881271362305,6
1F51,11,18.362102508544922,19.205982208251953,49.968013763427734,0.0,0.011395314342426516,-25.36911964416504,2
1F51,12,18.599367141723633,20.085128784179688,51.049896240234375,0.0,0.010840709609645774,-23.594982147216797,1
1F51,13,3.3815548419952393,3.118889093399048,10.040740966796875,0.181818,0.26238011399866884,-28.772537231445312,1
1F51,14,6.786362171173096,7.507503032684326,17.772653579711914,0.0,0.07484758393141677,-19.589248657226562,7
2OOB,0,10.14688491821289,9.358487129211426,42.60688781738281,0.0,0.021107711737002804,-47.19904327392578,0
2OOB,1,8.816570281982422,8.671846389770508,43.028560638427734,0.0,0.0222027832116265,-37.09235382080078,0
2OOB,2,9.598262786865234,9.010231971740723,41.940223693847656,0.0,0.022140545895176587,-38.2685546875,1
2OOB,3,10.080117225646973,9.985912322998047,38.25967788696289,0.0,0.02303392957683374,-35.3166618347168,2
2OOB,4,10.063939094543457,9.625931739807129,44.175628662109375,0.0,0.019802774250034058,-45.085914611816406,0
2OOB,5,6.914964199066162,5.778249740600586,16.450658798217773,0.0,0.091284417871552,-33.42177200317383,7
2OOB,6,9.080495834350586,8.760221481323242,44.285926818847656,0.0,0.0213380252948889,-38.1834602355957,1
2OOB,7,8.493084907531738,8.712742805480957,45.3847541809082,0.0,0.0208914547272933,-37.36656951904297,0
2OOB,8,8.891634941101074,8.724122047424316,43.610530853271484,0.0,0.021770649134994557,-37.946067810058594,1
2OOB,9,9.171842575073242,7.4390387535095215,25.634553909301758,0.0,0.046042148138744556,-32.593505859375,9
2OOB,10,9.292861938476562,8.902300834655762,44.92303466796875,0.0,0.020723657688502702,-36.206382751464844,0
2OOB,11,9.732772827148438,9.3501615524292,45.260982513427734,0.0,0.019719229077470538,-37.67998504638672,0
2OOB,12,10.11484432220459,10.090019226074219,40.24760818481445,0.0,0.02144012451691733,-41.91211700439453,0
2OOB,13,9.012506484985352,8.659937858581543,40.230690002441406,0.0,0.02395352696818134,-44.14324951171875,0
2OOB,14,9.635049819946289,9.289519309997559,43.87208938598633,0.0,0.020529947727592264,-42.87437438964844,0
5WK3,0,5.887319564819336,8.668761253356934,17.02425193786621,0.0,0.07620498141793544,-31.401369094848633,3
5WK3,1,6.204793930053711,9.117044448852539,17.906044006347656,0.0,0.07008525979269138,-37.262508392333984,1
5WK3,2,6.097766876220703,9.389199256896973,17.738908767700195,0.0,0.0705396939393637,-44.06965255737305,0
5WK3,3,5.854606628417969,8.538723945617676,16.96080207824707,0.0,0.07689197722978,-35.24283981323242,0
5WK3,4,6.420522689819336,10.449755668640137,18.71681785583496,0.0,0.06372226069188451,-43.3563117980957,1
5WK3,5,14.016883850097656,14.988173484802246,44.293190002441406,0.0,0.01514507332070096,-28.930015563964844,11
5WK3,6,6.5845112800598145,10.449606895446777,19.10801887512207,0.0,0.06179425624006113,-33.564796447753906,3
5WK3,7,6.658675193786621,10.233644485473633,19.448184967041016,0.0,0.06047208899646265,-31.40183448791504,5
5WK3,8,8.789727210998535,11.450477600097656,27.505823135375977,0.0,0.03468109427803761,-26.437828063964844,18
5WK3,9,6.6655120849609375,10.073044776916504,19.25680923461914,0.0,0.061586287178354675,-34.72690963745117,1
5WK3,10,15.274173736572266,18.74993324279785,48.26544189453125,0.0,0.012146971616033446,-31.808034896850586,25
5WK3,11,6.378685474395752,8.835028648376465,18.477270126342773,0.0,0.06755926107308383,-29.83639144897461,7
5WK3,12,8.045680046081543,11.534276008605957,25.672508239746094,0.0,0.038474641263063075,-32.413352966308594,3
5WK3,13,9.203811645507812,9.525875091552734,27.22041893005371,0.0,0.03768065100829054,-23.439531326293945,19
5WK3,14,8.417123794555664,11.81158447265625,26.67680549621582,0.0,0.03601288001158487,-29.852994918823242,9
1KTZ,0,14.67664909362793,11.451459884643555,32.005218505859375,0.0,0.027584923400613387,-38.57088088989258,0
1KTZ,1,17.820402145385742,11.316633224487305,38.166412353515625,0.0,0.02150704068250817,-35.20820999145508,1
1KTZ,2,14.5809326171875,10.314882278442383,33.83700180053711,0.0,0.026689068870320087,-36.081329345703125,0
1KTZ,3,15.819289207458496,10.94650936126709,34.89365768432617,0.0,0.024815604803254714,-30.237966537475586,2
1KTZ,4,15.033637046813965,11.904500961303711,32.09605407714844,0.0,0.027055664276222607,-44.48115158081055,0
1KTZ,5,17.90550994873047,8.104640007019043,35.35401916503906,0.0,0.02925512261258541,-49.48615264892578,0
1KTZ,6,22.500179290771484,13.77469539642334,49.17390441894531,0.0,0.013577175441329378,-40.84799575805664,0
1KTZ,7,23.604995727539062,28.059814453125,81.24534606933594,0.0,0.004558885145880498,-34.203590393066406,0
1KTZ,8,23.89097785949707,27.407196044921875,81.33695220947266,0.0,0.004596485223688675,-35.862457275390625,0
1KTZ,9,15.396950721740723,10.9495210647583,34.473594665527344,0.0,0.02524385946158877,-33.23183822631836,0
1KTZ,10,15.553337097167969,11.649176597595215,33.627567291259766,0.0,0.02545496470727772,-38.595645904541016,0
1KTZ,11,16.289966583251953,13.631451606750488,33.66969299316406,0.0,0.023959233473774464,-33.10612106323242,0
1KTZ,12,15.267719268798828,11.117568969726562,34.16048812866211,0.0,0.02539421423920706,-30.793045043945312,0
1KTZ,13,15.804624557495117,13.350804328918457,36.337039947509766,0.0,0.02144867591110164,-39.357357025146484,0
1KTZ,14,63.388641357421875,80.11600494384766,179.9636688232422,0.0,0.0008587651536438818,0.0,0
2AYO,0,16.523466110229492,19.230060577392578,45.58731460571289,0.0,0.013215073356758087,-43.89742660522461,0
2AYO,1,17.00333023071289,18.840145111083984,47.87944030761719,0.0,0.01228421691303388,-39.51437759399414,0
2AYO,2,16.04384422302246,18.799219131469727,45.7686882019043,0.0,0.013222309545969832,-44.32225036621094,0
2AYO,3,16.45208740234375,17.613323211669922,46.1896858215332,0.0,0.013318656959975547,-37.277320861816406,1
2AYO,4,11.936010360717773,15.683838844299316,33.154170989990234,0.0,0.023579940979604367,-32.73756408691406,1
2AYO,5,16.479856491088867,18.06170654296875,47.63982009887695,0.0,0.012567378235176991,-42.68681335449219,0
2AYO,6,9.073175430297852,11.790395736694336,24.770769119262695,0.28,0.13375760165567274,-37.66986083984375,2
2AYO,7,14.60639476776123,15.569310188293457,41.61739730834961,0.0,0.016413616924469836,-35.93785095214844,0
2AYO,8,20.2424259185791,21.177833557128906,55.649940490722656,0.0,0.009263156803421945,-44.784820556640625,0
2AYO,9,18.825773239135742,22.571626663208008,53.99043655395508,0.0,0.009527751286200392,-29.357738494873047,0
2AYO,10,5.919007778167725,7.989640235900879,14.647433280944824,0.0,0.09532249257840793,-39.09192657470703,4
2AYO,11,20.370710372924805,22.945762634277344,55.32276153564453,0.0,0.009105754729901624,-41.2172966003418,2
2AYO,12,66.8448257446289,85.57339477539062,189.75021362304688,0.0,0.0007699346732291998,0.0,0
2AYO,13,3.796705722808838,4.9287824630737305,10.151602745056152,0.0,0.1656357320481944,-46.4161262512207,0
2AYO,14,15.234822273254395,16.582042694091797,42.939476013183594,0.0,0.015274760295864274,-39.168888092041016,0
1Z0K,0,12.608319282531738,14.63704776763916,26.45507049560547,0.0,0.03465546133287846,-42.27336502075195,5
1Z0K,1,10.592562675476074,12.776924133300781,23.638593673706055,0.0,0.04269665594092182,-41.81229019165039,2
1Z0K,2,12.277605056762695,14.2113676071167,25.745502471923828,0.0,0.036435470355836684,-43.5936164855957,6
1Z0K,3,11.352612495422363,12.84707260131836,26.22425079345703,0.0,0.036173246722166395,-41.6781005859375,3
1Z0K,4,4.040738582611084,4.473600387573242,10.500725746154785,0.416667,0.30452948074156266,-42.77140808105469,1
1Z0K,5,10.498810768127441,11.820310592651367,23.031118392944336,0.0,0.04524305482747659,-53.636436462402344,0
1Z0K,6,5.160245895385742,6.2003278732299805,15.537636756896973,0.0,0.0952098623401112,-47.00331115722656,1
1Z0K,7,7.5433220863342285,8.093445777893066,20.103652954101562,0.0,0.06162150791377364,-48.09217071533203,0
1Z0K,8,7.127800464630127,7.603848457336426,17.841999053955078,0.083333,0.10192275231101099,-42.78940963745117,0
1Z0K,9,12.332791328430176,14.21335506439209,26.551334381103516,0.0,0.034657994382356894,-42.54317855834961,5
1Z0K,10,12.153305053710938,13.690229415893555,25.131187438964844,0.0,0.03817189588566966,-44.704524993896484,5
1Z0K,11,11.560504913330078,13.363569259643555,24.1947021484375,0.0,0.0407686295706322,-38.89283752441406,2
1Z0K,12,8.170103073120117,8.683257102966309,21.952455520629883,0.0,0.05311800081137097,-55.188133239746094,0
1Z0K,13,12.524918556213379,14.465934753417969,26.90059471130371,0.0,0.03380542645487968,-43.36779022216797,6
1Z0K,14,12.564562797546387,14.633522033691406,25.754335403442383,0.0,0.0362085363539956,-43.447811126708984,0
1B6C,0,4.366003036499023,5.224963665008545,16.476943969726562,0.0,0.0954432089154761,-34.89299774169922,9
1B6C,1,6.241125106811523,6.804547309875488,18.602725982666016,0.0,0.07302013639880252,-39.004310607910156,2
1B6C,2,6.604509353637695,7.105585098266602,23.085111618041992,0.0,0.05401670720993243,-36.35310363769531,3
1B6C,3,12.346332550048828,11.914783477783203,31.08412742614746,0.0,0.028391776984104274,-34.67927551269531,12
1B6C,4,9.2960786819458,8.106606483459473,31.244699478149414,0.0,0.03400448783421788,-38.66267776489258,8
1B6C,5,7.798048973083496,9.145920753479004,34.11138916015625,0.0,0.02821876903205417,-37.43110656738281,0
1B6C,6,8.328681945800781,10.679887771606445,62.4765510559082,0.0,0.012506117005439563,-28.544784545898438,7
1B6C,7,10.056772232055664,10.317610740661621,29.803495407104492,0.0,0.03197331747703342,-37.02128601074219,2
1B6C,8,9.043272018432617,11.368123054504395,56.168880462646484,0.0,0.01316673183540792,-34.0894889831543,4
1B6C,9,10.880393981933594,12.212272644042969,71.31817626953125,0.0,0.009622745697820867,-31.513397216796875,4
1B6C,10,10.37785530090332,12.72142219543457,54.97343063354492,0.0,0.012353870842798534,-42.60074996948242,0
1B6C,11,9.998401641845703,9.983867645263672,32.82498550415039,0.0,0.028305115995911737,-34.1455192565918,4
1B6C,12,6.223381996154785,6.269591331481934,18.24863052368164,0.0,0.07747366531148808,-40.737300872802734,2
1B6C,13,2.9403250217437744,3.983572483062744,17.61914825439453,0.0,0.10432598227236496,-36.00835418701172,6
1B6C,14,8.82872200012207,9.037433624267578,55.08692169189453,0.0,0.01668829446757938,-32.86387634277344,14
2FJG,0,8.280888557434082,4.830652236938477,23.468935012817383,0.0,0.06796831838568652,-24.037885665893555,7
2FJG,1,14.233465194702148,13.358498573303223,33.53229522705078,0.0,0.024275916775011157,-33.44684600830078,0
2FJG,2,14.61974048614502,14.583396911621094,29.685266494750977,0.0,0.028748329821136634,-19.866947174072266,5
2FJG,3,11.72954273223877,8.774056434631348,26.966466903686523,0.0,0.03959086715302811,-25.688823699951172,2
2FJG,4,19.47221565246582,17.6871337890625,38.10469436645508,0.0,0.018180767090389138,-27.594621658325195,3
2FJG,5,15.820883750915527,14.814796447753906,32.927371978759766,0.0,0.02420753345288054,-20.178207397460938,9
2FJG,6,19.412752151489258,18.63678741455078,37.76335906982422,0.0,0.018218976731902443,-27.536230087280273,1
2FJG,7,11.038162231445312,7.451858043670654,25.955839157104492,0.0,0.04526543846150013,-26.385517120361328,8
2FJG,8,21.601377487182617,21.61177635192871,44.384185791015625,0.0,0.013390864026885664,-19.06155014038086,27
2FJG,9,9.734489440917969,6.373035907745361,23.590299606323242,0.0,0.05579992885666655,-21.371761322021484,4
2FJG,10,8.234910011291504,5.9273600578308105,21.227155685424805,0.0,0.06612461665085669,-23.134267807006836,16
2FJG,11,16.924888610839844,19.011791229248047,32.80099105834961,0.0,0.023037830309839736,-23.35138511657715,6
2FJG,12,20.659576416015625,16.245786666870117,49.11774444580078,0.0,0.012509940229225991,-25.63571548461914,23
2FJG,13,15.833602905273438,9.339569091796875,40.79988479614258,0.0,0.022247845016382013,-23.23829460144043,4
2FJG,14,10.418949127197266,7.945489883422852,24.314186096191406,0.0,0.04777251788105053,-24.177213668823242,3
1JTD,0,10.238100051879883,8.805583953857422,23.60210418701172,0.0,0.04766934197398775,-38.20145034790039,17
1JTD,1,19.56722640991211,16.94887351989746,33.815208435058594,0.0,0.022400507148006246,-42.61094284057617,3
1JTD,2,6.45196008682251,5.425831317901611,18.648481369018555,0.0,0.08100614157712878,-34.3754997253418,10
1JTD,3,8.490829467773438,7.099042892456055,21.169631958007812,0.0,0.06052419434600629,-39.130313873291016,0
1JTD,4,11.609481811523438,10.62791633605957,25.702924728393555,0.0,0.039371029111006185,-39.432437896728516,1
1JTD,5,8.088902473449707,6.762164115905762,22.279813766479492,0.0,0.05798504107706348,-35.43485641479492,18
1JTD,6,5.849704265594482,4.983348369598389,14.896024703979492,0.999999,0.4429015491082329,-36.44121551513672,5
1JTD,7,10.65259075164795,9.373348236083984,23.996862411499023,0.0,0.045483129637355256,-36.42482376098633,6
1JTD,8,12.64984130859375,11.235298156738281,27.908334732055664,0.0,0.03413327498319108,-39.3774528503418,6
1JTD,9,11.6326265335083,10.570691108703613,26.592721939086914,0.0,0.0374784839761315,-38.13173294067383,1
1JTD,10,11.318521499633789,9.559362411499023,25.169408798217773,0.0,0.042134628031282435,-38.58836364746094,2
1JTD,11,13.695085525512695,12.089439392089844,29.288511276245117,0.0,0.030947948419676043,-40.36537170410156,8
1JTD,12,6.800392150878906,5.7469482421875,22.872966766357422,0.0,0.06170752368040274,-34.540985107421875,12
1JTD,13,10.936638832092285,9.514006614685059,25.799829483032227,0.0,0.040723327566431586,-38.0897216796875,15
1JTD,14,13.58078384399414,11.475123405456543,35.74491500854492,0.0,0.023440185587126308,-33.241275787353516,4
1HE8,0,5.185803413391113,6.058861255645752,14.330859184265137,0.214286,0.17742745111707606,-31.3736629486084,7
1HE8,1,26.21687126159668,25.299318313598633,72.2637710571289,0.0,0.0057165837919879005,-39.39810562133789,2
1HE8,2,4.822734355926514,5.557444095611572,12.805718421936035,0.0,0.12458044345326595,-30.0733699798584,6
1HE8,3,32.251136779785156,32.81525802612305,91.31494140625,0.0,0.0035584560863732417,-26.150148391723633,2
1HE8,4,5.216261386871338,6.1232781410217285,14.181922912597656,0.0,0.10696622125277029,-29.009891510009766,7
1HE8,5,25.718639373779297,24.381271362304688,72.12333679199219,0.0,0.005823324853258322,-37.8858528137207,1
1HE8,6,25.35575294494629,22.793804168701172,69.973876953125,0.0,0.006284424508520729,-37.158355712890625,5
1HE8,7,24.906410217285156,24.054353713989258,70.30323791503906,0.0,0.006093640579324114,-35.533260345458984,7
1HE8,8,25.722124099731445,26.0550594329834,71.8442153930664,0.0,0.005702598029608298,-41.74282455444336,1
1HE8,9,25.77556800842285,24.210256576538086,71.96534729003906,0.0,0.00586087213638618,-40.165260314941406,2
1HE8,10,25.282987594604492,24.468351364135742,71.68849182128906,0.0,0.0058692228164203145,-37.17038345336914,3
1HE8,11,26.45988655090332,24.189868927001953,72.85175323486328,0.0,0.005753579196958051,-37.357566833496094,8
1HE8,12,25.887788772583008,24.46999740600586,72.26316833496094,0.0,0.005796846234491112,-38.14162826538086,4
1HE8,13,34.508209228515625,38.524993896484375,98.9052505493164,0.0,0.00294845858470698,-27.906219482421875,5
1HE8,14,27.755151748657227,25.0338191986084,74.82250213623047,0.0,0.005439488087483378,-17.864835739135742,39
3K75,0,21.002599716186523,13.021946907043457,48.44997787475586,0.0,0.014318233883220108,-38.77764129638672,7
3K75,1,20.975858688354492,14.355839729309082,54.6655158996582,0.0,0.011468790602589499,-39.82239532470703,4
3K75,2,14.211190223693848,8.234123229980469,30.451778411865234,0.0,0.03480043325676016,-42.914241790771484,0
3K75,3,15.4352445602417,7.9693193435668945,31.92432403564453,0.0,0.03347130763765812,-42.086849212646484,0
3K75,4,14.090869903564453,8.152388572692871,32.944759368896484,0.0,0.03171962231101607,-56.08333206176758,0
3K75,5,21.461685180664062,13.735864639282227,49.61989212036133,0.0,0.013430904115596859,-44.503021240234375,4
3K75,6,18.41643524169922,13.29133129119873,53.967166900634766,0.0,0.012260979399242181,-44.22710418701172,1
3K75,7,15.33764934539795,7.474944591522217,30.927051544189453,0.0,0.03631395636097254,-48.21311569213867,0
3K75,8,27.23562240600586,19.276338577270508,66.83679962158203,0.0,0.007311665430664365,-43.066585540771484,3
3K75,9,13.437275886535645,8.373429298400879,32.21929168701172,0.0,0.03205441834081096,-47.655216217041016,0
3K75,10,14.579604148864746,8.732632637023926,33.7921142578125,0.0,0.029388496472968897,-45.662620544433594,1
3K75,11,22.420198440551758,19.08369255065918,63.920780181884766,0.0,0.007838620434619453,-42.55763626098633,2
3K75,12,55.92831039428711,67.94745635986328,148.45729064941406,0.0,0.0012515302543813522,0.0,0
3K75,13,11.306208610534668,8.283096313476562,24.48273468017578,0.0,0.04644103748859002,-38.14890670776367,1
3K75,14,15.427265167236328,7.974343299865723,31.21126365661621,0.166667,0.08996246441619059,-39.049983978271484,2
5O14,0,16.77140235900879,13.754755020141602,34.896034240722656,0.0,0.022587103019780935,-24.98064613342285,4
5O14,1,22.3923397064209,21.41092872619629,56.41548538208008,0.0,0.00902700695584217,-44.988433837890625,3
5O14,2,19.371919631958008,14.85991382598877,41.447410583496094,0.0,0.016815558090588812,-28.32254409790039,8
5O14,3,13.99661636352539,10.145238876342773,31.471988677978516,0.0,0.02979254467348445,-42.00247573852539,0
5O14,4,24.36153793334961,23.255374908447266,60.75604248046875,0.0,0.007780162359440024,-41.19096755981445,4
5O14,5,14.776015281677246,10.556456565856934,32.24159622192383,0.0,0.028259101413594043,-44.34517288208008,0
5O14,6,22.57244300842285,21.74006462097168,56.175052642822266,0.0,0.009040367261613903,-37.17487716674805,4
5O14,7,13.350659370422363,10.371719360351562,30.93182945251465,0.0,0.030233159206485474,-31.15775489807129,1
5O14,8,25.4700984954834,17.072757720947266,62.55004119873047,0.0,0.008597237539868447,-37.32770919799805,8
5O14,9,12.708028793334961,9.734829902648926,32.15339279174805,0.0,0.02950399164595353,-22.205331802368164,2
5O14,10,23.192550659179688,22.21560287475586,57.970184326171875,0.0,0.008528427285476314,-40.879398345947266,5
5O14,11,25.285913467407227,16.411033630371094,61.61769485473633,0.0,0.008986405874019323,-37.525360107421875,8
5O14,12,22.845678329467773,20.826862335205078,54.89364242553711,0.0,0.009525320359506007,-39.41375732421875,6
5O14,13,22.10763931274414,21.008647918701172,54.733978271484375,0.0,0.009540360241625486,-40.448631286621094,4
5O14,14,22.822908401489258,18.476625442504883,56.98575973510742,0.0,0.009437375525099555,-36.078556060791016,0
1R8S,0,8.31991195678711,8.12108325958252,22.12445640563965,0.071429,0.07767903344089354,-35.917022705078125,2
1R8S,1,11.368340492248535,10.692873001098633,28.97869873046875,0.0,0.0328396648111107,-41.2744255065918,0
1R8S,2,12.700796127319336,11.457539558410645,30.157808303833008,0.071429,0.05395777279146031,-31.630138397216797,4
1R8S,3,10.267443656921387,9.951081275939941,28.87422752380371,0.0,0.03398854670261719,-36.46845245361328,1
1R8S,4,14.341864585876465,14.413432121276855,34.85212326049805,0.0,0.022285403921339483,-29.396541595458984,1
1R8S,5,9.134428024291992,8.598841667175293,24.18976402282715,0.0,0.04647831331107363,-34.872467041015625,1
1R8S,6,8.424287796020508,8.270584106445312,23.490638732910156,0.071429,0.07301636113113297,-37.36403274536133,0
1R8S,7,10.744099617004395,10.779544830322266,27.12468147277832,0.0,0.03613802777182335,-31.19720458984375,0
1R8S,8,15.28064250946045,15.619874000549316,41.68798065185547,0.0,0.016350623538634604,-36.725914001464844,0
1R8S,9,9.53913402557373,8.891388893127441,20.385290145874023,0.071429,0.08240429723681508,-31.100021362304688,2
1R8S,10,16.36630630493164,15.22514820098877,38.729331970214844,0.071429,0.042332168851444564,-33.804603576660156,5
1R8S,11,7.433215141296387,6.773191452026367,17.259567260742188,0.142857,0.12826805488760393,-34.081722259521484,3
1R8S,12,17.447511672973633,15.399559020996094,51.09455490112305,0.0,0.01210947202648864,-33.40034103393555,16
1R8S,13,14.562188148498535,15.356409072875977,45.300559997558594,0.0,0.014486926876255647,-32.42842483520508,1
1R8S,14,15.906405448913574,14.695296287536621,37.94927978515625,0.142857,0.06698012688400679,-41.79336929321289,0
1K74,0,22.85407257080078,22.98615074157715,48.8214225769043,0.0,0.011220249930434183,-29.608182907104492,7
1K74,1,23.690561294555664,24.49326515197754,47.43115997314453,0.0,0.011617457917237532,-29.492931365966797,11
1K74,2,23.489755630493164,25.304550170898438,48.82005310058594,0.0,0.010974512288814376,-32.03851318359375,14
1K74,3,22.06205940246582,25.017478942871094,68.55150604248047,0.0,0.006241298512736841,-33.83599090576172,11
1K74,4,23.245521545410156,26.292482376098633,70.63997650146484,0.0,0.005838831887053152,-33.99314498901367,17
1K74,5,22.449182510375977,25.09400177001953,66.94148254394531,0.0,0.00647585996253432,-33.28899383544922,20
1K74,6,20.77724266052246,20.259748458862305,68.96563720703125,0.0,0.006805005035335692,-31.790679931640625,15
1K74,7,19.473005294799805,16.588600158691406,64.77189636230469,0.0,0.00834660107650609,-34.61677169799805,17
1K74,8,19.60613250732422,21.83161163330078,46.54031753540039,0.0,0.012326078168335785,-32.26840591430664,14
1K74,9,21.087848663330078,22.754051208496094,53.2530632019043,0.0,0.009723672826871416,-34.40106201171875,11
1K74,10,25.508928298950195,26.171363830566406,60.62370681762695,0.0,0.007517935053922933,-33.86376190185547,42
1K74,11,72.28599548339844,81.93113708496094,143.3335418701172,0.0,0.001279834676577673,0.0,0
1K74,12,21.683002471923828,23.184707641601562,70.96968841552734,0.0,0.006103406014213911,-34.339263916015625,6
1K74,13,17.683801651000977,15.173404693603516,67.2158432006836,0.0,0.008472715886315046,-34.27677917480469,15
1K74,14,22.495450973510742,24.473421096801758,69.76856231689453,0.0,0.006122773556943048,-32.49964141845703,12
3V6Z,0,25.271039962768555,11.719804763793945,55.852413177490234,0.0,0.012917859357632039,-22.19839096069336,61
3V6Z,1,10.037100791931152,11.599175453186035,21.564117431640625,0.066667,0.07253127549083559,-20.931278228759766,10
3V6Z,2,14.08563232421875,13.536528587341309,30.22785758972168,0.0,0.028469343780421017,-29.23689079284668,0
3V6Z,3,10.13786792755127,12.490263938903809,22.885927200317383,0.0,0.04514635148843474,-21.67426109313965,1
3V6Z,4,13.141155242919922,12.958935737609863,26.732873916625977,0.0,0.03501245757709045,-30.374649047851562,1
3V6Z,5,12.782879829406738,9.57836627960205,26.334577560424805,0.0,0.039429377105152125,-24.827327728271484,7
3V6Z,6,8.014817237854004,9.284318923950195,17.414623260498047,0.2,0.13927961374432132,-20.31304359436035,9
3V6Z,7,13.721156120300293,12.19297981262207,29.694835662841797,0.0,0.030213265198897842,-21.71449089050293,8
3V6Z,8,9.759751319885254,11.58750057220459,21.0206298828125,0.066667,0.07456010910305301,-21.645214080810547,1
3V6Z,9,11.646857261657715,10.647058486938477,25.371339797973633,0.0,0.04012539627815024,-24.887788772583008,3
3V6Z,10,13.000934600830078,11.490978240966797,26.843101501464844,0.0,0.03596230515791382,-32.0406379699707,0
3V6Z,11,12.144274711608887,11.730269432067871,24.658388137817383,0.0,0.04076469028688115,-17.737064361572266,14
3V6Z,12,13.823151588439941,13.427123069763184,36.65095138549805,0.0,0.021122245632497066,-18.939315795898438,2
3V6Z,13,11.843027114868164,11.714092254638672,27.137054443359375,0.0,0.035158922980681906,-28.091642379760742,1
3V6Z,14,11.79255199432373,10.513968467712402,26.1636962890625,0.0,0.038472366114762346,-23.265417098999023,7
5HYS,0,24.163190841674805,17.765695571899414,53.72913360595703,0.0,0.010498274520287405,-16.39500617980957,15
5HYS,1,23.438745498657227,16.98330307006836,79.31036376953125,0.0,0.0063654028134610685,-17.64015769958496,18
5HYS,2,21.110870361328125,14.914950370788574,49.854820251464844,0.0,0.012753514674433938,-16.05691909790039,7
5HYS,3,27.265867233276367,18.0928897857666,44.93941879272461,0.0,0.01378866988749762,-20.779579162597656,9
5HYS,4,15.275444984436035,12.44739818572998,38.86331558227539,0.0,0.019988869324077906,-15.255377769470215,28
5HYS,5,8.541030883789062,9.18065357208252,16.172971725463867,0.0,0.08081281971312468,-16.944000244140625,7
5HYS,6,6.134892463684082,7.849168300628662,15.60455322265625,0.0,0.08801746371156853,-15.807464599609375,12
5HYS,7,6.7590460777282715,8.48987865447998,14.881415367126465,0.0,0.09208835646889478,-19.0730037689209,8
5HYS,8,11.797558784484863,10.19351863861084,30.061338424682617,0.0,0.031742166245255755,-18.66965675354004,12
5HYS,9,27.134206771850586,18.05677604675293,42.24297332763672,0.0,0.015255426148738878,-22.374780654907227,5
5HYS,10,11.058090209960938,8.606385231018066,20.290868759155273,0.0,0.059589165094325554,-14.616678237915039,17
5HYS,11,26.950193405151367,17.974027633666992,43.362037658691406,0.0,0.01463996375190601,-22.344554901123047,10
5HYS,12,24.678016662597656,18.731386184692383,39.246788024902344,0.0,0.017058796357179388,-16.67954444885254,15
5HYS,13,27.23186683654785,18.576200485229492,45.93728256225586,0.0,0.013194186774679437,-20.953584671020508,3
5HYS,14,24.284507751464844,15.539837837219238,54.971012115478516,0.0,0.01086081911523444,-15.31129264831543,27
1DE4,0,19.87278175354004,17.12411880493164,64.10743713378906,0.0,0.008296985091141065,-6.841103553771973,33
1DE4,1,32.82823944091797,22.6855525970459,58.04975128173828,0.0,0.008447854717548558,-7.558749675750732,33
1DE4,2,12.081792831420898,11.24618148803711,40.40717697143555,0.0,0.01995150716536079,-6.828375816345215,14
1DE4,3,15.956842422485352,16.197418212890625,64.5179443359375,0.0,0.00852138476951676,-3.6710798740386963,30
1DE4,4,38.37070846557617,23.985639572143555,55.12041091918945,0.0,0.009041132496604704,-6.6356377601623535,18
1DE4,5,17.738849639892578,15.607528686523438,56.62893295288086,0.0,0.010395229461484261,-8.551416397094727,21
1DE4,6,33.85892868041992,31.768596649169922,65.96678161621094,0.0,0.006185433647573273,-3.1484739780426025,34
1DE4,7,25.042598724365234,22.53472900390625,37.158851623535156,0.0,0.01804496107107124,-6.872801303863525,34
1DE4,8,17.086170196533203,15.352241516113281,86.55023956298828,0.0,0.006336318458442723,-13.409526824951172,15
1DE4,9,19.70549201965332,15.543729782104492,69.54812622070312,0.0,0.00798132953917584,-3.7527916431427,34
1DE4,10,20.811519622802734,14.403390884399414,50.98122787475586,0.0,0.012591872405420713,-3.9043970108032227,11
1DE4,11,26.18620491027832,22.046369552612305,68.94428253173828,0.0,0.006526745839105595,-12.869476318359375,11
1DE4,12,17.641796112060547,14.79012680053711,50.036293029785156,0.0,0.012743251532216449,-8.076091766357422,7
1DE4,13,20.618833541870117,18.71352767944336,76.19612121582031,0.0,0.006225114515728779,-7.395183086395264,39
1DE4,14,39.14313888549805,25.480758666992188,53.160579681396484,0.0,0.009460632585640482,-7.280345916748047,16
1CGI,0,9.094705581665039,9.90312385559082,26.976835250854492,0.129032,0.0805907846642015,-48.103294372558594,4
1CGI,1,4.634571552276611,5.236120700836182,13.050566673278809,0.096774,0.15682381339248194,-49.723907470703125,3
1CGI,2,2.690711498260498,3.053525686264038,7.187469959259033,0.129032,0.3021729055715313,-46.99226379394531,3
1CGI,3,4.953604698181152,5.604466438293457,12.633993148803711,0.096774,0.1584062757822711,-47.28544616699219,4
1CGI,4,3.774059772491455,4.400829315185547,10.40684986114502,0.096774,0.2003392916449668,-48.03733444213867,2
1CGI,5,6.061363697052002,7.5477752685546875,14.210304260253906,0.225806,0.17577033323788585,-46.22088623046875,7
1CGI,6,2.8224754333496094,3.3090875148773193,7.020969390869141,0.354839,0.3732425502510745,-52.3736686706543,3
1CGI,7,4.090258598327637,4.880068778991699,9.964343070983887,0.290323,0.2659448555666599,-51.63404846191406,3
1CGI,8,2.0711851119995117,2.3186025619506836,4.929818630218506,0.096774,0.38003775636865894,-64.3265380859375,0
1CGI,9,5.882997989654541,7.080905437469482,14.506491661071777,0.225806,0.17477853986949868,-48.81676483154297,2
1CGI,10,6.3214430809021,5.953227996826172,18.114866256713867,0.16129,0.13381045180382234,-43.38753128051758,6
1CGI,11,4.234274864196777,4.394787311553955,12.000247955322266,0.064516,0.1676502224733203,-48.04158401489258,5
1CGI,12,8.254866600036621,8.058616638183594,25.106611251831055,0.096774,0.07769799849515306,-39.074974060058594,13
1CGI,13,2.10616397857666,2.7481207847595215,5.272843360900879,0.16129,0.37098307499784317,-57.718544006347656,0
1CGI,14,2.3733198642730713,2.606205463409424,6.417679309844971,0.322581,0.40277697224526227,-57.74883270263672,0
2CFH,0,9.505256652832031,8.228287696838379,23.4665584564209,0.090909,0.07968564023929374,-38.70345687866211,1
2CFH,1,5.535949230194092,4.60549783706665,13.094588279724121,0.363636,0.25199677119699854,-51.72705078125,0
2CFH,2,13.0759916305542,13.46393871307373,23.215255737304688,0.0,0.04349005985681997,-40.90863037109375,2
2CFH,3,9.665822982788086,8.787692070007324,26.742958068847656,0.0,0.04002160788045169,-47.130733489990234,0
2CFH,4,18.134944915771484,20.69074821472168,50.08905029296875,0.0,0.011073158466601144,-44.556983947753906,0
2CFH,5,14.33540153503418,15.99792766571045,35.30500030517578,0.0,0.021167940541156702,-40.619564056396484,2
2CFH,6,10.021260261535645,10.05667781829834,32.75790023803711,0.0,0.02828173126409043,-36.339630126953125,5
2CFH,7,6.440850734710693,5.592588901519775,13.833163261413574,0.0,0.11373095269127705,-49.332489013671875,1
2CFH,8,2.57877254486084,2.2629029750823975,6.470550537109375,0.272727,0.4037016520783709,-54.743324279785156,0
2CFH,9,11.254552841186523,12.232211112976074,23.85651206970215,0.0,0.04248726424502261,-39.97323989868164,1
2CFH,10,19.933940887451172,20.357563018798828,43.62023162841797,0.0,0.013994190403768668,-41.07709503173828,2
2CFH,11,7.334909915924072,6.425237655639648,17.520307540893555,0.090909,0.11104006918466057,-51.643775939941406,0
2CFH,12,15.134490013122559,13.875558853149414,23.668630599975586,0.0,0.041929656838978584,-40.67498016357422,1
2CFH,13,10.575063705444336,9.206588745117188,23.35020637512207,0.0,0.04762205018821023,-53.026554107666016,0
2CFH,14,9.1550874710083,8.11476993560791,21.559829711914062,0.0,0.055854850936287316,-45.40477752685547,0
1DFJ,0,8.70645809173584,11.788573265075684,47.795738220214844,0.0,0.015530012351520447,-37.72773742675781,1
1DFJ,1,9.05623722076416,11.41751480102539,44.87614822387695,0.0,0.01720026255580244,-35.33561325073242,1
1DFJ,2,10.79023265838623,14.678488731384277,64.32464599609375,0.0,0.009165609765311084,-36.97266387939453,1
1DFJ,3,8.81842041015625,12.247085571289062,50.03956604003906,0.0,0.014274760823605999,-30.687393188476562,10
1DFJ,4,9.334636688232422,12.91844367980957,52.410743713378906,0.0,0.01297710280942521,-33.633487701416016,2
1DFJ,5,10.288934707641602,14.696041107177734,54.97085952758789,0.0,0.01122061003859466,-41.1131706237793,0
1DFJ,6,10.339315414428711,14.492950439453125,57.33928298950195,0.0,0.010700375910286839,-32.71044921875,3
1DFJ,7,8.704604148864746,11.50130844116211,45.01765060424805,0.0,0.01704955923407343,-42.13990783691406,0
1DFJ,8,8.84927749633789,11.063871383666992,44.264835357666016,0.0,0.017870618705078386,-38.04660415649414,4
1DFJ,9,9.658430099487305,13.215405464172363,53.951324462890625,0.0,0.012313296925826658,-37.68924331665039,0
1DFJ,10,5.455620288848877,7.493585109710693,26.17478370666504,0.0,0.044640292066718094,-34.80470275878906,2
1DFJ,11,10.233744621276855,13.82556438446045,48.3942985534668,0.0,0.013853507829040915,-35.89057159423828,2
1DFJ,12,9.751091957092285,12.782029151916504,49.28694152832031,0.0,0.014155897038356994,-40.185054779052734,1
1DFJ,13,8.446166038513184,10.781862258911133,46.98407745361328,0.0,0.01689319862472459,-34.26408767700195,3
1DFJ,14,9.833608627319336,11.773801803588867,47.194366455078125,0.0,0.015796992710903474,-35.25113296508789,3
6DBG,0,2.5531411170959473,2.9530370235443115,11.995704650878906,0.0,0.17978673329398887,-42.41339874267578,0
6DBG,1,9.817781448364258,9.424627304077148,45.3441276550293,0.0,0.019550646201350774,-40.503963470458984,0
6DBG,2,5.4080095291137695,3.388665199279785,19.081214904785156,0.0,0.10980638240972419,-47.91668701171875,0
6DBG,3,5.144787788391113,5.54580020904541,25.673856735229492,0.0,0.05565106732970495,-44.59735107421875,0
6DBG,4,10.540179252624512,9.05349349975586,46.102725982666016,0.0,0.019864067818599587,-38.337501525878906,0
6DBG,5,5.716943740844727,5.718878269195557,29.467557907104492,0.0,0.047060387845779705,-43.16609191894531,0
6DBG,6,3.2659988403320312,3.2982120513916016,18.63852310180664,0.0,0.1145187569694683,-40.883506774902344,0
6DBG,7,3.6174519062042236,4.314830303192139,18.053342819213867,0.0,0.09642517625391793,-43.32564926147461,0
6DBG,8,6.173511505126953,5.487574577331543,24.09392547607422,0.0,0.06006848536399484,-47.46864318847656,0
6DBG,9,2.4078574180603027,2.679854154586792,12.401717185974121,0.0,0.18605838835975122,-45.21006774902344,0
6DBG,10,8.797744750976562,8.457526206970215,40.96332550048828,0.0,0.02392537691646328,-45.099212646484375,0
6DBG,11,5.2325897216796875,5.032892227172852,29.854637145996094,0.0,0.052188009503651954,-38.33806228637695,0
6DBG,12,4.85955810546875,5.495102882385254,25.317216873168945,0.0,0.05688267011625378,-44.94309997558594,0
6DBG,13,10.073036193847656,9.589890480041504,45.752986907958984,0.0,0.019081363762666965,-44.423301696777344,0
6DBG,14,8.733743667602539,8.32314395904541,42.38437271118164,0.0,0.02337373475348332,-42.8317756652832,0
4HX3,0,18.161033630371094,18.061189651489258,54.59333038330078,0.0,0.010172645119125372,-35.07636642456055,0
4HX3,1,15.145726203918457,12.89677906036377,51.02143096923828,0.0,0.013450654544134943,-40.61323928833008,0
4HX3,2,16.325212478637695,17.451406478881836,48.7015495300293,0.0,0.01229827443328313,-42.604522705078125,0
4HX3,3,21.502958297729492,18.879486083984375,63.504486083984375,0.0,0.007957700598629883,-23.177871704101562,1
4HX3,4,22.279531478881836,19.984163284301758,66.8859634399414,0.0,0.007165170306244304,-31.769006729125977,0
4HX3,5,17.608814239501953,18.317350387573242,54.833553314208984,0.0,0.010042294321895089,-24.28818702697754,1
4HX3,6,21.894868850708008,19.815481185913086,66.80174255371094,0.0,0.00721007135426898,-40.98064422607422,0
4HX3,7,22.45615577697754,19.362028121948242,66.64368438720703,0.0,0.007324351121177828,-28.818788528442383,0
4HX3,8,22.302406311035156,16.838829040527344,60.758811950683594,0.0,0.009022781569574546,-35.23571014404297,0
4HX3,9,22.618452072143555,19.482091903686523,65.53884887695312,0.0,0.007478469772893708,-39.23343276977539,0
4HX3,10,22.27944564819336,19.041839599609375,66.08600616455078,0.0,0.007480336726641802,-35.38665008544922,0
4HX3,11,22.506330490112305,19.68238067626953,66.6242446899414,0.0,0.007263577663715849,-27.094799041748047,0
4HX3,12,17.049911499023438,17.69780158996582,51.86736297607422,0.0,0.011095496912948519,-39.893333435058594,0
4HX3,13,20.898269653320312,19.78292465209961,53.75017166137695,0.0,0.010038023973157523,-27.937665939331055,0
4HX3,14,18.715818405151367,18.387645721435547,56.40098190307617,0.0,0.009606270763967624,-33.49624252319336,0
1ZHI,0,17.31855583190918,19.689010620117188,39.66889953613281,0.0,0.01655610618676835,-32.289886474609375,0
1ZHI,1,17.338539123535156,18.818317413330078,41.68059539794922,0.0,0.015413724286838869,-31.38797378540039,5
1ZHI,2,22.859760284423828,22.885164260864258,59.91828155517578,0.0,0.008001650805162531,-23.544986724853516,19
1ZHI,3,17.378589630126953,14.034796714782715,34.33648681640625,0.0,0.023012084488537116,-29.902477264404297,14
1ZHI,4,15.236747741699219,16.04658317565918,34.96082305908203,0.0,0.021491691667036083,-31.01296615600586,5
1ZHI,5,24.359159469604492,23.653003692626953,59.6588020324707,0.0,0.007967125585568205,-26.236114501953125,11
1ZHI,6,19.642669677734375,21.319944381713867,48.69334030151367,0.0,0.01149881451239223,-30.139253616333008,6
1ZHI,7,14.086849212646484,15.684467315673828,35.23480987548828,0.0,0.021352979017169735,-49.07898712158203,0
1ZHI,8,20.49879264831543,22.742122650146484,57.84181213378906,0.0,0.008490008263965015,-24.001907348632812,8
1ZHI,9,18.255186080932617,15.429079055786133,36.41100311279297,0.0,0.020347868030073126,-28.66486358642578,17
1ZHI,10,22.137752532958984,17.975656509399414,50.933841705322266,0.0,0.011336831514789397,-23.910499572753906,23
1ZHI,11,16.046255111694336,17.249542236328125,38.216278076171875,0.0,0.018214359517777893,-31.93462371826172,4
1ZHI,12,15.874166488647461,17.098289489746094,42.6861457824707,0.0,0.015259008365527071,-30.58034896850586,5
1ZHI,13,15.358981132507324,14.824541091918945,34.12514877319336,0.0,0.02285079485142918,-27.886613845825195,14
1ZHI,14,22.99428367614746,22.90104103088379,58.97865676879883,0.0,0.008206578830069323,-23.439403533935547,20
1GRN,0,16.340492248535156,12.84025764465332,31.385631561279297,0.0,0.02726570976089156,-49.69881820678711,0
1GRN,1,8.518671035766602,7.488543510437012,26.061182022094727,0.2,0.11157470284784816,-42.32295608520508,1
1GRN,2,8.062424659729004,7.206494331359863,22.749448776245117,0.0,0.05467575849195113,-43.827919006347656,1
1GRN,3,15.929443359375,12.495750427246094,30.721223831176758,0.0,0.028438085666924764,-48.65542221069336,0
1GRN,4,20.02251434326172,16.172170639038086,33.93975830078125,0.0,0.022516579718562062,-41.58564758300781,0
1GRN,5,11.808597564697266,10.406623840332031,39.73893356323242,0.0,0.02136768994835624,-37.94725799560547,1
1GRN,6,6.742103576660156,6.441422462463379,26.53199005126953,0.0,0.048173389182740466,-37.83088684082031,2
1GRN,7,16.234006881713867,14.933647155761719,54.900718688964844,0.0,0.01113263388923001,-33.7671012878418,3
1GRN,8,8.366942405700684,7.59050178527832,25.79611587524414,0.2,0.11184167941631822,-42.09679412841797,0
1GRN,9,16.45547103881836,14.74338150024414,48.99591064453125,0.0,0.013154134415531295,-34.72411346435547,2
1GRN,10,12.356261253356934,10.363775253295898,25.131040573120117,0.0,0.04105752452471036,-34.408687591552734,3
1GRN,11,8.139800071716309,7.74833869934082,23.517480850219727,0.0,0.050554580677079734,-44.594112396240234,0
1GRN,12,32.17051696777344,33.251373291015625,81.78844451904297,0.0,0.004238734496400825,0.0,0
1GRN,13,9.19525146484375,8.488529205322266,23.754926681518555,0.2,0.11459454632409398,-37.5777587890625,1
1GRN,14,11.209856986999512,10.163900375366211,28.775617599487305,0.2,0.10052272937900915,-35.51604080200195,1
1H1V,0,27.4315128326416,24.4105281829834,74.24890899658203,0.0,0.005565950271381208,-37.67598342895508,14
1H1V,1,20.670360565185547,17.59906768798828,72.25810241699219,0.0,0.006953641118334225,-36.20701217651367,26
1H1V,2,14.19363021850586,13.99934196472168,25.62818145751953,0.0,0.03681714364697655,-29.966686248779297,29
1H1V,3,18.218503952026367,14.585514068603516,50.74559020996094,0.0,0.012585675622709467,-31.069332122802734,13
1H1V,4,15.369751930236816,13.207596778869629,35.570674896240234,0.0,0.022250629748624632,-35.25033187866211,19
1H1V,5,20.426353454589844,19.539775848388672,71.13119506835938,0.0,0.006645727889792996,-31.65428352355957,27
1H1V,6,19.56084632873535,21.5389461517334,70.4632797241211,0.0,0.006389811561523888,-35.50026321411133,19
1H1V,7,16.686100006103516,15.46889591217041,35.46860885620117,0.0,0.02120918168590508,-34.02352523803711,22
1H1V,8,10.823084831237793,11.696714401245117,20.740476608276367,0.0,0.05332814790701845,-28.711437225341797,39
1H1V,9,23.800413131713867,17.99274253845215,69.90071105957031,0.0,0.007157809967748272,-34.402069091796875,25
1H1V,10,25.397871017456055,17.82969093322754,52.59884262084961,0.0,0.010826035276873756,-34.23484802246094,8
1H1V,11,14.193340301513672,14.349357604980469,22.566234588623047,0.0,0.04502005131138798,-33.8448371887207,26
1H1V,12,14.60193157196045,12.13220500946045,28.121431350708008,0.0,0.032923152324268595,-33.625022888183594,10
1H1V,13,17.821699142456055,16.863292694091797,44.36545944213867,0.0,0.014419107493464216,-33.14312744140625,54
1H1V,14,27.533082962036133,22.54576873779297,72.662109375,0.0,0.005968818800592781,-40.16598129272461,6
2VXT,0,11.88051986694336,10.479204177856445,24.108665466308594,0.133333,0.08799105268745017,-32.36236572265625,3
2VXT,1,15.809386253356934,13.416096687316895,42.49906539916992,0.0,0.01693646989498902,-21.744478225708008,5
2VXT,2,21.413009643554688,16.21820068359375,55.165565490722656,0.0,0.010557393228912365,-38.41394805908203,0
2VXT,3,11.866580963134766,11.382162094116211,23.059118270874023,0.0,0.045565139214630894,-40.463809967041016,4
2VXT,4,18.561405181884766,14.316914558410645,52.315147399902344,0.0,0.012192523097084356,-38.49569320678711,2
2VXT,5,12.067658424377441,11.788351058959961,24.1483154296875,0.0,0.042057546616181885,-38.05826950073242,4
2VXT,6,11.645222663879395,11.307942390441895,22.690845489501953,0.0,0.04678305697384453,-33.507747650146484,3
2VXT,7,6.003385543823242,6.848140716552734,19.187734603881836,0.0,0.0699430875131286,-32.30637741088867,3
2VXT,8,11.278326034545898,9.98902702331543,23.521493911743164,0.0,0.04585260574038963,-28.697967529296875,21
2VXT,9,11.77608585357666,10.949557304382324,23.100929260253906,0.133333,0.09033252766435063,-34.46773147583008,3
2VXT,10,12.851569175720215,10.918684005737305,27.937498092651367,0.0,0.034416319403781044,-36.67914581298828,1
2VXT,11,23.89366340637207,19.191503524780273,61.82221603393555,0.0,0.00820829613954168,-38.07742691040039,2
2VXT,12,18.459678649902344,13.420172691345215,48.39899826049805,0.0,0.014086526104188618,-30.626869201660156,4
2VXT,13,4.404458522796631,4.873353958129883,8.986845970153809,0.133333,0.23068457659453642,-35.062862396240234,1
2VXT,14,4.794119834899902,5.515710353851318,13.614212989807129,0.0,0.11644705453360643,-36.63652420043945,0
6A77,0,11.046605110168457,13.221238136291504,29.710866928100586,0.0,0.029454594261519727,-29.109031677246094,5
6A77,1,8.978081703186035,10.553045272827148,21.816997528076172,0.0,0.050530278948090146,-35.62211608886719,1
6A77,2,9.0363187789917,10.081607818603516,24.507265090942383,0.0,0.04301195470858068,-21.484453201293945,35
6A77,3,9.343402862548828,11.117353439331055,22.540807723999023,0.0,0.04745849021728495,-33.3710823059082,4
6A77,4,7.977612018585205,10.309455871582031,19.65094757080078,0.0,0.05944691725427051,-30.150835037231445,5
6A77,5,13.685970306396484,15.622306823730469,35.866336822509766,0.0,0.020770992675155735,-24.177383422851562,65
6A77,6,11.762187957763672,16.303190231323242,36.946170806884766,0.0,0.01955435755086062,-42.144187927246094,0
6A77,7,5.9229960441589355,8.526198387145996,14.334982872009277,0.0,0.09671844878051329,-31.451337814331055,1
6A77,8,9.365928649902344,11.157870292663574,22.65874481201172,0.0,0.047038335336620385,-34.61066818237305,3
6A77,9,9.163790702819824,11.187995910644531,22.10120964050293,0.0,0.04883721868785523,-36.828208923339844,1
6A77,10,8.775447845458984,10.081832885742188,22.865341186523438,0.0,0.04769010986096637,-24.972747802734375,21
6A77,11,10.001995086669922,10.178180694580078,26.779407501220703,0.0,0.037594727144388475,-31.573328018188477,3
6A77,12,9.759032249450684,12.380264282226562,23.370759963989258,0.0,0.04376441842979698,-32.74073791503906,4
6A77,13,27.732328414916992,33.15679931640625,78.41790008544922,0.0,0.004551725657649796,-29.255401611328125,6
6A77,14,7.064676761627197,9.307887077331543,17.299989700317383,0.0,0.0732580615819311,-30.396251678466797,4
1K5D,0,18.045175552368164,16.937259674072266,66.31822204589844,0.0,0.007981412285447893,-39.489418029785156,3
1K5D,1,9.286835670471191,7.533567428588867,32.92716979980469,0.0,0.03353611860099003,-38.86034393310547,0
1K5D,2,14.717996597290039,9.896475791931152,29.801836013793945,0.0,0.03256213156915874,-27.495832443237305,42
1K5D,3,7.6101460456848145,6.2087082862854,27.055749893188477,0.0,0.04832780464187266,-37.680294036865234,0
1K5D,4,25.73084259033203,14.470736503601074,43.45042419433594,0.0,0.01582977697444245,-42.156005859375,0
1K5D,5,8.654619216918945,7.8834967613220215,33.73957061767578,0.0,0.031539624194950544,-40.79631042480469,0
1K5D,6,30.512208938598633,12.978401184082031,55.95726013183594,0.0,0.011911860183238747,-34.878665924072266,26
1K5D,7,20.146757125854492,13.232730865478516,61.34468460083008,0.0,0.010507992762564611,-31.48343849182129,17
1K5D,8,29.30930519104004,15.07004165649414,45.85624313354492,0.0625,0.035175924425427794,-43.47377395629883,0
1K5D,9,9.850914001464844,7.204108238220215,23.706472396850586,0.125,0.09348883988911261,-29.455617904663086,5
1K5D,10,27.01805305480957,14.79610538482666,48.55373764038086,0.0625,0.03413631488704403,-43.93500900268555,0
1K5D,11,28.836021423339844,15.318792343139648,48.112709045410156,0.0,0.013254710152711837,-41.51012420654297,0
1K5D,12,28.870718002319336,14.743180274963379,45.537593841552734,0.0625,0.03547129201254549,-47.10740280151367,0
1K5D,13,8.254921913146973,6.586426258087158,29.230518341064453,0.0,0.042425216114255836,-38.98474884033203,1
1K5D,14,29.81789779663086,17.091054916381836,67.064697265625,0.0,0.007817915178832265,-34.371158599853516,9
1I2M,0,11.76680850982666,16.296897888183594,54.247352600097656,0.0,0.010787962564132815,-42.64479064941406,14
1I2M,1,10.692225456237793,12.784156799316406,47.381927490234375,0.0,0.014919526652983954,-48.266807556152344,1
1I2M,2,13.713069915771484,16.040281295776367,56.255794525146484,0.0,0.010329819292692383,-51.383487701416016,0
1I2M,3,12.71987533569336,14.109127044677734,47.23398208618164,0.0,0.014181475810078274,-41.609169006347656,0
1I2M,4,11.646397590637207,12.383174896240234,45.57211685180664,0.0,0.016026676727594405,-58.31118392944336,0
1I2M,5,9.591833114624023,11.121439933776855,42.88400650024414,0.111111,0.055592963576784726,-45.38371658325195,0
1I2M,6,11.689498901367188,13.520159721374512,47.6043815612793,0.555555,0.19953701966868162,-47.17353439331055,1
1I2M,7,12.142328262329102,15.2120361328125,53.394290924072266,0.0,0.01144853370039566,-41.441707611083984,0
1I2M,8,14.638175964355469,15.911663055419922,56.37623977661133,0.0,0.010345260678019027,-43.72947692871094,0
1I2M,9,11.583316802978516,12.472516059875488,45.53289794921875,0.0,0.01597751230500311,-54.71999740600586,0
1I2M,10,12.220596313476562,13.151263236999512,46.674110412597656,0.0,0.014980949380005758,-45.34374237060547,0
1I2M,11,12.085772514343262,13.38675308227539,46.53297805786133,0.0,0.014896426179339855,-49.450103759765625,0
1I2M,12,12.577825546264648,13.706506729125977,45.7998046875,0.0,0.015043876057500937,-49.709110260009766,0
1I2M,13,11.66672134399414,13.250679016113281,46.87767028808594,0.222222,0.0889019912265049,-46.35721206665039,0
1I2M,14,9.893077850341797,12.07237434387207,46.15919494628906,0.0,0.016000286891615548,-49.35628128051758,0
1ZHH,0,21.086833953857422,22.026859283447266,44.12790298461914,0.0,0.013463939706671564,-49.401119232177734,0
1ZHH,1,16.956804275512695,19.61391830444336,33.3328857421875,0.0,0.02229035403669746,-37.60140609741211,1
1ZHH,2,28.082902908325195,26.057344436645508,65.80818939208984,0.0,0.006570736832900717,-22.710004806518555,12
1ZHH,3,20.931907653808594,21.9362735748291,40.55989074707031,0.0,0.015574854700093845,-43.54465103149414,0
1ZHH,4,20.387052536010742,21.129985809326172,42.80900573730469,0.0,0.014314489890740264,-42.83934783935547,0
1ZHH,5,26.293622970581055,28.413463592529297,72.2488021850586,0.0,0.00547718664766135,-38.158836364746094,0
1ZHH,6,20.69766616821289,21.055131912231445,41.10707473754883,0.0,0.01535110002396728,-44.994503021240234,0
1ZHH,7,16.21714210510254,16.625770568847656,36.90991973876953,0.0,0.019478973304052974,-34.63360595703125,2
1ZHH,8,21.47846221923828,22.56871223449707,43.25102615356445,0.0,0.013861550145932008,-36.48004913330078,0
1ZHH,9,14.021916389465332,15.75133991241455,30.189119338989258,0.0,0.027479815361687757,-31.229049682617188,1
1ZHH,10,19.816177368164062,19.905202865600586,41.45722579956055,0.0,0.015329440671046293,-49.22779846191406,0
1ZHH,11,21.812057495117188,25.46763038635254,60.2079963684082,0.0,0.007666184303200094,-37.691280364990234,0
1ZHH,12,21.80098533630371,22.029603958129883,48.29568862915039,0.0,0.011553304137295226,-51.13395309448242,0
1ZHH,13,20.11525535583496,22.357511520385742,40.53228759765625,0.0,0.015535509021939132,-35.980857849121094,0
1ZHH,14,20.941938400268555,21.707338333129883,42.80093765258789,0.0,0.014231766539364164,-49.08393096923828,0
3DAW,0,10.411018371582031,9.723401069641113,31.98931312561035,0.0,0.02973091781828441,-46.15066146850586,4
3DAW,1,26.972122192382812,22.39506721496582,77.79756164550781,0.0,0.00542087696707217,-45.44894790649414,2
3DAW,2,23.609786987304688,20.29183578491211,66.16156768798828,0.0,0.007224024410104404,-48.225223541259766,0
3DAW,3,15.808732032775879,14.254695892333984,45.57145690917969,0.0,0.014857310769212415,-35.954673767089844,2
3DAW,4,25.52128791809082,22.614290237426758,79.63516998291016,0.0,0.005214921985067758,-44.499053955078125,4
3DAW,5,24.842426300048828,21.0944881439209,68.56599426269531,0.0,0.006722165844223894,-57.3468017578125,0
3DAW,6,25.491474151611328,22.036596298217773,78.30386352539062,0.0,0.00541938499815161,-49.32292175292969,1
3DAW,7,27.497209548950195,22.68425941467285,77.6528549194336,0.0,0.005397820210924782,-46.89384078979492,2
3DAW,8,25.935272216796875,21.536983489990234,71.35321807861328,0.0,0.006273245893219572,-38.737892150878906,3
3DAW,9,12.424232482910156,12.801727294921875,28.996753692626953,0.0,0.030890879101400395,-44.72247314453125,2
3DAW,10,19.068418502807617,17.3436222076416,54.878692626953125,0.0,0.010284151718462762,-51.30271911621094,0
3DAW,11,25.581850051879883,22.2658748626709,79.22039031982422,0.0,0.005299740055113429,-46.69876480102539,2
3DAW,12,23.9619083404541,19.687273025512695,68.10006713867188,0.0,0.007037248838283715,-51.384159088134766,0
3DAW,13,13.121383666992188,15.522797584533691,26.795873641967773,0.0,0.03355865090693624,-51.05050277709961,0
3DAW,14,15.559082984924316,15.635218620300293,38.963077545166016,0.0,0.018183218915732217,-52.56113815307617,0
2X9A,0,8.368560791015625,8.8607759475708,17.629772186279297,0.0,0.07215749293368451,-42.968162536621094,0
2X9A,1,11.2083101272583,11.125866889953613,31.359289169311523,0.0,0.02876437184720107,-35.653175354003906,0
2X9A,2,11.10399055480957,11.217166900634766,32.08357620239258,0.0,0.02771797498949581,-36.086891174316406,2
2X9A,3,11.663968086242676,11.520312309265137,30.285980224609375,0.0,0.029896012342668875,-41.97262191772461,0
2X9A,4,14.864975929260254,11.217595100402832,36.332481384277344,0.0,0.023153039391788918,-32.009132385253906,8
2X9A,5,12.086105346679688,12.680547714233398,47.14767074584961,0.0,0.015093048936972204,-46.92499923706055,0
2X9A,6,9.498562812805176,9.828045845031738,20.204830169677734,0.0,0.05771093291242093,-37.698760986328125,0
2X9A,7,14.119296073913574,14.600253105163574,52.18546676635742,0.0,0.012096424343457349,-47.32427978515625,0
2X9A,8,10.25212287902832,8.046597480773926,28.10162925720215,0.333333,0.1502458806207281,-31.85915756225586,23
2X9A,9,11.990387916564941,12.55092716217041,45.183502197265625,0.0,0.016087467631245245,-39.52787399291992,0
2X9A,10,13.167033195495605,13.974950790405273,50.86662292480469,0.0,0.01285155242818121,-42.58002853393555,0
2X9A,11,9.860574722290039,11.077598571777344,35.709022521972656,0.0,0.02387590584326993,-43.7847900390625,0
2X9A,12,8.322636604309082,8.699169158935547,29.483543395996094,0.0,0.035203523629085826,-42.91428756713867,0
2X9A,13,9.27752685546875,9.556621551513672,30.63670539855957,0.0,0.031839269327015175,-41.3177490234375,0
2X9A,14,13.379312515258789,13.865955352783203,39.861968994140625,0.0,0.01835306944134118,-40.30510711669922,0
1XU1,0,8.281526565551758,10.536535263061523,31.290199279785156,0.0,0.029528997000169515,-36.902793884277344,5
1XU1,1,7.052273750305176,10.535013198852539,27.238813400268555,0.0,0.036202335524766836,-39.479618072509766,5
1XU1,2,5.639837741851807,6.828995227813721,22.2678165435791,0.0,0.05773442365320392,-41.057655334472656,1
1XU1,3,8.520405769348145,13.348982810974121,30.418312072753906,0.0,0.028299501976774392,-31.07073211669922,28
1XU1,4,4.62495231628418,8.638998985290527,15.928298950195312,0.333333,0.19475033160647195,-38.6308479309082,5
1XU1,5,7.379952907562256,9.731425285339355,28.622364044189453,0.0,0.03475060206837808,-38.59359359741211,5
1XU1,6,5.309161186218262,7.055027484893799,20.283687591552734,0.0,0.06420866703158934,-37.41328811645508,8
1XU1,7,4.179558753967285,4.987338542938232,16.24695587158203,0.166667,0.15483797445009925,-42.824161529541016,0
1XU1,8,8.682707786560059,10.881417274475098,32.29924392700195,0.0,0.02780594988271561,-35.71209716796875,13
1XU1,9,6.603196620941162,10.337307929992676,25.56492042541504,0.0,0.040054884699320656,-38.10308837890625,4
1XU1,10,4.337806224822998,5.363572597503662,16.913776397705078,0.166667,0.14694595401630225,-47.366676330566406,1
1XU1,11,4.6966729164123535,8.0089111328125,16.18708038330078,0.166667,0.13889930425639624,-37.24507141113281,10
1XU1,12,8.525784492492676,13.444121360778809,30.38181495666504,0.0,0.02829543182773449,-32.2516975402832,27
1XU1,13,8.870257377624512,10.907342910766602,34.14970779418945,0.0,0.025633402263295652,-44.260746002197266,3
1XU1,14,9.834813117980957,14.764617919921875,35.04171371459961,0.0,0.021928509536279478,-31.277969360351562,34
4LW4,0,14.317270278930664,11.643660545349121,45.778167724609375,0.0,0.016550798929681993,-30.334232330322266,1
4LW4,1,10.646727561950684,11.40817928314209,32.17277908325195,0.0,0.02741366036241379,-31.552160263061523,8
4LW4,2,10.561049461364746,12.54754638671875,30.734560012817383,0.0,0.028380519290981333,-33.016075134277344,6
4LW4,3,10.800171852111816,12.243632316589355,31.518402099609375,0.0,0.027528594628960377,-36.81721115112305,2
4LW4,4,10.57286262512207,12.437847137451172,30.8432559967041,0.0,0.028307662793140495,-33.93532180786133,4
4LW4,5,23.1586856842041,19.71566390991211,64.64676666259766,0.0,0.007583095636750675,-22.537975311279297,61
4LW4,6,26.03626251220703,26.656518936157227,77.45011138916016,0.0,0.005019256168320858,-31.41417121887207,3
4LW4,7,5.463649749755859,5.286365032196045,18.350860595703125,0.0,0.08372087795673894,-29.157997131347656,8
4LW4,8,11.340258598327637,11.972640037536621,34.378761291503906,0.0,0.024354232124218902,-34.75775146484375,3
4LW4,9,8.63684368133545,12.286632537841797,22.121129989624023,0.0,0.0477790555652606,-29.97176742553711,12
4LW4,10,24.691930770874023,25.8376407623291,74.61380767822266,0.0,0.005390176576840145,-27.1130428314209,6
4LW4,11,7.5900397300720215,7.649174213409424,25.000530242919922,0.0,0.046882817558676015,-28.24129867553711,10
4LW4,12,25.236711502075195,25.239192962646484,76.22168731689453,0.0,0.0052676343384778215,-29.83437156677246,5
4LW4,13,8.697071075439453,9.462749481201172,26.97031021118164,0.0,0.038287933949686194,-32.205745697021484,8
4LW4,14,11.138954162597656,12.807624816894531,32.83493423461914,0.0,0.025445380186576116,-31.591711044311523,8
3EO1,0,32.78227233886719,33.14065170288086,105.2142562866211,0.0,0.0028429105631895633,-25.013113021850586,11
3EO1,1,18.081071853637695,11.74423885345459,48.85430908203125,0.157895,0.06777601954229652,-20.280441284179688,22
3EO1,2,21.09466552734375,16.081737518310547,46.4455451965332,0.0,0.013677390274617826,-19.836048126220703,79
3EO1,3,14.606043815612793,10.018864631652832,43.20305252075195,0.052632,0.03727404144259638,-22.545507431030273,19
3EO1,4,15.778934478759766,16.243444442749023,39.7470703125,0.0,0.017396081269368896,-26.87040901184082,0
3EO1,5,19.364656448364258,15.91494369506836,45.01115036010742,0.0,0.014412812529303503,-24.964553833007812,0
3EO1,6,22.379417419433594,20.649141311645508,48.59107971191406,0.0,0.011646952984407466,-15.677734375,5
3EO1,7,38.017818450927734,32.110897064208984,85.12383270263672,0.0,0.004016617453558982,-28.54295539855957,63
3EO1,8,16.154674530029297,16.77800178527832,39.56871795654297,0.0,0.017346646458963732,-21.924907684326172,3
3EO1,9,20.317441940307617,14.95408821105957,47.22612380981445,0.0,0.013779811627533679,-35.04188537597656,0
3EO1,10,13.143132209777832,9.95302963256836,38.18415832519531,0.105263,0.058228343737622805,-21.764177322387695,1
3EO1,11,20.105905532836914,17.722124099731445,45.20118713378906,0.0,0.01375576920789399,-26.120441436767578,0
3EO1,12,20.71951675415039,14.799726486206055,50.55098342895508,0.0,0.012554685586531113,-20.96708869934082,2
3EO1,13,16.522964477539062,14.21782398223877,42.546241760253906,0.0,0.01646306724452049,-20.01363182067871,11
3EO1,14,24.38050651550293,23.990501403808594,59.25138473510742,0.0,0.008019639528329849,-34.57058334350586,25
1AK4,0,15.816213607788086,13.456868171691895,32.631256103515625,0.0,0.025271381803418008,-31.64520835876465,54
1AK4,1,14.449836730957031,6.859548568725586,34.72370910644531,0.230769,0.11097968621252008,-40.96459197998047,12
1AK4,2,16.94622039794922,12.589107513427734,34.4334602355957,0.0,0.02381151243007849,-39.662513732910156,5
1AK4,3,12.897416114807129,6.894040107727051,34.76863098144531,0.076923,0.05950679671244335,-42.790733337402344,4
1AK4,4,16.719511032104492,9.51005744934082,30.628286361694336,0.0,0.03192819841080187,-40.37444305419922,12
1AK4,5,16.61040687561035,7.057754993438721,33.59353256225586,0.461538,0.18830841090397418,-43.77729797363281,4
1AK4,6,13.233065605163574,8.448590278625488,34.75429916381836,0.0,0.0289997165193245,-41.12638473510742,12
1AK4,7,12.427481651306152,7.288077354431152,29.461950302124023,0.384615,0.16736477991583842,-41.19987869262695,15
1AK4,8,13.51466178894043,6.758785724639893,32.113773345947266,0.461538,0.19131705201103985,-42.28922653198242,12
1AK4,9,17.19168472290039,7.347146987915039,34.43750762939453,0.384615,0.16068416461227683,-42.51533508300781,9
1AK4,10,15.633495330810547,6.773993968963623,35.27047348022461,0.307692,0.1364413742567527,-42.45981216430664,8
1AK4,11,13.216919898986816,8.298008918762207,26.791894912719727,0.153846,0.09231257729586471,-39.10163497924805,19
1AK4,12,17.610885620117188,12.38283634185791,34.40089797973633,0.0,0.02400016787638788,-40.263816833496094,8
1AK4,13,12.975604057312012,8.278948783874512,32.814449310302734,0.0,0.031554128749730175,-40.16176223754883,6
1AK4,14,11.076261520385742,9.75058364868164,23.42829132080078,0.0,0.04647934435944767,-40.728946685791016,20
1E6E,0,5.953608989715576,5.575644016265869,15.445192337036133,0.0,0.09998419484439817,-35.806610107421875,3
1E6E,1,9.454268455505371,12.464256286621094,21.77265739440918,0.0,0.04884321026302202,-36.00371170043945,4
1E6E,2,7.125394821166992,5.589888572692871,20.16459083557129,0.4,0.20601647666265263,-31.9693660736084,3
1E6E,3,6.717215061187744,5.454958438873291,18.33183479309082,0.3,0.18241620384191712,-31.925016403198242,7
1E6E,4,6.234437942504883,6.681099891662598,15.500395774841309,0.0,0.09305951342110234,-36.556392669677734,3
1E6E,5,5.691833019256592,5.5050201416015625,15.115911483764648,0.0,0.10311779999127997,-30.23971176147461,11
1E6E,6,7.384420871734619,5.928606986999512,20.553232192993164,0.3,0.16873848886499568,-33.614620208740234,9
1E6E,7,4.8054609298706055,4.487318515777588,13.144933700561523,0.6,0.3317866026499881,-28.14853286743164,3
1E6E,8,6.4594950675964355,5.8045244216918945,16.82867431640625,0.1,0.12195366710935922,-33.133331298828125,7
1E6E,9,9.39643669128418,10.344914436340332,23.6619815826416,0.0,0.044962042944166704,-26.50065040588379,30
1E6E,10,7.438685417175293,7.3151373863220215,18.887313842773438,0.0,0.06959104599694334,-34.17686462402344,4
1E6E,11,8.693714141845703,10.500717163085938,20.430051803588867,0.0,0.055851870336902136,-30.918848037719727,15
1E6E,12,9.130609512329102,8.864253997802734,22.783578872680664,0.0,0.050005917369583174,-28.428424835205078,25
1E6E,13,6.280241012573242,5.253265380859375,16.902727127075195,0.3,0.19240919142889965,-31.835838317871094,7
1E6E,14,4.75886869430542,5.50570011138916,11.38481330871582,0.0,0.14233722599601387,-29.700963973999023,3
2G77,0,7.603976249694824,6.772887706756592,14.772464752197266,0.0,0.09849535640729916,-45.496768951416016,1
2G77,1,24.58025550842285,18.02377700805664,61.705299377441406,0.0,0.008500205256354663,-35.3319206237793,3
2G77,2,15.410842895507812,13.677108764648438,48.99753189086914,0.0,0.013700163916356957,-37.49468994140625,3
2G77,3,22.303979873657227,18.1317081451416,62.52871322631836,0.0,0.008313713409776055,-38.81779861450195,0
2G77,4,4.2584309577941895,4.351820468902588,9.176654815673828,0.0,0.18932230308301345,-58.077049255371094,0
2G77,5,17.056747436523438,14.49727725982666,50.424560546875,0.0,0.01274081169719529,-37.295753479003906,1
2G77,6,20.915023803710938,16.982378005981445,53.648597717285156,0.0,0.010743086894533085,-47.024654388427734,0
2G77,7,9.461111068725586,7.953577995300293,17.738325119018555,0.25,0.1570292845698946,-44.24985122680664,0
2G77,8,12.502290725708008,10.035627365112305,23.323076248168945,0.25,0.12970006890696323,-38.34390640258789,4
2G77,9,14.727807998657227,12.860486030578613,47.55176544189453,0.0,0.014794859980074527,-35.99641418457031,3
2G77,10,21.34939193725586,16.311925888061523,52.84131622314453,0.0,0.011202727232700294,-33.89121627807617,3
2G77,11,20.159526824951172,15.699892044067383,52.795528411865234,0.0,0.01143710901144772,-38.33172607421875,2
2G77,12,16.90395736694336,14.254210472106934,51.17230224609375,0.0,0.012600902829813862,-41.73068618774414,0
2G77,13,8.314645767211914,7.359932899475098,16.345687866210938,0.0,0.08424545215192336,-43.5514030456543,0
2G77,14,8.961491584777832,7.522912979125977,17.449115753173828,0.25,0.16000757309395883,-41.603424072265625,0
3SZK,0,19.25522232055664,13.702661514282227,46.88180160522461,0.0,0.01455578116307663,-38.82661819458008,10
3SZK,1,20.07863998413086,15.734821319580078,66.52313232421875,0.0,0.008356721009872769,-40.572731018066406,1
3SZK,2,14.456756591796875,13.373283386230469,47.75685119628906,0.0,0.0143767844201789,-38.51198196411133,1
3SZK,3,18.457950592041016,12.817852973937988,46.773738861083984,0.0,0.015159411974421865,-39.014774322509766,4
3SZK,4,17.184404373168945,16.03290367126465,52.9076042175293,0.0,0.011279483328275747,-47.27599334716797,0
3SZK,5,14.079357147216797,10.855252265930176,45.084041595458984,0.0,0.017687485433430607,-39.89794158935547,2
3SZK,6,21.145950317382812,17.00852394104004,69.798583984375,0.0,0.007443680205724068,-56.49594497680664,0
3SZK,7,19.935508728027344,16.45738410949707,66.39363861083984,0.0,0.008121597937840624,-36.885154724121094,1
3SZK,8,20.88175392150879,16.543241500854492,66.51544189453125,0.0,0.008074045415213027,-44.167781829833984,1
3SZK,9,19.405981063842773,16.068883895874023,57.938350677490234,0.0,0.009902749306337706,-39.67108917236328,0
3SZK,10,20.144031524658203,14.982078552246094,64.57915496826172,0.0,0.008984545666948458,-37.60976028442383,3
3SZK,11,20.993242263793945,17.763669967651367,69.23571014404297,0.0,0.007309467317000627,-50.05097198486328,0
3SZK,12,20.90428924560547,16.81711196899414,68.15028381347656,0.0,0.007736935421960957,-54.56635665893555,0
3SZK,13,19.8179874420166,13.221549987792969,50.06931686401367,0.0,0.01357343657287643,-42.41197204589844,1
3SZK,14,17.98444175720215,13.039223670959473,45.08366775512695,0.0,0.01579576744375515,-37.71833419799805,2
4IZ7,0,14.147945404052734,19.8148193359375,49.08854675292969,0.0,0.01160277411393168,-34.754634857177734,0
4IZ7,1,14.633805274963379,20.24057388305664,45.39632797241211,0.0,0.013111115284574959,-38.02719497680664,0
4IZ7,2,14.704106330871582,20.130123138427734,46.331722259521484,0.0,0.012694449462671795,-34.79439926147461,0
4IZ7,3,11.165777206420898,14.630499839782715,30.169708251953125,0.0,0.02798064614295258,-42.76465606689453,0
4IZ7,4,12.015331268310547,18.30996322631836,34.06740188598633,0.0,0.021757065619074308,-37.26660919189453,0
4IZ7,5,14.298868179321289,19.448383331298828,47.280521392822266,0.0,0.012407231183912508,-32.6917839050293,0
4IZ7,6,13.166199684143066,19.211891174316406,36.992347717285156,0.0,0.01873627470705216,-39.5620002746582,0
4IZ7,7,13.642379760742188,18.687610626220703,44.74835205078125,0.0,0.013742153306431788,-34.29587173461914,0
4IZ7,8,12.313813209533691,19.30034065246582,35.72480773925781,0.0,0.01986050985745804,-41.82948303222656,0
4IZ7,9,14.502907752990723,18.19510269165039,46.63750457763672,0.0,0.012966676611087982,-34.68406295776367,0
4IZ7,10,11.720412254333496,14.94603443145752,32.40281295776367,0.0,0.02478493643838595,-42.66205978393555,0
4IZ7,11,9.97551155090332,14.003710746765137,27.464597702026367,0.0,0.03291815137008633,-41.96598434448242,0
4IZ7,12,12.0421724319458,18.409547805786133,34.36902618408203,0.0,0.02141155042625584,-40.55735397338867,0
4IZ7,13,9.499946594238281,12.730938911437988,22.062742233276367,0.0,0.047645837111345936,-39.43852996826172,0
4IZ7,14,11.64129638671875,13.739147186279297,30.415693283081055,0.0,0.028073385522674008,-41.58393096923828,0
1US7,0,24.46634292602539,20.319557189941406,47.047794342041016,0.0,0.012342960775894798,-27.443592071533203,15
1US7,1,17.315866470336914,17.908353805541992,60.83037567138672,0.0,0.008706050767768826,-17.00822639465332,8
1US7,2,19.840274810791016,22.277191162109375,43.34864807128906,0.0,0.013846292899680831,-37.488399505615234,0
1US7,3,24.929563522338867,20.752099990844727,48.328086853027344,0.0,0.011734493912491288,-27.621746063232422,16
1US7,4,23.565406799316406,22.783069610595703,44.584716796875,0.0,0.013129332461568147,-31.635900497436523,0
1US7,5,83.08297729492188,89.8234634399414,179.68368530273438,0.0,0.000837197587772549,0.0,0
1US7,6,25.050140380859375,25.79874610900879,61.987457275390625,0.0,0.007275081547761071,-28.718896865844727,9
1US7,7,24.13156509399414,20.76247215270996,45.59431838989258,0.0,0.012926646156108825,-27.18340492248535,14
1US7,8,24.345617294311523,20.986886978149414,52.7912712097168,0.0,0.010117347111612435,-40.358036041259766,0
1US7,9,26.777843475341797,20.302658081054688,49.616966247558594,0.0,0.011313364081775015,-26.023195266723633,14
1US7,10,23.968591690063477,20.735464096069336,46.885414123535156,0.0,0.012342368392855777,-27.097862243652344,12
1US7,11,17.53580665588379,21.501440048217773,41.39866256713867,0.0,0.015098183917076577,-34.98477554321289,0
1US7,12,31.210878372192383,28.89540672302246,71.04337310791016,0.0,0.005600166488890532,-26.65932846069336,9
1US7,13,28.09177017211914,23.564821243286133,54.410682678222656,0.0,0.00928619785256053,-28.88323974609375,31
1US7,14,24.775373458862305,21.667856216430664,47.34583282470703,0.0,0.011998051381648972,-26.82576560974121,17
4DN4,0,9.066069602966309,11.520425796508789,28.051631927490234,0.0,0.03358855734090979,-32.93600082397461,4
4DN4,1,4.3312482833862305,5.70359468460083,14.277688026428223,0.0,0.10878960180929152,-35.34764862060547,1
4DN4,2,6.102725028991699,8.45834732055664,18.44282341003418,0.0,0.06856320985239438,-33.99175262451172,1
4DN4,3,8.705480575561523,11.371642112731934,26.894519805908203,0.0,0.03597261655854341,-32.56747055053711,1
4DN4,4,4.690755844116211,7.379629611968994,15.232776641845703,0.0,0.09237207401207044,-39.122047424316406,0
4DN4,5,6.748310565948486,8.905462265014648,19.595338821411133,0.0,0.061984007409946335,-40.85070037841797,0
4DN4,6,6.472505569458008,7.793579578399658,19.06192398071289,0.0,0.067193518200126,-31.167827606201172,4
4DN4,7,4.056407451629639,3.7375288009643555,15.388710021972656,0.0,0.12416557023374854,-34.34022903442383,2
4DN4,8,7.17547607421875,7.928100109100342,21.572200775146484,0.0,0.05631693959973711,-30.071876525878906,4
4DN4,9,6.285192966461182,7.350870132446289,19.620121002197266,0.0,0.06600077848691681,-32.943172454833984,2
4DN4,10,4.439460277557373,4.793764591217041,14.95182991027832,0.0,0.11114194314343949,-37.02144241333008,1
4DN4,11,7.096126079559326,7.672246932983398,21.252429962158203,0.0,0.058240221107679825,-34.41166305541992,3
4DN4,12,6.497129917144775,7.6249518394470215,18.834232330322266,0.0,0.06882341169784466,-34.355533599853516,1
4DN4,13,5.654349327087402,7.200568675994873,18.422988891601562,0.0,0.07236714660176426,-28.58943748474121,2
4DN4,14,6.839846611022949,7.752496719360352,20.214187622070312,0.0,0.06211216207163563,-31.354307174682617,3
1VFB,0,12.131458282470703,9.189780235290527,23.9738712310791,0.0,0.04587359556653376,-32.245079040527344,46
1VFB,1,12.654460906982422,11.101879119873047,22.14470672607422,0.0,0.04878032446788944,-39.64211654663086,16
1VFB,2,18.18096351623535,10.619706153869629,32.94493103027344,0.0,0.027324348608888573,-31.85073471069336,60
1VFB,3,11.92116928100586,11.485849380493164,23.363752365112305,0.0,0.044552275403331724,-36.90068054199219,48
1VFB,4,15.014652252197266,12.312355041503906,26.0802059173584,0.0,0.03688259424841937,-39.49281311035156,12
1VFB,5,16.56936264038086,10.421292304992676,29.060720443725586,0.0,0.03303530555314236,-34.932823181152344,47
1VFB,6,16.54498863220215,10.399885177612305,28.796815872192383,0.0,0.03350754889682353,-34.76653289794922,40
1VFB,7,15.616903305053711,11.080199241638184,27.58160400390625,0.0,0.034910743385618254,-36.949092864990234,38
1VFB,8,17.28243064880371,9.680865287780762,31.193864822387695,0.0,0.03085449015679564,-32.697166442871094,41
1VFB,9,17.86548614501953,10.786653518676758,32.356388092041016,0.0,0.027842294899099108,-31.102462768554688,55
1VFB,10,11.66170883178711,11.283395767211914,24.04218101501465,0.0,0.04282412895356882,-43.46580123901367,1
1VFB,11,16.4144287109375,12.3666410446167,30.226713180541992,0.0,0.02926063937505757,-33.40665817260742,55
1VFB,12,13.256513595581055,11.730441093444824,23.414627075195312,0.0,0.044175877340645035,-38.4356575012207,18
1VFB,13,16.494041442871094,10.09036922454834,29.1976261138916,0.0,0.03325003200306728,-33.650848388671875,47
1VFB,14,16.949649810791016,10.884860038757324,30.240440368652344,0.0,0.0306193122817387,-31.34942054748535,56
2H7V,0,26.29172134399414,28.646345138549805,59.24982833862305,0.0,0.0076333971647092715,-29.31262969970703,4
2H7V,1,24.252355575561523,23.919240951538086,57.14664077758789,0.0,0.008520679457217864,-40.016761779785156,0
2H7V,2,26.56973648071289,28.992610931396484,63.97611999511719,0.0,0.006671911854533794,-32.221736907958984,11
2H7V,3,39.046138763427734,41.816009521484375,107.69747161865234,0.0,0.0024918886681780093,-43.71539306640625,0
2H7V,4,31.64031410217285,37.072471618652344,102.78762817382812,0.0,0.002808806624208059,-27.183517456054688,1
2H7V,5,12.26852798461914,13.249931335449219,23.25579261779785,0.0,0.04350037797283094,-39.619659423828125,0
2H7V,6,18.3443660736084,16.32738494873047,31.203899383544922,0.0,0.02581551760004967,-28.207487106323242,2
2H7V,7,37.57730484008789,38.991790771484375,105.68017578125,0.0,0.002635115890654368,-31.22404670715332,2
2H7V,8,34.84944152832031,41.583126068115234,104.30142211914062,0.0,0.0026323568417608106,-39.531036376953125,0
2H7V,9,27.34467887878418,27.298694610595703,68.29191589355469,0.0,0.006088511334016544,-25.92005729675293,7
2H7V,10,37.09431838989258,39.762691497802734,101.41626739501953,0.0,0.0027988928009681172,-35.8099479675293,0
2H7V,11,29.53921890258789,32.879066467285156,78.58797454833984,0.0,0.004546709397949106,-24.40912437438965,2
2H7V,12,22.19491195678711,11.65534496307373,57.017799377441406,0.0,0.012677820315020372,-30.98322868347168,0
2H7V,13,33.35012435913086,41.801761627197266,98.12686920166016,0.0,0.002911188315846372,-27.547895431518555,3
2H7V,14,13.628867149353027,11.07907772064209,25.934484481811523,0.0,0.03833343488519358,-26.05170249938965,5
4CPA,0,6.355968475341797,9.948160171508789,21.707271575927734,0.0,0.05172508156004862,-55.079227447509766,2
4CPA,1,7.9181976318359375,9.902022361755371,28.79738426208496,0.0,0.03419113275966037,-48.066524505615234,10
4CPA,2,3.032302141189575,4.522817611694336,9.617631912231445,0.0,0.17921320126293136,-69.593994140625,0
4CPA,3,2.7323296070098877,3.1682024002075195,9.928339958190918,0.222222,0.2760966249526469,-52.298789978027344,1
4CPA,4,8.772143363952637,11.867825508117676,31.38454246520996,0.0,0.028020711875292603,-57.45001220703125,3
4CPA,5,8.394043922424316,10.152610778808594,28.690086364746094,0.0,0.0340183832605895,-42.73721694946289,29
4CPA,6,3.9642555713653564,5.678861618041992,13.849858283996582,0.222222,0.1870145226908487,-59.752723693847656,0
4CPA,7,7.6207427978515625,10.664464950561523,25.813562393188477,0.222222,0.11314776164715584,-42.97101974487305,20
4CPA,8,9.395430564880371,12.958200454711914,33.323089599609375,0.0,0.02477087271771193,-63.013397216796875,1
4CPA,9,8.017576217651367,10.771330833435059,28.058979034423828,0.222222,0.10843366942960558,-56.88125991821289,2
4CPA,10,7.115910530090332,9.023974418640137,25.985654830932617,0.0,0.041180811302703825,-69.927734375,0
4CPA,11,6.582698345184326,8.761837005615234,23.80826759338379,0.0,0.04717546054030928,-54.32914733886719,3
4CPA,12,5.071382999420166,8.83154582977295,16.7520694732666,0.0,0.07759382326518235,-62.99376678466797,0
4CPA,13,9.172043800354004,12.141996383666992,33.02426528930664,0.0,0.025721326935062933,-59.64204788208008,4
4CPA,14,8.329069137573242,11.438763618469238,29.722368240356445,0.0,0.03083555139768125,-64.43601989746094,0
1RLB,0,13.650934219360352,9.874372482299805,35.3302116394043,0.0,0.025756955650980653,-28.589948654174805,6
1RLB,1,18.623931884765625,20.299448013305664,53.809814453125,0.0,0.009925230307734824,-28.07158660888672,6
1RLB,2,30.224864959716797,18.62981605529785,77.87505340576172,0.0,0.006071457180203558,-28.038711547851562,4
1RLB,3,28.369293212890625,21.492029190063477,76.27568054199219,0.0,0.005704523351519064,-32.14638900756836,3
1RLB,4,29.30907440185547,18.199708938598633,77.53742980957031,0.0,0.00620728760282041,-31.118942260742188,5
1RLB,5,10.961726188659668,8.199455261230469,26.963531494140625,0.5,0.20759218246621206,-25.58039665222168,7
1RLB,6,11.588858604431152,11.251317024230957,26.614826202392578,0.0,0.03667345346797787,-32.13407516479492,2
1RLB,7,11.514046669006348,9.277213096618652,26.378795623779297,0.0,0.03984696428049561,-28.17023468017578,2
1RLB,8,10.244688987731934,7.848737716674805,25.10105323791504,0.6,0.24603724596039775,-28.31231117248535,7
1RLB,9,9.696920394897461,9.83629035949707,24.360836029052734,0.0,0.04375299727547068,-31.012283325195312,4
1RLB,10,9.503173828125,9.768498420715332,23.612548828125,0.0,0.04591814212282871,-30.300447463989258,4
1RLB,11,8.410688400268555,8.219358444213867,22.34439468383789,0.0,0.0528827224341579,-27.623994827270508,7
1RLB,12,14.463977813720703,13.118778228759766,37.68705368041992,0.0,0.02043717887719511,-30.0570011138916,4
1RLB,13,8.112940788269043,6.561378479003906,20.6220703125,0.0,0.06496245988380218,-38.588165283203125,1
1RLB,14,9.675559997558594,9.629429817199707,24.494924545288086,0.0,0.04372163368800001,-29.637393951416016,6
3SE8,0,20.25324249267578,23.057872772216797,32.88628387451172,0.0,0.022278539677567797,-22.532672882080078,9
3SE8,1,24.5668888092041,21.850492477416992,39.67876052856445,0.0,0.016189114907329383,-21.491336822509766,6
3SE8,2,28.758146286010742,19.8979549407959,61.74510955810547,0.0,0.00808309809195743,-28.998868942260742,15
3SE8,3,21.067411422729492,19.573680877685547,42.05510330200195,0.0,0.015028635310397246,-16.146671295166016,8
3SE8,4,26.20132827758789,15.149436950683594,56.561397552490234,0.0,0.010597858076469797,-31.37730598449707,5
3SE8,5,28.20165252685547,19.44417953491211,60.88971710205078,0.0,0.008343568270114909,-28.584352493286133,15
3SE8,6,15.133687973022461,19.94154930114746,29.52067756652832,0.0,0.02739496079097149,-22.215932846069336,2
3SE8,7,27.448789596557617,20.114225387573242,62.62918472290039,0.0,0.007872387194085213,-24.838438034057617,13
3SE8,8,28.956029891967773,21.884031295776367,73.84121704101562,0.0,0.005917882004100808,-29.389602661132812,4
3SE8,9,12.676555633544922,10.399215698242188,25.72178840637207,0.0,0.03961118918479053,-20.35590934753418,11
3SE8,10,27.860267639160156,25.346508026123047,60.18886947631836,0.0,0.007681245011092046,-23.344341278076172,24
3SE8,11,26.159360885620117,18.368026733398438,59.41888427734375,0.0,0.008892772673343576,-26.032804489135742,12
3SE8,12,29.121450424194336,20.721355438232422,62.0255241394043,0.0,0.007882244650913485,-30.636735916137695,15
3SE8,13,27.09162712097168,18.584867477416992,61.0487174987793,0.0,0.008496419577791677,-27.792877197265625,14
3SE8,14,26.732309341430664,17.2827205657959,59.98931884765625,0.0,0.009052656109978146,-31.50846290588379,3
3EOA,0,19.352825164794922,15.787793159484863,47.93024826049805,0.0,0.013145691556988888,-37.956058502197266,1
3EOA,1,20.0523681640625,15.730020523071289,50.49318313598633,0.0,0.012189562925797738,-40.78812789916992,0
3EOA,2,8.355207443237305,8.718332290649414,20.087854385375977,0.0,0.06020301904168194,-30.388166427612305,0
3EOA,3,14.122325897216797,14.306721687316895,27.75766372680664,0.0,0.03220186348974514,-28.919960021972656,0
3EOA,4,11.315987586975098,12.309988021850586,23.942829132080078,0.0,0.042185968137054365,-31.9068660736084,2
3EOA,5,13.847851753234863,12.919641494750977,27.357051849365234,0.0,0.03377984503090263,-29.889057159423828,6
3EOA,6,20.130704879760742,15.305587768554688,52.297584533691406,0.0,0.011749962556169826,-38.651554107666016,0
3EOA,7,12.54068660736084,12.661429405212402,25.216503143310547,0.0,0.03862377571937083,-27.110088348388672,3
3EOA,8,12.769137382507324,12.892842292785645,24.789182662963867,0.0,0.03952006594016032,-34.22063446044922,0
3EOA,9,20.441349029541016,22.363954544067383,54.345802307128906,0.0,0.009452392832236358,-42.742069244384766,0
3EOA,10,13.487382888793945,12.661043167114258,26.412630081176758,0.0,0.03589595991571728,-27.822484970092773,5
3EOA,11,20.545316696166992,16.498058319091797,52.34105682373047,0.0,0.011297862686737858,-39.747398376464844,1
3EOA,12,18.586109161376953,12.525347709655762,48.589935302734375,0.0,0.014610672446010234,-38.12504959106445,1
3EOA,13,19.907928466796875,15.599384307861328,50.41986846923828,0.0,0.012265615458060672,-41.536190032958984,0
3EOA,14,18.479482650756836,12.09446907043457,47.008384704589844,0.0,0.015603045885356485,-33.618797302246094,3
1WDW,0,35.23627471923828,33.45271301269531,100.61534881591797,0.0,0.0030309534767488035,-30.568239212036133,7
1WDW,1,33.94557189941406,32.74156951904297,97.23889923095703,0.0,0.0032258845233565786,-30.25950813293457,8
1WDW,2,34.820037841796875,34.41204071044922,99.57199096679688,0.0,0.0030436529497583995,-31.410316467285156,5
1WDW,3,12.849637031555176,14.332480430603027,27.040416717529297,0.0,0.03358699085749135,-32.89310836791992,3
1WDW,4,12.922520637512207,14.37132740020752,27.2679500579834,0.0,0.033113657713248416,-31.343761444091797,7
1WDW,5,13.39002513885498,15.184002876281738,28.2348575592041,0.0,0.030920869644755808,-31.220558166503906,7
1WDW,6,33.83701705932617,33.39399337768555,98.05445098876953,0.0,0.0031573646996313188,-28.155803680419922,12
1WDW,7,34.460933685302734,34.36532974243164,98.01615905761719,0.0,0.003121957768095546,-32.7109260559082,0
1WDW,8,6.412768363952637,7.208520412445068,13.997415542602539,0.125,0.1453047047952771,-32.300636291503906,7
1WDW,9,32.985260009765625,33.64126205444336,98.41717529296875,0.0,0.0031293969345213995,-32.775047302246094,6
1WDW,10,13.535889625549316,15.778688430786133,28.198341369628906,0.0,0.03075054819152707,-30.27646255493164,6
1WDW,11,13.216763496398926,14.8768892288208,27.93558692932129,0.0,0.03159999986760483,-31.30253791809082,6
1WDW,12,27.14621353149414,23.378549575805664,73.37994384765625,0.0,0.005780001731425243,-32.87152099609375,17
1WDW,13,13.653916358947754,15.639689445495605,28.777238845825195,0.0,0.029786265014079282,-30.13042640686035,6
1WDW,14,34.00968933105469,35.744754791259766,102.2685317993164,0.0,0.002872842831000573,-31.796960830688477,3
2I25,0,7.963875770568848,4.870846271514893,23.53638458251953,0.0,0.06733254883860391,-61.24797058105469,0
2I25,1,16.27952003479004,13.654398918151855,31.185699462890625,0.0,0.027025429478672477,-52.44684600830078,1
2I25,2,16.934038162231445,12.570882797241211,29.16408920288086,0.0,0.030777670136432466,-50.9426383972168,1
2I25,3,16.513765335083008,13.200361251831055,31.76103401184082,0.0,0.0265277834468727,-52.78509521484375,2
2I25,4,10.809928894042969,6.568086624145508,31.377756118774414,0.0,0.03931217971127807,-50.83763885498047,1
2I25,5,16.63823699951172,12.805188179016113,30.89521598815918,0.0,0.027967575223481866,-55.39454650878906,0
2I25,6,14.736285209655762,13.31163501739502,30.138736724853516,0.0,0.028739403200022728,-47.087005615234375,1
2I25,7,9.724457740783691,6.53072452545166,34.14998245239258,0.0,0.03614966768835324,-60.85363006591797,0
2I25,8,15.43551254272461,13.094797134399414,32.596824645996094,0.0,0.025539679813639398,-52.3441276550293,0
2I25,9,15.239265441894531,12.149825096130371,31.020984649658203,0.0,0.02828340445303564,-57.02511978149414,0
2I25,10,14.209450721740723,10.950007438659668,30.824317932128906,0.0,0.02969580713801166,-46.504737854003906,0
2I25,11,5.156805038452148,3.465947389602661,15.09693717956543,0.0,0.1328173551056003,-51.858402252197266,1
2I25,12,15.475076675415039,12.600809097290039,32.12816619873047,0.0,0.026462854908857355,-52.44455337524414,0
2I25,13,14.851312637329102,13.864123344421387,30.460922241210938,0.0,0.027937253682812847,-44.21644973754883,5
2I25,14,10.290042877197266,6.419609546661377,32.76032257080078,0.0,0.03828120214997303,-56.035640716552734,0
1GCQ,0,12.230056762695312,12.992470741271973,37.17171859741211,0.0,0.020948227628641656,-53.978511810302734,0
1GCQ,1,11.32967472076416,12.945992469787598,23.58635711669922,0.0,0.042730404213242236,-41.14090347290039,1
1GCQ,2,13.56586742401123,13.313719749450684,39.37504196166992,0.0,0.019020185616186663,-51.09347152709961,0
1GCQ,3,14.021024703979492,12.56578254699707,30.090717315673828,0.0,0.02931575128571363,-55.41243362426758,0
1GCQ,4,11.4993257522583,11.533084869384766,21.872802734375,0.0,0.04927943448073682,-46.17048645019531,0
1GCQ,5,13.35869026184082,13.974703788757324,37.61083984375,0.0,0.01999447779596428,-53.124183654785156,0
1GCQ,6,12.881022453308105,13.542680740356445,34.30188751220703,0.0,0.023323875938893335,-43.857513427734375,1
1GCQ,7,13.377424240112305,13.923500061035156,32.96167755126953,0.0,0.024608698684962144,-41.1159782409668,0
1GCQ,8,68.26317596435547,74.86713409423828,152.55865478515625,0.0,0.0011653187956905365,0.0,0
1GCQ,9,12.627100944519043,13.27029037475586,33.39397048950195,0.0,0.024487485813119627,-57.722930908203125,0
1GCQ,10,12.580391883850098,13.274481773376465,28.07071304321289,0.0,0.03219945748893152,-39.61796569824219,0
1GCQ,11,11.090672492980957,13.170781135559082,25.73184585571289,0.0,0.037062363750199216,-41.53489685058594,0
1GCQ,12,11.423609733581543,13.435172080993652,28.067838668823242,0.0,0.03210601251439082,-47.308143615722656,0
1GCQ,13,12.7105712890625,13.315561294555664,33.59345626831055,0.0,0.024233582100410128,-54.1241455078125,0
1GCQ,14,12.480988502502441,13.151732444763184,35.22855758666992,0.0,0.022618391688562844,-54.73967361450195,0
1ZLI,0,10.874007225036621,15.099143028259277,25.663362503051758,0.105263,0.07129734996765254,-37.76014709472656,10
1ZLI,1,9.837027549743652,12.241748809814453,28.290494918823242,0.0,0.03253007341299433,-49.18870544433594,3
1ZLI,2,8.834428787231445,11.152209281921387,22.351408004760742,0.052632,0.06558299801360994,-44.31282424926758,4
1ZLI,3,11.944107055664062,13.66865348815918,33.04472351074219,0.0,0.024653059035800673,-40.14056396484375,20
1ZLI,4,2.074004650115967,2.3860063552856445,6.19900369644165,0.0,0.3120213413417611,-59.4180908203125,0
1ZLI,5,10.035575866699219,13.439175605773926,24.147287368774414,0.0,0.04085075452013064,-40.59304428100586,7
1ZLI,6,4.776714324951172,5.592705249786377,13.116512298583984,0.842105,0.40165464157540126,-43.94474792480469,2
1ZLI,7,11.24799919128418,15.852389335632324,26.357948303222656,0.0,0.034357758946467046,-44.863407135009766,1
1ZLI,8,4.679038047790527,5.611836910247803,12.79638385772705,0.0,0.1242761505930996,-54.001983642578125,0
1ZLI,9,6.856212615966797,8.314255714416504,17.019197463989258,0.0,0.07705397031207485,-55.00849533081055,0
1ZLI,10,3.306434154510498,3.8821444511413574,9.6023588180542,0.0,0.18974296662225576,-57.74409103393555,0
1ZLI,11,11.5829439163208,16.32224464416504,26.72465705871582,0.0,0.03341413061878455,-59.35109329223633,0
1ZLI,12,6.55379581451416,7.698390007019043,16.57899284362793,0.0,0.08157393089812737,-59.067020416259766,0
1ZLI,13,7.999802589416504,10.394083976745605,19.047731399536133,0.0,0.06215601678486993,-46.77589416503906,3
1ZLI,14,9.49891471862793,12.953022956848145,22.683950424194336,0.0,0.04545196233908427,-38.1019401550293,6
3L89,0,27.169551849365234,27.469043731689453,74.46288299560547,0.0,0.0052786184934080225,-26.77634048461914,2
3L89,1,24.020126342773438,21.957805633544922,61.772499084472656,0.0,0.007742449412820217,-31.855390548706055,4
3L89,2,7.5995965003967285,7.10209846496582,20.799415588378906,0.625,0.2702700427500924,-26.154735565185547,4
3L89,3,24.370927810668945,25.57155990600586,66.01409912109375,0.0,0.006579304972184583,-33.47822570800781,2
3L89,4,18.591045379638672,19.540098190307617,43.931156158447266,0.0,0.013981248751499677,-26.497764587402344,5
3L89,5,14.188323974609375,16.54647445678711,39.889617919921875,0.0,0.017195141131330884,-28.166608810424805,2
3L89,6,27.242029190063477,26.423898696899414,73.80809783935547,0.0,0.0054337193227223775,-25.956016540527344,2
3L89,7,22.72899627685547,22.01932716369629,63.41322708129883,0.0,0.007423051566533989,-23.34589958190918,7
3L89,8,6.564367771148682,7.539398670196533,16.88152313232422,0.25,0.16344107703719848,-26.630216598510742,5
3L89,9,25.646936416625977,25.78428077697754,69.0727767944336,0.0,0.006096810908334552,-27.865188598632812,6
3L89,10,22.862632751464844,25.25379180908203,67.57444763183594,0.0,0.0063638570510920435,-35.84761047363281,0
3L89,11,27.0699520111084,25.779043197631836,71.17261505126953,0.0,0.00581224756380866,-23.35846519470215,2
3L89,12,25.84138298034668,24.14537811279297,68.3539047241211,0.0,0.006357551441238534,-27.65592384338379,1
3L89,13,17.180700302124023,18.061771392822266,41.347991943359375,0.0,0.015798747835612293,-28.18205451965332,3
3L89,14,22.927623748779297,23.5004940032959,65.27018737792969,0.0,0.00691134208915964,-25.035757064819336,7
1H9D,0,13.08110237121582,11.757974624633789,49.99565887451172,0.0,0.014702409724770216,-42.72004318237305,0
1H9D,1,11.001055717468262,9.668116569519043,41.60580825805664,0.060606,0.04139234523562745,-49.96160125732422,1
1H9D,2,19.52530288696289,16.44923973083496,46.22536849975586,0.0,0.013651187744152199,-43.2403678894043,0
1H9D,3,15.519111633300781,13.2288179397583,42.39571762084961,0.0,0.01711249328197938,-43.104736328125,3
1H9D,4,15.912443161010742,13.823634147644043,26.356929779052734,0.0,0.03528105944603063,-35.687294006347656,5
1H9D,5,5.535336971282959,4.95908784866333,11.424514770507812,0.0,0.14671266082711784,-50.889957427978516,0
1H9D,6,12.970471382141113,11.943406105041504,42.60245895385742,0.0,0.01793744213880029,-55.083984375,0
1H9D,7,12.543007850646973,11.78223991394043,41.88343811035156,0.0,0.018502174123654843,-38.646240234375,6
1H9D,8,10.876199722290039,10.478755950927734,40.607662200927734,0.0,0.02068509600593282,-39.180870056152344,2
1H9D,9,13.745399475097656,12.167551040649414,25.154321670532227,0.0,0.03915128922221681,-43.60268020629883,0
1H9D,10,19.086759567260742,15.770580291748047,44.11722946166992,0.0,0.014919339389786275,-46.76743698120117,0
1H9D,11,12.363279342651367,10.578841209411621,23.200637817382812,0.0,0.04601689174828103,-42.728851318359375,1
1H9D,12,6.94704532623291,6.487619876861572,19.565940856933594,0.0,0.06983660884410442,-50.068885803222656,0
1H9D,13,12.742437362670898,11.767698287963867,42.95917892456055,0.0,0.017887580348625698,-49.85786819458008,0
1H9D,14,14.03205394744873,12.200761795043945,41.03699493408203,0.0,0.018675975254436764,-42.21042251586914,1
1GHQ,0,23.9212589263916,22.79707908630371,63.97977066040039,0.0,0.007218295807157737,-39.766090393066406,3
1GHQ,1,22.579303741455078,19.828399658203125,58.34383010864258,0.0,0.008824697877731226,-53.22890090942383,0
1GHQ,2,20.56454086303711,17.219345092773438,61.570068359375,0.0,0.008744572288900144,-38.20003890991211,2
1GHQ,3,22.739046096801758,22.44441795349121,58.51383590698242,0.0,0.008370798739921107,-41.32634735107422,2
1GHQ,4,22.32029914855957,19.8304386138916,56.66138458251953,0.0,0.009232652364641965,-48.93153762817383,0
1GHQ,5,22.12486457824707,21.443798065185547,58.0460205078125,0.0,0.008620806386686502,-50.25033950805664,0
1GHQ,6,22.76677131652832,23.345474243164062,60.44682312011719,0.0,0.007833931336974936,-41.435272216796875,2
1GHQ,7,23.387800216674805,22.92074203491211,62.70313262939453,0.0,0.007436422803230265,-54.13333511352539,0
1GHQ,8,17.04823875427246,13.796075820922852,53.23800277709961,0.0,0.012180376835338706,-51.79694747924805,0
1GHQ,9,20.852710723876953,22.391128540039062,58.342281341552734,0.0,0.008417558571625806,-40.65482711791992,12
1GHQ,10,23.578813552856445,20.097517013549805,61.90689468383789,0.0,0.008014321278233283,-51.749122619628906,0
1GHQ,11,16.386857986450195,11.654537200927734,45.945526123046875,0.0,0.016462702152663957,-48.11993408203125,0
1GHQ,12,23.960886001586914,23.041881561279297,63.682308197021484,0.0,0.007241242989067011,-42.68172073364258,1
1GHQ,13,21.896209716796875,19.83790397644043,57.9316291809082,0.0,0.008919745844916718,-51.26759338378906,0
1GHQ,14,21.565107345581055,22.030515670776367,57.60186004638672,0.0,0.008641924285818716,-40.865089416503906,1
5Y9J,0,18.44221305847168,17.206127166748047,35.04458236694336,0.0,0.021034571187648298,-27.762802124023438,10
5Y9J,1,28.994670867919922,23.42850112915039,60.465110778808594,0.0,0.007820441337342504,-33.96134567260742,13
5Y9J,2,16.617454528808594,15.622179985046387,28.584871292114258,0.0,0.03012489469696075,-29.45830535888672,5
5Y9J,3,22.021995544433594,18.65330696105957,34.27949523925781,0.0,0.02144950829958171,-26.969648361206055,9
5Y9J,4,14.828848838806152,14.606660842895508,25.94805908203125,0.0,0.03578128847014162,-27.329172134399414,8
5Y9J,5,17.685035705566406,14.167383193969727,28.956275939941406,0.0,0.030139620098361308,-26.78664207458496,6
5Y9J,6,28.002416610717773,19.954538345336914,70.16212463378906,0.0,0.006694483207544694,-29.901241302490234,11
5Y9J,7,24.321224212646484,19.59255599975586,56.904422760009766,0.0,0.009217543075695096,-31.73541831970215,9
5Y9J,8,23.659236907958984,21.351383209228516,57.14529800415039,0.0,0.008852339932289517,-40.53184127807617,4
5Y9J,9,23.509708404541016,16.45284652709961,55.0692024230957,0.0,0.010504433810220136,-33.30474853515625,16
5Y9J,10,26.67268180847168,21.837648391723633,50.471500396728516,0.0,0.01075876484530166,-29.65085220336914,15
5Y9J,11,24.593542098999023,21.054603576660156,67.32255554199219,0.0,0.006913630298518807,-31.18016242980957,7
5Y9J,12,25.82530975341797,25.694610595703125,68.2435073852539,0.0,0.0062243701244299385,-33.235450744628906,15
5Y9J,13,29.26572036743164,20.647083282470703,70.00314331054688,0.0,0.006593198856110334,-32.01110076904297,9
5Y9J,14,23.221403121948242,18.68331527709961,34.18069839477539,0.0,0.021547945546532776,-28.083616256713867,15
4ETQ,0,19.293712615966797,16.641551971435547,56.36149597167969,0.0,0.010099168425571374,-33.73078155517578,1
4ETQ,1,23.314308166503906,20.88776969909668,64.02193450927734,0.0,0.007484100098785797,-29.239919662475586,3
4ETQ,2,18.755718231201172,17.293466567993164,40.69688415527344,0.0,0.016422290291578816,-27.554630279541016,4
4ETQ,3,15.909361839294434,16.61446762084961,31.330570220947266,0.0,0.025547639429921443,-33.746734619140625,3
4ETQ,4,16.832408905029297,13.962428092956543,42.55581283569336,0.0,0.016591452481511927,-25.321136474609375,7
4ETQ,5,7.447397232055664,11.534347534179688,22.09068489074707,0.0,0.04853048669190315,-30.5994930267334,1
4ETQ,6,9.422979354858398,12.856749534606934,21.199073791503906,0.0,0.050643926991228584,-29.68372917175293,0
4ETQ,7,11.979161262512207,9.418971061706543,31.79047393798828,0.0,0.03048473556429245,-28.092260360717773,7
4ETQ,8,19.342517852783203,15.210007667541504,49.58959197998047,0.0,0.012724617897949493,-28.93474578857422,10
4ETQ,9,22.492191314697266,20.741851806640625,63.893760681152344,0.0,0.007530906708310604,-32.479915618896484,4
4ETQ,10,8.542851448059082,11.470383644104004,17.984533309936523,0.0,0.06646817155295605,-26.597553253173828,6
4ETQ,11,10.288817405700684,13.770030975341797,19.025848388671875,0.0,0.05937081170700779,-28.91753578186035,6
4ETQ,12,8.251603126525879,11.776106834411621,16.55393409729004,0.0,0.07487009417320216,-31.470720291137695,1
4ETQ,13,19.70412826538086,17.602113723754883,46.224586486816406,0.0,0.013305750692279022,-27.799978256225586,4
4ETQ,14,10.562407493591309,13.436251640319824,21.838035583496094,0.0,0.04795890124512996,-31.96251106262207,4
5JMO,0,10.773587226867676,8.832205772399902,35.207122802734375,0.0,0.027703996088021193,-41.61974334716797,3
5JMO,1,11.39856243133545,9.379077911376953,32.31019973754883,0.0,0.029889479911328395,-40.076263427734375,2
5JMO,2,11.47649097442627,10.024678230285645,45.63602066040039,0.0,0.018475782086178092,-36.75582504272461,4
5JMO,3,11.375361442565918,9.884634017944336,29.041444778442383,0.0,0.033805042286039415,-41.6262092590332,4
5JMO,4,13.838346481323242,10.273500442504883,40.10745620727539,0.0,0.021285662849922397,-37.55509567260742,3
5JMO,5,13.734821319580078,10.263075828552246,34.94013214111328,0.0,0.02559653846490949,-51.6269416809082,0
5JMO,6,12.5357027053833,12.041264533996582,27.05074691772461,0.0,0.035048312448697785,-39.41560363769531,5
5JMO,7,12.088104248046875,15.49555492401123,31.836050033569336,0.0,0.025275133331096822,-41.28804016113281,1
5JMO,8,14.42345905303955,17.36789894104004,31.265914916992188,0.0,0.02540868164670872,-43.12242126464844,6
5JMO,9,9.345876693725586,9.63747501373291,24.692224502563477,0.0,0.04319895806201906,-55.02571487426758,0
5JMO,10,10.252001762390137,10.765838623046875,24.838747024536133,0.0,0.0412909058531677,-49.63944625854492,1
5JMO,11,10.965181350708008,11.107410430908203,33.37355422973633,0.0,0.026275766324426603,-43.56060028076172,3
5JMO,12,9.701791763305664,9.929571151733398,31.67624855041504,0.0,0.029826934929931433,-42.287513732910156,4
5JMO,13,14.064876556396484,16.494548797607422,40.7956657409668,0.0,0.016602634961728036,-38.74721908569336,3
5JMO,14,11.888032913208008,14.847277641296387,29.61634063720703,0.0,0.02873538157755202,-41.0240592956543,2
1GPW,0,5.67929744720459,6.214138031005859,10.495061874389648,0.0,0.1503913641411054,-45.05973815917969,3
1GPW,1,5.782822608947754,6.0986809730529785,10.922445297241211,0.0,0.14474317063129702,-43.588043212890625,3
1GPW,2,18.73713493347168,18.86566925048828,64.39302062988281,0.0,0.007802710466413599,-40.30824661254883,3
1GPW,3,9.398362159729004,8.66871452331543,17.60041618347168,0.0,0.07273165398297314,-47.17570877075195,1
1GPW,4,4.848013877868652,5.073968410491943,9.606488227844238,0.0,0.17316279025654435,-45.460941314697266,1
1GPW,5,6.724377632141113,7.056982040405273,12.841042518615723,0.0,0.11596537856247546,-50.10251998901367,0
1GPW,6,15.854751586914062,15.428384780883789,45.776161193847656,0.0,0.014231343146464475,-36.67981719970703,4
1GPW,7,12.247428894042969,12.727592468261719,21.849740982055664,0.0,0.04838131356450922,-41.419368743896484,3
1GPW,8,9.237468719482422,9.51351547241211,17.220943450927734,0.0,0.0733855963577125,-50.25634002685547,0
1GPW,9,9.503755569458008,9.55238151550293,17.61981964111328,0.0,0.07095029821489236,-42.25901412963867,2
1GPW,10,16.790531158447266,15.541240692138672,59.210418701171875,0.0,0.009807258101475232,-43.76043701171875,2
1GPW,11,18.603124618530273,17.021461486816406,64.34211730957031,0.0,0.008286243638982714,-52.70348358154297,0
1GPW,12,13.633544921875,12.743993759155273,26.799442291259766,0.0,0.03502234488623257,-50.54609298706055,0
1GPW,13,5.266510963439941,5.3172712326049805,10.55185317993164,0.0625,0.17658350447952306,-42.87725067138672,3
1GPW,14,7.030807971954346,7.194217205047607,16.155624389648438,0.0,0.08615430646531445,-38.91285705566406,5
2C0L,0,12.432889938354492,12.075105667114258,24.376760482788086,0.0,0.04120088657424694,-43.475337982177734,0
2C0L,1,11.106629371643066,10.073722839355469,22.066194534301758,0.0,0.050300340557437435,-43.1701774597168,1
2C0L,2,11.000039100646973,11.22612476348877,22.184101104736328,0.0,0.04851864008209018,-44.31732940673828,0
2C0L,3,16.426862716674805,14.445592880249023,46.40327453613281,0.0,0.014377234379635395,-38.34502410888672,0
2C0L,4,12.257451057434082,11.36828327178955,23.766889572143555,0.0,0.043504552450952666,-49.38508224487305,0
2C0L,5,11.182315826416016,10.474169731140137,22.12991714477539,0.0,0.04955311165284663,-44.77910614013672,0
2C0L,6,16.49334144592285,17.487268447875977,46.69863510131836,0.0,0.013124025374104724,-34.12742614746094,3
2C0L,7,5.910507678985596,6.149230480194092,12.459328651428223,0.0,0.1245883450484701,-41.18430709838867,0
2C0L,8,11.346719741821289,11.424836158752441,22.457721710205078,0.0,0.04741646142070944,-41.39692306518555,0
2C0L,9,10.313916206359863,9.908370971679688,20.86408805847168,0.0,0.05491741756858256,-48.109798431396484,0
2C0L,10,8.086179733276367,8.990840911865234,19.063077926635742,0.0,0.06430813725556671,-39.2055778503418,1
2C0L,11,6.888153553009033,5.236350059509277,15.864259719848633,0.0,0.09962714876909691,-33.810787200927734,16
2C0L,12,11.17195987701416,10.926276206970215,22.369808197021484,0.0,0.04822139168692705,-38.2304801940918,3
2C0L,13,5.053061008453369,4.482909679412842,11.591882705688477,0.0,0.15011992762228352,-35.05857849121094,9
2C0L,14,11.189889907836914,10.138318061828613,21.97460174560547,0.0,0.050523431043584886,-40.6389045715332,1
1NW9,0,14.824740409851074,15.834427833557129,42.55674362182617,0.0,0.015752329236815635,-36.545902252197266,6
1NW9,1,18.8000545501709,19.1662540435791,52.04154968261719,0.0,0.010690531271592377,-35.7115592956543,4
1NW9,2,7.51474142074585,9.747334480285645,18.802562713623047,0.0,0.06427325904185598,-55.79613494873047,0
1NW9,3,19.64426612854004,20.702482223510742,53.37821578979492,0.0,0.009984301849022296,-33.68914794921875,5
1NW9,4,7.88389253616333,7.932932376861572,21.13263702392578,0.259259,0.14434381125755597,-44.97893142700195,5
1NW9,5,10.980780601501465,10.90442180633545,28.705896377563477,0.148148,0.08244338023218188,-41.90989303588867,4
1NW9,6,8.27675724029541,8.263498306274414,22.928546905517578,0.148148,0.10029089493088948,-47.44597244262695,1
1NW9,7,11.599678993225098,12.407055854797363,30.244140625,0.185185,0.09093190756979357,-44.131744384765625,3
1NW9,8,15.018305778503418,15.868552207946777,41.74320602416992,0.0,0.016222964405096362,-41.476524353027344,1
1NW9,9,11.691962242126465,12.731128692626953,29.415300369262695,0.185185,0.09198089267791408,-49.49540328979492,0
1NW9,10,17.229522705078125,18.698951721191406,54.69715118408203,0.0,0.009991305495458866,-50.829566955566406,0
1NW9,11,10.597515106201172,11.44211196899414,28.000202178955078,0.037037,0.046103633052015446,-44.4864501953125,3
1NW9,12,6.2004313468933105,7.571993350982666,12.648026466369629,0.037037,0.12864068666725556,-52.272823333740234,0
1NW9,13,18.04906463623047,18.253623962402344,52.70823287963867,0.0,0.010684920791883235,-39.39350891113281,1
1NW9,14,16.21919059753418,19.58077621459961,44.69391632080078,0.0,0.013580340663716169,-38.334346771240234,7
1WQ1,0,4.658990383148193,4.11415958404541,8.892102241516113,0.5,0.36493296167153993,-43.12492370605469,6
1WQ1,1,4.357311248779297,3.920341968536377,8.596902847290039,0.666667,0.4295672606677999,-41.696929931640625,13
1WQ1,2,7.465835094451904,6.4721503257751465,13.573095321655273,0.0,0.11089173596878098,-44.113136291503906,10
1WQ1,3,10.158443450927734,8.856086730957031,18.029396057128906,0.0,0.06991206246893389,-41.10304641723633,10
1WQ1,4,10.490208625793457,9.175139427185059,18.695390701293945,0.0,0.06577817476438029,-45.757057189941406,3
1WQ1,5,2.831042528152466,2.5376057624816895,5.560056686401367,0.5,0.48642484469451014,-45.886688232421875,2
1WQ1,6,9.623639106750488,10.05535888671875,29.870830535888672,0.0,0.032225507148193694,-32.005496978759766,15
1WQ1,7,13.687682151794434,12.173951148986816,23.647686004638672,0.0,0.04312381922689487,-44.971412658691406,2
1WQ1,8,13.73649787902832,12.333246231079102,23.75066566467285,0.0,0.04270520317602804,-45.6651496887207,2
1WQ1,9,20.87318229675293,18.278276443481445,56.21648406982422,0.0,0.009680125205866592,-31.604082107543945,1
1WQ1,10,10.463268280029297,9.241106986999512,26.310211181640625,0.0,0.040059959482772724,-36.637184143066406,5
1WQ1,11,11.368858337402344,9.97590160369873,20.111223220825195,0.0,0.05788940436130673,-44.90045928955078,4
1WQ1,12,13.821396827697754,12.614768028259277,24.10515022277832,0.0,0.04151100694232463,-47.46259307861328,4
1WQ1,13,14.316252708435059,13.042637825012207,24.63793182373047,0.0,0.039805674756234956,-45.17784881591797,1
1WQ1,14,14.324936866760254,13.242717742919922,24.949094772338867,0.0,0.038889384287854246,-48.92462921142578,0
1ATN,0,18.365755081176758,20.970972061157227,42.25373840332031,0.0,0.014661270130874088,-44.795475006103516,6
1ATN,1,21.097326278686523,11.24506950378418,55.36845779418945,0.0,0.013502378824883138,-50.97263717651367,1
1ATN,2,14.928305625915527,13.832834243774414,28.66753387451172,0.0,0.030810537455372298,-45.8797721862793,8
1ATN,3,17.3576602935791,18.4522762298584,36.238948822021484,0.0,0.019570539928059166,-50.43709945678711,1
1ATN,4,18.7144832611084,14.543086051940918,35.086185455322266,0.0,0.021987619184122564,-44.551727294921875,5
1ATN,5,22.005128860473633,16.306407928466797,49.406070709228516,0.0,0.012379652101761375,-49.958518981933594,5
1ATN,6,27.10386848449707,28.850656509399414,84.79325866699219,0.0,0.0042149058489482985,-45.91518020629883,2
1ATN,7,17.509136199951172,18.52264404296875,34.95621109008789,0.0,0.020780638793164843,-48.98109436035156,5
1ATN,8,19.308130264282227,15.46337604522705,36.40220260620117,0.0,0.020342067522261607,-45.34218978881836,2
1ATN,9,27.14204216003418,31.71619987487793,82.47286224365234,0.0,0.0042474523056848755,-46.409202575683594,3
1ATN,10,17.75969123840332,18.608253479003906,31.659957885742188,0.0,0.02456335350712244,-45.87734603881836,10
1ATN,11,15.124089241027832,14.60196304321289,29.64215660095215,0.0,0.028807491132531515,-47.64308166503906,6
1ATN,12,26.940343856811523,27.547224044799805,84.44510650634766,0.0,0.00432882579307048,-43.660057067871094,4
1ATN,13,18.140201568603516,18.173805236816406,30.43558692932129,0.0,0.02637308901065955,-45.743247985839844,10
1ATN,14,17.816104888916016,18.540775299072266,36.84044647216797,0.0,0.01901531905730892,-48.97499465942383,6
5C7X,0,20.814706802368164,20.067232131958008,59.333927154541016,0.0,0.008555395559411592,-32.667057037353516,2
5C7X,1,9.318621635437012,11.893372535705566,24.17090606689453,0.0,0.04190452717055828,-30.50995635986328,5
5C7X,2,9.208817481994629,11.119229316711426,21.97119140625,0.176471,0.10817608123603999,-37.582313537597656,1
5C7X,3,10.719816207885742,13.864336013793945,23.950666427612305,0.0,0.041144012634373034,-28.48919677734375,12
5C7X,4,2.4597322940826416,3.639791250228882,7.5177226066589355,0.294118,0.33346397441810316,-30.28426170349121,6
5C7X,5,15.174834251403809,17.10558319091797,35.80266189575195,0.0,0.02032940365584799,-24.89755630493164,49
5C7X,6,9.128783226013184,10.89110279083252,21.519773483276367,0.058824,0.0707993042919144,-38.752071380615234,1
5C7X,7,8.778197288513184,7.089798450469971,26.642553329467773,0.0,0.04507569052271521,-31.31723403930664,6
5C7X,8,10.297811508178711,12.80081844329834,22.985769271850586,0.0,0.04461413906791146,-30.961456298828125,4
5C7X,9,18.661312103271484,20.42220115661621,52.363258361816406,0.0,0.010346535293333705,-35.51305389404297,1
5C7X,10,9.497021675109863,10.992881774902344,22.424619674682617,0.058824,0.0675767189824798,-32.55174255371094,1
5C7X,11,14.441072463989258,15.408712387084961,38.18962097167969,0.0,0.0188627645738945,-30.941179275512695,8
5C7X,12,4.828640460968018,6.22617769241333,11.633793830871582,0.058824,0.15390491893052358,-32.546356201171875,3
5C7X,13,8.913456916809082,10.501416206359863,21.441516876220703,0.117647,0.09115096101848408,-34.546363830566406,2
5C7X,14,4.428977966308594,6.01842737197876,10.62167739868164,0.058824,0.16923388682293727,-31.478654861450195,6
1E4K,0,31.68024444580078,43.40561294555664,85.80083465576172,0.0,0.003637209642402738,-23.9935302734375,3
1E4K,1,21.31861114501953,20.444913864135742,47.545135498046875,0.0,0.012108508287308473,-35.42093276977539,0
1E4K,2,14.874676704406738,12.375720977783203,32.23988342285156,0.0,0.026490288013684915,-39.899993896484375,0
1E4K,3,25.20183753967285,28.84501075744629,66.53400421142578,0.0,0.006251986952579444,-35.51835250854492,0
1E4K,4,24.867549896240234,25.214008331298828,71.33906555175781,0.0,0.005841500744828199,-28.862625122070312,0
1E4K,5,21.397127151489258,17.140239715576172,52.70082092285156,0.0,0.010984860003163765,-35.63838577270508,0
1E4K,6,29.363195419311523,21.994821548461914,78.92967224121094,0.0,0.005364590792603613,-28.477270126342773,0
1E4K,7,14.841254234313965,15.175522804260254,28.64307975769043,0.0,0.03020396777446246,-38.193824768066406,0
1E4K,8,26.085289001464844,26.932863235473633,70.4386215209961,0.0,0.005815022570043522,-30.47937774658203,0
1E4K,9,30.569690704345703,38.84054183959961,82.66727447509766,0.0,0.003983654304476216,-27.092082977294922,0
1E4K,10,24.161367416381836,24.99786949157715,67.28858184814453,0.0,0.0064314021368066165,-29.542312622070312,1
1E4K,11,28.33635139465332,28.31915855407715,82.31842041015625,0.0,0.004449123135189652,-25.81131362915039,0
1E4K,12,22.974456787109375,17.077043533325195,62.93986511230469,0.0,0.008522668086190724,-38.24443054199219,0
1E4K,13,19.296768188476562,17.379884719848633,56.35990524291992,0.0,0.009877835830814674,-37.53062438964844,0
1E4K,14,21.40840721130371,19.84085464477539,62.003047943115234,0.0,0.008043369209668248,-33.44343185424805,0
2OT3,0,5.699706554412842,5.49769401550293,10.807167053222656,0.05,0.16715641782297186,-44.03929138183594,3
2OT3,1,10.048483848571777,9.828348159790039,21.67772674560547,0.0,0.05200747506244379,-40.33979797363281,4
2OT3,2,6.761649131774902,6.812115669250488,15.263168334960938,0.0,0.09432098485876421,-38.21765899658203,9
2OT3,3,20.0399112701416,17.872344970703125,48.998992919921875,0.0,0.012069490307335584,-34.66625213623047,4
2OT3,4,18.745729446411133,17.702301025390625,59.04004669189453,0.0,0.009145091764667103,-35.71267318725586,2
2OT3,5,10.969938278198242,10.350772857666016,28.075773239135742,0.0,0.034843931905758914,-40.2630729675293,1
2OT3,6,8.036611557006836,7.643829822540283,17.33015251159668,0.1,0.11033226958463295,-41.57268524169922,4
2OT3,7,14.51247501373291,14.071961402893066,29.090259552001953,0.0,0.029965423294228282,-40.28913497924805,2
2OT3,8,6.746303558349609,6.5893402099609375,14.22935676574707,0.0,0.10408592369617631,-37.878997802734375,4
2OT3,9,10.318666458129883,10.254498481750488,36.05803298950195,0.0,0.024530860038345398,-45.58938980102539,0
2OT3,10,6.912672996520996,6.281966209411621,13.41568660736084,0.1,0.14679468885019523,-41.78603744506836,5
2OT3,11,23.775453567504883,23.277219772338867,66.10901641845703,0.0,0.006799412588328557,-36.64004898071289,0
2OT3,12,17.797426223754883,16.526845932006836,54.85634231567383,0.0,0.010538981958950379,-39.76409149169922,0
2OT3,13,16.786823272705078,16.075746536254883,50.06446075439453,0.0,0.012216425158268138,-34.394962310791016,4
2OT3,14,23.220121383666992,21.49648094177246,66.32469940185547,0.0,0.007001470877463709,-42.78628921508789,0
1R6Q,0,10.609878540039062,11.285306930541992,27.223737716674805,0.0,0.03539556089620913,-42.756858825683594,0
1R6Q,1,10.440532684326172,11.819846153259277,23.436962127685547,0.0,0.04403099135489779,-40.61826705932617,0
1R6Q,2,9.55116081237793,10.840798377990723,22.367223739624023,0.0,0.048325670668234455,-42.835628509521484,0
1R6Q,3,9.046157836914062,9.931478500366211,19.5019588470459,0.0,0.06064811302669073,-45.536495208740234,0
1R6Q,4,16.034391403198242,20.52128791809082,34.84150695800781,0.0,0.020496176615710335,-39.431854248046875,0
1R6Q,5,9.596320152282715,10.508703231811523,20.80491828918457,0.0,0.05433668379073459,-46.399410247802734,0
1R6Q,6,14.53881549835205,17.924562454223633,29.551198959350586,0.0,0.0277890089108544,-41.36436462402344,0
1R6Q,7,15.704665184020996,20.466615676879883,33.05546569824219,0.0,0.022454831384355268,-42.66922378540039,0
1R6Q,8,13.906792640686035,14.955060005187988,46.450313568115234,0.0,0.014120271312648142,-45.703697204589844,0
1R6Q,9,15.038880348205566,19.132408142089844,30.559154510498047,0.0,0.025973420687280896,-46.80291748046875,0
1R6Q,10,15.236725807189941,18.871437072753906,33.210689544677734,0.0,0.022585711550498714,-45.917240142822266,0
1R6Q,11,14.263838768005371,15.636175155639648,47.863399505615234,0.0,0.013230815175147561,-45.36266326904297,0
1R6Q,12,14.294609069824219,15.185813903808594,48.38204574584961,0.0,0.013201195048264523,-43.85869216918945,0
1R6Q,13,21.391904830932617,24.7169246673584,62.588401794433594,0.0,0.007259730917895607,-35.16740417480469,0
1R6Q,14,9.827472686767578,10.645453453063965,27.174360275268555,0.0,0.0361962440803757,-52.55950164794922,0
1Y64,0,37.552040100097656,36.83866882324219,79.89553833007812,0.0,0.004282381101172542,-13.180811882019043,5
1Y64,1,17.82383918762207,14.841222763061523,30.757036209106445,0.0,0.027022406061704998,-25.076698303222656,19
1Y64,2,23.1793212890625,22.600027084350586,37.36772155761719,0.0,0.01786083201728643,-26.7128963470459,6
1Y64,3,21.196353912353516,22.59624671936035,32.86472702026367,0.0,0.022361941307534897,-33.45736312866211,6
1Y64,4,20.547630310058594,17.358516693115234,34.90730667114258,0.0,0.021128728089440788,-31.17557716369629,8
1Y64,5,33.01719665527344,31.04822540283203,74.02379608154297,0.0,0.005114156840022552,-10.911043167114258,20
1Y64,6,33.55186080932617,32.288818359375,74.41847229003906,0.0,0.005010483091637151,-13.035585403442383,15
1Y64,7,19.401273727416992,17.08725357055664,32.910919189453125,0.0,0.023393614360926903,-28.660921096801758,11
1Y64,8,40.043277740478516,41.69990539550781,79.91028594970703,0.0,0.004160034503882763,-13.138910293579102,14
1Y64,9,22.56134605407715,20.742231369018555,36.32017517089844,0.0,0.019042785604918684,-24.475099563598633,3
1Y64,10,38.97766876220703,39.04146957397461,82.47622680664062,0.0,0.003994569752245714,-11.248858451843262,13
1Y64,11,17.94603157043457,17.277992248535156,27.99116325378418,0.0,0.03063630785750991,-26.022531509399414,17
1Y64,12,38.48011016845703,36.677032470703125,80.01972198486328,0.0,0.004275805547420133,-16.827281951904297,7
1Y64,13,12.631414413452148,10.182878494262695,22.33067512512207,0.0,0.04926359666033686,-28.957124710083008,8
1Y64,14,18.326248168945312,15.945796966552734,29.45844841003418,0.0,0.028542966078309737,-31.128501892089844,1
3AAD,0,19.358108520507812,20.362573623657227,60.0621223449707,0.0,0.008343962283828608,-35.549720764160156,0
3AAD,1,18.498727798461914,19.288644790649414,55.194766998291016,0.0,0.009725934809669325,-41.448875427246094,0
3AAD,2,18.793256759643555,18.399972915649414,54.547386169433594,0.0,0.010102864625750217,-28.5932559967041,1
3AAD,3,22.93617820739746,18.307151794433594,46.92470932006836,0.0,0.01281277426162906,-27.69395637512207,0
3AAD,4,18.97469139099121,20.58786392211914,57.2467155456543,0.0,0.008950372630518956,-43.71487808227539,0
3AAD,5,21.83977699279785,18.184410095214844,66.42061614990234,0.0,0.007623785261812601,-33.8555908203125,0
3AAD,6,20.6686954498291,17.943838119506836,63.67641067504883,0.0,0.00814880928313844,-27.675891876220703,0
3AAD,7,26.311870574951172,21.41192054748535,70.42080688476562,0.0,0.006414549396511304,-26.515316009521484,3
3AAD,8,21.851789474487305,19.62380027770996,65.91905975341797,0.0,0.007387977834835499,-32.72883987426758,0
3AAD,9,18.9880428314209,19.072071075439453,56.56004333496094,0.0,0.009411247334201475,-37.1785774230957,0
3AAD,10,23.697566986083984,22.47629737854004,68.71853637695312,0.0,0.0065011550242285695,-27.308698654174805,1
3AAD,11,18.89704132080078,18.721817016601562,56.58015441894531,0.0,0.009483028557047772,-38.25090408325195,0
3AAD,12,20.478036880493164,16.211313247680664,62.953697204589844,0.0,0.008797573278618125,-38.96142578125,0
3AAD,13,6.783051013946533,7.214780330657959,14.92062759399414,0.0,0.09548436748747931,-35.3418083190918,0
3AAD,14,22.646503448486328,19.775033950805664,69.48648834228516,0.0,0.0068212738289640295,-27.051433563232422,1
1F34,0,17.624187469482422,15.987452507019043,45.04203796386719,0.108696,0.050603286736214004,-39.02354431152344,3
1F34,1,20.560632705688477,18.600332260131836,47.77250289916992,0.0,0.012382601345041157,-47.12449645996094,0
1F34,2,18.297039031982422,18.65670394897461,48.929115295410156,0.0,0.01190581595233773,-54.927696228027344,0
1F34,3,17.096912384033203,16.61498260498047,46.626914978027344,0.0,0.013416102179218903,-52.32353210449219,0
1F34,4,16.680898666381836,16.710725784301758,45.38359451293945,0.0,0.013960856972125244,-53.55713653564453,0
1F34,5,15.670379638671875,15.530900955200195,43.80707931518555,0.0,0.01517481713413108,-50.604854583740234,0
1F34,6,18.951675415039062,17.567005157470703,45.79438781738281,0.0,0.013514244663835323,-49.42090606689453,0
1F34,7,19.35114860534668,17.42226791381836,47.80760955810547,0.0,0.012666948472503733,-46.34428405761719,0
1F34,8,16.507001876831055,15.841580390930176,49.52180099487305,0.0,0.012501261906950565,-41.541866302490234,0
1F34,9,21.113723754882812,19.966493606567383,51.50162887573242,0.0,0.010709738123147357,-39.09779357910156,3
1F34,10,18.48664665222168,16.842620849609375,54.22919845581055,0.0,0.01061606815865441,-34.77045440673828,4
1F34,11,20.228885650634766,18.026525497436523,48.131595611572266,0.0,0.012373483023910836,-53.2684211730957,0
1F34,12,19.44199562072754,17.366622924804688,46.871952056884766,0.021739,0.020327658299162867,-46.79620361328125,0
1F34,13,18.450586318969727,16.683969497680664,44.50377655029297,0.0,0.014404534715647795,-54.28896713256836,0
1F34,14,15.076495170593262,15.33605670928955,41.00227737426758,0.0,0.0168935623783167,-51.57245635986328,0
1MAH,0,7.386308670043945,9.415389060974121,27.365943908691406,0.0,0.03757983534214496,-46.309871673583984,6
1MAH,1,4.871040344238281,9.332921981811523,15.498250007629395,0.0,0.08547368082730061,-51.3404426574707,1
1MAH,2,2.106614828109741,3.014058828353882,7.200660228729248,0.5,0.42690072689636893,-43.602577209472656,3
1MAH,3,6.4209465980529785,11.532200813293457,21.401350021362305,0.0,0.050962933109259125,-43.26603698730469,1
1MAH,4,6.438018321990967,9.800406455993652,20.93383026123047,0.0,0.05480812142107686,-35.19918441772461,32
1MAH,5,5.292619705200195,10.559741973876953,16.823551177978516,0.0,0.07437948644349417,-54.68794250488281,1
1MAH,6,6.444255352020264,8.943259239196777,21.011154174804688,0.055556,0.07451961613236964,-35.770145416259766,34
1MAH,7,2.7305147647857666,4.2483978271484375,9.069083213806152,0.166667,0.24838443578989902,-39.6925163269043,7
1MAH,8,2.891343116760254,4.976529598236084,9.60395336151123,0.0,0.17417725812412985,-45.780094146728516,3
1MAH,9,3.136962652206421,4.977392196655273,11.451830863952637,0.0,0.146159708057517,-44.88195037841797,1
1MAH,10,4.9890522956848145,9.669188499450684,15.721017837524414,0.0,0.0832351541473597,-45.27689743041992,2
1MAH,11,6.198399543762207,10.982022285461426,19.717195510864258,0.0,0.058344253964716854,-39.24079132080078,11
1MAH,12,5.344760417938232,10.513952255249023,16.783227920532227,0.0,0.07469543474402422,-41.29861831665039,15
1MAH,13,1.5064697265625,2.4979755878448486,5.580062389373779,0.222222,0.3953577689130525,-42.0003776550293,3
1MAH,14,2.4787888526916504,3.4212026596069336,8.887593269348145,0.333333,0.3240965123170237,-44.36643981933594,6
4DW2,0,14.51927661895752,11.938889503479004,26.43604850769043,0.0,0.03641186481979366,-39.7971076965332,30
4DW2,1,12.874893188476562,11.743127822875977,24.32427406311035,0.0,0.04162580294228747,-41.09909439086914,24
4DW2,2,9.345574378967285,7.462294101715088,20.302366256713867,0.0,0.06265951779837141,-40.54913330078125,4
4DW2,3,9.128929138183594,8.997715950012207,21.461929321289062,0.222222,0.12828344743755787,-44.858787536621094,9
4DW2,4,15.206966400146484,9.836156845092773,39.26567077636719,0.0,0.022496882409522353,-41.21091842651367,7
4DW2,5,12.607698440551758,9.030399322509766,27.34346580505371,0.0,0.03832304139893745,-41.82123947143555,4
4DW2,6,21.38393211364746,13.721587181091309,48.98275375366211,0.0,0.013680530094213649,-44.29814529418945,13
4DW2,7,14.572196006774902,11.833572387695312,25.71198272705078,0.0,0.03811106030261644,-41.89292526245117,12
4DW2,8,12.52322769165039,10.350889205932617,23.13276481628418,0.0,0.04650766403674359,-43.5062255859375,4
4DW2,9,11.507498741149902,8.634024620056152,24.14823341369629,0.0,0.04651281166589457,-44.910850524902344,3
4DW2,10,21.971986770629883,13.520421981811523,50.510215759277344,0.0,0.013232656202120517,-45.46146011352539,8
4DW2,11,23.145488739013672,14.24109172821045,53.52009201049805,0.0,0.011858443316107687,-45.243587493896484,5
4DW2,12,10.424906730651855,8.944019317626953,19.65808868408203,0.0,0.06162358682458347,-46.02387619018555,1
4DW2,13,11.012941360473633,8.719873428344727,22.383953094482422,0.0,0.05158912311431218,-40.53375244140625,9
4DW2,14,14.667220115661621,11.51505184173584,28.14716339111328,0.0,0.03341957707611267,-42.73490905761719,21
1S1Q,0,14.333706855773926,16.403505325317383,37.76997375488281,0.0,0.01883239882708929,-42.92002487182617,0
1S1Q,1,12.016545295715332,11.906522750854492,39.73711395263672,0.0,0.019792353383406073,-35.90978240966797,3
1S1Q,2,14.456342697143555,17.656152725219727,38.484886169433594,0.0,0.017892873766081074,-45.66755676269531,0
1S1Q,3,17.67963981628418,17.303421020507812,53.71297836303711,0.0,0.010629852027132675,-37.155540466308594,1
1S1Q,4,11.642099380493164,13.011159896850586,40.074134826660156,0.0,0.0187229614222744,-40.386573791503906,0
1S1Q,5,10.150404930114746,10.951603889465332,30.538375854492188,0.0,0.030105375208031703,-50.77116394042969,0
1S1Q,6,10.116693496704102,9.772774696350098,33.7051887512207,0.0,0.02760382845352191,-49.688499450683594,0
1S1Q,7,18.78116798400879,18.97624969482422,55.25104904174805,0.0,0.009776676316031413,-39.66440200805664,0
1S1Q,8,14.59952163696289,16.967634201049805,40.09263229370117,0.0,0.016923005470948327,-46.742835998535156,0
1S1Q,9,10.670014381408691,10.977032661437988,34.55399703979492,0.0,0.02512995032069648,-43.10869598388672,0
1S1Q,10,17.923328399658203,17.04181480407715,50.99704360961914,0.0,0.01157260829987731,-47.75204086303711,0
1S1Q,11,11.758788108825684,11.887237548828125,35.220062255859375,0.0,0.023570798648450273,-51.059593200683594,0
1S1Q,12,16.59064292907715,17.252912521362305,50.24440383911133,0.0,0.011775138401109789,-47.34000778198242,0
1S1Q,13,15.42978572845459,17.848148345947266,43.629581451416016,0.0,0.014527073411329876,-39.16919708251953,0
1S1Q,14,16.093538284301758,14.507279396057129,51.29827880859375,0.0,0.012433245714280219,-44.88869094848633,0
1GLA,0,15.216562271118164,8.994905471801758,46.87489318847656,0.0,0.019630649830284102,-37.6402702331543,7
1GLA,1,16.06893539428711,8.757207870483398,46.95408248901367,0.0,0.020078124702663104,-36.3554573059082,18
1GLA,2,16.72012710571289,13.075746536254883,54.23802947998047,0.0,0.012320077542500382,-43.76068115234375,1
1GLA,3,26.047893524169922,20.858020782470703,76.87083435058594,0.0,0.005741429521201332,-39.359092712402344,1
1GLA,4,27.68335723876953,20.812137603759766,78.35674285888672,0.0,0.005599460193343282,-33.2585334777832,10
1GLA,5,17.526660919189453,11.240466117858887,42.415531158447266,0.0,0.01870177775635033,-21.288225173950195,90
1GLA,6,14.630911827087402,9.999183654785156,38.79207229614258,0.0,0.022607022417888756,-35.545711517333984,41
1GLA,7,17.899290084838867,11.881522178649902,55.271610260009766,0.0,0.01293061819390908,-54.30760955810547,0
1GLA,8,16.173561096191406,13.691272735595703,53.63632583618164,0.0,0.01211990932607159,-45.6497688293457,1
1GLA,9,14.380687713623047,8.207976341247559,44.45075607299805,0.0,0.02253138370629611,-40.19546890258789,4
1GLA,10,16.317964553833008,13.496333122253418,53.683326721191406,0.0,0.012219597299560478,-46.38632583618164,1
1GLA,11,15.651080131530762,9.993257522583008,48.381996154785156,0.0,0.017325027252289366,-38.17038345336914,4
1GLA,12,27.596256256103516,20.316051483154297,77.91446685791016,0.0,0.005727770236681575,-37.248985290527344,2
1GLA,13,28.232927322387695,21.14872169494629,77.6162109375,0.0,0.0056187892238258805,-34.673301696777344,4
1GLA,14,17.356117248535156,11.315019607543945,48.11569595336914,0.0,0.015844654564715715,-35.239017486572266,5
1KLU,0,14.35976505279541,8.201484680175781,42.26093673706055,0.0,0.023749453748647408,-29.743844985961914,3
1KLU,1,30.648670196533203,16.700969696044922,73.25403594970703,0.0,0.007095785458440383,-45.67212677001953,3
1KLU,2,29.083667755126953,16.81831932067871,76.96793365478516,0.0,0.006646958863043101,-39.38261032104492,5
1KLU,3,29.015039443969727,24.54561996459961,83.14043426513672,0.0,0.004688278517857552,-41.04869079589844,0
1KLU,4,30.853368759155273,16.325157165527344,73.5001449584961,0.0,0.007189752956364023,-44.982818603515625,2
1KLU,5,30.75156021118164,16.381126403808594,72.9929428100586,0.0,0.007231402814336463,-43.54310989379883,2
1KLU,6,10.203176498413086,5.1578755378723145,33.275787353515625,0.4,0.179744322684644,-32.18107986450195,6
1KLU,7,10.267082214355469,5.546618461608887,34.33625030517578,0.0,0.04196471947114505,-33.759971618652344,4
1KLU,8,29.732881546020508,18.237945556640625,73.2800064086914,0.0,0.006664943418225604,-43.714420318603516,4
1KLU,9,19.215862274169922,16.63797950744629,47.668521881103516,0.0,0.012959577046096765,-36.36052322387695,2
1KLU,10,18.557275772094727,14.023419380187988,43.11916732788086,0.0,0.01623925885970897,-35.32584762573242,5
1KLU,11,17.864389419555664,13.3417329788208,48.58954620361328,0.0,0.014058672232986189,-34.64690399169922,15
1KLU,12,22.001556396484375,23.336612701416016,69.39534759521484,0.0,0.006298565762688484,-32.14078903198242,0
1KLU,13,9.613567352294922,7.422313213348389,28.492002487182617,0.0,0.04032193458606648,-35.15968704223633,1
1KLU,14,30.012542724609375,17.471267700195312,73.45320892333984,0.0,0.006843779024647719,-47.50393295288086,0
6AL0,0,7.6442155838012695,6.872834205627441,15.85191535949707,0.0,0.08959436517559832,-26.155668258666992,7
6AL0,1,18.4002628326416,10.19107723236084,36.2394905090332,0.0,0.02445004376869515,-27.2294864654541,2
6AL0,2,18.13612174987793,14.048900604248047,42.14472198486328,0.0,0.016786200399215873,-21.685592651367188,44
6AL0,3,15.03835678100586,11.810285568237305,40.34455108642578,0.0,0.019458872362961854,-24.96341896057129,7
6AL0,4,12.317412376403809,8.556200981140137,25.767873764038086,0.0,0.04265077866267774,-26.15874481201172,3
6AL0,5,20.228540420532227,10.867277145385742,39.42389678955078,0.0,0.021038845174861823,-19.31313705444336,65
6AL0,6,12.981819152832031,11.133235931396484,28.915708541870117,0.0,0.032455741264710264,-21.817140579223633,20
6AL0,7,16.83018684387207,13.116275787353516,38.095340728759766,0.0,0.020111101336759443,-22.594167709350586,36
6AL0,8,17.13243293762207,10.690570831298828,34.87373733520508,0.0,0.02512768751022336,-29.27299690246582,3
6AL0,9,15.372061729431152,11.968610763549805,32.07728576660156,0.0,0.027024758853493976,-24.95207405090332,10
6AL0,10,10.253182411193848,8.041050910949707,22.720077514648438,0.0,0.05213593288455524,-25.371490478515625,8
6AL0,11,15.29877758026123,10.07813549041748,34.380123138427734,0.0,0.02642561523696703,-18.913137435913086,44
6AL0,12,17.617460250854492,14.630165100097656,39.144752502441406,0.0,0.018476830332786274,-24.929025650024414,4
6AL0,13,13.148234367370605,7.687734603881836,28.973539352416992,0.0,0.03864007723211135,-24.741073608398438,5
6AL0,14,9.848310470581055,7.070493221282959,22.265640258789062,0.0,0.056755882205847014,-23.340055465698242,6
1KAC,0,12.664011001586914,15.292787551879883,34.12323760986328,0.0,0.02265108903687832,-54.62948989868164,0
1KAC,1,11.684978485107422,11.39475154876709,24.11290740966797,0.0,0.042520497126037504,-50.9731559753418,1
1KAC,2,16.30648422241211,16.567951202392578,30.664331436157227,0.0,0.026494861364550048,-57.83681869506836,0
1KAC,3,17.402645111083984,13.685179710388184,51.12815856933594,0.0,0.012922185242896784,-52.722354888916016,0
1KAC,4,16.524206161499023,16.90291404724121,48.00849533081055,0.0,0.012736081053120773,-53.04917907714844,0
1KAC,5,11.348454475402832,13.293377876281738,37.557472229003906,0.0,0.0204324339441869,-57.087833404541016,0
1KAC,6,8.290104866027832,7.543681621551514,26.880016326904297,0.25,0.12631311790851105,-47.2867431640625,0
1KAC,7,12.326802253723145,10.350967407226562,35.509437561035156,0.0,0.024920755058487967,-49.29047393798828,0
1KAC,8,15.51513957977295,12.757989883422852,45.868812561035156,0.0,0.015611706911453027,-61.507938385009766,0
1KAC,9,16.452518463134766,15.775955200195312,32.3735466003418,0.0,0.02448377674207267,-53.98344802856445,0
1KAC,10,17.779762268066406,14.878927230834961,44.82639694213867,0.0,0.014923032292701992,-57.862091064453125,0
1KAC,11,12.98213005065918,12.331130027770996,27.486675262451172,0.0,0.033954775267912844,-52.87435531616211,0
1KAC,12,12.419445037841797,11.82199478149414,39.23798370361328,0.0,0.02022257846647493,-58.187828063964844,0
1KAC,13,12.915448188781738,11.66726016998291,30.397384643554688,0.0,0.02959401745307381,-54.18293380737305,0
1KAC,14,15.86741828918457,13.094465255737305,38.03873062133789,0.0,0.020170109583682677,-48.40742874145508,0
4G6J,0,21.896411895751953,20.173160552978516,55.21835708618164,0.0,0.009548576132613831,-35.03746795654297,6
4G6J,1,26.18143653869629,26.77243995666504,66.90072631835938,0.0,0.006338513575128708,-32.55908966064453,5
4G6J,2,12.772500038146973,16.95673179626465,27.730724334716797,0.0,0.031216433048737266,-31.195293426513672,4
4G6J,3,33.474517822265625,30.470685958862305,85.29670715332031,0.0,0.004083468814564153,-31.399551391601562,9
4G6J,4,12.077741622924805,16.998323440551758,24.088346481323242,0.0,0.039485022940265,-32.22489929199219,2
4G6J,5,34.21802520751953,34.2874755859375,89.94172668457031,0.0,0.0035874875919741866,-31.7827091217041,5
4G6J,6,9.226076126098633,9.716219902038574,18.392911911010742,0.0,0.0664208215743985,-31.197219848632812,2
4G6J,7,20.61876678466797,22.900819778442383,52.61171340942383,0.0,0.009903290398359089,-37.40626525878906,0
4G6J,8,20.883468627929688,21.81304359436035,53.03721237182617,0.0,0.009916053499899628,-32.1345100402832,4
4G6J,9,20.455448150634766,21.038541793823242,51.85670471191406,0.0,0.010407407978019586,-35.89854431152344,2
4G6J,10,9.92684268951416,10.247559547424316,19.8078670501709,0.0,0.05882872079247881,-31.314159393310547,7
4G6J,11,34.20026779174805,34.68287658691406,89.55227661132812,0.0,0.00359857005254991,-31.256332397460938,8
4G6J,12,12.103705406188965,16.48934555053711,24.17068099975586,0.0,0.03942175582512441,-32.473392486572266,6
4G6J,13,12.153014183044434,15.992016792297363,24.873764038085938,0.0,0.0377622211976232,-32.17722702026367,4
4G6J,14,21.11911964416504,20.717754364013672,53.50463104248047,0.0,0.009943799622751402,-38.25576400756836,1
2GAF,0,21.102235794067383,18.6951961517334,54.92643737792969,0.0,0.00992820280881692,-32.85668182373047,5
2GAF,1,21.000585556030273,18.95587158203125,55.231658935546875,0.0,0.009786388255260143,-39.09514236450195,0
2GAF,2,17.811534881591797,17.203327178955078,30.66569709777832,0.0,0.02629789056690171,-39.057804107666016,4
2GAF,3,18.800209045410156,19.200206756591797,35.02369689941406,0.0,0.020563316073485185,-30.92042350769043,6
2GAF,4,18.632308959960938,17.598730087280273,31.568666458129883,0.0,0.024936525153842898,-37.31835174560547,8
2GAF,5,21.304033279418945,22.102092742919922,45.03965759277344,0.0,0.012992038765115073,-32.94622802734375,5
2GAF,6,24.966083526611328,26.312292098999023,62.85029220581055,0.0,0.00706706947463762,-41.828861236572266,0
2GAF,7,17.131072998046875,16.89997100830078,28.69744110107422,0.0,0.029490369669331523,-43.202518463134766,3
2GAF,8,11.506247520446777,12.283077239990234,23.74391746520996,0.222222,0.11683746185427264,-36.440364837646484,9
2GAF,9,12.482577323913574,12.948991775512695,23.29336166381836,0.0,0.04358435071279557,-38.759700775146484,6
2GAF,10,10.137554168701172,11.05897045135498,24.848424911499023,0.111111,0.07797749426951138,-36.966827392578125,18
2GAF,11,24.916872024536133,25.24073028564453,64.77452850341797,0.0,0.006815858261095806,-33.844947814941406,2
2GAF,12,14.247077941894531,15.883743286132812,33.33355712890625,0.0,0.023297831851060814,-40.102195739746094,4
2GAF,13,23.097164154052734,25.002716064453125,69.65715026855469,0.0,0.006086080595530504,-25.299901962280273,6
2GAF,14,19.98158073425293,20.38531494140625,39.1486930847168,0.0,0.016801475727727378,-33.391117095947266,6
1PVH,0,8.679549217224121,8.79394245147705,14.042174339294434,0.0,0.09880942565807986,-30.263216018676758,1
1PVH,1,23.89906883239746,13.62954330444336,58.877235412597656,0.0,0.010794604214969828,-32.56234359741211,7
1PVH,2,17.779539108276367,10.965449333190918,42.20290756225586,0.666667,0.24133981798482454,-39.89725875854492,1
1PVH,3,23.918949127197266,12.528982162475586,51.88948059082031,0.0,0.013421100510136669,-46.426143646240234,0
1PVH,4,9.43266773223877,9.550780296325684,14.328804969787598,0.0,0.09479075968448601,-29.459152221679688,2
1PVH,5,14.984859466552734,9.722972869873047,23.974985122680664,0.833333,0.3227469147560064,-31.718507766723633,1
1PVH,6,12.502290725708008,9.868878364562988,19.506000518798828,0.0,0.06072205871471422,-39.999473571777344,0
1PVH,7,8.944368362426758,9.174262046813965,14.597952842712402,0.0,0.09307804800924684,-42.18745422363281,0
1PVH,8,15.058423042297363,10.273234367370605,23.96718406677246,0.833333,0.321977418421228,-32.3968391418457,2
1PVH,9,23.1512508392334,14.140774726867676,57.25773239135742,0.0,0.010896544999962848,-37.157989501953125,4
1PVH,10,23.195140838623047,12.10628890991211,53.774078369140625,0.0,0.01316545947528664,-37.25700759887695,2
1PVH,11,10.859236717224121,9.987339973449707,18.32314682006836,0.0,0.06638271633460678,-25.961584091186523,1
1PVH,12,23.5011043548584,13.604809761047363,58.37923812866211,0.0,0.010923129768921918,-32.93767166137695,7
1PVH,13,11.25341796875,9.288021087646484,18.081195831298828,0.0,0.06880498452912634,-32.02747344970703,2
1PVH,14,13.438773155212402,9.938590049743652,21.1135311126709,0.0,0.05391398459797089,-38.53432846069336,0
1OPH,0,10.21636962890625,7.590885639190674,34.31020736694336,0.0,0.03180211583757075,-41.4590950012207,5
1OPH,1,10.382146835327148,7.657022953033447,32.54825210571289,0.0,0.033601138259306,-48.71952438354492,0
1OPH,2,9.475658416748047,7.150804042816162,30.765413284301758,0.0,0.0376889882733512,-42.75737380981445,7
1OPH,3,30.937910079956055,23.16644287109375,69.35684204101562,0.0,0.006324095457572706,-21.162996292114258,117
1OPH,4,14.522677421569824,10.523397445678711,36.73374557495117,0.0,0.023578434478445983,-41.528053283691406,1
1OPH,5,31.341947555541992,31.696609497070312,99.79444885253906,0.0,0.00314568893667266,-37.323543548583984,4
1OPH,6,9.23805046081543,8.824773788452148,23.386314392089844,0.0,0.04825635919206992,-42.48435974121094,5
1OPH,7,27.5511474609375,20.06121253967285,72.22718048095703,0.0,0.006406676650741333,-42.375179290771484,7
1OPH,8,12.422950744628906,9.965291976928711,37.27066421508789,0.0,0.023865180161680197,-41.412784576416016,2
1OPH,9,18.81970977783203,12.697311401367188,42.02964782714844,0.0,0.017685677596939783,-43.85504150390625,6
1OPH,10,17.776512145996094,10.434432983398438,32.547855377197266,0.096774,0.0602893184628245,-43.44758987426758,1
1OPH,11,21.30612564086914,17.636072158813477,56.69581985473633,0.0,0.0097216042760058,-44.038002014160156,20
1OPH,12,18.1716365814209,13.737751960754395,39.47648620605469,0.0,0.01869642387410014,-45.73604202270508,7
1OPH,13,18.332609176635742,13.66146183013916,40.24140167236328,0.0,0.01820750115078303,-46.553123474121094,14
1OPH,14,18.090898513793945,13.13863754272461,38.69887161254883,0.0,0.019629949657111307,-46.374202728271484,4
1J2J,0,12.114662170410156,13.79604434967041,36.077606201171875,0.0,0.021424362019851474,-45.81968688964844,0
1J2J,1,4.3327107429504395,4.522296905517578,13.428362846374512,0.0,0.12839069856178856,-62.68601989746094,0
1J2J,2,4.7851152420043945,5.3566508293151855,16.194656372070312,0.0,0.09623193125182972,-60.816001892089844,0
1J2J,3,4.112618446350098,4.416675090789795,13.942590713500977,0.0,0.12479118979248559,-58.456295013427734,0
1J2J,4,6.833351135253906,6.976980209350586,21.006786346435547,0.0,0.06162375373772198,-64.78330993652344,0
1J2J,5,7.360335826873779,7.1507768630981445,22.26365089416504,0.0,0.05645545217067638,-48.51527786254883,1
1J2J,6,13.271812438964844,12.125489234924316,39.558319091796875,0.0,0.01973507757990461,-58.18843460083008,0
1J2J,7,6.204870223999023,6.315951824188232,16.22446632385254,0.2,0.15625093617191405,-65.767822265625,0
1J2J,8,4.88081693649292,4.965736389160156,15.195722579956055,0.0,0.10731319769182407,-55.229183197021484,0
1J2J,9,5.598817348480225,5.906559467315674,18.639110565185547,0.0,0.07758209607804706,-63.012901306152344,0
1J2J,10,6.488161087036133,5.877888202667236,18.25811195373535,0.0,0.07975646106586444,-41.79780960083008,2
1J2J,11,5.409151077270508,5.331333160400391,14.585800170898438,0.2,0.1756222868520936,-58.4783935546875,0
1J2J,12,4.724974155426025,4.8709940910339355,13.940464973449707,0.0,0.11921179396420338,-66.9286880493164,0
1J2J,13,10.27149772644043,10.718978881835938,24.709352493286133,0.0,0.04167356232708532,-44.2230339050293,1
1J2J,14,10.990106582641602,9.476102828979492,32.40787887573242,0.0,0.029602744792708687,-40.315704345703125,12
4FZA,0,10.06344223022461,7.047600269317627,19.624191284179688,0.0,0.06710307862953542,-33.3328742980957,3
4FZA,1,18.38382339477539,15.843158721923828,48.18719482421875,0.0,0.013020231439120187,-28.710786819458008,24
4FZA,2,20.232879638671875,15.385506629943848,30.82209014892578,0.0,0.02669766431601053,-37.843719482421875,4
4FZA,3,20.575002670288086,15.663775444030762,31.150968551635742,0.0,0.026127607347836285,-35.98603439331055,6
4FZA,4,7.783522129058838,5.571705341339111,17.07752799987793,0.0,0.08870929582300764,-32.051998138427734,7
4FZA,5,20.884294509887695,16.008827209472656,31.518573760986328,0.0,0.02550021942560889,-33.85441207885742,8
4FZA,6,20.66055679321289,15.561562538146973,31.452348709106445,0.0,0.025756601215464737,-37.68760681152344,7
4FZA,7,18.833553314208984,13.791510581970215,29.780811309814453,0.0,0.029006122735704864,-35.49156188964844,10
4FZA,8,11.658675193786621,10.023370742797852,22.906156539916992,0.0,0.04764605771521374,-34.57678985595703,22
4FZA,9,13.916540145874023,8.963237762451172,26.920196533203125,0.0,0.03930053560304395,-35.173728942871094,4
4FZA,10,9.06009578704834,7.23866081237793,20.603158950805664,0.0,0.0622069045393801,-31.149988174438477,9
4FZA,11,14.738767623901367,10.381360054016113,26.26103401184082,0.0,0.038426687322563505,-34.90858459472656,9
4FZA,12,13.100090026855469,9.986949920654297,35.9621696472168,0.0,0.0249903721931229,-29.436460494995117,25
4FZA,13,19.592477798461914,14.008377075195312,32.66640090942383,0.0,0.02491652936914883,-36.45846939086914,15
4FZA,14,14.180577278137207,14.012055397033691,30.88241195678711,0.0,0.02725031275516533,-31.11391830444336,3
2PCC,0,24.504384994506836,18.970182418823242,65.64635467529297,0.0,0.007567501422267499,-47.634544372558594,1
2PCC,1,19.62857437133789,15.346835136413574,56.270606994628906,0.0,0.0105905069700363,-51.1813850402832,0
2PCC,2,23.526473999023438,20.642438888549805,65.66049194335938,0.0,0.00724488735833029,-46.32828140258789,0
2PCC,3,11.697301864624023,14.548928260803223,34.07190704345703,0.0,0.023035973712060755,-46.3551139831543,3
2PCC,4,15.5178804397583,16.965017318725586,51.26718521118164,0.0,0.01150351206496928,-50.806270599365234,0
2PCC,5,18.2070255279541,14.622899055480957,52.88420486450195,0.0,0.011865311931433939,-56.32908248901367,0
2PCC,6,20.211013793945312,15.521121978759766,56.5203857421875,0.0,0.01045658845729717,-49.45100402832031,1
2PCC,7,17.70558738708496,15.63946533203125,49.3741340637207,0.0,0.012633112883561727,-59.67418670654297,0
2PCC,8,17.063060760498047,13.136624336242676,51.51437759399414,0.0,0.01312484458975856,-50.74390411376953,1
2PCC,9,15.241724014282227,11.874348640441895,48.197303771972656,0.0,0.015290301974767065,-48.11574172973633,1
2PCC,10,7.0920610427856445,6.669348239898682,15.582003593444824,0.5,0.2591594179387247,-44.902549743652344,12
2PCC,11,16.03504180908203,14.221813201904297,52.973941802978516,0.0,0.012033962389677017,-63.13416290283203,0
2PCC,12,16.740013122558594,12.852072715759277,50.8280143737793,0.0,0.013548014945211781,-55.08049011230469,0
2PCC,13,20.271753311157227,16.36737632751465,56.441627502441406,0.0,0.010168598704110562,-57.18427276611328,0
2PCC,14,24.2659969329834,19.23178482055664,67.00901794433594,0.0,0.007294111502523677,-48.46107864379883,2
4JCV,0,20.52408790588379,19.41051483154297,51.032875061035156,0.0,0.010976516255193266,-24.22617530822754,6
4JCV,1,33.116676330566406,26.548458099365234,80.2975845336914,0.0,0.004754504333458837,-25.119205474853516,2
4JCV,2,28.538238525390625,29.86229133605957,70.42965698242188,0.0,0.005624398318206141,-33.9362678527832,0
4JCV,3,33.530059814453125,26.51200294494629,81.10401916503906,0.0,0.004685117085141889,-35.11420440673828,0
4JCV,4,32.1967658996582,31.36634635925293,77.67240142822266,0.0,0.00470526489021262,-17.70501708984375,6
4JCV,5,21.188579559326172,18.569143295288086,52.87889862060547,0.0,0.010556994794629853,-19.196916580200195,7
4JCV,6,16.119890213012695,15.557845115661621,35.10098648071289,0.0,0.021534191151047138,-27.868682861328125,0
4JCV,7,31.881681442260742,30.83716583251953,77.11228942871094,0.0,0.004788353269711208,-16.127248764038086,22
4JCV,8,24.021411895751953,19.676340103149414,61.180328369140625,0.0,0.00823833150441894,-21.022537231445312,5
4JCV,9,28.873146057128906,23.742761611938477,69.65608978271484,0.0,0.00621595221791046,-16.391887664794922,32
4JCV,10,24.88916015625,27.237899780273438,61.71348571777344,0.0,0.007213615232517179,-21.23296356201172,20
4JCV,11,36.067481994628906,40.78059005737305,90.18836975097656,0.0,0.003385143280688875,-23.332565307617188,0
4JCV,12,32.02149200439453,34.91629409790039,77.45896911621094,0.0,0.0045802513436231035,-20.44548797607422,7
4JCV,13,33.656375885009766,27.076467514038086,81.50494384765625,0.0,0.004606208345512307,-34.49005126953125,0
4JCV,14,21.213390350341797,21.29165267944336,53.75303268432617,0.0,0.009777996846760258,-22.781808853149414,5
1JZD,0,10.094744682312012,13.00557804107666,23.555023193359375,0.0,0.04278081676390172,-29.947301864624023,3
1JZD,1,24.570783615112305,22.342044830322266,60.13252639770508,0.0,0.00802564681601556,-30.13172149658203,1
1JZD,2,9.805268287658691,12.219937324523926,23.25309181213379,0.0,0.04423844319608868,-40.37693786621094,0
1JZD,3,12.050407409667969,15.025252342224121,28.31063461303711,0.0,0.030852792124809153,-43.61624526977539,0
1JZD,4,10.810263633728027,13.182205200195312,27.71470069885254,0.3,0.1329194022568562,-26.529449462890625,3
1JZD,5,24.75774383544922,28.182701110839844,60.059200286865234,0.0,0.0074871290640007365,-33.39325714111328,1
1JZD,6,25.284076690673828,28.26474380493164,61.18556594848633,0.0,0.007247431860583173,-27.870983123779297,4
1JZD,7,8.85322380065918,10.654833793640137,20.642770767211914,0.0,0.05480187262725558,-27.831491470336914,8
1JZD,8,10.1354341506958,12.251559257507324,28.23847198486328,0.0,0.03261562562207961,-27.56077766418457,6
1JZD,9,12.040313720703125,14.185440063476562,32.45046615600586,0.0,0.02508795382609551,-28.383888244628906,4
1JZD,10,10.978229522705078,14.633963584899902,25.374317169189453,0.0,0.03709672062700096,-25.408031463623047,5
1JZD,11,11.018342971801758,14.611712455749512,24.72530174255371,0.0,0.038706852463087194,-42.99542236328125,0
1JZD,12,9.65122127532959,11.818602561950684,23.374755859375,0.0,0.044214477286018065,-35.69051742553711,0
1JZD,13,23.028717041015625,24.60507583618164,58.07390594482422,0.0,0.008225399192005886,-21.345252990722656,12
1JZD,14,8.695198059082031,11.078834533691406,20.257314682006836,0.0,0.055902844258606144,-42.6622314453125,0
1I4D,0,28.520252227783203,22.688213348388672,63.72248077392578,0.0,0.007278021280193864,-20.349395751953125,8
1I4D,1,20.941478729248047,18.23674201965332,48.465145111083984,0.0,0.012187136738978283,-25.34189224243164,3
1I4D,2,24.33134651184082,24.042465209960938,52.4517822265625,0.0,0.009822242556498396,-34.54718780517578,0
1I4D,3,29.832693099975586,23.0655460357666,66.7600326538086,0.0,0.006721190713922111,-22.757482528686523,0
1I4D,4,19.09919548034668,18.111351013183594,49.87452697753906,0.0,0.011679449045090459,-27.23200225830078,4
1I4D,5,23.909770965576172,12.937504768371582,59.61678695678711,0.0,0.011062505665892322,-16.73495101928711,12
1I4D,6,23.923925399780273,13.765878677368164,62.03401184082031,0.0,0.010054327919528655,-19.942176818847656,3
1I4D,7,20.432706832885742,18.58623695373535,53.00038146972656,0.0,0.010515566396786745,-23.59421730041504,5
1I4D,8,23.065778732299805,23.55622100830078,47.92008590698242,0.0,0.011513963597957777,-28.384544372558594,2
1I4D,9,18.417827606201172,17.68956756591797,47.58707046508789,0.0,0.012685870100395626,-24.874526977539062,7
1I4D,10,18.949060440063477,17.566057205200195,45.056522369384766,0.0,0.013868488498926102,-25.83405876159668,1
1I4D,11,21.247121810913086,17.764230728149414,49.483577728271484,0.0,0.011913405085244544,-22.190889358520508,5
1I4D,12,13.54214096069336,10.309211730957031,26.67560386657715,0.0,0.037635433810177726,-18.65981101989746,5
1I4D,13,14.884446144104004,13.421805381774902,32.71210861206055,0.0,0.025194561189432776,-31.62892723083496,0
1I4D,14,26.46500587463379,18.81865882873535,63.505584716796875,0.0,0.007970954783243148,-21.0029354095459,10
2DD8,0,10.9515380859375,13.415108680725098,21.87447166442871,0.0,0.04784485761610046,-27.98026466369629,3
2DD8,1,18.714462280273438,17.63282585144043,38.94664764404297,0.0,0.017550303197633548,-41.45934295654297,0
2DD8,2,20.0633487701416,14.85135555267334,47.157318115234375,0.0,0.013855025413485718,-21.970317840576172,34
2DD8,3,12.151355743408203,11.629871368408203,23.624713897705078,0.0,0.043659035038610294,-27.842660903930664,22
2DD8,4,11.430218696594238,13.019003868103027,21.90353775024414,0.0,0.04799499724221417,-29.884191513061523,0
2DD8,5,17.773054122924805,16.230688095092773,33.61463928222656,0.0,0.02285570747037463,-31.286121368408203,0
2DD8,6,17.559282302856445,14.32548999786377,34.0071907043457,0.0,0.023215025850562943,-26.446762084960938,13
2DD8,7,10.798469543457031,13.455568313598633,21.645605087280273,0.0,0.04862585639423856,-28.002506256103516,2
2DD8,8,15.88200569152832,14.107406616210938,30.03289794921875,0.0,0.02844686309111467,-30.219722747802734,6
2DD8,9,12.19815444946289,9.53760814666748,27.259567260742188,0.333333,0.14869482854891586,-32.00408935546875,5
2DD8,10,12.615874290466309,13.722125053405762,25.08814239501953,0.0,0.03825916999075783,-32.31838607788086,0
2DD8,11,16.7766170501709,13.899173736572266,32.55457305908203,0.0,0.025111638700770576,-24.354602813720703,10
2DD8,12,16.264074325561523,12.742003440856934,31.507213592529297,0.0,0.027170685629331597,-26.667072296142578,15
2DD8,13,11.128744125366211,12.645882606506348,21.00410270690918,0.0,0.051532275629721735,-32.22573471069336,2
2DD8,14,17.582239151000977,16.358304977416992,34.71445083618164,0.0,0.02163362220190418,-26.467254638671875,17
3AAA,0,11.66712760925293,14.516794204711914,30.403467178344727,0.0,0.027686327761011233,-29.272932052612305,6
3AAA,1,11.643281936645508,11.848581314086914,30.368175506591797,0.0,0.029475140070587335,-33.27698516845703,2
3AAA,2,28.074628829956055,24.66295051574707,76.78614807128906,0.0,0.005263644794659476,-48.54556655883789,0
3AAA,3,15.590465545654297,14.11068058013916,42.880126953125,0.0,0.016327419823752368,-32.513267517089844,13
3AAA,4,23.36035919189453,19.812498092651367,64.21163940429688,0.0,0.007640202967877558,-31.56501007080078,3
3AAA,5,6.443308353424072,6.8350419998168945,17.429866790771484,0.0,0.07935904608124301,-28.704425811767578,3
3AAA,6,9.853469848632812,9.56119155883789,25.810991287231445,0.0,0.040620177277565776,-31.498538970947266,4
3AAA,7,19.36590576171875,17.749309539794922,60.49283981323242,0.0,0.008817614217881228,-35.021209716796875,3
3AAA,8,24.537317276000977,21.42024803161621,66.16950225830078,0.0,0.007037817201114692,-30.4527587890625,7
3AAA,9,20.978471755981445,19.42354393005371,61.13687515258789,0.0,0.00829729808346489,-38.57352066040039,1
3AAA,10,20.002458572387695,16.148067474365234,57.634429931640625,0.0,0.00994750414308782,-36.66564178466797,11
3AAA,11,25.081209182739258,21.18836212158203,69.30949401855469,0.0,0.006601347333298654,-39.14120101928711,1
3AAA,12,27.8065242767334,24.775880813598633,71.78772735595703,0.0,0.005825954627907769,-39.37198257446289,0
3AAA,13,15.116544723510742,12.67125415802002,43.615116119384766,0.0,0.016803582921619646,-30.6425724029541,20
3AAA,14,9.234158515930176,10.537075996398926,23.80862045288086,0.0,0.044303940717524554,-40.872413635253906,0
1QA9,0,9.672523498535156,10.641153335571289,26.18063735961914,0.0,0.038280201681364166,-36.717872619628906,2
1QA9,1,10.093437194824219,10.782181739807129,30.878265380859375,0.0,0.029808327729325058,-38.12614822387695,3
1QA9,2,10.470612525939941,10.618897438049316,34.40609359741211,0.0,0.025695297857842903,-38.2680778503418,3
1QA9,3,6.664891719818115,7.442270278930664,19.02654457092285,0.0,0.06847079169337505,-46.47095489501953,0
1QA9,4,10.175616264343262,9.764800071716309,32.37856674194336,0.0,0.029175371227791517,-45.23923873901367,1
1QA9,5,9.271417617797852,9.507622718811035,22.9610595703125,0.0,0.048270456860282814,-38.419193267822266,4
1QA9,6,9.274922370910645,9.450020790100098,26.238540649414062,0.0,0.03985096385463733,-45.896278381347656,0
1QA9,7,7.168919563293457,7.690948963165283,13.632208824157715,0.0,0.10552958942023706,-39.68610382080078,2
1QA9,8,6.25554084777832,7.28762149810791,12.634329795837402,0.0,0.11741068267671674,-45.29939651489258,0
1QA9,9,8.09017276763916,9.193166732788086,16.685955047607422,0.0,0.07732194655269449,-39.920433044433594,2
1QA9,10,14.740859031677246,12.575931549072266,31.809471130371094,0.0,0.02689089474142325,-50.27623748779297,0
1QA9,11,9.506465911865234,10.16523551940918,29.07105255126953,0.0,0.0333558925813054,-39.44013214111328,1
1QA9,12,14.138005256652832,12.90894603729248,49.697105407714844,0.0,0.013914709368820609,-46.548187255859375,0
1QA9,13,10.101962089538574,9.852498054504395,32.25292205810547,0.0,0.02919913954303378,-43.91537094116211,0
1QA9,14,15.174644470214844,13.224332809448242,54.709083557128906,0.0,0.012090782654327892,-38.381141662597656,5
1M27,0,8.821953773498535,8.330124855041504,29.00596046447754,0.0,0.03682990786932011,-50.34162521362305,0
1M27,1,17.38898468017578,13.57392692565918,49.24726104736328,0.0,0.013664226911671615,-40.14664840698242,4
1M27,2,15.608176231384277,12.297334671020508,45.39305114746094,0.0,0.01617880337516202,-45.67301940917969,0
1M27,3,10.613832473754883,10.040966033935547,28.168367385864258,0.0,0.0350958061688405,-48.53065490722656,0
1M27,4,12.893128395080566,11.840763092041016,43.22395324707031,0.0,0.017675375675467942,-41.02824020385742,0
1M27,5,13.244195938110352,11.481852531433105,44.04286575317383,0.0,0.01756325752882326,-45.52618408203125,0
1M27,6,11.862560272216797,9.73597526550293,31.554262161254883,0.0,0.030280430208464434,-48.32062911987305,0
1M27,7,11.414695739746094,8.236851692199707,30.475425720214844,0.0,0.034758890071548136,-43.80339050292969,0
1M27,8,15.84736442565918,11.838187217712402,45.824649810791016,0.0,0.016354457468107843,-44.34238815307617,0
1M27,9,9.841504096984863,6.598536968231201,26.41241455078125,0.0,0.04766139000101869,-44.85541915893555,1
1M27,10,12.142022132873535,10.721284866333008,32.67734909057617,0.0,0.027524173636014854,-45.460227966308594,0
1M27,11,15.469183921813965,11.748116493225098,43.1350212097168,0.0,0.017806715968042303,-45.881832122802734,0
1M27,12,11.694896697998047,11.53212833404541,40.88370132446289,0.0,0.019357109687416673,-41.982398986816406,0
1M27,13,11.695138931274414,10.927237510681152,40.97086715698242,0.0,0.019920128794673492,-42.13825607299805,0
1M27,14,8.957632064819336,8.331016540527344,29.535354614257812,0.0,0.03596284491063194,-49.793846130371094,0
1KKL,0,23.761083602905273,25.150596618652344,68.99073791503906,0.0,0.006165632328446874,-25.88092041015625,3
1KKL,1,10.674935340881348,12.632054328918457,33.21686553955078,0.0,0.02512062983948361,-42.57744216918945,1
1KKL,2,18.415021896362305,24.678842544555664,58.34553146362305,0.0,0.008154465921172574,-44.883399963378906,0
1KKL,3,10.645254135131836,14.011285781860352,32.552330017089844,0.0,0.025053909496166444,-36.986061096191406,1
1KKL,4,20.54844856262207,24.63053321838379,62.62708282470703,0.0,0.007260974762636004,-23.963163375854492,4
1KKL,5,10.167008399963379,11.925932884216309,33.72553634643555,0.0,0.025100252170245963,-24.042560577392578,7
1KKL,6,22.1972599029541,26.76422882080078,68.5263671875,0.0,0.006094648891035104,-30.291540145874023,0
1KKL,7,16.575403213500977,22.9990177154541,51.86225509643555,0.0,0.010131590063350607,-48.49397277832031,0
1KKL,8,53.79913330078125,79.15518951416016,185.57188415527344,0.0,0.000817541377686718,0.0,0
1KKL,9,16.631820678710938,20.362558364868164,52.72353744506836,0.0,0.010243365707621665,-38.40070724487305,0
1KKL,10,17.61176300048828,25.21699333190918,53.87256622314453,0.0,0.009271867888528811,-41.94927978515625,0
1KKL,11,4.078527927398682,5.79861307144165,12.753377914428711,0.0,0.1234330440355295,-35.86335372924805,1
1KKL,12,24.323978424072266,28.033483505249023,70.2139892578125,0.0,0.005766120263075023,-30.575992584228516,0
1KKL,13,19.329755783081055,22.26520347595215,59.39720153808594,0.0,0.008195355585700732,-27.397186279296875,3
1KKL,14,17.416484832763672,22.881319046020508,54.1138801574707,0.0,0.009452659073886224,-44.2929573059082,0
1XD3,0,48.483375549316406,58.265254974365234,123.30860137939453,0.0,0.0017971941400930598,0.0,0
1XD3,1,7.500343322753906,7.933486461639404,15.582330703735352,0.272727,0.17885449709199944,-44.23185348510742,3
1XD3,2,6.48023796081543,6.706955432891846,14.042402267456055,0.409091,0.2416255400921218,-42.173885345458984,2
1XD3,3,7.214616775512695,7.799999713897705,15.196722030639648,0.0,0.09132082449808433,-48.733428955078125,0
1XD3,4,7.242082118988037,7.876584529876709,15.522468566894531,0.0,0.08856093523296245,-53.083072662353516,0
1XD3,5,8.206364631652832,8.952116012573242,16.983802795410156,0.0,0.0758714071669876,-55.16411590576172,0
1XD3,6,10.485636711120605,10.766935348510742,28.891651153564453,0.0,0.03289981461550363,-42.436004638671875,0
1XD3,7,7.42887020111084,8.034679412841797,15.596375465393066,0.0,0.08756112916891394,-50.174381256103516,0
1XD3,8,7.230128288269043,7.818170070648193,15.1402587890625,0.0,0.09171891101245377,-53.735107421875,0
1XD3,9,4.35049295425415,4.798829555511475,10.492677688598633,0.0,0.16174388417931876,-51.33401870727539,0
1XD3,10,3.6843454837799072,3.67706298828125,8.785078048706055,0.0,0.208726853110113,-52.56414794921875,0
1XD3,11,52.705787658691406,60.710365295410156,144.03797912597656,0.0,0.0013601476912470803,0.0,0
1XD3,12,6.455234050750732,6.907683372497559,13.784672737121582,0.045455,0.12198931542713842,-49.37369918823242,0
1XD3,13,18.563152313232422,16.126842498779297,56.101192474365234,0.0,0.010339288054288407,-42.278907775878906,1
1XD3,14,8.273773193359375,9.026808738708496,17.20052719116211,0.0,0.07438162826198053,-54.15694808959961,0
1CLV,0,5.906750679016113,11.624899864196777,25.428882598876953,0.0,0.038960257219576716,-41.33411407470703,6
1CLV,1,2.724564552307129,5.578239917755127,11.531521797180176,0.0,0.1398277653382833,-51.17045593261719,1
1CLV,2,8.526994705200195,15.98622989654541,36.30049514770508,0.0,0.02023556313705545,-30.748579025268555,5
1CLV,3,9.593295097351074,18.60839080810547,39.959163665771484,0.0,0.016581873247583544,-36.71554946899414,10
1CLV,4,5.049537181854248,10.953614234924316,21.33728790283203,0.0,0.05178891397207922,-43.39029312133789,4
1CLV,5,5.374744892120361,10.965950012207031,22.751819610595703,0.0,0.04694880035090376,-40.719139099121094,0
1CLV,6,4.144051551818848,9.329792976379395,17.056385040283203,0.0,0.07471328824044826,-56.97813415527344,0
1CLV,7,10.488036155700684,19.291038513183594,43.458251953125,0.0,0.01428520172839061,-36.98139953613281,22
1CLV,8,8.965763092041016,16.72475814819336,37.9180908203125,0.0,0.01860877417053003,-29.667505264282227,5
1CLV,9,7.27141809463501,13.995361328125,30.394744873046875,0.0,0.02796343812202402,-36.70294189453125,15
1CLV,10,5.9335222244262695,12.267743110656738,25.387731552124023,0.0,0.03850907703425733,-42.80319595336914,6
1CLV,11,10.453238487243652,19.767993927001953,43.52572250366211,0.0,0.014153597756022665,-39.2987174987793,16
1CLV,12,6.12595272064209,12.571761131286621,25.77420997619629,0.0,0.03737579792931007,-41.27694320678711,9
1CLV,13,6.119001388549805,12.776812553405762,26.268844604492188,0.0,0.036124700963169415,-44.5435905456543,6
1CLV,14,4.076699256896973,8.34997272491455,17.19893455505371,0.0,0.0758550671313241,-44.11631774902344,2
1PXV,0,14.776869773864746,13.805842399597168,40.32035827636719,0.027027,0.02708151626408418,-44.625083923339844,0
1PXV,1,15.468674659729004,14.8392972946167,39.57780838012695,0.0,0.018068503645807258,-39.02884292602539,0
1PXV,2,14.82650089263916,11.95776081085205,34.02497100830078,0.0,0.024744699484724575,-49.81949996948242,0
1PXV,3,15.2136812210083,14.957738876342773,37.251338958740234,0.0,0.01981524495470315,-40.47895431518555,0
1PXV,4,15.892773628234863,14.622340202331543,36.677581787109375,0.0,0.020461278208790134,-45.066810607910156,0
1PXV,5,14.701385498046875,14.186503410339355,32.80934143066406,0.0,0.024651055823934235,-51.876258850097656,0
1PXV,6,14.193549156188965,12.863049507141113,27.459930419921875,0.0,0.03361812796843013,-43.35654830932617,0
1PXV,7,17.028078079223633,17.815698623657227,41.79715347290039,0.0,0.015584363904071516,-41.80070495605469,0
1PXV,8,15.679017066955566,14.398152351379395,36.10019302368164,0.0,0.021088098534739697,-43.431636810302734,0
1PXV,9,12.936407089233398,10.795960426330566,28.839996337890625,0.0,0.03295397591745133,-44.92926788330078,0
1PXV,10,12.615907669067383,11.326133728027344,27.189054489135742,0.0,0.03542349437989236,-48.844242095947266,0
1PXV,11,19.15615463256836,19.667354583740234,60.977169036865234,0.0,0.008281410548587742,-40.774070739746094,0
1PXV,12,15.630241394042969,13.732336044311523,32.352725982666016,0.0,0.02545343606412182,-40.76734161376953,0
1PXV,13,16.661420822143555,14.791402816772461,39.473079681396484,0.0,0.018164780237876394,-48.90015411376953,0
1PXV,14,13.685327529907227,11.720633506774902,26.280656814575195,0.0,0.03693878884858355,-41.22773361206055,0
6OC3,0,8.955272674560547,6.853630542755127,19.521984100341797,0.0,0.06835913677698482,-21.75705337524414,11
6OC3,1,11.655885696411133,8.25639533996582,26.54579734802246,0.0,0.04164877549808402,-24.82819366455078,4
6OC3,2,17.100969314575195,8.5657377243042,42.756736755371094,0.0,0.022590613881487753,-32.03792190551758,0
6OC3,3,16.146638870239258,11.993257522583008,42.253482818603516,0.0,0.018098593820532645,-30.635059356689453,0
6OC3,4,16.346942901611328,12.887513160705566,32.525115966796875,0.0,0.025765495147354416,-26.21756935119629,0
6OC3,5,18.176177978515625,9.98518180847168,46.72852325439453,0.0,0.018032428867740008,-33.74398422241211,0
6OC3,6,24.855113983154297,18.08409309387207,60.43940353393555,0.0,0.008742692932453017,-40.38951873779297,3
6OC3,7,14.685308456420898,8.583651542663574,35.434139251708984,0.0,0.02801502546839243,-32.817569732666016,0
6OC3,8,10.180070877075195,9.423309326171875,28.77641487121582,0.0,0.034986734730931224,-22.139606475830078,14
6OC3,9,12.739307403564453,8.033162117004395,30.753084182739258,0.0,0.03488807018369231,-25.119598388671875,2
6OC3,10,11.060606956481934,10.459380149841309,35.785457611083984,0.0,0.024519440551426037,-22.27764320373535,2
6OC3,11,18.725635528564453,9.702686309814453,50.77703857421875,0.0,0.01686685716836488,-29.525074005126953,5
6OC3,12,12.24818229675293,8.344358444213867,29.735219955444336,0.0,0.035614659250915205,-25.001564025878906,1
6OC3,13,13.51240348815918,9.67216682434082,32.222721099853516,0.0,0.02951462181933003,-32.95470428466797,1
6OC3,14,14.70090389251709,11.488077163696289,29.097328186035156,0.0,0.031796338899829066,-18.838613510131836,7
3WD5,0,20.38741683959961,16.046241760253906,33.69511413574219,0.0,0.022830554143549255,-27.46761703491211,3
3WD5,1,20.675636291503906,13.606912612915039,63.67082214355469,0.0,0.00983882819223903,-30.974140167236328,13
3WD5,2,26.307323455810547,21.273876190185547,70.18801879882812,0.0,0.006466983709244807,-34.85728454589844,19
3WD5,3,28.683330535888672,19.35968780517578,71.7252197265625,0.0,0.006605672585691721,-34.06023025512695,15
3WD5,4,28.32219696044922,20.022180557250977,64.3431396484375,0.0,0.007577803748533951,-35.48225402832031,3
3WD5,5,26.875865936279297,19.289020538330078,71.67451477050781,0.0,0.006626629808678658,-37.33802795410156,4
3WD5,6,25.89097023010254,18.95006561279297,75.15374755859375,0.0,0.006285647198015756,-34.88603591918945,9
3WD5,7,28.753890991210938,29.78472328186035,78.51618194580078,0.0,0.004704624027321886,-35.87189483642578,6
3WD5,8,24.591073989868164,16.823360443115234,65.5826416015625,0.0,0.008135898272020442,-36.48366928100586,5
3WD5,9,26.90777587890625,18.145145416259766,70.32518768310547,0.0,0.007061970383351113,-34.24187469482422,9
3WD5,10,27.288166046142578,19.062381744384766,73.46344757080078,0.0,0.006454790479690605,-35.91977310180664,11
3WD5,11,24.176273345947266,17.76667022705078,63.36262893676758,0.0,0.008251761466014211,-29.60788345336914,13
3WD5,12,29.076866149902344,16.44647789001465,62.936161041259766,0.0,0.008721162030002,-30.367725372314453,22
3WD5,13,25.367650985717773,20.94542121887207,70.25617980957031,0.0,0.006509630659615988,-32.910362243652344,15
3WD5,14,24.445985794067383,18.718673706054688,43.10719299316406,0.0,0.014602130268330854,-28.010622024536133,3
4M5Z,0,12.265926361083984,10.88443660736084,28.05147361755371,0.090909,0.06454773964103838,-20.141324996948242,6
4M5Z,1,8.863438606262207,8.437936782836914,17.41179084777832,0.0,0.0743614930241238,-21.432218551635742,11
4M5Z,2,14.876633644104004,15.253829956054688,30.08039093017578,0.0,0.027840723205504916,-17.43431854248047,6
4M5Z,3,19.864973068237305,15.808478355407715,60.4748420715332,0.0,0.009431924392742682,-27.893413543701172,1
4M5Z,4,14.896108627319336,15.097149848937988,27.532527923583984,0.0,0.03226433182792175,-19.814041137695312,2
4M5Z,5,13.06092357635498,12.551857948303223,27.20184326171875,0.0,0.03434572106890506,-19.059539794921875,4
4M5Z,6,10.370084762573242,6.9260358810424805,30.071699142456055,0.0,0.039595767120695034,-22.628938674926758,6
4M5Z,7,21.15047836303711,14.18277645111084,56.16923904418945,0.0,0.011149827043546924,-33.37273406982422,1
4M5Z,8,17.69826889038086,11.904443740844727,51.916656494140625,0.0,0.013911488893551807,-18.039588928222656,9
4M5Z,9,13.98586368560791,12.665226936340332,31.921133041381836,0.0,0.026681228912611044,-19.072635650634766,20
4M5Z,10,20.3145751953125,13.58582878112793,56.444305419921875,0.0,0.011406042541750976,-31.66021728515625,2
4M5Z,11,22.44015884399414,13.946433067321777,61.809078216552734,0.0,0.009998819770419717,-28.55113410949707,2
4M5Z,12,14.195116996765137,14.276050567626953,28.270397186279297,0.0,0.03127523940396632,-18.082916259765625,5
4M5Z,13,18.558975219726562,13.230514526367188,55.1022834777832,0.0,0.011977746434983838,-22.70064353942871,14
4M5Z,14,23.36574935913086,15.666726112365723,60.725276947021484,0.0,0.009433368204884857,-37.06773376464844,1
1HE1,0,15.519084930419922,11.227676391601562,27.717281341552734,0.0,0.034498844082059825,-41.03309631347656,2
1HE1,1,13.982068061828613,11.815340042114258,42.962249755859375,0.0,0.01784364138370996,-37.1932373046875,5
1HE1,2,10.498711585998535,10.304107666015625,27.872194290161133,0.0,0.03528030451875321,-34.44968795776367,5
1HE1,3,18.40471839904785,13.63080883026123,33.329341888427734,0.0,0.024344535327295344,-35.549171447753906,8
1HE1,4,8.128745079040527,7.674881458282471,15.671931266784668,0.0,0.08803140428321445,-37.986534118652344,2
1HE1,5,9.593244552612305,8.451112747192383,19.728099822998047,0.0,0.06237114795167281,-40.87211608886719,0
1HE1,6,12.39283561706543,11.558120727539062,31.578706741333008,0.0,0.028040248716636684,-37.0437126159668,3
1HE1,7,15.086451530456543,12.15104866027832,44.25180435180664,0.0,0.01686435494631535,-32.90584182739258,7
1HE1,8,7.519136428833008,5.881776809692383,17.84061622619629,0.111111,0.11905951160191915,-32.150638580322266,3
1HE1,9,8.860698699951172,9.753849983215332,15.950383186340332,0.0,0.08142611488865244,-33.80806350708008,4
1HE1,10,15.422682762145996,11.743562698364258,33.78228759765625,0.0,0.025197269296861006,-37.586402893066406,3
1HE1,11,5.678493976593018,5.7239837646484375,15.414073944091797,0.0,0.09914737727020012,-38.04997634887695,0
1HE1,12,11.975709915161133,12.375604629516602,23.95904541015625,0.0,0.042090293452721785,-33.392704010009766,3
1HE1,13,5.6770477294921875,4.776059150695801,11.996673583984375,0.0,0.14133642657849488,-50.3463249206543,0
1HE1,14,13.82758617401123,11.870615005493164,24.6324520111084,0.0,0.0407072635323976,-36.227535247802734,4
1EAW,0,6.725896835327148,6.039356708526611,21.87787628173828,0.0,0.06308493901110349,-60.39363098144531,0
1EAW,1,5.0912370681762695,5.721155643463135,14.162851333618164,0.0,0.10971007855292199,-61.8865852355957,0
1EAW,2,4.105586051940918,5.754592418670654,11.730854988098145,0.0,0.13596463600623865,-50.40114974975586,1
1EAW,3,6.921725273132324,6.38816499710083,22.783742904663086,0.0,0.058144197490232176,-58.22071838378906,0
1EAW,4,7.199827194213867,7.04888916015625,23.240711212158203,0.0,0.05376800778848584,-49.93472671508789,3
1EAW,5,6.274827003479004,7.584111213684082,15.867117881774902,0.0,0.08687610097988989,-50.061668395996094,0
1EAW,6,6.576503753662109,7.9964985847473145,18.009212493896484,0.0,0.07205762212844811,-49.80354309082031,3
1EAW,7,11.464638710021973,11.907553672790527,37.45713424682617,0.0,0.02153140125393625,-42.88018035888672,11
1EAW,8,6.295589923858643,8.050097465515137,16.703189849853516,0.0,0.07975032680462611,-71.85576629638672,0
1EAW,9,6.219000816345215,6.336302280426025,18.816911697387695,0.0,0.07417960510430031,-63.617218017578125,0
1EAW,10,11.322969436645508,11.693840980529785,35.88722610473633,0.0,0.0231023135385526,-63.612449645996094,0
1EAW,11,3.253809928894043,3.8865363597869873,7.603321075439453,0.045455,0.24353671502776184,-59.49266052246094,0
1EAW,12,7.538069725036621,8.638887405395508,21.05924415588379,0.0,0.05645191158112952,-58.45630645751953,0
1EAW,13,7.471499443054199,8.170007705688477,24.04962921142578,0.0,0.04788485883962362,-56.8778076171875,0
1EAW,14,5.786831378936768,8.261858940124512,15.97581958770752,0.0,0.08417914637661277,-53.46746826171875,1
1AKJ,0,20.434532165527344,20.381332397460938,37.34754180908203,0.0,0.01821149646097771,-37.845252990722656,4
1AKJ,1,25.258644104003906,32.189064025878906,61.26703643798828,0.0,0.007017090438563717,-41.393245697021484,4
1AKJ,2,24.719078063964844,30.6528263092041,61.404014587402344,0.0,0.007063598520583616,-44.37568283081055,3
1AKJ,3,13.428593635559082,15.942787170410156,29.950483322143555,0.0,0.027771445109026766,-42.100135803222656,1
1AKJ,4,25.94317054748535,31.58249855041504,65.86917877197266,0.0,0.006210058759095957,-32.47979736328125,4
1AKJ,5,28.187389373779297,29.99554443359375,62.305362701416016,0.0,0.006922059249327533,-38.424625396728516,10
1AKJ,6,19.966350555419922,22.35474395751953,39.10675811767578,0.0,0.016531223778140564,-35.880672454833984,5
1AKJ,7,13.480452537536621,15.924863815307617,29.053050994873047,0.0,0.029213776978807716,-41.31332778930664,2
1AKJ,8,28.584842681884766,31.295976638793945,65.0114517211914,0.0,0.006366408393251454,-36.07875061035156,5
1AKJ,9,20.21497917175293,18.870506286621094,35.69269561767578,0.0,0.019982565934501303,-39.04542922973633,4
1AKJ,10,25.02560043334961,31.285213470458984,61.44462966918945,0.0,0.007023677293831209,-42.21686935424805,4
1AKJ,11,28.526382446289062,30.506750106811523,64.56685638427734,0.0,0.0064824540007369065,-40.09892654418945,6
1AKJ,12,17.20010757446289,16.944974899291992,32.9798583984375,0.0,0.023354635605937157,-40.69130325317383,2
1AKJ,13,18.760313034057617,21.46938133239746,36.81602478027344,0.0,0.018488207177829397,-43.21151351928711,1
1AKJ,14,25.17146110534668,31.2359676361084,62.228397369384766,0.0,0.0068722783564393345,-44.98612594604492,3
3L5W,0,9.484272003173828,11.976062774658203,22.63823699951172,0.0,0.046334820850929936,-22.304044723510742,5
3L5W,1,16.679025650024414,9.426039695739746,41.653018951416016,0.0,0.02155883848061448,-22.81865692138672,48
3L5W,2,14.046844482421875,10.912123680114746,35.23550796508789,0.0,0.024512946776317258,-21.37343406677246,58
3L5W,3,9.011951446533203,10.143440246582031,21.095478057861328,0.0,0.053691995452083224,-27.532316207885742,2
3L5W,4,17.674806594848633,13.478343963623047,44.401336669921875,0.0,0.015861970848938155,-23.02249526977539,51
3L5W,5,8.734525680541992,10.773320198059082,20.412113189697266,0.0,0.055598845207671894,-27.038915634155273,3
3L5W,6,9.449259757995605,12.5447359085083,21.964900970458984,0.0,0.04811497146006368,-24.573925018310547,5
3L5W,7,9.532572746276855,12.229394912719727,22.19048500061035,0.0,0.0475909067789787,-25.741758346557617,3
3L5W,8,15.565376281738281,17.725086212158203,44.21438980102539,0.0,0.014250520822171877,-28.996543884277344,4
3L5W,9,9.325818061828613,11.109892845153809,21.790468215942383,0.0,0.04998958553328783,-26.319454193115234,2
3L5W,10,9.482151985168457,10.990081787109375,22.154308319091797,0.0,0.048867956245267324,-25.242420196533203,4
3L5W,11,10.638054847717285,12.908864974975586,26.82182502746582,0.0,0.03486208931117543,-26.9230899810791,2
3L5W,12,15.817805290222168,8.04776382446289,39.20671081542969,0.0,0.026155291827888075,-20.75811767578125,50
3L5W,13,12.044027328491211,14.656525611877441,32.523311614990234,0.0,0.02476759264273044,-25.83645248413086,10
3L5W,14,9.4596529006958,11.687490463256836,22.09071922302246,0.0,0.04838838366600771,-23.077190399169922,6
2O8V,0,23.390247344970703,21.960988998413086,70.33330535888672,0.0,0.006346285505633872,-42.153621673583984,0
2O8V,1,22.62246322631836,20.058399200439453,67.73262023925781,0.0,0.007021875347639627,-33.855281829833984,3
2O8V,2,22.517471313476562,21.444198608398438,68.60311126708984,0.0,0.006662803949260395,-39.964237213134766,0
2O8V,3,19.788677215576172,19.551380157470703,62.11344909667969,0.0,0.00807811161405233,-33.777462005615234,5
2O8V,4,19.983217239379883,20.087085723876953,62.33604049682617,0.0,0.00793314359293277,-32.090660095214844,3
2O8V,5,17.004343032836914,13.483901977539062,51.66259765625,0.0,0.012860086792140063,-32.711421966552734,3
2O8V,6,21.855430603027344,19.980817794799805,63.96310806274414,0.0,0.0076524293272837995,-35.534019470214844,1
2O8V,7,18.624317169189453,19.561819076538086,59.46848678588867,0.0,0.008622075889787459,-34.60630416870117,2
2O8V,8,23.239179611206055,21.098752975463867,69.10352325439453,0.0,0.006644473187631746,-35.91741180419922,0
2O8V,9,16.313213348388672,12.626691818237305,48.812782287597656,0.0,0.014448857306790715,-41.821372985839844,0
2O8V,10,14.708234786987305,11.948039054870605,40.512447357177734,0.0,0.019227196894028336,-39.78284454345703,0
2O8V,11,18.56142807006836,19.02178382873535,60.95842361450195,0.0,0.008417492103939711,-39.7859992980957,1
2O8V,12,12.519230842590332,11.425381660461426,33.11760711669922,0.0,0.026249240858580245,-45.35472106933594,0
2O8V,13,10.109933853149414,10.762470245361328,22.034440994262695,0.0,0.0495297417240246,-32.530330657958984,1
2O8V,14,14.469959259033203,15.851173400878906,49.15835952758789,0.0,0.012635173698472718,-48.939971923828125,0
3PC8,0,3.1635401248931885,3.4825751781463623,5.676633834838867,0.0,0.2826813254311638,-45.39581298828125,0
3PC8,1,5.234470367431641,4.075018882751465,14.42430591583252,0.0,0.12569220264816056,-51.59609603881836,0
3PC8,2,9.664709091186523,7.618347644805908,20.524662017822266,0.0,0.061239953432062844,-57.28727722167969,0
3PC8,3,6.675671100616455,5.076014518737793,21.808195114135742,0.0,0.07073042214090139,-44.19318771362305,1
3PC8,4,4.301734924316406,3.429823398590088,12.39765739440918,0.2,0.2267718693283071,-59.65155029296875,0
3PC8,5,8.625802040100098,6.776296138763428,14.566452026367188,0.0,0.10024225667286246,-45.48039245605469,3
3PC8,6,6.632273197174072,4.9958906173706055,20.139455795288086,0.0,0.07796408973888647,-54.96553421020508,0
3PC8,7,9.468864440917969,7.675366401672363,17.72816276550293,0.0,0.07456792127343596,-48.67487716674805,0
3PC8,8,9.794815063476562,9.745232582092285,30.730819702148438,0.0,0.031403799653121,-47.48464584350586,0
3PC8,9,15.273651123046875,13.383463859558105,52.394630432128906,0.0,0.012683186083948798,-34.72007751464844,6
3PC8,10,12.900808334350586,12.124690055847168,38.96868896484375,0.0,0.020163902989782614,-38.59051513671875,2
3PC8,11,55.07096862792969,64.60167694091797,128.35879516601562,0.0,0.0016349556836050914,0.0,0
3PC8,12,10.171371459960938,10.795677185058594,35.06755447387695,0.0,0.02481072954336666,-56.3017463684082,0
3PC8,13,4.195601940155029,3.448910713195801,9.92095947265625,0.2,0.2607950219596011,-51.59206771850586,0
3PC8,14,17.169597625732422,14.890026092529297,53.80696487426758,0.0,0.011464632653872542,-42.60613250732422,0
1JPS,0,14.533658027648926,14.191067695617676,30.207212448120117,0.0,0.02813993070351146,-25.176929473876953,3
1JPS,1,17.24913787841797,19.01276969909668,44.104156494140625,0.0,0.013999588584413775,-18.029827117919922,16
1JPS,2,17.090145111083984,17.692848205566406,34.259193420410156,0.0,0.02170819847621194,-22.374549865722656,9
1JPS,3,20.452844619750977,20.961200714111328,39.71805191040039,0.0,0.016296247399707045,-25.36431312561035,3
1JPS,4,23.404504776000977,18.839996337890625,42.05417251586914,0.0,0.01518274619983812,-24.418643951416016,8
1JPS,5,23.485570907592773,21.75918960571289,54.23588943481445,0.0,0.009567650655359085,-20.234832763671875,33
1JPS,6,23.36732292175293,19.643861770629883,42.548648834228516,0.0,0.014724672630151524,-25.623167037963867,5
1JPS,7,21.31441879272461,21.28175926208496,51.24619674682617,0.0,0.010572727330264682,-34.72798538208008,1
1JPS,8,23.588855743408203,20.67123794555664,43.18901443481445,0.0,0.014175857653410706,-33.14398956298828,0
1JPS,9,17.567745208740234,19.516307830810547,36.43332290649414,0.0,0.019164370274286684,-27.273191452026367,6
1JPS,10,18.60449981689453,20.151912689208984,36.31640625,0.0,0.019148709885181005,-27.179115295410156,6
1JPS,11,14.459739685058594,16.984567642211914,30.085369110107422,0.0,0.02722047309137834,-24.532649993896484,6
1JPS,12,22.751371383666992,25.314605712890625,62.241722106933594,0.0,0.007269054507033814,-20.68583869934082,15
1JPS,13,23.577543258666992,20.67897605895996,42.98618698120117,0.0,0.014287709283614572,-33.269081115722656,0
1JPS,14,16.596336364746094,18.593936920166016,44.22466278076172,0.0,0.014030264824978362,-23.768484115600586,2
4M3K,0,12.922677040100098,13.306687355041504,30.051292419433594,0.0,0.028875008199852725,-40.66386413574219,3
4M3K,1,11.39063549041748,11.888720512390137,32.96149444580078,0.0,0.02600775010242548,-40.6787109375,4
4M3K,2,15.687457084655762,13.309636116027832,32.641815185546875,0.0,0.025348415981150892,-39.346046447753906,13
4M3K,3,16.748430252075195,13.153960227966309,26.668800354003906,0.0,0.03501807448503649,-38.38239669799805,6
4M3K,4,13.08261775970459,12.312761306762695,27.87056541442871,0.0,0.03324083911540428,-36.0616340637207,7
4M3K,5,9.664640426635742,10.5204496383667,26.227672576904297,0.0,0.03832401689093109,-42.2017822265625,2
4M3K,6,14.111735343933105,12.67863655090332,29.53872299194336,0.0,0.030092065522446077,-41.5808219909668,5
4M3K,7,14.710190773010254,12.734977722167969,30.4266414642334,0.0,0.02869207975553383,-36.62931442260742,9
4M3K,8,14.338128089904785,12.976029396057129,29.556354522705078,0.0,0.02985824029198757,-36.6299934387207,5
4M3K,9,15.883255004882812,13.829733848571777,30.87315559387207,0.0,0.02736246750406961,-36.07484436035156,2
4M3K,10,10.855934143066406,11.083208084106445,33.96470642089844,0.0,0.025642014185217898,-39.16018295288086,2
4M3K,11,12.175527572631836,12.591710090637207,37.575653076171875,0.0,0.02089084168410137,-41.4112663269043,0
4M3K,12,13.499192237854004,14.990699768066406,45.89242935180664,0.0,0.014360077762566264,-41.215972900390625,6
4M3K,13,16.0775146484375,13.273639678955078,30.31622314453125,0.0,0.02849722908742865,-37.303489685058594,11
4M3K,14,12.054367065429688,13.780839920043945,49.79984664916992,0.0,0.01333899308333493,-32.25922775268555,6
1HCF,0,11.833489418029785,11.354050636291504,33.05696487426758,0.0,0.02639017182998345,-23.146459579467773,6
1HCF,1,14.189434051513672,12.914397239685059,38.18262481689453,0.0,0.020176104334966003,-22.057968139648438,7
1HCF,2,17.011199951171875,16.228290557861328,44.18707275390625,0.0,0.014718204205402574,-22.75325584411621,15
1HCF,3,10.422425270080566,10.592206954956055,28.70361328125,0.0,0.033427673653658084,-22.997426986694336,7
1HCF,4,13.770840644836426,17.46480941772461,30.26047134399414,0.222222,0.10089202620092923,-23.93535041809082,8
1HCF,5,18.23124885559082,16.532251358032227,48.92800521850586,0.0,0.012487039825060017,-23.183349609375,18
1HCF,6,76.0185546875,89.59342956542969,190.4274444580078,0.0,0.0007562248344557754,0.0,0
1HCF,7,6.725569248199463,7.274503707885742,17.060026168823242,0.0,0.07988622823502052,-27.14457130432129,12
1HCF,8,13.74911117553711,17.226886749267578,30.070308685302734,0.111111,0.06420881208462681,-27.150218963623047,2
1HCF,9,12.527009010314941,14.238048553466797,29.986669540405273,0.111111,0.06548714674977746,-25.455167770385742,8
1HCF,10,22.11503028869629,18.61510467529297,54.69145202636719,0.0,0.010012023810861071,-25.459566116333008,9
1HCF,11,21.535253524780273,19.008127212524414,54.74455642700195,0.0,0.009909676127320412,-26.284128189086914,17
1HCF,12,22.65268325805664,20.719234466552734,57.966575622558594,0.0,0.00875449897416051,-26.21790313720703,15
1HCF,13,10.351056098937988,11.183090209960938,23.242469787597656,0.0,0.045213203837153625,-33.312156677246094,0
1HCF,14,9.689794540405273,11.140124320983887,27.906076431274414,0.0,0.03423585006756564,-23.662172317504883,17
1A2K,0,15.858027458190918,15.740569114685059,30.56355857849121,0.0,0.02693044310307295,-33.83836364746094,3
1A2K,1,16.606325149536133,16.25040054321289,33.14564514160156,0.0,0.023384611255530634,-37.13438415527344,3
1A2K,2,18.883956909179688,15.58413314819336,33.46225357055664,0.0,0.02326439198097545,-33.636199951171875,7
1A2K,3,16.25113296508789,16.418420791625977,32.428592681884766,0.0,0.024188287443478274,-31.22663116455078,5
1A2K,4,16.713233947753906,16.704967498779297,32.330169677734375,0.0,0.024217413001729526,-32.515560150146484,6
1A2K,5,18.759273529052734,14.835111618041992,34.82313537597656,0.0,0.0221166969975525,-33.2525749206543,7
1A2K,6,16.78264808654785,16.767297744750977,32.68275833129883,0.0,0.023764594306558,-34.48797607421875,5
1A2K,7,18.605342864990234,14.841808319091797,33.36308670043945,0.0,0.02368790638627964,-37.466270446777344,4
1A2K,8,18.299396514892578,13.7410306930542,33.92121124267578,0.0,0.02361899415811185,-36.98857879638672,5
1A2K,9,18.278535842895508,14.698260307312012,32.91791534423828,0.0,0.024272046973543016,-33.17037582397461,3
1A2K,10,17.319673538208008,17.348682403564453,33.77470779418945,0.0,0.022328064749930484,-35.335296630859375,2
1A2K,11,16.491443634033203,17.044612884521484,30.94459342956543,0.0,0.025947760564454577,-32.03541946411133,4
1A2K,12,18.63849449157715,14.788595199584961,35.07374954223633,0.0,0.021885642612516038,-35.047462463378906,2
1A2K,13,18.812353134155273,15.78003978729248,36.5931510925293,0.0,0.020049499525067183,-33.861080169677734,2
1A2K,14,18.75832176208496,15.753111839294434,33.93678283691406,0.0,0.02267172733059965,-36.1478271484375,3
6BPC,0,21.751510620117188,16.27678871154785,44.79005813598633,0.0,0.014394498797232915,-21.36107635498047,3
6BPC,1,20.903409957885742,18.45990753173828,36.53453826904297,0.0,0.019302996406071724,-18.40192985534668,10
6BPC,2,22.99574089050293,14.69650650024414,42.78867721557617,0.0,0.016091278387696445,-21.54937171936035,5
6BPC,3,20.967342376708984,11.508675575256348,46.185035705566406,0.0,0.016488568284779626,-17.539554595947266,23
6BPC,4,23.182418823242188,18.355682373046875,43.757972717285156,0.0,0.014331595788221874,-20.399063110351562,3
6BPC,5,17.244054794311523,12.963581085205078,30.05316925048828,0.0,0.029093515476621448,-19.280168533325195,17
6BPC,6,21.930850982666016,17.286962509155273,43.959388732910156,0.0,0.014504525006828098,-22.510318756103516,2
6BPC,7,19.786348342895508,17.852619171142578,35.51596450805664,0.0,0.020395127430280893,-25.742063522338867,1
6BPC,8,22.83491325378418,18.360164642333984,43.88461685180664,0.0,0.014263195158497716,-30.433679580688477,0
6BPC,9,13.345149993896484,10.0265474319458,25.463863372802734,0.0,0.040715539715433645,-20.72759246826172,2
6BPC,10,26.623138427734375,15.914234161376953,49.616119384765625,0.0,0.012439316113565442,-20.13226890563965,1
6BPC,11,23.822525024414062,16.73516845703125,43.38535690307617,0.0,0.014978343754245104,-21.661285400390625,2
6BPC,12,25.486249923706055,16.22921371459961,48.711158752441406,0.0,0.01267332320827227,-25.574613571166992,1
6BPC,13,24.71776008605957,13.319437026977539,50.31163024902344,0.0,0.01342494435482086,-29.471450805664062,0
6BPC,14,18.301408767700195,15.726658821105957,35.06528854370117,0.0,0.021504752997622695,-24.517383575439453,1
1FFW,0,14.034321784973145,13.763043403625488,42.45008087158203,0.0,0.01676246765245449,-45.709415435791016,0
1FFW,1,14.06725788116455,11.328948974609375,43.362613677978516,0.0,0.018077137154736935,-43.392311096191406,0
1FFW,2,15.593839645385742,12.742403984069824,44.06005859375,0.0,0.016516678722240028,-37.23242950439453,1
1FFW,3,14.23342227935791,11.600605964660645,39.24042510986328,0.0,0.020420960223755953,-43.60279083251953,0
1FFW,4,5.671328544616699,5.529697418212891,20.82480812072754,0.0,0.07044946021936054,-57.166316986083984,0
1FFW,5,15.237919807434082,13.089179992675781,41.95831298828125,0.0,0.017461402611238335,-33.73640823364258,12
1FFW,6,15.147214889526367,11.708548545837402,42.60546112060547,0.0,0.018142062124577883,-35.89182662963867,2
1FFW,7,12.60551643371582,11.795605659484863,43.01726531982422,0.0,0.01783017493565708,-49.202274322509766,0
1FFW,8,6.795881748199463,6.416896820068359,13.074724197387695,0.0,0.11629804513646767,-50.60479736328125,0
1FFW,9,12.525256156921387,12.108329772949219,41.40512466430664,0.0,0.018517956610870693,-41.56698989868164,0
1FFW,10,4.671376705169678,4.7981181144714355,10.496206283569336,0.0,0.16169827850528543,-51.32377243041992,0
1FFW,11,10.12664794921875,10.3162260055542,37.662193298339844,0.0,0.023057162484240168,-39.5761604309082,0
1FFW,12,14.728368759155273,14.270228385925293,45.09230422973633,0.0,0.015080670660681533,-42.36186981201172,0
1FFW,13,15.209064483642578,11.99843692779541,42.65304946899414,0.0,0.017861700481917247,-37.918235778808594,2
1FFW,14,5.001163959503174,5.904324054718018,13.483755111694336,0.0,0.1150028825379872,-36.77992630004883,0
1SYX,0,8.891530990600586,7.544875144958496,29.07943344116211,0.0,0.038912711863249815,-57.558658599853516,0
1SYX,1,13.430235862731934,10.232933044433594,42.5537109375,0.0,0.019801186074205005,-51.41835021972656,0
1SYX,2,7.473200798034668,6.474782466888428,24.85382843017578,0.0,0.05188403531280831,-50.78626251220703,0
1SYX,3,17.733854293823242,13.466148376464844,49.399864196777344,0.0,0.01367029104155331,-41.70539855957031,3
1SYX,4,15.25178050994873,13.121740341186523,43.94404983520508,0.0,0.01632137089310565,-63.18830490112305,0
1SYX,5,17.477863311767578,14.007954597473145,55.847991943359375,0.0,0.011325536850429307,-65.48213958740234,0
1SYX,6,18.65447998046875,18.868680953979492,57.180580139160156,0.0,0.009299898390562528,-48.93991470336914,1
1SYX,7,18.723974227905273,15.786273956298828,56.688507080078125,0.0,0.010312060658910467,-66.3016128540039,0
1SYX,8,5.830151557922363,5.870904445648193,17.481462478637695,0.0,0.08416377337608284,-48.11121368408203,0
1SYX,9,4.352283477783203,4.507493019104004,13.19662857055664,0.0,0.1309740442363545,-48.750816345214844,0
1SYX,10,6.773306846618652,5.913363456726074,22.98204803466797,0.0,0.06026211996282815,-48.24143600463867,0
1SYX,11,7.519233226776123,6.051092624664307,23.410192489624023,0.0,0.05812331629616712,-48.87676239013672,0
1SYX,12,13.638139724731445,10.31137466430664,39.97361755371094,0.0,0.021327650624257417,-55.889488220214844,0
1SYX,13,17.44034194946289,14.13000774383545,56.581485748291016,0.0,0.01107115637745676,-61.84758377075195,0
1SYX,14,12.948046684265137,11.348100662231445,29.932601928710938,0.0,0.030597970171416248,-45.279930114746094,0
2A1A,0,13.079069137573242,11.641780853271484,28.567712783813477,0.0,0.032553170445054624,-44.03890609741211,0
2A1A,1,14.42445182800293,11.090052604675293,34.54148864746094,0.0,0.025021262105013115,-44.12870407104492,0
2A1A,2,15.513386726379395,12.311367988586426,33.8780517578125,0.0,0.02461671971173966,-44.06126403808594,1
2A1A,3,11.703518867492676,11.645733833312988,27.517847061157227,0.0,0.03447397183995398,-35.534244537353516,5
2A1A,4,11.880550384521484,14.534721374511719,27.299442291259766,0.0,0.03297213771519301,-37.60773468017578,0
2A1A,5,14.003124237060547,11.189444541931152,33.4595832824707,0.0,0.026092127062367007,-38.387882232666016,0
2A1A,6,9.302931785583496,10.098374366760254,22.021039962768555,0.0,0.050419729653661094,-39.93021774291992,0
2A1A,7,13.805989265441895,11.519729614257812,33.08979034423828,0.0,0.026191145777729432,-41.32852554321289,1
2A1A,8,12.09100341796875,10.735957145690918,28.23326301574707,0.0,0.034084536959505696,-35.50168991088867,2
2A1A,9,11.063508987426758,11.468311309814453,23.148733139038086,0.0,0.04520987757445616,-38.23942565917969,4
2A1A,10,15.136069297790527,12.934463500976562,32.1220588684082,0.0,0.02623656361533704,-31.376808166503906,10
2A1A,11,12.51544189453125,11.944684982299805,44.87333297729492,0.0,0.016721036467407024,-34.06249237060547,1
2A1A,12,8.764792442321777,9.002429008483887,20.55637550354004,0.0,0.0576757102925081,-38.863773345947266,0
2A1A,13,10.894697189331055,10.591984748840332,26.536605834960938,0.0,0.03757122265236117,-37.702701568603516,2
2A1A,14,10.222174644470215,11.30490779876709,21.98203468322754,0.0,0.04912444027255237,-38.4578742980957,5
3R9A,0,15.840044021606445,11.596063613891602,36.24398422241211,0.0,0.0228634088109568,-36.727542877197266,2
3R9A,1,15.065356254577637,12.42214298248291,34.18070983886719,0.0,0.024203611547914335,-29.278894424438477,21
3R9A,2,35.84564208984375,26.19915199279785,94.32193756103516,0.0,0.0037743057737611506,-28.174901962280273,26
3R9A,3,15.521403312683105,12.543313980102539,35.502864837646484,0.0,0.022770735404676043,-31.837554931640625,14
3R9A,4,26.962797164916992,15.999595642089844,71.3436508178711,0.0,0.007569661984709021,-27.526046752929688,15
3R9A,5,16.803733825683594,10.80001449584961,40.36394500732422,0.0,0.020462529497871012,-31.175447463989258,15
3R9A,6,28.244173049926758,16.432199478149414,73.54663848876953,0.0,0.007148327142355623,-28.670269012451172,11
3R9A,7,34.91781234741211,23.513755798339844,83.45622253417969,0.0,0.004773287728254339,-23.830190658569336,67
3R9A,8,33.97648620605469,23.578184127807617,90.21162414550781,0.0,0.0042769269600483354,-33.430076599121094,3
3R9A,9,27.433975219726562,15.14599895477295,70.15821075439453,0.0,0.008059668738142768,-27.634801864624023,17
3R9A,10,15.616063117980957,10.179783821105957,35.82060623168945,0.0,0.024852505030477354,-30.295015335083008,36
3R9A,11,35.39686965942383,24.392681121826172,93.2386245727539,0.0,0.004003203490606548,-29.663009643554688,12
3R9A,12,24.68274688720703,19.72306251525879,66.80224609375,0.0,0.007227730271236115,-23.77817726135254,52
3R9A,13,14.842735290527344,11.699158668518066,34.0626335144043,0.0,0.02493104092951189,-25.818464279174805,66
3R9A,14,17.045961380004883,9.978622436523438,39.580806732177734,0.0,0.022060632637604105,-32.691650390625,7
3LVK,0,21.449621200561523,25.04088020324707,75.90792846679688,0.0,0.005319721721744549,-40.047061920166016,0
3LVK,1,11.924200057983398,14.382603645324707,46.84004211425781,0.0,0.01421364377454745,-17.968839645385742,0
3LVK,2,5.985517978668213,8.354209899902344,23.480314254760742,0.0,0.049031855232469494,-32.73566818237305,0
3LVK,3,21.65962791442871,26.127490997314453,76.71212005615234,0.0,0.005137920280681089,-41.25828170776367,0
3LVK,4,21.311635971069336,26.241674423217773,75.96916961669922,0.0,0.00520692191430307,-37.139312744140625,0
3LVK,5,5.376175403594971,9.490692138671875,19.406644821166992,0.0,0.06177713514519808,-38.005523681640625,0
3LVK,6,6.53681755065918,12.38480281829834,22.72205352783203,0.0,0.04573936934517353,-25.110212326049805,2
3LVK,7,21.10782814025879,25.527244567871094,75.3299331665039,0.0,0.005337683956038552,-41.06764221191406,0
3LVK,8,4.711447238922119,8.078877449035645,17.21161460876465,0.0,0.07646497979315459,-43.91618347167969,0
3LVK,9,21.436004638671875,25.447132110595703,76.38679504394531,0.0,0.005231140543369463,-28.071510314941406,0
3LVK,10,6.802370071411133,10.846349716186523,24.40286636352539,0.0,0.04232196035374667,-28.389123916625977,0
3LVK,11,21.55296516418457,25.64861297607422,76.72610473632812,0.0,0.005177596572392353,-37.15382385253906,0
3LVK,12,6.33547306060791,11.608423233032227,22.011783599853516,0.0,0.04872978421415831,-25.691884994506836,1
3LVK,13,21.08549690246582,24.77760124206543,75.20510864257812,0.0,0.0054216274502338,-40.61479568481445,0
3LVK,14,6.753971576690674,9.607762336730957,25.533437728881836,0.0,0.04118633806134994,-39.5346565246582,0
2OZA,0,19.83681869506836,22.60857582092285,62.746761322021484,0.0,0.00746756425670935,-24.567445755004883,3
2OZA,1,9.998769760131836,10.584228515625,31.075037002563477,0.0,0.02976679214303063,-27.783832550048828,13
2OZA,2,25.768325805664062,23.274280548095703,38.63096618652344,0.0,0.01677145351855886,-35.431556701660156,2
2OZA,3,15.9069185256958,15.811975479125977,45.63249969482422,0.0,0.014150786979128561,-24.00156021118164,38
2OZA,4,20.000656127929688,22.721641540527344,63.38615036010742,0.0,0.0073346838192897565,-22.98224639892578,4
2OZA,5,8.47424602508545,9.465822219848633,23.11467170715332,0.0,0.04787154830968835,-28.510257720947266,9
2OZA,6,8.392048835754395,10.149919509887695,19.92426109313965,0.018182,0.06451078354044931,-28.906387329101562,10
2OZA,7,11.504888534545898,11.867671012878418,29.49394416809082,0.0,0.030803695034292086,-30.1366024017334,13
2OZA,8,11.53542423248291,10.508111953735352,23.14352798461914,0.0,0.046275611791310824,-27.978858947753906,24
2OZA,9,7.194755554199219,8.095645904541016,20.98361587524414,0.0,0.058049836481815414,-29.25873565673828,7
2OZA,10,20.84960174560547,17.03935432434082,42.52774429321289,0.0,0.01536775030905464,-30.626100540161133,9
2OZA,11,11.877890586853027,13.032075881958008,41.0671501159668,0.0,0.01805166459596793,-27.56475257873535,10
2OZA,12,25.566692352294922,21.00876808166504,39.68275451660156,0.0,0.016313445935176574,-27.922231674194336,6
2OZA,13,16.75981903076172,17.595924377441406,54.981388092041016,0.0,0.010185732103049317,-23.552324295043945,14
2OZA,14,22.56511688232422,18.98006248474121,43.890098571777344,0.0,0.014119164265221362,-28.095062255859375,18
1R0R,0,2.748486042022705,2.6766915321350098,8.209078788757324,0.3125,0.35629807514181894,-49.1590576171875,1
1R0R,1,3.781855821609497,3.8000757694244385,11.428482055664062,0.125,0.2053210712435749,-50.02614212036133,0
1R0R,2,5.441380500793457,6.768528938293457,13.937807083129883,0.09375,0.13721927781469057,-45.08431625366211,1
1R0R,3,5.672325134277344,7.114104270935059,14.596545219421387,0.09375,0.12984965861148012,-46.31599807739258,0
1R0R,4,1.006604790687561,1.2107412815093994,2.7557356357574463,0.375,0.6284652044121245,-54.59052276611328,0
1R0R,5,3.2803432941436768,3.7781550884246826,10.907693862915039,0.21875,0.24424449479862587,-47.00120544433594,0
1R0R,6,2.096855640411377,2.1402668952941895,6.585620403289795,0.375,0.4430943109936982,-43.867427825927734,2
1R0R,7,11.26876449584961,13.62924861907959,35.943912506103516,0.0,0.021642847599741808,-43.37825012207031,1
1R0R,8,5.355465888977051,5.4847540855407715,17.68263816833496,0.15625,0.13784597604644608,-47.84712219238281,2
1R0R,9,6.058942794799805,7.485681056976318,15.376602172851562,0.09375,0.12213559894701083,-45.63902282714844,1
1R0R,10,6.0686540603637695,7.333612442016602,15.735560417175293,0.09375,0.11992910003313724,-44.80155944824219,1
1R0R,11,6.550629138946533,7.932709693908691,19.30178451538086,0.09375,0.09690007390937394,-32.97323226928711,21
1R0R,12,5.855128765106201,7.0197319984436035,17.095558166503906,0.1875,0.14312635342799804,-41.5172233581543,4
1R0R,13,3.69452166557312,3.875882148742676,12.656582832336426,0.25,0.23036642553946277,-43.88975524902344,1
1R0R,14,9.66919231414795,10.828163146972656,30.94209861755371,0.0,0.02966571610440309,-44.93732833862305,3
2ABZ,0,7.21631383895874,8.841584205627441,20.697675704956055,0.0,0.05743034851289702,-51.9052734375,4
2ABZ,1,7.841032028198242,9.332704544067383,23.022592544555664,0.0,0.04838030519622602,-54.445167541503906,4
2ABZ,2,7.028485298156738,9.394319534301758,21.21120834350586,0.0,0.05440903951261635,-48.206111907958984,4
2ABZ,3,8.709258079528809,9.131239891052246,25.186243057250977,0.0,0.04284221603995492,-49.950862884521484,3
2ABZ,4,8.460996627807617,11.5596923828125,24.341596603393555,0.0,0.04174815137863621,-52.96125793457031,2
2ABZ,5,7.707762718200684,10.379294395446777,23.233205795288086,0.0,0.046169240973623814,-49.480438232421875,2
2ABZ,6,6.82588005065918,8.450888633728027,18.856061935424805,0.0,0.0664765135349931,-50.706321716308594,3
2ABZ,7,7.4797186851501465,9.660436630249023,22.006908416748047,0.0,0.05111954928874734,-51.61405944824219,2
2ABZ,8,8.42550277709961,9.300840377807617,24.583711624145508,0.0,0.04404434086870876,-49.12907409667969,1
2ABZ,9,8.685381889343262,11.6224365234375,25.22718620300293,0.0,0.03944553954464299,-66.5126724243164,0
2ABZ,10,7.185357093811035,8.890219688415527,22.71677589416504,0.125,0.09183037795233817,-47.89723205566406,2
2ABZ,11,7.897761344909668,8.320295333862305,24.20194435119629,0.0,0.0470945340710679,-48.720523834228516,4
2ABZ,12,7.340570449829102,9.244955062866211,22.7619571685791,0.125,0.09101122284625844,-46.97426986694336,6
2ABZ,13,8.526656150817871,9.961681365966797,24.742355346679688,0.0,0.04257746539866631,-49.72071075439453,2
2ABZ,14,8.75969409942627,8.852359771728516,24.52025604248047,0.0,0.0450624129402897,-45.99885177612305,9
1JK9,0,19.740259170532227,19.20974349975586,47.21372985839844,0.0,0.012484831568321789,-47.979591369628906,0
1JK9,1,22.256845474243164,20.548011779785156,54.106998443603516,0.0,0.00979517279284898,-33.16156768798828,3
1JK9,2,16.502885818481445,16.185155868530273,31.16252326965332,0.0,0.025921294073593004,-33.44523239135742,8
1JK9,3,14.993684768676758,14.371747016906738,25.034957885742188,0.058824,0.057654029134852895,-40.194580078125,8
1JK9,4,14.407402992248535,13.398104667663574,24.488183975219727,0.117647,0.07918450409616731,-41.96437454223633,5
1JK9,5,20.35555648803711,20.353879928588867,46.830596923828125,0.0,0.012431741640328722,-43.27394104003906,0
1JK9,6,14.54320240020752,13.529756546020508,24.762636184692383,0.117647,0.0783987398336944,-41.707237243652344,4
1JK9,7,14.665655136108398,13.76423168182373,24.65785789489746,0.088235,0.06872707906208093,-39.74435806274414,5
1JK9,8,14.19257640838623,13.206735610961914,24.336624145507812,0.0,0.0404868829545919,-43.064632415771484,13
1JK9,9,13.984577178955078,12.910392761230469,24.17134666442871,0.117647,0.08033963582918281,-42.2998046875,3
1JK9,10,14.67641830444336,13.945934295654297,24.32286262512207,0.0,0.04009034135660442,-42.54130935668945,2
1JK9,11,16.485210418701172,15.930197715759277,31.472078323364258,0.0,0.02559095618810781,-47.00217056274414,2
1JK9,12,14.655341148376465,13.489850044250488,35.857181549072266,0.0,0.02180566240622162,-48.126487731933594,0
1JK9,13,17.077394485473633,15.305402755737305,35.133460998535156,0.0,0.021603096212714296,-41.435997009277344,12
1JK9,14,10.21984577178955,9.25325870513916,18.687070846557617,0.147059,0.11469782118527533,-41.27815246582031,8
1EWY,0,20.762657165527344,15.761391639709473,53.369564056396484,0.0,0.011238098393127996,-27.07811737060547,8
1EWY,1,16.39896011352539,15.93478775024414,44.91554641723633,0.0,0.014452793546682824,-38.009056091308594,5
1EWY,2,9.630206108093262,10.313461303710938,22.372568130493164,0.0,0.048951226812991945,-31.92261505126953,5
1EWY,3,8.213724136352539,6.609171390533447,24.107318878173828,0.0,0.0531865494821726,-36.93299102783203,9
1EWY,4,13.990926742553711,12.385869026184082,39.45737075805664,0.0,0.019601105327243826,-40.65651321411133,3
1EWY,5,5.8035888671875,6.363070011138916,16.698511123657227,0.0,0.08614435774136275,-33.33354949951172,2
1EWY,6,6.384458065032959,5.7033820152282715,19.561826705932617,0.0,0.07450529161035008,-28.99720001220703,7
1EWY,7,21.233734130859375,15.4284029006958,53.729225158691406,0.0,0.01126007734755055,-27.143798828125,13
1EWY,8,10.204678535461426,10.906193733215332,25.96277618408203,0.0,0.03845800136836674,-30.65833282470703,4
1EWY,9,11.956924438476562,9.346901893615723,32.8644905090332,0.0,0.029268954194520233,-33.5829963684082,13
1EWY,10,5.61770486831665,4.860711574554443,13.319250106811523,0.2,0.19211792728459065,-44.29728698730469,1
1EWY,11,9.325490951538086,7.138067245483398,25.586421966552734,0.0,0.04722809341403802,-34.25600814819336,8
1EWY,12,10.604374885559082,10.497261047363281,24.97991371154785,0.0,0.041260336568259615,-29.084897994995117,31
1EWY,13,19.689064025878906,13.776944160461426,50.9133415222168,0.0,0.012944018663155801,-28.019012451171875,15
1EWY,14,18.55646324157715,15.695047378540039,52.116756439208984,0.0,0.01165403527297345,-29.26900291442871,6
