id,index,c_rmsd,i_rmsd,l_rmsd,fnat,DockQ,baseline_energy,baseline_num_clashes
2HRK,0,10.216511726379395,8.077767372131348,19.160842895507812,0.0,0.06592215563370221,-52.85280227661133,0
2HRK,1,6.206972599029541,5.127298831939697,13.454608917236328,0.0,0.12136677069609132,-56.78774642944336,0
2HRK,2,13.309808731079102,10.907069206237793,23.23011016845703,0.0,0.04554644962599294,-45.721614837646484,1
2HRK,3,5.131896495819092,4.000669479370117,11.41620922088623,0.142857,0.20758600552988415,-53.09028244018555,0
2HRK,4,9.735074043273926,7.749417304992676,18.677955627441406,0.0,0.0692271591517462,-44.772117614746094,0
2HRK,5,14.841683387756348,12.831796646118164,25.227712631225586,0.0,0.038476583283826256,-43.722999572753906,1
2HRK,6,14.364179611206055,12.077824592590332,24.246484756469727,0.0,0.04154537910382274,-40.1846809387207,3
2HRK,7,10.447386741638184,7.853591442108154,26.3144474029541,0.142857,0.09084460969656678,-54.857025146484375,0
2HRK,8,13.863821983337402,11.494068145751953,24.088943481445312,0.0,0.04248965348851431,-47.49330520629883,0
2HRK,9,10.254244804382324,8.180685997009277,20.465011596679688,0.0,0.059885179503529444,-38.13438034057617,3
2HRK,10,8.625006675720215,7.341550350189209,17.886255264282227,0.0,0.07476820501049605,-48.972103118896484,0
2HRK,11,4.192658424377441,3.383061647415161,8.708261489868164,0.0,0.21739720802079274,-58.598724365234375,0
2HRK,12,9.428094863891602,7.679576873779297,18.587358474731445,0.0,0.06990122189985186,-36.141666412353516,1
2HRK,13,14.352643966674805,12.13468074798584,24.754098892211914,0.0,0.04017406624481601,-55.697662353515625,0
2HRK,14,13.753547668457031,11.39305305480957,24.504499435424805,0.0,0.041479505847006125,-51.30006790161133,0
1LFD,0,6.004554748535156,5.008894920349121,13.903529167175293,0.266667,0.20701180823174584,-38.053836822509766,5
1LFD,1,2.821174383163452,3.405585289001465,6.38266658782959,0.0,0.2673080643477624,-49.791282653808594,0
1LFD,2,5.36672830581665,5.333278656005859,13.534371376037598,0.0,0.1187205988586762,-39.424739837646484,1
1LFD,3,6.314735412597656,5.607478618621826,19.061059951782227,0.0,0.0775503023040121,-49.0832633972168,0
1LFD,4,4.444374084472656,4.671706199645996,9.983506202697754,0.0,0.17123706923850426,-42.62265396118164,0
1LFD,5,5.5382890701293945,5.537247180938721,14.682673454284668,0.0,0.10646047300608479,-40.19696807861328,0
1LFD,6,4.488702774047852,4.886941909790039,11.735690116882324,0.0,0.14339563985720952,-38.255462646484375,1
1LFD,7,10.143298149108887,10.991451263427734,20.84834098815918,0.0,0.05360519221728601,-41.311790466308594,2
1LFD,8,4.989742279052734,5.624513626098633,13.318729400634766,0.0,0.11860639981392467,-38.91680145263672,0
1LFD,9,4.043030261993408,4.289308547973633,11.055935859680176,0.0,0.16015496697553908,-40.516353607177734,0
1LFD,10,4.120303153991699,4.579639911651611,11.533276557922363,0.0,0.14962259528965297,-43.10932922363281,0
1LFD,11,5.492709159851074,5.794747829437256,13.905745506286621,0.0,0.11160116007419996,-37.438873291015625,4
1LFD,12,13.804121017456055,15.468629837036133,38.67905044555664,0.0,0.018461368639364106,-40.21686553955078,4
1LFD,13,7.238021373748779,7.707631587982178,20.91714859008789,0.0,0.05940682326998967,-37.839927673339844,3
1LFD,14,7.246298313140869,6.4099040031433105,18.195335388183594,0.133333,0.12146329719023798,-53.003204345703125,0
2YVJ,0,21.57793426513672,14.582880973815918,54.9420051574707,0.0,0.011281581474435637,-24.17028045654297,8
2YVJ,1,21.504850387573242,13.697319984436035,55.24580383300781,0.0,0.011658415207502765,-27.405550003051758,5
2YVJ,2,8.086973190307617,4.359623908996582,23.588153839111328,0.0,0.07359316704561993,-46.23966979980469,0
2YVJ,3,9.779098510742188,5.935488224029541,28.46867561340332,0.0,0.04729389547249885,-47.36007308959961,0
2YVJ,4,17.66657829284668,9.661462783813477,42.455665588378906,0.0,0.020691961974959733,-17.597745895385742,54
2YVJ,5,6.196768760681152,4.494450092315674,15.806099891662598,0.0,0.10818118548141052,-42.78771209716797,0
2YVJ,6,7.908634662628174,7.537831783294678,20.34358024597168,0.0,0.062239877383498204,-28.03879737854004,7
2YVJ,7,21.842941284179688,15.783357620239258,56.968223571777344,0.0,0.010242917706059507,-31.899173736572266,1
2YVJ,8,8.011570930480957,5.968664169311523,20.752485275268555,0.0,0.06768942652799463,-47.01705551147461,0
2YVJ,9,8.792980194091797,5.329460620880127,25.654592514038086,0.0,0.05743973942721953,-46.98587417602539,0
2YVJ,10,23.009233474731445,13.93021011352539,58.45449447631836,0.0,0.010722962381213536,-27.63589859008789,1
2YVJ,11,21.349632263183594,14.766372680664062,55.4747428894043,0.0,0.011050751872443624,-26.293079376220703,4
2YVJ,12,19.368587493896484,10.760199546813965,47.12995529174805,0.0,0.01685498434878009,-20.119548797607422,36
2YVJ,13,21.82270050048828,14.149994850158691,56.46966552734375,0.0,0.011089303951979419,-25.06925392150879,5
2YVJ,14,9.202226638793945,6.483633041381836,25.040874481201172,0.0,0.05137422991000167,-38.56085968017578,1
1BUH,0,11.370214462280273,16.8524112701416,30.359447479248047,0.0,0.026850073506050478,-46.1491584777832,0
1BUH,1,10.91622543334961,14.193558692932129,29.628700256347656,0.0,0.029029702045061053,-45.34709167480469,0
1BUH,2,10.53052043914795,14.443033218383789,28.425559997558594,0.0,0.03091627498203005,-48.5845947265625,0
1BUH,3,9.655770301818848,12.819397926330566,26.88264274597168,0.0,0.03479845577431993,-53.860435485839844,0
1BUH,4,9.503524780273438,13.35096263885498,26.240375518798828,0.0,0.035810137120207704,-49.469261169433594,0
1BUH,5,9.913104057312012,13.579950332641602,26.756614685058594,0.0,0.03457404406444382,-48.71291732788086,0
1BUH,6,10.320068359375,12.123321533203125,27.819639205932617,0.0,0.03348713330634845,-50.73637008666992,0
1BUH,7,10.255086898803711,14.258628845214844,27.28520965576172,0.0,0.03313600932582119,-48.96604537963867,0
1BUH,8,10.80782699584961,11.755925178527832,29.481557846069336,0.0,0.030922043946278576,-50.25142288208008,0
1BUH,9,9.799941062927246,13.95435619354248,26.71938133239746,0.0,0.03444114757779473,-43.43278884887695,0
1BUH,10,9.786724090576172,11.231520652770996,25.983367919921875,0.0,0.03806470139444868,-47.901248931884766,0
1BUH,11,10.61065673828125,15.20981216430664,27.55518913269043,0.0,0.03217315704759157,-49.315277099609375,0
1BUH,12,10.516022682189941,11.84097671508789,28.575214385986328,0.0,0.03236135943396714,-51.5469970703125,0
1BUH,13,10.949705123901367,16.041004180908203,28.97893714904785,0.0,0.029295792754183755,-49.81116485595703,0
1BUH,14,10.267141342163086,15.097424507141113,28.394933700561523,0.0,0.030671746352134655,-43.65320587158203,0
2J0T,0,6.342251300811768,6.002026081085205,19.01828384399414,0.0,0.07509395485053245,-38.170047760009766,4
2J0T,1,2.6526801586151123,2.565314292907715,8.670308113098145,0.464286,0.40305239735714116,-44.67648696899414,2
2J0T,2,9.222821235656738,8.666728019714355,34.724430084228516,0.0,0.02853867756565917,-42.37408447265625,1
2J0T,3,15.721270561218262,13.88952350616455,53.63335418701172,0.0,0.012010027024595535,-43.119014739990234,2
2J0T,4,40.11941146850586,43.586456298828125,110.70478057861328,0.0,0.0023478951386879244,0.0,0
2J0T,5,9.002274513244629,7.0492682456970215,24.57887840270996,0.107143,0.08576014200841742,-36.05868148803711,9
2J0T,6,10.559340476989746,8.223727226257324,26.268999099731445,0.071429,0.06613495765930226,-35.36112976074219,10
2J0T,7,13.660874366760254,10.329514503479004,31.066625595092773,0.107143,0.06581371606012433,-49.331809997558594,0
2J0T,8,15.642677307128906,11.215051651000977,31.34628677368164,0.107143,0.06440372836428444,-42.036956787109375,2
2J0T,9,6.412935256958008,5.11112117767334,23.817201614379883,0.142857,0.11171115425929358,-37.54530334472656,3
2J0T,10,10.612595558166504,9.036864280700684,33.16399002075195,0.0,0.029484786339382247,-34.232303619384766,5
2J0T,11,10.267021179199219,8.876970291137695,35.590633392333984,0.0,0.027240300956157038,-37.055389404296875,1
2J0T,12,9.053281784057617,7.387876987457275,26.50889778137207,0.0,0.04427349143796407,-36.67394256591797,6
2J0T,13,6.607204914093018,5.846048831939697,25.29670524597168,0.071429,0.0782158687586542,-37.73497009277344,4
2J0T,14,16.532215118408203,11.999604225158691,41.98721694946289,0.0,0.01825170909457236,-38.33636474609375,9
5GRJ,0,15.787605285644531,9.999884605407715,41.88809585571289,0.0,0.020518021606262867,-32.31867980957031,0
5GRJ,1,14.062905311584473,8.4519681930542,43.87583923339844,0.266667,0.11112506434557384,-30.031200408935547,2
5GRJ,2,8.843420028686523,6.30502986907959,23.938949584960938,0.133333,0.09961982471597146,-27.187885284423828,15
5GRJ,3,21.945932388305664,17.338817596435547,93.7003173828125,0.0,0.005196856561053401,-36.73751449584961,0
5GRJ,4,3.49741530418396,2.7876782417297363,8.12891674041748,0.066667,0.2711655209171682,-39.336036682128906,0
5GRJ,5,21.33949851989746,13.854188919067383,52.615814208984375,0.0,0.01234026083600096,-28.85590171813965,1
5GRJ,6,16.92182159423828,10.522162437438965,40.6705322265625,0.0,0.020589669529594134,-27.928359985351562,5
5GRJ,7,19.807878494262695,9.814116477966309,61.68568420410156,0.0,0.01382029565358024,-15.91603946685791,49
5GRJ,8,17.9456729888916,12.037134170532227,42.348140716552734,0.0,0.01800615475188998,-26.86860466003418,4
5GRJ,9,17.78914451599121,11.284724235534668,45.559852600097656,0.0,0.016999500510356928,-36.324649810791016,0
5GRJ,10,16.143863677978516,10.12603759765625,45.30570983886719,0.533333,0.19626916204031308,-28.193262100219727,3
5GRJ,11,7.702145576477051,5.993293285369873,17.970348358154297,0.6,0.28059132854633323,-27.059795379638672,8
5GRJ,12,12.138152122497559,8.888031959533691,28.5718994140625,0.0,0.03633355086263779,-27.950754165649414,6
5GRJ,13,23.016775131225586,11.391905784606934,67.02307891845703,0.0,0.01095712732973054,-17.012453079223633,38
5GRJ,14,17.937686920166016,12.168416976928711,40.30909729003906,0.0,0.019180441392693967,-26.154754638671875,5
3BIW,0,23.328353881835938,17.499374389648438,72.78733825683594,0.0,0.006915876982372151,-50.80364227294922,3
3BIW,1,29.090566635131836,19.445480346679688,78.05650329589844,0.0,0.005878147876887439,-45.47428894042969,5
3BIW,2,28.95303726196289,17.774202346801758,79.91752624511719,0.0,0.0060858257517495545,-44.06150817871094,9
3BIW,3,28.27790641784668,17.212648391723633,78.68359375,0.0,0.006357465463184234,-47.2081298828125,7
3BIW,4,20.9542179107666,19.633440017700195,69.86935424804688,0.0,0.006795790194896172,-52.69371795654297,6
3BIW,5,30.85478973388672,17.676252365112305,76.11566162109375,0.0,0.006488912296377821,-45.41909408569336,6
3BIW,6,29.395488739013672,16.714950561523438,76.7187271118164,0.0,0.006705153351153774,-43.33022689819336,16
3BIW,7,29.158885955810547,16.57149314880371,77.51747131347656,0.0,0.006669194946769315,-42.30583190917969,21
3BIW,8,28.727582931518555,17.056373596191406,75.33515930175781,0.0,0.006748372023719813,-45.86716079711914,12
3BIW,9,20.24036979675293,19.454383850097656,61.88396072387695,0.0,0.008142182773973734,-45.30351638793945,14
3BIW,10,23.393964767456055,10.192923545837402,55.12403106689453,0.0,0.014807335099318022,-27.207101821899414,97
3BIW,11,20.76699447631836,16.960954666137695,66.09320068359375,0.0,0.008010373682132017,-48.389915466308594,14
3BIW,12,29.0476016998291,17.249088287353516,78.13059997558594,0.0,0.006400924933663788,-44.70067596435547,14
3BIW,13,29.011436462402344,17.52106475830078,79.53475189208984,0.0,0.006189500097210385,-44.737796783447266,9
3BIW,14,28.303590774536133,19.053829193115234,77.16388702392578,0.0,0.006049344570930231,-44.75864028930664,6
3F1P,0,13.699756622314453,12.778901100158691,22.62624168395996,0.0,0.04575503621243283,-41.20126724243164,4
3F1P,1,18.516063690185547,20.55559539794922,48.01917266845703,0.0,0.011892780320570553,-49.36122131347656,0
3F1P,2,15.756195068359375,16.24344825744629,51.82282257080078,0.0,0.011551125783936916,-56.742103576660156,0
3F1P,3,12.551401138305664,12.560393333435059,36.58871078491211,0.0,0.02175557467171702,-39.108741760253906,1
3F1P,4,15.919909477233887,16.61869239807129,48.74458694458008,0.0,0.012530484909277417,-48.676612854003906,0
3F1P,5,13.132298469543457,10.419508934020996,19.600317001342773,0.0,0.05953341252545561,-40.2485237121582,5
3F1P,6,17.186168670654297,16.953365325927734,53.17790603637695,0.0,0.010893381297058543,-45.76688003540039,0
3F1P,7,17.597585678100586,19.59929847717285,48.22319412231445,0.0,0.011985318944158404,-42.559349060058594,1
3F1P,8,16.628965377807617,17.361783981323242,51.80674743652344,0.0,0.011207602842858872,-51.66581726074219,0
3F1P,9,10.115958213806152,9.537689208984375,19.225168228149414,0.0,0.06255050011637486,-43.83110427856445,1
3F1P,10,14.489524841308594,14.172418594360352,38.63616943359375,0.0,0.019081302866119965,-43.127986907958984,1
3F1P,11,13.305404663085938,11.705808639526367,19.65804672241211,0.0,0.05788972633363903,-40.5185661315918,8
3F1P,12,17.452795028686523,18.151456832885742,52.90102767944336,0.0,0.010650064566752285,-48.13058090209961,1
3F1P,13,16.07672119140625,16.212482452392578,36.43321990966797,0.0,0.020036113336768878,-45.701541900634766,0
3F1P,14,17.084611892700195,17.030183792114258,51.843231201171875,0.0,0.011291995798454864,-49.93301773071289,1
3G6D,0,8.706135749816895,11.180438995361328,20.5716495513916,0.0,0.05450352544431993,-28.81682586669922,13
3G6D,1,16.70458221435547,17.218271255493164,45.02571105957031,0.0,0.013981353816582586,-29.876558303833008,8
3G6D,2,9.08536148071289,13.919734954833984,21.821447372436523,0.0,0.04773994068290357,-43.031715393066406,1
3G6D,3,15.701042175292969,17.600217819213867,43.09295654296875,0.0,0.014886953315810234,-29.861661911010742,8
3G6D,4,9.07018756866455,11.827262878417969,20.645889282226562,0.0,0.05358804076107781,-29.32950782775879,6
3G6D,5,9.7951078414917,11.123701095581055,22.65377426147461,0.0,0.04708991338900801,-36.77959442138672,1
3G6D,6,17.001314163208008,18.19797706604004,45.435184478759766,0.0,0.013521210605836298,-31.092456817626953,13
3G6D,7,9.581521034240723,12.948751449584961,22.480125427246094,0.0,0.04610892329195237,-33.08382034301758,1
3G6D,8,8.465218544006348,9.677576065063477,19.709617614746094,0.0,0.06009356367054371,-40.46617126464844,1
3G6D,9,10.060222625732422,12.646854400634766,23.868715286254883,0.0,0.04213911495579902,-29.175630569458008,13
3G6D,10,10.198539733886719,12.35988712310791,24.67349624633789,0.0,0.04020121336624483,-27.825693130493164,17
3G6D,11,8.995575904846191,9.682097434997559,21.062999725341797,0.0,0.05449524622867844,-33.47813415527344,2
3G6D,12,14.302343368530273,15.405511856079102,37.62508773803711,0.0,0.01931663479092528,-25.98963165283203,13
3G6D,13,9.333566665649414,13.05386734008789,21.525066375732422,0.0,0.04931091643615541,-36.275245666503906,1
3G6D,14,9.185473442077637,13.368659019470215,21.199459075927734,0.0,0.05031040833120939,-38.12590789794922,0
5X0T,0,7.604517936706543,10.586167335510254,20.173961639404297,0.0,0.056814019518899785,-37.283138275146484,0
5X0T,1,9.768714904785156,10.693643569946289,27.69202995300293,0.0,0.035133462569154575,-30.84539031982422,0
5X0T,2,9.05087947845459,9.017501831054688,25.40683937072754,0.0,0.042528593034451695,-39.075706481933594,0
5X0T,3,4.673736572265625,6.171627521514893,12.664007186889648,0.0,0.12212007955526576,-38.269920349121094,0
5X0T,4,7.103305339813232,9.675923347473145,21.24413299560547,0.0,0.05382171386755457,-41.207763671875,0
5X0T,5,5.6432390213012695,7.432894229888916,15.734355926513672,0.0,0.08834673561334537,-35.57904052734375,0
5X0T,6,8.9171724319458,12.101998329162598,24.75934410095215,0.0,0.04018746426660457,-32.85496520996094,0
5X0T,7,7.526638984680176,10.553790092468262,21.078834533691406,0.0,0.05322209805653738,-35.42155838012695,0
5X0T,8,8.425216674804688,11.78814697265625,21.982929229736328,0.0,0.04866562282021538,-43.343467712402344,0
5X0T,9,7.857512474060059,11.092732429504395,20.55259132385254,0.0,0.05467243337998706,-40.33577346801758,0
5X0T,10,7.766097068786621,10.62773609161377,21.33185577392578,0.0,0.052183577997617865,-31.65591812133789,0
5X0T,11,7.453877925872803,10.152313232421875,22.732223510742188,0.0,0.048009425732477046,-37.23834991455078,0
5X0T,12,4.491296768188477,5.822813510894775,12.326844215393066,0.0,0.12816237835095093,-40.7414436340332,0
5X0T,13,12.004427909851074,10.42992877960205,35.61952590942383,0.0,0.024713949399682564,-37.48904800415039,0
5X0T,14,4.940128803253174,6.122398376464844,12.896656036376953,0.0,0.11982276239838012,-36.72341537475586,0
5WUX,0,20.79646110534668,18.930519104003906,42.62376022338867,0.0,0.014828797211075327,-31.759777069091797,11
5WUX,1,27.379188537597656,30.70088768005371,64.5633316040039,0.0,0.006472952378649471,-33.77665710449219,12
5WUX,2,24.290283203125,20.15769386291504,54.58450698852539,0.0,0.009727342624491932,-36.05233383178711,15
5WUX,3,28.694385528564453,22.31867218017578,65.96190643310547,0.0,0.006943629045134197,-34.46449661254883,12
5WUX,4,26.443021774291992,20.402353286743164,51.15427780151367,0.0,0.010748296631393407,-37.211769104003906,14
5WUX,5,19.517595291137695,16.79083824157715,32.920352935791016,0.0,0.023472491338432228,-28.138154983520508,1
5WUX,6,21.3590087890625,19.49850082397461,48.72002029418945,0.0,0.011807532443237482,-30.89740562438965,11
5WUX,7,23.132904052734375,19.958608627319336,33.61478042602539,0.0,0.021904870222375503,-32.82379150390625,7
5WUX,8,28.95555877685547,23.92430305480957,67.20328521728516,0.0,0.006553797965230567,-32.44260025024414,7
5WUX,9,19.243974685668945,15.638934135437012,31.536008834838867,0.1,0.05894784896719781,-31.727224349975586,6
5WUX,10,17.03510284423828,16.87567138671875,25.743690490722656,0.0,0.03537988457720214,-30.780553817749023,3
5WUX,11,22.608200073242188,17.186439514160156,53.01398849487305,0.0,0.010874301247655436,-36.97641372680664,8
5WUX,12,24.09062385559082,21.78839111328125,64.5159683227539,0.0,0.007259707997880783,-35.61217498779297,21
5WUX,13,22.295764923095703,18.661645889282227,71.42081451416016,0.0,0.006795176401526962,-37.054752349853516,14
5WUX,14,28.740793228149414,24.444385528564453,66.14706420898438,0.0,0.006665265728837443,-31.803104400634766,16
3RVW,0,14.83386516571045,15.39663314819336,32.54970932006836,0.0,0.024414096409025476,-23.37537956237793,3
3RVW,1,28.2392578125,15.218996047973633,59.09326934814453,0.0,0.009963826708332712,-29.442182540893555,92
3RVW,2,20.988174438476562,13.303176879882812,42.59190368652344,0.0,0.016952057235419673,-13.77489185333252,117
3RVW,3,17.661603927612305,9.319375991821289,34.507625579833984,0.0,0.027485395646691103,-16.91292953491211,54
3RVW,4,12.463260650634766,11.212721824645996,24.045495986938477,0.0,0.04288696648451287,-33.92231369018555,0
3RVW,5,24.478368759155273,18.764198303222656,57.512264251708984,0.0,0.009242015615620804,-26.49195671081543,20
3RVW,6,15.705204010009766,14.468754768371582,30.365406036376953,0.0,0.027765712702150294,-31.550884246826172,2
3RVW,7,23.309614181518555,14.9568510055542,55.76637649536133,0.0,0.01088749496507793,-23.32996940612793,5
3RVW,8,14.071533203125,12.485215187072754,30.24368667602539,0.0,0.029145171667342124,-42.54484176635742,0
3RVW,9,15.860798835754395,14.535355567932129,35.822689056396484,0.0,0.021279367902329774,-23.924320220947266,7
3RVW,10,33.59210968017578,20.061145782470703,70.79605102539062,0.0,0.00659000199539582,-33.188743591308594,100
3RVW,11,9.638653755187988,9.953926086425781,20.46355628967285,0.0,0.05645035804779378,-29.144920349121094,0
3RVW,12,35.622615814208984,29.042190551757812,84.11827850341797,0.0,0.004256017815595988,-34.546104431152344,46
3RVW,13,17.330120086669922,11.152058601379395,34.5532112121582,0.0,0.02494385901235223,-18.359683990478516,41
3RVW,14,15.23268985748291,13.653743743896484,32.49645233154297,0.0,0.02532047001055779,-25.789207458496094,6
1IB1,0,11.85219955444336,12.87749195098877,28.14662742614746,0.0,0.032320832593944665,-28.192626953125,11
1IB1,1,11.200218200683594,12.425190925598145,24.986658096313477,0.0,0.03936171658596779,-28.1494083404541,13
1IB1,2,10.856771469116211,13.664200782775879,21.796478271484375,0.0,0.04797005220674716,-30.49860191345215,11
1IB1,3,10.972991943359375,11.678587913513184,26.108137130737305,0.0,0.03735535714604582,-29.443246841430664,8
1IB1,4,14.281813621520996,17.093603134155273,33.34030532836914,0.0,0.02289084083115565,-31.069259643554688,6
1IB1,5,20.893583297729492,21.087133407592773,51.526145935058594,0.0,0.010508974615567624,-32.233978271484375,1
1IB1,6,13.86133098602295,14.559186935424805,33.41511535644531,0.0,0.023759259205355005,-30.42694854736328,13
1IB1,7,14.877164840698242,16.577056884765625,35.76353073120117,0.0,0.02052971014275182,-29.012283325195312,8
1IB1,8,14.175978660583496,15.07919692993164,35.3045654296875,0.0,0.021529550049507542,-32.01667785644531,1
1IB1,9,8.754517555236816,9.7883882522583,19.461767196655273,0.0,0.061046802976778,-29.651472091674805,13
1IB1,10,8.415872573852539,9.196722030639648,17.77376937866211,0.0,0.07068295816410985,-35.28793716430664,2
1IB1,11,12.913198471069336,14.204178810119629,29.956680297851562,0.076923,0.05415438541392679,-28.966989517211914,7
1IB1,12,14.143194198608398,15.519439697265625,32.10786437988281,0.0,0.02491623814607918,-29.462114334106445,5
1IB1,13,18.980987548828125,22.42284393310547,55.324954986572266,0.0,0.009171789786206978,-20.523691177368164,10
1IB1,14,14.08541488647461,15.816941261291504,33.2078971862793,0.0,0.023467374226063337,-30.67999839782715,6
3MXW,0,11.186012268066406,11.2288236618042,27.182662963867188,0.0,0.03553447356568131,-32.95280456542969,3
3MXW,1,12.536358833312988,11.816879272460938,30.362468719482422,0.0,0.029511384842625044,-27.261646270751953,14
3MXW,2,10.694981575012207,12.227580070495605,25.25750732421875,0.0,0.03885292570094782,-26.167171478271484,24
3MXW,3,11.284353256225586,11.078007698059082,25.925365447998047,0.0,0.038355114953235535,-28.888263702392578,9
3MXW,4,11.915129661560059,14.337627410888672,26.77243995666504,0.0,0.03413228070658947,-33.36239242553711,2
3MXW,5,10.982033729553223,11.321775436401367,24.925941467285156,0.0,0.04047469363207625,-27.28296661376953,12
3MXW,6,14.067655563354492,13.065403938293457,35.10314178466797,0.0,0.022798403692832495,-32.79476547241211,4
3MXW,7,11.308406829833984,11.076129913330078,26.794633865356445,0.0,0.03648075398346307,-28.592500686645508,6
3MXW,8,9.938409805297852,10.041275978088379,23.909944534301758,0.0,0.044676327415641426,-29.352466583251953,7
3MXW,9,11.889323234558105,14.338235855102539,26.7195987701416,0.0,0.03424171851125488,-30.49808692932129,5
3MXW,10,10.603828430175781,12.985068321228027,24.971843719482422,0.0,0.03899980602583479,-28.533740997314453,7
3MXW,11,10.887506484985352,8.148704528808594,26.727886199951172,0.666667,0.2637629322938979,-24.937318801879883,38
3MXW,12,12.20858383178711,14.602612495422363,26.854618072509766,0.0,0.03383430713476574,-31.078369140625,5
3MXW,13,17.29795265197754,13.073465347290039,43.725181579589844,0.0,0.016469028032937753,-32.04091262817383,11
3MXW,14,11.756431579589844,11.035048484802246,29.01351547241211,0.0,0.0323956973681011,-29.79974937438965,8
3U7Y,0,16.907623291015625,11.48633098602295,32.10972595214844,0.0,0.027418025738617763,-18.59065818786621,7
3U7Y,1,29.814651489257812,22.23994255065918,68.06853485107422,0.0,0.006627506336188803,-24.45245933532715,36
3U7Y,2,17.68946647644043,21.548086166381836,35.96063232421875,0.0,0.019245554084665894,-21.93495750427246,4
3U7Y,3,29.05994987487793,23.90471649169922,68.21365356445312,0.0,0.006403958082496136,-31.900941848754883,12
3U7Y,4,29.762081146240234,26.945377349853516,72.95829772949219,0.0,0.005493665508484016,-28.57611083984375,9
3U7Y,5,19.669979095458984,22.61851692199707,35.36298751831055,0.0,0.0196660330059,-22.767349243164062,3
3U7Y,6,27.484054565429688,21.812061309814453,58.65275955200195,0.0,0.008425652703034638,-21.271692276000977,24
3U7Y,7,19.751211166381836,22.006603240966797,39.118289947509766,0.0,0.016570184465632843,-20.581998825073242,6
3U7Y,8,25.573915481567383,15.88964557647705,45.03349304199219,0.0,0.014411088549931254,-20.420419692993164,102
3U7Y,9,22.15692710876465,23.19156837463379,37.40717315673828,0.0,0.017754635808175427,-22.36960220336914,3
3U7Y,10,23.0765323638916,12.885254859924316,49.250301361083984,0.071429,0.03790818507239055,-24.594633102416992,39
3U7Y,11,30.3076171875,28.49989128112793,80.00717163085938,0.0,0.004641171783079418,-21.123720169067383,27
3U7Y,12,22.211040496826172,23.382017135620117,39.45878982543945,0.0,0.016148086070908566,-19.977054595947266,7
3U7Y,13,28.032535552978516,22.197778701782227,64.83912658691406,0.0,0.007146911474024736,-26.801637649536133,14
3U7Y,14,29.418453216552734,20.558626174926758,68.3609390258789,0.0,0.006840109224380102,-24.974449157714844,20
1S78,0,21.546266555786133,12.580305099487305,65.73117065429688,0.375,0.13515489762103725,-13.556938171386719,48
1S78,1,19.97547721862793,16.059694290161133,53.745994567871094,0.0,0.011016637219083742,-15.554147720336914,28
1S78,2,16.927648544311523,15.975300788879395,50.1451416015625,0.0,0.012223211494352251,-11.331867218017578,22
1S78,3,25.636354446411133,18.816038131713867,61.26976776123047,0.0,0.008399272309886139,-20.097793579101562,41
1S78,4,15.042863845825195,12.525172233581543,56.96990203857422,0.0,0.011971912369707785,-15.21902847290039,30
1S78,5,20.962669372558594,17.962438583374023,61.93149185180664,0.125,0.050138026420005456,-13.184475898742676,11
1S78,6,20.20488929748535,17.018220901489258,56.49403762817383,0.0,0.009948503483341819,-13.439227104187012,23
1S78,7,28.468141555786133,18.06999969482422,55.57441329956055,0.0,0.009900658551301367,-22.355239868164062,39
1S78,8,21.25587272644043,15.719478607177734,52.7710075378418,0.0,0.011437297999503408,-16.724000930786133,19
1S78,9,12.629823684692383,10.762063980102539,46.1212272644043,0.0,0.017301923640600604,-13.14862060546875,3
1S78,10,21.350811004638672,14.211292266845703,54.53694534301758,0.0,0.011577847733798914,-12.469823837280273,52
1S78,11,23.839025497436523,18.430797576904297,51.30819320678711,0.0,0.011097327134763135,-19.582542419433594,77
1S78,12,20.32705307006836,17.32202911376953,58.449275970458984,0.0,0.009384458524022839,-16.93693733215332,3
1S78,13,19.994747161865234,17.245452880859375,60.23358154296875,0.0,0.009011293806495983,-14.301224708557129,12
1S78,14,18.9689884185791,15.458489418029785,54.565162658691406,0.0,0.011006453225022595,-14.033257484436035,20
1OYV,0,13.820409774780273,13.098505973815918,28.57306671142578,0.0,0.0314152062759936,-53.60799789428711,0
1OYV,1,15.35355281829834,13.939602851867676,30.646087646484375,0.0,0.027626688108759945,-48.43129348754883,1
1OYV,2,13.572704315185547,13.106401443481445,28.118518829345703,0.0,0.032219383334168426,-53.75398254394531,0
1OYV,3,15.282084465026855,13.282736778259277,32.007293701171875,0.0,0.026156903655194814,-40.9736328125,10
1OYV,4,8.110886573791504,8.000642776489258,21.202503204345703,0.027027,0.06648267631280112,-52.816123962402344,0
1OYV,5,5.330056667327881,6.2832746505737305,16.18705940246582,0.027027,0.09902923361427485,-36.83484649658203,0
1OYV,6,6.185374736785889,6.081786155700684,14.577569961547852,0.0,0.10368953140118094,-55.711585998535156,0
1OYV,7,9.500398635864258,8.952282905578613,20.51878547668457,0.0,0.057926454562602724,-40.743133544921875,11
1OYV,8,10.716215133666992,11.415705680847168,27.36894416809082,0.0,0.03498056481296848,-44.12714767456055,1
1OYV,9,5.810444355010986,6.796483993530273,12.826899528503418,0.0,0.11719450524085666,-51.39802932739258,0
1OYV,10,10.23049259185791,10.81096363067627,26.756309509277344,0.0,0.03685259069859134,-47.97338104248047,1
1OYV,11,12.369841575622559,11.272412300109863,26.666702270507812,0.0,0.03654320512339155,-53.66465377807617,0
1OYV,12,14.27939510345459,14.146879196166992,29.108713150024414,0.0,0.029895680435845614,-36.30243682861328,2
1OYV,13,13.316335678100586,12.903934478759766,28.18722915649414,0.0,0.03222929322467511,-51.48438262939453,0
1OYV,14,15.18072509765625,14.013915061950684,32.91843032836914,0.0,0.024611299468129937,-48.48362731933594,0
1EER,0,16.430233001708984,15.529881477355957,51.87437057495117,0.0,0.011796742223775596,-29.72025489807129,1
1EER,1,9.72817611694336,10.097305297851562,44.68626403808594,0.0,0.0188367643249462,-28.249441146850586,13
1EER,2,13.930309295654297,11.40488338470459,44.19532012939453,0.0,0.017558226212363276,-29.292226791381836,19
1EER,3,11.270363807678223,10.340590476989746,44.88610076904297,0.0,0.01840915126279852,-28.1990909576416,15
1EER,4,16.529266357421875,14.598029136657715,31.307270050048828,0.0,0.026366969359845126,-28.213022232055664,3
1EER,5,12.818166732788086,16.64553451538086,68.1220703125,0.0,0.007795179930531661,-28.234962463378906,9
1EER,6,12.083474159240723,12.2351655960083,46.189327239990234,0.0,0.015854518467261297,-29.326942443847656,13
1EER,7,10.561685562133789,11.451128959655762,48.887229919433594,0.0,0.015404282087197447,-24.92430877685547,42
1EER,8,16.570816040039062,17.81252098083496,54.57835388183594,0.0,0.010240620028748426,-25.547332763671875,31
1EER,9,16.35333824157715,16.93721580505371,54.11996078491211,0.0,0.010618599110142719,-26.42537498474121,4
1EER,10,15.098621368408203,13.520430564880371,49.28486251831055,0.0,0.013681441951876627,-32.39324951171875,9
1EER,11,15.327108383178711,15.204072952270508,52.07358169555664,0.0,0.011864085915215707,-33.55545425415039,1
1EER,12,15.764415740966797,17.46061897277832,58.60877227783203,0.041667,0.02319776820564512,-25.428565979003906,42
1EER,13,17.501338958740234,14.761089324951172,47.500240325927734,0.0,0.013749678253310313,-23.238922119140625,44
1EER,14,16.010639190673828,16.141603469848633,49.81512451171875,0.0,0.012284270237915416,-28.751760482788086,8
2BTF,0,22.645620346069336,23.19447135925293,61.092132568359375,0.0,0.007718513786662152,-47.98341751098633,1
2BTF,1,18.853252410888672,18.225868225097656,55.09560012817383,0.0,0.009991987408566974,-56.05470657348633,1
2BTF,2,26.87645149230957,25.67803955078125,77.76468658447266,0.0,0.005069040072262623,-59.259544372558594,0
2BTF,3,21.251903533935547,16.63039207458496,58.79792022705078,0.0,0.009513454078881803,-53.15202331542969,0
2BTF,4,26.700281143188477,23.180234909057617,74.59879302978516,0.0,0.005662180105321924,-55.85246276855469,0
2BTF,5,18.78130340576172,21.34763526916504,50.68406677246094,0.0,0.01075624666000235,-57.740966796875,0
2BTF,6,15.354092597961426,15.99986457824707,37.03498458862305,0.0,0.019584267287194864,-44.448150634765625,0
2BTF,7,26.93452262878418,25.131877899169922,77.7507095336914,0.0,0.005120067190348383,-64.38121795654297,0
2BTF,8,11.360477447509766,11.518691062927246,29.681427001953125,0.0,0.03082321552226286,-40.972965240478516,0
2BTF,9,22.790035247802734,21.872983932495117,62.133121490478516,0.0,0.007684048894777155,-46.87015914916992,4
2BTF,10,24.407779693603516,18.737768173217773,66.2190933227539,0.0,0.007525738110351547,-54.137489318847656,1
2BTF,11,21.016258239746094,15.206113815307617,60.958953857421875,0.0,0.009569709974422141,-54.6709098815918,0
2BTF,12,18.654159545898438,20.65575408935547,50.49663162231445,0.0,0.010933158524158536,-55.669673919677734,0
2BTF,13,19.03974151611328,13.914501190185547,55.24217987060547,0.0,0.011538461271366618,-43.68768310546875,0
2BTF,14,24.98756217956543,19.636457443237305,67.67244720458984,0.0,0.00711098096719921,-59.16195297241211,0
1IRA,0,14.661282539367676,18.104812622070312,27.764497756958008,0.0,0.03083711981467126,-40.722164154052734,0
1IRA,1,13.958611488342285,16.325937271118164,26.998750686645508,0.0,0.032850054707863986,-34.77591323852539,3
1IRA,2,11.075489044189453,12.220345497131348,23.62150001525879,0.0,0.04316150838512307,-30.840375900268555,5
1IRA,3,28.66423797607422,25.003965377807617,60.74310302734375,0.0,0.007597097582422357,-31.527496337890625,0
1IRA,4,7.963296890258789,7.130629062652588,18.40252685546875,0.0,0.07273614376073949,-43.496150970458984,0
1IRA,5,5.8018059730529785,4.887780666351318,13.533522605895996,0.0,0.12298544809397399,-39.64622497558594,1
1IRA,6,27.48189353942871,23.345197677612305,59.481842041015625,0.0,0.008041149252999952,-30.53008270263672,0
1IRA,7,25.616247177124023,23.65639877319336,55.557064056396484,0.0,0.008958929076286213,-24.295991897583008,0
1IRA,8,13.265437126159668,17.314943313598633,23.893875122070312,0.0,0.03992787180531061,-34.64499282836914,7
1IRA,9,25.98473358154297,24.444385528564453,55.64701461791992,0.0,0.008850509264627035,-28.419023513793945,0
1IRA,10,10.505373001098633,12.755354881286621,22.29454803466797,0.0,0.04685050376394506,-35.27717971801758,2
1IRA,11,8.964958190917969,7.385132789611816,20.209375381469727,0.0,0.06331030138016246,-43.055606842041016,0
1IRA,12,12.639368057250977,13.595010757446289,25.24439811706543,0.0,0.037951776166115135,-34.08069610595703,5
1IRA,13,15.217493057250977,17.341188430786133,29.1451473236084,0.0,0.028605067030194123,-33.778541564941406,4
1IRA,14,13.89172077178955,17.94368553161621,25.631052017211914,0.0,0.03534022649282995,-40.28636932373047,1
2HLE,0,15.148116111755371,13.996624946594238,50.83551788330078,0.090909,0.04315371993772959,-36.768638610839844,7
2HLE,1,10.497939109802246,8.647673606872559,35.193729400634766,0.272727,0.11901750354304347,-43.49197006225586,14
2HLE,2,9.206864356994629,7.8102545738220215,31.036853790283203,0.0,0.035114563535682805,-36.17848587036133,6
2HLE,3,11.504631042480469,10.140525817871094,40.470726013183594,0.0,0.02122015399774742,-42.90535354614258,8
2HLE,4,15.460494995117188,16.192922592163086,47.816375732421875,0.0,0.013046577711198826,-47.058231353759766,2
2HLE,5,14.695855140686035,13.3809232711792,49.864192962646484,0.181818,0.07415518709675366,-36.860023498535156,9
2HLE,6,14.013360977172852,11.810144424438477,46.668357849121094,0.181818,0.07660059089244144,-37.509395599365234,7
2HLE,7,15.150396347045898,14.317221641540527,54.379573822021484,0.0,0.011569018011749865,-37.679290771484375,5
2HLE,8,11.097809791564941,11.028757095336914,38.64540100097656,0.0,0.021435739975605505,-43.22566223144531,2
2HLE,9,11.516019821166992,9.722040176391602,40.5565185546875,0.0,0.021776230170556302,-41.60618209838867,12
2HLE,10,7.810074329376221,5.646788597106934,23.762187957763672,0.363636,0.1809966641772358,-36.808692932128906,6
2HLE,11,12.48647689819336,13.19813346862793,42.144866943359375,0.0,0.017279725258143384,-55.20437240600586,0
2HLE,12,16.307903289794922,15.1047945022583,54.042381286621094,0.181818,0.07190815316599114,-35.95978546142578,6
2HLE,13,14.786739349365234,13.178881645202637,45.18302536010742,0.0,0.015656609893582172,-44.89129638671875,8
2HLE,14,13.4375638961792,12.108820915222168,46.20283889770508,0.090909,0.046253317294125684,-35.72285842895508,4
1T6B,0,21.11604118347168,20.502065658569336,61.47500228881836,0.0,0.008027887471978816,-33.008018493652344,2
1T6B,1,18.325292587280273,13.09958553314209,53.797889709472656,0.0,0.012432620211822336,-39.10736846923828,0
1T6B,2,21.57252311706543,17.097381591796875,62.689483642578125,0.0,0.008563571750543088,-30.24115562438965,6
1T6B,3,42.12894058227539,39.4660530090332,109.36543273925781,0.0,0.002482257433550956,-28.239439010620117,3
1T6B,4,15.365480422973633,12.808826446533203,44.965118408203125,0.0,0.016009986887672946,-34.10966873168945,1
1T6B,5,41.3689079284668,35.04234313964844,107.58834838867188,0.0,0.002677331270596046,-22.59833335876465,2
1T6B,6,27.246183395385742,20.85187339782715,71.13424682617188,0.0,0.00640852297177827,-34.432830810546875,0
1T6B,7,42.12513732910156,38.147457122802734,109.06613159179688,0.0,0.0025269532717967415,-28.813587188720703,2
1T6B,8,22.80049705505371,24.183870315551758,66.76985931396484,0.0,0.006593309153503472,-33.954124450683594,3
1T6B,9,19.232378005981445,14.734328269958496,55.40669631958008,0.0,0.011083784826680355,-33.54710388183594,3
1T6B,10,26.122177124023438,20.282873153686523,69.30561828613281,0.0,0.006752794540004894,-28.26766586303711,1
1T6B,11,17.086484909057617,11.507594108581543,46.300235748291016,0.0,0.016437091208631665,-45.466552734375,0
1T6B,12,37.30029296875,38.94204330444336,100.98365783691406,0.0,0.0028388622360723766,-39.799049377441406,0
1T6B,13,26.07270622253418,22.072755813598633,70.93639373779297,0.0,0.006250627942876616,-33.62421417236328,1
1T6B,14,42.776893615722656,40.043331146240234,110.54708862304688,0.0,0.002426204716977165,-28.69698143005371,1
5KOV,0,28.22258186340332,23.345829010009766,39.248111724853516,0.0,0.016304298483955523,-29.78522300720215,11
5KOV,1,25.03101921081543,23.464399337768555,48.24341583251953,0.0,0.011392732766553663,-29.40934181213379,27
5KOV,2,28.264738082885742,22.19305992126465,37.78075408935547,0.0,0.017575278661433172,-31.04640769958496,32
5KOV,3,25.588346481323242,21.07732391357422,34.74409103393555,0.0,0.020503618252978164,-32.493507385253906,9
5KOV,4,24.409109115600586,21.675588607788086,35.03720474243164,0.0,0.02011640730550138,-28.814393997192383,9
5KOV,5,26.37885093688965,26.267812728881836,69.08045196533203,0.0,0.0060548448909434225,-35.23064422607422,16
5KOV,6,17.932437896728516,11.926281929016113,35.35169219970703,0.0,0.02340826287323937,-30.316696166992188,14
5KOV,7,24.02894401550293,19.749433517456055,34.407466888427734,0.0,0.021084589314821087,-29.67405891418457,17
5KOV,8,13.797502517700195,11.251974105834961,27.104185104370117,0.0,0.03566763408041992,-33.65288543701172,13
5KOV,9,21.300020217895508,13.9431734085083,33.50029373168945,0.0,0.023975168936763533,-31.936294555664062,25
5KOV,10,30.283321380615234,23.503028869628906,40.06736373901367,0.0,0.015707675079198676,-31.293333053588867,13
5KOV,11,24.153324127197266,20.46756935119629,36.65026092529297,0.0,0.01879485991063842,-29.15851402282715,20
5KOV,12,24.525253295898438,20.94251251220703,38.46611785888672,0.0,0.017219991398452653,-30.428855895996094,10
5KOV,13,20.588655471801758,15.28820514678955,34.58412551879883,0.0,0.022166742760549137,-30.43720817565918,14
5KOV,14,22.068416595458984,13.732353210449219,35.59321212768555,0.0,0.021914607485709416,-29.66071891784668,18
2AJF,0,17.506860733032227,15.72109317779541,42.212913513183594,0.0,0.015995854085340083,-32.65415954589844,39
2AJF,1,19.814180374145508,20.758108139038086,47.34135055541992,0.0,0.012141627764790499,-31.037168502807617,51
2AJF,2,19.726451873779297,15.659116744995117,47.17277908325195,0.0,0.013513130327939734,-28.670564651489258,48
2AJF,3,20.27960968017578,17.981929779052734,48.124916076660156,0.0,0.012387501617808093,-30.427410125732422,59
2AJF,4,18.632326126098633,18.73809814453125,44.95500564575195,0.0,0.013627939333199801,-26.837499618530273,60
2AJF,5,21.030786514282227,19.61819076538086,49.37864685058594,0.0,0.011530406329078076,-32.073875427246094,62
2AJF,6,22.062095642089844,17.940885543823242,53.27552795410156,0.0,0.01058846660158957,-28.761192321777344,51
2AJF,7,20.385976791381836,18.772903442382812,48.26557159423828,0.0,0.012141767952379786,-29.22641372680664,65
2AJF,8,19.882837295532227,16.69276237487793,47.02299118041992,0.0,0.013217088598899371,-29.79452896118164,50
2AJF,9,18.20099449157715,16.2476806640625,43.58327102661133,0.0,0.015031220366391679,-31.9897403717041,43
2AJF,10,21.836856842041016,16.500164031982422,50.833309173583984,0.0,0.011798766795657258,-30.654720306396484,49
2AJF,11,20.769062042236328,17.312511444091797,48.684017181396484,0.0,0.01234425153169171,-28.727590560913086,59
2AJF,12,19.058547973632812,18.96877098083496,45.25202178955078,0.0,0.013431542555663646,-31.889270782470703,46
2AJF,13,21.313541412353516,20.429384231567383,49.504024505615234,0.0,0.011333273945213452,-28.66925048828125,59
2AJF,14,18.726369857788086,12.148438453674316,43.71572494506836,0.0,0.017148492652564337,-29.508739471435547,74
4Y7M,0,12.351686477661133,10.133401870727539,25.732141494750977,0.0,0.03994074260369964,-21.704740524291992,5
4Y7M,1,13.43678092956543,11.106433868408203,49.293914794921875,0.0,0.015596295095060215,-46.272640228271484,0
4Y7M,2,8.039033889770508,6.005855083465576,44.56861877441406,0.0,0.03127069650782652,-22.071292877197266,6
4Y7M,3,12.662198066711426,9.918599128723145,19.431917190551758,0.0,0.06098958356009231,-24.57638168334961,15
4Y7M,4,11.68542766571045,10.334566116333008,40.507347106933594,0.461538,0.17478174812971414,-25.104557037353516,3
4Y7M,5,12.66645622253418,10.82673454284668,45.57453155517578,0.0,0.017483083753181663,-26.441232681274414,6
4Y7M,6,9.920260429382324,9.118088722229004,21.149518966674805,0.0,0.055137301745242194,-20.968364715576172,7
4Y7M,7,9.967686653137207,8.5620756149292,28.140583038330078,0.230769,0.11471863446335451,-25.108196258544922,5
4Y7M,8,11.950551986694336,9.55252456665039,27.081865310668945,0.0,0.03791335746061022,-24.233381271362305,18
4Y7M,9,7.167701721191406,5.828705787658691,21.772493362426758,0.076923,0.09043074869726886,-22.78466033935547,4
4Y7M,10,6.35054349899292,7.499400615692139,38.411014556884766,0.0,0.02838364992095264,-22.876670837402344,1
4Y7M,11,7.696782112121582,7.603927135467529,25.429710388183594,0.0,0.045984809494619035,-23.279525756835938,2
4Y7M,12,13.067463874816895,11.241081237792969,27.413658142089844,0.230769,0.11199040676561693,-24.91168785095215,21
4Y7M,13,8.044954299926758,7.856201648712158,22.11982536315918,0.0,0.05461252764374259,-21.920944213867188,8
4Y7M,14,14.18400764465332,12.027772903442383,42.90891647338867,0.0,0.017691416292729616,-28.274587631225586,4
1HIA,0,12.519885063171387,13.509299278259277,41.282814025878906,0.0,0.01761597487608015,-64.06495666503906,0
1HIA,1,8.766916275024414,10.777216911315918,21.98324203491211,0.0,0.04968787112728551,-54.24357986450195,0
1HIA,2,8.312531471252441,9.021809577941895,26.766647338867188,0.0,0.039502022979323495,-44.30909729003906,2
1HIA,3,17.432130813598633,16.175132751464844,45.23225402832031,0.0,0.014211827916213763,-37.9382209777832,10
1HIA,4,6.906848907470703,8.99160099029541,19.88166046142578,0.0,0.06053719086034917,-65.32048034667969,0
1HIA,5,12.904474258422852,14.310023307800293,37.11653137207031,0.0,0.020233210961700252,-55.59142303466797,0
1HIA,6,7.383401393890381,8.592560768127441,22.987993240356445,0.033333,0.061061031364429245,-52.621116638183594,0
1HIA,7,8.582123756408691,11.364813804626465,21.9107666015625,0.2,0.11597706490941473,-45.39467239379883,4
1HIA,8,10.210434913635254,11.008328437805176,30.830829620361328,0.0,0.029622859038878745,-45.01529312133789,12
1HIA,9,8.372408866882324,10.267271041870117,25.505643844604492,0.0,0.040285989629202,-58.4693489074707,0
1HIA,10,14.392297744750977,15.779500961303711,41.31315994262695,0.0,0.016522523008101038,-50.41167449951172,2
1HIA,11,8.52583122253418,9.563687324523926,27.2885684967041,0.0,0.03748385965072775,-50.327476501464844,1
1HIA,12,13.551597595214844,15.057052612304688,40.26509475708008,0.0,0.017496419516151145,-50.14141082763672,1
1HIA,13,8.077802658081055,10.122893333435059,24.26083755493164,0.0,0.04360536606740645,-57.81985092163086,0
1HIA,14,9.926474571228027,12.3949613571167,29.381319046020508,0.0,0.03055471828629318,-42.7818717956543,3
1BKD,0,23.759531021118164,20.186914443969727,63.4328498840332,0.0,0.007710086810642266,-31.945520401000977,6
1BKD,1,23.4062557220459,20.062978744506836,63.21113586425781,0.0,0.007773228841293826,-32.976158142089844,3
1BKD,2,25.07666015625,23.31145477294922,61.45059585571289,0.0,0.007632417352379063,-32.83161544799805,5
1BKD,3,12.582633018493652,13.564579963684082,29.8892879486084,0.0,0.028967702565519764,-24.324195861816406,8
1BKD,4,5.29472017288208,6.122903347015381,11.295454978942871,0.105263,0.17447506842927674,-28.297069549560547,11
1BKD,5,25.582061767578125,23.523555755615234,63.0859375,0.0,0.007293314897741955,-34.548030853271484,2
1BKD,6,24.187536239624023,20.64853858947754,64.19660186767578,0.0,0.0074929121575247155,-29.15569305419922,6
1BKD,7,23.098569869995117,19.27572250366211,62.21966552734375,0.0,0.008113440986160854,-30.242979049682617,4
1BKD,8,11.440204620361328,13.053393363952637,22.58162498474121,0.0,0.0457117920322854,-41.01177215576172,0
1BKD,9,12.92877197265625,14.852069854736328,25.891374588012695,0.0,0.035796252521963036,-30.80730628967285,3
1BKD,10,5.207076549530029,5.8933281898498535,11.515801429748535,0.157895,0.1904700238385316,-29.92756462097168,12
1BKD,11,25.871231079101562,24.779483795166016,62.709800720214844,0.0,0.007230656862633162,-33.43699264526367,3
1BKD,12,11.371809005737305,13.059764862060547,22.157066345214844,0.0,0.04710278503069567,-33.58302688598633,2
1BKD,13,4.151913642883301,3.989462375640869,9.222311019897461,0.368421,0.3171968284265346,-31.82752799987793,4
1BKD,14,25.124311447143555,22.88871192932129,63.19047927856445,0.0,0.007349609082662484,-30.40068244934082,3
1EXB,0,31.628896713256836,38.69404602050781,82.54215240478516,0.0,0.0039978839221399085,-14.131232261657715,10
1EXB,1,21.072795867919922,29.853981018066406,52.747154235839844,0.0,0.009276320638475272,-16.664941787719727,8
1EXB,2,31.557479858398438,39.05381774902344,79.52254486083984,0.0,0.004256338286609628,-11.96462345123291,10
1EXB,3,22.495119094848633,30.686492919921875,57.77325439453125,0.0,0.007857129889795825,-13.37763786315918,13
1EXB,4,31.23855209350586,38.35868453979492,81.18778228759766,0.0,0.004123049323714029,-17.48123550415039,1
1EXB,5,31.699066162109375,39.11713790893555,81.24044799804688,0.0,0.004098899636769747,-9.630517959594727,18
1EXB,6,29.4418888092041,36.8430290222168,76.46263885498047,0.0,0.004620574616408577,-12.45883846282959,17
1EXB,7,30.630199432373047,36.3390998840332,73.7689437866211,0.0,0.004934572996248789,-16.227989196777344,3
1EXB,8,30.442089080810547,36.724876403808594,79.58555603027344,0.0,0.004314589407439858,-14.46096134185791,7
1EXB,9,29.50433921813965,38.20761489868164,76.51165008544922,0.0,0.004576788595614817,-13.3403959274292,11
1EXB,10,23.880971908569336,31.347156524658203,62.70647430419922,0.0,0.006775793003292217,-14.0349760055542,20
1EXB,11,31.48931884765625,38.34275436401367,81.44293212890625,0.0,0.004101105741892719,-14.6932373046875,2
1EXB,12,29.877592086791992,37.77009963989258,77.60926055908203,0.0,0.004475941084443362,-14.13791275024414,11
1EXB,13,22.628084182739258,30.199993133544922,59.131874084472656,0.0,0.007568555156520476,-15.889789581298828,4
1EXB,14,24.505464553833008,30.46861457824707,64.2319107055664,0.0,0.006542818109166136,-16.01848602294922,19
1D6R,0,14.83619213104248,13.668829917907715,42.16132736206055,0.0,0.01698566181020652,-54.14142990112305,0
1D6R,1,9.499434471130371,9.265131950378418,24.089914321899414,0.0,0.04541890098296822,-39.066837310791016,3
1D6R,2,14.784241676330566,13.983297348022461,41.572044372558594,0.0,0.01716806875826814,-53.43046188354492,0
1D6R,3,8.474838256835938,7.5095133781433105,19.534221649169922,0.0,0.06585547632531963,-42.45081329345703,3
1D6R,4,8.162064552307129,10.804174423217773,20.196577072143555,0.0,0.05646132714682448,-46.0908317565918,0
1D6R,5,21.399869918823242,15.878500938415527,53.372474670410156,0.0,0.011193639465585473,-41.46202087402344,4
1D6R,6,18.04288673400879,24.54732322692871,56.61518859863281,0.0,0.008588050177721032,-30.315387725830078,0
1D6R,7,9.496663093566895,10.093406677246094,23.30618667602539,0.0,0.04633538896439706,-45.84364700317383,0
1D6R,8,20.571334838867188,18.364639282226562,51.95668411254883,0.0,0.010897930307455207,-36.31655502319336,13
1D6R,9,6.266599178314209,7.598446846008301,16.3667049407959,0.0,0.08331137909417484,-56.38726806640625,0
1D6R,10,21.07725715637207,17.6029052734375,52.57886505126953,0.0,0.010892632898510654,-46.98634338378906,1
1D6R,11,7.780308723449707,7.754566192626953,17.75541877746582,0.0,0.07417220131350573,-48.91016387939453,1
1D6R,12,21.474151611328125,15.297734260559082,54.01323318481445,0.0,0.011229815784894147,-40.54277801513672,3
1D6R,13,7.9157395362854,7.614545822143555,17.773229598999023,0.0,0.07450042335853424,-46.11277389526367,1
1D6R,14,21.308847427368164,16.155908584594727,52.37367248535156,0.0,0.011403451725794794,-39.42241287231445,7
5E5M,0,17.55241584777832,16.711591720581055,25.39504623413086,0.0,0.0362456508083029,-47.8834114074707,0
5E5M,1,8.922905921936035,7.02981424331665,16.697479248046875,0.0,0.0831182500799962,-39.14786911010742,3
5E5M,2,11.327905654907227,9.082128524780273,18.01211929321289,0.0,0.0695623770930434,-54.07401657104492,0
5E5M,3,12.165300369262695,9.6134614944458,18.127347946166992,0.0,0.06800292038908698,-45.23469161987305,0
5E5M,4,15.471935272216797,15.287429809570312,22.684518814086914,0.0,0.0442177587701476,-38.410037994384766,2
5E5M,5,6.8617353439331055,5.427689552307129,18.143510818481445,0.125,0.12531146177225053,-39.247562408447266,6
5E5M,6,12.314783096313477,9.951520919799805,19.992095947265625,0.0,0.05843616862921649,-43.854713439941406,3
5E5M,7,11.315319061279297,8.763322830200195,19.464303970336914,0.0,0.06287510098067069,-52.1269416809082,0
5E5M,8,16.78787612915039,17.830944061279297,26.655742645263672,0.0,0.0331088085719362,-38.01443099975586,2
5E5M,9,15.653079986572266,15.625003814697266,22.511817932128906,0.0,0.044636354142092625,-47.28436279296875,0
5E5M,10,9.476005554199219,8.038442611694336,16.276111602783203,0.0,0.08264596946041042,-46.604576110839844,0
5E5M,11,5.276876926422119,4.846464157104492,10.534578323364258,0.3125,0.2647458440140256,-44.064903259277344,1
5E5M,12,10.334837913513184,7.782820701599121,19.982236862182617,0.0,0.06301224558388362,-54.95158386230469,0
5E5M,13,6.400729656219482,5.431337356567383,13.187743186950684,0.125,0.16312262580925777,-41.720699310302734,1
5E5M,14,8.415667533874512,8.385687828063965,24.251632690429688,0.0,0.04680313952745147,-39.765625,2
2OOR,0,10.674381256103516,14.069857597351074,26.952537536621094,0.0,0.03389962021396087,-21.623180389404297,13
2OOR,1,24.26230239868164,26.19966697692871,70.53816986083984,0.0,0.005860028228068046,-27.35835838317871,7
2OOR,2,17.820947647094727,20.48272705078125,47.93925094604492,0.0,0.01193806304643564,-25.10129165649414,8
2OOR,3,5.752118110656738,5.904782295227051,16.650115966796875,0.105263,0.12420696300974214,-24.33665657043457,10
2OOR,4,16.207427978515625,18.186124801635742,44.38829040527344,0.0,0.014043052501247556,-22.82278823852539,16
2OOR,5,24.440366744995117,23.532669067382812,71.13251495361328,0.0,0.006041532193345595,-25.788366317749023,8
2OOR,6,23.634422302246094,23.96417236328125,69.8638916015625,0.0,0.0061630463595405355,-23.87704849243164,13
2OOR,7,15.896966934204102,17.8148193359375,44.506629943847656,0.0,0.014076838348594856,-27.20656394958496,6
2OOR,8,25.896928787231445,23.224863052368164,72.72701263427734,0.0,0.005876601298044429,-27.761493682861328,5
2OOR,9,24.360843658447266,25.1340389251709,71.21931457519531,0.0,0.005864450272534957,-28.433868408203125,11
2OOR,10,17.9382266998291,19.91475486755371,48.67253112792969,0.0,0.011745521067513193,-30.432435989379883,6
2OOR,11,25.621768951416016,23.931352615356445,72.85147094726562,0.0,0.005781239216418711,-26.705646514892578,8
2OOR,12,7.533902645111084,6.520207405090332,22.788297653198242,0.210526,0.12764200845995846,-22.6240234375,36
2OOR,13,20.302173614501953,18.563369750976562,58.723785400390625,0.0,0.009002757804424786,-26.40248680114746,15
2OOR,14,8.80827522277832,10.346281051635742,23.279726028442383,0.0,0.04607330440070664,-20.788249969482422,20
7CEI,0,9.828807830810547,9.108109474182129,16.630939483642578,0.0,0.07784072882103636,-38.11614227294922,7
7CEI,1,12.672371864318848,11.603814125061035,24.37494659423828,0.0,0.04161861676197264,-34.707672119140625,22
7CEI,2,9.7289400100708,8.170816421508789,16.000720977783203,0.0,0.08423135604725884,-38.328548431396484,11
7CEI,3,14.697955131530762,10.657379150390625,35.28820037841797,0.0,0.024754493127917804,-38.25785827636719,6
7CEI,4,10.829355239868164,11.081170082092285,29.727293014526367,0.2,0.09785740946982717,-36.54475784301758,16
7CEI,5,14.291062355041504,9.67446517944336,21.997743606567383,0.0,0.05112872047892852,-38.37437438964844,10
7CEI,6,13.905587196350098,9.594505310058594,21.44839859008789,0.0,0.05319824506903148,-38.57969665527344,8
7CEI,7,14.338722229003906,10.098587989807129,33.53229522705078,0.0,0.027320902123041262,-39.61573028564453,7
7CEI,8,8.544126510620117,7.668529987335205,14.087896347045898,0.2,0.16791109084681502,-38.85311508178711,7
7CEI,9,11.215130805969238,11.07768726348877,26.419830322265625,0.2,0.10393494259518758,-35.375125885009766,20
7CEI,10,12.81808090209961,9.056238174438477,20.24964714050293,0.0,0.058834972760676583,-37.31277847290039,13
7CEI,11,11.50843334197998,11.233515739440918,27.474506378173828,0.2,0.10162373771707033,-35.11650848388672,21
7CEI,12,13.588234901428223,9.427802085876465,20.957324981689453,0.0,0.0553171610333654,-37.96718978881836,12
7CEI,13,10.952786445617676,11.370064735412598,28.81207275390625,0.2,0.09905737720912856,-36.438507080078125,13
7CEI,14,9.17110538482666,7.62786865234375,15.146795272827148,0.0,0.09224209570552692,-37.45370101928711,9
2VDB,0,9.232584953308105,12.193882942199707,32.75513458251953,0.0,0.025999581135242655,-18.390676498413086,28
2VDB,1,17.387889862060547,25.747312545776367,62.40714645385742,0.0,0.007198592850385602,-26.546384811401367,2
2VDB,2,7.203707695007324,8.359585762023926,25.909997940063477,0.0,0.04278595006394969,-19.863990783691406,23
2VDB,3,7.771297931671143,9.16756534576416,27.326269149780273,0.083333,0.06587553700146032,-16.456073760986328,36
2VDB,4,11.700719833374023,21.36846923828125,43.3088264465332,0.0,0.013998194116938712,-24.88770294189453,21
2VDB,5,9.873083114624023,16.251314163208008,37.144229888916016,0.0,0.019402748278618983,-49.275089263916016,0
2VDB,6,11.43242073059082,15.434178352355957,42.3502082824707,0.0,0.01602681860232781,-34.03921127319336,1
2VDB,7,12.468889236450195,18.56778907775879,45.134376525878906,0.0,0.01357865823097277,-14.57063102722168,34
2VDB,8,13.464630126953125,20.620649337768555,50.169349670410156,0.0,0.011055953606207909,-33.226924896240234,0
2VDB,9,13.633520126342773,20.386966705322266,49.0394287109375,0.0,0.011517109767937272,-18.23379898071289,35
2VDB,10,13.253621101379395,21.14556121826172,49.40765380859375,0.0,0.011251051058932253,-21.519920349121094,23
2VDB,11,4.058815002441406,7.896952152252197,13.970376014709473,0.083333,0.129443056323674,-23.671875,9
2VDB,12,13.972236633300781,18.811912536621094,50.825836181640625,0.0,0.011175098947593798,-30.94523048400879,3
2VDB,13,8.271344184875488,13.499550819396973,31.099496841430664,0.0,0.027235086854886997,-26.647451400756836,2
2VDB,14,9.885672569274902,16.25455665588379,37.05076599121094,0.0,0.019481234768640953,-51.03249740600586,0
1FAK,0,26.730491638183594,30.80065155029297,68.99208068847656,0.0,0.005772672886460501,-30.405763626098633,1
1FAK,1,10.430912971496582,12.012765884399414,18.871122360229492,0.0,0.061338444232616446,-48.421104431152344,1
1FAK,2,24.158889770507812,26.84414291381836,62.26585006713867,0.0,0.007135696745390788,-28.25316047668457,1
1FAK,3,16.554378509521484,15.776111602783203,31.103439331054688,0.0,0.02615074704270602,-43.277671813964844,3
1FAK,4,20.491182327270508,18.094148635864258,45.0425910949707,0.0,0.013737484315931464,-44.27911376953125,1
1FAK,5,12.360395431518555,12.67652702331543,35.654296875,0.0,0.022528896177651553,-44.32939910888672,1
1FAK,6,32.57511520385742,31.74448585510254,75.68990325927734,0.0,0.004894033650188977,-39.28759002685547,0
1FAK,7,15.222495079040527,16.25103187561035,42.28257369995117,0.0,0.01576345468626307,-45.220455169677734,1
1FAK,8,15.754436492919922,14.941376686096191,28.702795028686523,0.0,0.0302017274185941,-45.03873825073242,7
1FAK,9,28.13511848449707,30.836801528930664,74.51814270019531,0.0,0.0050681842543106315,-32.4888801574707,2
1FAK,10,21.317317962646484,20.47946548461914,46.894630432128906,0.0,0.01238175298304956,-50.829505920410156,0
1FAK,11,20.845596313476562,23.734643936157227,39.673919677734375,0.0,0.01595509549544394,-37.88356018066406,3
1FAK,12,10.883163452148438,11.928215026855469,21.361919403076172,0.0,0.05075133724639871,-52.09510803222656,1
1FAK,13,15.134432792663574,14.707815170288086,28.113332748413086,0.0,0.031350559190407745,-41.55555725097656,4
1FAK,14,12.135149955749512,13.492148399353027,29.07213020324707,0.0,0.030320332417132435,-43.33396530151367,8
1WEJ,0,17.419151306152344,17.02604103088379,44.88139724731445,0.0,0.014109255393737474,-31.107927322387695,35
1WEJ,1,8.636841773986816,11.542793273925781,19.932518005371094,0.0,0.05682529050887352,-28.903926849365234,1
1WEJ,2,8.342459678649902,9.870538711547852,19.147768020629883,0.0,0.06239791452064833,-46.77858352661133,0
1WEJ,3,8.247638702392578,9.619607925415039,19.09481430053711,0.0,0.06304050928898715,-29.548845291137695,1
1WEJ,4,19.8480281829834,19.70760726928711,52.812110900878906,0.0,0.010336644244614774,-35.4660758972168,4
1WEJ,5,8.670243263244629,9.803820610046387,20.02332878112793,0.0,0.058521042989173905,-43.00358200073242,0
1WEJ,6,18.606342315673828,19.064695358276367,51.075416564941406,0.0,0.011033930847288188,-36.53880310058594,0
1WEJ,7,20.549354553222656,21.321683883666992,57.02138137817383,0.0,0.00888759273358306,-47.25079345703125,0
1WEJ,8,23.8311767578125,26.269344329833984,67.07022094726562,0.0,0.006352410655256547,-37.8225212097168,0
1WEJ,9,16.035531997680664,17.70400619506836,45.26109313964844,0.0,0.013731498872229157,-39.543094635009766,0
1WEJ,10,8.613020896911621,10.953133583068848,20.088743209838867,0.0,0.05675211485414822,-27.845407485961914,2
1WEJ,11,8.704672813415527,9.979043006896973,20.175668716430664,0.0,0.057611212802262945,-45.38377380371094,0
1WEJ,12,8.430685997009277,9.61474609375,19.44666290283203,0.0,0.06138859757581259,-42.09973907470703,0
1WEJ,13,9.500550270080566,12.809001922607422,25.551836013793945,0.0,0.03772105296330902,-36.58021545410156,0
1WEJ,14,8.766092300415039,10.861482620239258,20.597959518432617,0.0,0.05474214537232291,-25.94695281982422,8
1ML0,0,8.70064640045166,13.116266250610352,35.0891227722168,0.0,0.02277920806996134,-31.209739685058594,3
1ML0,1,13.111363410949707,21.978559494018555,50.72239303588867,0.0,0.010650604867729471,-30.10952377319336,2
1ML0,2,21.5291805267334,30.60110092163086,80.32241821289062,0.0,0.00449052808248702,-37.65565872192383,0
1ML0,3,13.947160720825195,22.95694923400879,54.038360595703125,0.0,0.009465223540451881,-27.167749404907227,2
1ML0,4,20.474864959716797,29.94390869140625,75.82384490966797,0.0,0.00497132422191801,-32.16804885864258,3
1ML0,5,10.668444633483887,20.959854125976562,42.56837844848633,0.0,0.014479438504138685,-25.42268943786621,1
1ML0,6,8.481221199035645,13.461718559265137,34.065486907958984,0.0,0.023624851627481652,-29.337730407714844,1
1ML0,7,7.448823928833008,12.340222358703613,29.45376968383789,0.0,0.030480106088442763,-32.148582458496094,0
1ML0,8,6.375037670135498,13.032299041748047,24.785587310791016,0.0,0.03943564487079322,-29.274179458618164,3
1ML0,9,19.66851043701172,31.498891830444336,74.46721649169922,0.0,0.005041309721528172,-28.126739501953125,2
1ML0,10,9.47696590423584,16.773517608642578,37.69264221191406,0.0,0.018775553339240556,-27.205066680908203,3
1ML0,11,19.948650360107422,29.135557174682617,75.09526062011719,0.0,0.005097784156171319,-26.94643783569336,4
1ML0,12,20.359207153320312,32.86383819580078,77.26673889160156,0.0,0.004678704104098301,-20.851646423339844,5
1ML0,13,20.557849884033203,30.63315773010254,77.26820373535156,0.0,0.004782903677465116,-28.840167999267578,3
1ML0,14,19.45619010925293,30.661026000976562,74.88765716552734,0.0,0.005035600433432168,-34.26499557495117,0
5VNW,0,19.701431274414062,13.120400428771973,54.7537956237793,0.0,0.012144735372300429,-11.503036499023438,15
5VNW,1,58.42888259887695,97.57604217529297,192.03350830078125,0.0,0.0007305511720817282,0.0,0
5VNW,2,20.825626373291016,21.384485244750977,59.118141174316406,0.0,0.008383362965978178,-12.596558570861816,12
5VNW,3,25.108848571777344,19.28478240966797,55.40431213378906,0.0,0.009669771406986714,-15.600113868713379,9
5VNW,4,24.108989715576172,20.26146697998047,55.52077865600586,0.0,0.00945081498220485,-14.317729949951172,5
5VNW,5,21.567487716674805,14.504361152648926,59.56666946411133,0.0,0.010179361548624045,-12.326821327209473,23
5VNW,6,24.909727096557617,20.469572067260742,66.69285583496094,0.0,0.007108351784460531,-17.250059127807617,5
5VNW,7,21.242733001708984,18.04391098022461,55.834232330322266,0.0,0.009838069211402733,-12.43448257446289,6
5VNW,8,11.779695510864258,10.807452201843262,51.730628967285156,0.0,0.015062787320337175,-9.522422790527344,6
5VNW,9,9.677253723144531,11.211380958557129,39.58563995361328,0.0,0.020553363848838324,-10.637588500976562,13
5VNW,10,28.532804489135742,27.382312774658203,62.82269287109375,0.0,0.006989743919118833,-10.219544410705566,12
5VNW,11,21.929075241088867,18.759443283081055,65.84136962890625,0.0,0.007582021088632144,-11.959272384643555,13
5VNW,12,23.50408935546875,24.382028579711914,47.908870697021484,0.0,0.01142927482405199,-12.260191917419434,4
5VNW,13,17.058374404907227,11.818625450134277,55.023433685302734,0.0,0.013053546152185319,-7.675181865692139,19
5VNW,14,25.445335388183594,23.41539764404297,61.25590133666992,0.0,0.007659382566461325,-9.724331855773926,5
3P57,0,24.38770866394043,21.566898345947266,53.915489196777344,0.0,0.009688701828995743,-26.360685348510742,13
3P57,1,21.908050537109375,19.56451988220215,48.61062240600586,0.0,0.01183744916894837,-27.013416290283203,14
3P57,2,24.139787673950195,21.144878387451172,62.004676818847656,0.0,0.007817735548166322,-23.755964279174805,13
3P57,3,23.581226348876953,22.892850875854492,50.815181732177734,0.0,0.010497828412498097,-25.049591064453125,16
3P57,4,21.788734436035156,17.60664939880371,56.660579681396484,0.0,0.00973847159521028,-26.980783462524414,12
3P57,5,24.64760971069336,20.90329360961914,60.65715408325195,0.0,0.008127244607083315,-26.782367706298828,8
3P57,6,25.20201873779297,20.42960548400879,59.97182083129883,0.0,0.008351575162354501,-21.073486328125,17
3P57,7,24.643091201782227,22.469289779663086,61.633033752441406,0.0,0.007700610298048309,-24.417022705078125,10
3P57,8,26.039113998413086,18.918394088745117,54.22417449951172,0.0,0.010076871097076475,-23.49525260925293,18
3P57,9,22.578392028808594,20.778156280517578,55.821983337402344,0.0,0.009281739067389176,-23.60150146484375,19
3P57,10,21.40114402770996,17.733795166015625,51.40047836303711,0.0,0.011240785230398766,-29.931182861328125,4
3P57,11,21.787797927856445,19.206714630126953,48.36457443237305,0.0,0.012008114766207771,-27.923112869262695,19
3P57,12,21.831586837768555,23.817279815673828,50.79209518432617,0.0,0.010397813955419595,-22.553647994995117,9
3P57,13,23.31003189086914,19.40036392211914,60.26661682128906,0.0,0.008482283127100618,-27.144638061523438,7
3P57,14,23.94991111755371,22.62820053100586,61.16083908081055,0.0,0.007774614176189823,-22.728843688964844,20
1IBR,0,12.859625816345215,16.806955337524414,57.891136169433594,0.0,0.009668568682743526,-38.32090759277344,0
1IBR,1,14.978995323181152,15.563177108764648,60.09669494628906,0.0,0.009605477329494799,-33.60143280029297,0
1IBR,2,13.524408340454102,17.095653533935547,55.554100036621094,0.0,0.010171499044931065,-31.372068405151367,3
1IBR,3,14.1578950881958,19.93760108947754,61.304412841796875,0.0,0.00816342228471207,-36.3094596862793,0
1IBR,4,14.981141090393066,19.33975601196289,63.34415054321289,0.0,0.007889157381378036,-28.996427536010742,0
1IBR,5,12.88354206085205,16.09766387939453,51.5826301574707,0.0,0.011681326140306737,-32.42946243286133,0
1IBR,6,13.604057312011719,16.525739669799805,54.68203353881836,0.0,0.010588072459399843,-41.02471923828125,0
1IBR,7,13.544610023498535,18.050806045532227,47.126895904541016,0.0,0.012788106754225393,-38.011348724365234,0
1IBR,8,12.15876293182373,16.428604125976562,57.56826400756836,0.0,0.009867717884067274,-25.584613800048828,2
1IBR,9,7.113359451293945,9.52718734741211,23.54323959350586,0.0,0.04650199701233443,-34.99217224121094,0
1IBR,10,13.006195068359375,13.570734977722168,48.02635955810547,0.0,0.014147516866470167,-34.6932258605957,3
1IBR,11,14.363263130187988,18.216449737548828,48.29439163208008,0.0,0.012260443543654928,-25.30018424987793,13
1IBR,12,13.416136741638184,17.703765869140625,59.9368896484375,0.0,0.008947615028594324,-38.21834945678711,0
1IBR,13,10.819794654846191,14.271832466125488,39.64131546020508,0.0,0.01829396909850996,-30.72713279724121,3
1IBR,14,12.166369438171387,13.561675071716309,37.703819274902344,0.0,0.020150488903217047,-33.28898239135742,0
2SIC,0,1.8053227663040161,1.6895085573196411,3.792809009552002,0.314286,0.5296778344357577,-41.68947219848633,1
2SIC,1,11.435444831848145,7.90268087387085,31.30007553100586,0.057143,0.053533311121432454,-42.22904586791992,3
2SIC,2,2.521793842315674,1.634820580482483,9.083556175231934,0.371429,0.43178329167359825,-44.82923126220703,0
2SIC,3,9.769657135009766,7.470547199249268,18.606706619262695,0.228571,0.14666056980758924,-41.32110595703125,2
2SIC,4,7.275418281555176,5.570710182189941,14.379488945007324,0.171429,0.16599124957113878,-37.61824417114258,3
2SIC,5,9.649563789367676,7.311196327209473,18.322538375854492,0.257143,0.15821123831752024,-40.49703598022461,4
2SIC,6,2.558507204055786,1.6475297212600708,7.238753318786621,0.371429,0.46809506586913,-42.30378723144531,3
2SIC,7,5.019497394561768,3.4048967361450195,17.287424087524414,0.342857,0.23335968744197436,-42.4501838684082,0
2SIC,8,0.7313175201416016,0.6410180330276489,2.319263458251953,0.657143,0.8111431144455311,-50.344722747802734,0
2SIC,9,9.81689739227295,7.715379238128662,20.013269424438477,0.228571,0.13927048724307334,-37.82109832763672,5
2SIC,10,8.15261173248291,6.361752510070801,17.343900680541992,0.228571,0.15830177315153163,-35.70121383666992,7
2SIC,11,4.226682186126709,2.920652389526367,10.975362777709961,0.285714,0.28978273385976444,-43.29729461669922,3
2SIC,12,9.089735984802246,6.819842338562012,20.387828826904297,0.228571,0.14093155046252262,-41.30067825317383,1
2SIC,13,6.192713737487793,3.8700339794158936,20.768909454345703,0.171429,0.1485014710372046,-37.40946960449219,3
2SIC,14,7.090012073516846,5.1428070068359375,16.516002655029297,0.257143,0.18164916499194583,-39.38808822631836,2
1BVN,0,7.811424255371094,12.477864265441895,24.701963424682617,0.076923,0.06567961836186881,-41.79023742675781,1
1BVN,1,13.434585571289062,20.206077575683594,43.322288513183594,0.0,0.014183197931390631,-29.957763671875,8
1BVN,2,13.009591102600098,20.218475341796875,42.4658203125,0.0,0.014665018027583139,-45.471221923828125,0
1BVN,3,8.288939476013184,13.793349266052246,25.885910034179688,0.0,0.036338851654513726,-42.69137191772461,1
1BVN,4,4.0868072509765625,5.345531940460205,12.590359687805176,0.076923,0.1543341766989099,-44.69035720825195,0
1BVN,5,8.428130149841309,13.583771705627441,26.138446807861328,0.0,0.03589433608222977,-52.82619857788086,0
1BVN,6,4.034523010253906,6.287379264831543,11.774147987365723,0.0,0.1321543508040158,-39.08183288574219,2
1BVN,7,7.70176887512207,13.263113975524902,23.3406982421875,0.0,0.04324023363645919,-49.187232971191406,0
1BVN,8,8.470216751098633,14.126476287841797,26.253021240234375,0.0,0.03534379170935751,-55.39497756958008,0
1BVN,9,4.733410358428955,7.754693031311035,15.180415153503418,0.153846,0.14286710521268084,-39.833316802978516,6
1BVN,10,11.941956520080566,14.363655090332031,38.151588439941406,0.0,0.01935948043240394,-33.333457946777344,34
1BVN,11,7.3119893074035645,12.78270149230957,21.80451202392578,0.0,0.048500512891663815,-59.404903411865234,0
1BVN,12,10.477153778076172,15.392720222473145,34.80621337890625,0.0,0.02189618202213842,-44.42329025268555,2
1BVN,13,7.925361633300781,13.436684608459473,24.299694061279297,0.0,0.04044282044792966,-53.69773864746094,0
1BVN,14,8.480663299560547,14.171152114868164,26.34347152709961,0.0,0.03512428680118208,-52.747379302978516,0
1E6J,0,11.934005737304688,9.677250862121582,28.563186645507812,0.0,0.03493835814448314,-13.179275512695312,14
1E6J,1,28.820232391357422,25.839826583862305,53.62210464477539,0.0,0.009290036275672748,-13.788236618041992,9
1E6J,2,29.419084548950195,27.936412811279297,53.41523742675781,0.0,0.009190616556081195,-12.366742134094238,21
1E6J,3,37.83888626098633,23.73721694946289,137.77381896972656,0.0,0.002589738094647933,-16.384414672851562,19
1E6J,4,29.686058044433594,19.882122039794922,56.534019470214844,0.0,0.009255223289944414,-13.0587158203125,39
1E6J,5,28.494579315185547,28.070457458496094,52.11155700683594,0.0,0.009587757725312424,-15.214828491210938,4
1E6J,6,27.952796936035156,15.764392852783203,62.70233154296875,0.0,0.009005905423199583,-19.904970169067383,27
1E6J,7,14.989367485046387,8.697348594665527,40.48979949951172,0.0,0.023698533158650767,-15.442342758178711,1
1E6J,8,19.021928787231445,12.814251899719238,40.22417068481445,0.0,0.018754241872716727,-13.176836967468262,58
1E6J,9,26.87985610961914,20.33631134033203,55.88623809814453,0.0,0.009340273413686567,-21.482688903808594,57
1E6J,10,29.745927810668945,24.861717224121094,54.7095947265625,0.0,0.00906551741570402,-11.936779975891113,26
1E6J,11,37.1948356628418,19.115657806396484,102.4734878540039,0.0,0.004317737621956042,-34.26580047607422,0
1E6J,12,27.9466495513916,20.601428985595703,53.037601470947266,0.0,0.010104893052248619,-14.835975646972656,18
1E6J,13,29.443599700927734,27.515893936157227,53.6342887878418,0.0,0.00915457835100637,-12.103324890136719,30
1E6J,14,23.117525100708008,15.886920928955078,48.5012321472168,0.0,0.012878115285415067,-20.672828674316406,38
2IDO,0,12.184441566467285,13.063843727111816,26.841018676757812,0.0,0.03471918527681537,-23.65388298034668,19
2IDO,1,18.174488067626953,16.2991886138916,39.209510803222656,0.0,0.017761387767537013,-32.18457794189453,5
2IDO,2,16.87908935546875,13.402738571166992,37.401954650878906,0.0,0.020493864913246677,-33.35722351074219,2
2IDO,3,12.899192810058594,12.929516792297363,35.94613265991211,0.0,0.02207836224030379,-35.293190002441406,3
2IDO,4,16.91934585571289,13.883014678955078,37.52653121948242,0.0,0.02011351943100571,-32.4046516418457,5
2IDO,5,16.223779678344727,12.131407737731934,35.200748443603516,0.0,0.023384773193453504,-28.841358184814453,10
2IDO,6,14.978275299072266,12.736799240112305,32.81016159057617,0.0,0.025524628763681098,-32.747859954833984,9
2IDO,7,16.187740325927734,14.064094543457031,36.45964050292969,0.0,0.020932376553760308,-31.33392906188965,6
2IDO,8,12.505217552185059,11.546178817749023,30.3715877532959,0.0,0.029744492793776087,-29.131832122802734,16
2IDO,9,20.972888946533203,17.212852478027344,47.3033561706543,0.0,0.012938619631053638,-37.682403564453125,1
2IDO,10,9.384398460388184,8.747078895568848,21.128515243530273,0.0,0.055955819028164516,-27.205490112304688,17
2IDO,11,13.2540283203125,13.518539428710938,36.50749206542969,0.0,0.021194623560443205,-32.30112838745117,7
2IDO,12,17.25048828125,13.703216552734375,38.362876892089844,0.0,0.019545198454141578,-42.148685455322266,1
2IDO,13,13.046157836914062,12.306163787841797,33.23373794555664,0.0,0.025346197458428837,-31.873743057250977,8
2IDO,14,12.333826065063477,12.233209609985352,33.984073638916016,0.0,0.024562556068802827,-33.137245178222656,3
4GAM,0,16.539283752441406,32.874664306640625,70.5895767211914,0.0,0.005456654325419309,-10.524751663208008,21
4GAM,1,18.96501922607422,38.218589782714844,81.98888397216797,0.0,0.004057248178108984,-19.432374954223633,4
4GAM,2,18.373714447021484,36.910133361816406,79.6214599609375,0.0,0.004305688189938663,-16.07149887084961,6
4GAM,3,18.263029098510742,39.6987419128418,78.69622039794922,0.0,0.00431910859841014,-17.400341033935547,10
4GAM,4,2.1128172874450684,4.3524169921875,9.012638092041016,0.069767,0.21556135111043773,-21.743148803710938,2
4GAM,5,13.498344421386719,27.99506950378418,57.610595703125,0.0,0.008055880012107355,-29.19703483581543,0
4GAM,6,7.052445411682129,18.94138526916504,29.224828720092773,0.023256,0.03582776857321707,-12.754827499389648,26
4GAM,7,0.8251821398735046,1.9512606859207153,3.479224443435669,0.232558,0.48683422195500975,-27.384994506835938,1
4GAM,8,15.623940467834473,29.336421966552734,66.97364807128906,0.0,0.006153261975187899,-12.09960651397705,40
4GAM,9,14.114006042480469,29.559202194213867,60.136600494384766,0.0,0.007385186167490333,-12.838693618774414,20
4GAM,10,16.74463653564453,35.63546371459961,72.32087707519531,0.0,0.005131391479811351,-15.768839836120605,14
4GAM,11,11.009428977966309,25.627683639526367,47.04755783081055,0.0,0.011674458923119276,-15.29023551940918,19
4GAM,12,2.8990371227264404,7.020195484161377,12.069944381713867,0.0,0.12506142716908628,-17.920560836791992,6
4GAM,13,7.378354072570801,20.304006576538086,30.5689754486084,0.0,0.025732154779356448,-13.28432559967041,18
4GAM,14,14.950848579406738,29.05002212524414,64.84231567382812,0.0,0.006517552680946582,-15.561708450317383,5
2A5T,0,17.43121337890625,12.488611221313477,30.393186569213867,0.0,0.028920528386810158,-23.243515014648438,32
2A5T,1,17.795639038085938,11.667611122131348,30.323810577392578,0.0,0.029702588710648046,-26.7880859375,16
2A5T,2,17.95489501953125,12.592382431030273,30.94662857055664,0.0,0.028046806718653505,-25.627094268798828,18
2A5T,3,15.572880744934082,11.680191040039062,28.159446716308594,0.0,0.03324368124043984,-25.426063537597656,31
2A5T,4,19.504833221435547,11.617106437683105,31.04885482788086,0.0,0.028706335493423118,-26.023963928222656,42
2A5T,5,17.676557540893555,12.087846755981445,30.52324867248535,0.0,0.029044391321784536,-26.68111228942871,15
2A5T,6,15.438525199890137,12.596726417541504,29.89923095703125,0.0,0.029585948074290176,-25.283241271972656,26
2A5T,7,19.902223587036133,12.442473411560059,32.098365783691406,0.0,0.026618290604046527,-26.77833366394043,21
2A5T,8,17.245670318603516,12.340889930725098,30.510757446289062,0.0,0.02886043272850714,-27.32843017578125,15
2A5T,9,16.482534408569336,12.407524108886719,29.5231990814209,0.0,0.030317178128050345,-27.019866943359375,19
2A5T,10,19.74642562866211,13.482823371887207,33.449501037597656,0.0,0.02429435844075893,-25.294816970825195,21
2A5T,11,15.697294235229492,10.099414825439453,25.913755416870117,0.0,0.03957433346612404,-24.089448928833008,52
2A5T,12,11.607868194580078,8.968484878540039,21.79945182800293,0.0,0.053061256572090265,-22.54384422302246,30
2A5T,13,18.06124496459961,12.890063285827637,31.396682739257812,0.0,0.027216621712468535,-25.46000862121582,30
2A5T,14,14.088372230529785,10.560954093933105,25.80145263671875,0.0,0.039226243378180016,-24.521678924560547,29
4H03,0,27.498470306396484,24.016801834106445,57.446205139160156,0.0,0.00843669056543082,-26.339336395263672,28
4H03,1,18.86394500732422,16.939802169799805,28.9720516204834,0.0,0.029011187185373873,-36.552310943603516,2
4H03,2,18.55020523071289,15.827839851379395,29.43807029724121,0.0,0.02861906877541613,-31.376142501831055,7
4H03,3,33.71603775024414,39.75286102294922,94.87555694580078,0.0,0.0031281357520974193,-32.338356018066406,1
4H03,4,18.528959274291992,14.827115058898926,31.425434112548828,0.0,0.02610120234288447,-33.57514190673828,9
4H03,5,22.58844566345215,17.193559646606445,37.320167541503906,0.0,0.01895652116464709,-33.9477653503418,9
4H03,6,17.412694931030273,15.074698448181152,27.451005935668945,0.0,0.032431389643361556,-34.6383171081543,13
4H03,7,18.99964714050293,17.39935302734375,28.98952293395996,0.0,0.028847692136987235,-29.843891143798828,11
4H03,8,19.735448837280273,16.755950927734375,31.28914451599121,0.0,0.0255590701377528,-33.04884719848633,18
4H03,9,13.46298885345459,13.136743545532227,21.98780059814453,0.0,0.04762771690357451,-34.15581130981445,10
4H03,10,30.57316780090332,30.74703598022461,93.61968994140625,0.0,0.0035167637655428587,-24.248416900634766,5
4H03,11,29.652029037475586,31.982763290405273,74.9176254272461,0.0,0.00496797070251789,-38.73286056518555,2
4H03,12,16.564645767211914,14.962506294250488,25.501319885253906,0.0,0.03664695412619457,-38.090267181396484,5
4H03,13,32.274173736572266,35.163238525390625,98.76692199707031,0.0,0.003056164200479688,-29.76519775390625,13
4H03,14,33.74126434326172,34.602169036865234,96.3836898803711,0.0,0.0031976671796496207,-26.882436752319336,5
3BP8,0,11.434045791625977,11.554056167602539,42.454227447509766,0.0,0.018372122828674137,-26.57001495361328,4
3BP8,1,11.606542587280273,16.34222984313965,45.433570861816406,0.0,0.014057351634155417,-32.54302215576172,0
3BP8,2,15.247055053710938,21.468463897705078,57.20265579223633,0.0,0.008820469127852093,-33.23696517944336,1
3BP8,3,22.634153366088867,27.86558723449707,79.88441467285156,0.0,0.004694762204063232,-22.215330123901367,11
3BP8,4,11.703577995300293,18.288061141967773,45.24654006958008,0.0,0.01359022725238713,-20.296892166137695,5
3BP8,5,13.691861152648926,15.917282104492188,50.3729248046875,0.0,0.012162615747417121,-16.13252830505371,8
3BP8,6,14.02458667755127,19.17716407775879,53.54909133911133,0.0,0.010219244559679258,-25.025056838989258,2
3BP8,7,13.237166404724121,19.936487197875977,50.651241302490234,0.0,0.011006433051972813,-25.578262329101562,2
3BP8,8,14.16225814819336,19.54496955871582,52.255332946777344,0.0,0.010544208452901055,-17.3319034576416,7
3BP8,9,13.440234184265137,17.575931549072266,48.941497802734375,0.0,0.012170445629608386,-21.954917907714844,12
3BP8,10,11.00306224822998,16.677518844604492,42.682010650634766,0.0,0.01539041525820222,-31.152109146118164,0
3BP8,11,11.03499984741211,10.75054931640625,40.614505767822266,0.0,0.020352806575271457,-21.976594924926758,13
3BP8,12,19.26949691772461,24.601734161376953,70.4110107421875,0.0,0.006022554099404646,-26.86229705810547,3
3BP8,13,11.230085372924805,13.495003700256348,41.71903991699219,0.0,0.01735369743028356,-25.02505874633789,4
3BP8,14,17.317476272583008,22.536483764648438,64.0400390625,0.0,0.007240882661458646,-30.461498260498047,1
1XQS,0,21.978906631469727,15.330537796020508,43.407413482666016,0.0,0.015470572388977788,-28.909141540527344,10
1XQS,1,22.333148956298828,14.874411582946777,44.17061996459961,0.0,0.015258766931270451,-31.100425720214844,7
1XQS,2,20.76854133605957,11.667206764221191,40.39389419555664,0.0,0.019554207208389462,-41.5047721862793,0
1XQS,3,21.88663101196289,13.924186706542969,42.99491882324219,0.0,0.016362029665028224,-44.46854019165039,0
1XQS,4,15.523173332214355,15.441083908081055,32.056461334228516,0.0,0.02501280135490737,-35.319427490234375,0
1XQS,5,14.856062889099121,15.19359016418457,32.17623519897461,0.0,0.024962062937860758,-38.98018264770508,0
1XQS,6,21.659461975097656,12.078413963317871,41.80601501464844,0.0,0.018295496355622828,-43.21895217895508,0
1XQS,7,22.543636322021484,12.277451515197754,43.640594482421875,0.0,0.017085703613053258,-35.6097297668457,0
1XQS,8,21.581933975219727,12.467787742614746,41.95158767700195,0.0,0.017900586158318393,-36.095489501953125,2
1XQS,9,10.9345703125,10.179067611694336,21.536474227905273,0.0,0.052010348467701036,-24.34019660949707,10
1XQS,10,13.186232566833496,14.091426849365234,30.87078094482422,0.0,0.027224807619529053,-37.485504150390625,0
1XQS,11,22.57337188720703,14.574597358703613,43.08440017700195,0.0,0.015981768887826,-29.14156150817871,6
1XQS,12,15.440352439880371,12.253995895385742,29.407852172851562,0.0,0.030621551937628538,-30.43541145324707,2
1XQS,13,18.70757484436035,14.908349990844727,43.56026077270508,0.0,0.015567241562567965,-35.093990325927734,6
1XQS,14,23.240726470947266,15.62854290008545,45.46881866455078,0.0,0.014298243755549667,-31.26529312133789,4
2J7P,0,10.238044738769531,7.833621025085449,18.690656661987305,0.0,0.06891448092514768,-50.050376892089844,0
2J7P,1,23.267784118652344,17.931476593017578,35.59502410888672,0.0,0.020298956161568734,-51.748043060302734,0
2J7P,2,20.014358520507812,15.31316089630127,32.97306823730469,0.0,0.023938920278170656,-46.51945114135742,0
2J7P,3,26.450841903686523,22.826669692993164,68.21556091308594,0.0,0.0065295344044977695,-33.20598602294922,0
2J7P,4,11.597029685974121,11.382463455200195,34.93130111694336,0.0,0.024323909212150437,-28.663381576538086,5
2J7P,5,13.588114738464355,11.263533592224121,25.808008193969727,0.0,0.0384285142628099,-33.209075927734375,2
2J7P,6,12.175848960876465,9.998847961425781,22.502283096313477,0.0,0.048959877932585265,-33.85102081298828,1
2J7P,7,20.15355110168457,15.456408500671387,33.27399826049805,0.0,0.0235299226082023,-44.584716796875,3
2J7P,8,7.184388637542725,6.700281620025635,18.9453182220459,0.0,0.0717638954501127,-36.988338470458984,0
2J7P,9,2.63794207572937,2.3427200317382812,4.856146335601807,0.066667,0.3704498122931507,-48.57986831665039,0
2J7P,10,16.102651596069336,12.736517906188965,37.1713752746582,0.0,0.021124078642445154,-26.62544059753418,8
2J7P,11,19.5779972076416,14.95300579071045,32.32444763183594,0.0,0.024879313899642014,-43.63676071166992,1
2J7P,12,13.380000114440918,14.193965911865234,40.17166519165039,0.0,0.01796574235727908,-24.51226043701172,6
2J7P,13,16.60696029663086,12.890957832336426,28.671175003051758,0.0,0.03138320122975858,-38.342124938964844,0
2J7P,14,18.57649040222168,13.817805290222168,34.651371002197266,0.0,0.022801402345339422,-27.300832748413086,6
3HI6,0,14.665924072265625,12.736542701721191,32.74137878417969,0.0,0.02560741967606739,-33.70923614501953,1
3HI6,1,34.792320251464844,30.75289535522461,100.63949584960938,0.0,0.0031521290305822403,-34.31195831298828,1
3HI6,2,34.10304641723633,28.69719886779785,100.80644226074219,0.0,0.0032614565464157363,-38.95455551147461,1
3HI6,3,9.6288423538208,9.059886932373047,20.0795955657959,0.666667,0.281770617072078,-42.075401306152344,0
3HI6,4,6.203129291534424,5.507259845733643,13.73575496673584,0.0,0.11532157897788714,-38.34642028808594,0
3HI6,5,8.85045337677002,8.154438018798828,19.860082626342773,0.0,0.06251636220936817,-34.84579086303711,0
3HI6,6,23.439207077026367,21.406665802001953,65.8121109008789,0.0,0.0070978353194486934,-37.20123291015625,2
3HI6,7,29.635404586791992,25.73845100402832,87.07469177246094,0.0,0.004274697600198537,-32.842227935791016,0
3HI6,8,17.958560943603516,9.884430885314941,51.8708610534668,0.0,0.016220491463697705,-34.31647872924805,0
3HI6,9,15.086219787597656,15.634061813354492,48.31142044067383,0.0,0.01304913720944832,-13.891586303710938,0
3HI6,10,18.194135665893555,13.634654998779297,50.698486328125,0.0,0.013099646207618526,-39.938232421875,0
3HI6,11,18.439462661743164,10.336625099182129,52.084529876708984,0.0,0.015522057256865169,-39.945308685302734,0
3HI6,12,9.14226245880127,8.731940269470215,19.173553466796875,0.5,0.23097158219621416,-42.03403854370117,0
3HI6,13,17.790035247802734,11.913973808288574,51.877838134765625,0.0,0.013915974842300878,-29.00176239013672,5
3HI6,14,20.9677734375,14.284236907958984,59.77707290649414,0.0,0.01024189919102431,-37.9140739440918,1
2MTA,0,3.9625697135925293,4.346531867980957,10.745171546936035,1.0,0.49710880344595504,-32.09174728393555,2
2MTA,1,21.861425399780273,19.745969772338867,64.25054931640625,0.0,0.007646121281358522,-58.95497512817383,0
2MTA,2,20.648778915405273,17.624544143676758,61.581153869628906,0.0,0.008629085688790387,-51.60298538208008,0
2MTA,3,6.985982894897461,8.763587951660156,17.231159210205078,0.0,0.07472530435422382,-37.61790084838867,0
2MTA,4,3.8147993087768555,4.337940692901611,9.680537223815918,0.0,0.18071230959637527,-42.45191192626953,0
2MTA,5,22.732194900512695,19.822214126586914,66.65140533447266,0.0,0.007232390042176666,-43.25481414794922,2
2MTA,6,7.889008045196533,10.249968528747559,19.16394805908203,0.0,0.061785233209853706,-28.453611373901367,3
2MTA,7,17.982698440551758,17.67365074157715,56.45444869995117,0.0,0.009772907559304602,-56.58871078491211,0
2MTA,8,23.84841537475586,21.96643829345703,70.88365936279297,0.0,0.006272351100028234,-48.58599853515625,0
2MTA,9,2.6164417266845703,2.666437864303589,7.3365278244018555,0.5,0.4378202120463528,-39.64645004272461,0
2MTA,10,8.295369148254395,10.893791198730469,20.226152420043945,1.0,0.38956872114745017,-30.017353057861328,5
2MTA,11,3.427677631378174,4.075995922088623,8.704924583435059,0.0,0.20245577182268326,-32.71320724487305,1
2MTA,12,3.489824056625366,3.9637246131896973,9.187536239624023,0.0,0.19548601738693563,-34.946842193603516,1
2MTA,13,21.898265838623047,19.453489303588867,63.61625289916992,0.0,0.007816610319967757,-58.366363525390625,0
2MTA,14,5.715409278869629,6.958872318267822,14.375839233398438,0.5,0.26781317370112084,-36.639156341552734,1
6EY6,0,18.442453384399414,15.612848281860352,38.61516189575195,0.0,0.018453294030959345,-23.075773239135742,11
6EY6,1,25.222230911254883,21.95620346069336,45.05327606201172,0.0,0.013005629670712997,-20.265705108642578,7
6EY6,2,20.2832088470459,18.06071662902832,36.6229362487793,0.0,0.019321737870034782,-17.39407730102539,11
6EY6,3,15.994453430175781,13.561291694641113,41.269107818603516,0.0,0.017593922303917327,-22.02561378479004,9
6EY6,4,12.139760971069336,12.266100883483887,49.79903793334961,0.0,0.014347683627276174,-22.88409996032715,1
6EY6,5,18.59480857849121,14.752954483032227,31.999399185180664,0.0,0.025380250124766746,-22.57817840576172,8
6EY6,6,23.51561737060547,22.885986328125,49.997066497802734,0.0,0.010789623438144309,-19.499576568603516,7
6EY6,7,21.818031311035156,15.980481147766113,36.36351013183594,0.0,0.02018074813943348,-20.159866333007812,25
6EY6,8,18.30348777770996,15.689764976501465,43.664756774902344,0.0,0.015189396841017591,-23.59180450439453,10
6EY6,9,16.021270751953125,17.27362060546875,45.367244720458984,0.0,0.013799188425487567,-27.14108657836914,0
6EY6,10,19.589778900146484,17.5499324798584,44.59537124633789,0.0,0.014102686591734711,-19.558242797851562,15
6EY6,11,23.499250411987305,17.843238830566406,39.619388580322266,0.0,0.017006691735532313,-20.02627182006836,16
6EY6,12,26.388132095336914,21.05531120300293,45.219871520996094,0.0,0.013058908965540522,-20.840808868408203,18
6EY6,13,26.228513717651367,19.40958023071289,46.86050796508789,0.0,0.012597004513896823,-27.958051681518555,0
6EY6,14,19.487876892089844,17.85630989074707,47.55653381347656,0.0,0.012654774849420613,-17.75462532043457,14
1GL1,0,10.257586479187012,13.772049903869629,32.95328903198242,0.0,0.024702203717773246,-57.63594436645508,0
1GL1,1,6.519645690917969,7.864809989929199,22.5316104888916,0.0,0.05322798034110241,-57.16352081298828,1
1GL1,2,5.9922637939453125,9.061659812927246,17.595455169677734,0.0,0.07196021569920161,-54.157318115234375,1
1GL1,3,6.2612762451171875,9.076441764831543,18.8073787689209,0.0,0.06539987783806801,-51.86988830566406,1
1GL1,4,4.783267974853516,6.3063740730285645,15.569629669189453,0.0,0.0943853124389102,-54.53616714477539,0
1GL1,5,6.288234233856201,10.68921184539795,18.31011199951172,0.259259,0.1519556488111243,-43.7305793762207,4
1GL1,6,7.888034343719482,11.727989196777344,24.579801559448242,0.0,0.04096925916405462,-49.32351303100586,1
1GL1,7,6.595702171325684,9.088516235351562,21.039762496948242,0.037037,0.06795555067759099,-47.521915435791016,0
1GL1,8,5.3107733726501465,8.295084953308105,15.373647689819336,0.037037,0.10094121569258192,-46.575321197509766,0
1GL1,9,5.691094398498535,8.9581880569458,16.39458656311035,0.037037,0.09205555818368526,-56.694419860839844,0
1GL1,10,5.104996681213379,6.3941969871521,18.021696090698242,0.0,0.07804545875419243,-46.26948165893555,4
1GL1,11,6.408205986022949,9.562443733215332,19.0573787689209,0.0,0.06331393803046155,-53.44668197631836,1
1GL1,12,5.132198810577393,7.903872013092041,14.996567726135254,0.0,0.09263670474615227,-44.428932189941406,1
1GL1,13,9.544413566589355,11.306903839111328,32.12311935424805,0.0,0.027576723027951996,-57.953834533691406,0
1GL1,14,6.657630920410156,8.3656005859375,22.88334083557129,0.0,0.050798269048772195,-53.455657958984375,1
1E96,0,20.108427047729492,10.861865997314453,33.145782470703125,0.0,0.026806385523093737,-42.73628616333008,8
1E96,1,16.500703811645508,9.974539756774902,39.75459289550781,0.0,0.021943938614794146,-47.66340637207031,4
1E96,2,18.596080780029297,12.815568923950195,33.818572998046875,0.0,0.024311061667159406,-45.526832580566406,3
1E96,3,8.777379035949707,6.144744396209717,19.575349807739258,0.090909,0.10192807059853433,-41.304039001464844,12
1E96,4,17.878662109375,13.625682830810547,34.318294525146484,0.0,0.023258027224139905,-44.606590270996094,5
1E96,5,15.186419486999512,9.723517417907715,39.41226577758789,0.0,0.022563445802799037,-48.80747985839844,3
1E96,6,17.26556396484375,9.574894905090332,40.457637786865234,0.0,0.022076268086491473,-45.42718505859375,11
1E96,7,19.857553482055664,13.271597862243652,41.81647491455078,0.0,0.017430677981050087,-46.745887756347656,2
1E96,8,15.304159164428711,8.528097152709961,39.48313903808594,0.0,0.024767344355082557,-47.84975814819336,6
1E96,9,15.827889442443848,14.849446296691895,35.657867431640625,0.0,0.02128961240352976,-44.883827209472656,3
1E96,10,7.545010089874268,9.188763618469238,26.98336410522461,0.0,0.03874310690406923,-44.6946907043457,3
1E96,11,18.949878692626953,13.209033012390137,37.629695892333984,0.0,0.020426178552845373,-47.11417770385742,1
1E96,12,17.92473030090332,13.585074424743652,33.40632629394531,0.0,0.024283095157695087,-45.36919021606445,4
1E96,13,17.470247268676758,13.295366287231445,33.70184326171875,0.0,0.024125025834858937,-45.495704650878906,2
1E96,14,19.34219741821289,10.959425926208496,38.38865280151367,0.0,0.021707956665000586,-47.0984001159668,1
4POU,0,6.370761394500732,5.664663314819336,12.39434814453125,0.076923,0.15410724827491795,-41.54274368286133,0
4POU,1,9.303342819213867,6.98464298248291,18.774972915649414,0.0,0.07139580053615652,-44.797428131103516,2
4POU,2,8.321002006530762,6.820789813995361,16.734399795532227,0.0,0.08373951861601701,-43.60582733154297,1
4POU,3,16.877365112304688,13.095231056213379,24.121248245239258,0.0,0.041136822359178815,-54.48612976074219,0
4POU,4,9.587106704711914,6.690084457397461,17.00714111328125,0.0,0.08257687281726515,-56.43014907836914,0
4POU,5,9.05458927154541,7.7762837409973145,16.96467399597168,0.0,0.07884662350321739,-37.73398971557617,0
4POU,6,44.434173583984375,55.57048034667969,89.64537811279297,0.0,0.003212810833856697,0.0,0
4POU,7,17.384061813354492,13.368189811706543,25.954158782958984,0.0,0.03643358319820945,-47.513370513916016,0
4POU,8,9.359773635864258,8.153715133666992,18.55613899230957,0.0,0.06872376196631684,-37.35982131958008,0
4POU,9,10.760900497436523,8.025836944580078,21.168418884277344,0.0,0.05753321653572093,-42.13751983642578,2
4POU,10,14.448534965515137,13.957437515258789,27.93830108642578,0.0,0.03204629679378341,-47.08387756347656,0
4POU,11,16.979660034179688,13.379568099975586,24.658401489257812,0.0,0.03953937519774035,-51.609375,0
4POU,12,8.29326343536377,6.501115798950195,16.901634216308594,0.0,0.08413625215283131,-44.3521842956543,2
4POU,13,14.716825485229492,12.981738090515137,23.49601173400879,0.0,0.04296749256238433,-49.71344757080078,0
4POU,14,9.366398811340332,7.219649314880371,18.7836856842041,0.0,0.07044994763822941,-47.66569519042969,0
1RV6,0,14.179362297058105,11.546172142028809,45.16228485107422,0.0,0.01693616924265445,-41.094322204589844,0
1RV6,1,24.456703186035156,23.31179428100586,73.13896942138672,0.0,0.005816549165840852,-44.19691467285156,0
1RV6,2,24.468212127685547,27.34186363220215,65.30266571044922,0.0,0.006553622980112254,-41.50810623168945,0
1RV6,3,25.725988388061523,23.57506561279297,70.18761444091797,0.0,0.006162067534784704,-38.778141021728516,0
1RV6,4,12.310091018676758,11.515828132629395,26.221670150756836,0.0,0.03725699941490871,-47.61426544189453,0
1RV6,5,17.18011474609375,15.715555191040039,46.562042236328125,0.0,0.013759458733807808,-36.85371017456055,0
1RV6,6,10.919953346252441,9.922407150268555,22.842500686645508,0.0,0.04798985271356951,-43.4941520690918,0
1RV6,7,14.861485481262207,14.31489086151123,39.436683654785156,0.0,0.018418012138193465,-40.59619140625,0
1RV6,8,15.48202133178711,12.479527473449707,43.78960418701172,0.0,0.016850696851071347,-42.7691650390625,0
1RV6,9,19.24275779724121,17.157014846801758,49.960628509521484,0.0,0.011905642974724212,-28.4134521484375,0
1RV6,10,27.094356536865234,29.775115966796875,71.8267593383789,0.0,0.005447497405214229,-32.360530853271484,0
1RV6,11,14.491833686828613,12.14391040802002,35.95289611816406,0.0,0.022654466081650726,-35.47479248046875,1
1RV6,12,25.6627197265625,25.683399200439453,69.39630126953125,0.0,0.006060058729550001,-41.470298767089844,0
1RV6,13,10.791908264160156,11.31149959564209,21.855236053466797,0.0,0.04955610235277206,-44.21682357788086,0
1RV6,14,26.095073699951172,24.540630340576172,70.14739227294922,0.0,0.006064219747651908,-40.463462829589844,0
1AVX,0,22.016042709350586,21.678068161010742,67.28717041015625,0.0,0.006824067998935352,-35.41057205200195,4
1AVX,1,17.437652587890625,20.639930725097656,52.088043212890625,0.0,0.010397516323025,-53.00344467163086,0
1AVX,2,22.54973793029785,24.149322509765625,70.09896850585938,0.0,0.006111167640125119,-37.334938049316406,3
1AVX,3,21.34326171875,22.20749282836914,68.63363647460938,0.0,0.006549235868944475,-35.68421173095703,7
1AVX,4,16.48337745666504,15.67995548248291,26.44659996032715,0.0,0.03423210180731586,-51.91342544555664,0
1AVX,5,21.437026977539062,25.261205673217773,60.51168441772461,0.0,0.007621072086836597,-48.142784118652344,0
1AVX,6,19.481752395629883,16.881221771240234,68.42510986328125,0.0,0.007676835065500196,-54.18509292602539,0
1AVX,7,20.684715270996094,18.17800521850586,66.76363372802734,0.0,0.007571191871613106,-38.69329833984375,1
1AVX,8,21.745643615722656,24.55860137939453,61.65748977661133,0.0,0.007455726592298908,-49.213523864746094,0
1AVX,9,18.886791229248047,21.968421936035156,51.38485336303711,0.0,0.010424980227365065,-51.96855545043945,0
1AVX,10,23.389612197875977,26.872711181640625,67.65355682373047,0.0,0.0062153929407623215,-48.22024154663086,0
1AVX,11,21.65046501159668,20.59797477722168,65.10904693603516,0.0,0.007344306555660635,-34.83297348022461,2
1AVX,12,21.11653709411621,22.462779998779297,70.69552612304688,0.0,0.0062298601135140535,-46.253379821777344,0
1AVX,13,21.655786514282227,22.830928802490234,69.2958755493164,0.0,0.006373675004816256,-35.22846221923828,3
1AVX,14,18.944684982299805,22.6845703125,50.91105651855469,0.0,0.010490787073989366,-50.94056701660156,0
6CWG,0,24.47404670715332,20.594383239746094,39.82060623168945,0.0,0.016285140107133035,-43.97203826904297,0
6CWG,1,23.080093383789062,18.504531860351562,29.5701961517334,0.0,0.02761669174517349,-39.768218994140625,2
6CWG,2,24.823726654052734,16.962739944458008,37.31991958618164,0.0,0.019025183886923275,-40.77104568481445,14
6CWG,3,24.648744583129883,19.483308792114258,41.13801193237305,0.0,0.01561227471486952,-34.13904571533203,4
6CWG,4,22.320903778076172,19.47765350341797,36.809852600097656,0.0,0.018839612122180365,-49.913692474365234,0
6CWG,5,24.814659118652344,23.611099243164062,52.07338333129883,0.0,0.009990895118116974,-38.900901794433594,0
6CWG,6,24.38547706604004,21.847856521606445,37.76608657836914,0.0,0.017635206625664052,-45.311553955078125,0
6CWG,7,24.05221939086914,21.970170974731445,40.32233428955078,0.0,0.015728766422527237,-46.88496780395508,0
6CWG,8,21.622249603271484,21.836288452148438,37.25790023803711,0.0,0.01805642477404538,-40.29070281982422,1
6CWG,9,23.360340118408203,18.80748176574707,35.7408561706543,0.0,0.019950927096650296,-40.17415237426758,0
6CWG,10,24.402118682861328,19.543882369995117,33.78573226928711,0.0,0.021794524881298145,-38.66451644897461,1
6CWG,11,22.573108673095703,21.175050735473633,42.52686309814453,0.0,0.014469269526884583,-42.58869171142578,0
6CWG,12,20.76726722717285,17.310569763183594,35.94029235839844,0.0,0.02014120862605757,-37.479530334472656,10
6CWG,13,22.88932991027832,20.727785110473633,40.327980041503906,0.0,0.0159149255169013,-48.254573822021484,0
6CWG,14,23.276020050048828,24.721967697143555,49.41189956665039,0.0,0.01080314528639465,-37.859798431396484,3
1TMQ,0,8.733363151550293,10.415740013122559,20.066862106323242,0.0,0.057482103810662655,-62.53988265991211,0
1TMQ,1,8.798006057739258,10.699841499328613,19.95241355895996,0.058824,0.07723585456668074,-43.08639144897461,7
1TMQ,2,8.145757675170898,11.04692554473877,18.40842628479004,0.0,0.06461433054683827,-57.417747497558594,0
1TMQ,3,8.39751148223877,10.554219245910645,19.03023338317871,0.0,0.06204018115439818,-44.559288024902344,2
1TMQ,4,8.532941818237305,9.870321273803711,20.086837768554688,0.0,0.05814842865236505,-52.09112548828125,0
1TMQ,5,11.056863784790039,15.168903350830078,28.56824493408203,0.0,0.030336773658721172,-35.629859924316406,6
1TMQ,6,8.398574829101562,11.765769958496094,21.229503631591797,0.0,0.05138468278245644,-42.160438537597656,4
1TMQ,7,9.191343307495117,11.239995956420898,21.077892303466797,0.0,0.052458061896794826,-47.75033950805664,1
1TMQ,8,7.62941312789917,9.895957946777344,17.303607940673828,0.0,0.0722850488715932,-43.459686279296875,3
1TMQ,9,7.728826522827148,11.175284385681152,18.356876373291016,0.0,0.06475024225047163,-42.27347946166992,2
1TMQ,10,7.963435649871826,11.06321907043457,18.35357093811035,0.0,0.06488564640800105,-49.2754020690918,1
1TMQ,11,7.619626522064209,10.652688980102539,17.259780883789062,0.0,0.07154432013265878,-43.08633804321289,3
1TMQ,12,7.605018138885498,9.939302444458008,17.371919631958008,0.0,0.0718109786778446,-42.42433547973633,9
1TMQ,13,9.171699523925781,12.02164077758789,20.99114990234375,0.0,0.052067243269779316,-40.303897857666016,7
1TMQ,14,8.421003341674805,10.680648803710938,19.296276092529297,0.0,0.06061637882070892,-47.12102127075195,1
1JMO,0,14.304427146911621,12.859893798828125,26.769729614257812,0.0,0.035003184049469095,-47.27193832397461,0
1JMO,1,25.786529541015625,23.76788330078125,75.9674072265625,0.0,0.00544390450159686,-32.10940170288086,3
1JMO,2,15.661544799804688,15.423095703125,48.413211822509766,0.0,0.013091313399829226,-45.605228424072266,1
1JMO,3,25.78624725341797,19.26373291015625,67.23341369628906,0.0,0.007252848937176373,-37.181575775146484,2
1JMO,4,19.176837921142578,16.45319175720215,59.94136047363281,0.043478,0.023811127186664175,-30.43035316467285,6
1JMO,5,24.153841018676758,20.5751953125,69.7591552734375,0.0,0.006638825827390799,-32.27568054199219,5
1JMO,6,22.22037124633789,18.201555252075195,66.53618621826172,0.108696,0.04383322902414216,-31.413957595825195,6
1JMO,7,24.26024627685547,20.44354248046875,60.813297271728516,0.0,0.008172206385789483,-37.13232421875,5
1JMO,8,14.442123413085938,13.09781265258789,47.041404724121094,0.0,0.014854326952800414,-45.341548919677734,0
1JMO,9,14.917293548583984,13.84457015991211,26.301603317260742,0.021739,0.042635548743990316,-49.39728927612305,0
1JMO,10,19.424758911132812,15.994283676147461,60.836544036865234,0.086957,0.038274393313959494,-33.770240783691406,3
1JMO,11,21.63728141784668,18.660737991333008,47.152259826660156,0.0,0.012631114435518708,-39.62905502319336,13
1JMO,12,23.500736236572266,18.247312545776367,68.2275390625,0.0,0.007331952864753222,-32.341068267822266,5
1JMO,13,23.304006576538086,17.829206466674805,62.21467208862305,0.0,0.008450795327340851,-34.94132614135742,3
1JMO,14,20.225162506103516,16.590566635131836,59.253570556640625,0.0,0.009423846385526773,-33.307071685791016,7
5O1R,0,10.894580841064453,13.441337585449219,25.218082427978516,0.0,0.0381064834929463,-24.622785568237305,11
5O1R,1,8.898427963256836,9.99088191986084,20.550594329833984,0.0,0.056042880267750034,-24.17894744873047,10
5O1R,2,16.41794776916504,13.731613159179688,41.94420623779297,0.0,0.01707970545744834,-27.331727981567383,11
5O1R,3,16.65316390991211,14.796599388122559,42.6859245300293,0.0,0.016104083221446026,-31.270069122314453,3
5O1R,4,6.8994879722595215,10.396321296691895,17.909334182739258,0.0,0.06807921590282441,-38.1987419128418,0
5O1R,5,8.41749382019043,11.848838806152344,21.05129623413086,0.0,0.05198462815518575,-30.81778907775879,0
5O1R,6,5.236068248748779,7.599067211151123,13.68276309967041,0.0,0.10531899350835029,-27.845779418945312,5
5O1R,7,14.36058235168457,13.88049602508545,36.623905181884766,0.0,0.020885125270126693,-26.5836124420166,5
5O1R,8,9.01633071899414,12.797895431518555,22.965591430664062,0.0,0.0446781744780645,-34.29438781738281,0
5O1R,9,5.089914321899414,7.648340225219727,15.371821403503418,0.0,0.09040132440478814,-25.206775665283203,5
5O1R,10,6.92260217666626,9.291241645812988,16.764081954956055,0.0,0.07663700272891354,-26.826923370361328,19
5O1R,11,8.003767967224121,9.782918930053711,18.402971267700195,0.0,0.06626495622883616,-32.31308364868164,0
5O1R,12,15.117217063903809,14.046934127807617,38.67611312866211,0.0,0.019116518702853375,-27.770071029663086,7
5O1R,13,16.091411590576172,15.109432220458984,43.48575210571289,0.0,0.01552016950207726,-27.8426456451416,20
5O1R,14,16.118894577026367,15.368115425109863,42.422218322753906,0.0,0.01601134370920466,-30.601125717163086,16
1PPE,0,10.10214900970459,12.74910831451416,33.99498748779297,0.0,0.024164539198097006,-46.32618713378906,3
1PPE,1,10.083677291870117,12.66751480102539,33.98955535888672,0.0,0.02422844598562558,-62.52399444580078,0
1PPE,2,8.63502311706543,11.098944664001465,29.66748809814453,0.0,0.03126585018248521,-49.6784553527832,1
1PPE,3,9.86342716217041,12.744970321655273,32.1383056640625,0.0,0.02634666062095937,-36.7462272644043,14
1PPE,4,7.879875183105469,10.129934310913086,27.46648597717285,0.0,0.0362853889871349,-51.29829406738281,0
1PPE,5,6.45167875289917,7.942869186401367,22.006053924560547,0.0,0.054753720247617634,-61.31818389892578,0
1PPE,6,5.081363201141357,6.611921310424805,16.59795379638672,0.0,0.08557218619823691,-58.42155456542969,0
1PPE,7,4.446785926818848,7.184278964996338,13.525433540344238,0.0,0.10829909731496597,-60.637351989746094,0
1PPE,8,13.165562629699707,16.479158401489258,41.201873779296875,0.0,0.016346698274522047,-46.81987762451172,5
1PPE,9,3.451679229736328,4.802238941192627,11.319607734680176,0.0,0.14981699963111203,-56.36540985107422,0
1PPE,10,13.696050643920898,17.072412490844727,43.473079681396484,0.0,0.014827373056755877,-49.707740783691406,3
1PPE,11,5.9551215171813965,9.11081314086914,19.17934226989746,0.0,0.06351970376014744,-50.18376159667969,0
1PPE,12,6.621256351470947,8.717326164245605,22.121002197265625,0.0,0.052469960309133284,-43.68559646606445,2
1PPE,13,12.004128456115723,14.999682426452637,39.812618255615234,0.0,0.0178321839652124,-49.48699188232422,1
1PPE,14,4.079118728637695,5.39034366607666,13.761648178100586,0.0,0.11600729209564324,-63.08012771606445,0
1SBB,0,22.118423461914062,18.165124893188477,48.717010498046875,0.0,0.012105157327792292,-37.21417236328125,6
1SBB,1,23.27340316772461,11.53068733215332,55.2049560546875,0.0,0.013266480277133277,-34.1719856262207,3
1SBB,2,24.79562759399414,13.822795867919922,57.069026947021484,0.0,0.011113719832147984,-36.50726318359375,6
1SBB,3,23.859323501586914,13.809797286987305,54.116912841796875,0.0,0.011912202053216414,-37.10237503051758,24
1SBB,4,22.138208389282227,13.4513578414917,58.9964714050293,0.0,0.010872758473582121,-36.306575775146484,7
1SBB,5,20.193639755249023,11.09726333618164,51.931121826171875,0.0,0.014678093770988066,-35.214683532714844,18
1SBB,6,23.29557991027832,9.42137336730957,55.764339447021484,0.0,0.015809472065892314,-35.23163604736328,6
1SBB,7,24.114990234375,9.14307975769043,55.30567169189453,0.0,0.016428562719417023,-35.775970458984375,7
1SBB,8,20.6226749420166,15.907251358032227,55.85865783691406,0.0,0.01048169283142246,-34.58598327636719,21
1SBB,9,21.44898223876953,16.331022262573242,55.26958084106445,0.0,0.010490393967693806,-49.657100677490234,0
1SBB,10,26.153770446777344,15.0447416305542,57.077816009521484,0.0,0.010512878654162942,-38.779972076416016,6
1SBB,11,25.397953033447266,17.23854637145996,59.356361389160156,0.0,0.009203186128072208,-37.5263786315918,4
1SBB,12,23.7318115234375,12.476000785827637,56.666282653808594,0.0,0.012084884307544503,-36.71995544433594,2
1SBB,13,25.79291343688965,17.60565185546875,58.648677825927734,0.0,0.009259839557682588,-39.92570495605469,1
1SBB,14,22.807334899902344,13.018324851989746,56.808101654052734,0.0,0.011666686541779289,-37.48496627807617,0
1FQJ,0,15.862080574035645,16.017641067504883,34.91823196411133,0.0,0.02154491679242342,-29.8875789642334,6
1FQJ,1,17.22249412536621,15.3005952835083,37.04212188720703,0.0,0.019847099885683585,-31.373485565185547,1
1FQJ,2,11.020451545715332,11.185216903686523,27.74465560913086,0.0,0.03449085480068926,-32.46687698364258,13
1FQJ,3,17.104394912719727,14.805222511291504,38.06239700317383,0.0,0.01922077357782453,-37.17833709716797,1
1FQJ,4,18.85323143005371,16.89624786376953,44.308502197265625,0.0,0.014438274798030873,-33.50038146972656,5
1FQJ,5,14.220147132873535,12.0189847946167,33.73398971557617,0.0,0.02501203025739561,-35.97418212890625,1
1FQJ,6,9.816431045532227,12.734149932861328,25.087480545043945,0.0,0.038886557752260874,-38.397579193115234,0
1FQJ,7,17.962223052978516,16.84056282043457,40.175254821777344,0.0,0.01690546343907427,-31.370925903320312,3
1FQJ,8,15.682907104492188,13.604857444763184,34.5263557434082,0.230769,0.09997482947432342,-33.980873107910156,2
1FQJ,9,22.33598518371582,17.190261840820312,59.716617584228516,0.0,0.00913819594517748,-32.67355728149414,5
1FQJ,10,17.025205612182617,14.408465385437012,38.3472900390625,0.0,0.019184419127623156,-32.90904235839844,2
1FQJ,11,11.726049423217773,9.28632640838623,24.546293258666992,0.384615,0.17237207734243873,-26.6199951171875,33
1FQJ,12,11.014972686767578,13.066328048706055,27.911087036132812,0.0,0.03262655959359143,-33.67206573486328,2
1FQJ,13,18.28472328186035,13.629474639892578,38.841064453125,0.307692,0.12178724249465327,-26.844144821166992,83
1FQJ,14,16.427228927612305,14.643228530883789,34.079219818115234,0.076923,0.04862454089557233,-33.11725997924805,3
1EFN,0,12.092387199401855,9.829137802124023,34.1313591003418,0.0,0.027052339925295533,-53.6672477722168,0
1EFN,1,13.136730194091797,11.695009231567383,33.70213317871094,0.0,0.02532993305550148,-66.14002227783203,0
1EFN,2,15.423125267028809,13.466596603393555,47.19292068481445,0.0,0.014558632230290558,-47.598472595214844,0
1EFN,3,12.190328598022461,11.654047966003418,31.48820686340332,0.0,0.028072030498848582,-59.626155853271484,0
1EFN,4,9.75618839263916,8.335205078125,30.589990615844727,0.0,0.0343487656575709,-46.97220230102539,2
1EFN,5,14.52430248260498,14.58462905883789,44.99675369262695,0.0,0.01497388992559156,-40.959774017333984,0
1EFN,6,15.599058151245117,14.611052513122559,50.245887756347656,0.0,0.012750402470182227,-48.26478958129883,0
1EFN,7,14.748040199279785,13.3466796875,46.932491302490234,0.0,0.014744305214578141,-58.208805084228516,0
1EFN,8,14.21174144744873,14.622846603393555,38.47568893432617,0.0,0.018982303361339548,-43.82084655761719,0
1EFN,9,10.367018699645996,10.351384162902832,26.81439208984375,0.0,0.03729212858926323,-41.59931945800781,0
1EFN,10,9.972874641418457,9.206963539123535,32.86490249633789,0.0,0.029518177580199274,-59.84591293334961,0
1EFN,11,17.54535675048828,18.53838539123535,52.1544189453125,0.0,0.010792926261088782,-39.928855895996094,0
1EFN,12,17.812833786010742,15.580766677856445,53.53839874267578,0.0,0.01125658024344061,-47.43558883666992,0
1EFN,13,9.178082466125488,10.31550407409668,15.7984037399292,0.0,0.08173253328367756,-53.35628890991211,0
1EFN,14,10.070180892944336,8.29888916015625,31.52959442138672,0.0,0.03312983061696478,-57.38445281982422,0
6B0S,0,3.781507730484009,4.679327011108398,12.004622459411621,0.5,0.3090384821889957,-31.706588745117188,2
6B0S,1,5.776462554931641,7.491428375244141,17.324546813964844,0.166667,0.13307675819014134,-28.896087646484375,6
6B0S,2,13.224575996398926,15.094179153442383,41.31906509399414,0.0,0.016793324632155018,-31.820892333984375,4
6B0S,3,6.836154460906982,9.899946212768555,19.705114364624023,0.083333,0.08755180695201581,-30.91436195373535,0
6B0S,4,7.174554347991943,10.120552062988281,21.22687530517578,0.0,0.053228385919136374,-23.74669075012207,10
6B0S,5,6.808027267456055,8.689638137817383,20.198291778564453,0.0,0.05979560711461112,-31.81036376953125,2
6B0S,6,13.533421516418457,15.619749069213867,42.11539840698242,0.0,0.016092506715704204,-31.68325424194336,3
6B0S,7,13.114874839782715,15.21739673614502,41.522613525390625,0.0,0.01661421798856154,-32.85734176635742,8
6B0S,8,13.333065032958984,10.645864486694336,41.42403030395508,0.0,0.01995668036236475,-35.885536193847656,1
6B0S,9,13.776254653930664,12.718452453613281,42.849117279052734,0.0,0.017193247463778403,-33.8160400390625,4
6B0S,10,14.280437469482422,13.220625877380371,44.77264404296875,0.0,0.015832596436287216,-32.71611404418945,1
6B0S,11,13.729334831237793,16.050033569335938,43.23929977416992,0.0,0.015288266661163124,-33.732540130615234,2
6B0S,12,13.525455474853516,11.10142707824707,42.12090301513672,0.0,0.019019746836788896,-40.96123504638672,1
6B0S,13,12.275554656982422,11.894259452819824,36.77497482299805,0.0,0.022123108031953453,-24.75741958618164,33
6B0S,14,7.280274868011475,9.174707412719727,20.993412017822266,0.0,0.05562652681929428,-28.868799209594727,2
2OUL,0,9.860328674316406,8.357791900634766,33.4154052734375,0.173913,0.08863068585409967,-37.64177322387695,4
2OUL,1,15.385986328125,13.188759803771973,50.50215530395508,0.0,0.013439273464030607,-59.1250114440918,0
2OUL,2,5.173972129821777,4.823380947113037,19.294116973876953,0.0,0.0835736184917051,-63.6325798034668,0
2OUL,3,17.308256149291992,15.508699417114258,56.72359085083008,0.0,0.010409918969507244,-49.21787643432617,3
2OUL,4,12.889575004577637,11.488890647888184,39.15108871459961,0.043478,0.035084135464337654,-44.116180419921875,1
2OUL,5,14.198427200317383,13.270719528198242,41.85423278808594,0.0,0.017408319476947005,-46.69506072998047,2
2OUL,6,12.392412185668945,9.552628517150879,43.307090759277344,0.0,0.020385825967489318,-56.453125,0
2OUL,7,11.763134956359863,10.765901565551758,39.35109329223633,0.0,0.021206911266055478,-46.48406982421875,1
2OUL,8,14.863045692443848,12.745790481567383,41.83767318725586,0.0,0.017767018469654734,-51.9503288269043,0
2OUL,9,13.123468399047852,11.094144821166992,39.848751068115234,0.0,0.02049071999208974,-40.81044006347656,4
2OUL,10,6.220395565032959,5.853917598724365,22.054105758666992,0.0,0.06364876447534176,-54.025123596191406,0
2OUL,11,14.030038833618164,14.562236785888672,37.74944305419922,0.0,0.019584449052458507,-58.50918960571289,0
2OUL,12,8.230253219604492,7.191802501678467,31.160852432250977,0.086957,0.06596669412239099,-42.15937805175781,3
2OUL,13,13.196653366088867,12.085707664489746,35.451507568359375,0.0,0.023177412405622707,-52.16215515136719,0
2OUL,14,10.228997230529785,8.581073760986328,31.56873893737793,0.086957,0.06140138052750943,-40.75356674194336,2
1YVB,0,8.811991691589355,6.030354976654053,30.033090591430664,0.0,0.04414262485251697,-59.99449920654297,0
1YVB,1,9.405848503112793,9.450484275817871,18.468950271606445,0.076923,0.09209568232865435,-43.9732551574707,2
1YVB,2,12.187018394470215,11.136031150817871,32.76091766357422,0.0,0.026963856688281163,-55.729148864746094,0
1YVB,3,7.811950206756592,6.916851043701172,31.809232711791992,0.0,0.037187716374929854,-42.53173065185547,3
1YVB,4,7.785830974578857,6.556978225708008,30.923694610595703,0.076923,0.06563320839124266,-49.617218017578125,0
1YVB,5,9.794844627380371,6.55221700668335,33.909915924072266,0.0,0.0363056906574785,-41.28583526611328,1
1YVB,6,11.788917541503906,9.629643440246582,36.89024353027344,0.230769,0.10162398796940426,-42.10231018066406,3
1YVB,7,11.18446159362793,10.873876571655273,30.81924819946289,0.153846,0.08106967318037993,-45.639373779296875,3
1YVB,8,8.607443809509277,6.542778491973877,31.218807220458984,0.230769,0.11657344967681926,-41.98505401611328,3
1YVB,9,15.188920021057129,11.61668586730957,43.67522048950195,0.0,0.01763125899548246,-48.657920837402344,3
1YVB,10,8.622024536132812,7.2584075927734375,36.24618911743164,0.076923,0.056669315676881306,-37.70328903198242,6
1YVB,11,6.073112964630127,4.82572603225708,22.939701080322266,0.038462,0.08242993080924153,-52.89314651489258,0
1YVB,12,7.092226505279541,4.593051910400391,26.51968002319336,0.0,0.06317873861828567,-58.99793243408203,0
1YVB,13,11.02155876159668,8.158588409423828,41.01720428466797,0.038462,0.03744518686581703,-42.35670471191406,1
1YVB,14,7.750949859619141,4.926169395446777,27.605379104614258,0.192308,0.12125252879099131,-46.81329345703125,2
2B42,0,21.587263107299805,19.765268325805664,61.557533264160156,0.0,0.008145458610591717,-60.38459777832031,1
2B42,1,22.064027786254883,19.339006423950195,66.22930908203125,0.0,0.007394951224881069,-60.25823974609375,0
2B42,2,14.184575080871582,13.583292961120605,26.955310821533203,0.0,0.034163865587243554,-52.72354507446289,2
2B42,3,20.793197631835938,18.532217025756836,63.9842414855957,0.0,0.007950156066693767,-55.31884002685547,1
2B42,4,11.561749458312988,11.23151969909668,26.01759147644043,0.0,0.037988154878117276,-46.600494384765625,4
2B42,5,19.878292083740234,17.750295639038086,61.78771209716797,0.0,0.008554656209444433,-50.08079528808594,7
2B42,6,7.130676746368408,9.250913619995117,14.632662773132324,0.0,0.09263946309805322,-52.906734466552734,4
2B42,7,22.819929122924805,21.663578033447266,61.16442108154297,0.0,0.007906017971414846,-55.70256423950195,3
2B42,8,21.28875732421875,18.61363983154297,64.04217529296875,0.0,0.00792106614996168,-55.46232223510742,3
2B42,9,15.48202896118164,13.902984619140625,42.21296691894531,0.0,0.016824112481380184,-55.743003845214844,6
2B42,10,20.569076538085938,17.891996383666992,62.378482818603516,0.0,0.00840304120624964,-56.528873443603516,3
2B42,11,21.7487735748291,19.285825729370117,69.5294189453125,0.0,0.006912677523240406,-62.49811553955078,0
2B42,12,21.65401840209961,19.302654266357422,65.87798309326172,0.0,0.007459242035669343,-65.25745391845703,0
2B42,13,14.175544738769531,14.334661483764648,25.128183364868164,0.0,0.03783546317337927,-54.077049255371094,2
2B42,14,22.0430908203125,19.13859748840332,60.3079948425293,0.0,0.008527761937949498,-56.54961395263672,1
1MQ8,0,20.855745315551758,21.423633575439453,57.377017974853516,0.0,0.008784458659183278,-35.34576416015625,2
1MQ8,1,14.380006790161133,9.446578025817871,21.94409942626953,0.0,0.051685741790699895,-43.18207550048828,0
1MQ8,2,8.724945068359375,7.214186668395996,28.099382400512695,0.0,0.041758122121112316,-38.061439514160156,1
1MQ8,3,16.424360275268555,12.61728572845459,28.110132217407227,0.0,0.03257050585026186,-41.923004150390625,1
1MQ8,4,16.070518493652344,13.055678367614746,57.240543365478516,0.0,0.011534554000162367,-35.88162612915039,0
1MQ8,5,17.946369171142578,13.254525184631348,60.65924835205078,0.0,0.010634233631300005,-43.30378341674805,0
1MQ8,6,16.140655517578125,13.83525562286377,29.450294494628906,0.0,0.029504977745630944,-39.439598083496094,0
1MQ8,7,16.537273406982422,15.079000473022461,26.666641235351562,0.0,0.03400982091144452,-37.74307632446289,2
1MQ8,8,19.07640266418457,12.226369857788086,58.71025848388672,0.0,0.011786376029222603,-40.692562103271484,0
1MQ8,9,11.797918319702148,9.971275329589844,58.965415954589844,0.0,0.01416197146513453,-37.681575775146484,1
1MQ8,10,14.500652313232422,13.927659034729004,21.43731689453125,0.0,0.04910777165067279,-35.966739654541016,1
1MQ8,11,9.106630325317383,6.1070966720581055,30.919015884399414,0.0,0.04238695406573137,-37.115665435791016,4
1MQ8,12,16.710588455200195,15.215277671813965,40.43267059326172,0.0,0.017316644249409447,-36.05232620239258,2
1MQ8,13,18.840953826904297,12.37094783782959,57.10673904418945,0.0,0.012054453868205799,-38.46266555786133,0
1MQ8,14,17.06474494934082,15.304720878601074,39.64800262451172,0.0,0.01781877734024341,-39.30057144165039,2
2B4J,0,6.04174280166626,6.230545997619629,13.843741416931152,0.0,0.10952123681843333,-32.106353759765625,5
2B4J,1,10.788238525390625,10.623550415039062,32.802066802978516,0.0,0.027489908706757715,-38.863563537597656,1
2B4J,2,18.01150131225586,14.13243579864502,57.84708786010742,0.0,0.01075824415562053,-37.125186920166016,2
2B4J,3,7.47365140914917,7.572091102600098,16.8529052734375,0.0,0.0801851954073192,-36.565330505371094,0
2B4J,4,17.94384765625,14.916654586791992,57.04230880737305,0.0,0.010577710183467303,-48.08816146850586,1
2B4J,5,10.725347518920898,11.234807968139648,33.280487060546875,0.0,0.026250255592566593,-45.25931930541992,0
2B4J,6,14.827041625976562,12.937957763671875,47.082557678222656,0.0,0.014942362202424389,-44.75487518310547,0
2B4J,7,17.143817901611328,12.754332542419434,55.16167449951172,0.0,0.012278834211449598,-35.96974563598633,5
2B4J,8,23.544708251953125,17.170909881591797,68.82630157470703,0.0,0.007532134867124906,-34.525360107421875,1
2B4J,9,22.991722106933594,17.508899688720703,69.3195571899414,0.0,0.007366353906910725,-34.38579177856445,2
2B4J,10,18.115449905395508,15.883173942565918,57.29209518432617,0.0,0.010125786470808413,-43.09168243408203,0
2B4J,11,18.4515438079834,16.09999656677246,55.89503860473633,0.0,0.010402778523830036,-34.779258728027344,4
2B4J,12,23.174720764160156,17.113361358642578,69.4638442993164,0.0,0.007458863107182891,-34.83830642700195,1
2B4J,13,5.256413459777832,4.805188179016113,14.249007225036621,0.111111,0.15412001215479504,-33.08625030517578,10
2B4J,14,18.184946060180664,15.689793586730957,57.916015625,0.0,0.010047606652683895,-37.140933990478516,2
3D5S,0,16.681665420532227,16.951148986816406,47.78702163696289,0.0,0.012812636649187437,-61.60054397583008,0
3D5S,1,16.09165382385254,19.388587951660156,49.18001937866211,0.0,0.011651681415138818,-60.21767044067383,0
3D5S,2,16.27815055847168,19.82975196838379,47.8804931640625,0.0,0.012080607025134901,-47.15211486816406,3
3D5S,3,16.984304428100586,18.637025833129883,48.15379333496094,0.0,0.012217712858752713,-57.374168395996094,0
3D5S,4,16.514860153198242,17.70482063293457,49.95669937133789,0.0,0.011754123405600262,-45.27936935424805,3
3D5S,5,14.358552932739258,12.558111190795898,42.76279067993164,0.0,0.017358180340962537,-46.47134017944336,6
3D5S,6,17.06707763671875,17.297283172607422,50.513301849365234,0.0,0.011666654211355822,-54.142887115478516,0
3D5S,7,17.23666763305664,16.996912002563477,51.06755828857422,0.0,0.011561866365672413,-53.38950729370117,0
3D5S,8,16.792749404907227,16.85805892944336,48.824806213378906,0.0,0.0124237829665836,-46.801151275634766,2
3D5S,9,16.132183074951172,15.53130054473877,46.437950134277344,0.0,0.013886284730519088,-62.60366439819336,0
3D5S,10,18.78090476989746,21.014812469482422,52.87957763671875,0.0,0.010085469172077954,-63.16114044189453,0
3D5S,11,16.78432846069336,18.149986267089844,50.298553466796875,0.0,0.011516279157757164,-48.72996139526367,2
3D5S,12,18.006793975830078,20.462276458740234,50.939605712890625,0.0,0.010811469051178716,-51.10310745239258,0
3D5S,13,17.976333618164062,21.866724014282227,52.01753234863281,0.0,0.010230263793993563,-43.429969787597656,4
3D5S,14,18.277935028076172,22.35376739501953,52.04224395751953,0.0,0.010155259332785072,-53.645721435546875,0
1JIW,0,9.461932182312012,12.618985176086426,22.244544982910156,0.0,0.047114073186240356,-42.10811996459961,0
1JIW,1,3.623635768890381,4.7933173179626465,10.913617134094238,0.0,0.15558684528481037,-41.8222770690918,0
1JIW,2,9.461410522460938,11.325547218322754,28.047958374023438,0.0,0.033784834237576736,-49.71913528442383,0
1JIW,3,15.247990608215332,14.961153984069824,46.00382614135742,0.0,0.014321300061028644,-48.94608688354492,0
1JIW,4,6.985903263092041,8.308403015136719,21.80120277404785,0.0,0.05450636412693196,-43.27351379394531,0
1JIW,5,12.638099670410156,15.626168251037598,34.58940887451172,0.0,0.022026522752650494,-30.874595642089844,5
1JIW,6,9.576553344726562,12.183808326721191,22.921142578125,0.0,0.045275082767499114,-38.61062240600586,0
1JIW,7,18.21208953857422,18.751323699951172,54.74855041503906,0.0,0.009965088255869545,-41.86903762817383,0
1JIW,8,8.170269012451172,8.482064247131348,25.58279037475586,0.0,0.043247793185310524,-44.75709915161133,0
1JIW,9,11.397969245910645,13.555490493774414,31.62968635559082,0.0,0.02648363601090246,-46.539215087890625,0
1JIW,10,11.073613166809082,14.936605453491211,28.785423278808594,0.0,0.030062116832582485,-36.54090881347656,2
1JIW,11,9.541597366333008,11.672041893005371,28.423599243164062,0.0,0.032778417150727775,-45.50154113769531,0
1JIW,12,12.02928638458252,15.128304481506348,32.38615798950195,0.0,0.024726753754468686,-31.180343627929688,3
1JIW,13,7.418662071228027,7.331111431121826,23.3972225189209,0.0,0.05225815002091869,-46.504371643066406,0
1JIW,14,9.459064483642578,11.188155174255371,28.749048233032227,0.0,0.03268206847189372,-45.86019515991211,0
1OFU,0,12.707416534423828,14.099066734313965,41.91746520996094,0.0,0.01689587353174484,-5.196024417877197,5
1OFU,1,19.852577209472656,20.23180389404297,40.581764221191406,0.0,0.015831291488454306,-26.741498947143555,2
1OFU,2,32.72183609008789,32.922210693359375,87.37670135498047,0.0,0.003815420193357828,-23.996227264404297,3
1OFU,3,33.52754592895508,34.21479034423828,87.06023406982422,0.0,0.003786874261577033,-16.017433166503906,1
1OFU,4,23.852947235107422,19.43672752380371,65.12968444824219,0.0,0.0075559317959328414,-9.416398048400879,7
1OFU,5,26.47381591796875,20.21851921081543,88.46743774414062,0.0,0.004873656965343612,-7.267374515533447,9
1OFU,6,16.256479263305664,11.997406005859375,40.20856475830078,0.0,0.01938949912650696,-6.7913947105407715,20
1OFU,7,21.813613891601562,22.171566009521484,56.40469741821289,0.0,0.008920485339990123,-14.007462501525879,5
1OFU,8,19.777685165405273,13.577049255371094,41.22801971435547,0.0,0.017610637334730384,-8.389503479003906,21
1OFU,9,28.724199295043945,21.722068786621094,92.5608139038086,0.0,0.00436945262065824,-7.3563947677612305,19
1OFU,10,32.190162658691406,32.752357482910156,88.03433990478516,0.0,0.003776502468874256,-22.45652961730957,2
1OFU,11,32.89564514160156,32.9488525390625,87.35729217529297,0.0,0.003815681968525421,-17.176624298095703,0
1OFU,12,14.650181770324707,11.960443496704102,51.95770263671875,0.0,0.013850188254896032,-3.3612730503082275,4
1OFU,13,21.019824981689453,17.163238525390625,49.597496032714844,0.0,0.012037704369390681,-11.217432975769043,5
1OFU,14,22.4814453125,17.55173110961914,65.79866027832031,0.0,0.007888266358557456,-27.0286922454834,0
2I9B,0,26.64704704284668,22.117456436157227,67.44149017333984,0.0,0.00673831314113298,-36.40198516845703,1
2I9B,1,18.14998435974121,20.107500076293945,42.3492546081543,0.0,0.01475314474498265,-34.55983352661133,0
2I9B,2,15.78822135925293,16.11678695678711,33.45821762084961,0.0,0.02307177190647138,-32.42646408081055,1
2I9B,3,15.706456184387207,16.43836784362793,32.22664260864258,0.0,0.024433541200202885,-31.45647621154785,2
2I9B,4,22.39267349243164,17.16132354736328,54.98760223388672,0.0,0.010306425920251086,-22.116817474365234,30
2I9B,5,17.835996627807617,13.690719604492188,37.57632064819336,0.0,0.02018005469120723,-25.761350631713867,49
2I9B,6,14.883572578430176,17.242029190063477,28.22130584716797,0.0,0.03022752966368451,-36.068416595458984,1
2I9B,7,22.820892333984375,24.18048667907715,58.46046829223633,0.0,0.00817871389181158,-33.857295989990234,2
2I9B,8,28.143360137939453,26.30646514892578,64.37242126464844,0.0,0.006792541803037882,-33.027095794677734,1
2I9B,9,14.897906303405762,15.927367210388184,30.333629608154297,0.0,0.02719875688071997,-39.40123748779297,0
2I9B,10,26.470186233520508,24.891887664794922,59.99122619628906,0.0,0.007766143012080823,-32.67914581298828,4
2I9B,11,13.798877716064453,16.381818771362305,25.572946548461914,0.0,0.03593380605579227,-30.351160049438477,5
2I9B,12,17.149354934692383,20.719152450561523,43.27721405029297,0.0,0.014119100624447071,-26.2287540435791,8
2I9B,13,18.06725311279297,17.6845760345459,40.33696746826172,0.0,0.01655332372184861,-28.393627166748047,9
2I9B,14,19.31728172302246,20.82297706604004,48.48263931274414,0.0,0.01166101234891874,-31.112075805664062,6
3H11,0,9.276211738586426,8.68317985534668,21.050521850585938,0.038462,0.0692094642967584,-29.466171264648438,36
3H11,1,10.031469345092773,10.281689643859863,18.701234817504883,0.153846,0.11530019403072699,-28.99315071105957,51
3H11,2,8.390682220458984,8.536285400390625,15.655611038208008,0.230769,0.16279658110628412,-28.921144485473633,48
3H11,3,9.960448265075684,10.792999267578125,17.879854202270508,0.038462,0.08058365758216744,-28.830425262451172,43
3H11,4,7.835966110229492,7.316757678985596,15.634668350219727,0.192308,0.15359349742654402,-30.4488525390625,37
3H11,5,7.954607963562012,7.9652509689331055,15.631345748901367,0.115385,0.12594931814703833,-26.735498428344727,48
3H11,6,9.527454376220703,9.848116874694824,16.958330154418945,0.115385,0.11294828404611777,-30.119476318359375,46
3H11,7,9.71252727508545,8.381394386291504,19.78445816040039,0.153846,0.11356728574234372,-26.962158203125,63
3H11,8,8.552825927734375,9.105986595153809,16.182443618774414,0.153846,0.1321675936687581,-27.48420524597168,38
3H11,9,8.96791934967041,8.962206840515137,16.981914520263672,0.230769,0.15278635257209824,-29.496902465820312,45
3H11,10,8.375733375549316,8.431807518005371,15.298065185546875,0.076923,0.11449814131772706,-30.103391647338867,41
3H11,11,10.00831127166748,10.530628204345703,17.8070011138916,0.076923,0.09412664381737101,-27.943374633789062,48
3H11,12,8.224357604980469,8.68829345703125,15.260306358337402,0.192308,0.15267954723846935,-28.098657608032227,44
3H11,13,13.379012107849121,15.236173629760742,23.765085220336914,0.0,0.04100547491441638,-26.93817901611328,31
3H11,14,8.553604125976562,8.679932594299316,15.927395820617676,0.230769,0.16047972342702252,-28.286357879638672,44
1FCC,0,12.702105522155762,17.039188385009766,41.58795166015625,0.0,0.01592957300930641,-30.3140811920166,1
1FCC,1,16.149673461914062,19.514978408813477,54.17117691040039,0.0,0.009967505321535489,-37.38198471069336,0
1FCC,2,12.108460426330566,15.986019134521484,39.77246856689453,0.0,0.01746898757441569,-34.23507308959961,0
1FCC,3,19.336896896362305,21.02129364013672,62.63477325439453,0.0,0.0077164568702681804,-36.24940872192383,0
1FCC,4,12.215225219726562,16.745756149291992,39.9626579284668,0.0,0.01708078323294195,-37.28199005126953,0
1FCC,5,23.46858787536621,26.660661697387695,72.7667007446289,0.0,0.005538929082249926,-38.86397171020508,0
1FCC,6,16.109045028686523,16.511898040771484,50.17319869995117,0.0,0.012028357581569026,-48.188941955566406,0
1FCC,7,3.7038798332214355,7.313199996948242,11.106985092163086,0.0,0.1365729542959632,-39.60773468017578,0
1FCC,8,13.015270233154297,18.315553665161133,42.823951721191406,0.0,0.014855446900130234,-34.7508430480957,0
1FCC,9,9.377157211303711,10.66656494140625,31.501026153564453,0.0,0.029086796508249038,-26.174686431884766,2
1FCC,10,22.424604415893555,26.085559844970703,69.97146606445312,0.0,0.005946010865625895,-34.48976516723633,0
1FCC,11,15.596510887145996,19.26634979248047,49.11619186401367,0.0,0.011701188973254317,-47.734134674072266,0
1FCC,12,15.260029792785645,17.558536529541016,47.08683776855469,0.0,0.012934455301682315,-47.42831802368164,0
1FCC,13,17.477787017822266,21.071155548095703,55.237327575683594,0.0,0.009391280382017036,-44.621334075927734,0
1FCC,14,20.85079574584961,24.90897560119629,66.37580108642578,0.0,0.006582567289350304,-43.29283905029297,0
3RJQ,0,13.68985366821289,11.894845962524414,29.527912139892578,0.0,0.030725867540793057,-33.546295166015625,5
3RJQ,1,20.49711036682129,16.294103622436523,41.24858093261719,0.0,0.016379197904335806,-28.289649963378906,11
3RJQ,2,16.882431030273438,13.827422142028809,33.41558837890625,0.0,0.02413466445544323,-29.328767776489258,4
3RJQ,3,17.538225173950195,15.270217895507812,24.947996139526367,0.0,0.037855278724426004,-31.98247528076172,22
3RJQ,4,16.561779022216797,13.684587478637695,27.657054901123047,0.0,0.032725214627633094,-31.624563217163086,11
3RJQ,5,14.251094818115234,14.420022964477539,27.232187271118164,0.0,0.0331603977311341,-35.450279235839844,14
3RJQ,6,9.510129928588867,11.079428672790527,23.3692569732666,0.0,0.04494616130151429,-35.010353088378906,6
3RJQ,7,46.9075927734375,56.06501770019531,143.9107666015625,0.0,0.0013972573796689324,0.0,0
3RJQ,8,17.66438865661621,16.274032592773438,29.307260513305664,0.0,0.028671642580264,-37.63121032714844,4
3RJQ,9,14.932114601135254,12.477842330932617,30.333663940429688,0.0,0.029016670712759138,-34.467315673828125,12
3RJQ,10,11.539380073547363,13.2521333694458,25.509870529174805,0.0,0.03752670568392046,-33.094886779785156,3
3RJQ,11,9.396666526794434,10.817383766174316,22.518104553222656,0.0,0.04786055966103897,-33.001853942871094,8
3RJQ,12,13.604384422302246,12.191018104553223,37.08110046386719,0.0,0.02161180017355455,-30.080530166625977,7
3RJQ,13,16.829553604125977,15.944340705871582,24.908252716064453,0.0,0.03769308429264731,-33.017066955566406,15
3RJQ,14,20.340259552001953,15.251227378845215,30.32319450378418,0.0,0.02747729717169334,-32.33040237426758,3
4FP8,0,30.387052536010742,11.533455848693848,64.6379165649414,0.0,0.011210694892935818,-12.45878791809082,93
4FP8,1,15.263107299804688,15.813440322875977,28.399457931518555,0.0,0.030377918850631253,-22.106246948242188,1
4FP8,2,25.542503356933594,18.537036895751953,60.537452697753906,0.0,0.008612940059452458,-30.487241744995117,0
4FP8,3,27.601411819458008,16.597517013549805,60.034488677978516,0.0,0.009251298659825704,-30.5380802154541,1
4FP8,4,25.558467864990234,15.883158683776855,52.36311721801758,0.0,0.011504622816931112,-21.585132598876953,3
4FP8,5,13.213628768920898,14.19151496887207,26.22698211669922,0.0,0.03536704154386095,-27.627281188964844,0
4FP8,6,21.94093132019043,16.064729690551758,39.652408599853516,0.0,0.01752521812053523,-20.947362899780273,0
4FP8,7,20.25752067565918,13.699442863464355,37.894508361816406,0.0,0.01991673176724866,-13.778902053833008,4
4FP8,8,15.300981521606445,16.141767501831055,28.434371948242188,0.0,0.030197509200633157,-17.810686111450195,2
4FP8,9,31.070188522338867,16.69692611694336,67.29718017578125,0.0,0.007902871305641622,-40.83900833129883,0
4FP8,10,32.60325622558594,20.59395980834961,71.54750061035156,0.0,0.006398248521555391,-36.46660232543945,2
4FP8,11,23.139694213867188,15.334671020507812,43.62274169921875,0.0,0.01535209417661658,-17.6400089263916,4
4FP8,12,25.162261962890625,15.621236801147461,49.4770622253418,0.0,0.012601407671551346,-23.4194278717041,4
4FP8,13,14.950197219848633,15.532450675964355,25.808549880981445,0.0,0.03569859562133565,-19.556264877319336,3
4FP8,14,29.646921157836914,17.328662872314453,64.63977813720703,0.0,0.008145004234771954,-30.98646354675293,12
2GTP,0,8.276216506958008,7.121176719665527,16.991872787475586,0.0,0.08087900957807367,-34.33353805541992,7
2GTP,1,8.830692291259766,7.893182277679443,19.865001678466797,0.0,0.0632033367658321,-34.65131378173828,11
2GTP,2,18.87282943725586,15.09940242767334,56.04447555541992,0.0,0.010752489568367447,-46.81526184082031,0
2GTP,3,8.969544410705566,8.211463928222656,19.16270637512207,0.0,0.06556596854668398,-35.92636489868164,4
2GTP,4,10.714126586914062,8.986931800842285,30.212860107421875,0.0,0.03348294171880924,-32.696041107177734,1
2GTP,5,10.325542449951172,9.887969970703125,22.22411346435547,0.0,0.05003629649824972,-34.201812744140625,4
2GTP,6,13.906792640686035,10.987918853759766,28.7708740234375,0.0,0.032857203401394,-43.393646240234375,0
2GTP,7,13.494742393493652,10.913541793823242,25.746170043945312,0.0,0.03894149685213542,-33.671897888183594,10
2GTP,8,10.85432243347168,8.852572441101074,30.541126251220703,0.0,0.033266396765678975,-43.888893127441406,0
2GTP,9,9.509928703308105,6.923515796661377,20.43084144592285,0.0,0.06412753851402533,-37.2809944152832,2
2GTP,10,10.269244194030762,9.697457313537598,23.483356475830078,0.0,0.04640144936943232,-34.67829513549805,9
2GTP,11,19.393775939941406,14.963944435119629,55.577247619628906,0.0,0.010934798111388006,-43.33023452758789,0
2GTP,12,8.718086242675781,6.655275344848633,17.471532821655273,0.0,0.07991039429060098,-41.109642028808594,0
2GTP,13,19.79375457763672,15.785754203796387,48.731204986572266,0.0,0.012824880995891824,-51.23024368286133,0
2GTP,14,17.767675399780273,14.105992317199707,38.70037841796875,0.0,0.019067099453753508,-38.16321563720703,0
1ZM4,0,15.530688285827637,10.489492416381836,43.1500244140625,0.0,0.01913124029681172,-20.248634338378906,31
1ZM4,1,29.943998336791992,23.26405906677246,84.10029602050781,0.0,0.004750633682396504,-28.372295379638672,7
1ZM4,2,27.75117301940918,26.105436325073242,79.37789154052734,0.0,0.004875806313836311,-23.550647735595703,19
1ZM4,3,26.592065811157227,18.649776458740234,74.07952880859375,0.0,0.006473978444952279,-33.376380920410156,4
1ZM4,4,36.1507682800293,29.807395935058594,100.0168228149414,0.0,0.0032322646127965556,-28.42909049987793,4
1ZM4,5,29.500709533691406,21.600566864013672,81.94446563720703,0.0,0.005148086089093042,-26.378498077392578,17
1ZM4,6,19.52175521850586,14.986553192138672,59.1435661315918,0.0,0.010051828688161174,-28.72289276123047,4
1ZM4,7,33.653682708740234,33.3367919921875,96.6157455444336,0.0,0.003233686842859159,-25.256542205810547,4
1ZM4,8,26.604190826416016,21.510299682617188,74.12480926513672,0.0,0.005939393359937952,-29.99390983581543,12
1ZM4,9,29.985559463500977,23.15683937072754,85.21298217773438,0.0,0.004676800796766833,-26.739412307739258,12
1ZM4,10,28.252307891845703,27.649436950683594,81.538818359375,0.0,0.004561552926958226,-26.36113166809082,6
1ZM4,11,26.6563720703125,32.8571891784668,74.8135986328125,0.0,0.004941267730754893,-22.707902908325195,15
1ZM4,12,37.77666091918945,37.9134635925293,102.7711410522461,0.0,0.002785663601915495,-21.577056884765625,26
1ZM4,13,27.184707641601562,17.63682746887207,75.45051574707031,0.0,0.006571298958969819,-28.866241455078125,10
1ZM4,14,37.89009475708008,37.48577880859375,103.19198608398438,0.0,0.0027792892323552005,-22.81948471069336,10
1FQ1,0,13.855352401733398,12.527239799499512,28.749832153320312,0.0,0.03150649675606424,-32.33242416381836,3
1FQ1,1,16.839876174926758,14.968094825744629,31.12055778503418,0.0,0.026454880095928193,-32.068634033203125,6
1FQ1,2,18.134593963623047,16.17825698852539,32.59859848022461,0.0,0.02406137710267166,-31.321557998657227,9
1FQ1,3,19.07611083984375,13.959195137023926,48.144954681396484,0.0,0.013880920374532433,-27.462833404541016,30
1FQ1,4,15.698002815246582,13.826546669006348,30.80074691772461,0.0,0.027466968168917038,-32.980587005615234,4
1FQ1,5,17.136093139648438,14.985865592956543,31.588411331176758,0.0,0.025812650008880725,-29.717243194580078,10
1FQ1,6,10.277228355407715,8.705860137939453,21.68321418762207,0.25,0.1373440047931408,-35.499000549316406,3
1FQ1,7,19.259653091430664,17.05309295654297,34.18762969970703,0.0,0.021964924815700573,-29.91531753540039,13
1FQ1,8,18.206390380859375,15.849947929382324,31.73249626159668,0.0,0.02527480588335373,-30.67746353149414,7
1FQ1,9,18.727989196777344,16.60833740234375,33.03313064575195,0.0,0.02339714723872907,-30.46077537536621,7
1FQ1,10,17.398759841918945,15.13744068145752,31.32940673828125,0.0,0.026095446645697875,-30.805644989013672,9
1FQ1,11,3.115875005722046,3.768296241760254,8.135783195495605,0.583333,0.41399791107647177,-33.639102935791016,4
1FQ1,12,19.609777450561523,16.65614891052246,57.70332717895508,0.0,0.009760989411903053,-30.49215316772461,27
1FQ1,13,69.2455062866211,82.91378021240234,199.91880798339844,0.0,0.0007105452153845002,0.0,0
1FQ1,14,18.47882843017578,15.93634033203125,33.588783264160156,0.0,0.022989021801237252,-28.49468231201172,21
1RKE,0,26.816627502441406,24.302845001220703,68.94821166992188,0.0,0.006255235809980668,-40.68782424926758,0
1RKE,1,25.998558044433594,25.24338722229004,66.325439453125,0.0,0.006559017589741535,-49.08610534667969,0
1RKE,2,27.53775405883789,27.103605270385742,65.41275787353516,0.0,0.0065528644155864865,-45.60293197631836,0
1RKE,3,25.40279197692871,23.971508026123047,70.68077087402344,0.0,0.006052108767109824,-40.999568939208984,0
1RKE,4,28.699066162109375,28.818500518798828,70.50679779052734,0.0,0.005675786337303074,-41.092098236083984,0
1RKE,5,27.437490463256836,25.902101516723633,70.48335266113281,0.0,0.005892427623473032,-39.739234924316406,0
1RKE,6,24.302734375,22.9149227142334,69.21218872070312,0.0,0.006375014512735401,-40.270347595214844,0
1RKE,7,29.32021713256836,29.61187744140625,69.85659790039062,0.0,0.00571629645736321,-42.56224822998047,0
1RKE,8,27.681262969970703,27.358051300048828,66.84503936767578,0.0,0.006303154243308198,-45.80226516723633,0
1RKE,9,5.796599864959717,3.855738401412964,12.876124382019043,0.0,0.14498833559636312,-44.15413284301758,0
1RKE,10,79.17871856689453,92.15986633300781,196.30479431152344,0.0,0.0007120741884205261,0.0,0
1RKE,11,13.438393592834473,11.778669357299805,23.22321891784668,0.0,0.04469929333347633,-40.83073043823242,0
1RKE,12,29.040376663208008,27.580467224121094,74.4310073852539,0.0,0.005274276823677233,-40.44839096069336,0
1RKE,13,25.993980407714844,28.312679290771484,69.68108367919922,0.0,0.005820334999936319,-48.1022834777832,0
1RKE,14,28.721206665039062,28.061790466308594,72.41204071044922,0.0,0.005480269400152908,-36.459476470947266,0
4M76,0,19.60447120666504,15.024822235107422,73.46842193603516,0.0,0.00769245838248075,-46.969886779785156,5
4M76,1,25.145523071289062,23.892213821411133,79.51223754882812,0.0,0.0050749891209798765,-42.19698715209961,5
4M76,2,19.769004821777344,15.801898956298828,71.97877502441406,0.0,0.0075612933919346785,-47.54085159301758,2
4M76,3,19.743276596069336,15.016080856323242,73.2343978881836,0.0,0.007724061350916259,-47.343719482421875,0
4M76,4,19.738271713256836,15.144734382629395,69.62299346923828,0.0,0.008133533777454235,-44.53345489501953,2
4M76,5,13.273810386657715,13.058725357055664,51.13511657714844,0.0,0.013303513002796127,-50.11695098876953,0
4M76,6,17.95358657836914,14.796907424926758,67.78015899658203,0.0,0.008551629459257826,-48.439083099365234,0
4M76,7,21.594541549682617,16.551454544067383,73.501953125,0.0,0.007114370630457063,-46.858489990234375,1
4M76,8,24.476327896118164,21.090940475463867,75.75968170166016,0.0,0.005821443413432765,-50.543277740478516,1
4M76,9,21.543581008911133,19.203237533569336,62.873046875,0.0,0.008004520723941283,-48.65318298339844,2
4M76,10,19.64247703552246,14.432392120361328,70.01343536376953,0.0,0.008403918363896961,-42.470096588134766,7
4M76,11,19.79473876953125,16.081491470336914,72.55976867675781,0.0,0.0073874361614946074,-43.75165939331055,1
4M76,12,22.38948631286621,15.06215763092041,73.44367980957031,0.0,0.007679258450602542,-47.21912384033203,3
4M76,13,21.175941467285156,19.08516502380371,82.13356018066406,0.0,0.005578648340285247,-46.0353889465332,0
4M76,14,23.220497131347656,17.219703674316406,70.53718566894531,0.0,0.007281415143340963,-45.80720138549805,2
2UUY,0,17.051618576049805,14.310422897338867,48.21808624267578,0.0,0.013668821091247119,-41.859771728515625,5
2UUY,1,7.850682258605957,5.244190692901611,20.55789566040039,0.0,0.0738740664431717,-58.14269256591797,0
2UUY,2,6.853712558746338,6.898374557495117,16.527732849121094,0.0,0.08477158867896163,-53.448246002197266,0
2UUY,3,7.679652214050293,4.911201000213623,21.040599822998047,0.0,0.07520919702307101,-59.03630065917969,0
2UUY,4,13.512088775634766,10.962701797485352,41.21219253540039,0.0,0.01972697187220527,-58.257137298583984,0
2UUY,5,5.17255973815918,5.1247944831848145,15.930006980895996,0.0,0.10017514181498625,-46.73849105834961,3
2UUY,6,13.145902633666992,11.08897876739502,40.353023529052734,0.0,0.020151207152152323,-59.14666748046875,0
2UUY,7,12.4105806350708,9.732759475708008,39.08980941772461,0.0,0.022783431559088543,-56.31536102294922,0
2UUY,8,15.155132293701172,13.723752975463867,46.73408889770508,0.0,0.014608818373489296,-46.78744125366211,2
2UUY,9,13.587481498718262,11.082289695739746,41.95029830932617,0.0,0.019142146786050477,-55.73998260498047,0
2UUY,10,12.948471069335938,10.24857234954834,39.90218734741211,0.0,0.021460218993911966,-52.85586166381836,0
2UUY,11,13.355487823486328,10.48429012298584,41.66892623901367,0.0,0.02000264067892897,-57.675025939941406,0
2UUY,12,5.087005138397217,3.66414737701416,15.075394630432129,0.045455,0.14340267057856923,-53.31767654418945,0
2UUY,13,19.885784149169922,14.50546932220459,56.27898025512695,0.0,0.010960884769268544,-53.406105041503906,0
2UUY,14,5.2355756759643555,6.612642765045166,12.313505172729492,0.0,0.123888644659478,-52.350799560546875,0
3HMX,0,30.990449905395508,17.04126739501953,53.64927291870117,0.0,0.010725219927004913,-0.8644253015518188,10
3HMX,1,34.0782356262207,27.446088790893555,96.25702667236328,0.0,0.0035718304852712154,-16.72286605834961,14
3HMX,2,32.33658981323242,26.27785301208496,56.10300064086914,0.0,0.00856237006124577,0.8172051310539246,12
3HMX,3,30.907506942749023,24.324615478515625,51.804386138916016,0.0,0.010001446505496949,-4.4090495109558105,1
3HMX,4,33.42832565307617,24.868820190429688,60.493778228759766,0.0,0.007661931920074415,-1.6220147609710693,16
3HMX,5,33.220703125,16.714258193969727,106.6227035522461,0.0,0.004768263622822492,-8.985225677490234,9
3HMX,6,42.744510650634766,18.35073471069336,84.70035552978516,0.0,0.005535882136617453,-15.308282852172852,83
3HMX,7,33.76547622680664,29.48872947692871,89.56912994384766,0.0,0.0038353863157391307,-16.224546432495117,67
3HMX,8,40.81972122192383,15.934822082519531,102.76931762695312,0.0,0.0051925543956932805,-16.266326904296875,8
3HMX,9,39.556209564208984,12.085136413574219,87.86788177490234,0.0,0.008147672892267295,-13.223116874694824,11
3HMX,10,36.58861541748047,32.86992263793945,95.23719024658203,0.0,0.0033269785447161125,-15.257810592651367,18
3HMX,11,33.70977783203125,29.53147315979004,95.194580078125,0.0,0.003494366668854743,-17.777156829833984,53
3HMX,12,30.83920669555664,22.759517669677734,50.002071380615234,0.0,0.010803622621613912,-1.7340331077575684,12
3HMX,13,25.843290328979492,18.80126953125,47.58517074584961,0.0,0.012415300247228154,3.035658359527588,8
3HMX,14,37.88057327270508,19.055801391601562,101.96109008789062,0.0,0.00435328700022274,-13.81344223022461,31
1IJK,0,17.661346435546875,16.240447998046875,51.89554214477539,0.0,0.011528341031979672,-41.72218322753906,6
1IJK,1,14.748729705810547,15.002439498901367,49.973297119140625,0.0,0.012671744391908447,-43.6724853515625,6
1IJK,2,18.257667541503906,16.585512161254883,50.87660217285156,0.0,0.011755942469072023,-44.11671829223633,2
1IJK,3,17.964069366455078,16.60047149658203,49.503726959228516,0.0,0.012245545039046494,-47.457340240478516,2
1IJK,4,17.384658813476562,18.440994262695312,65.48900604248047,0.0,0.007713288561793219,-48.98532485961914,1
1IJK,5,19.920656204223633,18.181936264038086,64.10501098632812,0.0,0.008012601018218192,-41.15022659301758,4
1IJK,6,18.051685333251953,16.568330764770508,49.82704544067383,0.0,0.012135952756932846,-43.29896545410156,6
1IJK,7,16.950714111328125,14.645554542541504,43.940391540527344,0.0,0.015483914198249168,-41.14551544189453,0
1IJK,8,14.253289222717285,14.222610473632812,42.14767074584961,0.0,0.016694236555207194,-47.25196075439453,1
1IJK,9,17.49009895324707,15.881237983703613,61.72296905517578,0.0,0.009151261887459778,-49.947547912597656,0
1IJK,10,9.41456413269043,8.141011238098145,17.128517150878906,0.0,0.07681168693319934,-45.9266357421875,3
1IJK,11,10.928532600402832,8.915992736816406,17.669708251953125,0.0,0.07181545582385657,-49.446434020996094,0
1IJK,12,15.917162895202637,11.609356880187988,24.33180809020996,0.0,0.0417277835797149,-46.27595138549805,2
1IJK,13,11.919133186340332,7.990940570831299,28.384952545166016,0.0,0.03877671799957635,-46.05995178222656,2
1IJK,14,12.320712089538574,10.36851978302002,20.557519912719727,0.0,0.05550013004106245,-51.68922805786133,0
1JTG,0,5.202914237976074,4.962863922119141,17.854923248291016,0.0,0.08948836433949768,-42.25307083129883,0
1JTG,1,15.147041320800781,10.890484809875488,39.53960037231445,0.0,0.020930097941725363,-32.507286071777344,17
1JTG,2,14.235343933105469,11.610761642456055,40.28971481323242,0.0,0.019676237619472372,-37.42210388183594,1
1JTG,3,5.098520278930664,4.1646599769592285,15.648313522338867,1.0,0.44755356960228926,-37.061981201171875,3
1JTG,4,5.810271739959717,4.663299560546875,18.423582077026367,1.0,0.42308843024522963,-36.79372787475586,3
1JTG,5,19.117694854736328,14.98848819732666,45.82101058959961,0.0,0.014394386583506622,-40.906490325927734,1
1JTG,6,18.20376968383789,14.5645112991333,35.12422561645508,0.0,0.021939620841872547,-38.535804748535156,4
1JTG,7,19.0860652923584,15.760126113891602,32.53030014038086,0.0,0.02429625562920992,-41.910762786865234,0
1JTG,8,18.64134979248047,14.889097213745117,35.264915466308594,0.0,0.02165147595498421,-37.714271545410156,2
1JTG,9,9.225804328918457,8.319601058959961,32.611576080322266,0.0,0.03169904169999254,-38.832157135009766,0
1JTG,10,16.034202575683594,12.387849807739258,43.29515075683594,0.0,0.017187918645091695,-38.929786682128906,3
1JTG,11,5.529148578643799,4.395086288452148,17.006298065185547,1.0,0.4347361991810867,-40.406471252441406,2
1JTG,12,14.083688735961914,11.072758674621582,38.48591995239258,0.0,0.021510387132674526,-36.99610137939453,2
1JTG,13,4.460845470428467,4.326018333435059,13.792206764221191,0.333333,0.2386406553457563,-36.32865524291992,2
1JTG,14,17.717098236083984,15.091864585876465,31.74716567993164,0.0,0.025557312404939553,-41.267154693603516,1
2A9K,0,20.476266860961914,14.918166160583496,40.36452865600586,0.0,0.017490075888633213,-61.66400146484375,0
2A9K,1,15.584126472473145,17.63202476501465,34.88740921020508,0.0,0.021073316505721473,-49.447547912597656,0
2A9K,2,21.56089210510254,12.197540283203125,43.46868896484375,0.0,0.017242186561246636,-41.05693054199219,34
2A9K,3,15.6608304977417,17.376604080200195,31.394899368286133,0.0,0.02523096088172369,-45.588348388671875,2
2A9K,4,17.917673110961914,13.927017211914062,36.3426399230957,0.0,0.021110759876189572,-45.84298324584961,1
2A9K,5,15.415669441223145,18.41346549987793,34.78927230834961,0.0,0.020975234563170606,-42.992637634277344,3
2A9K,6,15.623373031616211,18.4080753326416,33.28052520751953,0.0,0.0226110362381589,-39.95357894897461,2
2A9K,7,18.088958740234375,15.09994888305664,36.96697235107422,0.0,0.01999561318324477,-43.16935348510742,3
2A9K,8,20.65515899658203,16.24896240234375,43.989009857177734,0.0,0.014814573067842783,-48.57659912109375,0
2A9K,9,20.872108459472656,13.083707809448242,40.95537567138672,0.0,0.018089534036064402,-44.91630935668945,3
2A9K,10,15.605984687805176,16.996938705444336,32.090579986572266,0.0,0.024429135190143624,-47.453895568847656,1
2A9K,11,15.448087692260742,17.956281661987305,31.822938919067383,0.0,0.024507635546403107,-43.47312545776367,2
2A9K,12,20.638338088989258,15.923290252685547,42.092376708984375,0.0,0.015992211923478414,-50.50364303588867,1
2A9K,13,15.26893424987793,16.926645278930664,33.526268005371094,0.0,0.02272947966195678,-43.7419548034668,6
2A9K,14,22.979700088500977,16.079545974731445,45.39133834838867,0.0,0.014168566532422912,-46.46150207519531,1
5HGG,0,11.081255912780762,8.112088203430176,30.016164779663086,0.0,0.035766368545714494,-50.34254455566406,6
5HGG,1,7.776984214782715,5.215799331665039,19.846479415893555,0.096774,0.10938720320154342,-50.95819091796875,2
5HGG,2,10.286741256713867,6.374226093292236,25.481359481811523,0.129032,0.09387826409964989,-51.80381774902344,5
5HGG,3,10.04432201385498,6.036538600921631,27.028972625732422,0.225806,0.12465221726626935,-50.641380310058594,8
5HGG,4,7.828968048095703,5.202334403991699,20.018550872802734,0.16129,0.1302650893019063,-55.445987701416016,2
5HGG,5,8.423815727233887,5.3877105712890625,21.35404396057129,0.290323,0.16634449127148176,-50.495567321777344,1
5HGG,6,17.419219970703125,15.656961441040039,31.72735023498535,0.0,0.025354285592606756,-50.54861068725586,7
5HGG,7,10.125452041625977,7.018178939819336,23.236103057861328,0.064516,0.07540822253285141,-56.57400131225586,0
5HGG,8,7.810247898101807,6.8592071533203125,15.99392032623291,0.064516,0.11013108687080721,-68.15876770019531,0
5HGG,9,10.060608863830566,6.145621299743652,25.785703659057617,0.258065,0.1374336839936441,-50.91211700439453,6
5HGG,10,9.579422950744629,7.0202789306640625,27.273723602294922,0.0,0.04406346485287794,-63.77713394165039,0
5HGG,11,53.735958099365234,63.18482971191406,148.8563690185547,0.0,0.0012711027338441823,0.0,0
5HGG,12,6.5694146156311035,5.93306303024292,17.279579162597656,0.064516,0.1064751028552177,-51.0982666015625,3
5HGG,13,8.720975875854492,5.781393051147461,21.668649673461914,0.225806,0.14074429006578038,-52.74620056152344,1
5HGG,14,7.185997009277344,6.468481063842773,13.34414291381836,0.129032,0.15623250949780274,-50.79990768432617,8
3BX7,0,11.10664176940918,8.951390266418457,20.744035720825195,0.0,0.057025271277363815,-52.53437042236328,0
3BX7,1,16.89641571044922,14.308149337768555,45.71735763549805,0.0,0.014761352293159004,-32.8956184387207,2
3BX7,2,10.339868545532227,8.504780769348145,19.91204071044922,0.0,0.06143508406149705,-53.99660110473633,0
3BX7,3,16.856565475463867,15.862764358520508,28.142494201660156,0.0,0.03082034898253809,-35.25245666503906,4
3BX7,4,14.7723970413208,12.371082305908203,25.685012817382812,0.0,0.03773164142846796,-40.885135650634766,0
3BX7,5,16.386978149414062,14.815821647644043,27.070201873779297,0.0,0.03329753756979145,-44.83611297607422,1
3BX7,6,12.843606948852539,11.286079406738281,25.123971939086914,0.0,0.04002124216854844,-35.528785705566406,4
3BX7,7,18.5494384765625,14.205812454223633,46.49130630493164,0.0,0.014457330385084614,-34.48183822631836,0
3BX7,8,9.917326927185059,8.856768608093262,17.63239288330078,0.0,0.07215050016645495,-38.182037353515625,5
3BX7,9,16.3685359954834,14.510851860046387,25.772857666015625,0.0,0.03622433190007645,-44.27082443237305,2
3BX7,10,15.187581062316895,12.067431449890137,25.142070770263672,0.0,0.039263052928352,-46.16816711425781,1
3BX7,11,18.75849151611328,19.14568519592285,38.474037170410156,0.0,0.017546181232400943,-34.569915771484375,15
3BX7,12,12.262482643127441,9.844804763793945,20.911134719848633,0.0,0.05482895040369525,-44.11886978149414,0
3BX7,13,8.157294273376465,7.4033355712890625,14.768771171569824,0.0,0.09608532970192572,-40.20736312866211,5
3BX7,14,11.54483413696289,10.029467582702637,21.58571434020996,0.0,0.052041368456145286,-40.00135803222656,3
1DQJ,0,11.609907150268555,13.513497352600098,24.7956485748291,0.0,0.039109036056200204,-27.04605484008789,23
1DQJ,1,9.075653076171875,12.277451515197754,19.082853317260742,0.0,0.06008811958615859,-31.790645599365234,4
1DQJ,2,9.587780952453613,10.739537239074707,22.296510696411133,0.0,0.04867536399602095,-20.848928451538086,60
1DQJ,3,11.212154388427734,14.15728759765625,23.553585052490234,0.0,0.042109547465410346,-30.62622833251953,15
1DQJ,4,11.63506031036377,14.390832901000977,24.18512725830078,0.0,0.0402296003661804,-35.64767074584961,1
1DQJ,5,13.676337242126465,14.285966873168945,30.33102798461914,0.0,0.027906937852100494,-24.192256927490234,43
1DQJ,6,9.88553524017334,12.408939361572266,24.207263946533203,0.0,0.041387934991111784,-37.73977279663086,1
1DQJ,7,14.127167701721191,14.338565826416016,30.66883087158203,0.0,0.027386791748339915,-22.901268005371094,62
1DQJ,8,8.844555854797363,8.860933303833008,20.5010986328125,0.090909,0.08848476684074215,-21.47088623046875,69
1DQJ,9,11.621216773986816,14.619914054870605,24.170379638671875,0.0,0.040159179189114956,-32.69584274291992,5
1DQJ,10,9.929224014282227,12.89831256866455,25.237159729003906,0.0,0.03840812777734585,-35.98067855834961,0
1DQJ,11,14.869194030761719,13.215699195861816,32.865055084228516,0.0,0.025138677513363853,-22.143383026123047,55
1DQJ,12,18.646684646606445,15.909689903259277,42.733734130859375,0.0,0.015622909801562562,-26.828895568847656,56
1DQJ,13,9.15298843383789,10.204102516174316,19.3134708404541,0.0,0.06113884353987726,-27.696989059448242,16
1DQJ,14,11.249139785766602,14.737494468688965,27.858936309814453,0.0,0.031805492379540466,-35.51433181762695,1
1GXD,0,38.49192810058594,36.636531829833984,98.40411376953125,0.0,0.003026496826905945,-24.149730682373047,11
1GXD,1,37.96063995361328,36.998104095458984,98.79926300048828,0.0,0.00299610216255531,-26.296384811401367,7
1GXD,2,10.399190902709961,11.963056564331055,27.80405616760254,0.0,0.03364978347163609,-24.40966796875,7
1GXD,3,25.0665340423584,16.5216121673584,64.34818267822266,0.0,0.00844167190020563,-26.077119827270508,17
1GXD,4,13.027205467224121,15.401948928833008,29.818525314331055,0.0,0.028182334380178083,-19.98238754272461,15
1GXD,5,39.136959075927734,35.59772872924805,100.88965606689453,0.0,0.00294017838404796,-24.41232681274414,24
1GXD,6,38.57826232910156,36.377906799316406,97.13076782226562,0.0,0.0030990987497956732,-22.622278213500977,21
1GXD,7,8.562301635742188,11.773869514465332,21.198383331298828,0.0,0.05149404191329494,-21.434253692626953,8
1GXD,8,37.5947265625,33.986289978027344,99.3318862915039,0.0,0.003071146491905501,-23.299468994140625,20
1GXD,9,38.07387924194336,36.80046463012695,96.76309967041016,0.0,0.0031053421681146998,-26.702312469482422,9
1GXD,10,23.482702255249023,15.88517951965332,61.61054611206055,0.0,0.009172050628984555,-23.134000778198242,11
1GXD,11,25.132177352905273,17.473316192626953,64.34589385986328,0.0,0.00815541109705799,-27.2349796295166,13
1GXD,12,20.264747619628906,19.021299362182617,59.87276077270508,0.0,0.008645649188326958,-25.03764533996582,12
1GXD,13,38.70690155029297,35.107513427734375,98.90914916992188,0.0,0.0030510930309685497,-23.939990997314453,14
1GXD,14,36.48933792114258,35.303680419921875,97.6666259765625,0.0,0.0031064769707514392,-23.464263916015625,9
2VIS,0,34.16259765625,32.37677764892578,74.30428314208984,0.0,0.005019629717760857,-26.16341781616211,44
2VIS,1,25.80418586730957,21.50221061706543,57.097267150878906,0.0,0.008841445547127581,-22.835630416870117,45
2VIS,2,20.499765396118164,16.57373046875,36.780799865722656,0.0,0.019607850883964512,-21.284090042114258,2
2VIS,3,23.789793014526367,19.054616928100586,43.00727462768555,0.0,0.014584108219841898,-27.784971237182617,2
2VIS,4,16.556575775146484,15.516745567321777,38.726810455322266,0.0,0.018406205606756064,-22.820138931274414,3
2VIS,5,17.87721824645996,15.493797302246094,30.508834838867188,0.0,0.027105603050777,-20.54523468017578,0
2VIS,6,22.52202606201172,18.81034278869629,40.30377960205078,0.0,0.01630095740632486,-25.825124740600586,1
2VIS,7,32.62528991699219,29.619674682617188,82.73735046386719,0.0,0.0043340823643531964,-30.837860107421875,3
2VIS,8,16.36344337463379,18.138765335083008,29.7198486328125,0.0,0.02746849169860659,-16.604772567749023,6
2VIS,9,34.72380828857422,32.710548400878906,75.54769897460938,0.0,0.004866356272195505,-26.755834579467773,15
2VIS,10,30.5152587890625,20.4755859375,74.78060150146484,0.0,0.006031070453539438,-35.86190414428711,1
2VIS,11,28.76507568359375,17.700115203857422,61.03327560424805,0.0,0.008719054707278863,-29.323816299438477,1
2VIS,12,21.33940887451172,13.819640159606934,39.13017654418945,0.0,0.018901307002176973,-19.201616287231445,17
2VIS,13,17.175012588500977,15.111352920532227,31.9258975982666,0.0,0.025316518746912292,-22.10565757751465,0
2VIS,14,74.06808471679688,85.28736877441406,175.62686157226562,0.0,0.0008820422112780175,0.0,0
2SNI,0,7.080376148223877,7.034482955932617,18.555601119995117,0.176471,0.13113567079228136,-40.59336853027344,4
2SNI,1,2.9026670455932617,2.6690914630889893,9.742925643920898,0.411765,0.3613240737192103,-50.805362701416016,0
2SNI,2,3.0038228034973145,2.7396140098571777,9.637859344482422,0.411765,0.3599721565198557,-48.98591613769531,0
2SNI,3,7.607740879058838,7.518301010131836,20.409095764160156,0.294118,0.1600721112966634,-43.895851135253906,2
2SNI,4,4.733575820922852,4.2028703689575195,14.696534156799316,0.294118,0.21925465770555289,-44.03327178955078,5
2SNI,5,2.6874473094940186,2.3709635734558105,8.910211563110352,0.5,0.4207646673077603,-42.0173225402832,2
2SNI,6,9.177671432495117,8.367846488952637,26.291105270385742,0.205882,0.1105494397326273,-41.31404113769531,5
2SNI,7,3.923562526702881,3.341621160507202,12.420412063598633,0.411765,0.2994769724922244,-43.37724685668945,2
2SNI,8,2.305213212966919,2.0336899757385254,7.112026691436768,0.470588,0.470377984179052,-40.696712493896484,2
2SNI,9,2.8810994625091553,2.6344451904296875,8.933971405029297,0.5,0.4066488118745606,-43.00021743774414,2
2SNI,10,1.6745322942733765,1.2515181303024292,5.437005519866943,0.823529,0.7075845749243408,-46.87885284423828,0
2SNI,11,7.400532245635986,7.202054977416992,19.323007583618164,0.235294,0.1463330364348532,-43.3812255859375,2
2SNI,12,6.72506856918335,6.772710800170898,16.296859741210938,0.176471,0.14569653634405375,-41.19639205932617,3
2SNI,13,7.592430114746094,7.403051376342773,19.892133712768555,0.235294,0.1430424491680196,-41.503387451171875,2
2SNI,14,8.989703178405762,8.343338966369629,25.245433807373047,0.235294,0.12280827744834992,-41.7957878112793,3
3A4S,0,15.185615539550781,17.469982147216797,47.3089714050293,0.0,0.01286334991965935,-40.61845016479492,0
3A4S,1,14.513982772827148,16.746976852416992,44.17879867553711,0.0,0.01455166817621172,-37.807762145996094,0
3A4S,2,15.127132415771484,17.56174659729004,44.412174224853516,0.0,0.014192646063044644,-39.96064758300781,0
3A4S,3,15.489818572998047,17.00661277770996,46.2518196105957,0.0,0.013463259480396561,-46.643062591552734,0
3A4S,4,15.406587600708008,18.231077194213867,46.67518997192383,0.0,0.012941122074422448,-37.98596954345703,0
3A4S,5,14.866896629333496,17.413389205932617,44.4586181640625,0.0,0.014209924612488984,-45.38973617553711,0
3A4S,6,15.219304084777832,16.267675399780273,44.76911926269531,0.0,0.014408082629887157,-47.19441223144531,0
3A4S,7,15.105062484741211,17.42877960205078,44.571205139160156,0.0,0.014148393651609683,-44.579368591308594,0
3A4S,8,14.649353981018066,16.63657569885254,42.30873107910156,0.0,0.015620110096828422,-44.02827835083008,0
3A4S,9,18.53584098815918,21.187211990356445,54.616397857666016,0.0,0.009545158896234343,-35.08837890625,0
3A4S,10,15.476944923400879,16.898603439331055,46.18289566040039,0.0,0.013527463022001215,-47.65587615966797,0
3A4S,11,15.403403282165527,17.64219093322754,47.285003662109375,0.0,0.01282653835400212,-38.34042739868164,0
3A4S,12,15.599729537963867,17.084543228149414,46.03034591674805,0.0,0.01354160115191382,-46.70545959472656,0
3A4S,13,15.229742050170898,16.545074462890625,45.38670349121094,0.0,0.014012542680375455,-44.39353561401367,0
3A4S,14,12.887540817260742,12.764786720275879,35.607601165771484,0.0,0.022510840724709453,-39.364376068115234,0
4GXU,0,38.36550521850586,34.40977478027344,83.05359649658203,0.0,0.004087437341016294,4.876998424530029,45
4GXU,1,31.400863647460938,31.244720458984375,72.35026550292969,0.0,0.005304686189841194,-3.323174238204956,72
4GXU,2,41.781036376953125,27.334333419799805,77.32941436767578,0.0,0.004980122234767489,-4.905567646026611,95
4GXU,3,35.969295501708984,33.22257614135742,75.07592010498047,0.0,0.004896874413369334,5.413113117218018,42
4GXU,4,39.5980110168457,27.775232315063477,77.49569702148438,0.0,0.004931837832467101,-7.268805027008057,104
4GXU,5,32.75510787963867,25.101778030395508,78.85883331298828,0.0,0.005014294562836734,-5.14766788482666,98
4GXU,6,36.51044464111328,28.432279586791992,76.60980987548828,0.0,0.004978726979151559,-0.3881414234638214,60
4GXU,7,30.824127197265625,25.447721481323242,74.99592590332031,0.0,0.005381775507906496,-2.5792112350463867,109
4GXU,8,49.76729965209961,38.505977630615234,80.42506408691406,0.0,0.004187282614569426,10.46107292175293,47
4GXU,9,31.868043899536133,28.935102462768555,82.66012573242188,0.0,0.004381237246043594,-4.311007976531982,67
4GXU,10,40.62843322753906,30.9687557220459,77.59537506103516,0.0,0.004732615926153714,2.1190905570983887,52
4GXU,11,41.33854293823242,26.776277542114258,79.79291534423828,0.0,0.004782934016859153,-6.288882732391357,85
4GXU,12,37.60492706298828,18.080238342285156,110.53904724121094,0.0,0.004238038300117119,-8.198234558105469,115
4GXU,13,46.14310073852539,36.05411911010742,82.52820587158203,0.0,0.004074850844312006,5.703780651092529,66
4GXU,14,37.830116271972656,25.64394187927246,77.23245239257812,0.0,0.005125822784447194,0.01520125474780798,92
1FC2,0,11.791521072387695,13.805500030517578,34.76255798339844,0.0,0.022694231776058883,-24.46522331237793,21
1FC2,1,11.452715873718262,13.137397766113281,37.17108917236328,0.0,0.020853794292582228,-33.617794036865234,0
1FC2,2,2.2962639331817627,3.7936182022094727,16.86223030090332,0.5,0.27927347846875555,-34.16699981689453,0
1FC2,3,7.485605716705322,9.957684516906738,32.02050018310547,0.0,0.029338613404826203,-30.758678436279297,3
1FC2,4,10.770963668823242,14.996564865112305,36.951568603515625,0.0,0.020053487692944058,-24.604719161987305,10
1FC2,5,13.806567192077637,16.8176326751709,46.179168701171875,0.0,0.013554122631942422,-31.93962860107422,2
1FC2,6,10.983177185058594,13.783671379089355,36.140865325927734,0.0,0.021373175658780524,-35.117862701416016,2
1FC2,7,10.56820011138916,13.521909713745117,31.50933265686035,0.0,0.0266636272689508,-33.230350494384766,1
1FC2,8,10.032822608947754,13.006192207336426,41.67136764526367,0.0,0.017690330759968037,-24.37007713317871,6
1FC2,9,8.166833877563477,10.507566452026367,42.57838821411133,0.0,0.01943241836294952,-31.610355377197266,0
1FC2,10,7.3412933349609375,10.065159797668457,41.8523063659668,0.0,0.02044691256948637,-28.800832748413086,12
1FC2,11,9.726283073425293,14.731409072875977,50.50566864013672,0.0,0.012601872381780526,-23.04714012145996,17
1FC2,12,19.834665298461914,21.175260543823242,43.227813720703125,0.0,0.014072665571054148,-35.00469207763672,1
1FC2,13,6.197624206542969,8.689722061157227,35.42791748046875,0.0,0.02778831475602085,-30.498985290527344,5
1FC2,14,8.801358222961426,12.056465148925781,37.211910247802734,0.0,0.021610680894581943,-26.256956100463867,11
1ACB,0,10.10213565826416,10.728902816772461,30.289836883544922,0.0,0.03072400594237328,-52.71846008300781,0
1ACB,1,4.943538188934326,5.049460411071777,12.791497230529785,0.103448,0.16361579366988227,-50.1113395690918,1
1ACB,2,10.451882362365723,10.786504745483398,29.81134796142578,0.0,0.03138542268684068,-43.52890396118164,0
1ACB,3,6.5577168464660645,6.406392574310303,21.59218978881836,0.0,0.06204953736010149,-50.02791213989258,3
1ACB,4,4.515100002288818,4.152750492095947,13.971993446350098,0.206897,0.1974788002916318,-50.852176666259766,0
1ACB,5,7.8620195388793945,7.320847034454346,25.786996841430664,0.068966,0.06908654908713818,-50.50493621826172,0
1ACB,6,10.72801685333252,9.581954956054688,31.958187103271484,0.034483,0.04149019658434145,-49.84799575805664,2
1ACB,7,9.372190475463867,8.369095802307129,29.991535186767578,0.0,0.035158291347043534,-53.608280181884766,0
1ACB,8,4.416679382324219,4.421836853027344,12.779146194458008,0.172414,0.19411095791703295,-59.91164779663086,0
1ACB,9,8.585390090942383,8.520933151245117,29.02399253845215,0.0,0.036350077447944384,-45.09457778930664,1
1ACB,10,5.6715006828308105,5.646761894226074,14.087518692016602,0.103448,0.1454178447306839,-42.886024475097656,2
1ACB,11,4.309237480163574,3.736783742904663,12.74315357208252,0.310345,0.2523463266004584,-46.72003936767578,3
1ACB,12,8.144522666931152,7.495463848114014,24.019845962524414,0.137931,0.0959092057996331,-48.65906524658203,2
1ACB,13,7.015918254852295,7.306369304656982,16.424392700195312,0.0,0.083898104583851,-52.58106231689453,0
1ACB,14,8.1622953414917,8.694520950317383,24.00688934326172,0.034483,0.05826126122732463,-42.53937530517578,0
3H2V,0,18.483428955078125,19.71718978881836,49.30495071411133,0.0,0.011538982541049174,-53.436222076416016,0
3H2V,1,18.748477935791016,21.605199813842773,49.84250259399414,0.0,0.011019368172938119,-47.05766296386719,0
3H2V,2,15.179229736328125,16.15432357788086,44.2773323059082,0.0,0.014697177533558694,-50.01270294189453,0
3H2V,3,11.376853942871094,13.32712173461914,31.270151138305664,0.0,0.02710478709684004,-38.6264762878418,1
3H2V,4,18.205366134643555,21.1218318939209,49.6890869140625,0.0,0.01114962514890328,-53.030635833740234,0
3H2V,5,14.871087074279785,14.746057510375977,42.88103103637695,0.0,0.01601606531120781,-37.03711700439453,4
3H2V,6,13.492338180541992,11.805570602416992,41.894508361816406,0.0,0.018474823120829265,-44.52060317993164,0
3H2V,7,12.967733383178711,13.962165832519531,41.99497604370117,0.0,0.016921911116570203,-49.87772750854492,0
3H2V,8,13.54310417175293,14.239446640014648,41.428192138671875,0.0,0.017123645940875246,-47.99569320678711,0
3H2V,9,13.683854103088379,12.316486358642578,43.595123291015625,0.0,0.017079628842461548,-40.9178581237793,1
3H2V,10,17.495729446411133,20.25539779663086,48.84054183959961,0.0,0.01161738449748709,-37.116859436035156,3
3H2V,11,18.305133819580078,20.98811912536621,49.81143569946289,0.0,0.011125714869393755,-53.34176254272461,0
3H2V,12,14.673970222473145,13.59221076965332,45.09914779663086,0.0,0.0154453204900313,-56.73027420043945,0
3H2V,13,13.926774978637695,15.394804000854492,44.68740463256836,0.0,0.014773675567679565,-51.03151321411133,0
3H2V,14,12.874239921569824,13.715965270996094,41.59187316894531,0.0,0.017303323726213023,-41.94208526611328,0
5CBA,0,9.186259269714355,12.071307182312012,21.24502182006836,0.0,0.0510643037034122,-42.80197525024414,0
5CBA,1,8.442291259765625,10.652634620666504,19.607736587524414,0.0,0.05921251596873422,-45.1876335144043,0
5CBA,2,8.666009902954102,11.243227005004883,20.031190872192383,0.0,0.05669183258329812,-35.77067184448242,2
5CBA,3,9.05594539642334,12.08934497833252,20.644214630126953,0.0,0.053371868959902403,-42.93772888183594,0
5CBA,4,9.446968078613281,12.5191011428833,21.777965545654297,0.0,0.048783549043010126,-38.915130615234375,0
5CBA,5,8.314533233642578,10.13996410369873,19.983564376831055,0.0,0.05820623847515383,-34.18026351928711,1
5CBA,6,12.295890808105469,11.739930152893066,30.030860900878906,0.0,0.030077848202829136,-29.369220733642578,30
5CBA,7,9.006878852844238,12.505845069885254,20.321603775024414,0.0,0.05436159234427138,-36.72441864013672,1
5CBA,8,9.159698486328125,11.892842292785645,20.93252182006836,0.0,0.05240290279446661,-40.79042053222656,0
5CBA,9,8.318342208862305,10.834607124328613,19.99924087524414,0.0,0.05726915329005361,-40.28709411621094,0
5CBA,10,9.326412200927734,12.566460609436035,21.416574478149414,0.0,0.050044183422750514,-44.00526809692383,0
5CBA,11,9.301815032958984,9.220821380615234,22.307775497436523,0.0,0.05085352040287008,-28.432029724121094,17
5CBA,12,14.394278526306152,15.474074363708496,34.909080505371094,0.0,0.021759381880087098,-23.711658477783203,41
5CBA,13,9.13509464263916,11.698941230773926,21.04737663269043,0.0,0.05213299854964067,-39.063228607177734,1
5CBA,14,8.0452241897583,10.190031051635742,18.362401962280273,0.0,0.06589161605863396,-37.408687591552734,1
6A0Z,0,26.762048721313477,24.092594146728516,60.75228500366211,0.0,0.007686987029603128,-27.9917049407959,58
6A0Z,1,22.38627052307129,17.734045028686523,44.043155670166016,0.0,0.014337377946442478,-22.704309463500977,65
6A0Z,2,34.50105667114258,16.91619873046875,74.85118865966797,0.0,0.006844280873966028,-31.177162170410156,25
6A0Z,3,22.69071388244629,13.86621379852295,41.52932357788086,0.0,0.017258060436221,-23.153732299804688,41
6A0Z,4,17.638763427734375,15.725503921508789,32.00223922729492,0.0,0.02497147390442232,-24.15867805480957,3
6A0Z,5,19.133516311645508,16.083984375,34.018348693847656,0.0,0.022462113270170503,-23.030733108520508,9
6A0Z,6,22.606733322143555,16.456371307373047,40.73530578613281,0.0,0.01665464472098421,-20.884592056274414,3
6A0Z,7,19.82166290283203,17.352676391601562,35.30189895629883,0.0,0.020738331504166558,-22.41765594482422,21
6A0Z,8,24.070104598999023,17.449951171875,43.53205108642578,0.0,0.0146868673756781,-20.516746520996094,57
6A0Z,9,31.682971954345703,12.74355411529541,59.08158874511719,0.0,0.011314672572341455,-16.662208557128906,98
6A0Z,10,33.24355697631836,16.563583374023438,73.77513122558594,0.0,0.0070783366412162955,-31.890037536621094,19
6A0Z,11,17.882308959960938,16.59257698059082,31.578468322753906,0.0,0.025221453969919882,-18.60727310180664,5
6A0Z,12,32.13819885253906,12.557721138000488,61.969482421875,0.0,0.01084460887381942,-15.311336517333984,102
6A0Z,13,24.363296508789062,18.914852142333984,49.15768051147461,0.0,0.011760174727584047,-18.80780792236328,73
6A0Z,14,23.61819076538086,16.30854034423828,39.54365539550781,0.0,0.017517535502023274,-22.886316299438477,6
5SV3,0,16.955219268798828,13.742405891418457,27.552936553955078,0.0,0.032891275636052486,-52.0546875,0
5SV3,1,11.126486778259277,9.39223575592041,24.15110206604004,0.0625,0.06586287516629673,-53.269073486328125,0
5SV3,2,19.07006072998047,16.473426818847656,27.42311668395996,0.0,0.03195850244271744,-39.92024230957031,1
5SV3,3,16.754669189453125,15.959088325500488,25.085912704467773,0.0,0.03724754166305096,-49.79051208496094,0
5SV3,4,18.051698684692383,18.64457893371582,40.34722900390625,0.0,0.016309077413712594,-44.096988677978516,3
5SV3,5,17.273670196533203,17.48882484436035,24.2866268157959,0.0,0.038808902624302165,-39.11962890625,5
5SV3,6,18.216670989990234,16.292327880859375,26.4592227935791,0.0,0.033984024326889066,-39.04126739501953,2
5SV3,7,13.568978309631348,11.566706657409668,27.224279403686523,0.0,0.03512095122460885,-50.35521697998047,0
5SV3,8,17.70989990234375,17.724178314208984,30.00541877746582,0.0,0.027132882808102204,-41.7115478515625,4
5SV3,9,15.623332023620605,12.845211029052734,27.838626861572266,0.0,0.03290998148028124,-56.023006439208984,0
5SV3,10,16.686418533325195,13.384044647216797,26.85945701599121,0.125,0.07614543835537187,-40.91436767578125,0
5SV3,11,12.249038696289062,13.528739929199219,23.615558624267578,0.0,0.04227887184847016,-53.42958450317383,0
5SV3,12,18.221845626831055,16.655899047851562,26.007617950439453,0.0,0.03485092087857354,-38.64668273925781,4
5SV3,13,17.618799209594727,18.20482635498047,30.988243103027344,0.0,0.02557254189021226,-40.21390914916992,3
5SV3,14,18.23003387451172,18.313480377197266,36.00005340576172,0.0,0.019822852842904342,-43.18000411987305,6
1M10,0,18.426633834838867,19.343542098999023,41.77685546875,0.166667,0.07079850467961764,-40.28403091430664,3
1M10,1,19.048181533813477,21.679431915283203,45.79355239868164,0.0,0.012690043786044379,-44.250572204589844,0
1M10,2,19.94754981994629,23.581884384155273,52.4077262878418,0.0,0.009886995663036432,-37.88806915283203,0
1M10,3,7.638454914093018,9.412286758422852,26.33678436279297,0.0,0.0397016356597677,-38.87359619140625,7
1M10,4,11.968645095825195,12.677420616149902,24.20258331298828,0.0,0.041202132923945554,-39.68965530395508,1
1M10,5,26.287445068359375,32.52308654785156,88.67548370361328,0.0,0.0037423968680577236,0.0,0
1M10,6,21.506980895996094,25.06766700744629,57.0931510925293,0.0,0.008417427976453392,-42.8235969543457,0
1M10,7,16.799732208251953,21.523998260498047,56.52918243408203,0.0,0.008980953836730894,-35.43144989013672,2
1M10,8,10.328585624694824,10.820892333984375,23.63019561767578,0.0,0.044473426797637494,-39.23067855834961,4
1M10,9,18.870235443115234,21.20758056640625,48.2942008972168,0.0,0.011674859684022182,-39.44319152832031,2
1M10,10,18.925254821777344,18.977365493774414,39.94405746459961,0.0,0.016509964767817537,-43.00020980834961,13
1M10,11,17.176246643066406,16.871925354003906,35.88187789916992,0.0,0.02032551297061343,-44.46357727050781,1
1M10,12,18.556066513061523,19.9796199798584,44.38908386230469,0.055556,0.032177256252241604,-42.31250762939453,2
1M10,13,17.719749450683594,17.706430435180664,51.196983337402344,0.0,0.01131683701914264,-40.508628845214844,4
1M10,14,18.990827560424805,20.901885986328125,45.95463562011719,0.0,0.012734658873582272,-42.26361083984375,5
2FJU,0,9.655583381652832,11.268451690673828,24.65598487854004,0.0,0.041211635790376684,-33.310752868652344,7
2FJU,1,24.319625854492188,17.046985626220703,67.15908813476562,0.0,0.007816434739511479,-29.860713958740234,22
2FJU,2,27.562772750854492,15.648977279663086,67.55756378173828,0.0,0.008229255545846722,-19.843887329101562,120
2FJU,3,25.896764755249023,24.89600372314453,70.71572875976562,0.0,0.00595305823153315,-26.122459411621094,38
2FJU,4,28.913633346557617,18.10649299621582,75.73457336425781,0.0,0.006418669430100918,-28.19767189025879,42
2FJU,5,22.556455612182617,14.478755950927734,60.90037155151367,0.0,0.009909056228501538,-31.85764503479004,20
2FJU,6,27.4804744720459,16.71645736694336,72.0911636352539,0.0,0.007232926908830723,-28.997915267944336,35
2FJU,7,24.645092010498047,16.216169357299805,67.54161834716797,0.0,0.008024862558652014,-29.69672203063965,20
2FJU,8,18.06207847595215,16.893037796020508,53.54524612426758,0.0,0.010801004308153948,-32.61231231689453,8
2FJU,9,21.29225730895996,19.387632369995117,62.28525924682617,0.0,0.008077861400818754,-28.80398178100586,16
2FJU,10,24.8286075592041,21.228351593017578,65.44164276123047,0.0,0.007186242265861354,-20.650400161743164,67
2FJU,11,24.51956558227539,18.48276138305664,66.112060546875,0.0,0.007601549682417605,-24.29808807373047,44
2FJU,12,24.437084197998047,18.897050857543945,67.67446899414062,0.0,0.007264001848466606,-25.827171325683594,41
2FJU,13,22.26706886291504,14.554009437561035,60.29859161376953,0.0,0.009998207944846203,-30.985023498535156,21
2FJU,14,27.391876220703125,22.622648239135742,71.8479232788086,0.0,0.006060042684433543,-23.918949127197266,48
1AHW,0,17.356571197509766,18.600252151489258,34.96560287475586,0.0,0.020753232629911474,-24.980358123779297,4
1AHW,1,22.05657386779785,19.585874557495117,43.21461868286133,0.0,0.014359396264880316,-24.330442428588867,1
1AHW,2,19.493621826171875,17.110183715820312,39.040523529052734,0.0,0.017628209587031127,-27.0331974029541,8
1AHW,3,15.218212127685547,14.558602333068848,32.24245834350586,0.0,0.025162414058712612,-26.35825538635254,4
1AHW,4,15.224186897277832,19.094741821289062,35.265785217285156,0.0,0.020345821095678108,-32.93189239501953,0
1AHW,5,19.64550018310547,18.108104705810547,38.9099006652832,0.0,0.017454417239237612,-26.439321517944336,5
1AHW,6,26.633804321289062,20.42184066772461,59.743770599365234,0.0,0.008402139987736609,-30.815406799316406,6
1AHW,7,17.24944496154785,15.094841957092285,37.073360443115234,0.0,0.019906657507521186,-28.2052059173584,2
1AHW,8,18.90859031677246,17.981334686279297,37.663063049316406,0.0,0.01845870333219464,-25.185718536376953,13
1AHW,9,18.86957359313965,16.970701217651367,37.87724304199219,0.0,0.018565598738295466,-22.928897857666016,17
1AHW,10,22.905546188354492,22.837356567382812,47.20492935180664,0.0,0.011900345064839153,-28.0279598236084,9
1AHW,11,26.146682739257812,20.28599739074707,58.959354400634766,0.0,0.008599584231891002,-29.845653533935547,7
1AHW,12,17.637853622436523,18.53803253173828,36.20689010620117,0.0,0.019579659089275975,-29.613367080688477,2
1AHW,13,16.500930786132812,19.14444923400879,34.996578216552734,0.0,0.02060218475682749,-34.50486373901367,0
1AHW,14,15.470560073852539,16.08908462524414,34.568389892578125,0.0,0.02187716965119871,-22.118911743164062,11
1OC0,0,11.4664306640625,16.82663917541504,42.1656494140625,0.0,0.015644688731544513,-47.921451568603516,0
1OC0,1,10.549449920654297,16.688846588134766,39.075599670410156,0.0,0.017731308944730125,-51.40287399291992,0
1OC0,2,3.8876454830169678,7.845835208892822,12.999320030212402,0.0,0.1115887765654472,-63.416015625,0
1OC0,3,8.921934127807617,13.157048225402832,35.04239273071289,0.0,0.022799483423852292,-52.80390930175781,0
1OC0,4,10.332598686218262,13.68813419342041,39.892738342285156,0.0,0.01843131881260378,-55.43025207519531,0
1OC0,5,10.636536598205566,14.990918159484863,40.252498626708984,0.0,0.017533619323584822,-42.09419250488281,1
1OC0,6,9.380047798156738,12.920774459838867,36.04946517944336,0.0,0.021988548835989,-51.729583740234375,0
1OC0,7,5.019303321838379,9.042919158935547,17.659099578857422,0.0,0.07162767806420503,-66.01067352294922,0
1OC0,8,10.410431861877441,12.544265747070312,39.46905517578125,0.0,0.019473535488719256,-56.13662338256836,0
1OC0,9,17.168079376220703,23.167959213256836,60.693275451660156,0.0,0.00780354785160195,-39.51945495605469,9
1OC0,10,7.956701755523682,11.798446655273438,31.39429473876953,0.0,0.028068366836426745,-50.39896011352539,0
1OC0,11,17.70407485961914,22.15138053894043,61.465152740478516,0.0,0.007776564858941755,-43.06436538696289,9
1OC0,12,19.386444091796875,25.59181022644043,69.1676025390625,0.0,0.0061003055625322355,-41.47829818725586,2
1OC0,13,7.3769707679748535,9.891322135925293,28.957435607910156,0.0,0.03393583391722636,-56.35723114013672,0
1OC0,14,9.462823867797852,13.307934761047363,37.41699981689453,0.0,0.02053956896447104,-54.36882781982422,0
2O3B,0,12.749662399291992,12.249682426452637,22.048982620239258,0.75,0.29805292747847983,-41.462398529052734,1
2O3B,1,12.810847282409668,12.598695755004883,21.9709529876709,0.75,0.2980545688776212,-42.028873443603516,2
2O3B,2,6.594769477844238,6.180187702178955,15.489714622497559,0.0,0.09568918236900063,-42.530189514160156,1
2O3B,3,7.086886405944824,7.481296062469482,13.020615577697754,0.0,0.11248802788286476,-34.203495025634766,11
2O3B,4,19.50926399230957,15.448104858398438,59.5007209777832,0.0,0.009779911639932727,-40.73454284667969,1
2O3B,5,6.766391277313232,6.6374831199646,13.439705848693848,0.5,0.2781010422685483,-47.821563720703125,0
2O3B,6,7.144486904144287,7.2746992111206055,13.801624298095703,0.0,0.10525806592956655,-44.180091857910156,0
2O3B,7,2.703479766845703,2.6898081302642822,6.037732124328613,0.0,0.30062087953887334,-43.907772064208984,0
2O3B,8,7.942901134490967,7.898077487945557,14.363431930541992,0.5,0.26472835573560005,-34.062538146972656,8
2O3B,9,4.427191257476807,3.945958137512207,10.879631042480469,0.0,0.16843067562553013,-46.52065658569336,2
2O3B,10,1.9911038875579834,1.3488984107971191,6.15157413482666,0.0,0.40305330961330016,-49.19418716430664,0
2O3B,11,10.50390911102295,8.241923332214355,24.318466186523438,0.0,0.04697678784043647,-32.08382034301758,8
2O3B,12,5.898983478546143,5.960793972015381,11.979232788085938,0.0,0.1314762802387295,-43.74395751953125,0
2O3B,13,10.405561447143555,9.813030242919922,18.72173500061035,0.5,0.23124516981661128,-37.80821990966797,1
2O3B,14,7.325100421905518,6.3539228439331055,22.710590362548828,0.0,0.05855300096977325,-32.6314811706543,2
1KXP,0,29.97576141357422,34.43727493286133,87.82329559326172,0.0,0.0037247036297053115,-24.008825302124023,8
1KXP,1,24.4440860748291,21.814088821411133,38.93450927734375,0.0,0.016733127508912357,-22.482847213745117,13
1KXP,2,25.804763793945312,22.486299514770508,44.03086471557617,0.0,0.013452712134469129,-19.2393856048584,29
1KXP,3,23.74636459350586,25.14740753173828,85.74420166015625,0.0,0.004425612900884228,-24.939149856567383,15
1KXP,4,11.922907829284668,8.67603874206543,27.82032012939453,0.0,0.03813435633221816,-22.002519607543945,16
1KXP,5,7.097216606140137,8.152653694152832,24.061254501342773,0.0,0.04789787467774556,-23.748714447021484,23
1KXP,6,25.130353927612305,21.81612777709961,81.74886322021484,0.0,0.005133596438166704,-24.82727813720703,19
1KXP,7,30.613569259643555,30.38786506652832,74.6392593383789,0.0,0.005077842875836614,-25.26543617248535,16
1KXP,8,24.163896560668945,19.71010971069336,45.30925750732422,0.0,0.01325182238518479,-28.855422973632812,4
1KXP,9,23.78349494934082,22.227527618408203,44.58066177368164,0.0,0.013203867400644836,-22.896068572998047,6
1KXP,10,19.64892578125,16.537622451782227,58.221588134765625,0.166667,0.06523206428004573,-29.09622573852539,14
1KXP,11,22.572490692138672,24.82040786743164,88.75675201416016,0.0,0.0042423441065937645,-26.96236801147461,13
1KXP,12,22.995803833007812,17.67757225036621,75.37371063232422,0.0,0.006568766550254794,-26.035381317138672,37
1KXP,13,30.046056747436523,24.925830841064453,66.34986877441406,0.0,0.006585081760924112,-29.045026779174805,22
1KXP,14,29.91356658935547,27.38719940185547,72.73939514160156,0.0,0.005487351234894914,-25.648290634155273,30
1UDI,0,10.462424278259277,11.33652114868164,23.79781723022461,0.0,0.04344893006987651,-43.54466247558594,0
1UDI,1,11.334765434265137,13.762321472167969,25.290607452392578,0.0,0.0377446826164187,-37.04784393310547,3
1UDI,2,10.026850700378418,10.64654541015625,23.31913948059082,0.0,0.04558222195881408,-48.65101623535156,0
1UDI,3,9.770477294921875,10.332249641418457,23.188682556152344,0.0,0.046363534004194816,-47.91304016113281,0
1UDI,4,12.293356895446777,14.687612533569336,27.20203399658203,0.0,0.03309269657325946,-39.49580001831055,2
1UDI,5,9.273079872131348,10.30056381225586,22.030574798583984,0.0,0.05011325807957007,-49.80908966064453,0
1UDI,6,10.52422046661377,11.63171672821045,24.71271324157715,0.0,0.0407154332122338,-47.85908889770508,0
1UDI,7,14.875568389892578,14.170616149902344,39.8387565612793,0.0,0.018207038995973833,-42.78178405761719,0
1UDI,8,14.123845100402832,14.193502426147461,36.113277435302734,0.0,0.021178882479682835,-45.91727066040039,0
1UDI,9,9.832610130310059,10.808350563049316,23.854290008544922,0.0,0.04385405738192116,-48.08863830566406,0
1UDI,10,10.193077087402344,10.898177146911621,24.282760620117188,0.0,0.042582327618933095,-43.238555908203125,0
1UDI,11,7.5086517333984375,9.073348999023438,20.28323745727539,0.0,0.05866176036131604,-46.92662048339844,0
1UDI,12,16.630735397338867,14.91572380065918,42.72980880737305,0.0,0.016025572275435,-54.07408142089844,0
1UDI,13,14.375767707824707,14.199678421020508,39.79275894165039,0.0,0.01822420957766732,-49.330020904541016,0
1UDI,14,11.576923370361328,13.737030982971191,26.5391845703125,0.0,0.03493971738903633,-40.51670455932617,0
3SGQ,0,11.768919944763184,10.632999420166016,37.5416259765625,0.0,0.022758857684364957,-39.67888641357422,10
3SGQ,1,12.92534351348877,12.16650104522705,37.636741638183594,0.0,0.02116750960034808,-64.59080505371094,0
3SGQ,2,10.350357055664062,10.339123725891113,32.02192306518555,0.0,0.028812178591276816,-42.537391662597656,1
3SGQ,3,11.847397804260254,10.695137977600098,37.81071472167969,0.0,0.022465505640636096,-38.699337005615234,4
3SGQ,4,10.917828559875488,11.008559226989746,35.03730773925781,0.0,0.02460350073081467,-47.23175048828125,0
3SGQ,5,10.624178886413574,11.764100074768066,30.248180389404297,0.0,0.0297281481700078,-42.483001708984375,2
3SGQ,6,10.485736846923828,10.296955108642578,34.38195037841797,0.0,0.026126228430892254,-55.4876823425293,0
3SGQ,7,11.949053764343262,10.767682075500488,37.64641189575195,0.0,0.022514266114044338,-42.44629669189453,5
3SGQ,8,7.862260818481445,8.210716247558594,23.667465209960938,0.1,0.08218151097412175,-57.1328239440918,0
3SGQ,9,10.60494327545166,11.001078605651855,31.504823684692383,0.0,0.028701644101261563,-51.535770416259766,0
3SGQ,10,9.39040470123291,9.599647521972656,29.1729736328125,0.0,0.03402826731666647,-57.57083511352539,0
3SGQ,11,10.796900749206543,11.352952003479004,32.74482345581055,0.0,0.026762255562247556,-59.876487731933594,0
3SGQ,12,10.727240562438965,11.440042495727539,31.23568344116211,0.0,0.028615900784849258,-57.073890686035156,0
3SGQ,13,12.906828880310059,12.105351448059082,37.928993225097656,0.0,0.02098084155030022,-40.77726745605469,4
3SGQ,14,10.345959663391113,10.126816749572754,32.71832275390625,0.0,0.028231425344130544,-49.44929885864258,0
3VLB,0,26.008207321166992,28.442594528198242,85.42164611816406,0.0,0.004192668535623653,-45.994224548339844,0
3VLB,1,27.663349151611328,31.981477737426758,89.95205688476562,0.0,0.0036817402126688714,-36.530128479003906,0
3VLB,2,30.991182327270508,33.33195495605469,86.7562026977539,0.0,0.0038430145661388537,-38.24776840209961,0
3VLB,3,18.609024047851562,19.773345947265625,39.3472900390625,0.0,0.01676929754754811,-40.21735763549805,0
3VLB,4,24.85150909423828,26.864242553710938,81.06330871582031,0.0,0.004661092741279087,-45.66414260864258,0
3VLB,5,13.434365272521973,15.424422264099121,33.11607360839844,0.0,0.023725869072790073,-40.60056686401367,0
3VLB,6,27.065235137939453,30.14849281311035,88.02710723876953,0.0,0.003902414896815656,-42.69570541381836,0
3VLB,7,22.22439193725586,27.22687530517578,58.99722671508789,0.0,0.007787127655277843,-35.5393180847168,0
3VLB,8,11.272016525268555,13.015911102294922,28.940256118774414,0.0,0.030840357465626814,-30.970420837402344,0
3VLB,9,26.091365814208984,26.341318130493164,71.58304595947266,0.0,0.0057120425982488225,-44.7504768371582,1
3VLB,10,24.686487197875977,28.089601516723633,70.76703643798828,0.0,0.005688441627118449,-44.54540252685547,0
3VLB,11,28.54538917541504,31.60674476623535,88.98857879638672,0.0,0.003762799210390374,-49.11507797241211,0
3VLB,12,26.601686477661133,28.367525100708008,72.34072875976562,0.0,0.005468780185656161,-42.01603698730469,0
3VLB,13,12.385515213012695,16.697040557861328,30.45794105529785,0.0,0.02675351880893953,-28.939510345458984,0
3VLB,14,21.686803817749023,22.736839294433594,69.55615997314453,0.0,0.006349138302060042,-39.40069580078125,2
1JWH,0,25.974388122558594,14.766864776611328,61.44357681274414,0.0,0.009663662529360548,-23.479623794555664,1
1JWH,1,32.68465805053711,17.283809661865234,81.67790985107422,0.0,0.006063183199488078,-27.62952423095703,12
1JWH,2,29.877395629882812,25.454627990722656,80.87342071533203,0.0,0.004795461069536444,-26.498807907104492,18
1JWH,3,16.96515655517578,15.306730270385742,29.94082260131836,0.0,0.028032055649510765,-21.11805534362793,3
1JWH,4,21.821712493896484,12.060015678405762,46.97056579589844,0.0,0.01564796087625846,-19.095623016357422,4
1JWH,5,30.070085525512695,27.64971160888672,78.70022583007812,0.0,0.004821655178705441,-26.285276412963867,15
1JWH,6,16.68741226196289,15.123880386352539,36.43459701538086,0.0,0.02045271058224344,-29.733051300048828,0
1JWH,7,33.456031799316406,16.711198806762695,79.6421127319336,0.0,0.00641831825655084,-26.645814895629883,14
1JWH,8,24.87148666381836,28.08344078063965,69.99293518066406,0.0,0.005792763194317454,-28.253816604614258,0
1JWH,9,25.397005081176758,22.243427276611328,58.959590911865234,0.0,0.00829593051899046,-19.858631134033203,10
1JWH,10,20.339139938354492,11.323514938354492,39.779266357421875,0.0,0.020303389026283324,-27.28803825378418,1
1JWH,11,24.4525203704834,23.995018005371094,59.004878997802734,0.0,0.008074287852497116,-23.411184310913086,1
1JWH,12,32.566383361816406,27.380508422851562,80.23126220703125,0.0,0.004697248539899331,-24.15157699584961,7
1JWH,13,18.079509735107422,16.134979248046875,31.577402114868164,0.0,0.025376978861472263,-18.68579864501953,4
1JWH,14,30.65044403076172,16.755176544189453,77.80696868896484,0.0,0.0065815273784227525,-22.701642990112305,1
5WHK,0,23.398696899414062,12.940658569335938,50.75722122192383,0.4,0.146845661247699,-14.89152717590332,10
5WHK,1,33.041595458984375,22.34821319580078,71.3048324584961,0.0,0.006165302898231677,-26.886470794677734,0
5WHK,2,20.397884368896484,13.608935356140137,35.38467788696289,0.0,0.02218635930239631,-14.107010841369629,9
5WHK,3,23.551410675048828,11.433767318725586,42.96908950805664,0.0,0.01819250570661329,-9.358375549316406,36
5WHK,4,30.212116241455078,17.793476104736328,60.871917724609375,0.0,0.008727377638175564,-17.835020065307617,4
5WHK,5,27.27027702331543,17.895671844482422,48.82282257080078,0.0,0.012131789703206705,-15.210265159606934,4
5WHK,6,30.32447624206543,21.764684677124023,71.63343811035156,0.0,0.0062039974116147945,-26.26746368408203,12
5WHK,7,29.763818740844727,15.351439476013184,53.76124572753906,0.0,0.011281700015784138,-11.990682601928711,40
5WHK,8,27.38493537902832,16.700618743896484,73.87202453613281,0.0,0.007023077954725441,-29.41707420349121,3
5WHK,9,29.07550621032715,18.373403549194336,54.38540267944336,0.0,0.010155210185024232,-17.986007690429688,3
5WHK,10,32.7175407409668,19.83511734008789,67.4307632446289,0.0,0.007109255204467368,-22.00820541381836,0
5WHK,11,29.873313903808594,26.1639347076416,81.51976776123047,0.0,0.0046770629811382835,-13.383918762207031,2
5WHK,12,26.21078109741211,21.342288970947266,80.16016387939453,0.0,0.005344797487300626,-17.227092742919922,13
5WHK,13,24.96645164489746,14.255171775817871,52.521751403808594,0.0,0.012158000719512424,-18.528860092163086,2
5WHK,14,24.960582733154297,16.8519344329834,43.57061767578125,0.066667,0.03706355120913548,-14.113807678222656,5
2Z0E,0,11.337223052978516,11.700798988342285,23.939603805541992,0.0,0.042707513523648155,-32.89723205566406,9
2Z0E,1,14.385241508483887,13.89781665802002,39.06174087524414,0.0,0.018908559653108892,-49.12162780761719,0
2Z0E,2,68.52763366699219,84.62867736816406,203.59146118164062,0.0,0.0006847038103167353,0.0,0
2Z0E,3,5.3704729080200195,6.031210899353027,13.237430572509766,0.0,0.11673165279598104,-47.8505973815918,0
2Z0E,4,5.943971157073975,6.516066551208496,13.944315910339355,0.066667,0.12930069514607404,-47.95444869995117,0
2Z0E,5,11.619281768798828,11.5902681350708,25.48594856262207,0.0,0.038857532895454246,-34.47955322265625,2
2Z0E,6,13.72388744354248,15.22729206085205,45.44873809814453,0.0,0.014468755846393495,-44.62699890136719,0
2Z0E,7,3.741854190826416,4.861164093017578,10.801725387573242,0.133333,0.2008973116388053,-35.603271484375,8
2Z0E,8,14.674846649169922,14.72573471069336,45.90679931640625,0.0,0.014472138320163244,-53.14853286743164,0
2Z0E,9,18.809354782104492,18.0437068939209,53.525840759277344,0.0,0.010487039235853741,-48.289276123046875,0
2Z0E,10,7.857353687286377,8.378698348999023,19.056304931640625,0.0,0.06566563950031841,-41.52574157714844,0
2Z0E,11,7.015385150909424,7.6945600509643555,22.726966857910156,0.0,0.053108632947576534,-41.38023376464844,2
2Z0E,12,15.552274703979492,13.513079643249512,41.58371353149414,0.0,0.017426092339347648,-35.271453857421875,3
2Z0E,13,7.6242876052856445,7.716861248016357,17.79615592956543,0.033333,0.08516526997449347,-44.79158020019531,0
2Z0E,14,17.649906158447266,16.833311080932617,49.69532012939453,0.0,0.012100588959899376,-48.78167724609375,0
2W9E,0,7.793440818786621,10.01740550994873,21.651376724243164,0.0,0.05182374001185317,-27.24789810180664,2
2W9E,1,10.140494346618652,9.408802032470703,24.980751037597656,0.0,0.04285031807468711,-28.870647430419922,7
2W9E,2,18.31693458557129,16.807025909423828,50.650882720947266,0.0,0.011764325236824996,-25.559659957885742,19
2W9E,3,18.749635696411133,13.42879867553711,51.0491943359375,0.0,0.01309985132035973,-27.647459030151367,12
2W9E,4,9.210345268249512,9.79887866973877,22.72150421142578,0.0,0.048554273940820576,-26.518531799316406,20
2W9E,5,9.260149002075195,8.807579040527344,22.256349563598633,0.0,0.05182621709002208,-27.0994930267334,13
2W9E,6,9.461681365966797,9.309581756591797,22.883838653564453,0.0,0.048848405193971815,-30.098711013793945,6
2W9E,7,16.99220085144043,19.37533950805664,46.77263641357422,0.0,0.012642620492019032,-24.371793746948242,18
2W9E,8,8.464539527893066,10.014888763427734,21.42433738708496,0.0,0.05264679129028325,-33.3092155456543,0
2W9E,9,16.01972198486328,17.543468475341797,44.165706634521484,0.0,0.014324761043308855,-26.39109230041504,17
2W9E,10,7.801435470581055,7.754894733428955,19.141921997070312,0.0,0.06692311947186223,-27.78203582763672,9
2W9E,11,7.815084934234619,7.895753860473633,19.153268814086914,0.0,0.0664585001650818,-30.925315856933594,3
2W9E,12,10.408668518066406,12.398366928100586,26.13154411315918,0.0,0.03670254181196286,-24.568096160888672,34
2W9E,13,7.659777641296387,9.400273323059082,20.069168090820312,0.0,0.058976221443012615,-34.40036392211914,0
2W9E,14,7.090977668762207,7.495960235595703,17.65505599975586,0.0,0.07555882044645795,-29.393590927124023,8
3S9D,0,10.736223220825195,7.800227642059326,27.509950637817383,0.0,0.04093651538116905,-41.901771545410156,0
3S9D,1,19.363677978515625,17.39673614501953,59.99171447753906,0.0,0.00901982317317706,-48.76631164550781,0
3S9D,2,14.806146621704102,12.175638198852539,40.83580780029297,0.0,0.018825997931601873,-38.984100341796875,1
3S9D,3,11.318599700927734,10.88113021850586,34.41912078857422,0.0,0.025376884061205432,-48.469627380371094,0
3S9D,4,14.912415504455566,12.324043273925781,24.400005340576172,0.0,0.04093989897335649,-48.09224319458008,0
3S9D,5,73.4420166015625,87.73175811767578,199.04840087890625,0.0,0.0007041613028256774,0.0,0
3S9D,6,14.128777503967285,14.157273292541504,27.869640350341797,0.0,0.03206825736196354,-39.464717864990234,0
3S9D,7,15.740242958068848,13.638460159301758,36.61930847167969,0.0,0.021025318619092768,-40.341068267822266,2
3S9D,8,14.960681915283203,16.245336532592773,23.762388229370117,0.0,0.0406311456245041,-48.91173553466797,0
3S9D,9,12.690364837646484,13.82109546661377,24.241695404052734,0.0,0.040375414604255526,-49.446529388427734,0
3S9D,10,6.0691938400268555,6.146214962005615,11.861791610717773,0.0,0.13183056502991233,-33.9288215637207,0
3S9D,11,15.217902183532715,15.49973201751709,24.509197235107422,0.0,0.03888055054006969,-49.84025192260742,0
3S9D,12,15.254075050354004,16.771652221679688,24.404298782348633,0.0,0.0387077676568496,-47.05403518676758,0
3S9D,13,12.424199104309082,8.987262725830078,20.600229263305664,0.0,0.05752841427293332,-36.027164459228516,1
3S9D,14,4.613496780395508,4.8434858322143555,8.849403381347656,0.0,0.1891285767599569,-35.04084014892578,0
1AY7,0,11.436199188232422,8.996939659118652,19.868778228759766,0.0,0.06058325398024545,-40.0599479675293,0
1AY7,1,7.4650373458862305,6.3686747550964355,14.079428672790527,0.2,0.1732250667015082,-36.824153900146484,0
1AY7,2,16.565105438232422,17.71882438659668,52.47529602050781,0.0,0.010894204443981448,-28.852706909179688,0
1AY7,3,5.174356460571289,4.286401271820068,11.453374862670898,0.2,0.2214198734069854,-38.58979034423828,0
1AY7,4,12.763060569763184,9.871756553649902,20.590585708618164,0.0,0.05605581210594126,-43.415531158447266,0
1AY7,5,6.815669536590576,5.601126194000244,14.914770126342773,0.0,0.10402783782009946,-39.81844711303711,0
1AY7,6,8.556669235229492,6.818970680236816,18.578990936279297,0.0,0.07307958808504927,-44.22550582885742,0
1AY7,7,3.559987783432007,2.896059036254883,12.689453125,0.4,0.30708221428654336,-42.30310821533203,0
1AY7,8,13.890650749206543,10.401611328125,21.302867889404297,0.2,0.11923786103799909,-45.48318862915039,0
1AY7,9,4.158202171325684,3.556926965713501,9.116360664367676,0.0,0.205347998831641,-46.22542190551758,0
1AY7,10,3.9031102657318115,3.327937126159668,9.677996635437012,0.0,0.201440334881577,-51.16648864746094,0
1AY7,11,11.416650772094727,9.828561782836914,29.755666732788086,0.0,0.032735579778970965,-30.406702041625977,0
1AY7,12,7.1933488845825195,5.5811896324157715,22.38093376159668,0.0,0.06447410259588464,-44.9738655090332,0
1AY7,13,6.887194633483887,5.427897930145264,13.84445858001709,0.2,0.1815696971472542,-41.49352264404297,0
1AY7,14,12.510458946228027,9.319900512695312,19.29221534729004,0.0,0.06260460620974165,-43.32386779785156,0
1F6M,0,8.853604316711426,10.502042770385742,22.029390335083008,0.0,0.04985951733085029,-53.70097732543945,0
1F6M,1,20.12892723083496,17.28919792175293,57.81486511230469,0.0,0.009542933750845377,-52.381011962890625,0
1F6M,2,19.142152786254883,17.376863479614258,57.1314582824707,0.0,0.009684115619721026,-52.582584381103516,0
1F6M,3,19.07187843322754,17.83893394470215,57.176822662353516,0.0,0.009547730906139036,-48.33081817626953,0
1F6M,4,19.401851654052734,17.630577087402344,57.66523361206055,0.0,0.009483983035929913,-51.52911376953125,0
1F6M,5,8.90063762664795,10.919657707214355,21.52735137939453,0.0,0.05113209890132354,-50.86552810668945,0
1F6M,6,11.334505081176758,13.762393951416016,26.14344024658203,0.071429,0.059590643992575486,-44.874664306640625,5
1F6M,7,21.17047691345215,20.472042083740234,58.17909622192383,0.0,0.008746399814804405,-52.653953552246094,0
1F6M,8,9.1585054397583,10.86252498626709,22.293302536010742,0.0,0.04854506720322662,-52.05073547363281,0
1F6M,9,23.52692222595215,21.470443725585938,61.65731430053711,0.0,0.007835925894168717,-49.0883674621582,0
1F6M,10,19.954198837280273,18.357948303222656,57.91158676147461,0.0,0.009240239944771822,-42.05754852294922,1
1F6M,11,21.245342254638672,20.922374725341797,58.00544738769531,0.0,0.008711882408674413,-45.915122985839844,0
1F6M,12,11.125814437866211,13.561301231384277,25.809337615966797,0.071429,0.06045528916773962,-45.92393493652344,0
1F6M,13,19.544940948486328,17.89199447631836,57.623741149902344,0.0,0.009424973300076838,-47.20218276977539,0
1F6M,14,22.712491989135742,21.865901947021484,63.80913543701172,0.0,0.007373121551182638,-39.46958541870117,0
4FQI,0,33.27504348754883,13.053515434265137,90.04621124267578,0.0,0.007288160531552883,3.1470558643341064,83
4FQI,1,24.15481185913086,16.439891815185547,81.92398071289062,0.0,0.0063022214298064675,8.87384033203125,53
4FQI,2,24.345157623291016,15.451776504516602,88.59523010253906,0.0,0.006152238681116813,-3.914212226867676,144
4FQI,3,32.893714904785156,12.274100303649902,82.296142578125,0.0,0.008423485304410208,-2.560607671737671,152
4FQI,4,19.77447509765625,14.842338562011719,88.77825164794922,0.0,0.006397996870010649,7.233883380889893,72
4FQI,5,35.985107421875,18.7591495513916,67.83596801757812,0.0,0.007270364660429694,9.15534496307373,38
4FQI,6,35.97883224487305,12.703916549682617,55.14200210571289,0.0,0.012319892347355386,-3.40915846824646,92
4FQI,7,35.44009017944336,13.219893455505371,87.5224838256836,0.0,0.007351500989653328,6.8952250480651855,67
4FQI,8,37.7396240234375,15.197112083435059,80.91644287109375,0.0,0.006854212181438995,7.941101551055908,42
4FQI,9,34.697078704833984,13.586060523986816,90.74427795410156,0.0,0.006913562466318208,-8.172168731689453,163
4FQI,10,35.035919189453125,14.884387969970703,80.42589569091797,0.0,0.007033424532983387,2.3699886798858643,147
4FQI,11,39.493709564208984,17.28638458251953,68.00675964355469,0.0,0.0076183239427943285,5.025253772735596,93
4FQI,12,17.71119499206543,12.211355209350586,69.92863464355469,0.0,0.00980813394362489,10.069886207580566,38
4FQI,13,34.53390121459961,13.553450584411621,88.27542877197266,0.0,0.007095595344791319,0.6260650753974915,111
4FQI,14,34.781864166259766,15.370875358581543,56.41735076904297,0.0,0.010542964901172687,6.5393595695495605,49
1Z5Y,0,19.572650909423828,11.442488670349121,47.84396743774414,0.0,0.015830657780033966,-25.347156524658203,15
1Z5Y,1,17.991004943847656,12.739930152893066,53.99999237060547,0.0,0.012617069692216024,-35.300697326660156,0
1Z5Y,2,15.190503120422363,10.580460548400879,44.43376541137695,0.0,0.018335076857116498,-45.77539825439453,0
1Z5Y,3,7.537038803100586,6.294782638549805,17.593364715576172,0.0,0.08099303837754616,-29.25132942199707,4
1Z5Y,4,10.822805404663086,7.49662446975708,26.931194305419922,0.090909,0.07333166813875613,-31.25698471069336,3
1Z5Y,5,18.431123733520508,11.995381355285645,53.675323486328125,0.0,0.013286840376512845,-27.055246353149414,6
1Z5Y,6,11.37419605255127,8.633234024047852,33.09559631347656,0.0,0.030394734146078,-43.95942687988281,0
1Z5Y,7,10.227022171020508,6.875270366668701,28.649049758911133,0.0,0.0421140699795766,-32.70744323730469,2
1Z5Y,8,12.315572738647461,8.052988052368164,42.58892822265625,0.0,0.023946322091337745,-48.61967468261719,0
1Z5Y,9,15.053031921386719,10.61614990234375,34.144813537597656,0.0,0.02597598701775534,-33.100685119628906,3
1Z5Y,10,9.401029586791992,7.554052829742432,24.264141082763672,0.0,0.049079405761712165,-29.113296508789062,7
1Z5Y,11,9.944796562194824,7.339859485626221,37.80561828613281,0.0,0.029402735450310996,-50.69269943237305,0
1Z5Y,12,12.699722290039062,9.322096824645996,40.47004699707031,0.0,0.022495852324231406,-49.09682846069336,0
1Z5Y,13,17.409530639648438,12.545655250549316,54.818023681640625,0.0,0.012524180482871983,-38.480567932128906,0
1Z5Y,14,8.335979461669922,7.752485275268555,18.840078353881836,0.181818,0.12900970595246627,-30.79639434814453,1
2FD6,0,17.4833927154541,17.088703155517578,32.29716110229492,0.0,0.02414114315563048,-19.596202850341797,11
2FD6,1,27.652889251708984,22.92757797241211,59.583675384521484,0.0,0.008068988044225631,-34.974578857421875,2
2FD6,2,18.301467895507812,18.349365234375,32.304996490478516,0.0,0.023795422113651783,-18.135395050048828,4
2FD6,3,18.23891258239746,14.952188491821289,33.57720947265625,0.0,0.023396074109745608,-18.570133209228516,15
2FD6,4,16.70256805419922,17.81293487548828,36.08211135864258,0.0,0.019872792270740514,-18.770204544067383,6
2FD6,5,19.132322311401367,17.239849090576172,32.788204193115234,0.0,0.02349550215719377,-24.237581253051758,5
2FD6,6,18.525299072265625,14.4755277633667,34.099578857421875,0.0,0.02304140946109831,-23.856550216674805,3
2FD6,7,23.282102584838867,19.538524627685547,54.844539642333984,0.0,0.009771928490040311,-29.595542907714844,3
2FD6,8,19.309715270996094,19.5596866607666,45.62788009643555,0.0,0.013128858289449102,-36.26893615722656,0
2FD6,9,25.232778549194336,25.702157974243164,60.43608474731445,0.0,0.00759719915292324,-33.33610153198242,4
2FD6,10,18.621410369873047,17.91600799560547,35.46999740600586,0.0,0.020423028765496464,-17.70098304748535,12
2FD6,11,20.155622482299805,21.39895248413086,40.25967788696289,0.0,0.015854320607653637,-19.903011322021484,6
2FD6,12,19.701292037963867,21.810684204101562,49.624778747558594,0.0,0.01107000323282191,-27.8084716796875,1
2FD6,13,18.67477798461914,18.853872299194336,33.381385803222656,0.0,0.022393270573687202,-18.01911735534668,11
2FD6,14,17.552095413208008,12.934800148010254,32.0834846496582,0.0,0.026285377847594424,-17.481281280517578,6
1GP2,0,7.227506160736084,5.692732334136963,15.390878677368164,0.0,0.09954755287594957,-38.32853317260742,6
1GP2,1,7.507480621337891,6.555537223815918,17.273725509643555,0.111111,0.11859989300738194,-38.615962982177734,12
1GP2,2,3.7551698684692383,4.143861293792725,9.237386703491211,0.555555,0.37663491473035343,-41.51209259033203,9
1GP2,3,25.455020904541016,18.221445083618164,42.8139533996582,0.0,0.014883969374561526,-35.628700256347656,22
1GP2,4,7.863862991333008,4.800357341766357,18.818002700805664,0.0,0.08613692267900906,-56.404537200927734,0
1GP2,5,26.004636764526367,19.652753829956055,40.238101959228516,0.0,0.016169675502519402,-42.44020080566406,6
1GP2,6,7.8857421875,7.351521968841553,22.335247039794922,0.0,0.05549180672310213,-44.509151458740234,1
1GP2,7,8.560664176940918,7.314639091491699,18.838611602783203,0.0,0.06983429187027929,-34.2554817199707,13
1GP2,8,21.345624923706055,23.10529327392578,62.883949279785156,0.0,0.007379979055011601,-37.517276763916016,0
1GP2,9,8.653221130371094,7.56788969039917,18.853464126586914,0.0,0.06890871092157048,-36.18720245361328,10
1GP2,10,6.961655616760254,5.172616481781006,17.171945571899414,0.222222,0.16553044452497648,-37.25006866455078,14
1GP2,11,15.235945701599121,12.886736869812012,28.032073974609375,0.0,0.03252346172596612,-37.03947448730469,13
1GP2,12,16.393619537353516,17.792240142822266,46.12217330932617,0.0,0.013301904207534528,-25.943082809448242,16
1GP2,13,21.22268295288086,16.218839645385742,45.526798248291016,0.0,0.014054958876314553,-28.87190818786621,3
1GP2,14,14.147449493408203,12.342610359191895,25.40904426574707,0.0,0.03839988496629809,-39.20059585571289,3
1AZS,0,21.920204162597656,18.234556198120117,68.7869873046875,0.0,0.007253772604407478,-29.619747161865234,24
1AZS,1,26.536216735839844,13.339604377746582,65.4828872680664,0.0,0.009685529423151505,-32.592044830322266,5
1AZS,2,26.775684356689453,16.258663177490234,72.81282043457031,0.0,0.007294755183955802,-31.333663940429688,9
1AZS,3,19.91453742980957,13.854263305664062,69.60140228271484,0.0,0.008760550973695465,-31.454843521118164,17
1AZS,4,26.38460922241211,12.904375076293945,71.91936492919922,0.0,0.009035826868192848,-28.68020248413086,14
1AZS,5,24.37641716003418,15.761155128479004,74.62516784667969,0.0,0.007261265176992185,-30.76078987121582,5
1AZS,6,19.154495239257812,17.2950439453125,66.76344299316406,0.0,0.007805517260228036,-30.45122528076172,9
1AZS,7,19.267349243164062,17.569805145263672,64.69257354736328,0.0,0.008068823398602489,-31.36915397644043,8
1AZS,8,20.97045135498047,21.120410919189453,65.48506164550781,0.0,0.007195917732242565,-29.6179141998291,14
1AZS,9,22.747329711914062,20.263227462768555,56.86150360107422,0.0,0.009102527038763521,-20.917015075683594,19
1AZS,10,26.781661987304688,11.470955848693848,61.00293731689453,0.0,0.011952403579701057,-12.184324264526367,147
1AZS,11,13.483968734741211,9.416815757751465,22.150564193725586,0.0,0.05103300860046279,-20.010536193847656,11
1AZS,12,20.04295539855957,9.81757640838623,64.2326431274414,0.0,0.013340552831408304,-27.76212501525879,19
1AZS,13,10.469012260437012,9.456857681274414,23.745485305786133,0.0,0.04604147385529553,-29.139558792114258,4
1AZS,14,20.20306396484375,15.949064254760742,71.16670227050781,0.0,0.007610834916439703,-32.60188293457031,14
3CPH,0,27.729595184326172,23.94183921813965,76.27086639404297,0.0,0.005392503131058959,-35.15144348144531,3
3CPH,1,6.165379524230957,5.446237087249756,13.614664077758789,0.0,0.11699040653823056,-37.608253479003906,10
3CPH,2,4.57783317565918,4.839491844177246,10.302302360534668,0.0,0.1642219819421055,-40.805789947509766,6
3CPH,3,23.1890926361084,19.333154678344727,63.33171081542969,0.0,0.007892786062830458,-35.26504135131836,6
3CPH,4,5.988096237182617,5.2340407371521,12.259936332702637,0.0,0.13351166622726737,-40.647945404052734,5
3CPH,5,23.71143341064453,19.974855422973633,66.33584594726562,0.0,0.007253707472784335,-34.44032287597656,10
3CPH,6,8.27133846282959,6.740457057952881,18.097213745117188,0.0,0.07597323380265551,-36.907203674316406,7
3CPH,7,16.94947052001953,14.006804466247559,44.381771087646484,0.0,0.01557351036704438,-34.780521392822266,7
3CPH,8,25.022253036499023,21.427127838134766,70.81375885009766,0.0,0.006360027354349541,-33.63140106201172,6
3CPH,9,20.660490036010742,17.75564956665039,59.567623138427734,0.0,0.009013948028177001,-36.22450637817383,6
3CPH,10,17.665245056152344,13.910197257995605,44.62688446044922,0.0,0.015500905694294034,-35.655792236328125,6
3CPH,11,4.414450168609619,5.084518909454346,9.296368598937988,0.0,0.17846833977731888,-39.957786560058594,9
3CPH,12,24.36079216003418,20.351613998413086,69.17008972167969,0.0,0.006759720618384093,-36.08736801147461,7
3CPH,13,24.686738967895508,20.765439987182617,68.6811752319336,0.0,0.006758803529909793,-36.93081283569336,8
3CPH,14,16.045339584350586,12.934219360351562,45.30752944946289,0.0,0.015756844451460195,-41.39158630371094,1
1MLC,0,8.675823211669922,8.701760292053223,19.858083724975586,0.0,0.061234242852615105,-38.47883987426758,0
1MLC,1,11.275835037231445,10.895901679992676,28.322864532470703,0.0,0.03374145413553508,-29.250394821166992,13
1MLC,2,7.069503307342529,7.556846618652344,16.30548858642578,0.0,0.08386303429766188,-35.19695281982422,4
1MLC,3,9.08033561706543,9.526006698608398,20.25800132751465,0.0,0.05796448214178231,-43.88924789428711,0
1MLC,4,11.175788879394531,10.397107124328613,27.996732711791992,0.125,0.07659576498720887,-29.935544967651367,21
1MLC,5,12.5563325881958,12.50346851348877,28.206239700317383,0.0,0.03248010201870346,-25.338953018188477,42
1MLC,6,12.111051559448242,11.557100296020508,30.169450759887695,0.0,0.03003580588163939,-33.20534133911133,8
1MLC,7,13.474843978881836,9.652801513671875,30.58045768737793,0.0,0.03176552993677714,-27.086599349975586,37
1MLC,8,11.414318084716797,12.28515625,25.0438232421875,0.0,0.03932851432441258,-34.7551155090332,4
1MLC,9,13.180244445800781,11.997576713562012,32.14639663696289,0.0,0.02691248479109304,-29.925588607788086,12
1MLC,10,9.380339622497559,9.502762794494629,21.314367294311523,0.0,0.05384129297153704,-33.15834426879883,5
1MLC,11,16.48352813720703,9.185490608215332,39.003787994384766,0.0,0.023771235331252222,-26.672428131103516,39
1MLC,12,9.615870475769043,10.592275619506836,27.19516372680664,0.0,0.036218892082747305,-36.21933364868164,9
1MLC,13,12.958357810974121,13.14894962310791,29.863685607910156,0.0,0.02926255527041897,-29.712587356567383,31
1MLC,14,16.99125099182129,12.75853157043457,41.18598556518555,0.0,0.018162295734352074,-27.413419723510742,42
4G6M,0,29.287752151489258,26.571191787719727,76.12825012207031,0.0,0.005163254308901581,-35.4480094909668,3
4G6M,1,22.22198486328125,20.191089630126953,56.29416275024414,0.0,0.009259766072882258,-37.02629089355469,2
4G6M,2,21.383785247802734,24.012939453125,55.8076057434082,0.0,0.008852985038659405,-35.350067138671875,2
4G6M,3,12.328964233398438,16.9527645111084,30.260236740112305,0.0,0.02696688875052435,-31.91578483581543,2
4G6M,4,24.174680709838867,27.354232788085938,63.118228912353516,0.0,0.006936798418130188,-36.409481048583984,9
4G6M,5,10.88276481628418,13.76741886138916,21.87774085998535,0.0,0.04762798002852922,-29.67640495300293,2
4G6M,6,10.556085586547852,12.26356315612793,20.970064163208008,0.0,0.051951710890995116,-42.66790008544922,0
4G6M,7,11.085938453674316,13.778902053833008,22.021181106567383,0.0,0.0471274777149377,-27.981101989746094,2
4G6M,8,9.767054557800293,11.666775703430176,19.45313262939453,0.0,0.05885893438647427,-27.534475326538086,6
4G6M,9,21.69072151184082,24.284677505493164,56.266822814941406,0.0,0.008704148486379602,-33.310768127441406,3
4G6M,10,10.228350639343262,14.009583473205566,22.204591751098633,0.0,0.046381194689153964,-26.817169189453125,3
4G6M,11,11.224630355834961,13.379712104797363,24.134035110473633,0.0,0.040922753217125706,-26.246442794799805,2
4G6M,12,11.038443565368652,14.76828384399414,26.074180603027344,0.0,0.03542454394565781,-26.1481876373291,9
4G6M,13,20.9158878326416,23.40895652770996,53.78455352783203,0.0,0.00948553172839468,-36.66360092163086,0
4G6M,14,10.211359024047852,12.527359962463379,20.31842041015625,0.0,0.054358834593639965,-26.779781341552734,1
3FN1,0,21.663766860961914,19.351627349853516,56.652835845947266,0.0,0.009329253057530037,-43.959896087646484,1
3FN1,1,21.325916290283203,18.671215057373047,54.93394088745117,0.0,0.009931568342623697,-45.35251235961914,0
3FN1,2,21.40887451171875,18.52036476135254,56.537784576416016,0.0,0.00954001691207268,-48.532752990722656,0
3FN1,3,13.756110191345215,16.038259506225586,29.564838409423828,0.0,0.028339643626515545,-53.12872314453125,0
3FN1,4,21.291786193847656,19.69470977783203,59.454978942871094,0.0,0.008598992837032733,-52.14617156982422,0
3FN1,5,20.41407585144043,18.467531204223633,57.050498962402344,0.0,0.009423413087848208,-42.286903381347656,0
3FN1,6,21.698501586914062,20.53632164001465,59.222835540771484,0.0,0.008496858146231268,-49.543212890625,0
3FN1,7,18.150680541992188,18.412784576416016,56.359046936035156,0.0,0.009611072668235273,-43.30620574951172,0
3FN1,8,20.79256820678711,19.5808162689209,55.17803955078125,0.0,0.009671504809693058,-42.73335266113281,0
3FN1,9,13.826725006103516,14.83776569366455,28.97409439086914,0.0,0.02978661953850906,-50.26992416381836,1
3FN1,10,21.639230728149414,20.16388511657715,59.42151641845703,0.0,0.008518428710188921,-39.42599105834961,2
3FN1,11,21.559133529663086,20.04413604736328,58.39945983886719,0.0,0.008771395492435753,-48.66742706298828,0
3FN1,12,21.100496292114258,19.746551513671875,58.774105072021484,0.0,0.00874136885110283,-37.35624694824219,0
3FN1,13,13.591352462768555,14.480673789978027,27.823505401611328,0.0,0.031992668184169265,-43.507225036621094,1
3FN1,14,13.498064041137695,16.518896102905273,28.363662719726562,0.0,0.030194998640727767,-53.1680793762207,0
1EZU,0,28.431726455688477,31.006946563720703,74.09211730957031,0.0,0.00510832747484736,-26.049251556396484,8
1EZU,1,24.950143814086914,25.151912689208984,50.127803802490234,0.0,0.010497748205289273,-26.432092666625977,14
1EZU,2,24.427066802978516,24.459598541259766,49.366233825683594,0.0,0.010846639136401192,-27.605382919311523,5
1EZU,3,24.195411682128906,25.329347610473633,50.90792465209961,0.0,0.01020565364031531,-38.742496490478516,1
1EZU,4,16.713520050048828,16.14401626586914,51.60884094238281,0.027027,0.020665301708297366,-32.396339416503906,2
1EZU,5,17.26354217529297,17.64667320251465,55.65703582763672,0.0,0.009988534049555738,-26.616409301757812,7
1EZU,6,25.08655548095703,26.76117706298828,59.07688903808594,0.0,0.00780453000590305,-34.445255279541016,0
1EZU,7,14.582839965820312,13.470760345458984,50.03985595703125,0.0,0.013430749948427004,-35.6169548034668,2
1EZU,8,16.810029983520508,15.564425468444824,56.78947830200195,0.0,0.01037143502806198,-31.066526412963867,3
1EZU,9,27.169946670532227,29.790191650390625,71.47137451171875,0.0,0.005491902091593298,-28.31001091003418,8
1EZU,10,14.910385131835938,13.846810340881348,49.66788101196289,0.027027,0.02236010243508772,-34.10972595214844,3
1EZU,11,13.498747825622559,12.927230834960938,44.27366256713867,0.108108,0.052314009797090576,-29.842342376708984,9
1EZU,12,24.156692504882812,24.505359649658203,48.76578140258789,0.0,0.011072792993565556,-28.707923889160156,5
1EZU,13,24.011369705200195,24.970216751098633,50.73080825805664,0.0,0.010300792855026794,-32.74103927612305,1
1EZU,14,24.679752349853516,23.63848876953125,46.138851165771484,0.0,0.012278610692628774,-29.404203414916992,7
2HQS,0,30.719799041748047,27.573753356933594,80.47369384765625,0.0,0.00466134550677378,-46.21369552612305,0
2HQS,1,6.973716735839844,8.50091552734375,16.772764205932617,0.0,0.0781786821060138,-54.067604064941406,0
2HQS,2,5.651501178741455,5.007316589355469,14.751724243164062,0.0,0.11053430325876079,-48.74350357055664,1
2HQS,3,10.131601333618164,10.845861434936523,24.5892391204834,0.0,0.04183599473719438,-50.06413650512695,0
2HQS,4,9.052345275878906,8.404142379760742,22.777099609375,0.0,0.05103789544034234,-51.8551025390625,0
2HQS,5,5.146230220794678,6.292618274688721,12.940147399902344,0.0,0.11839630944287587,-44.036865234375,1
2HQS,6,8.098414421081543,9.512939453125,19.56891441345215,0.0,0.060994629707952865,-47.2469596862793,0
2HQS,7,4.548463344573975,5.333952903747559,12.7302885055542,0.0,0.12721308239233708,-47.907352447509766,1
2HQS,8,19.127199172973633,16.550561904907227,54.55656433105469,0.0,0.010615330722528573,-49.8162956237793,0
2HQS,9,8.466981887817383,9.83257007598877,20.68924331665039,0.0,0.055719446703878184,-44.38172912597656,3
2HQS,10,7.925629615783691,9.304996490478516,20.064708709716797,0.0,0.059161380040562504,-48.19001388549805,0
2HQS,11,25.472997665405273,22.818363189697266,66.36944580078125,0.0,0.006813394743908009,-43.64936828613281,3
2HQS,12,7.991065979003906,9.443401336669922,18.983150482177734,0.0,0.06387304024472934,-44.951683044433594,4
2HQS,13,8.8153657913208,10.14373779296875,20.989551544189453,0.0,0.05409632462609549,-48.828033447265625,0
2HQS,14,3.0582988262176514,3.7292330265045166,9.078622817993164,0.0,0.2021254439264847,-49.49116897583008,0
1FLE,0,10.96135139465332,10.70506477355957,36.23274612426758,0.0,0.02380648378808084,-49.04768371582031,0
1FLE,1,8.657248497009277,10.021282196044922,28.45644760131836,0.0,0.03460928956450238,-36.695682525634766,4
1FLE,2,9.635894775390625,10.700152397155762,32.14606475830078,0.0,0.028207013787228657,-36.257423400878906,5
1FLE,3,10.67560863494873,10.088068008422852,36.095458984375,0.0,0.02472368135229587,-37.86710739135742,2
1FLE,4,1.497111439704895,1.6564122438430786,5.131859302520752,0.653846,0.6124254685727678,-41.82554244995117,1
1FLE,5,10.744385719299316,10.270613670349121,36.716453552246094,0.0,0.023917432282154576,-46.99681091308594,0
1FLE,6,3.3415215015411377,3.697277545928955,11.742310523986816,0.269231,0.2514652071164057,-44.70187759399414,0
1FLE,7,5.754604816436768,5.012003421783447,20.470077514648438,0.307692,0.17898828155347637,-42.377647399902344,2
1FLE,8,13.39873218536377,12.738969802856445,43.586124420166016,0.0,0.016771043922115966,-52.511207580566406,0
1FLE,9,18.82332992553711,15.52613639831543,52.82075500488281,0.0,0.011496507693040349,-37.20808029174805,7
1FLE,10,8.654460906982422,7.8068108558654785,30.264808654785156,0.076923,0.06187948112211563,-37.55527114868164,3
1FLE,11,12.199103355407715,10.934149742126465,40.945533752441406,0.0,0.019928803262228702,-43.037174224853516,0
1FLE,12,19.447765350341797,16.257081985473633,55.483604431152344,0.0,0.01045765958300328,-38.397056579589844,5
1FLE,13,7.987809181213379,7.171548366546631,28.37209701538086,0.115385,0.07988703297144457,-38.699668884277344,2
1FLE,14,8.742029190063477,10.618887901306152,28.498071670532227,0.0,0.033752700905347745,-55.70335388183594,0
2NZ8,0,19.48078155517578,16.91835594177246,50.243133544921875,0.0,0.01187469572846842,-34.08212661743164,4
2NZ8,1,26.700265884399414,15.558794975280762,54.62912368774414,0.0,0.010948815696583207,-40.846954345703125,1
2NZ8,2,9.978869438171387,8.356337547302246,18.389690399169922,0.0,0.0690835345152885,-40.19672393798828,0
2NZ8,3,20.257457733154297,16.268680572509766,54.059654235839844,0.0,0.010851826448693884,-33.13862991333008,3
2NZ8,4,19.413414001464844,15.32087516784668,49.76036071777344,0.0,0.012615418129484303,-36.52182388305664,4
2NZ8,5,14.599918365478516,12.052035331726074,24.260774612426758,0.0,0.04152847401608079,-37.65831756591797,3
2NZ8,6,19.54372787475586,17.014429092407227,52.5420036315918,0.0,0.011072038928265459,-32.99329376220703,6
2NZ8,7,21.45182228088379,16.62044906616211,51.59304428100586,0.0,0.011501631413722737,-34.91401672363281,2
2NZ8,8,8.004095077514648,6.477563858032227,14.482558250427246,1.0,0.4357018275202698,-38.37764358520508,6
2NZ8,9,20.659631729125977,16.0781192779541,54.17888641357422,0.0,0.010883740533235091,-32.98508071899414,8
2NZ8,10,26.84332275390625,25.237281799316406,56.40392303466797,0.0,0.00857533372242923,0.0,0
2NZ8,11,23.963638305664062,23.03235626220703,57.892234802246094,0.0,0.00844199279185772,-30.19326400756836,6
2NZ8,12,13.7391939163208,11.437620162963867,22.888748168945312,0.0,0.04603463011800014,-38.320072174072266,5
2NZ8,13,5.977926731109619,5.391956806182861,10.819620132446289,0.25,0.2344908220145093,-39.518821716308594,3
2NZ8,14,13.697522163391113,11.712767601013184,22.67360496520996,0.0,0.04645254060677694,-38.397525787353516,7
1N2C,0,25.445232391357422,23.80743408203125,60.11197280883789,0.0,0.007852264543061363,-2.853656768798828,351
1N2C,1,4.871773719787598,4.644223690032959,12.339250564575195,0.55102,0.32243307978313357,-12.939464569091797,31
1N2C,2,52.12934112548828,46.17742156982422,133.26051330566406,0.0,0.001702026399636231,-12.096546173095703,24
1N2C,3,48.58831024169922,41.81673049926758,117.44104766845703,0.0,0.0021653853448724645,-4.833540439605713,168
1N2C,4,16.68110466003418,17.997474670410156,36.45322036743164,0.061224,0.03989652281810043,-9.0441312789917,30
1N2C,5,16.872182846069336,18.290180206298828,36.976226806640625,0.081633,0.046168415254516544,-9.82887077331543,31
1N2C,6,4.254094123840332,4.6453399658203125,10.218011856079102,0.55102,0.3514749679886436,-12.539200782775879,27
1N2C,7,17.348922729492188,19.126529693603516,37.8586311340332,0.040816,0.03163959081516524,-10.590648651123047,41
1N2C,8,5.00202751159668,5.734027862548828,11.650224685668945,0.346939,0.25279382093780406,-11.164084434509277,42
1N2C,9,51.682125091552734,42.24033737182617,126.82678985595703,0.0,0.0019103719369838108,-10.432686805725098,82
1N2C,10,44.58034896850586,38.95235824584961,107.72753143310547,0.0,0.002555947425213278,-0.6787253618240356,264
1N2C,11,16.738046646118164,18.170686721801758,36.64096450805664,0.122449,0.06009479496975198,-9.21133804321289,47
1N2C,12,52.86989974975586,42.23115921020508,131.1505126953125,0.0,0.001814298349584703,-12.689852714538574,38
1N2C,13,17.44576072692871,19.2996826171875,37.918418884277344,0.0,0.01795008377766387,-9.342069625854492,43
1N2C,14,16.873802185058594,18.5591983795166,36.71772766113281,0.081633,0.046329114027791087,-10.660726547241211,17
3MJ9,0,20.916616439819336,17.960420608520508,37.741580963134766,0.0,0.01840012708449483,-27.003629684448242,9
3MJ9,1,19.947837829589844,15.63783073425293,36.451175689697266,0.0,0.020229859986942284,-27.16602325439453,2
3MJ9,2,16.3502140045166,13.631607055664062,35.42398452758789,0.0,0.022135081898143037,-21.970359802246094,18
3MJ9,3,30.57555389404297,34.10040283203125,86.1077651977539,0.0,0.0038605023123134876,-27.318443298339844,16
3MJ9,4,15.650566101074219,14.040019989013672,35.17792892456055,0.0,0.02214972902949199,-23.34697151184082,18
3MJ9,5,17.49559783935547,18.37743377685547,39.756160736083984,0.0,0.0167772238832197,-28.444293975830078,5
3MJ9,6,19.21371078491211,18.26883888244629,35.597984313964844,0.0,0.02021193506866813,-25.65035057067871,10
3MJ9,7,12.500367164611816,14.206867218017578,24.415681838989258,0.0,0.039707576269453135,-20.92458724975586,31
3MJ9,8,18.984725952148438,18.66900634765625,49.587791442871094,0.0,0.01165267605972617,-24.340286254882812,18
3MJ9,9,12.438775062561035,14.937540054321289,26.27334213256836,0.0,0.034910816159935014,-21.008325576782227,14
3MJ9,10,15.322393417358398,14.187345504760742,50.25797653198242,0.0,0.012954490228433403,-35.26913070678711,0
3MJ9,11,13.694344520568848,12.720786094665527,33.089046478271484,0.0,0.02520583810285712,-24.225942611694336,23
3MJ9,12,16.21297264099121,12.84552001953125,34.18806838989258,0.0,0.02388934220292048,-22.060945510864258,32
3MJ9,13,12.9805269241333,13.903603553771973,34.49186325073242,0.0,0.02291952979862755,-25.141910552978516,11
3MJ9,14,15.210047721862793,12.585514068603516,34.22703552246094,0.0,0.02403231499646723,-20.086097717285156,27
1F51,0,8.933938026428223,10.729413032531738,20.96796417236328,0.0,0.053436473826787595,-20.785402297973633,8
1F51,1,8.68843936920166,10.678255081176758,19.85085678100586,0.181818,0.11870322008046726,-23.279863357543945,8
1F51,2,18.26494598388672,17.05956268310547,52.8837776184082,0.0,0.010951788899634135,-41.409912109375,0
1F51,3,12.381390571594238,15.142975807189941,29.567527770996094,0.0,0.028683829685184094,-23.686447143554688,0
1F51,4,11.506614685058594,14.068689346313477,25.314170837402344,0.0,0.037521419500538035,-33.849525451660156,0
1F51,5,7.142751216888428,7.91879940032959,18.72821044921875,0.0,0.06848118199601082,-20.091339111328125,9
1F51,6,9.236652374267578,11.300284385681152,21.615631103515625,0.0,0.050412907247828785,-20.74896240234375,7
1F51,7,18.44141960144043,19.867095947265625,49.85431671142578,0.0,0.011305400704582766,-24.636180877685547,1
1F51,8,17.75695037841797,18.135047912597656,50.277103424072266,0.0,0.01152765995495135,-20.50857162475586,6
1F51,9,10.989080429077148,14.417490005493164,23.269474029541016,0.0,0.04281115656451845,-27.840856552124023,1
1F51,10,9.007380485534668,11.102255821228027,19.844221115112305,0.0,0.05765180748941486,-24.846189498901367,7
1F51,11,17.602991104125977,17.10993003845215,50.34977340698242,0.0,0.011779085588717125,-23.717918395996094,3
1F51,12,17.500097274780273,17.135417938232422,51.427005767822266,0.0,0.011398860993372182,-26.87141990661621,1
1F51,13,12.892102241516113,14.741170883178711,31.772192001342773,0.0,0.025679925762574985,-30.301589965820312,1
1F51,14,7.52953577041626,8.905405044555664,17.602724075317383,0.090909,0.10252701136644023,-24.9139461517334,6
2OOB,0,8.190832138061523,8.393824577331543,44.57626724243164,0.0,0.022010424846655368,-44.30876159667969,0
2OOB,1,8.568697929382324,8.409344673156738,45.37590789794922,0.0,0.021578848954932884,-40.12720489501953,0
2OOB,2,7.252629280090332,6.271801471710205,28.649141311645508,0.999999,0.3783364498714193,-33.7597541809082,5
2OOB,3,8.473735809326172,8.661009788513184,43.01248550415039,0.0,0.022235331909495924,-38.79995346069336,2
2OOB,4,9.984848022460938,9.843116760253906,46.14685821533203,0.0,0.018503399670413184,-40.976802825927734,0
2OOB,5,9.763731956481934,8.756738662719727,42.15480041503906,0.0,0.02252513983170654,-38.21761703491211,0
2OOB,6,8.625179290771484,8.577337265014648,44.94738006591797,0.0,0.021401021348149737,-39.21523666381836,1
2OOB,7,8.424721717834473,9.368042945861816,43.926605224609375,0.0,0.020363245410976612,-36.19325256347656,0
2OOB,8,8.262961387634277,8.114845275878906,42.292755126953125,0.0,0.023954678225891965,-44.25156021118164,0
2OOB,9,7.702907085418701,7.875409126281738,43.782684326171875,0.0,0.023776349899403082,-48.01505661010742,0
2OOB,10,8.447501182556152,8.977470397949219,43.096492767333984,0.0,0.02153432510877236,-39.27178955078125,0
2OOB,11,9.70952033996582,9.133794784545898,41.62392807006836,0.0,0.022097924158803864,-42.519874572753906,0
2OOB,12,8.659540176391602,8.730376243591309,45.028846740722656,0.0,0.021026946782517802,-35.733436584472656,0
2OOB,13,8.51541805267334,8.878484725952148,46.250308990478516,0.0,0.02014123666210692,-37.32050704956055,0
2OOB,14,8.929831504821777,8.782504081726074,44.62522888183594,0.0,0.021118138824518063,-34.948974609375,1
5WK3,0,6.695998668670654,10.41641616821289,19.321969985961914,0.0,0.06082027330910799,-32.96622085571289,1
5WK3,1,6.302846431732178,10.169699668884277,18.526262283325195,0.0,0.06506352611087311,-36.86753845214844,3
5WK3,2,5.295724391937256,6.624886989593506,16.118896484375,0.0,0.08878030992593071,-28.0102596282959,8
5WK3,3,5.91141939163208,8.859607696533203,17.120365142822266,0.0,0.07520605157206471,-35.805259704589844,1
5WK3,4,4.889963626861572,7.843234539031982,15.064358711242676,0.0,0.09225817922910613,-29.500263214111328,1
5WK3,5,16.154443740844727,14.347530364990234,51.02933883666992,0.0,0.012602940618389014,-30.965993881225586,4
5WK3,6,6.278520107269287,9.805091857910156,18.16704750061035,0.0,0.06748810178437192,-43.11772155761719,0
5WK3,7,7.517711162567139,10.670889854431152,23.245887756347656,0.0,0.045770895713275674,-31.799903869628906,2
5WK3,8,20.722305297851562,26.269838333129883,65.74370574951172,0.0,0.00656361440634267,-33.53630828857422,2
5WK3,9,6.7606730461120605,10.05736255645752,19.51101303100586,0.0,0.06042569813191081,-30.904342651367188,2
5WK3,10,18.470056533813477,22.63250160217285,57.735294342041016,0.0,0.008529438588834945,-32.60712432861328,8
5WK3,11,6.345009803771973,8.411825180053711,18.49891471862793,0.0,0.06838049405051701,-28.857316970825195,11
5WK3,12,6.710472106933594,10.6889009475708,19.49884796142578,0.0,0.05966574542792458,-33.58103561401367,1
5WK3,13,9.565123558044434,11.341002464294434,29.79485511779785,0.0,0.03081819037793101,-26.256572723388672,19
5WK3,14,6.258376121520996,9.104816436767578,18.425107955932617,0.0,0.06730059706687173,-35.24822235107422,0
1KTZ,0,15.03969669342041,9.370284080505371,34.2588996887207,0.0,0.02765822535128094,-34.98388671875,4
1KTZ,1,16.942485809326172,9.60791301727295,32.67705535888672,0.0,0.02905629570438009,-45.15678024291992,0
1KTZ,2,22.727201461791992,27.486318588256836,78.85159301757812,0.0,0.004818711479750944,-38.6812744140625,0
1KTZ,3,14.769204139709473,11.55844783782959,26.02512550354004,0.0,0.03765097033184689,-33.43798065185547,3
1KTZ,4,13.715777397155762,9.864349365234375,28.045351028442383,0.0,0.035576771097396556,-35.32672119140625,1
1KTZ,5,16.133230209350586,16.548490524291992,42.15932083129883,0.0,0.015736804816126073,-40.290977478027344,0
1KTZ,6,15.00035285949707,11.992993354797363,32.30158996582031,0.0,0.026721065465283588,-29.550859451293945,3
1KTZ,7,17.94037628173828,16.305898666381836,42.94322204589844,0.0,0.015364286788716909,-47.13929748535156,0
1KTZ,8,24.796607971191406,25.80381965637207,68.36876678466797,0.0,0.006196481300977535,-31.35437774658203,3
1KTZ,9,14.263301849365234,11.47301959991455,34.63656997680664,0.0,0.02453632600399588,-34.6265754699707,0
1KTZ,10,14.506842613220215,10.158493995666504,35.17028045654297,0.0,0.02550818984346524,-38.66101837158203,0
1KTZ,11,14.285661697387695,12.300759315490723,25.756040573120117,0.0,0.037622788501186805,-35.774654388427734,2
1KTZ,12,15.223357200622559,11.150520324707031,26.64270782470703,0.0,0.03671871296787011,-29.11064338684082,2
1KTZ,13,17.186016082763672,12.261466979980469,33.895172119140625,0.0,0.02463714338985305,-32.72004699707031,3
1KTZ,14,21.723121643066406,25.37224006652832,71.23158264160156,0.0,0.0058408287567672254,-31.615310668945312,1
2AYO,0,16.95684051513672,19.198162078857422,47.60976028442383,0.04,0.025652571386155607,-44.030887603759766,0
2AYO,1,15.904053688049316,16.576496124267578,44.25840377807617,0.0,0.014564826795092765,-43.51243209838867,0
2AYO,2,16.325977325439453,18.41266441345215,46.03600311279297,0.0,0.013186743425298976,-36.05742263793945,0
2AYO,3,20.714357376098633,21.48945426940918,56.36150360107422,0.0,0.009029052712005704,-33.62920379638672,1
2AYO,4,5.980036735534668,8.142355918884277,14.769709587097168,0.0,0.09387445501080888,-46.86098861694336,1
2AYO,5,17.05632972717285,19.58247184753418,47.66135025024414,0.0,0.012219497755093012,-44.954322814941406,0
2AYO,6,8.015639305114746,10.970332145690918,20.432476043701172,0.0,0.05529369259740776,-45.523590087890625,0
2AYO,7,21.15914535522461,24.005695343017578,58.60979080200195,0.0,0.00816292172068792,-26.58586311340332,3
2AYO,8,6.799468040466309,9.290700912475586,16.69057273864746,0.0,0.07711582216339428,-43.98374557495117,0
2AYO,9,18.5206241607666,21.525474548339844,52.44594955444336,0.0,0.010142472815610672,-32.27912902832031,0
2AYO,10,7.560386657714844,8.777524948120117,21.34269905090332,0.04,0.0684247383622752,-37.97150802612305,0
2AYO,11,16.227161407470703,18.50582504272461,46.344024658203125,0.0,0.013023964184085725,-37.62743377685547,1
2AYO,12,19.669687271118164,22.728315353393555,54.18701934814453,0.0,0.009450712189029773,-25.568151473999023,4
2AYO,13,16.65696144104004,19.38195037841797,46.96353530883789,0.0,0.012557557314009198,-40.96598815917969,1
2AYO,14,14.944982528686523,15.731047630310059,41.88623809814453,0.0,0.016187429446098106,-33.13215637207031,2
1Z0K,0,5.551276206970215,5.704456329345703,12.821115493774414,0.166667,0.17888897661472028,-41.69840621948242,4
1Z0K,1,5.438410758972168,7.01057243347168,16.516376495361328,0.0,0.08439050233506107,-54.28665542602539,0
1Z0K,2,7.5115461349487305,8.037017822265625,20.077974319458008,0.0,0.06188196485698668,-53.47088623046875,0
1Z0K,3,10.509065628051758,13.641544342041016,23.630538940429688,0.0,0.042170092547634264,-52.866764068603516,0
1Z0K,4,4.472842216491699,4.616537094116211,11.156105995178223,0.333333,0.26537281328259005,-43.18605422973633,3
1Z0K,5,4.660346508026123,5.684271335601807,14.806687355041504,0.0,0.10432284144542224,-57.34556198120117,0
1Z0K,6,6.2018632888793945,7.48878288269043,19.906909942626953,0.0,0.06425881250515943,-60.742958068847656,0
1Z0K,7,10.680866241455078,12.178153038024902,24.491100311279297,0.0,0.04081636951044398,-53.994667053222656,0
1Z0K,8,6.413092136383057,6.688945770263672,14.196904182434082,0.0,0.1039190752649443,-46.946434020996094,0
1Z0K,9,10.83397388458252,13.682921409606934,23.234115600585938,0.0,0.04330544743602804,-55.22478485107422,0
1Z0K,10,7.554203033447266,8.3674898147583,21.44837188720703,0.0,0.05562386879914185,-44.814151763916016,0
1Z0K,11,10.949923515319824,12.328259468078613,22.421794891357422,0.0,0.04674769178664232,-47.45539093017578,0
1Z0K,12,9.837224960327148,11.238872528076172,21.05239486694336,0.0,0.05255637591276472,-53.53605651855469,0
1Z0K,13,11.120942115783691,14.218396186828613,24.090097427368164,0.0,0.04057368672321079,-56.35554504394531,0
1Z0K,14,9.174249649047852,10.361769676208496,18.730499267578125,0.0,0.06376566272837426,-52.377525329589844,0
1B6C,0,8.547119140625,8.402142524719238,27.078365325927734,0.0,0.04019475641681914,-37.3083381652832,9
1B6C,1,6.862509727478027,7.357105255126953,21.121566772460938,0.0,0.05976298170030287,-37.04944610595703,7
1B6C,2,5.351790428161621,6.0024495124816895,21.18951416015625,0.285714,0.1610342190409126,-34.291603088378906,10
1B6C,3,13.061182975769043,13.02810001373291,33.99568557739258,0.0,0.023973464463723462,-39.7976188659668,2
1B6C,4,13.17465591430664,14.669379234313965,34.53496170043945,0.0,0.022488725354290588,-37.54081344604492,4
1B6C,5,7.907154083251953,8.705082893371582,22.066783905029297,0.0,0.05267989667735723,-38.00130844116211,1
1B6C,6,10.78378677368164,11.289694786071777,43.325382232666016,0.0,0.018136870672527335,-31.290597915649414,21
1B6C,7,10.388275146484375,10.74312686920166,30.167375564575195,0.0,0.03089081664858773,-37.49862289428711,7
1B6C,8,3.8970742225646973,4.651120662689209,16.021434783935547,0.285714,0.19985697151191884,-38.43842697143555,3
1B6C,9,10.468587875366211,12.756831169128418,75.22261810302734,0.0,0.008748337107602417,-34.449851989746094,5
1B6C,10,10.571019172668457,11.86097526550293,72.15001678466797,0.0,0.0098102973910437,-29.96279525756836,7
1B6C,11,12.002400398254395,13.897706985473633,34.339786529541016,0.0,0.02308237517124143,-36.9158935546875,2
1B6C,12,6.127243518829346,6.495029449462891,15.574501037597656,0.0,0.09337836682941199,-36.19283676147461,3
1B6C,13,6.8418097496032715,7.389604568481445,23.301664352416992,0.0,0.0523372039500527,-36.22997283935547,7
1B6C,14,10.418665885925293,12.299019813537598,74.03031921386719,0.0,0.009222687328518553,-29.630748748779297,8
2FJG,0,16.860307693481445,19.305328369140625,33.242122650146484,0.0,0.022456897216299603,-25.792984008789062,2
2FJG,1,15.228005409240723,10.108038902282715,41.55362319946289,0.0,0.02056977570278117,-21.57815933227539,10
2FJG,2,18.143428802490234,18.158008575439453,34.86900329589844,0.0,0.020956112481734707,-27.870258331298828,0
2FJG,3,18.11911964416504,16.854001998901367,35.459468841552734,0.0,0.020732453209786166,-28.312524795532227,1
2FJG,4,24.939205169677734,17.239160537719727,52.77963638305664,0.0,0.010931502171467213,-25.37026023864746,19
2FJG,5,18.331907272338867,16.360084533691406,36.722007751464844,0.0,0.019729853599916112,-24.649356842041016,3
2FJG,6,15.381402015686035,14.500175476074219,31.940303802490234,0.0,0.025574920137641347,-22.46744155883789,1
2FJG,7,15.216903686523438,16.568405151367188,31.068445205688477,0.0,0.02592279883598861,-21.904916763305664,2
2FJG,8,16.465435028076172,15.641544342041016,31.892253875732422,0.0,0.02514523283429489,-19.75948715209961,8
2FJG,9,16.776182174682617,16.20905113220215,32.598812103271484,0.0,0.02405042356258782,-24.17095375061035,4
2FJG,10,14.025849342346191,12.594855308532715,29.824148178100586,0.0,0.029703531946023935,-24.199914932250977,2
2FJG,11,11.229981422424316,10.136515617370605,26.41765022277832,0.0,0.038414208134758314,-30.036888122558594,0
2FJG,12,23.744945526123047,15.111351013183594,50.592411041259766,0.0,0.012403095532392792,-23.021242141723633,47
2FJG,13,16.309946060180664,12.737584114074707,42.153221130371094,0.0,0.01758342393784578,-22.43757438659668,11
2FJG,14,15.915639877319336,15.944092750549316,30.6275691986084,0.0,0.026762237240623613,-18.40031623840332,6
1JTD,0,17.315256118774414,14.6043062210083,30.386512756347656,0.0,0.027669708455131253,-41.43528747558594,0
1JTD,1,11.01978588104248,9.480698585510254,26.815975189208984,0.0,0.0385737082185895,-38.902095794677734,12
1JTD,2,11.598404884338379,10.018036842346191,25.791061401367188,0.0,0.03996767148638764,-38.52337646484375,15
1JTD,3,12.559317588806152,10.968464851379395,27.764236450195312,0.0,0.03468471038255131,-38.33808898925781,8
1JTD,4,13.350987434387207,11.770508766174316,28.997970581054688,0.0,0.03170131684034884,-38.84011459350586,7
1JTD,5,8.241435050964355,7.032386779785156,22.089319229125977,0.0,0.057497035078955684,-35.456485748291016,9
1JTD,6,6.770268440246582,5.511569499969482,18.294727325439453,0.0,0.08216732468220557,-39.82320022583008,0
1JTD,7,19.610904693603516,16.677865982055664,32.993839263916016,0.0,0.023421148435920885,-37.5766487121582,2
1JTD,8,8.953027725219727,8.04215145111084,23.92152214050293,0.0,0.048574466851654695,-34.74818420410156,7
1JTD,9,16.8338680267334,14.957905769348145,32.153587341308594,0.0,0.025091880953629627,-48.09669876098633,1
1JTD,10,11.84411334991455,9.725744247436523,26.64286231994629,0.0,0.0385381997440947,-37.51678466796875,1
1JTD,11,20.46731948852539,17.274946212768555,33.42033767700195,0.0,0.022746636130166878,-51.2071418762207,0
1JTD,12,13.270010948181152,11.721349716186523,28.377500534057617,0.0,0.032815328885072596,-38.03928756713867,9
1JTD,13,6.078829765319824,5.104341506958008,19.89310073852539,0.0,0.07795945167061057,-34.1564826965332,13
1JTD,14,12.049681663513184,10.433841705322266,26.721588134765625,0.0,0.03737870547590444,-37.36772155761719,9
1HE8,0,4.516079425811768,7.174903392791748,11.603536605834961,0.0,0.1303641840297777,-30.35958480834961,11
1HE8,1,24.57542610168457,22.473276138305664,68.0346450805664,0.0,0.006601484425464835,-31.668643951416016,12
1HE8,2,4.512589454650879,5.488936424255371,12.16653823852539,0.0,0.13249677709638497,-30.138259887695312,4
1HE8,3,29.52773666381836,30.59585952758789,84.44914245605469,0.0,0.004142362692668015,-24.310819625854492,7
1HE8,4,17.239593505859375,17.690893173217773,46.81473159790039,0.0,0.013017437829460026,-21.17304039001465,60
1HE8,5,26.310441970825195,24.45379066467285,72.65135955810547,0.0,0.005750666782301223,-44.877716064453125,3
1HE8,6,25.827226638793945,23.949443817138672,71.7640380859375,0.0,0.005914086566156791,-36.602481842041016,6
1HE8,7,25.71356964111328,25.219648361206055,71.42320251464844,0.0,0.005830143745681442,-37.86848068237305,2
1HE8,8,25.174814224243164,24.02989387512207,70.87544250488281,0.0,0.006020124229085999,-36.27330017089844,1
1HE8,9,25.819658279418945,25.347938537597656,72.30867767333984,0.0,0.005706552883514105,-44.77630615234375,0
1HE8,10,34.31666564941406,36.92257308959961,97.2242431640625,0.0,0.003077724858185357,-28.193239212036133,6
1HE8,11,25.81820297241211,24.416715621948242,71.41783142089844,0.0,0.005909090290709106,-42.074378967285156,3
1HE8,12,25.81674575805664,23.071483612060547,70.03522491455078,0.0,0.006241814804599799,-31.369112014770508,21
1HE8,13,33.99116897583008,37.4365234375,96.38304138183594,0.0,0.0031067580566964104,-31.89534568786621,6
1HE8,14,32.77497482299805,33.04393005371094,91.880859375,0.0,0.0035140233923999704,-28.557239532470703,5
3K75,0,21.65572738647461,11.007390975952148,51.82719802856445,0.0,0.01480836907452752,-45.00511169433594,5
3K75,1,22.689529418945312,12.073469161987305,57.546241760253906,0.0,0.01218413177604827,-46.22932434082031,2
3K75,2,14.244192123413086,8.460485458374023,32.93145751953125,0.0,0.03097866727227942,-52.542083740234375,0
3K75,3,24.50828742980957,20.551332473754883,70.8538818359375,0.0,0.006495494051559467,-45.09134292602539,1
3K75,4,15.089518547058105,8.289941787719727,31.991771697998047,0.0,0.03254676893277635,-40.56488800048828,1
3K75,5,22.634145736694336,11.919242858886719,46.198577880859375,0.0,0.01611127612587674,-42.097957611083984,27
3K75,6,19.678068161010742,10.270068168640137,48.62373733520508,0.0,0.016846542101648074,-50.19137954711914,0
3K75,7,14.417436599731445,8.467543601989746,30.81429100036621,0.166667,0.08926794887518501,-44.10992431640625,1
3K75,8,18.04695701599121,11.152125358581543,39.60893630981445,0.0,0.020598196348628472,-47.01484298706055,2
3K75,9,14.8909330368042,8.282247543334961,31.439973831176758,0.166667,0.08884672689077022,-41.7873420715332,1
3K75,10,15.224985122680664,8.0460786819458,30.336416244506836,0.166667,0.09101561687247123,-44.01795196533203,1
3K75,11,14.156660079956055,8.259446144104004,33.50139236450195,0.0,0.030803339159880167,-55.2939338684082,0
3K75,12,17.87282371520996,13.54939079284668,47.54935073852539,0.0,0.014357876022915985,-40.112789154052734,7
3K75,13,13.660325050354004,6.237144947052002,30.547595977783203,0.0,0.0421789747200828,-50.725013732910156,0
3K75,14,13.96448802947998,8.431938171386719,32.876869201660156,0.0,0.03111031654367021,-47.051979064941406,0
5O14,0,18.177490234375,14.664012908935547,37.525543212890625,0.0,0.019719660870937232,-32.26332092285156,1
5O14,1,21.61106300354004,16.87515640258789,54.02339172363281,0.0,0.010665584443154748,-41.72471237182617,2
5O14,2,16.416820526123047,12.121871948242188,38.59468460083008,0.0,0.020447398787242162,-43.712730407714844,0
5O14,3,13.841973304748535,9.557572364807129,31.463769912719727,0.0,0.030685727940607085,-38.61561584472656,0
5O14,4,23.724246978759766,18.789958953857422,57.814247131347656,0.0,0.009163580997655631,-39.372127532958984,8
5O14,5,14.8960542678833,10.600198745727539,32.02791213989258,0.0,0.02847676788124486,-33.82365798950195,0
5O14,6,23.65928077697754,17.4715576171875,59.438682556152344,0.0,0.00911913489546125,-45.664737701416016,1
5O14,7,13.387890815734863,9.035863876342773,30.434146881103516,0.0,0.033059369946053456,-31.719568252563477,2
5O14,8,23.650188446044922,16.754362106323242,58.1240348815918,0.0,0.00962991840125433,-40.76854705810547,4
5O14,9,13.544798851013184,9.3694429397583,31.777400970458984,0.0,0.030587027979825595,-27.591413497924805,3
5O14,10,24.978214263916016,16.488330841064453,60.77702331542969,0.0,0.009130850575457854,-35.98747634887695,10
5O14,11,13.558548927307129,9.798213958740234,29.973764419555664,0.0,0.0324440732385838,-33.52694320678711,1
5O14,12,23.280101776123047,22.586671829223633,57.18449783325195,0.0,0.008669258800587276,-39.9308967590332,6
5O14,13,24.538660049438477,17.843896865844727,60.16991424560547,0.0,0.008860896937713915,-37.90464401245117,8
5O14,14,24.641054153442383,19.052019119262695,59.45262908935547,0.0,0.008730585519411485,-34.206695556640625,5
1R8S,0,9.240837097167969,9.049636840820312,24.03338623046875,0.0,0.04597271334244012,-36.523292541503906,0
1R8S,1,14.567244529724121,14.245709419250488,33.18522644042969,0.0,0.024177635864584015,-28.82377052307129,3
1R8S,2,13.774425506591797,12.528749465942383,30.38371467590332,0.142857,0.07652361608274554,-31.01523208618164,3
1R8S,3,8.736088752746582,8.227168083190918,22.270601272583008,0.142857,0.10072614178481094,-34.39616775512695,3
1R8S,4,9.397403717041016,9.101240158081055,24.37308120727539,0.071429,0.06876967054348422,-33.481414794921875,2
1R8S,5,9.91008186340332,9.404196739196777,25.696577072143555,0.0,0.04114542444077846,-34.71917724609375,1
1R8S,6,16.10245132446289,15.601419448852539,37.269996643066406,0.0,0.019533800317079773,-29.7945556640625,3
1R8S,7,9.726079940795898,9.728513717651367,29.527687072753906,0.0,0.03324879557488359,-35.63861083984375,1
1R8S,8,16.724811553955078,18.108434677124023,49.87601089477539,0.0,0.011679631515374779,-32.95399475097656,0
1R8S,9,16.70511817932129,15.376056671142578,37.17722702026367,0.071429,0.04351103054126437,-33.8177375793457,4
1R8S,10,12.222978591918945,11.497063636779785,30.10318946838379,0.0,0.030192718343142425,-44.21373748779297,0
1R8S,11,17.219148635864258,16.138235092163086,37.751373291015625,0.0,0.018938307384429618,-33.77229309082031,1
1R8S,12,11.861432075500488,11.577591896057129,27.098121643066406,0.0,0.035362333005714564,-31.36884880065918,4
1R8S,13,14.611773490905762,15.595627784729004,48.60173797607422,0.0,0.01294832755518154,-34.62185287475586,0
1R8S,14,17.083192825317383,15.973977088928223,38.06550598144531,0.0,0.01874500846821515,-29.659130096435547,2
1K74,0,16.139928817749023,17.433956146240234,45.60315704345703,0.0,0.013641107708376251,-35.21165466308594,9
1K74,1,16.164459228515625,17.784677505493164,42.45078659057617,0.0,0.015203566540259963,-33.165367126464844,6
1K74,2,21.0899600982666,23.236116409301758,48.178985595703125,0.0,0.01144545933298935,-32.38393783569336,5
1K74,3,19.737037658691406,18.370065689086914,66.47118377685547,0.0,0.007570743050445841,-32.690162658691406,14
1K74,4,20.42253875732422,18.972454071044922,63.791751861572266,0.0,0.007885586376184374,-34.61892318725586,16
1K74,5,19.57001304626465,16.76083755493164,64.15135192871094,0.0,0.008399575900930593,-34.079410552978516,20
1K74,6,23.60618782043457,23.31163787841797,62.12244415283203,0.0,0.007500243194006584,-33.07429122924805,20
1K74,7,20.965091705322266,20.24273681640625,64.96510314941406,0.0,0.0074305876207439595,-32.96794128417969,17
1K74,8,20.12629508972168,18.433359146118164,66.29044342041016,0.0,0.00758451767625132,-34.99888610839844,13
1K74,9,20.24531364440918,19.939443588256836,66.1405029296875,0.0,0.007291650537396211,-32.69721984863281,20
1K74,10,23.67632293701172,24.918405532836914,62.1899528503418,0.0,0.007316279545471664,-33.520668029785156,11
1K74,11,22.172407150268555,22.462522506713867,47.181640625,0.0,0.011958328978956738,-32.49549865722656,4
1K74,12,20.52525520324707,19.639610290527344,66.32762908935547,0.0,0.007319004826177797,-32.85895538330078,20
1K74,13,19.000152587890625,16.16718864440918,64.93299102783203,0.0,0.008460655407329307,-33.451995849609375,12
1K74,14,19.489940643310547,17.29280662536621,64.39610290527344,0.0,0.00819744392634711,-33.239322662353516,16
3V6Z,0,21.413028717041016,9.637561798095703,46.507301330566406,0.0,0.018658410356784953,-17.942543029785156,72
3V6Z,1,10.21996021270752,8.104192733764648,20.93498992919922,0.0,0.05821488379316416,-18.484073638916016,11
3V6Z,2,10.325977325439453,12.37462329864502,23.01060676574707,0.0,0.044849789755232274,-17.96312713623047,35
3V6Z,3,10.30929946899414,12.67864990234375,23.152984619140625,0.0,0.04419179313011726,-24.736038208007812,0
3V6Z,4,6.7792863845825195,7.489559173583984,15.224641799926758,0.066667,0.11428837871530206,-19.88141441345215,12
3V6Z,5,8.436676979064941,9.161615371704102,19.639070510864258,0.0,0.06129242246060728,-20.17974281311035,13
3V6Z,6,5.721133232116699,5.896539211273193,13.834750175476074,0.266667,0.20049451264667764,-19.798168182373047,17
3V6Z,7,13.544882774353027,12.661628723144531,27.671777725219727,0.0,0.03335332729876317,-26.59268569946289,0
3V6Z,8,9.198477745056152,8.361849784851074,20.160966873168945,0.0,0.060700387296677955,-29.31056022644043,1
3V6Z,9,9.436040878295898,11.235132217407227,20.297449111938477,0.066667,0.07779455686021906,-21.754150390625,3
3V6Z,10,10.65814208984375,11.846755981445312,23.0620059967041,0.066667,0.06734802576728581,-27.686431884765625,3
3V6Z,11,11.149937629699707,10.589829444885254,24.427968978881836,0.0,0.04255657278843084,-27.85287857055664,0
3V6Z,12,13.498893737792969,12.284687042236328,27.357513427734375,0.0,0.03424218358613415,-18.076236724853516,3
3V6Z,13,10.695832252502441,8.98497200012207,27.4096736907959,0.0,0.038282016891535826,-21.126617431640625,5
3V6Z,14,9.287389755249023,10.211812019348145,20.647140502929688,0.4,0.18867985953970803,-19.056577682495117,24
5HYS,0,7.200647354125977,7.413143157958984,14.734487533569336,0.0,0.0963418718785621,-18.593809127807617,9
5HYS,1,30.127552032470703,18.187772750854492,76.40769958496094,0.0,0.0063266949930461105,-16.68707847595215,22
5HYS,2,24.131189346313477,18.894962310791016,49.052215576171875,0.0,0.011804977701233796,-13.687567710876465,15
5HYS,3,13.17949390411377,13.195385932922363,34.943180084228516,0.0,0.022874428957028795,-20.103784561157227,9
5HYS,4,25.934396743774414,19.927305221557617,41.995750427246094,0.0,0.014996111692451531,-17.274267196655273,13
5HYS,5,11.041508674621582,7.697517395019531,24.16280174255371,0.0,0.04890207720032275,-17.489654541015625,11
5HYS,6,9.862394332885742,8.741640090942383,19.832653045654297,0.0,0.061261081953323256,-17.726402282714844,12
5HYS,7,6.7002716064453125,9.10712718963623,16.217010498046875,0.0,0.08064264856873256,-17.74768829345703,10
5HYS,8,13.224783897399902,13.102742195129395,30.54320526123047,0.0,0.02827227392354392,-18.78466033935547,19
5HYS,9,18.77152442932129,17.640071868896484,33.66032791137695,0.0,0.022374668894889718,-18.49947166442871,40
5HYS,10,18.38011932373047,17.419750213623047,34.00300979614258,0.0,0.02205798038775833,-20.328393936157227,27
5HYS,11,14.086556434631348,13.522273063659668,32.117733001708984,0.0,0.02587041336521149,-20.213153839111328,14
5HYS,12,21.406118392944336,15.688847541809082,43.743568420410156,0.0,0.015147526576928286,-15.241652488708496,21
5HYS,13,28.647571563720703,17.695068359375,72.51289367675781,0.0,0.006896328944057659,-19.095664978027344,1
5HYS,14,12.209985733032227,11.732311248779297,24.932313919067383,0.0,0.040069779381277364,-17.40542221069336,9
1DE4,0,33.24222183227539,26.409282684326172,46.073673248291016,0.0,0.012043626690603366,-8.3455171585083,45
1DE4,1,8.401658058166504,6.889644622802734,19.30692481994629,0.0,0.06920427846407053,-6.869405269622803,29
1DE4,2,25.281051635742188,20.269392013549805,73.65331268310547,0.0,0.006196678128803347,-13.045856475830078,20
1DE4,3,14.620314598083496,12.139634132385254,54.82706832885742,0.0,0.012836365316099108,-2.166675329208374,40
1DE4,4,12.455901145935059,9.301187515258789,30.722095489501953,0.0,0.032151355102495414,-16.334136962890625,4
1DE4,5,40.12338638305664,23.070621490478516,60.150352478027344,0.0,0.007929262820527184,-8.228780746459961,21
1DE4,6,23.883655548095703,20.99983024597168,60.350154876708984,0.0,0.008175864824638694,-17.839994430541992,17
1DE4,7,38.04539489746094,23.662328720092773,57.76858139038086,0.0,0.008397831477044164,-5.001095771789551,22
1DE4,8,19.93583106994629,22.47878646850586,93.50345611572266,0.0,0.004209739151555284,-14.117136001586914,6
1DE4,9,24.27668571472168,17.91153907775879,61.662410736083984,0.0,0.008537306252978147,-9.732147216796875,47
1DE4,10,30.649728775024414,25.930538177490234,44.69805908203125,0.0,0.012745224277022918,-9.329046249389648,43
1DE4,11,39.13274383544922,28.554197311401367,77.67196655273438,0.0,0.004862062554412233,-8.335149765014648,18
1DE4,12,25.515947341918945,23.533203125,86.77930450439453,0.0,0.00451642321397584,-10.532071113586426,43
1DE4,13,33.94399642944336,29.29155921936035,68.0549087524414,0.0,0.005991904543936978,-7.645995616912842,38
1DE4,14,16.148073196411133,11.654483795166016,36.2894401550293,0.0,0.02276819997234741,-11.365116119384766,38
1CGI,0,7.888104438781738,7.01486873626709,24.933725357055664,0.193548,0.11379606145598971,-48.28573989868164,4
1CGI,1,5.602389335632324,6.80212926864624,13.698464393615723,0.129032,0.1511331247209806,-50.964210510253906,0
1CGI,2,6.3226213455200195,7.992195129394531,14.832314491271973,0.064516,0.11525476224310079,-43.68980026245117,8
1CGI,3,5.4695963859558105,6.799252510070801,13.070186614990234,0.16129,0.16830952363146032,-47.92561721801758,2
1CGI,4,6.571074485778809,8.5285062789917,15.905421257019043,0.0,0.08405155162301835,-47.5761833190918,5
1CGI,5,5.066882133483887,5.352376937866211,14.193347930908203,0.16129,0.16602815369563062,-50.269351959228516,2
1CGI,6,4.305379867553711,5.117803573608398,10.283924102783203,0.096774,0.19392024655320303,-48.042869567871094,4
1CGI,7,9.178274154663086,10.564155578613281,25.798797607421875,0.0,0.03922838746590739,-44.30070877075195,5
1CGI,8,6.640482425689697,8.51310920715332,16.794221878051758,0.0,0.07801226489415251,-49.22659683227539,2
1CGI,9,5.910401821136475,7.3721537590026855,14.283269882202148,0.290323,0.19720129647997342,-49.0807991027832,2
1CGI,10,4.76556921005249,4.8780975341796875,13.978509902954102,0.096774,0.1510345103650268,-42.91048049926758,3
1CGI,11,3.0787389278411865,3.601597785949707,8.130313873291016,0.16129,0.2771086142253159,-47.6071662902832,1
1CGI,12,10.435803413391113,9.94849681854248,29.320648193359375,0.096774,0.06550927472509252,-33.984134674072266,20
1CGI,13,4.002301216125488,4.976682662963867,10.617254257202148,0.032258,0.16870959392450094,-49.453060150146484,1
1CGI,14,6.109826564788818,6.3047261238098145,15.167471885681152,0.0,0.09752374183762517,-46.34709167480469,5
2CFH,0,6.3780035972595215,5.676352024078369,16.009912490844727,0.0,0.09505545967183844,-53.52570724487305,0
2CFH,1,3.252748489379883,2.6678590774536133,8.771031379699707,0.090909,0.27180430089114843,-52.178382873535156,0
2CFH,2,12.710073471069336,14.11963939666748,28.04129981994629,0.0,0.03177067371150332,-40.39631271362305,1
2CFH,3,15.238847732543945,14.179316520690918,25.755863189697266,0.0,0.03642814339101283,-40.32164764404297,4
2CFH,4,16.56184196472168,15.361245155334473,52.243221282958984,0.0,0.011744644165558711,-40.997650146484375,0
2CFH,5,6.572275161743164,5.973637104034424,23.05971908569336,0.0,0.05964403008741915,-34.23799133300781,1
2CFH,6,11.176554679870605,11.948030471801758,33.934661865234375,0.0,0.024851180178468154,-36.89310073852539,3
2CFH,7,16.394296646118164,14.784966468811035,24.9139461517334,0.0,0.03815059935327439,-50.94013977050781,0
2CFH,8,15.347857475280762,13.917407035827637,23.764039993286133,0.0,0.041636261629518855,-40.163909912109375,2
2CFH,9,17.023536682128906,16.749736785888672,31.523632049560547,0.0,0.025244486668054702,-41.130943298339844,0
2CFH,10,17.100200653076172,17.55130958557129,33.5829963684082,0.0,0.022485340898664163,-38.98405456542969,7
2CFH,11,4.685776233673096,4.036196708679199,11.039880752563477,0.090909,0.19481256807408318,-44.23210525512695,0
2CFH,12,16.768617630004883,14.99567699432373,26.457622528076172,0.0,0.03448790906799953,-39.05878448486328,1
2CFH,13,4.984274864196777,4.077975273132324,11.906323432922363,0.454545,0.30377322335279816,-50.09456253051758,2
2CFH,14,16.52290153503418,14.89370346069336,26.098512649536133,0.0,0.03531407844752978,-47.11032485961914,0
1DFJ,0,10.90433406829834,14.845029830932617,64.63480377197266,0.0,0.009035684755942368,-33.861305236816406,9
1DFJ,1,9.98451042175293,13.190267562866211,52.49208450317383,0.0,0.012772753040422009,-33.286136627197266,3
1DFJ,2,11.634592056274414,16.64519691467285,69.91413879394531,0.0,0.007540442643134536,-42.079097747802734,0
1DFJ,3,7.769147872924805,11.030472755432129,43.45840072631836,0.0,0.018334111280696768,-32.81739044189453,4
1DFJ,4,9.89653491973877,12.81468677520752,46.7991828918457,0.0,0.015150393302599275,-33.5433349609375,1
1DFJ,5,5.817291736602783,7.123240947723389,23.673566818237305,0.0,0.05221858009766442,-35.63274002075195,0
1DFJ,6,8.248119354248047,10.7535400390625,41.858211517333984,0.0,0.01956291438899715,-38.46245193481445,0
1DFJ,7,9.237194061279297,12.204140663146973,50.3273811340332,0.0,0.014205314528702898,-26.89851951599121,2
1DFJ,8,11.690523147583008,16.930631637573242,67.15351104736328,0.0,0.007852340754990701,-35.284942626953125,1
1DFJ,9,6.8430376052856445,8.45952320098877,27.98681640625,0.0,0.03831152575569869,-34.35660934448242,0
1DFJ,10,8.032975196838379,11.826720237731934,41.53260040283203,0.0,0.01867760520047394,-39.995113372802734,0
1DFJ,11,9.830974578857422,12.345683097839355,48.709163665771484,0.0,0.014699870668731824,-38.77144241333008,1
1DFJ,12,9.374195098876953,12.062372207641602,47.75616455078125,0.0,0.015311704187961836,-39.32564163208008,2
1DFJ,13,11.49794864654541,16.001968383789062,67.83889770507812,0.0,0.008055668247319275,-33.55091094970703,4
1DFJ,14,9.98448657989502,13.828664779663086,55.69485855102539,0.0,0.011463622003336704,-40.32355499267578,0
6DBG,0,4.366587162017822,3.455595016479492,20.469575881958008,0.0,0.10187413239508836,-45.151832580566406,0
6DBG,1,3.02677059173584,2.6952342987060547,6.727874279022217,0.0,0.2837684213385315,-48.20391082763672,0
6DBG,2,4.250866413116455,2.776453971862793,15.494235038757324,0.0,0.1524218167329859,-47.611202239990234,0
6DBG,3,5.7990403175354,6.097952365875244,23.96940040588379,0.0,0.05625424522331898,-46.73061752319336,0
6DBG,4,5.033051013946533,4.827395915985107,16.007427215576172,0.0,0.10266567660083875,-43.9671745300293,0
6DBG,5,10.173572540283203,9.548189163208008,47.17639923095703,0.0,0.01850919264592252,-42.343048095703125,0
6DBG,6,4.442439556121826,3.291396379470825,18.55103302001953,0.0,0.1151633200257746,-39.93128204345703,0
6DBG,7,10.074707984924316,8.705998420715332,43.02972412109375,0.0,0.02212849306121764,-36.66891860961914,0
6DBG,8,6.189370155334473,5.2556939125061035,19.666746139526367,0.0,0.0775724594124973,-43.168094635009766,0
6DBG,9,4.909188747406006,4.056332111358643,19.017885208129883,0.0,0.09559924726367575,-45.4442253112793,0
6DBG,10,8.361766815185547,7.887538433074951,38.981998443603516,0.0,0.026763717213062085,-40.584312438964844,0
6DBG,11,8.535386085510254,7.4198431968688965,33.295162200927734,0.0,0.03348354386720604,-29.445919036865234,16
6DBG,12,10.5783109664917,9.708385467529297,44.886680603027344,0.0,0.019311135130613853,-45.129390716552734,0
6DBG,13,10.32174015045166,9.767341613769531,46.60188674926758,0.0,0.018412806786366163,-44.818336486816406,0
6DBG,14,8.987936973571777,8.054891586303711,42.355926513671875,0.0,0.02407663611900432,-37.15917205810547,0
4HX3,0,18.93563461303711,19.096908569335938,54.47471618652344,0.0,0.009966734683846267,-37.52248001098633,0
4HX3,1,15.24048900604248,15.881242752075195,44.347129821777344,0.0,0.014759194116557345,-39.65330123901367,0
4HX3,2,13.4285888671875,15.544795989990234,38.166744232177734,0.0,0.018826695094353623,-32.04655075073242,0
4HX3,3,22.093915939331055,19.188514709472656,65.84089660644531,0.0,0.007489021186405191,-29.291353225708008,0
4HX3,4,20.70789909362793,19.374818801879883,64.47318267822266,0.0,0.007680802182536542,-33.08056640625,0
4HX3,5,15.889124870300293,17.164764404296875,48.92652893066406,0.0,0.012292214862867952,-38.158912658691406,0
4HX3,6,23.185649871826172,19.285371780395508,64.71662902832031,0.0,0.007657118363535223,-37.970550537109375,0
4HX3,7,23.07693099975586,19.831106185913086,66.95204162597656,0.0,0.007183656842246024,-33.587337493896484,0
4HX3,8,22.306894302368164,17.44296646118164,61.44115447998047,0.0,0.008706782979873512,-34.5263557434082,0
4HX3,9,21.98198127746582,18.54216957092285,63.565704345703125,0.0,0.008022874466982141,-39.538352966308594,0
4HX3,10,22.123571395874023,19.87034797668457,66.40813446044922,0.0,0.007261781882985107,-30.066118240356445,0
4HX3,11,21.738433837890625,19.193147659301758,64.46487426757812,0.0,0.007719791333401389,-27.415027618408203,0
4HX3,12,16.644155502319336,17.022659301757812,48.81363296508789,0.0,0.012378137839583686,-37.31840133666992,0
4HX3,13,22.39585304260254,20.794872283935547,67.4040298461914,0.0,0.006943285161995237,-27.021100997924805,1
4HX3,14,18.691490173339844,19.297048568725586,52.61319351196289,0.0,0.01048085453328112,-41.616641998291016,0
1ZHI,0,20.15471839904785,21.370315551757812,48.54514694213867,0.0,0.011549600725746123,-28.959232330322266,11
1ZHI,1,15.392203330993652,16.39592933654785,36.41011047363281,0.0,0.019994401270690163,-32.706329345703125,5
1ZHI,2,24.948701858520508,24.40625,63.167510986328125,0.0,0.007182732573067239,-26.983379364013672,8
1ZHI,3,14.050697326660156,12.398417472839355,27.066532135009766,0.0,0.03473145919241039,-31.882566452026367,1
1ZHI,4,16.289928436279297,15.523965835571289,34.40122604370117,0.0,0.022262625603048373,-28.62343978881836,8
1ZHI,5,15.146001815795898,14.642902374267578,34.056217193603516,0.0,0.02300852711272527,-28.457378387451172,8
1ZHI,6,18.58433723449707,19.03746223449707,47.538726806640625,0.0,0.012383156350998223,-31.677854537963867,3
1ZHI,7,19.451156616210938,19.816293716430664,46.997440338134766,0.0,0.012457235480183416,-28.823062896728516,4
1ZHI,8,19.265657424926758,17.09000587463379,45.87971115112305,0.0,0.013609880393119061,-33.85791778564453,5
1ZHI,9,17.537246704101562,18.13753890991211,42.18989562988281,0.0,0.015266647569064465,-32.462188720703125,4
1ZHI,10,22.68821907043457,20.261445999145508,55.25790786743164,0.0,0.009521939577959895,-25.417688369750977,18
1ZHI,11,19.754840850830078,21.14527702331543,46.808082580566406,0.0,0.012310048905674179,-32.8716926574707,4
1ZHI,12,20.27449607849121,20.70054817199707,48.79642868041992,0.0,0.011557641448411883,-34.02055358886719,4
1ZHI,13,15.624619483947754,17.017902374267578,35.79307174682617,0.0,0.020364503006843712,-33.304771423339844,4
1ZHI,14,23.245357513427734,22.624149322509766,59.30766296386719,0.0,0.00816795966136778,-22.465866088867188,27
1GRN,0,12.402112007141113,10.328788757324219,27.201345443725586,0.0,0.036538228393289664,-34.53126525878906,2
1GRN,1,9.044211387634277,8.366150856018066,25.97031021118164,0.2,0.10930109156678447,-38.3359375,1
1GRN,2,16.491287231445312,12.407971382141113,33.632869720458984,0.0,0.024813708468896536,-41.07112121582031,1
1GRN,3,8.517574310302734,8.871810913085938,26.3869571685791,0.0,0.04060117258685129,-46.85028839111328,0
1GRN,4,10.243863105773926,9.788310050964355,21.794153213500977,0.0,0.051657414951131055,-35.32212448120117,3
1GRN,5,18.62070655822754,15.637646675109863,50.14362335205078,0.0,0.01234975869410243,-40.53227996826172,0
1GRN,6,17.184728622436523,14.168063163757324,39.434593200683594,0.0,0.018494100221494343,-35.829811096191406,0
1GRN,7,13.941587448120117,13.481512069702148,55.32070541381836,0.0,0.011763955891216281,-49.95021438598633,0
1GRN,8,7.475610733032227,6.9462690353393555,24.510738372802734,0.2,0.11730160358222132,-40.25975036621094,1
1GRN,9,10.278623580932617,9.361105918884277,33.25410842895508,0.0,0.028787199158653066,-48.080265045166016,0
1GRN,10,9.879534721374512,8.828808784484863,21.232295989990234,0.0,0.055394991658611836,-37.23060607910156,3
1GRN,11,12.468391418457031,10.38443660736084,31.279651641845703,0.0,0.02973477861705531,-52.34342575073242,0
1GRN,12,76.99049377441406,84.40599822998047,185.27798461914062,0.0,0.0008053323960490236,0.0,0
1GRN,13,12.562798500061035,10.161958694458008,28.006654739379883,0.0,0.03522224993161758,-37.12873840332031,3
1GRN,14,14.015769004821777,11.462873458862305,30.66446876525879,0.0,0.02939638571593105,-34.449161529541016,2
1H1V,0,27.015043258666992,26.207149505615234,80.58338928222656,0.0,0.004756354622374388,-40.639671325683594,2
1H1V,1,27.501689910888672,26.19870376586914,76.76396942138672,0.0,0.005126601233079567,-35.37042236328125,8
1H1V,2,25.48295783996582,18.46082878112793,68.24178314208984,0.0,0.007278741053601188,-32.55535888671875,49
1H1V,3,27.303285598754883,23.457721710205078,77.2505874633789,0.0,0.005344800632812775,-40.54746627807617,4
1H1V,4,14.55469799041748,11.197465896606445,27.387250900268555,0.0,0.03516357213322816,-29.658327102661133,63
1H1V,5,20.166637420654297,17.069103240966797,68.04801940917969,0.0,0.007675539828082292,-33.38283157348633,34
1H1V,6,27.448989868164062,25.24932098388672,75.78850555419922,0.0,0.005313051928033938,-39.77336120605469,5
1H1V,7,11.971601486206055,12.552220344543457,25.97244644165039,0.0,0.036941054277090796,-32.52614974975586,14
1H1V,8,15.917399406433105,18.06105613708496,46.30691909790039,0.0,0.013148523169570313,-27.241317749023438,6
1H1V,9,21.905961990356445,17.687562942504883,74.2960433959961,0.0,0.006686828271744484,-40.436920166015625,5
1H1V,10,26.033761978149414,21.26425552368164,76.43216705322266,0.0,0.005722631794458845,-35.271583557128906,19
1H1V,11,13.973000526428223,13.521242141723633,26.290292739868164,0.0,0.035598677701554664,-32.55427932739258,24
1H1V,12,21.417072296142578,23.788570404052734,76.98902893066406,0.0,0.005334265904973019,-29.771867752075195,21
1H1V,13,15.191374778747559,11.351155281066895,30.622154235839844,0.0,0.029566558805554727,-30.882240295410156,48
1H1V,14,19.639530181884766,19.3887939453125,71.07910919189453,0.0,0.006682861979594581,-33.440940856933594,19
2VXT,0,3.999116897583008,4.619333744049072,10.926020622253418,0.0,0.15747307526706425,-34.91322326660156,3
2VXT,1,12.016829490661621,11.263277053833008,23.16634750366211,0.0,0.045359208283441775,-35.611446380615234,5
2VXT,2,16.85382652282715,13.258721351623535,48.76068878173828,0.0,0.014042963858038859,-33.0190315246582,6
2VXT,3,4.50135612487793,3.314399003982544,11.720303535461426,0.066667,0.1937821233764284,-32.15270233154297,2
2VXT,4,19.307071685791016,14.179022789001465,53.66550064086914,0.0,0.011846884466807145,-33.054100036621094,7
2VXT,5,2.5872983932495117,3.6236491203308105,6.0252299308776855,0.0,0.270619012673048,-40.67815399169922,1
2VXT,6,8.491865158081055,7.799040794372559,18.214916229248047,0.0,0.07149791613351984,-41.06101989746094,0
2VXT,7,6.576500415802002,6.934877872467041,19.09113883972168,0.0,0.07004367642986224,-34.270545959472656,1
2VXT,8,23.349477767944336,18.21390151977539,60.26203536987305,0.0,0.008747930532456497,-38.41654586791992,6
2VXT,9,12.519657135009766,10.529932022094727,35.8915901184082,0.0,0.0243319670734152,-30.236238479614258,3
2VXT,10,18.41669273376465,14.997331619262695,51.54057693481445,0.0,0.012127490793768549,-36.9387092590332,3
2VXT,11,21.5020694732666,15.530879974365234,53.79509735107422,0.0,0.011199967913839898,-34.30356216430664,6
2VXT,12,17.509037017822266,12.911958694458008,46.86870574951172,0.0,0.015053114387406247,-31.275527954101562,7
2VXT,13,5.609053611755371,4.897480487823486,12.994548797607422,0.0,0.12847337888792917,-33.36116027832031,4
2VXT,14,4.589534759521484,5.033088684082031,10.089295387268066,0.0,0.16556672936404934,-34.411895751953125,5
6A77,0,6.0154571533203125,8.497318267822266,14.487225532531738,0.0,0.09543590675025088,-42.57729721069336,0
6A77,1,8.94912052154541,11.058350563049316,21.537097930908203,0.0,0.050945797775933055,-37.5343132019043,0
6A77,2,9.041309356689453,11.134543418884277,22.65056037902832,0.0,0.047088765542471135,-30.24515151977539,7
6A77,3,9.291863441467285,11.217696189880371,22.401384353637695,0.0,0.0478071714576651,-37.68721008300781,2
6A77,4,6.985481262207031,8.892660140991211,17.251537322998047,0.0,0.07433550972726911,-37.68174743652344,1
6A77,5,11.912139892578125,15.551820755004883,31.682817459106445,0.0,0.025453617214090812,-26.24839210510254,31
6A77,6,10.134506225585938,13.101615905761719,30.50788688659668,0.0,0.02832451585407329,-32.79079055786133,2
6A77,7,9.846067428588867,11.88155460357666,23.811616897583008,0.0,0.042904111999438756,-32.837013244628906,4
6A77,8,9.51565170288086,11.278646469116211,23.235607147216797,0.0,0.04513602151010018,-29.419145584106445,4
6A77,9,6.854953289031982,8.695379257202148,17.280988693237305,0.0,0.07456791953418478,-35.62446594238281,0
6A77,10,9.096577644348145,10.956657409667969,22.349361419677734,0.0,0.0482551292390142,-31.93072509765625,3
6A77,11,6.202558517456055,8.95328140258789,15.164627075195312,0.0,0.08878986272039217,-37.58876419067383,0
6A77,12,7.349479675292969,9.719297409057617,18.527259826660156,0.0,0.0657157531900527,-35.136348724365234,1
6A77,13,28.414133071899414,33.28192901611328,79.44464874267578,0.0,0.004448342089472825,-31.851808547973633,11
6A77,14,9.651686668395996,11.60897159576416,23.21820068359375,0.0,0.04486839278603361,-31.643997192382812,4
1K5D,0,30.30019187927246,17.575326919555664,63.95781326293945,0.0,0.008195770783878287,-34.131202697753906,14
1K5D,1,9.066471099853516,8.677308082580566,35.58364486694336,0.0,0.027665226050170615,-37.457332611083984,1
1K5D,2,12.113451957702637,9.718127250671387,36.9000244140625,0.0,0.02455272101412603,-30.57839012145996,12
1K5D,3,28.594532012939453,14.885071754455566,46.96202850341797,0.0625,0.034757924540964304,-46.746097564697266,0
1K5D,4,25.839868545532227,14.566763877868652,43.24184036254883,0.0,0.0158980946614391,-44.18758010864258,0
1K5D,5,15.930779457092285,12.238825798034668,42.478458404541016,0.0,0.017765967893686296,-27.331911087036133,52
1K5D,6,29.147632598876953,14.015785217285156,56.907325744628906,0.0,0.011049088900588052,-36.01193618774414,6
1K5D,7,5.165191173553467,5.283169746398926,20.77350616455078,0.0,0.07267026868824704,-42.7858772277832,0
1K5D,8,5.623427391052246,4.977230548858643,21.781444549560547,0.0,0.07180801285209859,-38.81591796875,1
1K5D,9,28.708782196044922,14.807001113891602,44.51469802856445,0.0,0.015112229495466326,-39.807376861572266,0
1K5D,10,28.895803451538086,15.055672645568848,47.546085357666016,0.0,0.01359964002500487,-45.189544677734375,0
1K5D,11,9.752232551574707,8.062451362609863,36.976898193359375,0.0,0.02788176833066755,-41.504852294921875,0
1K5D,12,18.142091751098633,15.436161994934082,62.43227005004883,0.0,0.009184449948559305,-35.892784118652344,6
1K5D,13,28.568544387817383,15.028143882751465,45.02956771850586,0.0,0.014756836808685054,-36.144775390625,4
1K5D,14,16.96126937866211,14.651711463928223,57.88513946533203,0.0,0.010493316883742831,-36.670875549316406,9
1I2M,0,12.641251564025879,14.728934288024902,53.45901107788086,0.0,0.011640908112391482,-47.450592041015625,0
1I2M,1,9.227860450744629,10.349506378173828,40.20964431762695,0.0,0.02111631769481297,-47.96995162963867,0
1I2M,2,13.800612449645996,15.178606033325195,56.78689193725586,0.0,0.010528482009335802,-48.52081298828125,1
1I2M,3,6.567479133605957,6.790131568908691,22.02945899963379,0.222222,0.13277916174838364,-45.14405059814453,0
1I2M,4,9.740848541259766,11.67171573638916,42.852420806884766,0.444444,0.16618244218488448,-47.32024383544922,0
1I2M,5,8.716167449951172,10.240973472595215,42.084712982177734,0.0,0.020065818858046414,-46.356998443603516,0
1I2M,6,13.23597240447998,14.04246711730957,52.97727966308594,0.0,0.012126144571557038,-56.070281982421875,0
1I2M,7,13.396537780761719,13.830361366271973,58.748809814453125,0.0,0.010710115205653556,-47.7950325012207,2
1I2M,8,12.78034782409668,14.05293083190918,54.84800720214844,0.0,0.011572836019975037,-48.688899993896484,1
1I2M,9,8.197903633117676,9.044437408447266,42.360843658447266,0.0,0.021824680780910797,-43.93506622314453,2
1I2M,10,11.800028800964355,12.024578094482422,46.606136322021484,0.0,0.015838080304844144,-45.33020782470703,4
1I2M,11,14.015275955200195,15.779244422912598,50.06001663208008,0.0,0.012326200314413227,-44.07162857055664,2
1I2M,12,13.697321891784668,15.496639251708984,50.916072845458984,0.0,0.012132040080011125,-38.16071701049805,3
1I2M,13,8.092666625976562,8.487873077392578,41.33858108520508,0.0,0.02361642106652119,-40.7476692199707,3
1I2M,14,10.665689468383789,11.876964569091797,45.60551452636719,0.0,0.01642387921037761,-52.16874313354492,0
1ZHH,0,14.45747184753418,16.583290100097656,32.24845886230469,0.0,0.024358610270789838,-29.748144149780273,1
1ZHH,1,15.844939231872559,16.03774642944336,36.33259582519531,0.0,0.02018805053845008,-36.984230041503906,2
1ZHH,2,26.943559646606445,28.579898834228516,73.26254272460938,0.0,0.005343051189374723,-24.433032989501953,4
1ZHH,3,21.04912567138672,21.94158363342285,40.656646728515625,0.0,0.015510231628966585,-42.90140151977539,0
1ZHH,4,14.3806734085083,16.71601104736328,32.658119201660156,0.0,0.023810583851352606,-32.75885009765625,1
1ZHH,5,25.747282028198242,28.073984146118164,71.85762023925781,0.0,0.005548659609844989,-35.85469055175781,0
1ZHH,6,18.71588706970215,18.660907745361328,39.72994613647461,0.0,0.01672953100488567,-42.55329132080078,0
1ZHH,7,20.557659149169922,23.646175384521484,57.20322036743164,0.0,0.008536932400546605,-35.73167037963867,1
1ZHH,8,21.583637237548828,22.697813034057617,44.2891731262207,0.0,0.013291097433537014,-39.423038482666016,0
1ZHH,9,18.512784957885742,19.837644577026367,42.61867141723633,0.0,0.014646924420447599,-42.695213317871094,0
1ZHH,10,19.89242172241211,20.715564727783203,41.733036041259766,0.0,0.01501571571422934,-42.0872917175293,0
1ZHH,11,21.595327377319336,22.803647994995117,58.41828155517578,0.0,0.0083467532712728,-31.599021911621094,1
1ZHH,12,21.38075065612793,22.69942283630371,43.761924743652344,0.0,0.013567514797770741,-43.347412109375,0
1ZHH,13,20.462369918823242,20.76982307434082,43.21428298950195,0.0,0.014145417090314838,-44.270973205566406,0
1ZHH,14,21.180498123168945,21.73640251159668,40.98980712890625,0.0,0.015322819776634737,-42.46784973144531,0
3DAW,0,13.831032752990723,14.765616416931152,32.72874069213867,0.0,0.024467393917960326,-52.96502685546875,0
3DAW,1,26.014352798461914,21.99449920654297,72.66606903076172,0.0,0.006042549132536257,-50.764381408691406,0
3DAW,2,28.26387596130371,23.651161193847656,78.71751403808594,0.0,0.005177245251734837,-58.7995491027832,0
3DAW,3,17.03457260131836,14.166985511779785,52.397064208984375,0.0,0.012242581284262108,-42.74130630493164,6
3DAW,4,25.900463104248047,22.498693466186523,72.60910034179688,0.0,0.005981429081965917,-55.99615478515625,0
3DAW,5,22.06382179260254,19.60123062133789,68.5221939086914,0.0,0.006992222175674804,-44.2460823059082,4
3DAW,6,27.039485931396484,23.44273567199707,75.81578826904297,0.0,0.005496986954068077,-49.01691818237305,4
3DAW,7,26.50284194946289,22.729413986206055,74.25643157958984,0.0,0.005756598444438897,-55.42626953125,0
3DAW,8,25.453929901123047,20.26735496520996,69.66746520996094,0.0,0.006705128764012215,-49.611637115478516,0
3DAW,9,12.237617492675781,12.219644546508789,28.967487335205078,0.0,0.03137377189208537,-45.27122497558594,0
3DAW,10,23.404088973999023,21.576120376586914,73.77851104736328,0.0,0.005969788867001054,-64.01752471923828,0
3DAW,11,23.77769660949707,19.450647354125977,67.91455078125,0.0,0.007111606919001268,-37.73849105834961,1
3DAW,12,24.31713104248047,19.07877540588379,66.97986602783203,0.0,0.00733089325221261,-58.219459533691406,0
3DAW,13,13.776782989501953,15.525663375854492,30.665454864501953,0.0,0.026865848524384433,-50.767093658447266,0
3DAW,14,17.24838638305664,18.9077205657959,45.52238464355469,0.0,0.013314852718189475,-49.972164154052734,0
2X9A,0,12.941136360168457,12.72434139251709,44.90037155151367,0.0,0.016101288213311128,-37.75058364868164,0
2X9A,1,8.6179838180542,8.903983116149902,19.658855438232422,0.0,0.061700058863453144,-40.30986785888672,4
2X9A,2,9.954451560974121,9.35094165802002,28.582178115844727,0.0,0.035446673509772354,-31.22025489807129,15
2X9A,3,12.573990821838379,11.722896575927734,36.08477020263672,0.0,0.02289285753462278,-29.854290008544922,2
2X9A,4,12.92575454711914,12.042013168334961,39.94776153564453,0.0,0.019530841653667936,-42.904541015625,0
2X9A,5,12.43502140045166,12.239615440368652,46.08027267456055,0.0,0.015901022455251098,-37.475399017333984,1
2X9A,6,13.9816312789917,14.559052467346191,45.354827880859375,0.0,0.014811529899948992,-40.30958938598633,0
2X9A,7,9.942618370056152,9.42959976196289,23.349767684936523,0.0,0.04723040103692928,-52.002235412597656,0
2X9A,8,10.75967788696289,10.327433586120605,29.320579528808594,0.0,0.032728653261918754,-50.36322784423828,0
2X9A,9,13.879011154174805,13.982229232788086,40.684059143066406,0.0,0.017734225852108588,-46.56179428100586,0
2X9A,10,13.963653564453125,14.191137313842773,38.01947784423828,0.0,0.019550987850135888,-44.50926208496094,0
2X9A,11,12.548348426818848,12.460894584655762,39.693511962890625,0.0,0.01937640853561322,-35.41207504272461,3
2X9A,12,7.308998107910156,7.683619499206543,21.57087516784668,0.0,0.05703911671343309,-39.89604949951172,0
2X9A,13,8.406449317932129,9.112617492675781,27.308820724487305,0.0,0.03823449599586135,-40.3854866027832,0
2X9A,14,10.37766170501709,10.695064544677734,20.286605834960938,0.0,0.056210245644041014,-38.128726959228516,0
1XU1,0,9.608280181884766,14.099123001098633,36.43833923339844,0.0,0.02093303808278788,-48.806278228759766,0
1XU1,1,9.320637702941895,11.805130004882812,35.553279876708984,0.0,0.0233187880979738,-41.718379974365234,2
1XU1,2,6.746060848236084,10.99791431427002,25.512996673583984,0.0,0.03939023197521554,-39.72056198120117,1
1XU1,3,9.267876625061035,13.645952224731445,34.8637580871582,0.0,0.022681718841107774,-44.20266342163086,2
1XU1,4,8.864701271057129,10.701202392578125,34.113441467285156,0.0,0.025908379184828884,-49.33894729614258,0
1XU1,5,4.669233322143555,8.561599731445312,15.909960746765137,0.666667,0.30616614241233153,-39.0478515625,4
1XU1,6,10.028334617614746,11.761813163757324,37.8309440612793,0.0,0.021353573738246884,-37.63432312011719,10
1XU1,7,4.781904220581055,8.940014839172363,16.731971740722656,0.5,0.24417164090595223,-38.32689666748047,7
1XU1,8,9.499470710754395,11.781489372253418,35.310787200927734,0.0,0.023574506042761956,-34.02516555786133,22
1XU1,9,8.791295051574707,12.265666007995605,34.203826904296875,0.0,0.024300100199223476,-37.92020034790039,4
1XU1,10,4.26362419128418,7.250283241271973,14.559021949768066,0.833333,0.3761959364349192,-37.1834716796875,5
1XU1,11,3.871248245239258,7.118653297424316,13.442957878112793,0.833333,0.3871535234252992,-39.42134094238281,5
1XU1,12,5.141857624053955,9.623393058776855,18.365196228027344,0.833333,0.34449126901938304,-41.918243408203125,3
1XU1,13,9.850553512573242,11.938616752624512,37.240840911865234,0.0,0.021685519624198787,-40.70030212402344,3
1XU1,14,2.508626937866211,4.308041572570801,9.591702461242676,0.0,0.1826671154897048,-35.929893493652344,8
4LW4,0,25.530710220336914,26.113008499145508,75.97254180908203,0.0,0.0052172495529875405,-29.010408401489258,5
4LW4,1,10.701667785644531,13.196878433227539,31.367448806762695,0.0,0.027054101631966573,-32.632652282714844,1
4LW4,2,21.962495803833008,21.214494705200195,65.35721588134766,0.0,0.00720245461269691,-24.443294525146484,24
4LW4,3,11.127640724182129,12.762086868286133,32.72530746459961,0.0,0.025608802502633327,-35.42604064941406,4
4LW4,4,10.609611511230469,12.722199440002441,30.619266510009766,0.0,0.02842011813383477,-37.281009674072266,4
4LW4,5,26.1541690826416,26.290620803833008,76.90637969970703,0.0,0.0051042650639670116,-31.329708099365234,7
4LW4,6,25.865339279174805,24.42841911315918,76.62582397460938,0.0,0.005303955400348288,-31.79568862915039,7
4LW4,7,8.226205825805664,9.167059898376465,25.80908966064453,0.0,0.04130949768700418,-30.37672233581543,8
4LW4,8,25.85638999938965,25.365997314453125,76.36247253417969,0.0,0.005241075837891595,-27.72551918029785,6
4LW4,9,25.85271453857422,26.083988189697266,76.55839538574219,0.0,0.005157618001910112,-29.124603271484375,5
4LW4,10,15.760686874389648,14.61898422241211,52.747886657714844,0.0,0.011909495972733095,-35.8726921081543,0
4LW4,11,10.871602058410645,12.57476806640625,31.72719383239746,0.0,0.026999391347180393,-35.34914779663086,3
4LW4,12,12.3652982711792,11.873893737792969,37.905601501464844,0.0,0.021194893070389242,-28.871185302734375,5
4LW4,13,9.47472858428955,10.59332275390625,28.5296688079834,0.0,0.03372822413590381,-30.858104705810547,11
4LW4,14,10.779853820800781,13.315403938293457,31.497304916381836,0.0,0.02680479903647715,-33.915042877197266,3
3EO1,0,35.746761322021484,40.113616943359375,90.47657012939453,0.0,0.0033817197757716375,-24.37379264831543,11
3EO1,1,17.88697624206543,12.6145658493042,48.23146057128906,0.0,0.014688392869437414,-26.07904815673828,1
3EO1,2,24.404325485229492,16.302898406982422,53.03586196899414,0.0,0.011145770788024973,-18.171768188476562,30
3EO1,3,19.579553604125977,14.972354888916016,46.17437744140625,0.0,0.014237908022282211,-20.559844970703125,7
3EO1,4,21.925426483154297,20.048677444458008,49.6931037902832,0.0,0.01133097447052066,-28.751882553100586,0
3EO1,5,20.176219940185547,13.943073272705078,48.868614196777344,0.0,0.01360211761803942,-20.21492576599121,26
3EO1,6,16.014009475708008,14.640653610229492,40.11750030517578,0.0,0.017783758211424305,-21.322092056274414,5
3EO1,7,31.215269088745117,27.881799697875977,98.15076446533203,0.0,0.00344330500331249,-28.081315994262695,11
3EO1,8,23.70128631591797,19.728357315063477,49.335994720458984,0.0,0.011525069205028477,-26.064239501953125,2
3EO1,9,17.755281448364258,16.51321029663086,38.21364974975586,0.0,0.01844263031467997,-29.02639389038086,0
3EO1,10,16.67278480529785,12.520212173461914,40.00057601928711,0.0,0.01911816892530319,-19.596670150756836,7
3EO1,11,15.30180549621582,15.390196800231934,39.32791519165039,0.0,0.01801269140108716,-21.14696502685547,2
3EO1,12,21.565155029296875,16.368074417114258,49.83110046386719,0.0,0.012200621846501872,-28.555816650390625,0
3EO1,13,19.974519729614258,15.056381225585938,45.964759826660156,0.0,0.014297975840400122,-22.203344345092773,35
3EO1,14,23.22762680053711,11.689698219299316,54.779022216796875,0.473684,0.17113136970309595,-22.92067527770996,40
1AK4,0,15.943360328674316,13.71277141571045,32.422462463378906,0.0,0.025377986679155685,-31.585491180419922,46
1AK4,1,10.804914474487305,6.431321620941162,33.44807052612305,0.0,0.03741784707719196,-43.09284210205078,7
1AK4,2,16.045169830322266,10.297475814819336,35.48947525024414,0.0,0.025009910627177775,-40.66204833984375,10
1AK4,3,11.519623756408691,6.329756259918213,33.03828430175781,0.076923,0.06405896183548897,-42.88652801513672,7
1AK4,4,14.383451461791992,8.63880443572998,33.06920623779297,0.0,0.030413403593711013,-40.73796844482422,12
1AK4,5,11.94412612915039,6.961424350738525,34.83866500854492,0.0,0.03351713902938706,-43.88245391845703,2
1AK4,6,11.469929695129395,7.429694652557373,33.25003433227539,0.0,0.03350221864027913,-41.02061080932617,3
1AK4,7,12.16749382019043,7.056868553161621,31.788604736328125,0.0,0.03665181964955988,-39.675567626953125,5
1AK4,8,12.126848220825195,7.491109371185303,34.33260726928711,0.0,0.03210139387150163,-39.19020462036133,4
1AK4,9,14.757649421691895,8.490947723388672,37.08176803588867,0.0,0.026728034950609783,-42.326171875,7
1AK4,10,10.587162017822266,5.731241703033447,32.856082916259766,0.0,0.04227907411203711,-42.07573318481445,10
1AK4,11,11.548639297485352,7.141633987426758,33.06577682495117,0.0,0.03474555644903479,-40.599849700927734,5
1AK4,12,14.288743019104004,7.304757595062256,34.8358154296875,0.0,0.032217373552333284,-42.80916976928711,1
1AK4,13,9.928963661193848,8.722649574279785,21.921953201293945,0.0,0.05313866287362323,-42.162227630615234,10
1AK4,14,15.998151779174805,6.746962547302246,36.46297073364258,0.153846,0.0841620497436923,-45.50818634033203,2
1E6E,0,5.886673927307129,4.889088153839111,16.00556755065918,0.1,0.13533959927741446,-33.71595764160156,6
1E6E,1,5.292229175567627,5.575868129730225,13.118152618408203,0.0,0.1210617787722645,-32.41036605834961,4
1E6E,2,6.565286159515381,6.301323413848877,16.82659339904785,0.0,0.08564260743399375,-32.71554946899414,6
1E6E,3,6.569873332977295,5.212258338928223,18.002330780029297,0.3,0.18626016982487478,-32.22683334350586,9
1E6E,4,7.231686115264893,8.497020721435547,17.28226089477539,0.0,0.07500146234150835,-33.383094787597656,5
1E6E,5,5.638564109802246,4.169781684875488,15.695356369018555,0.5,0.28045222037958045,-30.4990234375,7
1E6E,6,6.835792064666748,6.6727213859558105,18.05987548828125,0.0,0.076482886816532,-27.30520248413086,9
1E6E,7,5.829497814178467,6.491962909698486,14.201716423034668,0.0,0.10480860259114866,-37.54638671875,3
1E6E,8,6.315476417541504,5.11057710647583,17.184648513793945,0.2,0.1586267084947149,-30.716039657592773,6
1E6E,9,9.5143461227417,10.899508476257324,22.800626754760742,0.0,0.04686898273971332,-26.43096160888672,31
1E6E,10,7.620771408081055,8.144731521606445,18.771564483642578,0.0,0.06765223292473556,-44.89125442504883,0
1E6E,11,6.988478183746338,6.2420454025268555,18.427734375,0.0,0.07667670779984309,-33.54854202270508,7
1E6E,12,9.24211311340332,7.077677249908447,25.32109260559082,0.0,0.048086583888651856,-28.197006225585938,27
1E6E,13,5.9736199378967285,4.924706935882568,15.923127174377441,0.3,0.20222048051050892,-31.861042022705078,4
1E6E,14,7.1390299797058105,6.19155740737915,19.288951873779297,0.2,0.13934967575135052,-31.178239822387695,8
2G77,0,4.2047119140625,4.036704063415527,9.613616943359375,0.125,0.2283595304797247,-54.917755126953125,0
2G77,1,15.117112159729004,13.33008861541748,48.96400451660156,0.0,0.01391945482330933,-37.956268310546875,1
2G77,2,5.073019981384277,4.822482585906982,10.540047645568848,0.0,0.16076144965419079,-51.44313049316406,1
2G77,3,22.867313385009766,17.93401527404785,61.84812927246094,0.0,0.008494948384545854,-36.32762908935547,2
2G77,4,7.2714080810546875,6.4354448318481445,13.9589262008667,0.0,0.1073416808819586,-40.395145416259766,2
2G77,5,19.62803840637207,15.848774909973145,53.43283462524414,0.0,0.011186453212593692,-44.39235305786133,0
2G77,6,19.025779724121094,15.823755264282227,52.08393859863281,0.0,0.011616194462811374,-47.618526458740234,0
2G77,7,21.065664291381836,17.01127815246582,60.60823440551758,0.0,0.009001472883918784,-37.38765335083008,3
2G77,8,4.114589214324951,4.192302703857422,8.795428276062012,0.0,0.19880481757006666,-54.83158493041992,0
2G77,9,18.542831420898438,15.265628814697266,52.046932220458984,0.0,0.01184710343390716,-42.06038284301758,0
2G77,10,23.523622512817383,19.265750885009766,65.19340515136719,0.0,0.007580178348774773,-33.57464599609375,0
2G77,11,20.171417236328125,15.803943634033203,53.63060760498047,0.0,0.01114403463788175,-37.16019058227539,1
2G77,12,20.532949447631836,16.336162567138672,53.55280303955078,0.0,0.01097804323189471,-39.83727264404297,1
2G77,13,9.544635772705078,7.654348373413086,19.07101821899414,0.0,0.06757047375914145,-43.19146728515625,2
2G77,14,4.816146373748779,4.907589912414551,10.859374046325684,0.0,0.15511689406156431,-46.50074005126953,1
3SZK,0,17.671113967895508,12.508710861206055,51.44773864746094,0.0,0.013582399295327731,-37.549652099609375,4
3SZK,1,21.04643440246582,17.923370361328125,68.58879852294922,0.0,0.0073602758300526415,-52.60953903198242,0
3SZK,2,18.018695831298828,12.392877578735352,44.905616760253906,0.0,0.016342774075122503,-38.65755081176758,3
3SZK,3,18.471763610839844,13.72576904296875,47.41114044189453,0.0,0.01431442841733787,-54.28329086303711,0
3SZK,4,17.39923095703125,13.768013954162598,45.958457946777344,0.0,0.014935153242254305,-41.459598541259766,1
3SZK,5,21.375625610351562,17.327665328979492,63.65726089477539,0.0,0.00831845139802244,-37.01329803466797,0
3SZK,6,18.969032287597656,20.23507308959961,68.11308288574219,0.0,0.00693313086702328,-51.338741302490234,0
3SZK,7,17.007902145385742,14.638858795166016,48.6910285949707,0.0,0.013321294934637054,-53.34402084350586,0
3SZK,8,22.70952606201172,16.94334602355957,69.71102142333984,0.0,0.0074754216468647635,-45.32677459716797,1
3SZK,9,20.62237548828125,16.621408462524414,67.21073913574219,0.0,0.007940239987705487,-37.43505096435547,1
3SZK,10,20.140886306762695,16.287641525268555,66.44929504394531,0.0,0.008169797785401342,-57.54552459716797,0
3SZK,11,20.19202995300293,14.550384521484375,56.84800720214844,0.0,0.010794531426650244,-46.60017395019531,0
3SZK,12,19.11747932434082,14.465566635131836,49.8619499206543,0.0,0.012959255215331728,-53.393123626708984,0
3SZK,13,17.79991340637207,12.744006156921387,45.64935302734375,0.0,0.015724638346273485,-37.9903564453125,3
3SZK,14,21.710771560668945,16.130661010742188,68.71437072753906,0.0,0.007881436512541215,-42.71232223510742,1
4IZ7,0,15.715849876403809,21.225040435791016,52.18033218383789,0.0,0.010272997730225194,-30.006399154663086,0
4IZ7,1,12.227947235107422,16.28046417236328,34.57365036010742,0.0,0.021805148136479335,-41.00335693359375,0
4IZ7,2,13.631766319274902,19.484434127807617,43.477420806884766,0.0,0.014235436341278466,-34.13542556762695,0
4IZ7,3,9.708124160766602,12.936651229858398,24.335487365722656,0.0,0.04066663528354547,-40.039825439453125,0
4IZ7,4,18.56061363220215,24.868667602539062,55.042442321777344,0.0,0.00897231935645369,-38.5352668762207,0
4IZ7,5,14.35111141204834,19.661983489990234,47.7462043762207,0.0,0.01216852608885006,-31.767898559570312,0
4IZ7,6,11.95600414276123,17.301414489746094,34.9437255859375,0.0,0.02110824155682736,-42.793941497802734,0
4IZ7,7,13.274138450622559,18.688753128051758,44.62553024291992,0.0,0.013803640351406637,-37.83675765991211,0
4IZ7,8,13.965841293334961,21.98228645324707,42.60641098022461,0.0,0.014303893336371713,-40.01791000366211,0
4IZ7,9,14.600136756896973,20.089374542236328,47.99958419799805,0.0,0.01198323784932478,-33.10477828979492,0
4IZ7,10,10.440694808959961,13.568792343139648,27.067039489746094,0.0,0.03394626725515713,-41.34440994262695,0
4IZ7,11,12.495135307312012,16.97140884399414,40.01220703125,0.0,0.01697707108465149,-37.38272476196289,0
4IZ7,12,10.621477127075195,15.23641586303711,28.19046401977539,0.0,0.030978988324963597,-39.17798614501953,0
4IZ7,13,10.30461311340332,13.506024360656738,26.794143676757812,0.0,0.03453989592530317,-44.12886428833008,0
4IZ7,14,8.545708656311035,13.079756736755371,20.649511337280273,0.0,0.05262384957914939,-38.75616455078125,0
1US7,0,21.62748908996582,21.64794921875,47.519065856933594,0.0,0.011927562314336728,-41.93033218383789,0
1US7,1,30.60990333557129,25.48455047607422,66.35923767089844,0.0,0.006531604962532904,-24.85051918029785,8
1US7,2,20.667129516601562,22.323732376098633,43.40461349487305,0.0,0.013809422941430715,-35.24169158935547,0
1US7,3,22.169830322265625,20.336820602416992,42.14583206176758,0.0,0.014832027061268979,-41.66717529296875,0
1US7,4,23.22231101989746,22.84852409362793,44.55001449584961,0.0,0.013138716941309197,-35.016178131103516,0
1US7,5,35.8614501953125,34.7110595703125,61.44329833984375,0.0,0.006880748708551025,-20.39621925354004,12
1US7,6,25.30987548828125,23.734617233276367,53.39765548706055,0.0,0.009563742330208963,-26.353256225585938,17
1US7,7,24.90142059326172,21.447982788085938,47.37601089477539,0.0,0.012017813118137918,-27.086894989013672,11
1US7,8,24.07286262512207,26.280536651611328,49.6353874206543,0.0,0.010579257155302982,-29.125930786132812,1
1US7,9,27.224699020385742,21.12745475769043,51.7043571472168,0.0,0.01044343647399445,-26.334815979003906,21
1US7,10,21.39642333984375,23.85943031311035,47.30160140991211,0.0,0.011739362466755719,-27.48236656188965,0
1US7,11,29.722719192504883,18.421377182006836,60.53355407714844,0.0,0.008640888991242553,-36.485469818115234,0
1US7,12,26.783803939819336,25.090831756591797,66.88731384277344,0.0,0.006484592775844265,-29.157854080200195,9
1US7,13,28.838836669921875,25.40053939819336,52.76786804199219,0.0,0.009588892744273455,-25.380334854125977,25
1US7,14,27.054439544677734,21.848894119262695,58.73066711425781,0.0,0.008402585961052545,-29.38446044921875,3
4DN4,0,6.522642135620117,8.61135482788086,18.778650283813477,0.0,0.06649769910673481,-39.30118179321289,0
4DN4,1,5.151535511016846,8.131253242492676,16.075836181640625,0.0,0.0837993321456017,-37.59670639038086,0
4DN4,2,5.3784966468811035,8.780966758728027,17.10075569152832,0.0,0.07548972980622708,-32.55618667602539,0
4DN4,3,7.006424427032471,8.82460880279541,20.58905601501465,0.0,0.05790004909381352,-38.49292755126953,0
4DN4,4,7.031790733337402,7.997490406036377,21.008344650268555,0.0,0.05821879478843193,-32.48198318481445,2
4DN4,5,10.065802574157715,12.553584098815918,31.594423294067383,0.0,0.027190286443223067,-33.816368103027344,2
4DN4,6,6.446687698364258,7.2256855964660645,19.20380210876465,0.0,0.06837771447055262,-32.19064712524414,2
4DN4,7,7.214844226837158,8.129937171936035,21.538633346557617,0.0,0.055891550364386366,-28.90346336364746,5
4DN4,8,5.73822546005249,5.287687301635742,21.55166244506836,0.0,0.06969748463779611,-32.28469467163086,1
4DN4,9,5.423098564147949,7.020264625549316,16.52374839782715,0.0,0.08430275975303324,-32.3037109375,2
4DN4,10,4.305081367492676,7.112390518188477,13.066267013549805,0.0,0.11331245359870619,-41.7012825012207,0
4DN4,11,7.680615425109863,9.57008171081543,23.321365356445312,0.0,0.047080313930086486,-29.639606475830078,6
4DN4,12,4.532357692718506,6.393585681915283,14.630273818969727,0.0,0.1015108368662422,-34.16965866088867,0
4DN4,13,6.989990234375,8.156944274902344,20.637136459350586,0.0,0.05924980243971373,-31.940631866455078,2
4DN4,14,7.091465473175049,7.8217453956604,21.25083351135254,0.0,0.05779801607165352,-32.150081634521484,4
1VFB,0,15.435468673706055,11.4324312210083,31.42214584350586,0.0,0.0283698738375301,-28.882036209106445,70
1VFB,1,15.262208938598633,12.734725952148438,27.00482749938965,0.0,0.034608824392654815,-39.585880279541016,12
1VFB,2,14.525782585144043,11.309649467468262,25.08575439453125,0.0,0.04009120918746141,-38.441287994384766,13
1VFB,3,11.98132038116455,10.149299621582031,23.63998031616211,0.0,0.04528629357282054,-35.73744201660156,45
1VFB,4,14.568798065185547,11.997278213500977,24.45855140686035,0.0,0.04105053290199223,-46.07581329345703,1
1VFB,5,12.797768592834473,10.222016334533691,24.987751007080078,0.0,0.04159725987569359,-32.21632766723633,51
1VFB,6,14.458964347839355,11.314687728881836,25.4932918548584,0.0,0.03910630057014948,-36.61491394042969,25
1VFB,7,14.729626655578613,12.475811958312988,25.404054641723633,0.0,0.038310161462912724,-42.637550354003906,6
1VFB,8,17.141651153564453,11.098271369934082,30.687068939208984,0.0,0.02973191196366282,-33.18705368041992,44
1VFB,9,14.492218971252441,11.721054077148438,25.239501953125,0.0,0.03932572189340598,-38.23333740234375,22
1VFB,10,11.872746467590332,10.484370231628418,20.787513732910156,0.1,0.08776876134365756,-38.176109313964844,22
1VFB,11,12.068129539489746,10.058029174804688,21.670808792114258,0.0,0.051696936669040926,-35.92188262939453,37
1VFB,12,14.577800750732422,12.987244606018066,25.58382225036621,0.0,0.03752499998555684,-52.29226303100586,0
1VFB,13,16.996387481689453,10.836257934570312,30.757705688476562,0.0,0.029917843121774774,-32.20820617675781,60
1VFB,14,13.862876892089844,11.343254089355469,23.433305740356445,0.0,0.04448716867070299,-44.606658935546875,0
2H7V,0,28.16934585571289,27.82593536376953,63.95974349975586,0.0,0.006750785460202943,-34.06566619873047,1
2H7V,1,29.54987335205078,35.22031021118164,78.07880401611328,0.0,0.004507728016182444,-26.268095016479492,3
2H7V,2,25.478744506835938,26.45111656188965,55.4227409362793,0.0,0.008728774004879697,-27.792274475097656,6
2H7V,3,35.96480941772461,39.44390869140625,108.68724822998047,0.0,0.0025076993011966166,-41.1727409362793,0
2H7V,4,36.79796600341797,42.467041015625,107.39170837402344,0.0,0.0024905654495856002,-24.80237579345703,2
2H7V,5,28.965295791625977,35.919612884521484,80.30098724365234,0.0,0.0042737652539956384,-26.675540924072266,11
2H7V,6,10.848916053771973,11.603372573852539,19.251195907592773,0.0,0.059860469861090615,-32.841121673583984,0
2H7V,7,33.849674224853516,38.18832778930664,106.4356918334961,0.0,0.0026259118330239015,-31.01620101928711,1
2H7V,8,15.807026863098145,15.826338768005371,43.264686584472656,0.0,0.01535569245673999,-35.51630783081055,0
2H7V,9,23.372188568115234,21.261186599731445,49.38876724243164,0.0,0.01124015653649143,-24.787918090820312,3
2H7V,10,32.54771041870117,37.30429458618164,104.7221450805664,0.0,0.002719737352543546,-30.584199905395508,2
2H7V,11,25.331539154052734,24.02821922302246,54.66421127319336,0.0,0.009163258843222897,-28.60352325439453,5
2H7V,12,19.834630966186523,17.6809139251709,40.344886779785156,0.0,0.016548976296406812,-28.02471160888672,5
2H7V,13,38.154911041259766,43.1149787902832,104.69297790527344,0.0,0.002585847550183923,-39.598384857177734,1
2H7V,14,17.230701446533203,12.4072847366333,30.25674057006836,0.0,0.029184566849445023,-26.546524047851562,2
4CPA,0,6.838461875915527,8.160445213317871,24.89606475830078,0.0,0.0456936593643207,-54.687923431396484,3
4CPA,1,8.23820972442627,9.911194801330566,29.008569717407227,0.0,0.033820711876346776,-47.82064437866211,9
4CPA,2,5.493719577789307,7.660681247711182,19.628280639648438,0.222222,0.139020921299287,-60.89801788330078,0
4CPA,3,4.152594566345215,6.053966522216797,13.332877159118652,0.222222,0.18968126993037746,-58.21138381958008,2
4CPA,4,7.565821647644043,10.97027587890625,26.44783592224121,0.0,0.03732422465903927,-58.75558853149414,1
4CPA,5,9.474682807922363,11.299793243408203,31.09625244140625,0.222222,0.10302038016980464,-38.65988540649414,26
4CPA,6,6.511107921600342,10.015536308288574,22.96185302734375,0.0,0.04748531088996378,-58.466365814208984,2
4CPA,7,8.646740913391113,11.063986778259277,30.95880699157715,0.0,0.029382326147321888,-49.10187530517578,2
4CPA,8,9.51589298248291,13.016474723815918,33.70253372192383,0.0,0.024303334103388224,-62.87090301513672,2
4CPA,9,7.848443984985352,9.200576782226562,28.295690536499023,0.111111,0.07325769776477947,-54.68844223022461,3
4CPA,10,7.390369415283203,10.866119384765625,25.752180099487305,0.0,0.038980759609698774,-62.229801177978516,1
4CPA,11,8.851792335510254,11.618658065795898,31.65818214416504,0.0,0.027878474923367702,-59.78388214111328,1
4CPA,12,8.824146270751953,11.61855411529541,31.598161697387695,0.0,0.02795805003982992,-57.8929328918457,2
4CPA,13,8.891639709472656,11.604134559631348,31.898374557495117,0.0,0.027577956024206356,-59.77951431274414,0
4CPA,14,6.795721054077148,10.854930877685547,23.467792510986328,0.0,0.04490368565586473,-60.425235748291016,0
1RLB,0,13.548638343811035,13.196464538574219,38.48760986328125,0.0,0.01975394910921205,-28.22856330871582,16
1RLB,1,28.771991729736328,19.515459060668945,77.19612884521484,0.0,0.005950628451890612,-31.316133499145508,1
1RLB,2,29.752540588378906,19.234973907470703,77.2037582397461,0.0,0.006007011855671612,-28.82280921936035,3
1RLB,3,29.905092239379883,18.737966537475586,77.9739761352539,0.0,0.006037067548163428,-28.4185848236084,6
1RLB,4,28.13324546813965,21.35848617553711,76.87183380126953,0.0,0.005662284902038107,-31.044279098510742,3
1RLB,5,7.670447826385498,7.383018970489502,21.523731231689453,0.0,0.058185551504510054,-24.91715431213379,8
1RLB,6,9.352180480957031,7.450870513916016,23.302221298217773,0.0,0.05212792651156762,-33.12886047363281,0
1RLB,7,11.81065559387207,9.909720420837402,26.298725128173828,0.0,0.03899414184927983,-28.462629318237305,8
1RLB,8,18.39072036743164,19.061559677124023,54.7714729309082,0.0,0.009890668882731476,-26.706092834472656,14
1RLB,9,23.84015655517578,17.813709259033203,70.98687744140625,0.0,0.007058545562431945,-29.886798858642578,6
1RLB,10,9.922904968261719,10.089706420898438,24.140674591064453,0.0,0.04397512570765686,-33.42620086669922,2
1RLB,11,13.656805992126465,12.55313777923584,29.853696823120117,0.0,0.029688300071930063,-29.742155075073242,4
1RLB,12,17.85074806213379,13.651537895202637,47.2593994140625,0.2,0.08108815639765017,-24.891542434692383,18
1RLB,13,12.030499458312988,11.595125198364258,26.714599609375,0.0,0.036130088665787784,-36.07929229736328,1
1RLB,14,29.684276580810547,18.081480026245117,77.75657653808594,0.0,0.006214576018604382,-27.53899383544922,5
3SE8,0,17.2976131439209,19.921653747558594,38.80377197265625,0.0,0.017141225396724014,-21.526344299316406,3
3SE8,1,26.989322662353516,23.736717224121094,58.24119567871094,0.0,0.008277721547609142,-20.47296142578125,18
3SE8,2,29.29779815673828,20.656206130981445,61.47902297973633,0.0,0.008000834534308015,-29.02532196044922,20
3SE8,3,29.707876205444336,21.116735458374023,63.7316780090332,0.0,0.007499191125724395,-28.38827896118164,25
3SE8,4,24.836660385131836,15.650486946105957,54.30668640136719,0.0,0.011004874990107586,-28.42706298828125,4
3SE8,5,28.12486457824707,18.816749572753906,64.50940704345703,0.0,0.007793314597868289,-31.940217971801758,9
3SE8,6,8.979080200195312,6.781570911407471,19.557939529418945,0.133333,0.1129496802040318,-26.67254638671875,3
3SE8,7,28.649242401123047,20.7484130859375,60.122257232666016,0.0,0.0082651885365801,-27.592578887939453,12
3SE8,8,29.238988876342773,20.34218978881836,66.01592254638672,0.0,0.007238634037177388,-29.704763412475586,12
3SE8,9,9.91641902923584,8.540380477905273,22.600234985351562,0.266667,0.14017184141861735,-24.427932739257812,5
3SE8,10,29.08114242553711,23.20833969116211,61.41187286376953,0.0,0.00765235292257719,-27.179763793945312,17
3SE8,11,18.487262725830078,13.111146926879883,44.00926971435547,0.0,0.016293907636571597,-15.802038192749023,13
3SE8,12,27.181724548339844,18.328723907470703,59.34938430786133,0.0,0.008917540076398172,-27.0268611907959,30
3SE8,13,29.81102752685547,22.41353988647461,63.612152099609375,0.0,0.007333511336006612,-27.848419189453125,13
3SE8,14,25.345722198486328,24.26289176940918,54.338287353515625,0.0,0.00923086594763676,-18.02725601196289,18
3EOA,0,9.506824493408203,11.054530143737793,20.963043212890625,0.0,0.053091802110223414,-39.01633834838867,0
3EOA,1,12.563267707824707,10.678690910339355,27.65651512145996,0.0,0.03521853370208242,-27.156343460083008,5
3EOA,2,10.302511215209961,8.917742729187012,21.90511131286621,0.0,0.052793976452504277,-27.092641830444336,5
3EOA,3,13.147046089172363,13.249845504760742,25.97557258605957,0.0,0.03645894189281612,-32.02874755859375,1
3EOA,4,16.92181968688965,16.8648681640625,40.32896423339844,0.0,0.016793928141255625,-29.3503475189209,7
3EOA,5,13.998270988464355,13.241106986999512,27.820785522460938,0.0,0.03268254014216674,-28.561328887939453,3
3EOA,6,22.29047203063965,17.217693328857422,51.16751480102539,0.0,0.011462588006423385,-21.63083839416504,63
3EOA,7,10.957235336303711,11.193400382995605,21.84635353088379,0.0,0.04970707844009511,-28.337072372436523,4
3EOA,8,13.852100372314453,13.759021759033203,27.40464973449707,0.0,0.03316865469883192,-29.016578674316406,2
3EOA,9,21.033554077148438,18.547313690185547,53.2371711730957,0.0,0.01045222558306296,-38.27159881591797,1
3EOA,10,9.299566268920898,10.5425443649292,22.167675018310547,0.0,0.04934105418065079,-33.07982635498047,0
3EOA,11,17.530014038085938,19.970291137695312,47.58387756347656,0.0,0.012177581003614607,-41.02054214477539,0
3EOA,12,20.382089614868164,16.286088943481445,51.1245231628418,0.0,0.011770233122368814,-35.51318359375,2
3EOA,13,16.59882354736328,17.43402671813965,44.72893524169922,0.0,0.014067446093083594,-37.59941864013672,0
3EOA,14,19.946069717407227,14.865017890930176,49.716487884521484,0.0,0.012826729297241324,-36.348426818847656,1
1WDW,0,35.00139617919922,35.20591735839844,101.30851745605469,0.0,0.0029341266330725883,-32.98476791381836,2
1WDW,1,33.83940887451172,33.85679626464844,100.03026580810547,0.0,0.0030426287414938124,-30.659366607666016,5
1WDW,2,33.855960845947266,34.19478225708008,101.15098571777344,0.0,0.002977518518762211,-34.32514190673828,0
1WDW,3,14.036745071411133,15.816729545593262,31.52552032470703,0.0,0.025561198307211822,-46.81540298461914,0
1WDW,4,10.70995807647705,10.944930076599121,23.29904556274414,0.0,0.045299260886380636,-29.65093421936035,7
1WDW,5,5.367641448974609,6.28010892868042,12.173626899719238,0.0625,0.14807098937749932,-32.218421936035156,7
1WDW,6,35.593814849853516,35.01942443847656,100.22306060791016,0.0,0.0029909483398194866,-38.220027923583984,1
1WDW,7,34.45220947265625,35.47138977050781,99.81017303466797,0.0,0.002995112434252612,-32.036739349365234,7
1WDW,8,12.70555305480957,14.161715507507324,26.805988311767578,0.0,0.03415211671859876,-33.582130432128906,8
1WDW,9,33.22240447998047,34.613121032714844,100.94285583496094,0.0,0.0029717466008170254,-32.169734954833984,4
1WDW,10,3.0302774906158447,3.8631138801574707,6.544683456420898,0.375,0.37794102533977364,-30.489017486572266,7
1WDW,11,1.693527102470398,2.45977783203125,3.6615774631500244,0.625,0.5798489001014148,-33.06496810913086,5
1WDW,12,9.33879566192627,7.595926761627197,26.420743942260742,0.125,0.08544213120747862,-27.022504806518555,5
1WDW,13,11.350974082946777,11.98637580871582,24.084070205688477,0.0,0.04206075756743973,-27.78842544555664,8
1WDW,14,33.01759338378906,33.107566833496094,97.5980453491211,0.0,0.003192136060979627,-27.944868087768555,19
2I25,0,9.776317596435547,7.41033935546875,34.00609588623047,0.0,0.032721572730879674,-55.13907241821289,0
2I25,1,18.166170120239258,14.10920238494873,32.163516998291016,0.0,0.02548599015834375,-49.5931396484375,0
2I25,2,8.533361434936523,5.261774063110352,26.1209659576416,0.0,0.05697049722084021,-56.4300422668457,0
2I25,3,6.823361873626709,5.493410110473633,26.476341247558594,0.0,0.05427421117691094,-57.20042419433594,1
2I25,4,15.319393157958984,14.357100486755371,33.335296630859375,0.0,0.023948641208820298,-45.68339920043945,2
2I25,5,15.908527374267578,12.997035026550293,30.83561134338379,0.0,0.027921450285872885,-50.74479293823242,0
2I25,6,15.415942192077637,13.278855323791504,31.400266647338867,0.0,0.026958043031696365,-47.99519729614258,1
2I25,7,15.050127983093262,12.577225685119629,31.791486740112305,0.0,0.026913410058190406,-54.1843147277832,0
2I25,8,15.262046813964844,12.96593189239502,32.70059585571289,0.0,0.025498813651578602,-55.497947692871094,0
2I25,9,8.18995475769043,5.412721157073975,26.8756046295166,0.0,0.05408436627714223,-60.95351028442383,0
2I25,10,15.292376518249512,13.294280052185059,31.65477180480957,0.0,0.026608456648963396,-51.15944290161133,1
2I25,11,16.75018310546875,12.843260765075684,28.757896423339844,0.0,0.03126674611636376,-53.75626754760742,0
2I25,12,16.13818359375,11.861577033996582,30.496511459350586,0.0,0.029275074832870715,-56.38845443725586,0
2I25,13,14.79120922088623,13.678484916687012,31.001358032226562,0.0,0.02726733113787431,-45.466854095458984,3
2I25,14,17.469736099243164,14.760150909423828,30.020503997802734,0.0,0.028146761452325707,-56.40686798095703,0
1GCQ,0,15.131412506103516,14.81722354888916,41.148834228515625,0.0,0.017022687831621006,-40.93264389038086,1
1GCQ,1,11.59404182434082,13.547014236450195,33.296424865722656,0.0,0.02443123247694498,-51.71071243286133,0
1GCQ,2,11.653714179992676,12.97046947479248,26.756507873535156,0.0,0.03495563733520813,-39.73892593383789,0
1GCQ,3,14.658429145812988,13.706559181213379,33.656124114990234,0.0,0.023931304473878794,-50.36261749267578,0
1GCQ,4,11.145821571350098,13.703786849975586,33.55816650390625,0.0,0.024042689587782117,-44.91007995605469,0
1GCQ,5,12.31662654876709,13.053313255310059,36.40586853027344,0.0,0.021575787726733422,-49.714263916015625,0
1GCQ,6,14.130078315734863,14.359375953674316,42.554962158203125,0.0,0.016386815884678805,-45.12615966796875,0
1GCQ,7,12.913125038146973,13.733190536499023,36.63994216918945,0.0,0.020952984328532962,-52.53160858154297,0
1GCQ,8,13.918500900268555,12.97396183013916,31.383033752441406,0.0,0.027178416245631595,-44.176788330078125,0
1GCQ,9,12.902709007263184,13.130531311035156,36.70989227294922,0.0,0.021255728295344237,-43.64738464355469,2
1GCQ,10,11.765597343444824,12.462827682495117,20.908626556396484,0.0,0.05203565205998894,-43.08266067504883,1
1GCQ,11,10.900785446166992,13.020343780517578,26.09491539001465,0.0,0.03634098069946457,-44.75505065917969,0
1GCQ,12,13.843677520751953,14.53539752960205,40.88154983520508,0.0,0.017325229515971742,-37.88319396972656,6
1GCQ,13,11.374975204467773,14.213800430297852,35.97844314575195,0.0,0.02129293564661971,-44.2492561340332,0
1GCQ,14,13.34881591796875,13.462769508361816,41.784027099609375,0.0,0.017333308219771897,-49.772117614746094,0
1ZLI,0,7.717508316040039,9.734102249145508,18.640012741088867,0.0,0.06511398675065062,-49.24294662475586,1
1ZLI,1,7.420413970947266,9.305235862731934,22.17833709716797,0.0,0.051133597550726606,-43.201263427734375,2
1ZLI,2,10.682454109191895,14.671343803405762,26.003948211669922,0.315789,0.14088868503365012,-51.67057418823242,0
1ZLI,3,14.797172546386719,17.805147171020508,38.629337310791016,0.0,0.01774295345257795,-39.57139587402344,18
1ZLI,4,4.581559658050537,5.6533331871032715,12.034807205200195,0.421053,0.2732131389107067,-47.7849006652832,3
1ZLI,5,3.7023487091064453,4.47188663482666,10.378447532653809,0.0,0.1675356631134504,-61.13944625854492,0
1ZLI,6,14.175514221191406,16.670696258544922,37.60871505737305,0.0,0.01887658633881838,-50.27128601074219,0
1ZLI,7,6.52797794342041,8.472105979919434,16.01034164428711,0.0,0.08342645355663537,-48.291015625,0
1ZLI,8,10.496149063110352,13.523756980895996,25.76990509033203,0.0,0.0367578442473132,-52.812435150146484,0
1ZLI,9,11.059779167175293,15.93171501159668,25.491519927978516,0.0,0.03628218693047893,-40.34052276611328,4
1ZLI,10,9.379535675048828,13.15442943572998,22.414016723632812,0.0,0.04618908077002307,-41.39371871948242,8
1ZLI,11,11.070112228393555,15.521472930908203,26.425697326660156,0.0,0.034338333728074606,-47.049781799316406,0
1ZLI,12,9.164565086364746,12.13329792022705,22.441728591918945,0.105263,0.08192546868216499,-35.56911087036133,26
1ZLI,13,11.146309852600098,15.537644386291504,26.238231658935547,0.0,0.03473760644733235,-54.221839904785156,1
1ZLI,14,11.638808250427246,16.902563095092773,27.139034271240234,0.0,0.03238211317960419,-45.75341033935547,0
3L89,0,15.391791343688965,15.429110527038574,38.987998962402344,0.0,0.018245740043108614,-25.269702911376953,43
3L89,1,22.8884220123291,21.31661605834961,64.86119842529297,0.0,0.007270368511604263,-24.052780151367188,4
3L89,2,18.2553653717041,19.59988784790039,42.39478302001953,0.0,0.014822731981316834,-28.32819175720215,4
3L89,3,21.26506233215332,24.268423080444336,61.956085205078125,0.0,0.00742674266244812,-25.177587509155273,3
3L89,4,17.26666259765625,16.87796401977539,43.09400939941406,0.0,0.015094843781470912,-21.894441604614258,67
3L89,5,8.686843872070312,11.29974365234375,25.988492965698242,0.0,0.03798411813545604,-25.6856689453125,4
3L89,6,24.17922592163086,24.251453399658203,65.84832000732422,0.0,0.006733601524012609,-23.95308494567871,4
3L89,7,26.638216018676758,26.729215621948242,71.8936767578125,0.0,0.005641683754032365,-40.07623291015625,0
3L89,8,7.892378807067871,8.893112182617188,20.521251678466797,0.375,0.18303460974866118,-22.45764923095703,6
3L89,9,27.728073120117188,26.92857551574707,74.58302307128906,0.0,0.0053050486511744795,-27.16598892211914,2
3L89,10,24.58956527709961,25.908613204956055,70.04545593261719,0.0,0.005950930598838666,-30.764467239379883,1
3L89,11,20.35953140258789,23.287839889526367,59.38700866699219,0.0,0.008068774011631925,-25.147544860839844,4
3L89,12,21.625621795654297,24.9477481842041,64.20059204101562,0.0,0.006943068170624788,-27.051597595214844,2
3L89,13,15.243681907653809,13.12290096282959,38.250118255615234,0.0,0.01998514873830426,-23.1776065826416,45
3L89,14,25.90837287902832,27.041242599487305,70.535888671875,0.0,0.005793805165646538,-35.568782806396484,1
1H9D,0,10.854716300964355,9.894654273986816,41.66089630126953,0.0,0.020809763880472038,-45.90177917480469,1
1H9D,1,15.201127052307129,12.812472343444824,39.532997131347656,0.0,0.01923585145662659,-57.982154846191406,0
1H9D,2,12.914340019226074,10.260810852050781,37.74198913574219,0.060606,0.0432673951660316,-38.8597526550293,12
1H9D,3,10.551891326904297,9.417743682861328,41.03354263305664,0.0,0.02196171228756162,-43.334590911865234,4
1H9D,4,9.439793586730957,8.112548828125,20.284914016723633,0.0,0.060806089893362954,-39.668697357177734,3
1H9D,5,16.42756462097168,14.333149909973145,27.471637725830078,0.0,0.0327345694067749,-49.32646560668945,0
1H9D,6,11.970213890075684,11.015771865844727,42.40436935424805,0.0,0.01894426477782101,-46.22030258178711,0
1H9D,7,19.403553009033203,15.854262351989746,41.8711051940918,0.0,0.016150494405436932,-51.232261657714844,0
1H9D,8,10.628024101257324,9.331911087036133,40.909549713134766,0.0,0.022190093470308717,-45.119720458984375,5
1H9D,9,12.771523475646973,11.62246036529541,45.90337371826172,0.0,0.016511830133707852,-57.2918586730957,0
1H9D,10,18.50814437866211,16.34657096862793,48.17879867553711,0.0,0.012845538232719755,-39.41689682006836,10
1H9D,11,16.570138931274414,14.323080062866211,26.31141471862793,0.0,0.03511659020308309,-37.1775016784668,7
1H9D,12,8.46605110168457,7.870716571807861,22.111587524414062,0.0,0.05459868617698668,-51.318328857421875,0
1H9D,13,15.815652847290039,13.405702590942383,43.84511947631836,0.0,0.01619571798209964,-42.745094299316406,5
1H9D,14,14.96015453338623,12.790185928344727,41.356422424316406,0.0,0.01803266310075272,-48.885074615478516,0
1GHQ,0,19.850522994995117,22.998729705810547,54.977840423583984,0.0,0.009193758135474982,-40.00986862182617,4
1GHQ,1,21.583654403686523,22.122900009155273,56.88155746459961,0.0,0.00880626026673919,-41.980384826660156,3
1GHQ,2,20.8013858795166,18.614124298095703,62.08808135986328,0.0,0.008283101570714019,-38.111541748046875,4
1GHQ,3,22.189355850219727,20.697696685791016,55.89716339111328,0.0,0.009275284973733486,-43.78713607788086,1
1GHQ,4,17.03568458557129,12.924367904663086,50.25627899169922,0.0,0.013700438848862871,-47.28465270996094,0
1GHQ,5,18.279802322387695,16.079713821411133,55.22288131713867,0.0,0.0105902128280118,-46.228153228759766,0
1GHQ,6,22.718008041381836,19.681875228881836,58.061988830566406,0.0,0.008918887606695163,-54.58272933959961,0
1GHQ,7,20.430601119995117,18.23122787475586,61.865535736083984,0.0,0.008417152809446464,-42.56546401977539,1
1GHQ,8,15.92991828918457,15.819540023803711,33.64384841918945,0.0,0.022970339764690206,-37.18962097167969,19
1GHQ,9,22.38324737548828,20.63384437561035,56.86136245727539,0.0,0.009038228688358909,-42.91642379760742,1
1GHQ,10,21.82059097290039,18.607662200927734,58.96672821044922,0.0,0.008937438307469575,-40.2724723815918,2
1GHQ,11,21.449359893798828,20.695180892944336,53.414974212646484,0.0,0.00997446212068115,-40.53264617919922,2
1GHQ,12,24.483875274658203,24.19567108154297,67.16596221923828,0.0,0.0065305391476201445,-35.74634552001953,19
1GHQ,13,23.008975982666016,21.100933074951172,60.292640686035156,0.0,0.008171904938782287,-54.085723876953125,0
1GHQ,14,11.305421829223633,8.539863586425781,30.20986557006836,0.0,0.03442906955895548,-52.61674880981445,0
5Y9J,0,13.40140151977539,13.095160484313965,25.909818649291992,0.0,0.0367058110067913,-27.239774703979492,18
5Y9J,1,20.216140747070312,17.017601013183594,49.383079528808594,0.0,0.012161191415424386,-32.98598098754883,5
5Y9J,2,17.459449768066406,15.996862411499023,32.052833557128906,0.0,0.024806515806322055,-28.198556900024414,8
5Y9J,3,13.940784454345703,14.311211585998535,26.326929092407227,0.0,0.03508891385845759,-27.641225814819336,9
5Y9J,4,16.612329483032227,15.760892868041992,28.453304290771484,0.0,0.030302456241291492,-28.346271514892578,11
5Y9J,5,12.261039733886719,11.9185209274292,25.72968864440918,0.0,0.037996619367986144,-28.23578643798828,9
5Y9J,6,13.837471961975098,13.161415100097656,31.556169509887695,0.0,0.026823219872378724,-28.08610725402832,16
5Y9J,7,24.16805076599121,19.217479705810547,54.65595626831055,0.0,0.009890104217600441,-32.759010314941406,10
5Y9J,8,21.02020263671875,17.35163688659668,51.39147186279297,0.0,0.011348481550404748,-32.27413558959961,11
5Y9J,9,25.479883193969727,21.348133087158203,67.59680938720703,0.0,0.006826188651923804,-32.48604202270508,6
5Y9J,10,28.672542572021484,22.65587043762207,58.83921813964844,0.0,0.008268956161269941,-35.462955474853516,10
5Y9J,11,23.94164276123047,19.911754608154297,68.8839111328125,0.0,0.006880383236004363,-32.42675018310547,21
5Y9J,12,30.336626052856445,24.47545623779297,67.25895690917969,0.0,0.006487345874742221,-33.60383224487305,11
5Y9J,13,8.584053039550781,9.276484489440918,17.533939361572266,0.0,0.07192256660983098,-27.182300567626953,8
5Y9J,14,27.770263671875,23.323944091796875,54.26408004760742,0.0,0.009355947415916305,-31.405288696289062,12
4ETQ,0,21.25373077392578,18.28445816040039,51.53824996948242,0.0,0.011055127042921975,-30.517839431762695,2
4ETQ,1,20.079259872436523,18.401430130004883,57.59573745727539,0.0,0.009305536188346923,-28.697664260864258,5
4ETQ,2,18.118942260742188,15.432977676391602,44.62191390991211,0.0,0.01479132400127129,-29.4725341796875,6
4ETQ,3,16.86229133605957,14.630961418151855,41.06549072265625,0.0,0.017161579978242077,-27.042957305908203,7
4ETQ,4,15.675836563110352,17.202871322631836,29.705810546875,0.0,0.027741651261850884,-29.288820266723633,5
4ETQ,5,7.466305732727051,9.579743385314941,20.034482955932617,0.0,0.05882525776169049,-28.766069412231445,2
4ETQ,6,14.879191398620605,16.673131942749023,29.01584815979004,0.0,0.0290207417540628,-28.864891052246094,7
4ETQ,7,21.731266021728516,21.980361938476562,63.35166549682617,0.0,0.007439727534185084,-28.809999465942383,1
4ETQ,8,23.048303604125977,17.826784133911133,51.55574417114258,0.0,0.011164369059527342,-30.24509620666504,16
4ETQ,9,22.08991813659668,23.198476791381836,64.08097076416016,0.0,0.007151275860364297,-30.94380760192871,2
4ETQ,10,6.727758884429932,9.924911499023438,17.451284408569336,0.0,0.07135976442575426,-28.332794189453125,3
4ETQ,11,19.17955207824707,17.93092155456543,42.47774887084961,0.0,0.015149904526844693,-28.109548568725586,2
4ETQ,12,5.840864181518555,9.281387329101562,15.378792762756348,0.0,0.08648558751458096,-28.944643020629883,3
4ETQ,13,19.857715606689453,17.36079978942871,44.04573059082031,0.0,0.014438173892731498,-31.1619873046875,5
4ETQ,14,12.11352825164795,13.147261619567871,37.72774124145508,0.0,0.020385695699369186,-35.79954147338867,0
5JMO,0,12.683581352233887,16.31324005126953,36.39946365356445,0.0,0.020031843422248865,-48.61930465698242,0
5JMO,1,11.553497314453125,12.91994857788086,25.803102493286133,0.0,0.03706430516094649,-56.12795639038086,0
5JMO,2,9.715645790100098,12.770939826965332,48.82762908935547,0.0,0.014340289136680418,-42.33932113647461,4
5JMO,3,12.660050392150879,15.923705101013184,33.49111557006836,0.0,0.023103717142529744,-44.57646942138672,1
5JMO,4,12.149957656860352,16.542434692382812,52.534114837646484,0.0,0.011222107073941653,-38.27487564086914,2
5JMO,5,14.147744178771973,18.296049118041992,36.60854721069336,0.0,0.01927647291650127,-48.58652114868164,0
5JMO,6,10.108688354492188,10.581869125366211,37.180564880371094,0.0,0.023122098710860586,-38.2982292175293,5
5JMO,7,12.899965286254883,16.35479736328125,35.449275970458984,0.0,0.02090330681277412,-41.7722053527832,2
5JMO,8,12.7816162109375,9.900982856750488,35.63331604003906,0.0,0.025425175258020113,-43.45588684082031,1
5JMO,9,13.299482345581055,16.628986358642578,36.347103118896484,0.0,0.019974693728265314,-39.89892578125,2
5JMO,10,13.742225646972656,17.095073699951172,36.12992858886719,0.0,0.020028581006401383,-44.93281936645508,1
5JMO,11,9.976250648498535,11.397095680236816,43.96156311035156,0.0,0.017688057849043867,-38.35359573364258,10
5JMO,12,10.438210487365723,9.58287525177002,35.70732116699219,0.0,0.02584756228529353,-37.541893005371094,3
5JMO,13,11.64452838897705,11.554777145385742,25.675607681274414,0.0,0.03844814784224618,-47.69917297363281,1
5JMO,14,13.015493392944336,11.489809036254883,40.301727294921875,0.0,0.01978200580480949,-44.976131439208984,2
1GPW,0,5.997068881988525,6.627015113830566,10.76749038696289,0.0,0.1442195386983722,-44.083431243896484,3
1GPW,1,6.068455696105957,6.561798095703125,11.046650886535645,0.0,0.1405166014896552,-44.986183166503906,4
1GPW,2,17.70085334777832,17.572307586669922,63.296470642089844,0.0,0.008315965503388154,-44.18396759033203,4
1GPW,3,5.2348737716674805,5.7231574058532715,10.167255401611328,0.0,0.1585565953044365,-45.743980407714844,2
1GPW,4,4.824645519256592,4.974027633666992,9.469691276550293,0.0625,0.19735178401436926,-45.52968978881836,1
1GPW,5,6.262829780578613,6.746342182159424,11.735934257507324,0.0,0.13039477452114803,-50.516815185546875,0
1GPW,6,16.208972930908203,16.965192794799805,55.984500885009766,0.0,0.010096354494642058,-38.03251266479492,2
1GPW,7,6.214407444000244,7.236111164093018,12.460399627685547,0.0,0.11958884779911898,-46.364036560058594,1
1GPW,8,5.981294631958008,6.476329326629639,10.979817390441895,0.0,0.14188048914690662,-49.283447265625,0
1GPW,9,5.948548793792725,6.106708526611328,11.434720993041992,0.0,0.13760267521478112,-42.26004409790039,2
1GPW,10,17.911453247070312,18.649965286254883,61.22627639770508,0.0,0.00844546237299554,-37.09731674194336,6
1GPW,11,18.802160263061523,16.55899429321289,63.77046585083008,0.0,0.00853171007512133,-43.7833251953125,1
1GPW,12,6.082919597625732,6.50044584274292,12.20999526977539,0.0,0.12566165848332847,-52.5139045715332,0
1GPW,13,9.627047538757324,8.977461814880371,17.724456787109375,0.0,0.07137951047254393,-57.905723571777344,0
1GPW,14,14.762219429016113,14.137578964233398,24.811275482177734,0.0,0.03872315551266952,-46.778778076171875,0
2C0L,0,10.61913013458252,10.748763084411621,21.378948211669922,0.0,0.05186702102750949,-46.3051872253418,0
2C0L,1,9.393739700317383,9.430779457092285,19.002717971801758,0.0,0.06379898562388141,-40.441463470458984,1
2C0L,2,11.041218757629395,11.029433250427246,22.158950805664062,0.0,0.048809701507130855,-41.0458869934082,1
2C0L,3,13.817390441894531,12.38829517364502,28.08049964904785,0.0,0.0327953466469826,-36.39698791503906,2
2C0L,4,8.171610832214355,7.586318016052246,17.061872482299805,0.0,0.07882133670764671,-37.24502944946289,4
2C0L,5,11.938735008239746,10.5338716506958,23.402130126953125,0.0,0.045474457625206854,-47.05958938598633,0
2C0L,6,11.474897384643555,11.969133377075195,25.226964950561523,0.0,0.03913909775339016,-45.339263916015625,0
2C0L,7,9.567161560058594,9.760579109191895,19.497486114501953,0.0,0.0609251859485733,-42.2098274230957,0
2C0L,8,11.221905708312988,9.971022605895996,22.022768020629883,0.0,0.05059471887315251,-41.5351448059082,1
2C0L,9,11.213587760925293,10.231215476989746,21.877870559692383,0.0,0.05073112029638366,-45.842796325683594,1
2C0L,10,12.64246654510498,11.867941856384277,25.467571258544922,0.0,0.03865092436897407,-44.22254943847656,0
2C0L,11,12.655447959899902,11.12585163116455,27.208826065063477,0.0,0.03558921236144532,-42.92918395996094,1
2C0L,12,11.902868270874023,10.428299903869629,23.630712509155273,0.0,0.04494426344259047,-46.40762710571289,0
2C0L,13,11.793058395385742,11.454317092895508,23.50798988342285,0.0,0.04416102956161677,-39.393768310546875,0
2C0L,14,11.43339729309082,10.433385848999023,22.934858322143555,0.0,0.04700612165771156,-38.35945510864258,1
1NW9,0,11.74166202545166,12.509600639343262,34.390830993652344,0.0,0.02391492807773245,-39.033203125,5
1NW9,1,16.67348289489746,21.24944496154785,50.30882263183594,0.0,0.010904086754523095,-36.092220306396484,3
1NW9,2,7.68952751159668,8.675912857055664,20.448026657104492,0.0,0.0587871350665092,-50.19102096557617,0
1NW9,3,16.62885856628418,17.84177017211914,52.03858184814453,0.0,0.011001765607143674,-52.45109176635742,0
1NW9,4,11.230860710144043,11.050932884216309,26.686697006225586,0.0,0.0367319484345659,-35.533050537109375,32
1NW9,5,16.094009399414062,20.502933502197266,49.298030853271484,0.0,0.011398176022917726,-38.39659118652344,2
1NW9,6,11.121956825256348,11.546005249023438,30.202314376831055,0.0,0.029996842508126897,-52.019004821777344,1
1NW9,7,8.081792831420898,8.953312873840332,21.522829055786133,0.0,0.05407567965451219,-46.00653839111328,4
1NW9,8,7.28704833984375,7.779232025146484,19.069358825683594,0.259259,0.15361961124860143,-45.09525680541992,1
1NW9,9,7.200313091278076,9.105329513549805,17.606185913085938,0.0,0.07181506359464015,-55.39201736450195,0
1NW9,10,15.540369987487793,18.921659469604492,49.49882125854492,0.0,0.01162956723028668,-46.7864875793457,0
1NW9,11,11.566699028015137,12.890740394592285,29.260560989379883,0.259259,0.11681262436631697,-44.304351806640625,0
1NW9,12,15.215435981750488,18.887977600097656,43.27728271484375,0.0,0.014470177339211824,-38.03523635864258,2
1NW9,13,15.691927909851074,19.982297897338867,49.52347946166992,0.0,0.011406413385542463,-49.50010681152344,0
1NW9,14,17.449949264526367,21.663185119628906,52.434043884277344,0.0,0.010125931067083318,-36.17170715332031,6
1WQ1,0,6.929495334625244,6.451841831207275,12.594380378723145,0.0,0.1214098002182258,-46.7447624206543,2
1WQ1,1,13.245604515075684,11.6480131149292,23.023635864257812,0.0,0.04542079105540406,-43.04256057739258,3
1WQ1,2,17.242700576782227,15.864027976989746,48.07604217529297,0.0,0.01305766847767323,-42.9355583190918,4
1WQ1,3,7.626469135284424,6.67988920211792,13.766423225402832,0.0,0.10800524271442223,-41.18976974487305,9
1WQ1,4,4.794395923614502,4.333461761474609,8.880865097045898,0.0,0.19503109264861437,-45.45247268676758,4
1WQ1,5,14.577414512634277,13.228092193603516,25.01108169555664,0.0,0.03874475530105439,-47.991764068603516,1
1WQ1,6,6.701233863830566,6.8498406410217285,15.463310241699219,0.0,0.0926009554702059,-37.824642181396484,5
1WQ1,7,4.226944446563721,3.8502323627471924,7.823869705200195,0.0,0.22437529152921254,-46.00968933105469,3
1WQ1,8,12.195220947265625,10.766593933105469,21.49541473388672,0.0,0.05142112452417904,-45.248653411865234,7
1WQ1,9,19.40342903137207,16.30295181274414,51.93366241455078,0.0,0.011494497325887929,-29.9794921875,8
1WQ1,10,6.692566394805908,6.488691806793213,21.86917495727539,0.0,0.060656994092811424,-36.083351135253906,4
1WQ1,11,8.843578338623047,7.5640668869018555,16.293167114257812,0.0,0.08392454962720823,-43.59599685668945,10
1WQ1,12,6.647714138031006,5.678299903869629,12.582179069519043,0.0,0.12619874596661232,-45.17613220214844,6
1WQ1,13,3.890657901763916,3.6318085193634033,7.751141548156738,1.0,0.5639025987467986,-42.304500579833984,11
1WQ1,14,10.245469093322754,8.917436599731445,18.591510772705078,0.0,0.0668021989546452,-44.206912994384766,6
1ATN,0,25.889022827148438,30.62303352355957,84.69749450683594,0.0,0.004121566766210945,-45.534339904785156,6
1ATN,1,18.61184310913086,9.830984115600586,48.94437789916992,0.0,0.017342573102897375,-46.794097900390625,2
1ATN,2,13.678068161010742,10.142359733581543,31.775129318237305,0.0,0.029394914797381405,-49.9279899597168,2
1ATN,3,17.726917266845703,18.379362106323242,34.079185485839844,0.0,0.02172771072100395,-44.13713073730469,8
1ATN,4,19.454626083374023,15.341955184936523,37.46247100830078,0.0,0.019476311010598997,-46.876731872558594,5
1ATN,5,19.685222625732422,22.465187072753906,48.71259307861328,0.0,0.01132884315248664,-49.38520050048828,3
1ATN,6,26.062286376953125,27.87895393371582,87.74694061279297,0.0,0.004060992381707367,-54.14239501953125,0
1ATN,7,17.742082595825195,18.716127395629883,34.797630310058594,0.0,0.020896677126522854,-46.069881439208984,7
1ATN,8,24.565143585205078,27.41409683227539,73.77452850341797,0.0,0.00536191450630018,-43.55543518066406,5
1ATN,9,25.859535217285156,30.603483200073242,85.92485046386719,0.0,0.004029223588075372,-47.1184196472168,1
1ATN,10,16.40423583984375,18.0294132232666,33.95465087890625,0.0,0.021948570543360354,-45.875022888183594,7
1ATN,11,18.27007293701172,18.60291862487793,31.41591453552246,0.0,0.024890279313707558,-48.06402587890625,4
1ATN,12,24.58249855041504,27.528974533081055,74.6872787475586,0.0,0.005248924739776041,-43.958377838134766,7
1ATN,13,17.257326126098633,14.887542724609375,29.424558639526367,0.0,0.029023574952285525,-50.57240676879883,4
1ATN,14,19.235843658447266,19.202287673950195,37.09191131591797,0.0,0.018653132485111162,-48.70708084106445,3
5C7X,0,19.000215530395508,17.257179260253906,54.42233657836914,0.0,0.010437207468317429,-32.29589080810547,1
5C7X,1,21.57697868347168,20.603866577148438,62.215858459472656,0.0,0.007865162523363748,-35.42601013183594,4
5C7X,2,9.237968444824219,10.94294548034668,21.392635345458984,0.0,0.051596907744466784,-39.019554138183594,0
5C7X,3,4.862111568450928,6.563190460205078,11.487174034118652,0.0,0.13448393195367886,-35.578529357910156,1
5C7X,4,4.784634113311768,5.880979537963867,11.793577194213867,0.058824,0.1539247853965545,-34.359100341796875,3
5C7X,5,13.397732734680176,13.560859680175781,38.588470458984375,0.0,0.01945405739318558,-30.273174285888672,4
5C7X,6,9.564732551574707,11.985517501831055,25.124584197998047,0.176471,0.09819793153975881,-30.999387741088867,5
5C7X,7,8.849238395690918,7.178477764129639,24.67119598388672,0.0,0.04931448715143197,-32.13729476928711,1
5C7X,8,10.314260482788086,12.746079444885254,23.493091583251953,0.117647,0.08235329680181015,-32.82065963745117,3
5C7X,9,18.903499603271484,17.6791934967041,53.86243438720703,0.0,0.010481997604983917,-28.1715087890625,7
5C7X,10,10.32133674621582,13.114874839782715,23.187713623046875,0.117647,0.08300587751933057,-32.14338302612305,5
5C7X,11,9.155193328857422,11.405579566955566,24.538936614990234,0.0,0.04137759572279223,-36.551570892333984,3
5C7X,12,3.861213445663452,5.084559440612793,10.193770408630371,0.294118,0.26143766147649333,-30.276063919067383,3
5C7X,13,10.560266494750977,12.884864807128906,25.026840209960938,0.058824,0.05853919737409082,-33.68617630004883,1
5C7X,14,8.834805488586426,10.460062980651855,20.4101619720459,0.0,0.05598447451272207,-40.81577682495117,0
1E4K,0,19.809560775756836,24.42116355895996,43.23808288574219,0.0,0.013655530981295178,-34.449649810791016,4
1E4K,1,18.177270889282227,25.02950096130371,52.20135498046875,0.0,0.009802592068870174,-29.090404510498047,0
1E4K,2,14.39047908782959,18.7900333404541,32.433658599853516,0.0,0.023533590722410666,-35.291507720947266,0
1E4K,3,21.142559051513672,14.27460765838623,57.216365814208984,0.0,0.010838251360765128,-38.17296600341797,0
1E4K,4,23.812631607055664,26.791902542114258,68.32415008544922,0.0,0.006121986558888854,-32.40565490722656,0
1E4K,5,16.483951568603516,11.701434135437012,36.954227447509766,0.0,0.022138325758171862,-37.26972198486328,29
1E4K,6,30.298519134521484,27.22515296936035,86.70011901855469,0.0,0.004182183759152787,-25.952613830566406,0
1E4K,7,13.968192100524902,14.877561569213867,29.83697509765625,0.0,0.028376099221552875,-34.292545318603516,0
1E4K,8,24.96942901611328,26.498821258544922,76.2748031616211,0.0,0.0051534640202586185,-20.0635929107666,6
1E4K,9,34.27507400512695,38.133243560791016,90.56820678710938,0.0,0.003425395780158543,-35.69655227661133,0
1E4K,10,15.899781227111816,10.390265464782715,45.58826446533203,0.0,0.01800407570060788,-37.95948028564453,0
1E4K,11,33.515525817871094,22.96697235107422,87.3523941040039,0.0,0.004542423779152308,-35.557044982910156,0
1E4K,12,23.55630111694336,30.26302146911621,65.13363647460938,0.0,0.006398674493052432,-30.061338424682617,0
1E4K,13,23.244918823242188,31.710420608520508,62.181190490722656,0.0,0.006858655022211741,-30.633459091186523,0
1E4K,14,23.14373016357422,21.503236770629883,63.742794036865234,0.0,0.007437865496580372,-29.013587951660156,0
2OT3,0,13.402350425720215,12.909235954284668,25.382904052734375,0.0,0.038051046469151216,-39.4884033203125,5
2OT3,1,6.210740089416504,5.710687160491943,14.663822174072266,0.3,0.20534637050293733,-52.207008361816406,1
2OT3,2,10.774928092956543,9.70983600616455,21.08863639831543,0.0,0.05435413079789989,-41.56448745727539,4
2OT3,3,22.64242935180664,21.91518211364746,63.02042770385742,0.0,0.007509906445082252,-29.681316375732422,2
2OT3,4,19.268787384033203,17.004840850830078,52.219459533691406,0.0,0.011177541237723491,-33.734535217285156,5
2OT3,5,16.365232467651367,16.071380615234375,52.693153381347656,0.0,0.01133244196233639,-34.21651077270508,1
2OT3,6,25.95870590209961,24.00697135925293,62.811893463134766,0.0,0.00729074827208531,-36.938575744628906,0
2OT3,7,17.019901275634766,16.441267013549805,49.853538513183594,0.0,0.012167921373547294,-34.26864242553711,5
2OT3,8,9.90510368347168,8.968890190124512,17.548795700073242,0.05,0.0890787281846645,-39.138153076171875,7
2OT3,9,16.24213981628418,16.34268569946289,30.996536254882812,0.0,0.026097829516720534,-43.71458435058594,0
2OT3,10,24.78697395324707,23.399993896484375,63.845760345458984,0.0,0.00716937592616733,-34.98064041137695,0
2OT3,11,11.494686126708984,10.436832427978516,25.332433700561523,0.0,0.04047697081076125,-39.99904251098633,2
2OT3,12,15.643726348876953,15.776119232177734,49.026824951171875,0.0,0.012713613287725961,-35.38917922973633,1
2OT3,13,16.22272300720215,15.870584487915039,49.85686492919922,0.0,0.012366364061833899,-38.04301834106445,0
2OT3,14,21.820173263549805,20.033945083618164,61.16401290893555,0.0,0.008173871334400026,-30.199655532836914,3
1R6Q,0,11.852591514587402,12.391114234924316,38.1617546081543,0.0,0.02056965326484352,-28.794456481933594,6
1R6Q,1,12.863271713256836,13.955589294433594,43.807708740234375,0.0,0.015900822776943793,-43.75248718261719,0
1R6Q,2,15.162301063537598,19.029582977294922,32.53116989135742,0.0,0.02336106797315261,-37.371726989746094,0
1R6Q,3,15.582467079162598,20.548269271850586,30.971094131469727,0.0,0.02511567275516198,-43.24021911621094,0
1R6Q,4,14.3362398147583,17.500770568847656,27.293251037597656,0.0,0.031902481582366034,-36.22159194946289,0
1R6Q,5,12.699393272399902,13.986579895019531,25.964258193969727,0.0,0.03605658607261198,-29.660396575927734,1
1R6Q,6,11.848491668701172,12.972305297851562,24.53940200805664,0.0,0.04010708252700638,-32.559669494628906,1
1R6Q,7,10.324097633361816,11.358478546142578,22.737512588500977,0.0,0.046585178085688655,-47.5994758605957,0
1R6Q,8,16.813739776611328,19.79766273498535,43.34659957885742,0.0,0.014245572686804467,-41.581729888916016,0
1R6Q,9,14.744861602783203,18.7303409576416,29.962038040161133,0.0,0.02695304181770247,-43.2645378112793,0
1R6Q,10,14.258955001831055,17.23629379272461,28.963882446289062,0.0,0.028937124081680088,-39.24899673461914,0
1R6Q,11,8.874293327331543,9.619861602783203,18.88511848449707,0.0,0.06406377815551584,-45.475181579589844,0
1R6Q,12,12.083255767822266,13.116554260253906,26.892147064208984,0.0,0.03457991068271707,-32.34153366088867,0
1R6Q,13,19.42856788635254,23.97262954711914,53.95886993408203,0.0,0.009371305750543867,-43.32624816894531,0
1R6Q,14,9.91188907623291,10.540352821350098,24.722986221313477,0.0,0.04185327347475231,-51.75318908691406,0
1Y64,0,41.52525329589844,41.10350799560547,85.04554748535156,0.0,0.003740159188495852,-19.673667907714844,2
1Y64,1,23.156936645507812,23.572999954223633,36.25775909423828,0.0,0.018709417738729302,-25.199413299560547,11
1Y64,2,13.704634666442871,14.285238265991211,22.239648818969727,0.0,0.046121270638347235,-29.4366512298584,6
1Y64,3,13.398762702941895,13.381596565246582,22.230070114135742,0.0,0.046654455475299,-32.44272994995117,4
1Y64,4,19.76314353942871,16.80289649963379,33.35839080810547,0.0,0.022958330069690877,-29.918249130249023,15
1Y64,5,34.640926361083984,33.3807373046875,76.87500762939453,0.0,0.004697683322570534,-11.662179946899414,9
1Y64,6,19.61786460876465,17.85874366760254,32.585548400878906,0.0,0.023571339405696487,-28.994632720947266,0
1Y64,7,28.58660125732422,20.78833770751953,49.45771026611328,0.0,0.011289771924797543,-15.629036903381348,3
1Y64,8,35.306148529052734,33.81837844848633,78.06268310546875,0.0,0.004560295759555121,-13.453063011169434,6
1Y64,9,26.14411735534668,24.34503173828125,46.59538269042969,0.0,0.011995942108371493,-12.625481605529785,33
1Y64,10,41.8760871887207,40.811649322509766,87.07420349121094,0.0,0.003596117531029165,-14.161651611328125,2
1Y64,11,20.085220336914062,19.130250930786133,32.52415084838867,0.0,0.02334820203551397,-22.3560791015625,24
1Y64,12,36.734439849853516,33.94929504394531,77.3520278930664,0.0,0.004626504585901881,-18.197834014892578,3
1Y64,13,24.32856559753418,22.215578079223633,41.727481842041016,0.142857,0.06241228389111395,-29.735172271728516,14
1Y64,14,22.205163955688477,22.02766990661621,37.03615951538086,0.0,0.01821761235199282,-34.673439025878906,8
3AAD,0,20.038877487182617,20.040651321411133,59.897621154785156,0.0,0.00843718840450614,-38.51545715332031,0
3AAD,1,19.272729873657227,20.36187744140625,58.50514602661133,0.0,0.00868977727985309,-35.09429931640625,0
3AAD,2,24.016132354736328,18.160432815551758,50.60511016845703,0.0,0.011404972664096076,-30.934003829956055,0
3AAD,3,22.067617416381836,20.367948532104492,63.99085998535156,0.0,0.007577542057084299,-29.97632598876953,2
3AAD,4,21.240270614624023,17.266681671142578,63.1231575012207,0.0,0.00843332778434249,-25.119380950927734,2
3AAD,5,20.32672882080078,17.121145248413086,62.543373107910156,0.0,0.008584200536785635,-37.79267883300781,0
3AAD,6,21.48769760131836,18.286779403686523,66.29291534423828,0.0,0.007619179312453937,-28.850492477416992,1
3AAD,7,27.2708740234375,23.19974136352539,67.60396575927734,0.0,0.0065751874770794555,-28.121601104736328,1
3AAD,8,23.518709182739258,22.867759704589844,67.22026824951172,0.0,0.006674052460989115,-34.79821014404297,0
3AAD,9,25.73787498474121,23.965396881103516,65.78043365478516,0.0,0.006775086949188102,-40.747108459472656,0
3AAD,10,21.55105972290039,18.427093505859375,65.58174133300781,0.0,0.007701224760532929,-31.812849044799805,0
3AAD,11,19.851016998291016,19.06317710876465,58.7117919921875,0.0,0.008894284568411277,-38.1390380859375,0
3AAD,12,17.43966293334961,18.52545738220215,52.607582092285156,0.0,0.01065174908886511,-39.58809280395508,0
3AAD,13,22.748727798461914,19.97170639038086,68.10118103027344,0.0,0.006982980668684896,-26.012266159057617,2
3AAD,14,24.554967880249023,20.574769973754883,67.09664154052734,0.0,0.007027363995213091,-29.624759674072266,0
1F34,0,20.061717987060547,18.640323638916016,46.4234619140625,0.0,0.01295699038019873,-54.44166946411133,0
1F34,1,20.535974502563477,19.224931716918945,53.591793060302734,0.0,0.01019651558456837,-46.921791076660156,0
1F34,2,14.792669296264648,14.675305366516113,43.58624267578125,0.0,0.015659038469029045,-35.51838302612305,3
1F34,3,14.273174285888672,14.718989372253418,39.89992141723633,0.0,0.01789719367865541,-39.123470306396484,1
1F34,4,17.516935348510742,15.813671112060547,46.782989501953125,0.086957,0.04261016591613323,-34.64299392700195,9
1F34,5,16.964162826538086,16.786256790161133,48.61740493774414,0.0,0.012527404179298198,-47.5174674987793,0
1F34,6,19.108217239379883,17.95661163330078,46.0494270324707,0.0,0.013292811425197748,-51.11867904663086,0
1F34,7,17.93035888671875,17.25992202758789,51.2014045715332,0.0,0.011438880112041949,-43.578407287597656,0
1F34,8,19.742219924926758,17.795148849487305,47.284881591796875,0.0,0.012785929080782181,-50.18907928466797,0
1F34,9,15.700447082519531,15.668976783752441,42.76611328125,0.0,0.01569454130575628,-46.3789176940918,1
1F34,10,17.65049934387207,16.219892501831055,44.25539016723633,0.0,0.01468571480160377,-47.77355194091797,0
1F34,11,20.17852783203125,18.471843719482422,51.312965393066406,0.0,0.011086042280675912,-39.92268753051758,3
1F34,12,18.62274169921875,18.225595474243164,51.42119216918945,0.0,0.011108610042789964,-47.41905212402344,0
1F34,13,14.37027645111084,15.064708709716797,42.456207275390625,0.0,0.01611827117174781,-44.67189025878906,0
1F34,14,19.42180061340332,17.81296157836914,45.52815628051758,0.0,0.013574370185694377,-51.90053176879883,0
1MAH,0,8.783641815185547,11.389102935791016,30.196182250976562,0.166667,0.08571258972106423,-43.36161422729492,35
1MAH,1,4.379482269287109,7.235949516296387,15.403865814208984,0.0,0.091540375527827,-46.86965560913086,4
1MAH,2,5.04387092590332,8.085986137390137,17.967496871948242,0.0,0.0720472055473844,-45.23832321166992,5
1MAH,3,4.1802191734313965,5.790102005004883,14.04985237121582,0.277778,0.20287071579507707,-37.003639221191406,15
1MAH,4,5.483137130737305,11.025032043457031,17.17969512939453,0.0,0.07161025071133852,-46.81761932373047,1
1MAH,5,4.505346775054932,8.506806373596191,14.224865913391113,0.0,0.09775584136161707,-47.08742141723633,2
1MAH,6,7.704375743865967,13.607226371765137,25.020442962646484,0.0,0.03849186805707398,-33.86314392089844,27
1MAH,7,5.81961727142334,10.722766876220703,19.321292877197266,0.0,0.06044934748817952,-46.34380340576172,4
1MAH,8,3.791395425796509,7.11007022857666,12.328187942504883,0.0,0.12160629100180043,-43.8525505065918,5
1MAH,9,5.576447010040283,10.920233726501465,17.50666046142578,0.0,0.06976194891869715,-49.740074157714844,1
1MAH,10,4.818541049957275,7.94814395904541,16.532426834106445,0.0,0.08115525091166492,-44.58592224121094,6
1MAH,11,1.8281253576278687,2.9037833213806152,6.043133735656738,0.166667,0.34718382338954856,-48.16737747192383,0
1MAH,12,1.9527755975723267,2.4379968643188477,6.878400802612305,0.166667,0.34851696103595947,-59.53586196899414,0
1MAH,13,3.9178524017333984,5.725688457489014,14.308096885681152,0.0,0.10836042090929972,-48.49616622924805,2
1MAH,14,5.230985641479492,10.331790924072266,16.617752075195312,0.0,0.07600658144352941,-48.22659683227539,1
4DW2,0,14.257948875427246,12.286446571350098,26.28271484375,0.0,0.03645806031475337,-39.27908706665039,35
4DW2,1,11.65672492980957,9.126453399658203,23.02707290649414,0.0,0.048740204490903605,-42.40983963012695,4
4DW2,2,21.368812561035156,13.431710243225098,49.49298095703125,0.0,0.013656007667850386,-45.339168548583984,3
4DW2,3,12.268837928771973,12.03764820098877,25.08685874938965,0.0,0.03942294588164257,-42.59566879272461,9
4DW2,4,15.442327499389648,13.623029708862305,34.4206657409668,0.0,0.023151707802343425,-43.43853759765625,15
4DW2,5,14.785548210144043,11.67300033569336,26.21681022644043,0.0,0.03712130125265114,-41.21812057495117,9
4DW2,6,22.243423461914062,13.756538391113281,50.67515182495117,0.0,0.013038316682976276,-46.41215133666992,11
4DW2,7,21.347328186035156,13.78046703338623,49.42905807495117,0.0,0.013477218820765488,-47.06705093383789,2
4DW2,8,21.56885528564453,16.905418395996094,51.40333557128906,0.0,0.011475710027836187,-43.79769515991211,23
4DW2,9,13.371197700500488,13.493535995483398,27.015348434448242,0.0,0.03409502303645045,-44.08112335205078,4
4DW2,10,10.262640953063965,9.736241340637207,18.736034393310547,0.0,0.06462414577562325,-42.974849700927734,3
4DW2,11,22.684038162231445,14.709413528442383,53.31239318847656,0.0,0.011694050791116885,-48.2796630859375,4
4DW2,12,14.146686553955078,12.514998435974121,25.173015594482422,0.0,0.038836405076664526,-42.79160690307617,14
4DW2,13,11.170519828796387,8.237357139587402,24.35321044921875,0.0,0.04689602113484583,-41.41770935058594,11
4DW2,14,15.096996307373047,13.33434772491455,33.963279724121094,0.0,0.023813162475231894,-41.251251220703125,19
1S1Q,0,13.538398742675781,14.915388107299805,34.66978454589844,0.0,0.02223760055699715,-40.78141784667969,1
1S1Q,1,17.752056121826172,17.298250198364258,55.48906707763672,0.0,0.010130112910872343,-42.78939437866211,0
1S1Q,2,13.39290714263916,15.78781795501709,36.64655685424805,0.0,0.019999421940593114,-44.631839752197266,0
1S1Q,3,14.463682174682617,16.253515243530273,38.99772644042969,0.0,0.01793256852453903,-37.620330810546875,1
1S1Q,4,15.406601905822754,17.4182071685791,43.703304290771484,0.0,0.014603458978372244,-35.93205261230469,1
1S1Q,5,13.069954872131348,14.117169380187988,34.816287994384766,0.0,0.022471562845462322,-51.12270736694336,0
1S1Q,6,18.29115867614746,17.478181838989258,52.64030838012695,0.0,0.010907494874473246,-45.64360046386719,0
1S1Q,7,18.11743927001953,18.390533447265625,54.097171783447266,0.0,0.01023400420446427,-40.27251052856445,0
1S1Q,8,14.296008110046387,16.25278091430664,37.55457305908203,0.0,0.01905931488161667,-40.78427505493164,1
1S1Q,9,10.736671447753906,11.044495582580566,35.5905876159668,0.0,0.0240240124042668,-41.61153030395508,1
1S1Q,10,17.801597595214844,16.90390968322754,51.36423110961914,0.0,0.011489324837833213,-47.38113021850586,0
1S1Q,11,14.770472526550293,15.034412384033203,50.88658905029297,0.0,0.012333507034209693,-41.77530288696289,0
1S1Q,12,16.180389404296875,17.314258575439453,54.20209884643555,0.0,0.010483962891470036,-40.433231353759766,0
1S1Q,13,14.127429008483887,15.488180160522461,37.65851974487305,0.0,0.01925628196375228,-38.55580139160156,1
1S1Q,14,16.72156524658203,15.501083374023438,50.97257614135742,0.0,0.01211079840460326,-47.63679885864258,0
1GLA,0,17.326419830322266,12.675724029541016,47.2718391418457,0.0,0.015043174432977776,-40.58647537231445,2
1GLA,1,15.350199699401855,9.265918731689453,47.49683380126953,0.0,0.018856542088872056,-38.237667083740234,5
1GLA,2,18.235036849975586,12.2667875289917,53.0291862487793,0.0,0.013260489770874608,-43.668785095214844,2
1GLA,3,28.902902603149414,18.709074020385742,74.59123992919922,0.0,0.006402038624526274,-29.59909439086914,22
1GLA,4,18.34014129638672,14.45189380645752,59.020938873291016,0.0,0.010325818723813994,-39.943851470947266,1
1GLA,5,29.080453872680664,21.685575485229492,79.26294708251953,0.0,0.005377001505073358,-35.698760986328125,1
1GLA,6,18.34202003479004,11.360054969787598,46.685184478759766,0.0,0.016407427176811682,-34.65848159790039,30
1GLA,7,16.81815528869629,12.33606243133545,51.35894012451172,0.0,0.013743487760459139,-46.62362289428711,2
1GLA,8,18.156635284423828,11.578251838684082,54.936588287353516,0.0,0.013295585073940958,-41.55061340332031,1
1GLA,9,17.7166690826416,12.3733549118042,47.90403747558594,0.0,0.015002233014338796,-36.709999084472656,6
1GLA,10,15.834473609924316,12.903108596801758,52.32282638549805,0.0,0.013015502638689636,-45.71821594238281,0
1GLA,11,17.933218002319336,12.784697532653809,53.116756439208984,0.0,0.012849144589860174,-41.24139404296875,2
1GLA,12,27.772533416748047,22.07135009765625,79.35115051269531,0.0,0.0053139287203602765,-38.79863357543945,1
1GLA,13,29.17571449279785,21.519718170166016,80.6577377319336,0.0,0.005272934157488546,-40.265098571777344,1
1GLA,14,15.958550453186035,11.412446022033691,46.057861328125,0.0,0.016639662433752467,-37.67044448852539,3
1KLU,0,18.565019607543945,13.499430656433105,43.538753509521484,0.0,0.016303634899523033,-30.69732093811035,6
1KLU,1,29.887344360351562,17.027860641479492,76.67992401123047,0.0,0.00661297001207452,-43.6517448425293,3
1KLU,2,25.119140625,20.091964721679688,75.7531967163086,0.0,0.005992160749937824,-45.5361213684082,0
1KLU,3,26.818960189819336,17.664825439453125,78.88297271728516,0.0,0.006212210493466245,-42.297584533691406,4
1KLU,4,29.868698120117188,17.648658752441406,71.32734680175781,0.0,0.00705808457386533,-52.21803665161133,0
1KLU,5,30.436243057250977,17.252609252929688,70.87091827392578,0.0,0.007227727337944252,-45.619873046875,1
1KLU,6,8.900138854980469,6.35012674331665,28.921783447265625,0.0,0.044118832789569046,-39.10089874267578,0
1KLU,7,19.08725929260254,14.008810043334961,40.77973556518555,0.0,0.017657388467814183,-29.312788009643555,9
1KLU,8,25.87495994567871,21.612924575805664,76.36992645263672,0.0,0.005676621652376208,-39.04568099975586,4
1KLU,9,26.37196159362793,23.53484344482422,73.34381866455078,0.0,0.005766275148110578,-36.88889694213867,7
1KLU,10,19.161502838134766,15.814221382141113,40.669612884521484,0.0,0.0169232874673039,-42.5792121887207,0
1KLU,11,25.979942321777344,20.806962966918945,70.00752258300781,0.0,0.006565948567116883,-37.77408218383789,3
1KLU,12,22.397247314453125,17.6527042388916,67.63424682617188,0.0,0.007572494878107516,-28.45244598388672,0
1KLU,13,17.782337188720703,12.334062576293945,40.13728713989258,0.0,0.019165794110836507,-29.274187088012695,4
1KLU,14,30.414892196655273,16.891258239746094,74.01929473876953,0.0,0.006946584352838994,-46.540042877197266,0
6AL0,0,17.46945571899414,13.394429206848145,34.719886779785156,0.0,0.02297724563695951,-24.49211883544922,12
6AL0,1,10.360967636108398,6.725546836853027,23.74409294128418,0.0,0.05366010739985505,-23.778915405273438,11
6AL0,2,17.50604820251465,12.98452091217041,35.184505462646484,0.0,0.02277129825096509,-25.051788330078125,2
6AL0,3,19.983753204345703,12.199925422668457,41.43500518798828,0.0,0.018425060262865233,-19.142017364501953,52
6AL0,4,14.263915061950684,10.19482135772705,30.882957458496094,0.0,0.030536058472886447,-19.929283142089844,37
6AL0,5,15.956720352172852,10.707735061645508,35.5796012878418,0.0,0.02441280928232073,-17.31580924987793,43
6AL0,6,17.952699661254883,15.206198692321777,38.74110412597656,0.0,0.01852153608612281,-23.740022659301758,11
6AL0,7,19.509931564331055,14.239187240600586,44.014892578125,0.0,0.015642833851540337,-21.73801612854004,62
6AL0,8,9.708197593688965,7.042063236236572,21.48073959350586,0.0,0.05959498920951802,-24.721834182739258,9
6AL0,9,13.801488876342773,13.223822593688965,29.2259578704834,0.0,0.03023093378976965,-21.946619033813477,13
6AL0,10,12.778597831726074,8.819865226745605,26.59932518005371,0.0,0.04025532534436108,-19.77532958984375,35
6AL0,11,12.74321460723877,8.842968940734863,26.480224609375,0.0,0.04046023230906912,-25.31487274169922,5
6AL0,12,18.922685623168945,14.974279403686523,39.3861083984375,0.0,0.018145628663376125,-24.733028411865234,9
6AL0,13,21.19474220275879,10.40608024597168,40.71739959716797,0.0,0.020704830382189454,-20.8503360748291,51
6AL0,14,23.308673858642578,8.435919761657715,49.602027893066406,0.0,0.019725221508157448,-25.93133544921875,31
1KAC,0,12.56651782989502,10.705318450927734,32.27212142944336,0.0,0.02804211560764534,-47.80091094970703,0
1KAC,1,12.735920906066895,15.33219051361084,28.480863571166992,0.0,0.030422006614500747,-56.2327880859375,0
1KAC,2,15.407718658447266,13.706367492675781,31.310470581054688,0.0,0.02682494023932903,-54.51994323730469,0
1KAC,3,15.390908241271973,13.189241409301758,45.489227294921875,0.0,0.01550228697159395,-57.835872650146484,0
1KAC,4,16.417884826660156,18.058917999267578,30.870813369750977,0.0,0.02577402001252288,-62.89292526245117,0
1KAC,5,7.855708122253418,9.125533103942871,24.360990524291992,0.0,0.044946359544110186,-51.31889724731445,0
1KAC,6,15.014875411987305,14.124645233154297,28.547801971435547,0.0,0.03086186899631733,-54.92320251464844,0
1KAC,7,14.943467140197754,12.3674955368042,44.86002731323242,0.0,0.016384896728482205,-47.82430648803711,0
1KAC,8,16.88766098022461,14.216774940490723,37.959041595458984,0.0,0.01958601646323629,-56.4992561340332,0
1KAC,9,8.319110870361328,6.728943824768066,31.555072784423828,0.0,0.03833045999203045,-45.07022476196289,1
1KAC,10,16.579631805419922,13.28687572479248,48.69652557373047,0.0,0.014050511412107928,-54.370731353759766,0
1KAC,11,16.262094497680664,15.2559814453125,30.620981216430664,0.0,0.027038933373825083,-59.04545593261719,0
1KAC,12,16.04324722290039,13.418185234069824,54.042396545410156,0.0,0.012161158114284925,-62.75706481933594,0
1KAC,13,16.498458862304688,15.122217178344727,32.47779083251953,0.0,0.02461605552078215,-57.644317626953125,0
1KAC,14,14.92146110534668,11.35833740234375,43.63591766357422,0.0,0.01789957534147987,-57.65763473510742,0
4G6J,0,22.282182693481445,20.129518508911133,56.627342224121094,0.0,0.009185657606766809,-38.09270477294922,4
4G6J,1,21.654800415039062,21.273883819580078,54.71330642700195,0.0,0.009504465917535208,-38.182647705078125,1
4G6J,2,12.447264671325684,16.76595687866211,26.027238845825195,0.0,0.034772296089605005,-30.682395935058594,6
4G6J,3,34.63456344604492,32.31322479248047,87.26250457763672,0.0,0.0038497441469496387,-31.40659523010254,7
4G6J,4,10.384599685668945,14.340644836425781,24.466705322265625,0.0,0.03950610921356478,-43.92970657348633,0
4G6J,5,25.85809898376465,27.179157257080078,69.00113677978516,0.0,0.005994887852710057,-31.62046241760254,6
4G6J,6,22.649059295654297,24.894990921020508,58.30474853515625,0.0,0.008142823201639355,-31.16487693786621,4
4G6J,7,22.263545989990234,21.173402786254883,56.517845153808594,0.0,0.009037371318407832,-37.275238037109375,1
4G6J,8,22.37456703186035,21.069087982177734,56.81354522705078,0.0,0.008978940441519765,-38.18495559692383,1
4G6J,9,12.573943138122559,17.25446128845215,26.685714721679688,0.0,0.03320403822669824,-32.43730545043945,2
4G6J,10,11.473794937133789,12.884689331054688,23.948183059692383,0.0,0.04175149042385623,-42.81005096435547,0
4G6J,11,29.360401153564453,28.626731872558594,77.21533966064453,0.0,0.004903666000105299,-28.60601043701172,9
4G6J,12,12.104233741760254,16.53103256225586,24.836854934692383,0.0,0.03767006091265016,-30.72940444946289,3
4G6J,13,12.142566680908203,16.8753604888916,24.368120193481445,0.0,0.03877114721916502,-32.51830291748047,4
4G6J,14,22.523494720458984,16.048765182495117,59.313838958740234,0.0,0.009594429691957188,-37.665802001953125,4
2GAF,0,19.98599624633789,17.062395095825195,51.60723876953125,0.0,0.011360265289554502,-31.005809783935547,17
2GAF,1,17.616500854492188,16.7655086517334,30.48980140686035,0.0,0.026685258518368945,-35.8062744140625,7
2GAF,2,18.272680282592773,17.337297439575195,30.761383056640625,0.0,0.026122211576582233,-39.43878173828125,6
2GAF,3,17.60746192932129,16.827051162719727,30.805461883544922,0.0,0.026210648319164687,-37.90782165527344,3
2GAF,4,10.795058250427246,10.798940658569336,19.447860717773438,0.0,0.059772330948605595,-40.9064826965332,2
2GAF,5,22.691904067993164,24.398115158081055,49.088462829589844,0.0,0.010958673291517854,-36.609413146972656,4
2GAF,6,26.418399810791016,27.425989151000977,68.27347564697266,0.0,0.0060819518197761544,-33.78778839111328,1
2GAF,7,6.914348125457764,7.52102518081665,12.946300506591797,0.222222,0.18723284629260348,-38.31871795654297,12
2GAF,8,11.95851993560791,12.302133560180664,23.068967819213867,0.0,0.044727932968980526,-39.33861541748047,8
2GAF,9,18.246109008789062,17.200288772583008,31.392250061035156,0.0,0.025284963228767235,-36.39056396484375,7
2GAF,10,18.33915138244629,17.03461456298828,32.51845932006836,0.0,0.023883073458923963,-35.90270233154297,7
2GAF,11,23.67730140686035,26.566234588623047,65.72451782226562,0.0,0.00654280176675976,-33.19630432128906,2
2GAF,12,16.242916107177734,15.932452201843262,43.218257904052734,0.0,0.015342278611673347,-33.34659957885742,13
2GAF,13,20.842628479003906,21.58343505859375,45.31402587890625,0.0,0.012932315910950098,-32.02101516723633,3
2GAF,14,18.0526180267334,17.120166778564453,30.601940155029297,0.0,0.026414294332531545,-39.76816940307617,4
1PVH,0,15.155570983886719,11.532954216003418,28.036090850830078,0.0,0.033605160930519164,-30.75472640991211,4
1PVH,1,9.616541862487793,9.279818534851074,20.966157913208008,0.0,0.055540924315479724,-38.49543762207031,1
1PVH,2,22.940326690673828,14.949889183044434,55.10910415649414,0.0,0.011067942842516382,-30.369314193725586,4
1PVH,3,23.38972282409668,13.844290733337402,54.94282531738281,0.0,0.011659214345773335,-36.178836822509766,0
1PVH,4,8.91865062713623,10.845870971679688,16.8128719329834,0.0,0.07411126197214157,-32.60826110839844,0
1PVH,5,18.382953643798828,10.878249168395996,33.200477600097656,0.833333,0.30450207886128017,-33.635215759277344,2
1PVH,6,15.61472225189209,11.846467971801758,28.782495498657227,0.0,0.03199887567553698,-36.664283752441406,1
1PVH,7,13.203264236450195,9.636174201965332,21.879451751708984,0.0,0.051597499726517816,-32.67915344238281,5
1PVH,8,9.571084022521973,8.856440544128418,16.90632438659668,0.0,0.07655324585436321,-28.378305435180664,4
1PVH,9,23.599842071533203,12.158080101013184,53.35736083984375,0.0,0.013247517373282372,-47.02754592895508,0
1PVH,10,20.37583351135254,14.175521850585938,46.65592956542969,0.0,0.01439936843040626,-34.18638229370117,5
1PVH,11,7.7560505867004395,8.12333869934082,12.162633895874023,0.0,0.12037121307692368,-35.1694221496582,0
1PVH,12,23.493621826171875,12.834795951843262,56.98326873779297,0.0,0.011746954464871293,-33.71711349487305,5
1PVH,13,9.22900104522705,10.479496955871582,20.575841903686523,0.0,0.055285053761669395,-34.52658462524414,0
1PVH,14,8.236252784729004,9.188316345214844,12.578691482543945,0.0,0.1131480292487198,-39.64642333984375,0
1OPH,0,18.318069458007812,13.080890655517578,41.29349899291992,0.0,0.01787599597932454,-44.97941589355469,2
1OPH,1,9.234936714172363,7.8524580001831055,29.729148864746094,0.0,0.03692491775957832,-43.898929595947266,7
1OPH,2,18.173080444335938,13.294225692749023,40.364288330078125,0.0,0.01834422493773214,-47.0579833984375,8
1OPH,3,17.55719566345215,13.494148254394531,36.48089599609375,0.0,0.021232827494130482,-45.02848434448242,8
1OPH,4,18.02045440673828,13.244194030761719,40.36034393310547,0.0,0.018378190701064567,-45.56985092163086,8
1OPH,5,29.128740310668945,26.899187088012695,73.90664672851562,0.0,0.005384856780298636,-42.83540344238281,10
1OPH,6,12.387567520141602,10.539958000183105,31.815792083740234,0.0,0.02882418028514887,-41.75681686401367,0
1OPH,7,20.858592987060547,16.54105567932129,63.52922058105469,0.0,0.008581046946059935,-49.90093231201172,0
1OPH,8,9.241972923278809,8.306764602661133,30.80369758605957,0.0,0.03411123514878381,-43.5910530090332,1
1OPH,9,11.689348220825195,8.89357852935791,34.4585075378418,0.0,0.028339143514995557,-40.846458435058594,17
1OPH,10,8.105135917663574,6.835474967956543,21.76776123046875,0.0,0.0594161053456805,-43.73843765258789,4
1OPH,11,23.282827377319336,11.603105545043945,58.082725524902344,0.0,0.012468246901401664,-46.39305114746094,2
1OPH,12,19.18450355529785,14.263423919677734,53.72476577758789,0.0,0.011786280573759328,-41.81859588623047,12
1OPH,13,23.813228607177734,15.76821517944336,56.3849983215332,0.0,0.010396195064021698,-41.63869857788086,16
1OPH,14,18.390790939331055,13.586477279663086,40.75273895263672,0.0,0.01791069565066079,-44.947811126708984,9
1J2J,0,8.861041069030762,10.872461318969727,24.461206436157227,0.0,0.04213919111510223,-42.009681701660156,1
1J2J,1,4.263038635253906,4.449336528778076,13.905960083007812,0.0,0.1246852767688117,-52.79138946533203,0
1J2J,2,6.319206237792969,6.363734245300293,19.399995803833008,0.0,0.0712294072543002,-58.08060836791992,0
1J2J,3,5.634747505187988,5.8115997314453125,15.856108665466309,0.0,0.09522699250042604,-65.13981628417969,0
1J2J,4,3.5516345500946045,3.4723260402679443,11.328158378601074,0.0,0.17249187587269688,-54.095909118652344,0
1J2J,5,5.399733543395996,5.398318767547607,17.09653091430664,0.0,0.08995630188010588,-64.84412384033203,0
1J2J,6,6.199597358703613,6.078985214233398,18.1199893951416,0.0,0.0792512260339931,-58.85051727294922,0
1J2J,7,4.685336589813232,5.157156467437744,15.911344528198242,0.0,0.10000662495827901,-63.809410095214844,0
1J2J,8,6.299506187438965,6.263964653015137,18.60024642944336,0.0,0.07566327839423607,-64.3741683959961,0
1J2J,9,5.929035663604736,6.249345779418945,19.503557205200195,0.0,0.0713644279300351,-66.19193267822266,0
1J2J,10,5.803908348083496,5.7671380043029785,17.755949020385742,0.0,0.08326761451316013,-63.806575775146484,0
1J2J,11,5.61693000793457,5.827244281768799,16.27208709716797,0.0,0.09217171711736168,-65.25401306152344,0
1J2J,12,7.878024578094482,7.823045253753662,22.010709762573242,0.0,0.05507954806268345,-56.39322280883789,0
1J2J,13,9.855499267578125,10.522530555725098,23.413108825683594,0.0,0.045456277037516535,-39.31886291503906,6
1J2J,14,2.6603455543518066,2.6514923572540283,8.03508472442627,0.2,0.3235136088789185,-67.49103546142578,0
4FZA,0,9.761992454528809,7.89727783203125,20.25849723815918,0.0,0.061504291307337845,-31.546321868896484,11
4FZA,1,21.4605655670166,17.66939926147461,39.88096618652344,0.0,0.016869170537798874,-34.59039306640625,9
4FZA,2,20.44805145263672,15.495770454406738,31.454818725585938,0.0,0.025779150811382736,-40.024593353271484,4
4FZA,3,20.3748836517334,15.41894817352295,31.26920509338379,0.0,0.026061298487312704,-34.96538162231445,3
4FZA,4,20.04163932800293,14.786170959472656,30.365680694580078,0.0,0.027616292696647768,-39.4790153503418,3
4FZA,5,20.31728172302246,15.471136093139648,30.651905059814453,0.0,0.026906943230856434,-34.285545349121094,9
4FZA,6,20.594833374023438,15.371716499328613,31.29290771484375,0.0,0.02604800491727885,-36.045658111572266,6
4FZA,7,17.725475311279297,12.022164344787598,29.497936248779297,0.0,0.03066551294117203,-36.430484771728516,19
4FZA,8,9.921832084655762,8.354286193847656,22.894628524780273,0.0,0.050790517697283204,-33.04408645629883,10
4FZA,9,13.317490577697754,8.938680648803711,26.84324836730957,0.0,0.03950682183696231,-34.36521530151367,2
4FZA,10,8.357359886169434,6.353415012359619,16.849397659301758,0.0,0.08521997505664719,-32.13499450683594,10
4FZA,11,20.703941345214844,15.91415786743164,31.463579177856445,0.0,0.025608224039845796,-37.76542663574219,5
4FZA,12,12.717458724975586,12.74307632446289,27.663787841796875,0.0,0.0333105162111729,-25.994182586669922,3
4FZA,13,20.653640747070312,15.466390609741211,31.5396785736084,0.0,0.02567715784816067,-35.86153793334961,11
4FZA,14,13.157065391540527,11.56342601776123,32.59262466430664,0.0,0.02674381532847148,-31.271804809570312,24
2PCC,0,24.474760055541992,18.647775650024414,66.57979583740234,0.0,0.007488691692842959,-47.4918327331543,2
2PCC,1,15.490458488464355,12.285124778747559,48.620567321777344,0.0,0.01478195842977309,-50.76759338378906,1
2PCC,2,24.514684677124023,21.900245666503906,66.30838012695312,0.0,0.006945348006063998,-49.905391693115234,1
2PCC,3,11.42941951751709,11.108591079711914,35.84598922729492,0.0,0.023713987338388528,-55.59918975830078,0
2PCC,4,16.253189086914062,13.050405502319336,51.153507232666016,0.0,0.013302706949933537,-49.79142761230469,0
2PCC,5,17.78592872619629,19.580039978027344,54.09506607055664,0.0,0.009976603262638379,-42.29887008666992,7
2PCC,6,21.435697555541992,16.36874771118164,59.88683319091797,0.0,0.009358381249516526,-49.19109344482422,1
2PCC,7,17.177135467529297,17.703622817993164,50.8275146484375,0.0,0.011444503329076629,-50.773014068603516,0
2PCC,8,17.576074600219727,13.966652870178223,53.42338943481445,0.0,0.012030919184940576,-47.427764892578125,0
2PCC,9,16.9031982421875,13.167573928833008,50.8880615234375,0.0,0.013317829281298961,-50.881568908691406,0
2PCC,10,19.648231506347656,16.377248764038086,50.83211898803711,0.0,0.011840002727332192,-42.99011993408203,28
2PCC,11,24.590919494628906,19.56019401550293,67.24735260009766,0.0,0.007190629491826671,-58.16701889038086,0
2PCC,12,18.250167846679688,15.760311126708984,51.20248031616211,0.0,0.011932175339251179,-58.79082107543945,0
2PCC,13,16.58759880065918,12.938515663146973,50.79594421386719,0.0,0.013500291557764029,-53.70490264892578,0
2PCC,14,24.453847885131836,19.804086685180664,67.36666107177734,0.0,0.007124937316630502,-52.51519012451172,0
4JCV,0,20.46099853515625,23.394804000854492,50.96196746826172,0.0,0.01038680777425289,-20.34671974182129,3
4JCV,1,32.57799530029297,32.582435607910156,79.85475158691406,0.0,0.004439387548369168,-25.328407287597656,0
4JCV,2,33.75951385498047,25.656814575195312,81.61048889160156,0.0,0.0047126291141508314,-32.8681526184082,0
4JCV,3,34.240970611572266,27.865158081054688,82.91637420654297,0.0,0.004429659697388719,-30.289630889892578,0
4JCV,4,32.52531433105469,30.7592830657959,78.96359252929688,0.0,0.0046090258082939805,-15.936826705932617,30
4JCV,5,21.015399932861328,21.1264591217041,51.16754150390625,0.0,0.010623642450579798,-15.751520156860352,36
4JCV,6,13.49555778503418,16.497520446777344,29.861621856689453,0.0,0.027716635238830178,-23.872737884521484,8
4JCV,7,32.60683822631836,26.775814056396484,78.6555404663086,0.0,0.004890660655569511,-16.984289169311523,10
4JCV,8,25.817461013793945,19.442399978637695,66.40686798095703,0.0,0.007345549546212439,-25.231760025024414,2
4JCV,9,34.02124786376953,27.660123825073242,82.17925262451172,0.0,0.004505754285528621,-25.778398513793945,1
4JCV,10,26.84833526611328,21.596235275268555,69.23523712158203,0.0,0.006549894406869892,-23.700515747070312,1
4JCV,11,30.612035751342773,38.407447814941406,83.3642349243164,0.0,0.003937427265254343,-26.23243522644043,0
4JCV,12,33.777809143066406,26.196882247924805,82.4935302734375,0.0,0.004591073758879868,-32.45743179321289,0
4JCV,13,33.0312385559082,25.594377517700195,79.82532501220703,0.0,0.004878126898893266,-27.131906509399414,1
4JCV,14,22.941865921020508,27.414817810058594,55.762908935546875,0.0,0.008564134554342254,-17.527135848999023,17
1JZD,0,8.557493209838867,10.783329963684082,20.758695602416992,0.0,0.05419038744542786,-43.019100189208984,0
1JZD,1,25.75033950805664,25.410850524902344,62.50979232788086,0.0,0.007208984712326579,-23.134262084960938,7
1JZD,2,25.889528274536133,28.83974838256836,62.274757385253906,0.0,0.006995737110765919,-36.942352294921875,0
1JZD,3,7.519159317016602,10.411211967468262,16.887664794921875,0.0,0.07415520562153598,-27.82075309753418,3
1JZD,4,9.486404418945312,12.010543823242188,22.457542419433594,0.0,0.04688781446103555,-37.067115783691406,0
1JZD,5,11.399413108825684,13.831686019897461,28.564186096191406,0.0,0.030990558492992527,-28.657352447509766,3
1JZD,6,25.924137115478516,28.7352294921875,62.80617141723633,0.0,0.006901391452252599,-26.4521484375,4
1JZD,7,9.094414710998535,8.961511611938477,24.174644470214844,0.0,0.0457597538098101,-26.658832550048828,9
1JZD,8,10.529706954956055,12.657733917236328,29.356271743774414,0.0,0.03040031734750807,-27.445377349853516,3
1JZD,9,17.33568572998047,20.293703079223633,42.30381393432617,0.0,0.01474630003222857,-29.419677734375,1
1JZD,10,11.688883781433105,13.74088191986084,31.654796600341797,0.0,0.026343626806100372,-31.15802001953125,0
1JZD,11,8.85177230834961,11.620636940002441,21.07395362854004,0.0,0.05210336973062374,-35.003173828125,1
1JZD,12,10.157115936279297,12.297176361083984,24.478351593017578,0.0,0.04075513119415001,-32.056983947753906,0
1JZD,13,25.81586265563965,25.354907989501953,61.81625747680664,0.0,0.007348095330408629,-21.710786819458008,7
1JZD,14,11.267358779907227,15.201683044433594,25.65879249572754,0.0,0.03617688563925575,-25.934242248535156,11
1I4D,0,28.77036476135254,23.882328033447266,64.06085205078125,0.0,0.007076801891429573,-18.641939163208008,8
1I4D,1,22.435014724731445,18.894702911376953,50.4824104309082,0.0,0.011277199116796812,-28.278491973876953,1
1I4D,2,19.2440128326416,16.989002227783203,42.89946365356445,0.0,0.015170258691619138,-23.99593734741211,3
1I4D,3,26.016555786132812,17.006690979003906,62.194217681884766,0.0,0.008685043152918985,-16.653356552124023,4
1I4D,4,26.48310661315918,20.16802406311035,65.69532012939453,0.0,0.0073220413472761285,-17.37346649169922,10
1I4D,5,23.612632751464844,14.363430976867676,60.21006393432617,0.0,0.010109526158220292,-16.195524215698242,14
1I4D,6,17.711185455322266,16.96627426147461,45.109371185302734,0.0,0.014014857517810161,-25.519601821899414,5
1I4D,7,17.824432373046875,18.09707260131836,42.61503601074219,0.0,0.015028457538867597,-23.28369140625,8
1I4D,8,23.101438522338867,21.73915672302246,49.54032516479492,0.0,0.011111790668001836,-26.110443115234375,3
1I4D,9,20.794309616088867,18.618160247802734,51.55075454711914,0.0,0.010972305436017403,-21.05297088623047,16
1I4D,10,23.2977294921875,22.06196403503418,51.370269775390625,0.0,0.010416858430549266,-28.54113006591797,4
1I4D,11,20.79367446899414,17.688444137573242,48.603057861328125,0.0,0.012272450089057528,-22.84172248840332,3
1I4D,12,62.00339126586914,70.57465362548828,136.7609405517578,0.0,0.0014331899268128691,0.0,0
1I4D,13,25.38411521911621,20.69953155517578,57.79800033569336,0.0,0.008797912991648118,-18.837881088256836,4
1I4D,14,28.648208618164062,20.950294494628906,68.21022033691406,0.0,0.006797171548573743,-21.7653865814209,6
2DD8,0,11.685102462768555,14.056682586669922,22.801332473754883,0.0,0.04442394506938346,-33.50031661987305,0
2DD8,1,7.845578670501709,5.691524028778076,23.065677642822266,0.0,0.06150400725877178,-27.26647186279297,9
2DD8,2,19.297170639038086,18.098724365234375,39.88698196411133,0.0,0.016753943147353734,-22.866291046142578,2
2DD8,3,15.967294692993164,14.409643173217773,30.649215698242188,0.0,0.027379932876061913,-26.476726531982422,22
2DD8,4,17.654027938842773,12.886459350585938,34.45697021484375,0.0,0.02357688767772303,-23.87891387939453,24
2DD8,5,13.649040222167969,12.331757545471191,27.98723602294922,0.0,0.03300997490058397,-33.94898223876953,3
2DD8,6,12.937442779541016,11.730977058410645,24.990135192871094,0.0,0.039927185343153156,-31.599390029907227,2
2DD8,7,12.159967422485352,12.176888465881348,22.899133682250977,0.0,0.04534877140502363,-29.02142333984375,3
2DD8,8,12.843188285827637,9.979913711547852,27.90771484375,0.133333,0.08010522750739502,-31.78157615661621,0
2DD8,9,11.333264350891113,13.300332069396973,21.883440017700195,0.0,0.04788417003618223,-37.07603454589844,0
2DD8,10,11.324217796325684,12.54336929321289,22.216814041137695,0.0,0.047261986353002494,-28.941333770751953,3
2DD8,11,17.905244827270508,16.231409072875977,34.632102966308594,0.0,0.02176154967346638,-29.53951644897461,4
2DD8,12,13.023846626281738,9.809447288513184,26.347793579101562,0.133333,0.0834821280796456,-29.080839157104492,6
2DD8,13,12.67833137512207,13.484825134277344,24.55727767944336,0.0,0.03973672284752391,-36.53141403198242,0
2DD8,14,20.541109085083008,12.133618354797363,41.11819076538086,0.0,0.01867834297212077,-22.845510482788086,69
3AAA,0,27.82697296142578,23.439224243164062,74.1589584350586,0.0,0.005681925058996465,-34.486961364746094,1
3AAA,1,10.544903755187988,10.243165016174316,33.69544982910156,0.0,0.02694065580259775,-34.127479553222656,0
3AAA,2,19.714319229125977,17.36015510559082,58.66167068481445,0.0,0.009324779908927864,-33.50468444824219,9
3AAA,3,17.460979461669922,15.746442794799805,50.6467399597168,0.0,0.012129264146729364,-37.86530685424805,0
3AAA,4,20.14728546142578,14.490069389343262,55.153316497802734,0.0,0.011267746243407652,-34.78578186035156,4
3AAA,5,19.18422508239746,16.04155921936035,57.23957824707031,0.0,0.010081283504738088,-34.84900665283203,17
3AAA,6,4.091785907745361,4.502899169921875,11.319740295410156,0.0,0.15347910817209717,-29.3720645904541,0
3AAA,7,20.534650802612305,20.129837036132812,60.6331901550293,0.0,0.008265232852514159,-49.26529312133789,0
3AAA,8,27.47748565673828,21.187667846679688,70.16659545898438,0.0,0.006483262621518576,-34.10329818725586,9
3AAA,9,10.559552192687988,13.689236640930176,25.188989639282227,0.0,0.038031637316982884,-39.95400619506836,0
3AAA,10,17.618114471435547,18.1660213470459,53.63058090209961,0.0,0.010425331836680407,-37.340763092041016,2
3AAA,11,14.651192665100098,11.80265998840332,45.210418701171875,0.0,0.0166786669061013,-33.82561111450195,1
3AAA,12,6.656676292419434,5.576688289642334,19.06199073791504,0.0,0.07777564612446038,-31.422592163085938,1
3AAA,13,18.086017608642578,14.912515640258789,53.89728927612305,0.0,0.011428121067710994,-36.19951629638672,1
3AAA,14,16.25946617126465,16.889028549194336,48.02995300292969,0.0,0.012731556208179387,-33.065345764160156,10
1QA9,0,13.196873664855957,9.774805068969727,39.26314926147461,0.0,0.022591915647237337,-52.94652557373047,0
1QA9,1,10.375554084777832,10.834840774536133,35.46543502807617,0.0,0.024375737081233934,-38.16324234008789,4
1QA9,2,10.395069122314453,10.24126148223877,38.35104751586914,0.0,0.02260820368684321,-44.5222053527832,1
1QA9,3,6.134698390960693,6.816283702850342,12.682528495788574,0.0,0.11871584602103613,-46.87225341796875,0
1QA9,4,11.046561241149902,11.44543743133545,35.11880111694336,0.0,0.02407506111935428,-41.59926986694336,1
1QA9,5,5.6371636390686035,6.596377372741699,10.138734817504883,0.0,0.1539735734017416,-48.979736328125,0
1QA9,6,12.78640365600586,10.774094581604004,21.33555793762207,0.0,0.05199756099628725,-52.38359832763672,0
1QA9,7,7.444690704345703,8.257478713989258,11.702025413513184,0.0,0.1257760019648855,-48.720760345458984,0
1QA9,8,8.205695152282715,8.940378189086914,14.546527862548828,0.0,0.09397110977024585,-48.71852493286133,0
1QA9,9,9.247111320495605,9.68665885925293,19.6087703704834,0.0,0.060533041595823074,-41.30724334716797,1
1QA9,10,13.226834297180176,11.602874755859375,47.150814056396484,0.0,0.01597115720101035,-45.62981414794922,0
1QA9,11,10.807877540588379,10.920876502990723,33.2833137512207,0.0,0.026581153296091998,-39.81727600097656,3
1QA9,12,14.191611289978027,13.028696060180664,49.05942153930664,0.0,0.014075180868323274,-39.729007720947266,3
1QA9,13,5.60173225402832,6.156694412231445,9.471199989318848,0.0,0.16738279387720165,-47.21042251586914,0
1QA9,14,16.899700164794922,17.257417678833008,57.57118606567383,0.0,0.009610597991008846,-40.54533767700195,0
1M27,0,11.342302322387695,10.670858383178711,30.230422973632812,0.0,0.030881095617573944,-45.94690704345703,0
1M27,1,17.904144287109375,12.349711418151855,39.81266784667969,0.0,0.01937772621504646,-36.970680236816406,26
1M27,2,10.10973072052002,10.292823791503906,28.169973373413086,0.0,0.03474846782918476,-46.44252014160156,0
1M27,3,9.2265043258667,9.903365135192871,25.436019897460938,0.0,0.04095994882985517,-47.825836181640625,0
1M27,4,10.13204288482666,6.843916893005371,28.95570182800293,0.0,0.04172367272616901,-50.36660385131836,0
1M27,5,11.636072158813477,9.49793815612793,30.26980209350586,0.0,0.032474787716032655,-44.54529571533203,0
1M27,6,13.8124418258667,11.33809757232666,43.49327850341797,0.0,0.017996755957868617,-40.310569763183594,1
1M27,7,13.784114837646484,11.302092552185059,39.885520935058594,0.0,0.02025074230317239,-44.470890045166016,0
1M27,8,14.170395851135254,12.28840160369873,43.150291442871094,0.0,0.017345140429336107,-43.774227142333984,0
1M27,9,11.515876770019531,10.125082969665527,28.283939361572266,0.0,0.03476990183293996,-42.370853424072266,0
1M27,10,11.24943733215332,10.569771766662598,30.885595321655273,0.0,0.030049820609314114,-46.68085479736328,0
1M27,11,15.914658546447754,11.700523376464844,44.480079650878906,0.0,0.01713357994909193,-46.693119049072266,0
1M27,12,13.005741119384766,11.908584594726562,42.846248626708984,0.0,0.017827960142834193,-46.17479705810547,0
1M27,13,13.60848617553711,11.693046569824219,44.1114616394043,0.0,0.017330401469449527,-39.1281852722168,0
1M27,14,11.036209106445312,7.723394870758057,30.480777740478516,0.0,0.0361675521115671,-42.34907150268555,0
1KKL,0,17.85190773010254,24.17037582397461,54.59219741821289,0.0,0.009168423925763622,-28.904586791992188,6
1KKL,1,9.469672203063965,10.495991706848145,31.80320167541504,0.0,0.028895035552145926,-43.75470733642578,0
1KKL,2,16.701053619384766,20.452909469604492,52.882022857666016,0.0,0.01017832503412267,-43.733558654785156,0
1KKL,3,12.11429500579834,15.567302703857422,38.12570571899414,0.0,0.01885021298527147,-25.767711639404297,1
1KKL,4,20.901229858398438,21.309322357177734,62.53226852416992,0.0,0.007690759110942181,-25.887773513793945,2
1KKL,5,7.863193035125732,12.533126831054688,21.59064292907715,0.0,0.049438048665894956,-37.59210205078125,1
1KKL,6,16.763687133789062,20.754812240600586,53.524810791015625,0.0,0.009931596227681855,-30.65971565246582,1
1KKL,7,16.450511932373047,22.829912185668945,51.20641326904297,0.0,0.01037125660442413,-35.4937744140625,1
1KKL,8,23.723031997680664,24.45777130126953,69.22994995117188,0.0,0.006199388300210824,-24.096511840820312,0
1KKL,9,24.36581039428711,29.520601272583008,72.68292236328125,0.0,0.005355709056398423,-24.74972915649414,3
1KKL,10,16.450746536254883,20.798765182495117,51.889827728271484,0.0,0.01043546082455861,-44.75049591064453,0
1KKL,11,10.249600410461426,12.265087127685547,33.23222732543945,0.0,0.025380202419958475,-43.64175796508789,0
1KKL,12,11.573308944702148,12.3411865234375,37.18864822387695,0.111111,0.05843897121225896,-23.085506439208984,5
1KKL,13,21.388681411743164,24.408100128173828,64.29025268554688,0.0,0.006980815466261156,-39.80186462402344,0
1KKL,14,16.933887481689453,21.659719467163086,53.59770202636719,0.0,0.009768830855091773,-49.70414733886719,0
1XD3,0,24.597230911254883,27.739511489868164,82.4124984741211,0.0,0.004480450258090436,0.0,0
1XD3,1,4.713249683380127,5.407137393951416,10.18746566772461,0.0,0.16062958895904073,-48.13877487182617,0
1XD3,2,19.500537872314453,16.972902297973633,53.32946014404297,0.0,0.010841506472330382,-44.22810363769531,1
1XD3,3,8.203030586242676,8.828753471374512,17.284364700317383,0.045455,0.08941842455741618,-42.827125549316406,2
1XD3,4,6.6740827560424805,7.172743797302246,14.327338218688965,0.0,0.10074664760832835,-44.30647659301758,1
1XD3,5,7.189459800720215,7.7484259605407715,15.070435523986816,0.0,0.09248806836714628,-47.664634704589844,1
1XD3,6,9.134421348571777,9.77466106414795,20.142322540283203,0.0,0.05805660848025249,-47.186222076416016,0
1XD3,7,18.774892807006836,16.109272003173828,55.84364700317383,0.0,0.010413064044660768,-44.01373291015625,5
1XD3,8,19.076536178588867,16.750106811523438,57.575382232666016,0.0,0.009762054156239297,-44.11245346069336,2
1XD3,9,4.565410137176514,5.134454727172852,10.742180824279785,0.0,0.1545577727584154,-50.939029693603516,0
1XD3,10,7.9631829261779785,8.681336402893066,16.453426361083984,0.0,0.07988392194571463,-41.96286392211914,1
1XD3,11,5.082380771636963,5.717141151428223,10.86380386352539,0.090909,0.17834403995997525,-53.8935661315918,0
1XD3,12,3.479356050491333,3.718961238861084,8.27197551727295,0.0,0.21783752404228182,-55.69297409057617,0
1XD3,13,22.302261352539062,19.872583389282227,62.143524169921875,0.0,0.00801010075787164,-44.814334869384766,0
1XD3,14,4.855898380279541,4.777076721191406,12.509210586547852,0.0,0.13520705968938398,-47.398719787597656,0
1CLV,0,6.654214382171631,12.710104942321777,28.33902359008789,0.0,0.032091641227315545,-39.47341537475586,5
1CLV,1,4.266238212585449,9.451117515563965,17.87041473388672,0.0,0.06968969061105254,-43.45621109008789,2
1CLV,2,5.056993007659912,9.999395370483398,21.931550979614258,0.0,0.05086703949211845,-44.380027770996094,1
1CLV,3,8.31796646118164,16.36700439453125,35.13706588745117,0.0,0.02120480083500914,-36.962276458740234,10
1CLV,4,8.684160232543945,17.068758010864258,36.85438537597656,0.0,0.01939021678956351,-32.927650451660156,3
1CLV,5,6.748073101043701,13.727693557739258,28.94682502746582,0.0,0.03039318446576786,-40.46123123168945,0
1CLV,6,7.547036647796631,14.64222240447998,31.493879318237305,0.0,0.026094167462407513,-34.26008605957031,17
1CLV,7,6.017594814300537,11.476280212402344,26.104732513427734,0.0,0.03755206951792561,-40.69099807739258,4
1CLV,8,4.157235622406006,8.6170072555542,17.837543487548828,0.0,0.07148800966485189,-46.54574966430664,2
1CLV,9,3.5391459465026855,7.246250152587891,15.316884994506836,0.0,0.09218049967309895,-39.1300163269043,7
1CLV,10,4.027988433837891,9.094482421875,16.636383056640625,0.0,0.07783060555881151,-50.34600067138672,0
1CLV,11,5.246609210968018,10.100589752197266,22.93825912475586,0.0,0.04743802129226333,-44.6353874206543,3
1CLV,12,8.84002685546875,16.501943588256836,37.473548889160156,0.0,0.01904251188371533,-32.518638610839844,5
1CLV,13,8.818986892700195,16.376129150390625,36.4906005859375,0.0,0.01992903041381574,-35.92892074584961,16
1CLV,14,2.4116451740264893,4.847846031188965,10.06706428527832,0.0,0.16785663971935452,-57.685302734375,0
1PXV,0,13.824427604675293,11.77624797821045,35.933616638183594,0.0,0.022984994125699473,-43.13426971435547,0
1PXV,1,15.252791404724121,12.68671989440918,29.49626350402832,0.0,0.03015409380804711,-51.93000030517578,0
1PXV,2,15.02398681640625,13.809130668640137,36.143531799316406,0.0,0.021356528158354936,-45.16759490966797,0
1PXV,3,10.76015567779541,9.498414993286133,30.857900619506836,0.0,0.03161906762277935,-47.0482177734375,0
1PXV,4,14.288806915283203,14.36375617980957,32.627708435058594,0.0,0.02478083303477568,-39.23823165893555,0
1PXV,5,15.230351448059082,15.892916679382324,39.53605270385742,0.0,0.017669802926682045,-42.364742279052734,0
1PXV,6,12.663219451904297,11.312302589416504,38.019256591796875,0.0,0.021627728479398783,-51.90690231323242,0
1PXV,7,16.858116149902344,17.648418426513672,54.72414016723633,0.0,0.010243146859310348,-43.242122650146484,0
1PXV,8,15.89759635925293,13.56984806060791,34.58061981201172,0.0,0.023015931872917696,-38.09281539916992,0
1PXV,9,15.117735862731934,14.063567161560059,36.084930419921875,0.0,0.021272516307725354,-47.6817626953125,0
1PXV,10,9.97929573059082,8.979379653930664,24.79654884338379,0.0,0.044099044100810086,-51.838382720947266,0
1PXV,11,14.773136138916016,14.003183364868164,35.2360954284668,0.0,0.022111999343823508,-39.53384017944336,0
1PXV,12,15.054863929748535,13.382956504821777,35.00529861450195,0.027027,0.03170417500451751,-54.241024017333984,0
1PXV,13,15.753134727478027,14.312628746032715,39.07314682006836,0.0,0.018683281450868356,-50.25882339477539,0
1PXV,14,20.391576766967773,20.057493209838867,60.225990295410156,0.0,0.0083639275144339,-53.32225036621094,0
6OC3,0,12.77373218536377,12.991447448730469,28.841325759887695,0.0,0.031023986056445334,-24.22274398803711,3
6OC3,1,11.33646011352539,11.302757263183594,21.979833602905273,0.0,0.049134151400660776,-27.205982208251953,0
6OC3,2,13.744064331054688,8.385958671569824,33.407588958740234,0.0,0.03060099459480374,-30.85626983642578,2
6OC3,3,22.207386016845703,14.472555160522461,57.94230270385742,0.0,0.01056494785513816,-24.996440887451172,7
6OC3,4,11.279611587524414,7.974885940551758,28.51516342163086,0.0,0.038591329473691156,-23.279823303222656,5
6OC3,5,18.359127044677734,9.489814758300781,47.002037048339844,0.0,0.01868128908788712,-30.069847106933594,3
6OC3,6,18.858835220336914,13.592144966125488,54.0872802734375,0.0,0.012044752609550909,-32.140419006347656,6
6OC3,7,11.880975723266602,8.921198844909668,26.620784759521484,0.0,0.040004314644876415,-24.30783462524414,3
6OC3,8,14.190458297729492,10.050179481506348,31.53832244873047,0.0,0.029836346046586953,-22.606201171875,22
6OC3,9,8.87063217163086,7.544413089752197,21.688152313232422,0.0,0.05705867141026109,-21.433147430419922,15
6OC3,10,9.484954833984375,6.625955581665039,22.97661781311035,0.0,0.05637738413188831,-23.53171730041504,4
6OC3,11,18.468032836914062,10.357394218444824,46.94611358642578,0.0,0.01742827059568,-37.230743408203125,1
6OC3,12,11.95984172821045,8.509806632995605,32.56884765625,0.0,0.03130125383079866,-25.15018653869629,9
6OC3,13,14.574050903320312,9.680103302001953,34.357872009277344,0.0,0.027041147898164378,-31.690786361694336,0
6OC3,14,7.630270481109619,6.702540397644043,16.857593536376953,0.0,0.08346706353013565,-22.298067092895508,5
3WD5,0,12.719053268432617,10.839839935302734,23.28137969970703,0.0,0.045469197392378015,-26.862991333007812,17
3WD5,1,27.231945037841797,21.397724151611328,63.00843048095703,0.0,0.007587846925048621,-31.380390167236328,10
3WD5,2,29.523021697998047,18.5677547454834,67.55982208251953,0.0,0.007355514096833792,-31.153858184814453,22
3WD5,3,25.662220001220703,18.005094528198242,67.12944793701172,0.0,0.007557521702754966,-34.31076431274414,9
3WD5,4,27.8825740814209,20.03093910217285,63.80556869506836,0.0,0.007671244859679473,-34.27394485473633,6
3WD5,5,28.03899383544922,19.890853881835938,64.4528579711914,0.0,0.007583195190320163,-34.522335052490234,12
3WD5,6,27.635663986206055,20.021427154541016,69.01443481445312,0.0,0.006841337179109219,-34.04692077636719,10
3WD5,7,18.39421272277832,20.690052032470703,71.27918243408203,0.0,0.006416534007820193,-19.26142692565918,0
3WD5,8,30.57967758178711,17.15619659423828,65.39803314208984,0.0,0.008066262335203947,-33.283203125,16
3WD5,9,30.904865264892578,25.878740310668945,75.68280792236328,0.0,0.005268339669683244,-37.0599479675293,24
3WD5,10,28.22623634338379,18.0858211517334,74.41221618652344,0.0,0.006570601052168309,-35.9493522644043,11
3WD5,11,27.948448181152344,18.308748245239258,64.7784194946289,0.0,0.007864599224525296,-30.950483322143555,8
3WD5,12,27.702281951904297,19.73922348022461,61.44550323486328,0.0,0.008172805303532685,-30.62151336669922,15
3WD5,13,26.418195724487305,19.113428115844727,67.3959732055664,0.0,0.007259503241842854,-37.0175895690918,9
3WD5,14,23.025516510009766,17.687488555908203,40.12841033935547,0.0,0.016693899885734217,-35.29862976074219,1
4M5Z,0,4.9513750076293945,3.9142794609069824,13.145214080810547,0.181818,0.20156915501552444,-19.38490104675293,5
4M5Z,1,13.073172569274902,12.679070472717285,24.870460510253906,0.0,0.039464453097928696,-18.53046226501465,5
4M5Z,2,4.731828689575195,3.742771863937378,11.258207321166992,0.181818,0.22775962612718645,-19.064231872558594,3
4M5Z,3,20.373821258544922,16.12322425842285,61.612892150878906,0.0,0.009085980606787156,-28.761110305786133,2
4M5Z,4,13.502628326416016,11.163579940795898,29.053638458251953,0.0,0.0321927135200382,-22.215085983276367,3
4M5Z,5,10.502169609069824,8.209136962890625,26.288461685180664,0.090909,0.07262290659445529,-16.762344360351562,9
4M5Z,6,7.12792444229126,5.544596195220947,17.85333824157715,0.181818,0.14493391940116016,-17.252649307250977,8
4M5Z,7,13.672107696533203,11.65839958190918,29.68429183959961,0.090909,0.06099144437275882,-17.920040130615234,5
4M5Z,8,13.769615173339844,11.490632057189941,31.133214950561523,0.0,0.02870825040610475,-13.367727279663086,52
4M5Z,9,25.786497116088867,18.66482162475586,72.11445617675781,0.0,0.006706547540001163,-27.412063598632812,9
4M5Z,10,8.040127754211426,8.36633014678955,22.50909423828125,0.0,0.0519824909118006,-20.521121978759766,12
4M5Z,11,17.64267921447754,12.959991455078125,53.36630630493164,0.0,0.012653402216379702,-20.547855377197266,3
4M5Z,12,11.897322654724121,10.472311019897461,25.356868743896484,0.090909,0.0706768427456315,-19.256107330322266,12
4M5Z,13,21.790803909301758,14.45055866241455,61.4106330871582,0.0,0.00981931069221075,-29.280054092407227,3
4M5Z,14,22.91141128540039,21.276945114135742,67.00341033935547,0.0,0.006927958821575743,-29.95423698425293,4
1HE1,0,11.023907661437988,10.216282844543457,23.294336318969727,0.0,0.04620194904546538,-39.87620162963867,2
1HE1,1,14.939069747924805,14.197006225585938,44.26069259643555,0.0,0.015536346735102414,-35.192832946777344,4
1HE1,2,13.332497596740723,10.26733684539795,33.12370681762695,0.0,0.02755992410534147,-39.838985443115234,2
1HE1,3,14.566651344299316,13.57445240020752,35.773590087890625,0.0,0.02183422765920276,-39.11432647705078,1
1HE1,4,9.179824829101562,8.973577499389648,21.778533935546875,0.0,0.05312461249718862,-36.569488525390625,2
1HE1,5,9.494246482849121,8.439236640930176,20.021385192871094,0.0,0.06111289373013029,-40.44035339355469,0
1HE1,6,12.442399978637695,11.40247631072998,32.1100959777832,0.0,0.02749866204347394,-35.50632095336914,2
1HE1,7,16.14271354675293,13.132406234741211,46.084083557128906,0.0,0.015259771520335313,-37.071014404296875,2
1HE1,8,7.786754131317139,6.066714763641357,19.033981323242188,0.222222,0.14869995395892843,-32.5943489074707,4
1HE1,9,12.472383499145508,10.209643363952637,32.089290618896484,0.0,0.02889787372419096,-39.235843658447266,4
1HE1,10,9.177431106567383,7.070712089538574,17.68974494934082,0.0,0.07688080383353113,-38.072845458984375,7
1HE1,11,8.753498077392578,8.336543083190918,17.139339447021484,0.0,0.07625346676197814,-37.22331619262695,3
1HE1,12,9.287578582763672,7.290384769439697,20.771194458007812,0.0,0.061351538659180006,-38.161865234375,4
1HE1,13,9.357527732849121,8.915030479431152,15.956467628479004,0.0,0.08285794742686556,-40.956539154052734,0
1HE1,14,13.949850082397461,12.038609504699707,26.949535369873047,0.0,0.03525554715680345,-36.693199157714844,4
1EAW,0,5.6139044761657715,5.112203598022461,17.986116409301758,0.0,0.08727761254772064,-57.80186462402344,0
1EAW,1,5.974110126495361,7.193995475769043,15.066620826721191,0.0,0.09436612194478868,-43.667320251464844,8
1EAW,2,7.698968410491943,8.978590965270996,21.210575103759766,0.0,0.055175271647590535,-49.79926300048828,2
1EAW,3,6.6427717208862305,8.810342788696289,17.03247833251953,0.0,0.07585331617440894,-61.858638763427734,0
1EAW,4,7.104077339172363,6.9998016357421875,22.08502960205078,0.0,0.05764100443629517,-51.65679168701172,1
1EAW,5,7.030464172363281,8.074951171875,18.713239669799805,0.0,0.06812924794930847,-47.7862663269043,3
1EAW,6,6.251037120819092,7.354058265686035,15.522416114807129,0.0,0.09020943573820071,-48.17481231689453,1
1EAW,7,6.663177967071533,8.49555778503418,17.831981658935547,0.0,0.07179313471898473,-60.863887786865234,0
1EAW,8,3.326749086380005,4.28523063659668,9.22964096069336,0.090909,0.21965939834511486,-42.4276237487793,16
1EAW,9,3.126286745071411,3.764305830001831,7.3331451416015625,0.090909,0.267078632123191,-52.77211380004883,1
1EAW,10,4.825547218322754,4.131354808807373,14.590353012084961,0.136364,0.16874324549635208,-47.97126770019531,4
1EAW,11,3.3299906253814697,3.8871970176696777,7.829577922821045,0.0,0.22353088460383397,-59.61442184448242,0
1EAW,12,4.395253658294678,4.616463661193848,11.76547908782959,0.0,0.14614555521938605,-58.37579345703125,0
1EAW,13,11.494468688964844,11.604576110839844,36.86636734008789,0.0,0.022303069899223052,-47.22004318237305,6
1EAW,14,9.882613182067871,10.72281551361084,29.870431900024414,0.0,0.03136769550983814,-48.9267692565918,3
1AKJ,0,13.814188957214355,16.230907440185547,31.00263023376465,0.0,0.026127466675044744,-36.00543975830078,5
1AKJ,1,28.21220588684082,29.822423934936523,64.36506652832031,0.0,0.006554728248410981,-42.33021926879883,1
1AKJ,2,24.852754592895508,30.631715774536133,61.72075653076172,0.0,0.0070017274953668475,-48.779483795166016,0
1AKJ,3,19.199525833129883,21.55985450744629,36.989837646484375,0.0,0.0183244839387528,-37.13599395751953,3
1AKJ,4,28.17842674255371,30.79952049255371,64.48892211914062,0.0,0.0064807774093719,-44.6466178894043,3
1AKJ,5,28.533571243286133,30.551382064819336,64.5418701171875,0.0,0.0064844350148701895,-40.660064697265625,3
1AKJ,6,16.72157859802246,18.738393783569336,32.71455764770508,0.0,0.02320202321419086,-40.24449920654297,2
1AKJ,7,19.047731399536133,17.469318389892578,35.14826965332031,0.0,0.020856853285730167,-44.82878494262695,1
1AKJ,8,25.755762100219727,32.360084533691406,62.51701354980469,0.0,0.0067648127150880385,-43.01832580566406,2
1AKJ,9,18.205781936645508,21.566070556640625,37.72429656982422,0.0,0.0177100484449233,-41.88029098510742,2
1AKJ,10,16.842500686645508,17.006189346313477,37.68148422241211,0.0,0.0187133315310723,-37.194580078125,8
1AKJ,11,25.35133171081543,32.059303283691406,61.70576477050781,0.0,0.00693540314922696,-43.86949920654297,3
1AKJ,12,13.56069564819336,15.532880783081055,28.771015167236328,0.0,0.02983844986055074,-39.59466552734375,5
1AKJ,13,28.541980743408203,31.214754104614258,64.32823181152344,0.0,0.006487964068151195,-49.682037353515625,4
1AKJ,14,28.777996063232422,31.507341384887695,65.15879821777344,0.0,0.006331329675173569,-44.459877014160156,3
3L5W,0,9.347900390625,12.752642631530762,21.677818298339844,0.0,0.04896838789127444,-25.36229705810547,2
3L5W,1,13.246657371520996,7.8793439865112305,32.542633056640625,0.0,0.03294660134997287,-21.305253982543945,56
3L5W,2,10.98256778717041,7.510804653167725,26.7904109954834,0.0,0.04327122079924248,-25.032047271728516,26
3L5W,3,9.166550636291504,10.204562187194824,23.04277992248535,0.0,0.04697463881063257,-27.8486270904541,5
3L5W,4,23.429325103759766,13.100669860839844,61.21706008911133,0.0,0.010618283483463947,-27.006439208984375,36
3L5W,5,9.428792953491211,12.316115379333496,21.958297729492188,0.0,0.04831116910480987,-28.299827575683594,1
3L5W,6,9.33863639831543,12.26535415649414,21.676288604736328,0.0,0.049337004257118115,-26.95196533203125,4
3L5W,7,9.116842269897461,11.157925605773926,21.33629035949707,0.0,0.05157390088690911,-26.174299240112305,4
3L5W,8,16.389371871948242,14.302720069885254,43.80070877075195,0.0,0.015723985753769626,-23.97956657409668,19
3L5W,9,9.669008255004883,11.252976417541504,22.58909034729004,0.0,0.04716296187981775,-26.88374900817871,3
3L5W,10,9.324374198913574,12.839509010314941,21.599300384521484,0.0,0.04918802224450817,-27.525205612182617,0
3L5W,11,9.683836936950684,12.40595531463623,28.072656631469727,0.0,0.032796164299822156,-32.41147994995117,0
3L5W,12,18.810264587402344,16.908601760864258,47.52949905395508,0.0,0.012933219955950953,-22.689693450927734,49
3L5W,13,9.136039733886719,11.855374336242676,21.174448013305664,0.0,0.051512185188402754,-25.691120147705078,2
3L5W,14,9.665749549865723,11.25593376159668,22.43885040283203,0.0,0.04764573814770331,-24.500198364257812,4
2O8V,0,20.21819305419922,20.47711753845215,62.46451187133789,0.0,0.00783922159242013,-33.47413635253906,4
2O8V,1,22.25689125061035,20.564483642578125,69.39190673828125,0.0,0.006691641235257786,-40.65805435180664,0
2O8V,2,18.512231826782227,16.48868179321289,57.84967803955078,0.0,0.00978027128534936,-39.573612213134766,0
2O8V,3,20.038795471191406,19.750118255615234,63.14710998535156,0.0,0.00784385528225307,-40.31476974487305,1
2O8V,4,19.170166015625,19.350778579711914,61.60685729980469,0.0,0.008217817226124824,-40.984901428222656,1
2O8V,5,18.715343475341797,14.71237564086914,55.68997573852539,0.0,0.011017884671818577,-35.62171173095703,3
2O8V,6,19.763492584228516,19.537446975708008,61.679901123046875,0.0,0.008165711270024962,-37.270408630371094,1
2O8V,7,19.674833297729492,19.219457626342773,61.77511978149414,0.0,0.008211706514382194,-40.765140533447266,1
2O8V,8,22.565776824951172,20.685510635375977,65.51981353759766,0.0,0.0072608686815549784,-33.70328140258789,2
2O8V,9,19.9736328125,18.052122116088867,58.49217987060547,0.0,0.009179272768269396,-45.96488952636719,0
2O8V,10,14.175603866577148,11.410886764526367,39.179439544677734,0.0,0.020646078465567878,-40.506011962890625,0
2O8V,11,20.43253517150879,19.67184066772461,63.00731658935547,0.0,0.007884892800208432,-43.54176712036133,0
2O8V,12,13.28825569152832,14.474752426147461,33.369789123535156,0.0,0.023851503592801134,-47.3632926940918,0
2O8V,13,13.833050727844238,12.799456596374512,36.657588958740234,0.0,0.02152365980468257,-45.356021881103516,0
2O8V,14,14.101349830627441,10.498826026916504,41.614620208740234,0.0,0.02001789394022826,-46.68238830566406,0
3PC8,0,10.51407241821289,10.974531173706055,28.8787899017334,0.0,0.03268811796583999,-40.98466110229492,0
3PC8,1,3.808638572692871,3.001006603240967,9.096778869628906,0.2,0.2886725111325368,-54.17665100097656,0
3PC8,2,6.155459403991699,6.986203193664551,17.16380500793457,0.0,0.08033912792167423,-41.430599212646484,1
3PC8,3,17.07061004638672,15.324674606323242,54.43550109863281,0.0,0.011097242186027645,-51.86985778808594,0
3PC8,4,11.737723350524902,10.75981330871582,32.984397888183594,0.0,0.027112210673513437,-40.05345916748047,2
3PC8,5,4.983270168304443,3.768533229827881,12.306074142456055,0.0,0.1532517381072201,-46.623008728027344,0
3PC8,6,7.9231719970703125,5.877025127410889,24.97856330871582,0.0,0.05497990557467031,-51.53458023071289,0
3PC8,7,5.0287275314331055,4.0440993309021,12.861577033996582,0.2,0.20830988276755605,-50.15800857543945,0
3PC8,8,9.864076614379883,9.874687194824219,30.761642456054688,0.0,0.031163304383292914,-49.52814865112305,0
3PC8,9,15.049967765808105,13.135873794555664,54.738807678222656,0.0,0.012138934976900573,-43.67153549194336,0
3PC8,10,5.761873722076416,4.7620697021484375,13.489891052246094,0.2,0.19148570303378,-44.273887634277344,2
3PC8,11,75.43818664550781,85.79077911376953,166.12060546875,0.0,0.0009723005976608679,0.0,0
3PC8,12,4.259482383728027,3.6934726238250732,8.92718505859375,0.0,0.2056950458697242,-51.40330505371094,0
3PC8,13,6.143629550933838,4.747784614562988,18.31001091003418,0.0,0.08935161643806883,-56.97256088256836,0
3PC8,14,14.19188404083252,11.434524536132812,49.81949234008789,0.0,0.015067964661513042,-40.7802619934082,2
1JPS,0,24.599071502685547,23.007116317749023,55.34719467163086,0.0,0.009091602401127526,-37.772377014160156,1
1JPS,1,17.652385711669922,21.33908462524414,49.45330810546875,0.0,0.011203888811993065,-20.329313278198242,13
1JPS,2,19.57427406311035,19.61517906188965,38.0703010559082,0.0,0.017765618432781464,-27.728620529174805,1
1JPS,3,27.672626495361328,27.98661231994629,58.107269287109375,0.0,0.007938103399523572,-23.601417541503906,14
1JPS,4,23.73350715637207,24.930728912353516,54.9290657043457,0.0,0.008997666136949368,-34.60394287109375,0
1JPS,5,24.4472599029541,24.227270126342773,47.11787414550781,0.0,0.011778874913780138,-33.353240966796875,0
1JPS,6,17.081127166748047,16.00998878479004,33.82557678222656,0.0,0.022699111699169713,-25.833526611328125,2
1JPS,7,21.987844467163086,19.148921966552734,51.17613220214844,0.0,0.010981664581398909,-33.369293212890625,5
1JPS,8,23.332622528076172,19.956890106201172,42.38432693481445,0.0,0.014760407916843165,-27.69684410095215,3
1JPS,9,16.147912979125977,19.44110679626465,34.22938537597656,0.0,0.02133374781993971,-37.1456298828125,0
1JPS,10,20.614242553710938,19.690263748168945,39.32878875732422,0.0,0.016798695715974032,-24.793004989624023,5
1JPS,11,22.51073455810547,21.099332809448242,41.812320709228516,0.0,0.014905052831037451,-28.145156860351562,3
1JPS,12,17.671255111694336,22.46404457092285,49.980224609375,0.0,0.01084958255528136,-19.627687454223633,11
1JPS,13,21.096115112304688,18.03502655029297,47.097084045410156,0.0,0.012804961301763562,-28.28220558166504,15
1JPS,14,17.588443756103516,19.199249267578125,34.392295837402344,0.0,0.021211003748236923,-22.79315948486328,9
4M3K,0,15.17983627319336,13.538352012634277,29.563899993896484,0.0,0.029493013529408658,-40.145565032958984,2
4M3K,1,15.545021057128906,13.55825424194336,32.15275192260742,0.0,0.025804797659457757,-39.97600173950195,7
4M3K,2,13.921703338623047,14.090784072875977,33.35087585449219,0.0,0.02406659235965264,-43.841583251953125,8
4M3K,3,15.729880332946777,13.511653900146484,30.871749877929688,0.0,0.027546834591047165,-40.58343505859375,11
4M3K,4,15.317909240722656,13.57762336730957,30.90372657775879,0.0,0.027462804019111522,-44.35689163208008,4
4M3K,5,15.668266296386719,13.714742660522461,31.06500816345215,0.0,0.027157899852410395,-41.65228271484375,3
4M3K,6,13.762192726135254,12.41838550567627,30.26610565185547,0.0,0.02916212543615339,-41.06167984008789,8
4M3K,7,14.862665176391602,13.510212898254395,35.27505111694336,0.0,0.02235132590976772,-41.25662612915039,14
4M3K,8,12.539323806762695,12.956778526306152,33.70423126220703,0.0,0.024341260742837965,-46.45322799682617,0
4M3K,9,15.719621658325195,13.39492416381836,29.111469268798828,0.0,0.03031356200268127,-36.179447174072266,5
4M3K,10,12.507450103759766,11.921318054199219,29.66162872314453,0.0,0.030491029219489502,-36.621337890625,9
4M3K,11,12.495522499084473,13.356257438659668,39.1554069519043,0.0,0.019153405040574018,-42.71794509887695,1
4M3K,12,13.183745384216309,14.413204193115234,40.08835983276367,0.0,0.017912656794913225,-41.155296325683594,3
4M3K,13,10.932446479797363,11.674270629882812,28.297534942626953,0.0,0.03300050379989738,-48.617427825927734,0
4M3K,14,11.99765396118164,13.77464485168457,47.595211029052734,0.0,0.014209228147885217,-31.57362174987793,9
1HCF,0,10.96946907043457,12.30678939819336,29.95269775390625,0.0,0.029722595776459113,-25.68784523010254,3
1HCF,1,12.960824966430664,14.8706693649292,29.387372970581055,0.444444,0.17723909968243468,-24.339879989624023,10
1HCF,2,18.374568939208984,16.458961486816406,50.92234420776367,0.0,0.011781531860005018,-24.80663299560547,8
1HCF,3,10.444522857666016,10.75338363647461,29.735870361328125,0.0,0.03154145856814459,-23.043224334716797,5
1HCF,4,11.84488296508789,11.40216064453125,32.438899993896484,0.0,0.027086992295426854,-23.384267807006836,4
1HCF,5,17.423999786376953,16.1439151763916,48.49409103393555,0.0,0.012788724531023551,-23.999483108520508,20
1HCF,6,88.64266967773438,105.05133819580078,222.6332550048828,0.0,0.0005531280461539993,0.0,0
1HCF,7,11.556196212768555,13.071195602416992,29.3272705078125,0.0,0.030163698022428603,-25.179271697998047,8
1HCF,8,19.532094955444336,18.019933700561523,50.980255126953125,0.0,0.011309602408414983,-24.11809539794922,8
1HCF,9,12.307234764099121,15.647979736328125,25.497228622436523,0.777778,0.29563428303411604,-24.151939392089844,14
1HCF,10,20.69600486755371,16.78997039794922,54.7860107421875,0.0,0.010474567714300345,-29.9360294342041,3
1HCF,11,21.973203659057617,18.551803588867188,55.18533706665039,0.0,0.009889788056365314,-26.458587646484375,9
1HCF,12,22.25715446472168,19.88792610168457,56.00039291381836,0.0,0.009392051721145753,-26.59123992919922,18
1HCF,13,9.8782958984375,12.527491569519043,23.628646850585938,0.0,0.042904793664914266,-28.10245132446289,1
1HCF,14,13.366499900817871,15.21368408203125,30.141429901123047,0.333333,0.13887604962414404,-24.995603561401367,5
1A2K,0,16.38547134399414,15.846495628356934,31.44318199157715,0.0,0.025660542577125207,-34.388301849365234,3
1A2K,1,16.391263961791992,16.164743423461914,32.54997253417969,0.0,0.024125487018432853,-36.6633186340332,3
1A2K,2,16.387409210205078,16.46651840209961,31.68656349182129,0.0,0.025119555699051815,-31.86457633972168,5
1A2K,3,18.469289779663086,14.524782180786133,34.565025329589844,0.0,0.022525796390764477,-35.1443977355957,3
1A2K,4,17.212900161743164,17.009546279907227,31.811643600463867,0.0,0.024784610461727752,-32.87786102294922,7
1A2K,5,16.518957138061523,16.60173225402832,31.103605270385742,0.0,0.025863211837836686,-33.562625885009766,4
1A2K,6,18.93857192993164,15.31677532196045,35.18056106567383,0.0,0.021551833246259127,-36.583065032958984,4
1A2K,7,16.643455505371094,16.289783477783203,30.942533493041992,0.0,0.026191524588868892,-33.104347229003906,5
1A2K,8,17.287275314331055,17.7735652923584,33.605648040771484,0.0,0.02240027600702105,-37.623844146728516,2
1A2K,9,16.61602783203125,16.83595085144043,29.70818328857422,0.0,0.027847879798837082,-33.664981842041016,2
1A2K,10,18.551448822021484,15.241841316223145,34.678802490234375,0.0,0.02208825008357357,-33.81049346923828,5
1A2K,11,16.78452491760254,16.998960494995117,32.80044174194336,0.0,0.0235517591870026,-31.85295867919922,8
1A2K,12,17.47021484375,14.528104782104492,33.09433364868164,0.0,0.024144302715426797,-33.24589920043945,8
1A2K,13,17.117162704467773,17.707075119018555,34.63599395751953,0.0,0.02130988803473198,-34.26707077026367,4
1A2K,14,18.23566436767578,17.28548240661621,34.74250030517578,0.0,0.02131690756426756,-35.50292205810547,3
6BPC,0,21.416851043701172,15.784515380859375,44.1384391784668,0.0,0.014903058719411708,-22.62662124633789,2
6BPC,1,24.277217864990234,15.452567100524902,49.11066818237305,0.0,0.012806585554431793,-19.669002532958984,2
6BPC,2,23.133432388305664,16.761011123657227,44.16859436035156,0.0,0.01455256495713353,-23.06110191345215,1
6BPC,3,22.9838924407959,14.786476135253906,46.61635208129883,0.0,0.014121302642533548,-29.112642288208008,1
6BPC,4,22.37584686279297,17.96198272705078,38.242488861083984,0.0,0.01800067146624839,-16.89129066467285,14
6BPC,5,20.776063919067383,16.818056106567383,41.801551818847656,0.0,0.015866049580233157,-22.313215255737305,6
6BPC,6,24.8411922454834,15.633528709411621,49.22166061401367,0.0,0.012693210977480085,-25.426746368408203,1
6BPC,7,24.33212661743164,16.517589569091797,47.72105026245117,0.0,0.012976667679398516,-21.7154483795166,1
6BPC,8,20.63804817199707,12.38429069519043,39.98488998413086,0.0,0.019231581758696693,-11.982492446899414,47
6BPC,9,18.492353439331055,15.924294471740723,34.501773834228516,0.0,0.022005656527324807,-37.54250717163086,0
6BPC,10,21.75752830505371,11.733673095703125,47.113525390625,0.0,0.01586772170200775,-22.112720489501953,4
6BPC,11,22.098840713500977,13.864217758178711,43.82032012939453,0.0,0.015943876833675263,-18.730958938598633,8
6BPC,12,23.08312225341797,20.001758575439453,38.48586654663086,0.0,0.01736769355695109,-16.53336524963379,21
6BPC,13,22.582042694091797,17.485092163085938,44.912353515625,0.0,0.013961838628696682,-28.894046783447266,1
6BPC,14,25.885419845581055,16.242511749267578,50.07988357543945,0.0,0.012152555608138374,-28.059879302978516,1
1FFW,0,14.866717338562012,16.460432052612305,42.79106521606445,0.0,0.015398577136475486,-42.731971740722656,0
1FFW,1,15.212296485900879,16.769084930419922,44.72719192504883,0.0,0.014264851701201323,-37.59062576293945,0
1FFW,2,14.360848426818848,12.01327896118164,44.99026870727539,0.0,0.016605136884468314,-42.4518928527832,0
1FFW,3,9.13798713684082,8.279461860656738,16.581134796142578,0.0,0.07996092661083117,-51.594482421875,0
1FFW,4,8.36037826538086,7.561446666717529,16.12679672241211,0.0,0.08509038042454065,-46.67094421386719,0
1FFW,5,14.9221830368042,13.427858352661133,51.504173278808594,0.0,0.01294644531046746,-54.02664566040039,0
1FFW,6,14.508119583129883,11.516758918762207,43.72154998779297,0.0,0.017700115973589333,-41.87873458862305,0
1FFW,7,9.482274055480957,8.18913459777832,19.582643508911133,0.0,0.06366627489805289,-47.79984664916992,0
1FFW,8,9.593449592590332,8.740721702575684,17.270343780517578,0.0,0.07453554969677068,-51.791141510009766,0
1FFW,9,14.207812309265137,11.16061782836914,38.68445587158203,0.0,0.021266440119151186,-39.75233840942383,0
1FFW,10,8.684158325195312,8.060318946838379,16.508886337280273,0.0,0.08100620854471992,-52.69111251831055,0
1FFW,11,12.204062461853027,11.885811805725098,41.04764938354492,0.0,0.018931492759278024,-43.04457473754883,0
1FFW,12,13.277995109558105,13.28557300567627,40.5982666015625,0.0,0.01819377181049268,-39.62665557861328,0
1FFW,13,13.286489486694336,10.703124046325684,43.792354583740234,0.0,0.01852290950197625,-45.31801223754883,0
1FFW,14,9.948463439941406,8.270597457885742,29.473722457885742,0.0,0.03620998501426794,-42.16236114501953,0
1SYX,0,18.685028076171875,15.580362319946289,56.548980712890625,0.0,0.010426103265954058,-57.47181701660156,0
1SYX,1,10.303491592407227,7.987127780914307,32.8010368347168,0.0,0.032331655660746854,-61.93314743041992,0
1SYX,2,11.94637680053711,9.352127075195312,37.27367401123047,0.0,0.02483769766807245,-54.60096740722656,0
1SYX,3,16.809478759765625,13.456212997436523,52.550758361816406,0.0,0.012589717687638604,-62.20132827758789,0
1SYX,4,12.057960510253906,10.569341659545898,35.48699188232422,0.0,0.024667529546865102,-43.32020568847656,1
1SYX,5,11.383727073669434,8.483564376831055,35.056331634521484,0.0,0.0286135828484646,-55.64115905761719,0
1SYX,6,17.953889846801758,15.11574935913086,53.768497467041016,0.0,0.011377666687431558,-55.50210189819336,0
1SYX,7,18.53369140625,15.567934036254883,55.181007385253906,0.0,0.010792064643208052,-66.52030181884766,0
1SYX,8,7.779565334320068,6.620573997497559,25.898983001708984,0.0,0.04868865429762295,-49.09623718261719,0
1SYX,9,4.8452606201171875,5.139282703399658,15.694148063659668,0.0,0.10176834495743452,-46.40483856201172,1
1SYX,10,10.275059700012207,9.082255363464355,31.571670532226562,0.0,0.031379290979919164,-45.890045166015625,0
1SYX,11,6.405153751373291,5.914628028869629,17.908422470092773,0.0,0.08143025142730707,-59.389190673828125,0
1SYX,12,18.49628448486328,14.910085678100586,53.93064880371094,0.0,0.011419436567960933,-54.32686233520508,0
1SYX,13,16.82101821899414,13.958503723144531,52.981815338134766,0.0,0.012169606863647991,-61.90359878540039,0
1SYX,14,13.79410457611084,8.783696174621582,35.37710189819336,0.0,0.027638172501286015,-39.31474304199219,14
2A1A,0,11.307917594909668,11.16173267364502,23.656471252441406,0.0,0.044027087434178346,-40.09505844116211,1
2A1A,1,12.092991828918457,12.115650177001953,26.58899688720703,0.0,0.03593902731716899,-36.085350036621094,9
2A1A,2,12.298957824707031,10.21063232421875,30.015888214111328,0.0,0.031788240329457255,-36.91509246826172,1
2A1A,3,13.199748039245605,9.836997032165527,32.06009292602539,0.0,0.02946645235225745,-38.02851867675781,0
2A1A,4,9.930527687072754,10.508087158203125,21.870222091674805,0.0,0.05040022306834118,-44.60238265991211,0
2A1A,5,16.931936264038086,10.96260929107666,33.291866302490234,0.0,0.026525269775982473,-29.47031021118164,3
2A1A,6,15.659393310546875,12.31449031829834,36.597740173339844,0.0,0.021933879107544327,-45.549476623535156,0
2A1A,7,13.808808326721191,11.67346477508545,32.116397857666016,0.0,0.02723467498567034,-41.37477493286133,1
2A1A,8,15.401516914367676,11.516853332519531,35.79424285888672,0.0,0.023353838881034802,-48.170860290527344,0
2A1A,9,14.064251899719238,11.015220642089844,32.848167419433594,0.0,0.026987945860616532,-39.56895446777344,0
2A1A,10,12.842700958251953,10.903538703918457,29.244462966918945,0.0,0.032157505890423536,-43.22163391113281,0
2A1A,11,13.207459449768066,9.788087844848633,34.84090042114258,0.0,0.026373944246816796,-34.491886138916016,3
2A1A,12,11.753732681274414,10.66208553314209,28.69385528564453,0.0,0.03336052283071741,-34.05562210083008,6
2A1A,13,10.658929824829102,11.21978759765625,22.92665672302246,0.0,0.046134372942356415,-36.3342170715332,3
2A1A,14,13.061663627624512,11.602932929992676,30.370525360107422,0.0,0.029692961324259897,-40.055843353271484,1
3R9A,0,18.46855926513672,11.791120529174805,40.84782791137695,0.0,0.01914326215225736,-32.01321792602539,25
3R9A,1,28.701696395874023,17.159269332885742,75.21441650390625,0.0,0.006731308885399702,-28.398052215576172,14
3R9A,2,34.689449310302734,23.13107681274414,88.82840728759766,0.0,0.004420381597935271,-31.529441833496094,14
3R9A,3,15.846559524536133,12.91707992553711,35.959598541259766,0.0,0.022074259194417894,-33.799560546875,7
3R9A,4,15.956737518310547,12.71558952331543,36.308067321777344,0.0,0.02189453816633787,-35.68758010864258,4
3R9A,5,16.125633239746094,9.852354049682617,37.16917419433594,0.0,0.0241172443047495,-27.600479125976562,48
3R9A,6,22.734901428222656,19.48520278930664,68.76610565185547,0.0,0.0069800334974336594,-28.568204879760742,7
3R9A,7,35.09259033203125,26.424579620361328,90.84454345703125,0.0,0.003963550429447875,-28.66978645324707,16
3R9A,8,23.38995933532715,19.769237518310547,69.95356750488281,0.0,0.006757930563066562,-32.73976135253906,2
3R9A,9,18.28170394897461,14.602185249328613,55.265140533447266,0.0,0.011183705701128284,-28.35301971435547,8
3R9A,10,17.422470092773438,11.93203353881836,40.53641891479492,0.0,0.019224947848136328,-34.5667839050293,4
3R9A,11,34.45831298828125,24.500078201293945,88.78401947021484,0.0,0.004272307694321059,-28.77219581604004,41
3R9A,12,28.950878143310547,15.54000473022461,72.66249084472656,0.0,0.007576829065027634,-28.348751068115234,19
3R9A,13,16.784385681152344,11.974279403686523,37.588619232177734,0.0,0.021365966681464732,-30.98693084716797,8
3R9A,14,20.79766845703125,13.616246223449707,43.770660400390625,0.0,0.01611037376751017,-25.93824577331543,55
3LVK,0,21.475505828857422,26.40743064880371,77.16957092285156,0.0,0.005067684476823929,-28.847320556640625,0
3LVK,1,16.45545196533203,21.887619018554688,61.1168327331543,0.0,0.007883428452390045,-24.168140411376953,3
3LVK,2,6.466460227966309,9.768987655639648,23.442062377929688,0.0,0.046410754637012754,-32.6007194519043,0
3LVK,3,23.501678466796875,30.7458553314209,84.9794692993164,0.0,0.0040934177147029455,-29.12164306640625,0
3LVK,4,21.451053619384766,25.78006935119629,76.11949920654297,0.0,0.005229951047504737,-31.92268943786621,0
3LVK,5,5.8537445068359375,11.111581802368164,20.285125732421875,0.0,0.05575184409141604,-34.126338958740234,0
3LVK,6,19.21120834350586,22.102182388305664,67.491455078125,0.0,0.006732819568203125,-33.66462326049805,0
3LVK,7,21.781421661376953,26.821693420410156,77.783935546875,0.0,0.004972800413651449,-38.48112106323242,0
3LVK,8,12.736357688903809,19.68674659729004,47.327598571777344,0.0,0.012339958560881952,-16.152423858642578,0
3LVK,9,21.375181198120117,25.703611373901367,75.84725189208984,0.0,0.005265786960045908,-43.350521087646484,0
3LVK,10,9.318292617797852,15.991043090820312,33.2984733581543,0.0,0.02329904962383544,-30.94058609008789,0
3LVK,11,21.93592643737793,26.75773811340332,78.10100555419922,0.0,0.004946258643981014,-39.34001922607422,0
3LVK,12,4.962430953979492,9.130901336669922,17.996238708496094,0.0,0.0695581942442331,-35.40555191040039,0
3LVK,13,25.190038681030273,31.991241455078125,90.20114135742188,0.0,0.0036651674640201526,-20.232072830200195,0
3LVK,14,6.1373467445373535,8.936643600463867,23.549272537231445,0.0,0.04755524622639348,-31.508548736572266,0
2OZA,0,20.451549530029297,22.194690704345703,63.998287200927734,0.0,0.007293705977831997,-20.936283111572266,3
2OZA,1,20.395036697387695,17.093990325927734,38.1850700378418,0.0,0.018284227904561093,-30.367244720458984,11
2OZA,2,24.70111656188965,22.46893882751465,51.702911376953125,0.0,0.01025110704863407,-27.98518943786621,17
2OZA,3,22.2183780670166,20.636249542236328,63.837684631347656,0.0,0.0075586183959036905,-26.487327575683594,19
2OZA,4,18.8734073638916,19.92371940612793,63.432586669921875,0.0,0.007758537691294892,-24.26529884338379,9
2OZA,5,9.55745792388916,10.21506118774414,34.65363693237305,0.0,0.025952528153623672,-34.520790100097656,2
2OZA,6,27.456741333007812,25.040536880493164,41.543617248535156,0.0,0.014585443780398276,-31.680051803588867,3
2OZA,7,11.658493041992188,12.131758689880371,27.693557739257812,0.036364,0.045838963166486224,-30.711027145385742,12
2OZA,8,7.786631107330322,9.17959976196289,18.691736221313477,0.0,0.06578846729602654,-31.333477020263672,4
2OZA,9,22.20281219482422,17.70924186706543,40.479644775390625,0.0,0.016451225128179956,-30.3096866607666,9
2OZA,10,20.620391845703125,16.510011672973633,39.54586410522461,0.0,0.017448690812287736,-28.66263771057129,11
2OZA,11,25.2224063873291,22.95619773864746,69.01311492919922,0.0,0.006398113614970324,-23.298532485961914,19
2OZA,12,8.116490364074707,7.374919414520264,18.2342586517334,0.018182,0.07880581034249422,-28.48057746887207,11
2OZA,13,18.698692321777344,18.666847229003906,59.2543830871582,0.0,0.008859505646598036,-23.462072372436523,21
2OZA,14,7.074563026428223,6.9425787925720215,23.367069244384766,0.018182,0.059879829103726724,-30.896949768066406,4
1R0R,0,5.105080604553223,6.302678108215332,13.725815773010254,0.0,0.1102662244554989,-41.563968658447266,0
1R0R,1,5.742126941680908,7.265583515167236,16.710067749023438,0.09375,0.1133972662079219,-41.77464294433594,3
1R0R,2,1.69436514377594,2.0016281604766846,5.52901029586792,0.28125,0.44785324038335633,-55.82090377807617,0
1R0R,3,5.4914679527282715,6.389457702636719,14.45302963256836,0.03125,0.113491203099599,-46.02485656738281,0
1R0R,4,8.138151168823242,9.824788093566895,24.454025268554688,0.0,0.04352480307923271,-42.32667541503906,2
1R0R,5,7.466953754425049,8.028002738952637,21.507509231567383,0.09375,0.08752505358060052,-42.168941497802734,2
1R0R,6,1.370374083518982,1.636206865310669,3.8661348819732666,0.375,0.5534116266917053,-45.2144660949707,3
1R0R,7,6.3868207931518555,7.444770336151123,16.969392776489258,0.15625,0.13194641641217764,-41.291812896728516,1
1R0R,8,7.958195209503174,8.490151405334473,23.665546417236328,0.03125,0.0585944156513139,-40.97071838378906,1
1R0R,9,5.936493396759033,7.25575065612793,15.179300308227539,0.125,0.13490081765382375,-44.636444091796875,1
1R0R,10,8.840326309204102,9.933001518249512,28.71697998046875,0.0,0.03428333400482406,-44.84956359863281,1
1R0R,11,8.828062057495117,11.018561363220215,24.163415908813477,0.0,0.04277072753938402,-27.236370086669922,39
1R0R,12,6.3924384117126465,7.772437572479248,19.795663833618164,0.0625,0.0846930467205,-45.64279556274414,3
1R0R,13,5.5362677574157715,6.795054912567139,15.173361778259277,0.15625,0.14719126428356327,-46.846290588378906,1
1R0R,14,10.220776557922363,11.61900520324707,32.72947311401367,0.0,0.026526081488695053,-42.11205291748047,1
2ABZ,0,6.772375106811523,8.398452758789062,22.121442794799805,0.0,0.05318726105216672,-65.63520812988281,0
2ABZ,1,8.659483909606934,9.79610538482666,25.263280868530273,0.0,0.041533521687562636,-52.61138153076172,2
2ABZ,2,5.01401424407959,6.902196407318115,16.06282615661621,0.0,0.08795435376422811,-54.76853561401367,0
2ABZ,3,8.453108787536621,10.695106506347656,24.343280792236328,0.0,0.04265426469577582,-59.65807342529297,3
2ABZ,4,7.778589248657227,10.56829833984375,23.79361343383789,0.0,0.04430781818738102,-49.24644088745117,4
2ABZ,5,7.8796844482421875,9.125207901000977,23.34762191772461,0.0,0.04778004031777214,-53.64327621459961,0
2ABZ,6,6.727097034454346,6.628470420837402,18.625104904174805,0.0,0.07369677147973806,-54.23624801635742,0
2ABZ,7,7.868348121643066,9.949186325073242,23.462820053100586,0.0,0.04608072000472768,-49.54737091064453,3
2ABZ,8,8.70035171508789,10.111799240112305,24.861780166625977,0.0,0.042062413651462786,-52.06766128540039,1
2ABZ,9,7.8727288246154785,8.48427677154541,23.448955535888672,0.0,0.04881607250112194,-52.04724884033203,0
2ABZ,10,7.934275150299072,7.669522285461426,22.559675216674805,0.0,0.05371871727645774,-47.49916458129883,5
2ABZ,11,7.0250935554504395,9.186418533325195,21.701805114746094,0.0,0.05299101726608732,-48.16122055053711,4
2ABZ,12,8.461017608642578,9.32222843170166,24.43732452392578,0.0,0.0443881432689359,-52.13927459716797,1
2ABZ,13,8.154443740844727,8.962666511535645,23.109209060668945,0.0,0.04880492621497782,-48.13554763793945,3
2ABZ,14,7.54043436050415,7.999144077301025,22.16629981994629,0.0,0.05405473734808267,-48.94711685180664,7
1JK9,0,22.97810173034668,23.152145385742188,57.853485107421875,0.0,0.008436749953941685,-53.058380126953125,0
1JK9,1,67.49193572998047,74.9866714477539,171.26406860351562,0.0,0.0009523872220968513,0.0,0
1JK9,2,17.757890701293945,17.643096923828125,49.858646392822266,0.0,0.011806536242263172,-39.33791732788086,4
1JK9,3,15.104019165039062,14.570291519165039,24.759273529052734,0.029412,0.04844401125153672,-41.64347457885742,9
1JK9,4,14.792438507080078,13.524642944335938,36.99075698852539,0.0,0.020768385107465787,-44.108924865722656,10
1JK9,5,18.551294326782227,19.330585479736328,44.74284362792969,0.0,0.01360615581701115,-41.32586669921875,8
1JK9,6,14.257379531860352,13.183672904968262,24.094825744628906,0.147059,0.09017135716946663,-41.29996109008789,5
1JK9,7,15.299253463745117,14.64181137084961,25.433181762695312,0.058824,0.05656117199367,-41.157615661621094,4
1JK9,8,18.961809158325195,19.366788864135742,50.02316665649414,0.0,0.011342012571802092,-42.286285400390625,6
1JK9,9,14.245112419128418,13.076424598693848,24.09486198425293,0.117647,0.0804365107210065,-41.80257034301758,3
1JK9,10,14.22636890411377,13.29329776763916,23.499759674072266,0.147059,0.09177538816518394,-42.17280197143555,7
1JK9,11,20.37883949279785,20.40165138244629,53.19941329956055,0.0,0.01008986334698898,-51.7454719543457,1
1JK9,12,12.279471397399902,11.973119735717773,23.394155502319336,0.0,0.04402404702541296,-49.40756607055664,0
1JK9,13,17.785051345825195,18.902803421020508,42.90573501586914,0.0,0.014674148482941985,-42.58083724975586,7
1JK9,14,12.594295501708984,11.3336181640625,22.545000076293945,0.058824,0.06683158459086828,-40.60702896118164,4
1EWY,0,16.667015075683594,13.67759895324707,47.810787200927734,0.0,0.014174338164425674,-30.9300594329834,5
1EWY,1,20.433717727661133,16.208160400390625,53.8816032409668,0.0,0.01092461497764314,-27.5822696685791,10
1EWY,2,9.94687557220459,8.175958633422852,24.43918800354004,0.0,0.04682525014197664,-35.798309326171875,0
1EWY,3,14.706144332885742,11.119857788085938,42.944339752197266,0.0,0.018523581251902038,-32.936607360839844,9
1EWY,4,19.565372467041016,16.612730026245117,54.05805206298828,0.0,0.010738045076778925,-28.193647384643555,8
1EWY,5,9.252559661865234,7.512963771820068,23.60043716430664,0.0,0.05105225580528696,-43.352638244628906,0
1EWY,6,9.371997833251953,10.092045783996582,23.08603286743164,0.0,0.046997680196091234,-31.924882888793945,12
1EWY,7,8.65037727355957,9.026290893554688,21.01416015625,0.0,0.0558268870235674,-31.71697235107422,11
1EWY,8,9.241686820983887,9.983598709106445,22.703914642333984,0.0,0.0483362713398282,-30.931730270385742,8
1EWY,9,19.82354164123535,16.863140106201172,56.06758499145508,0.0,0.01010575449855756,-26.611265182495117,4
1EWY,10,14.31124210357666,12.58019733428955,39.83503341674805,0.0,0.019188644502155117,-29.8657169342041,11
1EWY,11,12.893000602722168,10.761435508728027,33.010345458984375,0.0,0.02707973997889175,-28.17799186706543,5
1EWY,12,7.300926208496094,6.017396450042725,17.167585372924805,0.0,0.08512771219042943,-41.69571304321289,0
1EWY,13,12.63081169128418,14.171932220458984,32.386260986328125,0.0,0.025174374010433837,-36.951316833496094,7
1EWY,14,13.012434005737305,10.7213716506958,35.603248596191406,0.0,0.024374202458267245,-36.575557708740234,7
