id,index,c_rmsd,i_rmsd,l_rmsd,fnat,DockQ,baseline_energy,baseline_num_clashes
2HRK,0,10.059849739074707,7.93646764755249,19.032739639282227,0.0,0.0669247617392978,-50.67517852783203,0
2HRK,1,14.714646339416504,12.488871574401855,24.914356231689453,0.0,0.039493708940583065,-41.121742248535156,1
2HRK,2,10.0706205368042,7.98953914642334,18.830764770507812,0.0,0.06777078190295599,-52.3088493347168,0
2HRK,3,12.013809204101562,9.699117660522461,21.610252380371094,0.0,0.05244685695893625,-56.90959167480469,0
2HRK,4,4.333934783935547,3.391500234603882,10.138440132141113,0.142857,0.23974463186089898,-58.86958694458008,0
2HRK,5,13.001164436340332,10.802421569824219,23.55085563659668,0.0,0.04472256597326953,-65.28953552246094,0
2HRK,6,11.917251586914062,9.754728317260742,21.83290672302246,0.0,0.051573398423575334,-41.823326110839844,0
2HRK,7,9.26006031036377,6.7054219245910645,26.690963745117188,0.0,0.046578357052018786,-47.11271667480469,0
2HRK,8,13.659876823425293,11.163902282714844,23.78995704650879,0.0,0.04364659958253847,-46.65677261352539,0
2HRK,9,12.898118019104004,10.56032657623291,23.62915802001953,0.0,0.04478414016056998,-43.89419937133789,0
2HRK,10,9.454596519470215,8.126587867736816,20.118268966674805,0.0,0.061472068802906364,-54.6793212890625,0
2HRK,11,14.723188400268555,12.27723217010498,24.71834945678711,0.0,0.040150953967283395,-39.20711135864258,2
2HRK,12,3.1730988025665283,2.639773368835449,8.516703605651855,0.0,0.24769845753621864,-40.763057708740234,0
2HRK,13,13.381932258605957,10.931764602661133,23.74098014831543,0.0,0.044033764198286945,-45.26099395751953,1
2HRK,14,3.9604504108428955,3.569113254547119,9.568248748779297,0.0,0.1970657856155611,-58.11224365234375,0
1LFD,0,8.861200332641602,8.867009162902832,25.58350372314453,0.0,0.04241138940380348,-44.26109313964844,0
1LFD,1,4.539732456207275,4.745115756988525,12.911785125732422,0.0,0.13106548542285013,-43.6807975769043,0
1LFD,2,9.27407169342041,8.95660400390625,18.393585205078125,0.0,0.06775185271648176,-43.48204040527344,1
1LFD,3,5.150903224945068,5.662909030914307,16.177175521850586,0.0,0.09397044404658167,-45.84630584716797,0
1LFD,4,6.174790382385254,6.563132286071777,16.24795150756836,0.0,0.08817143044427377,-41.51359558105469,0
1LFD,5,4.841418743133545,5.155190467834473,12.261878967285156,0.0,0.13420747681460832,-39.876800537109375,2
1LFD,6,3.5805366039276123,3.495612859725952,8.137271881103516,0.133333,0.27020877655778036,-38.10777282714844,1
1LFD,7,4.016239643096924,4.483961582183838,11.043352127075195,0.0,0.15755762591582143,-47.835243225097656,0
1LFD,8,6.654611110687256,7.528318881988525,19.364009857177734,0.0,0.06657973377633576,-38.815673828125,1
1LFD,9,4.692556381225586,4.901413440704346,12.608644485473633,0.0,0.13269957971258536,-37.406578063964844,2
1LFD,10,9.73342227935791,9.209884643554688,22.40804100036621,0.0,0.050543540306342234,-56.622554779052734,0
1LFD,11,5.001265048980713,5.3581767082214355,12.652950286865234,0.0,0.12787713314105684,-38.055809020996094,2
1LFD,12,13.814266204833984,11.762995719909668,37.36702346801758,0.0,0.021733054524220006,-38.53852462768555,5
1LFD,13,6.9870924949646,7.756315231323242,20.002315521240234,0.0,0.06300422258171715,-42.97615051269531,0
1LFD,14,7.067464351654053,6.905155658721924,16.68848991394043,0.0,0.08368195122871892,-58.476905822753906,0
2YVJ,0,11.476483345031738,11.15680980682373,28.82501220703125,0.0,0.03258483466977983,-15.884284019470215,65
2YVJ,1,7.6668009757995605,4.255046367645264,22.110389709472656,0.0,0.07976538744084101,-42.7951774597168,0
2YVJ,2,4.255732536315918,3.039020538330078,12.654253005981445,0.0,0.16893656332789184,-29.986278533935547,5
2YVJ,3,6.839197158813477,5.858725547790527,16.40321922302246,0.0,0.0910663040462419,-42.947654724121094,0
2YVJ,4,10.023859024047852,6.491748332977295,25.05668830871582,0.0,0.051295088433114526,-29.083457946777344,4
2YVJ,5,16.71132469177246,9.822378158569336,39.78816223144531,0.0,0.022145348629390355,-15.870993614196777,50
2YVJ,6,10.834033966064453,9.621881484985352,31.19163703918457,0.0,0.03095138194504034,-34.411190032958984,0
2YVJ,7,3.8633623123168945,3.16548752784729,10.33137321472168,0.0,0.19567647251709727,-42.917179107666016,0
2YVJ,8,21.81540298461914,15.532054901123047,57.151824951171875,0.0,0.010293792160368116,-30.485292434692383,1
2YVJ,9,9.599879264831543,5.916377544403076,27.782135009765625,0.0,0.0486637991695957,-45.48591232299805,0
2YVJ,10,5.94153356552124,6.332399368286133,13.55438232421875,0.0,0.11179593956168253,-28.647775650024414,5
2YVJ,11,23.667699813842773,13.766462326049805,59.31732940673828,0.0,0.010617990143968989,-28.144777297973633,5
2YVJ,12,6.619126796722412,3.5908851623535156,19.04926109313965,0.0,0.1048712351465364,-44.38090133666992,0
2YVJ,13,9.160990715026855,6.018467903137207,25.399978637695312,0.0,0.053064602789000104,-47.30380630493164,0
2YVJ,14,7.048559188842773,3.231299877166748,21.219219207763672,1.0,0.43852097904188403,-37.7015380859375,0
1BUH,0,10.92025089263916,16.02419662475586,29.159543991088867,0.0,0.02900124834633751,-49.338645935058594,0
1BUH,1,10.047053337097168,11.614073753356934,27.989395141601562,0.0,0.033615033493187944,-46.904396057128906,0
1BUH,2,9.961851119995117,12.573473930358887,28.609325408935547,0.0,0.03171483291649604,-54.095008850097656,0
1BUH,3,9.74173641204834,14.340923309326172,26.999460220336914,0.0,0.03366558972897837,-49.71199417114258,0
1BUH,4,9.872638702392578,13.592229843139648,28.390933990478516,0.0,0.031431270222907905,-47.514305114746094,0
1BUH,5,10.556697845458984,11.934103965759277,28.560205459594727,0.0,0.03230695662233749,-50.91358184814453,0
1BUH,6,10.193370819091797,13.01679801940918,29.06621742248535,0.0,0.030628870447981543,-40.03586959838867,1
1BUH,7,10.711822509765625,15.01720142364502,28.219829559326172,0.0,0.03101917789130243,-44.81887435913086,0
1BUH,8,10.43191146850586,13.998367309570312,27.429731369018555,0.0,0.03298863192916005,-46.89012908935547,0
1BUH,9,9.725309371948242,13.445277214050293,27.021705627441406,0.0,0.034111070003467976,-51.622867584228516,0
1BUH,10,9.2748384475708,12.520914077758789,26.393692016601562,0.0,0.03603902986506088,-42.306522369384766,1
1BUH,11,10.74770736694336,14.836749076843262,28.90616226196289,0.0,0.029901483170171717,-46.41222381591797,0
1BUH,12,9.73790168762207,12.774927139282227,26.755329132080078,0.0,0.03509194481857559,-40.02766036987305,1
1BUH,13,10.121965408325195,14.050891876220703,28.24835205078125,0.0,0.031431068813557415,-48.64170455932617,0
1BUH,14,9.601222038269043,13.3899507522583,27.213680267333984,0.0,0.033760134700055594,-40.41550827026367,0
2J0T,0,5.340708255767822,6.2214131355285645,19.396896362304688,0.0,0.0720111002900527,-37.11896896362305,5
2J0T,1,5.448427677154541,5.948171138763428,21.331281661987305,0.035714,0.07751039469547676,-36.08271789550781,6
2J0T,2,6.933653831481934,6.965106010437012,26.602779388427734,0.0,0.04565236344427978,-39.31388473510742,3
2J0T,3,15.548999786376953,13.267220497131348,51.96651077270508,0.0,0.012892785902267181,-43.15193176269531,2
2J0T,4,21.96278953552246,20.32456398010254,55.5833625793457,0.0,0.00942282376156037,0.0,0
2J0T,5,9.088495254516602,7.291720390319824,31.091571807861328,0.0,0.036713989898624726,-38.0603141784668,4
2J0T,6,16.279277801513672,12.450016021728516,34.610294342041016,0.0,0.023730813451220547,-46.56879806518555,0
2J0T,7,13.417520523071289,11.137142181396484,36.44007873535156,0.0,0.02313969546853055,-42.01434326171875,2
2J0T,8,13.44106388092041,10.016019821166992,30.976388931274414,0.107143,0.06636775463107443,-46.79828643798828,0
2J0T,9,16.70697593688965,13.23511028289795,49.001346588134766,0.0,0.013964306875645455,-39.307132720947266,5
2J0T,10,8.987787246704102,8.12562370300293,32.13743591308594,0.0,0.03277845883447238,-36.491817474365234,4
2J0T,11,16.196531295776367,12.27853775024414,39.67866516113281,0.0,0.01952724614203244,-40.19983673095703,2
2J0T,12,10.912893295288086,8.181029319763184,30.584562301635742,0.178571,0.09426519733033244,-38.23798370361328,5
2J0T,13,10.478039741516113,9.23523998260498,37.222389221191406,0.0,0.0250883686457333,-46.36952209472656,0
2J0T,14,8.814495086669922,7.43170166015625,26.034238815307617,0.0,0.04515773228846348,-35.406959533691406,6
5GRJ,0,20.006563186645508,13.0386962890625,49.3432731628418,0.133333,0.05840467997145104,-26.896821975708008,7
5GRJ,1,10.461430549621582,7.739406585693359,22.745849609375,0.0,0.05291314811822021,-27.083826065063477,3
5GRJ,2,15.779874801635742,10.032721519470215,44.15554428100586,0.6,0.21919911293615787,-28.193754196166992,4
5GRJ,3,17.747764587402344,10.976566314697266,72.67774200439453,0.0,0.010608664910169428,-28.99024772644043,1
5GRJ,4,15.509906768798828,10.284163475036621,35.51402282714844,0.0,0.025003842291053874,-27.523767471313477,7
5GRJ,5,20.51814842224121,13.420008659362793,48.542945861816406,0.0,0.014029319533490167,-33.42988586425781,0
5GRJ,6,13.113340377807617,9.331904411315918,30.895769119262695,0.0,0.03185019766129265,-28.614240646362305,7
5GRJ,7,21.167224884033203,12.542230606079102,74.21104431152344,0.0,0.009016872210150946,-16.689678192138672,45
5GRJ,8,20.719125747680664,13.029297828674316,43.8917350769043,0.0,0.016409437071590066,-25.852821350097656,14
5GRJ,9,13.056097030639648,8.96394157409668,37.36898422241211,0.2,0.09214414467483813,-25.98462677001953,6
5GRJ,10,12.125658988952637,8.07284927368164,31.622282028198242,0.0,0.0335853609708954,-27.349384307861328,2
5GRJ,11,14.701057434082031,9.170040130615234,41.1501350402832,0.4,0.15566039558906977,-28.38262367248535,5
5GRJ,12,13.320984840393066,7.760420799255371,33.28101348876953,0.0,0.03241672083354211,-26.566349029541016,12
5GRJ,13,18.481718063354492,8.719184875488281,62.06820297241211,0.0,0.015718034742819947,-27.57876205444336,8
5GRJ,14,10.424113273620605,7.207125186920166,25.093477249145508,0.0,0.04814955102605891,-27.691232681274414,13
3BIW,0,26.977798461914062,17.272409439086914,75.10993957519531,0.0,0.006710101383273528,-49.025142669677734,5
3BIW,1,28.827974319458008,17.438915252685547,78.87761688232422,0.0,0.006274493216652147,-42.86343002319336,14
3BIW,2,26.174240112304688,18.215816497802734,76.27372741699219,0.0,0.006333964261073841,-44.94817352294922,14
3BIW,3,19.968698501586914,16.083688735961914,67.51744842529297,0.0,0.008074901110966605,-51.244110107421875,13
3BIW,4,26.135225296020508,17.668190002441406,78.9150390625,0.0,0.006208235269342658,-46.91370391845703,4
3BIW,5,29.15580177307129,18.68030548095703,77.553955078125,0.0,0.006092118616040816,-43.92153549194336,12
3BIW,6,29.11664581298828,16.947738647460938,78.04679870605469,0.0,0.0064982681976141045,-42.714603424072266,12
3BIW,7,30.70186424255371,18.600086212158203,79.04981231689453,0.0,0.005963829943710403,-41.8763427734375,8
3BIW,8,30.1575927734375,17.385047912597656,77.33147430419922,0.0,0.006442269164947991,-43.157230377197266,14
3BIW,9,22.687658309936523,18.514150619506836,63.909568786621094,0.0,0.00796764588505801,-43.36836624145508,23
3BIW,10,23.620943069458008,9.977188110351562,53.49075698852539,0.0,0.015577530623893594,-26.712787628173828,125
3BIW,11,29.412187576293945,18.731599807739258,77.5139389038086,0.0,0.0060845510000147275,-43.14680480957031,9
3BIW,12,30.47127342224121,17.423219680786133,77.44213104248047,0.0,0.006420339410468587,-44.554649353027344,9
3BIW,13,30.080244064331055,16.642078399658203,75.97482299804688,0.0,0.006806899048408949,-43.169925689697266,15
3BIW,14,19.455150604248047,17.057531356811523,65.73303985595703,0.0,0.00804000265522803,-50.32874298095703,10
3F1P,0,2.8081929683685303,2.539604902267456,9.00820255279541,0.0,0.2432102273146767,-56.79995346069336,0
3F1P,1,18.42148208618164,19.493465423583984,48.976383209228516,0.0,0.011708734852414181,-45.672889709472656,0
3F1P,2,15.642173767089844,16.80751609802246,48.25008010864258,0.0,0.012667341325537526,-51.49359130859375,0
3F1P,3,14.613164901733398,15.533151626586914,40.69194030761719,0.0,0.017016154571793896,-39.538780212402344,1
3F1P,4,17.36936378479004,18.07830810546875,52.64787673950195,0.0,0.01074708849667595,-45.934818267822266,1
3F1P,5,14.319682121276855,14.723297119140625,35.885616302490234,0.0,0.021132234984411205,-39.1588249206543,1
3F1P,6,16.93551254272461,16.577234268188477,52.55851745605469,0.0,0.011203105255228876,-46.85912322998047,1
3F1P,7,16.504274368286133,16.815380096435547,54.46831512451172,0.0,0.010556146713694342,-52.57377243041992,0
3F1P,8,16.998559951782227,17.50648307800293,51.7941780090332,0.0,0.011171371915075771,-54.10432815551758,0
3F1P,9,16.815250396728516,17.256572723388672,53.36204528808594,0.0,0.010748073366766461,-52.841617584228516,0
3F1P,10,17.558637619018555,16.996477127075195,41.44651794433594,0.0,0.01603006290508591,-44.31314468383789,0
3F1P,11,12.146699905395508,9.623333930969238,20.89892578125,0.0,0.055220101953106615,-40.0598258972168,3
3F1P,12,15.699686050415039,16.648283004760742,52.58701705932617,0.0,0.011171262863705497,-55.36543655395508,0
3F1P,13,18.856178283691406,18.9454288482666,41.647464752197266,0.0,0.015406091061641704,-39.46142578125,0
3F1P,14,18.982280731201172,19.95482063293457,50.754180908203125,0.0,0.010967017883270529,-54.68606948852539,0
3G6D,0,8.604040145874023,10.283368110656738,19.769426345825195,0.0,0.0589514231100349,-33.008026123046875,3
3G6D,1,10.259418487548828,9.571206092834473,24.377962112426758,0.0,0.04412292989488164,-30.810884475708008,11
3G6D,2,9.740632057189941,13.508901596069336,22.397449493408203,0.0,0.0460243991752465,-45.89295196533203,0
3G6D,3,12.926788330078125,11.876286506652832,34.525909423828125,0.0,0.024282838203916024,-27.452829360961914,15
3G6D,4,10.305672645568848,12.766599655151367,26.042755126953125,0.0,0.036629743520759706,-31.851388931274414,4
3G6D,5,7.4330573081970215,11.028890609741211,17.179651260375977,0.0,0.07160635840330179,-38.74541473388672,0
3G6D,6,15.265280723571777,17.215452194213867,41.54613494873047,0.0,0.015903582635820618,-29.898035049438477,5
3G6D,7,8.453221321105957,9.947916984558105,20.494585037231445,0.0,0.0563324777787545,-39.007789611816406,1
3G6D,8,9.527891159057617,13.841048240661621,22.0009822845459,0.0,0.04716199379509569,-36.532188415527344,1
3G6D,9,9.798934936523438,11.216917037963867,23.145122528076172,0.0,0.045470426293705735,-25.826196670532227,25
3G6D,10,11.772421836853027,13.711947441101074,28.408977508544922,0.0,0.031330406756223374,-27.454395294189453,26
3G6D,11,8.24422550201416,9.95981216430664,19.3647518157959,0.0,0.06124131651256765,-37.287841796875,1
3G6D,12,8.24697208404541,10.201068878173828,19.291173934936523,0.0,0.061247713218164,-36.769622802734375,1
3G6D,13,8.374950408935547,13.18164348602295,20.011409759521484,0.0,0.055208974391654,-35.469852447509766,1
3G6D,14,9.655293464660645,13.038785934448242,22.455846786499023,0.0,0.04612787381892736,-32.960609436035156,1
5X0T,0,7.957397937774658,10.654548645019531,22.168367385864258,0.0,0.04920308870499738,-29.059734344482422,1
5X0T,1,6.5811944007873535,5.51242208480835,18.70998191833496,0.0,0.08000735174090251,-29.927505493164062,2
5X0T,2,8.667726516723633,11.467214584350586,22.39146614074707,0.0,0.04759185585311207,-41.47102737426758,0
5X0T,3,4.689416885375977,5.956912040710449,12.490607261657715,0.0,0.12538145464536846,-38.51808547973633,0
5X0T,4,5.460646629333496,8.012880325317383,15.65116024017334,0.0,0.08720826801323707,-41.20201873779297,0
5X0T,5,8.322922706604004,11.501104354858398,21.842819213867188,0.0,0.0494141462361459,-35.676483154296875,0
5X0T,6,8.589212417602539,12.041366577148438,23.215381622314453,0.0,0.04449667380330916,-39.09820556640625,0
5X0T,7,6.62705659866333,8.301423072814941,17.68459701538086,0.0,0.07309402169327756,-32.38625717163086,0
5X0T,8,8.024959564208984,11.24415397644043,21.402345657348633,0.0,0.051242020956767824,-32.23979568481445,1
5X0T,9,5.564908504486084,7.30489444732666,15.225038528442383,0.0,0.09269441839961694,-37.75636672973633,0
5X0T,10,8.010435104370117,11.243020057678223,21.9915828704834,0.0,0.049154241894468036,-31.501983642578125,1
5X0T,11,5.684528350830078,7.585369110107422,16.47144317626953,0.0,0.08264403021237073,-34.84980773925781,0
5X0T,12,7.110118865966797,9.530257225036621,20.492712020874023,0.0,0.05698779863018372,-29.521739959716797,1
5X0T,13,11.156947135925293,10.987552642822266,32.34162521362305,0.0,0.027635733915897492,-28.503725051879883,0
5X0T,14,8.12434196472168,11.253525733947754,21.646141052246094,0.0,0.050351176634209655,-36.31596755981445,0
5WUX,0,20.231733322143555,16.309633255004883,46.07731246948242,0.0,0.013765919284228864,-33.969970703125,15
5WUX,1,23.092876434326172,20.58050537109375,33.45136260986328,0.0,0.021978327166552722,-33.26774597167969,5
5WUX,2,20.284767150878906,15.610907554626465,47.81174087524414,0.0,0.013261932003013241,-34.6865234375,7
5WUX,3,28.481401443481445,22.636743545532227,65.9268569946289,0.0,0.006907682086860214,-34.031558990478516,8
5WUX,4,21.818496704101562,18.879087448120117,48.33955383300781,0.0,0.012088447338089092,-33.62141036987305,11
5WUX,5,18.120586395263672,16.90125274658203,30.665489196777344,0.0,0.026388187153244067,-28.546123504638672,7
5WUX,6,22.593202590942383,17.111738204956055,41.65231704711914,0.0,0.015868420871930283,-32.16121292114258,9
5WUX,7,20.778743743896484,16.342628479003906,34.956573486328125,0.0,0.02139316368913995,-31.13163948059082,12
5WUX,8,27.875961303710938,21.177156448364258,61.793983459472656,0.0,0.007853897617819242,-32.1337776184082,25
5WUX,9,15.531315803527832,12.723590850830078,28.343053817749023,0.2,0.0987415614705353,-30.348140716552734,7
5WUX,10,23.07691192626953,20.636667251586914,33.236690521240234,0.0,0.022214721325759648,-36.85734558105469,2
5WUX,11,27.301631927490234,20.698347091674805,55.06024932861328,0.0,0.009500569398560796,-34.93690490722656,18
5WUX,12,24.122026443481445,23.53288459777832,62.51121139526367,0.0,0.007400046137879646,-35.38040542602539,12
5WUX,13,27.053058624267578,23.59031867980957,63.14887237548828,0.0,0.007274085896511818,-33.951507568359375,13
5WUX,14,28.373271942138672,32.452545166015625,73.44136810302734,0.0,0.005116737320569571,-37.669288635253906,13
3RVW,0,14.02818489074707,14.447498321533203,31.695276260375977,0.0,0.025919645187573514,-22.677453994750977,4
3RVW,1,27.26092529296875,21.033662796020508,62.31977081298828,0.0,0.00777445632830497,-33.29370880126953,11
3RVW,2,18.428794860839844,12.079998970031738,36.885772705078125,0.0,0.021869995564766976,-13.833230018615723,107
3RVW,3,16.966064453125,15.236963272094727,38.11620330810547,0.0,0.01899081975293247,-25.126529693603516,8
3RVW,4,11.29721736907959,11.594852447509766,27.85590934753418,0.0,0.033880248116826446,-32.41489791870117,1
3RVW,5,21.678754806518555,15.100932121276855,46.353816986083984,0.0,0.01410061285970586,-20.853158950805664,41
3RVW,6,14.943559646606445,14.315218925476074,32.811405181884766,0.0,0.024583324584814017,-26.73798179626465,5
3RVW,7,24.67985725402832,19.86958122253418,58.806884765625,0.0,0.00871043803847511,-26.051822662353516,20
3RVW,8,23.468416213989258,20.97565460205078,56.592620849609375,0.0,0.009049703710272434,-26.204832077026367,17
3RVW,9,10.952383995056152,11.19642162322998,24.12497329711914,0.0,0.042687079685961055,-33.51309585571289,1
3RVW,10,21.11957359313965,11.398524284362793,43.089820861816406,0.0,0.018159229354815457,-20.592683792114258,74
3RVW,11,19.392507553100586,15.831915855407715,46.25619125366211,0.0,0.01385375203283489,-23.27638053894043,5
3RVW,12,35.369625091552734,35.20301055908203,93.5947036743164,0.0,0.003330866198594081,-29.170429229736328,16
3RVW,13,16.419647216796875,13.712373733520508,31.53483009338379,0.0,0.026519091025516802,-32.25973129272461,1
3RVW,14,13.407233238220215,13.368850708007812,26.58745574951172,0.0,0.03505422962645783,-30.54130744934082,2
1IB1,0,13.086773872375488,20.391647338867188,28.107099533081055,0.0,0.029724469268659206,-26.556095123291016,8
1IB1,1,17.009510040283203,13.716906547546387,40.3746223449707,0.0,0.01808602888801324,-32.66313171386719,18
1IB1,2,4.9109907150268555,4.760111331939697,10.340203285217285,0.153846,0.21580826100640485,-32.190155029296875,9
1IB1,3,13.524652481079102,15.385321617126465,31.887277603149414,0.0,0.02525273124550062,-28.322994232177734,9
1IB1,4,12.860442161560059,14.915803909301758,28.337467193603516,0.0,0.030852889325600805,-30.375568389892578,10
1IB1,5,20.131786346435547,18.23822021484375,50.4988899230957,0.0,0.011423332160193934,-32.74889373779297,1
1IB1,6,14.956188201904297,15.78279972076416,37.09101486206055,0.0,0.019616137669991773,-29.23906898498535,12
1IB1,7,14.424020767211914,15.444435119628906,35.75801467895508,0.0,0.020942680144166486,-28.202251434326172,17
1IB1,8,14.71847152709961,17.075313568115234,34.83436965942383,0.0,0.021284547849684615,-28.149791717529297,9
1IB1,9,12.446396827697754,13.688868522644043,28.575498580932617,0.0,0.031051145223900494,-28.77069854736328,8
1IB1,10,8.99412727355957,9.995091438293457,17.48332405090332,0.0,0.07106858973697393,-36.165443420410156,3
1IB1,11,13.224562644958496,14.283391952514648,31.391067504882812,0.0,0.02640672091632251,-28.258296966552734,8
1IB1,12,10.823470115661621,11.937219619750977,25.21435546875,0.0,0.03919679522367104,-27.21333885192871,9
1IB1,13,10.616033554077148,14.352715492248535,21.848936080932617,0.0,0.04741910711178304,-30.835079193115234,41
1IB1,14,12.767915725708008,13.973798751831055,30.577669143676758,0.0,0.0277072724387436,-30.480823516845703,5
3MXW,0,10.893092155456543,10.909753799438477,26.04894256591797,0.0,0.038261414222195984,-31.64304542541504,3
3MXW,1,13.221403121948242,15.532646179199219,33.615936279296875,0.0,0.02311128176114362,-26.238723754882812,8
3MXW,2,11.766422271728516,12.318720817565918,28.085838317871094,0.0,0.032839363884703904,-36.02861785888672,1
3MXW,3,11.762332916259766,14.275376319885254,27.03953742980957,0.0,0.033617400026649306,-32.100833892822266,6
3MXW,4,10.993675231933594,12.975513458251953,26.01852035522461,0.0,0.036540713634361226,-28.064720153808594,6
3MXW,5,12.245131492614746,14.533069610595703,26.884952545166016,0.0,0.033805107249162296,-29.659133911132812,6
3MXW,6,11.231578826904297,11.932272911071777,27.05681037902832,0.0,0.035128117593706425,-30.51972007751465,2
3MXW,7,12.495118141174316,15.06054401397705,28.081180572509766,0.0,0.031251870781489326,-31.203399658203125,3
3MXW,8,11.717963218688965,14.221131324768066,25.77079963684082,0.0,0.03637250250327211,-34.35935592651367,2
3MXW,9,12.518941879272461,15.108810424804688,30.284395217895508,0.0,0.027594911630560534,-29.514373779296875,3
3MXW,10,12.583429336547852,15.066834449768066,28.515127182006836,0.0,0.030473066824085755,-32.32246398925781,5
3MXW,11,12.06298542022705,11.912939071655273,29.244739532470703,0.0,0.03116798372606391,-31.11891746520996,3
3MXW,12,12.25394344329834,14.98923397064209,28.333677291870117,0.0,0.030827348365967414,-31.419626235961914,3
3MXW,13,19.04570770263672,17.323503494262695,44.826175689697266,0.0,0.01404996361287932,-33.620880126953125,14
3MXW,14,11.586349487304688,11.029830932617188,27.020578384399414,0.0,0.03606847709561311,-28.322174072265625,9
3U7Y,0,21.892324447631836,21.81192398071289,42.287803649902344,0.0,0.014513495689191976,-15.563323020935059,5
3U7Y,1,27.93533706665039,14.647787094116211,66.47393035888672,0.0,0.008821824365855845,-28.736988067626953,13
3U7Y,2,18.49387550354004,21.41840362548828,33.82377624511719,0.0,0.02142742804697278,-20.351430892944336,2
3U7Y,3,21.163164138793945,15.77523136138916,48.05363845825195,0.0,0.013099853091837255,-21.97545623779297,4
3U7Y,4,29.290145874023438,24.101184844970703,67.28437042236328,0.0,0.006522339705275627,-27.995899200439453,3
3U7Y,5,26.38690185546875,25.024494171142578,54.45585250854492,0.0,0.009121538129799324,-18.361465454101562,20
3U7Y,6,30.27688217163086,20.741504669189453,70.13162231445312,0.0,0.006559912106112211,-24.7585391998291,24
3U7Y,7,21.964067459106445,17.080223083496094,39.436458587646484,0.0,0.017349049184464473,-20.848575592041016,6
3U7Y,8,18.290569305419922,21.395950317382812,34.42518615722656,0.0,0.02078444555774933,-17.173749923706055,4
3U7Y,9,17.615591049194336,12.282139778137207,32.53407669067383,0.0,0.026197914187434376,-22.017620086669922,5
3U7Y,10,22.198715209960938,12.707300186157227,48.309051513671875,0.071429,0.03840014315795994,-22.1680965423584,43
3U7Y,11,30.936954498291016,33.32851791381836,90.88117980957031,0.0,0.0035644179349094422,-21.936153411865234,4
3U7Y,12,19.670940399169922,13.471455574035645,36.66395568847656,0.0,0.021084126886476724,-19.78961944580078,9
3U7Y,13,18.23574447631836,13.0917329788208,33.58671188354492,0.0,0.024383335467934666,-25.6319580078125,3
3U7Y,14,29.5650577545166,26.37811279296875,72.76349639892578,0.0,0.005561900038269334,-26.642526626586914,13
1S78,0,20.528911590576172,14.253556251525879,56.8472785949707,0.0,0.01094061194510521,-13.13088607788086,45
1S78,1,27.29963493347168,12.5806245803833,55.078861236572266,0.0,0.012426235617646641,-21.328044891357422,35
1S78,2,14.470930099487305,14.114322662353516,48.62500762939453,0.0,0.013606571101232768,-8.634624481201172,8
1S78,3,21.97425651550293,16.76434898376465,45.88938522338867,0.0,0.013704542179069171,-16.317169189453125,31
1S78,4,23.227676391601562,15.06989574432373,76.76290893554688,0.0,0.007307666057161971,-16.88609504699707,27
1S78,5,13.820075988769531,9.787161827087402,53.73857116699219,0.0,0.015786083275674292,-12.895328521728516,5
1S78,6,20.420198440551758,14.51189136505127,45.366783142089844,0.0,0.014828323896194782,-12.089028358459473,19
1S78,7,18.572216033935547,15.447539329528809,56.531959533691406,0.0,0.010482816616628463,-13.924886703491211,31
1S78,8,20.839183807373047,15.355392456054688,51.247581481933594,0.0,0.012075254004702196,-16.951704025268555,15
1S78,9,18.321557998657227,14.828413009643555,57.438743591308594,0.0,0.0105196699027071,-14.310354232788086,14
1S78,10,14.265856742858887,10.768616676330566,56.36073303222656,0.625,0.22209084163844284,-14.285396575927734,6
1S78,11,27.14990234375,24.394920349121094,66.48954010009766,0.0,0.006615579770137394,-19.258209228515625,36
1S78,12,19.973825454711914,17.137678146362305,59.00104904174805,0.125,0.05097847480494022,-19.973482131958008,2
1S78,13,21.415935516357422,13.076377868652344,47.65768051147461,0.0,0.014605844723866772,-23.364715576171875,26
1S78,14,27.24111557006836,17.35744857788086,49.346336364746094,0.5,0.17874282789118465,-10.762263298034668,17
1OYV,0,10.86499309539795,10.26482105255127,24.15327262878418,0.0,0.043702272534931176,-41.85061264038086,1
1OYV,1,11.227752685546875,10.46452522277832,24.216442108154297,0.0,0.04327371995850007,-41.003047943115234,2
1OYV,2,9.578813552856445,9.477490425109863,21.35297393798828,0.0,0.05374087234412178,-45.380958557128906,1
1OYV,3,9.011443138122559,8.74537467956543,25.12822151184082,0.108108,0.07978699576155547,-47.27353286743164,0
1OYV,4,15.622377395629883,14.404318809509277,33.81855392456055,0.0,0.023382226627685482,-50.6703987121582,0
1OYV,5,6.711511611938477,6.957582473754883,16.93691062927246,0.0,0.0818693202892734,-43.37158966064453,0
1OYV,6,4.475520610809326,5.483752727508545,12.955205917358398,0.027027,0.13252404601064102,-43.10250473022461,0
1OYV,7,6.921743392944336,7.125180244445801,16.1691837310791,0.0,0.08631832128420831,-40.691715240478516,2
1OYV,8,10.730957984924316,10.614513397216797,22.94731330871582,0.0,0.046743765891136824,-39.819091796875,2
1OYV,9,13.0361909866333,13.417545318603516,26.18453598022461,0.0,0.03589177868078829,-39.28749084472656,7
1OYV,10,9.70492935180664,11.652230262756348,27.763517379760742,0.0,0.034000291897114676,-48.72995376586914,0
1OYV,11,12.854156494140625,11.80614948272705,26.740564346313477,0.0,0.035884772183964714,-47.34804916381836,2
1OYV,12,9.673238754272461,9.336256980895996,20.67583656311035,0.0,0.05657949462766821,-54.073570251464844,1
1OYV,13,6.076550006866455,7.267946243286133,17.103487014770508,0.0,0.0796399393520491,-39.73491287231445,1
1OYV,14,13.220727920532227,11.922590255737305,29.240371704101562,0.0,0.031166849430004463,-45.63233184814453,3
1EER,0,10.050442695617676,10.697575569152832,44.21868133544922,0.0,0.018305484091341594,-31.264915466308594,2
1EER,1,16.675294876098633,17.331167221069336,54.65103530883789,0.0,0.010351341091367377,-27.054569244384766,4
1EER,2,16.297710418701172,16.878032684326172,53.44282150268555,0.0,0.010836266834043684,-32.58968734741211,0
1EER,3,15.729744911193848,16.28069496154785,52.766334533691406,0.0,0.011236677603571908,-26.911766052246094,10
1EER,4,9.957180976867676,11.966626167297363,55.75755310058594,0.0,0.012727032311444356,-29.189990997314453,14
1EER,5,11.817814826965332,15.778661727905273,63.73747253417969,0.0,0.008810141957224292,-27.61256980895996,5
1EER,6,15.468022346496582,15.751056671142578,52.02001190185547,0.0,0.011664127931505184,-28.493471145629883,12
1EER,7,16.37348175048828,14.97664737701416,48.61845397949219,0.0,0.013196937292134175,-22.724721908569336,25
1EER,8,15.5103120803833,12.417238235473633,47.37282943725586,0.0,0.015190960809602099,-30.95722770690918,6
1EER,9,12.91419506072998,14.860895156860352,60.84933090209961,0.0,0.009741653430657965,-27.232751846313477,29
1EER,10,14.033111572265625,12.001614570617676,24.978517532348633,0.0,0.039720572429521074,-39.38041305541992,0
1EER,11,12.384459495544434,10.644471168518066,24.589563369750977,0.0,0.04206947067351014,-32.9334831237793,2
1EER,12,16.827110290527344,18.304224014282227,55.70730972290039,0.0,0.009807553034298302,-25.47201156616211,5
1EER,13,12.564048767089844,13.83172607421875,46.28569793701172,0.0,0.014749357288139975,-27.094711303710938,4
1EER,14,13.722439765930176,15.085077285766602,44.64438247680664,0.0,0.014924108699109455,-35.836822509765625,0
2BTF,0,19.921310424804688,21.62065887451172,54.014766693115234,0.0,0.00965179811238928,-58.70920181274414,0
2BTF,1,21.46552276611328,21.88998031616211,58.38798904418945,0.0,0.008475587891757055,-50.480613708496094,1
2BTF,2,26.16237449645996,23.248159408569336,78.11429595947266,0.0,0.005282618207828698,-52.53713607788086,3
2BTF,3,24.70785903930664,19.477249145507812,67.17371368408203,0.0,0.007218482677652317,-61.187171936035156,0
2BTF,4,26.97173309326172,23.581787109375,74.56857299804688,0.0,0.005618853702994365,-56.33610534667969,0
2BTF,5,13.768017768859863,16.31859016418457,34.56897735595703,0.0,0.021797006599702577,-49.50749588012695,0
2BTF,6,12.684348106384277,15.147933959960938,28.438413619995117,0.0,0.030573371921205957,-52.36494827270508,0
2BTF,7,27.257036209106445,25.713157653808594,78.54121398925781,0.0,0.004989418831931733,-64.55743408203125,0
2BTF,8,17.16968536376953,12.529743194580078,49.92130661010742,0.0,0.014101198588638534,-56.586360931396484,0
2BTF,9,10.413030624389648,10.77426528930664,32.16034698486328,0.0,0.028102530276546356,-51.594051361083984,0
2BTF,10,16.45194435119629,13.082635879516602,51.055137634277344,0.0,0.01331521103950698,-52.96402359008789,0
2BTF,11,23.151700973510742,17.55380630493164,62.81076431274414,0.0,0.008411038499664162,-57.87868881225586,0
2BTF,12,10.743959426879883,11.153704643249512,23.591066360473633,0.0,0.04422276443003783,-37.99516677856445,2
2BTF,13,14.672019958496094,14.52512264251709,38.45939254760742,0.0,0.019041206593193406,-56.0063591003418,0
2BTF,14,19.41362190246582,14.104351043701172,56.060577392578125,0.0,0.011218793016043562,-44.0922737121582,1
1IRA,0,10.87436580657959,9.278366088867188,24.691768646240234,0.0,0.04380636230861853,-39.54228591918945,0
1IRA,1,14.448490142822266,18.16993522644043,27.215539932250977,0.0,0.03188148354968697,-41.90074920654297,0
1IRA,2,14.368524551391602,15.988308906555176,27.2880859375,0.0,0.032390121093966294,-33.41658401489258,5
1IRA,3,27.051639556884766,24.261993408203125,57.593143463134766,0.0,0.00837512522253635,-22.86709213256836,0
1IRA,4,15.590197563171387,18.536218643188477,29.906864166259766,0.0,0.027082317787567773,-32.53004455566406,4
1IRA,5,14.73864459991455,17.626766204833984,28.538721084594727,0.0,0.02955689646106861,-33.30928039550781,3
1IRA,6,11.408473014831543,12.449637413024902,23.322797775268555,0.0,0.043853120540501334,-31.336013793945312,5
1IRA,7,19.61520767211914,20.94818115234375,41.70428466796875,0.0,0.014995096804549154,-30.2233829498291,0
1IRA,8,14.268318176269531,16.707931518554688,27.397722244262695,0.0,0.03193214053361469,-46.560977935791016,0
1IRA,9,25.785694122314453,24.29277229309082,54.71635437011719,0.0,0.009120697305492753,-35.98847198486328,1
1IRA,10,15.595788955688477,15.520968437194824,31.661941528320312,0.0,0.02549326930803873,-28.562870025634766,4
1IRA,11,9.540806770324707,12.364048957824707,19.44855308532715,0.0,0.05829454402309029,-36.97268295288086,1
1IRA,12,13.530091285705566,16.629783630371094,24.63103675842285,0.0,0.03816217045092987,-34.9799919128418,9
1IRA,13,9.858922004699707,8.974678993225098,21.77399253845215,0.0,0.053138400765889715,-46.25117492675781,0
1IRA,14,15.167420387268066,19.088850021362305,28.805498123168945,0.0,0.028745362815697176,-37.98014450073242,0
2HLE,0,14.091825485229492,11.789206504821777,46.3417854309082,0.181818,0.07676555540131194,-37.42277908325195,10
2HLE,1,15.982809066772461,14.329832077026367,50.63621520996094,0.0,0.012748179795135072,-33.892250061035156,7
2HLE,2,12.270458221435547,10.981943130493164,42.15399932861328,0.0,0.0191284351384506,-38.78965377807617,3
2HLE,3,11.421387672424316,10.570565223693848,40.43396759033203,0.0,0.020686991883909638,-41.62593078613281,9
2HLE,4,11.921165466308594,12.772599220275879,41.50253677368164,0.0,0.01795381812129616,-52.21349334716797,0
2HLE,5,11.706704139709473,10.565047264099121,40.4885139465332,0.363636,0.14186934902763673,-36.56667709350586,14
2HLE,6,16.297565460205078,14.295875549316406,53.34207534790039,0.181818,0.07249024077472328,-35.903480529785156,9
2HLE,7,16.979969024658203,15.341106414794922,55.50524139404297,0.090909,0.04109760161878759,-36.609100341796875,8
2HLE,8,14.722877502441406,12.70635986328125,49.086219787597656,0.090909,0.04458884942136409,-37.28984451293945,9
2HLE,9,16.262611389160156,14.002239227294922,46.700828552246094,0.0,0.014470325783940469,-42.73077392578125,10
2HLE,10,17.00206184387207,14.877209663391113,44.550662994384766,0.0,0.015062406574128231,-43.37171936035156,9
2HLE,11,21.380107879638672,18.99509620666504,64.92937469482422,0.0,0.007682105790339659,-46.40361404418945,4
2HLE,12,15.693650245666504,14.277054786682129,52.64955520629883,0.181818,0.07271273568518664,-36.065757751464844,7
2HLE,13,11.387933731079102,10.193500518798828,39.432247161865234,0.0,0.02186588815410304,-41.52822494506836,9
2HLE,14,16.517494201660156,14.870189666748047,53.063350677490234,0.181818,0.0723028128254537,-37.151668548583984,5
1T6B,0,18.748361587524414,13.714188575744629,53.65409469604492,0.0,0.012101588206525016,-36.35641860961914,1
1T6B,1,16.942630767822266,14.560199737548828,48.33142852783203,0.0,0.013501242211392539,-39.71126937866211,0
1T6B,2,18.529659271240234,14.347005844116211,55.143882751464844,0.0,0.011340400299832742,-29.42835807800293,4
1T6B,3,17.89830207824707,14.35940170288086,53.54864501953125,0.0,0.011790541381010378,-28.993118286132812,1
1T6B,4,40.361663818359375,41.90010070800781,106.23413848876953,0.0,0.002547048927668712,-37.288822174072266,0
1T6B,5,42.64906311035156,36.61507797241211,110.67467498779297,0.0,0.0025131231709168713,-28.411354064941406,1
1T6B,6,18.3624210357666,13.221047401428223,47.87424850463867,0.0,0.014422885656141304,-39.7843017578125,1
1T6B,7,42.09195327758789,38.2285270690918,108.80164337158203,0.0,0.0025345126754759344,-35.86573791503906,0
1T6B,8,21.273990631103516,21.40521240234375,64.16456604003906,0.0,0.007377616743966958,-37.65548324584961,1
1T6B,9,19.07846450805664,14.254308700561523,57.012943267822266,0.0,0.01089884960851327,-29.107988357543945,1
1T6B,10,26.575828552246094,22.3266658782959,73.21052551269531,0.0,0.005931391163836605,-31.84697723388672,1
1T6B,11,7.2731614112854,7.6347503662109375,17.12049674987793,0.043478,0.09279775743385331,-38.40094757080078,2
1T6B,12,27.151771545410156,23.037399291992188,73.71858978271484,0.0,0.005780679710165058,-29.270401000976562,1
1T6B,13,24.336200714111328,17.64935302734375,64.36398315429688,0.0,0.008104199170556813,-25.630489349365234,2
1T6B,14,36.753238677978516,29.43979263305664,99.24436950683594,0.0,0.0032904499235924672,-28.80927276611328,3
5KOV,0,20.525707244873047,15.040950775146484,38.30600357055664,0.0,0.018925152216883127,-34.05228805541992,7
5KOV,1,18.258586883544922,10.28515338897705,45.858253479003906,0.0,0.018013863619029808,-29.940584182739258,11
5KOV,2,25.696094512939453,22.321908950805664,34.92264938354492,0.0,0.020141087533719054,-30.43520164489746,12
5KOV,3,24.696046829223633,20.043811798095703,37.52577209472656,0.0,0.018124172289553066,-31.04216957092285,17
5KOV,4,24.49070930480957,18.63584327697754,36.13717269897461,0.0,0.01962082643482253,-31.066186904907227,24
5KOV,5,19.609508514404297,13.909509658813477,55.43365478515625,0.0,0.011489234194854363,-29.761638641357422,4
5KOV,6,21.08171272277832,14.718222618103027,33.66299819946289,0.0,0.02340534661512871,-29.33038902282715,12
5KOV,7,21.10553550720215,17.192415237426758,32.90589141845703,0.0,0.023368732278436864,-31.55916404724121,14
5KOV,8,28.839258193969727,22.954360961914062,37.56669998168945,0.0,0.017651415247726576,-31.19997215270996,18
5KOV,9,26.8738956451416,19.559062957763672,36.03312301635742,0.0,0.019519948279667302,-31.304943084716797,39
5KOV,10,26.768556594848633,21.87716293334961,38.10587692260742,0.0,0.017359225265177133,-31.09521484375,8
5KOV,11,20.276960372924805,14.936995506286621,35.705360412597656,0.0,0.02120556038297414,-28.50567054748535,5
5KOV,12,27.407636642456055,24.176748275756836,37.189212799072266,0.0,0.017827043120615272,-29.76840591430664,11
5KOV,13,19.380966186523438,16.18709373474121,34.08058547973633,0.0,0.022358634013390378,-32.80823516845703,8
5KOV,14,26.33892059326172,21.770729064941406,38.53211975097656,0.0,0.01704295577643117,-29.736631393432617,20
2AJF,0,18.368057250976562,17.89147186279297,44.5323371887207,0.0,0.014043851483345637,-27.429658889770508,62
2AJF,1,20.435712814331055,17.875717163085938,48.32894515991211,0.0,0.012332349614478157,-29.92298698425293,51
2AJF,2,20.53017234802246,20.621532440185547,48.65847396850586,0.0,0.011625030703076888,-33.1822395324707,47
2AJF,3,19.76307487487793,19.70522117614746,46.861045837402344,0.0,0.012538171352595407,-27.452571868896484,80
2AJF,4,19.335556030273438,19.791704177856445,46.7015266418457,0.0,0.012591849569854452,-31.135351181030273,46
2AJF,5,18.327415466308594,17.37685203552246,44.18395233154297,0.0,0.01436155082815179,-30.305572509765625,64
2AJF,6,21.897695541381836,17.078710556030273,53.200927734375,0.0,0.010848798638122234,-29.150136947631836,49
2AJF,7,20.53974151611328,17.229501724243164,48.39141082763672,0.0,0.012484088624337081,-33.99923324584961,49
2AJF,8,19.531755447387695,11.539143562316895,46.066715240478516,0.0,0.016514012812034743,-31.576902389526367,55
2AJF,9,21.556657791137695,18.695375442504883,50.221073150634766,0.0,0.011414884861450278,-31.34059715270996,47
2AJF,10,19.999420166015625,20.391048431396484,47.75383377075195,0.0,0.012030624691911346,-31.456087112426758,53
2AJF,11,19.707059860229492,17.661752700805664,47.02693176269531,0.0,0.012932481235842832,-29.376901626586914,71
2AJF,12,19.47553062438965,17.012989044189453,46.85078048706055,0.0,0.013193493832055106,-30.696535110473633,53
2AJF,13,19.88713264465332,18.30239486694336,47.12169647216797,0.0,0.01272835166765728,-28.525028228759766,69
2AJF,14,16.817218780517578,14.786365509033203,40.25959777832031,0.0,0.017619932571209158,-32.561195373535156,51
4Y7M,0,12.02539348602295,10.251312255859375,33.559974670410156,0.0,0.027081377990639754,-24.482765197753906,7
4Y7M,1,4.163479328155518,3.773428201675415,11.327192306518555,0.692308,0.39633812715852373,-29.821950912475586,17
4Y7M,2,7.427060604095459,6.534963607788086,29.565404891967773,0.076923,0.06777237146700615,-24.64530372619629,16
4Y7M,3,8.55273151397705,8.276923179626465,14.45281982421875,0.0,0.09626455087803171,-22.799549102783203,14
4Y7M,4,14.59358024597168,11.747727394104004,50.92441177368164,0.0,0.0143822946185807,-32.10403060913086,1
4Y7M,5,13.875213623046875,11.971639633178711,40.170616149902344,0.0,0.01943706369131214,-24.805091857910156,5
4Y7M,6,6.321699142456055,5.464168548583984,16.50597381591797,0.384615,0.22143238262569334,-27.691396713256836,26
4Y7M,7,13.414859771728516,11.95493221282959,37.7994270324707,0.0,0.02121070227251839,-24.396312713623047,5
4Y7M,8,14.331413269042969,11.236560821533203,22.58694839477539,0.0,0.047186548524557344,-22.76537322998047,9
4Y7M,9,13.791810989379883,11.16444206237793,25.679655075073242,0.0,0.038824866362351516,-23.283689498901367,24
4Y7M,10,8.160462379455566,7.468372821807861,36.759361267089844,0.384615,0.15804849442365965,-26.92136573791504,3
4Y7M,11,7.917209148406982,6.049657821655273,23.20808219909668,0.0,0.05873079769154652,-23.669734954833984,5
4Y7M,12,10.644948959350586,8.863794326782227,32.42032241821289,0.0,0.03071952711419398,-25.526399612426758,5
4Y7M,13,14.545879364013672,12.193082809448242,28.73356056213379,0.0,0.03179229286084002,-24.367841720581055,3
4Y7M,14,11.401201248168945,9.774192810058594,30.104589462280273,0.0,0.032281489100291,-27.192310333251953,8
1HIA,0,9.128707885742188,10.488001823425293,29.51760482788086,0.0,0.03220609327866528,-46.92501449584961,2
1HIA,1,10.359807968139648,13.250250816345215,30.045818328857422,0.0,0.028918592848456815,-42.377906799316406,2
1HIA,2,9.05624771118164,9.897972106933594,28.90848731994629,0.0,0.03400848409864417,-48.204036712646484,1
1HIA,3,6.807968616485596,8.579667091369629,19.851818084716797,0.033333,0.07264031844158823,-63.036582946777344,0
1HIA,4,3.204737663269043,3.749253273010254,8.857024192810059,0.066667,0.22802822149616533,-56.600276947021484,0
1HIA,5,6.523936748504639,7.911899566650391,21.585641860961914,0.0,0.056314241508931974,-44.76387405395508,3
1HIA,6,4.295905590057373,4.896462917327881,12.71745491027832,0.1,0.16485903354661344,-61.05499267578125,0
1HIA,7,10.589680671691895,11.272345542907715,31.016096115112305,0.0,0.02908559146761742,-54.86500930786133,0
1HIA,8,10.403582572937012,12.514131546020508,29.649253845214844,0.0,0.030036813692281974,-40.69087600708008,11
1HIA,9,13.490203857421875,14.959110260009766,38.84663772583008,0.0,0.01854819378605783,-52.05564498901367,1
1HIA,10,9.058364868164062,10.487041473388672,23.258373260498047,0.0,0.045957540889019065,-64.28704833984375,0
1HIA,11,2.7133944034576416,4.017698764801025,6.85162353515625,0.0,0.2428291080639106,-59.81974792480469,0
1HIA,12,10.87269401550293,11.392587661743164,35.64775848388672,0.0,0.023612371692438617,-53.121952056884766,0
1HIA,13,11.805232048034668,12.933445930480957,36.57820129394531,0.0,0.021501928210495333,-47.43525314331055,0
1HIA,14,12.38156509399414,13.593849182128906,38.259525299072266,0.0,0.01968861096550707,-55.77009201049805,0
1BKD,0,25.178468704223633,23.15098762512207,62.438011169433594,0.0,0.00745866380350986,-32.54469299316406,4
1BKD,1,24.276966094970703,21.248634338378906,63.19175338745117,0.0,0.007576783130886393,-30.922748565673828,7
1BKD,2,25.498058319091797,23.907535552978516,62.255008697509766,0.0,0.0074072633075516455,-35.287330627441406,2
1BKD,3,5.984598636627197,7.318592071533203,15.067708015441895,0.105263,0.12899502937472795,-32.96128463745117,1
1BKD,4,11.552247047424316,13.191484451293945,22.72308921813965,0.0,0.04517202897868066,-40.16815185546875,0
1BKD,5,23.8121395111084,20.247400283813477,64.3552017211914,0.0,0.00753476426622075,-29.401107788085938,1
1BKD,6,25.763986587524414,23.515460968017578,63.020484924316406,0.0,0.007306371974931217,-34.30232238769531,4
1BKD,7,25.809307098388672,23.210447311401367,62.79458999633789,0.0,0.007384112333897856,-31.930274963378906,3
1BKD,8,11.738740921020508,13.266097068786621,23.011756896972656,0.0,0.04422725932588915,-28.055885314941406,9
1BKD,9,5.984583854675293,6.309945106506348,13.100184440612793,0.0,0.11658627061431442,-25.438026428222656,5
1BKD,10,13.239997863769531,15.519489288330078,25.67684555053711,0.0,0.036006041441838714,-31.406673431396484,3
1BKD,11,23.58604621887207,20.28370475769043,62.92011260986328,0.0,0.007787249622672862,-28.976606369018555,5
1BKD,12,10.105339050292969,11.082880020141602,20.26023292541504,0.0,0.05588632007320784,-31.07096290588379,2
1BKD,13,23.52072525024414,15.852771759033203,52.93203353881836,0.0,0.011337455437194081,-30.561870574951172,28
1BKD,14,23.690553665161133,19.88964080810547,63.22686004638672,0.0,0.007802589866791398,-32.112918853759766,5
1EXB,0,31.077157974243164,39.958091735839844,80.89397430419922,0.0,0.00410919119847697,-10.32048225402832,7
1EXB,1,26.216455459594727,31.05638313293457,67.19966888427734,0.0,0.006024944805171874,-13.943719863891602,22
1EXB,2,28.836956024169922,36.793617248535156,74.50128173828125,0.0,0.0048363287957850715,-17.224157333374023,8
1EXB,3,22.2910099029541,29.401229858398438,58.31462097167969,0.0,0.007800125132348644,-14.279921531677246,12
1EXB,4,29.360477447509766,36.18144226074219,77.21139526367188,0.0,0.004563302298804254,-18.283754348754883,5
1EXB,5,33.25639724731445,38.828857421875,84.77976989746094,0.0,0.003814039509178951,-13.46679401397705,10
1EXB,6,29.726655960083008,37.95532989501953,77.9177017211914,0.0,0.004439986566933749,-16.566116333007812,4
1EXB,7,30.63335609436035,36.42191696166992,73.76720428466797,0.0,0.0049322051141513145,-15.279008865356445,5
1EXB,8,28.888946533203125,36.67367172241211,75.37608337402344,0.0,0.004742343591841815,-14.707104682922363,5
1EXB,9,30.671066284179688,38.60825729370117,79.35526275634766,0.0,0.0042834308435475196,-13.729718208312988,7
1EXB,10,23.242387771606445,30.49643898010254,60.86439514160156,0.0,0.007181254672972689,-14.690141677856445,24
1EXB,11,30.151975631713867,35.925350189208984,72.60295104980469,0.0,0.005087185228490245,-16.769393920898438,4
1EXB,12,27.180313110351562,35.61777114868164,70.49376678466797,0.0,0.005367046922057025,-12.763768196105957,26
1EXB,13,21.32572364807129,29.54612922668457,54.00693130493164,0.0,0.008914248712256946,-15.186135292053223,6
1EXB,14,27.79142189025879,33.69289016723633,70.91181182861328,0.0,0.005380905066435809,-13.898038864135742,35
1D6R,0,14.697165489196777,15.333662986755371,43.04827117919922,0.0,0.015667807645878953,-35.57788848876953,2
1D6R,1,18.87546157836914,16.852012634277344,51.45734405517578,0.0,0.01147399013263758,-38.87434768676758,7
1D6R,2,6.779001235961914,7.708024501800537,16.957805633544922,0.0,0.07909489880915072,-49.73970413208008,0
1D6R,3,14.762598037719727,11.554208755493164,37.57393264770508,0.0,0.021752982434225174,-33.778560638427734,19
1D6R,4,14.259464263916016,14.391276359558105,45.47074508666992,0.0,0.014837108738975898,-44.0997428894043,1
1D6R,5,13.990488052368164,13.12314224243164,35.20232391357422,0.0,0.022662657549393197,-32.108890533447266,47
1D6R,6,19.86414337158203,26.384437561035156,62.82117462158203,0.0,0.00706664315688704,-30.869796752929688,0
1D6R,7,14.663215637207031,14.22340202331543,42.18210220336914,0.0,0.016673403800462727,-48.32341766357422,0
1D6R,8,13.095840454101562,11.854083061218262,35.74436950683594,0.0,0.023093926949313424,-38.45732879638672,3
1D6R,9,17.82914924621582,18.93209457397461,52.44451904296875,0.0,0.010611526922750221,-40.33241271972656,4
1D6R,10,13.087494850158691,10.883157730102539,36.12043380737305,0.0,0.023704635382699592,-38.3574333190918,12
1D6R,11,9.714442253112793,10.647208213806152,23.367578506469727,0.0,0.04543843948254417,-55.3773307800293,0
1D6R,12,19.6295108795166,17.018993377685547,49.38614273071289,0.0,0.012159618635118738,-39.6309700012207,10
1D6R,13,14.598917007446289,14.440468788146973,41.51468276977539,0.0,0.016969788220800124,-40.32825469970703,1
1D6R,14,15.576949119567871,15.447635650634766,43.9634895324707,0.0,0.015124998130273912,-37.6002197265625,5
5E5M,0,17.404430389404297,17.604284286499023,26.34161376953125,0.0,0.03383763042995108,-41.11717987060547,0
5E5M,1,8.71159553527832,7.11887788772583,14.96452808380127,0.0,0.09548129640986718,-39.860679626464844,2
5E5M,2,17.402225494384766,16.241512298583984,25.56449317932129,0.0,0.03600124189681741,-52.043609619140625,0
5E5M,3,17.476356506347656,16.572969436645508,25.069509506225586,0.0,0.037077333779188405,-44.21973419189453,0
5E5M,4,9.484841346740723,9.255937576293945,16.754196166992188,0.0,0.07676405933495187,-48.05924987792969,0
5E5M,5,7.681042194366455,5.668563365936279,18.236669540405273,0.25,0.16463724812588024,-39.386932373046875,3
5E5M,6,9.805134773254395,7.396157264709473,21.535009384155273,0.0,0.05809975662215838,-39.1591682434082,2
5E5M,7,5.881215572357178,5.827998161315918,13.287784576416016,0.0,0.11750137184218766,-45.87179183959961,0
5E5M,8,6.894698143005371,7.136045932769775,13.38662338256836,0.0,0.10988204258909866,-38.74699401855469,3
5E5M,9,17.682641983032227,16.604284286499023,25.872406005859375,0.0,0.0351717597001354,-53.974143981933594,0
5E5M,10,10.097356796264648,6.867740631103516,19.51666259765625,0.0,0.06832379221195145,-42.5633544921875,3
5E5M,11,7.168517112731934,5.615564823150635,15.86465072631836,0.0625,0.11737851692658925,-40.64098358154297,5
5E5M,12,11.982743263244629,9.699055671691895,18.307022094726562,0.0,0.06690154704068768,-51.409080505371094,0
5E5M,13,8.667160034179688,7.029787063598633,14.671463966369629,0.0,0.0982833562793947,-42.67264938354492,3
5E5M,14,9.509763717651367,8.812515258789062,24.968923568725586,0.0,0.04400306263824272,-42.566383361816406,3
2OOR,0,16.865758895874023,20.35903549194336,45.89229202270508,0.0,0.012855437835796305,-24.11557388305664,10
2OOR,1,24.462759017944336,25.94414520263672,71.4011001586914,0.0,0.00576849169672082,-26.497995376586914,9
2OOR,2,17.01810073852539,19.916353225708008,45.95647048950195,0.0,0.012906037420190856,-25.75360107421875,14
2OOR,3,5.238745212554932,6.47871208190918,13.961990356445312,0.052632,0.12463979031801668,-22.98273468017578,15
2OOR,4,15.336379051208496,17.72501564025879,42.67223358154297,0.0,0.015091392157902726,-26.955387115478516,13
2OOR,5,21.164628982543945,22.941082000732422,60.008060455322266,0.0,0.007975462998363672,-20.24419593811035,10
2OOR,6,24.18891716003418,24.49985122680664,70.6187744140625,0.0,0.006005075321649494,-27.86786460876465,8
2OOR,7,16.510787963867188,18.373491287231445,45.485084533691406,0.0,0.01345483908647433,-25.90602684020996,9
2OOR,8,24.498281478881836,24.09160804748535,70.80371856689453,0.0,0.006022973978517243,-25.07944107055664,18
2OOR,9,23.56696891784668,24.80309295654297,69.96776580810547,0.0,0.006062633514495562,-25.264816284179688,9
2OOR,10,16.576271057128906,19.63036346435547,44.86060333251953,0.0,0.01348726878548597,-24.650691986083984,12
2OOR,11,26.102737426757812,25.995609283447266,73.49750518798828,0.0,0.005505638095885238,-23.992897033691406,11
2OOR,12,5.100884437561035,4.246253490447998,15.345325469970703,0.473684,0.2731371929337691,-23.40850257873535,18
2OOR,13,11.005117416381836,12.028042793273926,31.261295318603516,0.0,0.028051715383292198,-25.733999252319336,16
2OOR,14,17.933712005615234,20.547435760498047,48.48982620239258,0.0,0.011704368607228769,-25.338834762573242,5
7CEI,0,15.234159469604492,10.016533851623535,22.771921157836914,0.0,0.0480745178080583,-38.376739501953125,8
7CEI,1,18.41067123413086,9.06007194519043,39.40427780151367,0.2,0.09038077692418706,-32.811676025390625,52
7CEI,2,12.858569145202637,9.18336296081543,20.82996368408203,0.0,0.056244693924673024,-37.03828430175781,17
7CEI,3,10.74287223815918,10.863637924194336,29.868757247924805,0.2,0.09787524585871347,-35.98476028442383,19
7CEI,4,13.030646324157715,9.20382022857666,21.357553482055664,0.0,0.054202893111274186,-37.4855842590332,9
7CEI,5,12.881068229675293,9.123969078063965,20.42820167541504,0.0,0.057965947797211925,-37.6744270324707,12
7CEI,6,13.826900482177734,9.542989730834961,21.934202194213867,0.0,0.05155903823951763,-37.153621673583984,9
7CEI,7,13.829983711242676,9.90780258178711,20.96023941040039,0.0,0.05454526415597575,-38.88209915161133,7
7CEI,8,8.186427116394043,6.2735443115234375,13.823264122009277,0.0,0.10948159789475538,-38.06332015991211,4
7CEI,9,13.080395698547363,11.1217622756958,24.911270141601562,0.0,0.04071629115025189,-36.620548248291016,19
7CEI,10,6.935473918914795,5.698260307312012,12.79458236694336,0.0,0.12367034513804254,-39.902706146240234,0
7CEI,11,13.06324291229248,9.592456817626953,20.774320602416992,0.0,0.055757510313411286,-37.698997497558594,8
7CEI,12,10.480982780456543,11.094005584716797,25.92784309387207,0.0,0.03833254666916582,-37.19221496582031,14
7CEI,13,7.39245080947876,6.867420673370361,13.145028114318848,0.2,0.18012789554686023,-38.00008773803711,16
7CEI,14,14.233859062194824,9.671652793884277,21.763765335083008,0.0,0.051945377621372524,-38.681060791015625,6
2VDB,0,10.441905975341797,12.115850448608398,37.95092010498047,0.333333,0.13206570660131384,-23.439428329467773,18
2VDB,1,16.928617477416992,21.862628936767578,60.94204330444336,0.0,0.007922617680602628,-19.667251586914062,29
2VDB,2,9.681511878967285,14.062828063964844,34.96739959716797,0.0,0.022347367063760573,-19.550573348999023,26
2VDB,3,12.216849327087402,19.511953353881836,44.58510208129883,0.0,0.013648873718543661,-23.99217987060547,40
2VDB,4,12.500541687011719,19.100183486938477,46.551025390625,0.0,0.012798322569271143,-34.6083984375,1
2VDB,5,14.523241996765137,21.651403427124023,53.485992431640625,0.0,0.009803400693210403,-28.167930603027344,2
2VDB,6,10.090331077575684,16.781309127807617,37.82802963256836,0.0,0.01866339768741095,-49.2579460144043,0
2VDB,7,13.795652389526367,19.665590286254883,49.4500617980957,0.0,0.011494238761582698,-17.420263290405273,30
2VDB,8,16.98321533203125,22.84227180480957,60.77778625488281,0.0,0.007825860497202906,-19.912063598632812,40
2VDB,9,10.03720474243164,16.846935272216797,36.088661193847656,0.0,0.020141462820682035,-21.680715560913086,19
2VDB,10,15.465786933898926,27.01149559020996,57.99477767944336,0.0,0.008034615834173827,-39.746917724609375,0
2VDB,11,18.275339126586914,27.28815269470215,65.13542938232422,0.0,0.0065856278234828055,-26.040992736816406,4
2VDB,12,8.62934398651123,12.32254695892334,31.73174285888672,0.166667,0.08273966342129731,-31.50258445739746,1
2VDB,13,9.530816078186035,15.88582706451416,35.76906204223633,0.0,0.020763076260103184,-46.37957763671875,0
2VDB,14,5.19075870513916,9.001324653625488,18.836488723754883,0.0,0.0653993174325185,-30.25670051574707,3
1FAK,0,26.837085723876953,29.739858627319336,65.08677673339844,0.0,0.006435499876351056,-28.537721633911133,0
1FAK,1,19.378215789794922,18.54876708984375,35.687950134277344,0.0,0.02005982918479431,-53.93269348144531,0
1FAK,2,12.821660041809082,14.513472557067871,30.83061408996582,0.0,0.027069940113370005,-45.8443603515625,0
1FAK,3,16.947647094726562,19.89208984375,43.4395751953125,0.0,0.014176820757435636,-50.1641731262207,0
1FAK,4,20.755146026611328,22.662717819213867,56.15607833862305,0.0,0.008919866566414022,-33.411216735839844,2
1FAK,5,14.944893836975098,15.529115676879883,34.67131042480469,0.0,0.02197983099921323,-38.46592712402344,5
1FAK,6,26.179424285888672,30.790756225585938,71.26949310302734,0.0,0.005464138778948383,-24.923973083496094,7
1FAK,7,12.790241241455078,14.02910327911377,36.37754821777344,0.2,0.08769117889657259,-37.41494369506836,12
1FAK,8,14.5086030960083,13.943975448608398,26.722253799438477,0.0,0.034440773674773856,-48.3946647644043,2
1FAK,9,25.94742774963379,23.4762020111084,58.23106002807617,0.0,0.00830955983974892,-43.65410614013672,0
1FAK,10,24.70804214477539,23.964872360229492,55.87662887573242,0.0,0.00883992998459838,-39.97711181640625,1
1FAK,11,17.67742156982422,16.80017852783203,33.00965118408203,0.0,0.02336401555225343,-52.07761764526367,1
1FAK,12,13.334771156311035,13.318885803222656,25.18032455444336,0.2,0.10493956175394592,-54.56167221069336,0
1FAK,13,15.794804573059082,15.062179565429688,28.792537689208984,0.0,0.029995246476316545,-56.69966506958008,0
1FAK,14,12.518579483032227,13.573250770568848,33.82921600341797,0.0,0.023816345124181224,-39.39862060546875,6
1WEJ,0,16.483354568481445,16.861846923828125,43.358272552490234,0.0,0.014953718118728657,-30.778125762939453,17
1WEJ,1,17.720016479492188,18.070816040039062,47.638153076171875,0.0,0.012565790121085255,-29.795286178588867,8
1WEJ,2,8.618489265441895,10.230393409729004,20.070688247680664,0.0,0.0577081311451933,-38.72489547729492,0
1WEJ,3,9.31093978881836,11.870158195495605,22.706867218017578,0.0,0.04620760979908147,-28.245080947875977,1
1WEJ,4,8.186474800109863,10.465965270996094,18.884136199951172,0.0,0.06286577601969391,-26.688241958618164,2
1WEJ,5,9.190594673156738,11.44373893737793,22.104394912719727,0.0,0.04857069056289911,-27.08393096923828,7
1WEJ,6,8.461271286010742,9.464617729187012,19.382152557373047,0.0,0.06193465682350002,-36.94694137573242,0
1WEJ,7,32.49052429199219,32.622257232666016,82.58477020263672,0.0,0.0041973992010414015,-31.428403854370117,24
1WEJ,8,18.17103385925293,18.992671966552734,49.82107162475586,0.0,0.011494493590607781,-43.54778289794922,0
1WEJ,9,9.391862869262695,13.363423347473145,24.616151809692383,0.0,0.03965792439518097,-30.95733642578125,0
1WEJ,10,7.925868988037109,11.540629386901855,19.91458511352539,0.0,0.056905504167961495,-25.9421443939209,1
1WEJ,11,8.497228622436523,9.8116455078125,19.412813186645508,0.0,0.06123768858494585,-45.927494049072266,0
1WEJ,12,8.146445274353027,11.364496231079102,18.63172721862793,0.0,0.06313218540749425,-37.81878662109375,0
1WEJ,13,10.548048973083496,14.91494369506836,29.301164627075195,0.0,0.02921127237006631,-27.617584228515625,1
1WEJ,14,8.651420593261719,11.29219913482666,20.018869400024414,0.0,0.05669531951231844,-23.728151321411133,3
1ML0,0,7.690716743469238,12.428544998168945,30.605329513549805,0.0,0.02865566979186544,-27.535640716552734,1
1ML0,1,12.527325630187988,21.84513282775879,48.6502571105957,0.0,0.011438130981436994,-24.766094207763672,5
1ML0,2,20.14284324645996,29.51453399658203,75.6072998046875,0.0,0.005019149208947126,-32.57984924316406,1
1ML0,3,17.551137924194336,26.24610710144043,67.3353500366211,0.0,0.006313561077629992,-39.45203399658203,0
1ML0,4,22.275012969970703,33.777610778808594,82.20524597167969,0.0,0.004182201227742041,-28.07192611694336,4
1ML0,5,9.271437644958496,19.179594039916992,36.50720977783203,0.0,0.01916728280199671,-32.775047302246094,0
1ML0,6,7.720150947570801,13.572240829467773,31.085020065307617,0.04,0.04054559937709463,-31.334096908569336,3
1ML0,7,8.390827178955078,13.595392227172852,32.909549713134766,0.0,0.024855044121403293,-30.535507202148438,1
1ML0,8,6.15535831451416,12.78144359588623,23.708694458007812,0.0,0.04249380723059901,-32.66252517700195,1
1ML0,9,20.3376522064209,29.989213943481445,76.60861206054688,0.0,0.004885514207147558,-28.099374771118164,2
1ML0,10,9.155523300170898,14.61195182800293,36.70424270629883,0.0,0.020442746822789737,-28.989452362060547,2
1ML0,11,21.03436279296875,32.44963455200195,78.61911010742188,0.0,0.004562098866350586,-30.16847801208496,3
1ML0,12,20.510313034057617,32.29045486450195,77.88445281982422,0.0,0.004641248835633914,-26.172258377075195,1
1ML0,13,8.479419708251953,16.696090698242188,33.410396575927734,0.0,0.022932508661469203,-30.236093521118164,1
1ML0,14,20.48860740661621,32.11198425292969,77.88967895507812,0.0,0.004648711521238113,-28.368383407592773,0
5VNW,0,20.211179733276367,18.285907745361328,57.615421295166016,0.0,0.009328488000929712,-22.446996688842773,0
5VNW,1,19.419862747192383,24.046653747558594,56.00410079956055,0.0,0.00879762240734295,-10.233305931091309,6
5VNW,2,14.444371223449707,12.354643821716309,53.58940505981445,0.0,0.013022506349012926,-9.656622886657715,68
5VNW,3,21.450782775878906,18.260162353515625,58.44172668457031,0.0,0.00913949540965932,-15.41624927520752,3
5VNW,4,27.920541763305664,25.157251358032227,53.70981979370117,0.0,0.009325377366139968,-9.60099983215332,11
5VNW,5,17.842334747314453,12.867356300354004,52.291439056396484,0.0,0.013049931979241222,-13.930893898010254,14
5VNW,6,21.022274017333984,14.187809944152832,56.54832077026367,0.0,0.011049725896679274,-12.358299255371094,14
5VNW,7,23.606889724731445,21.110977172851562,60.587486267089844,0.0,0.00810846567493925,-10.488046646118164,4
5VNW,8,25.491350173950195,20.731264114379883,59.61716079711914,0.0,0.008376980230794055,-19.846092224121094,2
5VNW,9,25.591867446899414,26.017724990844727,51.43389129638672,0.0,0.00996596150328246,-14.747041702270508,3
5VNW,10,13.511069297790527,13.536051750183105,58.93973159790039,0.0,0.010835096539317565,-12.774693489074707,9
5VNW,11,16.82685089111328,14.798201560974121,56.04475021362305,0.0,0.010885008163044779,-8.493194580078125,11
5VNW,12,21.00499153137207,22.35364532470703,45.08905029296875,0.0,0.012933748819184328,-10.011956214904785,9
5VNW,13,21.08805274963379,21.808889389038086,50.3062629699707,0.0,0.01082169061383572,-12.858682632446289,4
5VNW,14,22.88225746154785,20.206106185913086,61.531368255615234,0.0,0.00806873541870095,-15.520946502685547,3
3P57,0,24.255443572998047,22.160253524780273,63.043609619140625,0.0,0.007471572899156658,-24.826974868774414,8
3P57,1,17.388778686523438,16.774824142456055,42.45069122314453,0.0,0.015493317635924852,-24.28271484375,2
3P57,2,25.05913734436035,17.63355255126953,56.96080780029297,0.0,0.009655746319789259,-25.124378204345703,11
3P57,3,22.258960723876953,22.010446548461914,47.19645309448242,0.0,0.012013088611493488,-26.49142837524414,9
3P57,4,24.66803741455078,18.36568260192871,58.647647857666016,0.0,0.00906665518000985,-26.668575286865234,11
3P57,5,23.98933219909668,23.523561477661133,65.27550506591797,0.0,0.006907810980964516,-25.391904830932617,7
3P57,6,24.80881118774414,19.951374053955078,58.08971405029297,0.0,0.008860991603768359,-26.92514991760254,13
3P57,7,23.5423641204834,24.551177978515625,63.22572326660156,0.0,0.007157304155839904,-24.04319190979004,11
3P57,8,24.201881408691406,15.737663269042969,52.9029426574707,0.0,0.011389477995633432,-25.304948806762695,22
3P57,9,23.804203033447266,20.94145965576172,62.52959442138672,0.0,0.0077492177689953414,-25.9061222076416,10
3P57,10,24.2872371673584,22.449247360229492,56.30529022216797,0.0,0.008908887827539423,-25.10104751586914,12
3P57,11,24.36559295654297,20.862560272216797,59.11042022705078,0.0,0.008467345989460223,-25.212574005126953,14
3P57,12,24.380043029785156,23.98382568359375,64.91997528076172,0.0,0.0069167115135246255,-21.633378982543945,7
3P57,13,24.465328216552734,21.701570510864258,59.56732177734375,0.0,0.008236832831812951,-24.24033546447754,16
3P57,14,21.151668548583984,17.085796356201172,51.15211486816406,0.0,0.011506452516206389,-28.7508544921875,13
1IBR,0,15.200370788574219,18.458023071289062,51.14945983886719,0.0,0.011144766226984383,-32.164649963378906,3
1IBR,1,15.501270294189453,18.94328498840332,57.9622688293457,0.0,0.009094542884016656,-30.472017288208008,0
1IBR,2,14.154617309570312,17.331981658935547,55.29108810424805,0.0,0.010174072795547225,-36.45485305786133,0
1IBR,3,13.715295791625977,17.833778381347656,59.48589324951172,0.0,0.00901136689749941,-38.2391357421875,0
1IBR,4,14.179679870605469,17.737695693969727,56.712528228759766,0.0,0.00969022312828996,-39.13199996948242,0
1IBR,5,12.741860389709473,17.2180118560791,58.489749908447266,0.0,0.00940494508085519,-36.62389373779297,0
1IBR,6,14.112848281860352,17.368009567260742,53.79341125488281,0.0,0.010587789258027785,-32.848453521728516,1
1IBR,7,6.922276020050049,8.438790321350098,17.907140731811523,0.0,0.0715030915195444,-32.749725341796875,0
1IBR,8,12.466584205627441,16.54068374633789,56.29436492919922,0.0,0.010149059613582319,-32.16648483276367,0
1IBR,9,11.386590003967285,12.084988594055176,35.08456802368164,0.0,0.02353789909665922,-33.60808563232422,0
1IBR,10,13.389643669128418,16.279199600219727,51.30583190917969,0.0,0.011711016686054497,-42.40324783325195,0
1IBR,11,12.179320335388184,16.397823333740234,59.36276626586914,0.0,0.009463018933401457,-31.070655822753906,1
1IBR,12,12.682821273803711,17.258621215820312,63.38173294067383,0.0,0.008388157648699665,-38.89440155029297,0
1IBR,13,13.024648666381836,14.862822532653809,48.045894622802734,0.0,0.013477166155561042,-39.341766357421875,0
1IBR,14,15.689315795898438,18.90630531311035,55.24211502075195,0.0,0.00979435879570084,-37.59402847290039,0
2SIC,0,9.445658683776855,7.174684524536133,18.302797317504883,0.171429,0.1302402857453773,-40.69475173950195,3
2SIC,1,9.87954330444336,7.465649127960205,18.75140953063965,0.257143,0.15546686544568986,-37.56087112426758,6
2SIC,2,4.92216157913208,3.701838254928589,16.084026336669922,0.428571,0.2626395223411556,-41.28950119018555,3
2SIC,3,9.76940631866455,7.405209064483643,20.38189125061035,0.228571,0.13871248482289086,-37.75210952758789,4
2SIC,4,9.866924285888672,7.564162254333496,18.83551788330078,0.114286,0.10710518360494932,-36.71219253540039,3
2SIC,5,9.547897338867188,7.386628150939941,18.92565155029297,0.228571,0.14534346852790495,-42.460357666015625,1
2SIC,6,6.134204864501953,4.110896110534668,19.151700973510742,0.085714,0.12259173932204563,-40.519840240478516,1
2SIC,7,4.315068244934082,3.2100160121917725,14.26447868347168,0.4,0.2804196547767037,-41.5633659362793,3
2SIC,8,3.9994406700134277,2.879408836364746,14.22957992553711,0.428571,0.30166930085643456,-46.685569763183594,0
2SIC,9,9.72113037109375,7.437459945678711,19.04615592956543,0.171429,0.12553478063817022,-41.69647979736328,2
2SIC,10,1.897331714630127,1.2457870244979858,5.4481940269470215,0.342857,0.547817753547343,-41.91048812866211,2
2SIC,11,3.8317744731903076,2.5892422199249268,11.354592323303223,0.342857,0.31775777382911596,-39.97338104248047,5
2SIC,12,3.6792116165161133,2.6813435554504395,10.526904106140137,0.342857,0.3252938348955821,-40.89049530029297,1
2SIC,13,6.151790618896484,4.916177272796631,22.147293090820312,0.057143,0.0902321397588531,-35.40044403076172,6
2SIC,14,3.5495898723602295,2.7798891067504883,7.997989177703857,0.428571,0.3948241480976891,-39.17125701904297,3
1BVN,0,3.820303440093994,6.552907466888428,11.159916877746582,0.0,0.13897492422682986,-39.00334930419922,2
1BVN,1,4.113068103790283,7.124161243438721,12.279000282287598,0.0,0.12213542501106184,-46.357261657714844,0
1BVN,2,6.641245365142822,9.651695251464844,20.691667556762695,0.0,0.05598983979258119,-37.97705841064453,1
1BVN,3,8.653485298156738,14.191149711608887,26.887741088867188,0.0,0.03396885122582117,-52.891693115234375,0
1BVN,4,7.36785364151001,11.4973783493042,24.398494720458984,0.0,0.04165663380813193,-43.36421585083008,2
1BVN,5,5.307530403137207,7.59623384475708,16.164810180664062,0.0,0.08471268007244086,-40.24367141723633,1
1BVN,6,8.543414115905762,10.053139686584473,27.283702850341797,0.230769,0.11367269090369868,-31.30706214904785,34
1BVN,7,8.061996459960938,13.630683898925781,24.889909744262695,0.0,0.03880309516941589,-46.0897102355957,0
1BVN,8,8.49827766418457,14.15114974975586,26.48561668395996,0.0,0.03482956983740778,-50.85390090942383,0
1BVN,9,6.41098165512085,10.277352333068848,21.40606117248535,0.0,0.052352595483166085,-45.01698684692383,1
1BVN,10,11.41162109375,16.15669822692871,36.59775924682617,0.0,0.01990904444215733,-51.253456115722656,0
1BVN,11,7.754471778869629,11.470375061035156,26.200302124023438,0.0,0.037347213759033555,-50.467472076416016,0
1BVN,12,7.342377185821533,12.83753490447998,21.93704605102539,0.0,0.048001861172664605,-56.01065444946289,0
1BVN,13,11.51885986328125,16.71491241455078,36.99269485473633,0.0,0.019379291205577274,-47.524330139160156,0
1BVN,14,6.9919352531433105,10.168506622314453,21.596662521362305,0.0,0.051808238169233585,-41.30189895629883,0
1E6J,0,29.34609031677246,22.924495697021484,55.06012725830078,0.0,0.009180176679890918,-14.478130340576172,16
1E6J,1,27.866336822509766,16.60090446472168,57.20352554321289,0.0,0.009900286466107952,-14.094596862792969,1
1E6J,2,29.737491607666016,28.406187057495117,54.15877151489258,0.0,0.008940179130200447,-14.149203300476074,10
1E6J,3,38.86052322387695,20.9324893951416,129.7849578857422,0.0,0.003126592372459266,-18.579402923583984,38
1E6J,4,27.119611740112305,24.061609268188477,52.23860549926758,0.0,0.009888154602803845,-15.338794708251953,2
1E6J,5,14.33924388885498,9.564424514770508,42.57841873168945,0.0,0.02077699952492338,-10.878807067871094,42
1E6J,6,32.5544319152832,23.818723678588867,65.0810775756836,0.0,0.006907394404540809,-14.38288688659668,51
1E6J,7,29.649118423461914,22.698707580566406,54.793556213378906,0.0,0.009282366173795168,-12.365782737731934,33
1E6J,8,29.754608154296875,24.154613494873047,54.94591522216797,0.0,0.009071201499621546,-12.340140342712402,26
1E6J,9,28.449251174926758,20.09177017211914,53.59257125854492,0.0,0.0100269434085096,-11.589065551757812,16
1E6J,10,30.164098739624023,18.51947593688965,63.122196197509766,0.0,0.008109258440401305,-19.111331939697266,1
1E6J,11,34.87355422973633,28.671293258666992,72.79376983642578,0.0,0.005393674920269719,-15.216781616210938,59
1E6J,12,31.28606414794922,18.715675354003906,60.1026725769043,0.0,0.008663746661374346,-14.91197395324707,25
1E6J,13,28.73065185546875,28.278152465820312,52.532920837402344,0.0,0.00943940284569422,-12.551539421081543,13
1E6J,14,29.098960876464844,26.27349853515625,55.392662048339844,0.0,0.008751352807041542,-13.487386703491211,31
2IDO,0,8.829206466674805,8.591989517211914,21.88844871520996,0.0,0.053539374972786415,-38.4281120300293,0
2IDO,1,20.356834411621094,16.2431583404541,44.376502990722656,0.0,0.014615335761754986,-46.6756591796875,0
2IDO,2,12.25536823272705,12.449886322021484,30.94829750061035,0.0,0.028150292832689338,-31.485244750976562,11
2IDO,3,17.420516967773438,14.509535789489746,38.418212890625,0.0,0.019080431053326227,-36.17805099487305,2
2IDO,4,19.120874404907227,15.49058723449707,42.9764404296875,0.0,0.015644979972871138,-33.03757095336914,3
2IDO,5,17.14867401123047,13.743270874023438,36.52595138549805,0.0,0.021048240925905987,-27.570308685302734,23
2IDO,6,13.203736305236816,14.242788314819336,32.6474609375,0.0,0.024817502312386743,-31.046056747436523,14
2IDO,7,11.84260082244873,12.327564239501953,31.402420043945312,0.0,0.02761850852272486,-33.99069595336914,4
2IDO,8,16.507278442382812,12.901530265808105,35.6428108215332,0.0,0.02238280628916493,-27.57600212097168,20
2IDO,9,18.428834915161133,15.991785049438477,39.393882751464844,0.0,0.017735591118389047,-32.988033294677734,8
2IDO,10,17.331707000732422,14.106579780578613,36.62061309814453,0.0,0.020767053174485493,-25.671215057373047,31
2IDO,11,16.228261947631836,13.380447387695312,35.673118591308594,0.0,0.022045302991510012,-33.057762145996094,3
2IDO,12,13.557674407958984,13.431526184082031,37.49744415283203,0.0,0.020397225295462867,-32.64936065673828,5
2IDO,13,12.570392608642578,12.546323776245117,32.959571838378906,0.0,0.025484354847583685,-33.50899887084961,5
2IDO,14,15.34749984741211,12.649876594543457,33.76338195800781,0.0,0.02448914115990325,-32.217777252197266,3
4GAM,0,13.660910606384277,29.74489402770996,58.120582580566406,0.0,0.007825704704936189,-18.16098403930664,17
4GAM,1,13.472005844116211,28.282426834106445,57.47441101074219,0.0,0.008069615316751065,-30.417949676513672,1
4GAM,2,18.98042869567871,39.29238510131836,81.86536407470703,0.0,0.004040240220353249,-15.636801719665527,7
4GAM,3,13.860002517700195,29.631956100463867,58.89010238647461,0.0,0.007654615783400236,-15.233205795288086,17
4GAM,4,7.39634370803833,19.802244186401367,30.6776123046875,0.0,0.02566740823994261,-13.959087371826172,17
4GAM,5,13.47169303894043,27.14972496032715,57.31782150268555,0.0,0.008187213350145753,-15.676313400268555,23
4GAM,6,6.686519145965576,17.546310424804688,27.733856201171875,0.0,0.031040754437738325,-14.901592254638672,25
4GAM,7,3.7161810398101807,9.021740913391113,15.474143028259277,0.0,0.08623149366292877,-16.054824829101562,9
4GAM,8,18.018054962158203,36.70962905883789,77.88117980957031,0.0,0.004479437406436654,-13.120025634765625,16
4GAM,9,13.792180061340332,30.059213638305664,58.6461181640625,0.0,0.0076861802976500694,-19.146589279174805,10
4GAM,10,17.77047348022461,38.87026596069336,76.67797088623047,0.0,0.0045420768478424195,-15.107049942016602,10
4GAM,11,11.30084228515625,25.485876083374023,48.39035415649414,0.0,0.01112773199292498,-15.03041934967041,23
4GAM,12,13.403388023376465,27.853097915649414,57.68819808959961,0.0,0.008046916553618439,-11.870733261108398,35
4GAM,13,3.731804132461548,8.961953163146973,15.526965141296387,0.0,0.08594446507846458,-13.044225692749023,11
4GAM,14,15.10842227935791,29.044137954711914,65.5805435180664,0.0,0.006393928792709899,-14.335196495056152,3
2A5T,0,18.750057220458984,12.635150909423828,31.889589309692383,0.0,0.02674368653489102,-25.491132736206055,17
2A5T,1,14.136734008789062,10.995192527770996,29.669116973876953,0.0,0.03137458478078232,-26.93370819091797,25
2A5T,2,19.380859375,13.1037015914917,32.63037109375,0.0,0.02549304758595922,-26.33058738708496,19
2A5T,3,16.582523345947266,12.46091365814209,29.666227340698242,0.0,0.030049887085549457,-27.83567237854004,14
2A5T,4,18.50661849975586,12.691396713256836,31.501453399658203,0.0,0.02721430226114944,-27.086124420166016,15
2A5T,5,16.236371994018555,12.130682945251465,29.67578887939453,0.0,0.030293624724148663,-27.944894790649414,15
2A5T,6,16.783843994140625,12.482087135314941,30.83796501159668,0.0,0.02828183535077776,-24.759584426879883,24
2A5T,7,15.230864524841309,11.042798042297363,27.429067611694336,0.0,0.035244915703593845,-24.31776237487793,32
2A5T,8,17.692331314086914,12.889185905456543,30.564157485961914,0.0,0.028383940037638222,-24.904298782348633,29
2A5T,9,12.368938446044922,10.218504905700684,23.583290100097656,0.0,0.045354703077766324,-23.76625633239746,24
2A5T,10,20.032974243164062,13.477298736572266,32.870121002197266,0.0,0.024971648024075005,-25.390621185302734,26
2A5T,11,13.878203392028809,10.93155288696289,25.054445266723633,0.0,0.04056620203455736,-22.960298538208008,53
2A5T,12,17.487653732299805,12.431549072265625,30.412925720214844,0.0,0.02893441588333211,-27.021934509277344,20
2A5T,13,18.29002571105957,13.373849868774414,31.83338737487793,0.0,0.02632518827028719,-26.156112670898438,29
2A5T,14,19.722667694091797,13.237195014953613,32.418373107910156,0.0,0.025667683721278794,-24.162696838378906,24
4H03,0,34.13136672973633,38.75661849975586,96.01844787597656,0.0,0.0030904555167898923,-28.548377990722656,7
4H03,1,19.530433654785156,16.58853530883789,29.901348114013672,0.0,0.02762558860205204,-35.00864791870117,11
4H03,2,17.173568725585938,16.270645141601562,26.49540901184082,0.0,0.03391425989733909,-33.33601760864258,9
4H03,3,32.785465240478516,37.97705841064453,89.49952697753906,0.0,0.003498928138605087,-28.096113204956055,20
4H03,4,20.443965911865234,17.498247146606445,31.29246711730957,0.0,0.025336076281168116,-34.97544860839844,7
4H03,5,20.74287223815918,17.954980850219727,32.23897933959961,0.0,0.023975745332567494,-37.57222366333008,1
4H03,6,20.459850311279297,16.62332534790039,32.71442794799805,0.0,0.023771980046219957,-34.32291030883789,18
4H03,7,20.872488021850586,18.39594841003418,31.784381866455078,0.0,0.02444954877955581,-34.6423225402832,10
4H03,8,22.62643814086914,18.900259017944336,34.9112663269043,0.0,0.020740523633183572,-35.812469482421875,10
4H03,9,20.610057830810547,17.12323760986328,32.264015197753906,0.0,0.02417245871429315,-28.650047302246094,13
4H03,10,20.125282287597656,18.117664337158203,31.075592041015625,0.0,0.02547224757511549,-35.7061882019043,4
4H03,11,24.056516647338867,28.85992431640625,70.48371887207031,0.0,0.005676292550186909,-36.27558898925781,14
4H03,12,19.12723159790039,15.40773868560791,31.990646362304688,0.0,0.02511041922788919,-33.26065444946289,9
4H03,13,34.66044235229492,39.53635787963867,92.68834686279297,0.0,0.0032590193441107093,-27.829227447509766,7
4H03,14,35.23777389526367,39.712562561035156,93.59036254882812,0.0,0.0032018927355717246,-27.74689483642578,7
3BP8,0,9.838850021362305,14.06953239440918,37.38089370727539,0.0,0.02013410982371455,-19.077842712402344,16
3BP8,1,14.226616859436035,18.800312042236328,54.296077728271484,0.0,0.0100822926167818,-36.22026062011719,0
3BP8,2,16.96126937866211,17.936742782592773,60.530487060546875,0.0,0.008760941777070567,-15.70919132232666,24
3BP8,3,15.457656860351562,21.133583068847656,56.520721435546875,0.0,0.0090428847737275,-22.021480560302734,17
3BP8,4,11.037309646606445,12.425765037536621,41.156002044677734,0.0,0.018424462538342717,-30.536237716674805,3
3BP8,5,11.95263957977295,17.70993995666504,46.13375473022461,0.0,0.01331834700035378,-23.949182510375977,7
3BP8,6,14.310460090637207,16.800113677978516,52.14736557006836,0.0,0.01126333982408888,-16.905601501464844,11
3BP8,7,12.145042419433594,18.439533233642578,47.08795166015625,0.0,0.012710196097386545,-22.00975799560547,3
3BP8,8,11.155314445495605,15.254571914672852,41.059391021728516,0.0,0.016890458322569003,-21.38068199157715,19
3BP8,9,21.224672317504883,24.538822174072266,74.16633605957031,0.0,0.005562404092188035,-16.36326789855957,35
3BP8,10,10.595260620117188,16.364511489868164,41.102882385253906,0.0,0.016447823288419258,-30.82765769958496,0
3BP8,11,13.787453651428223,15.385232925415039,50.713157653808594,0.0,0.01224707868868668,-19.75124168395996,12
3BP8,12,23.040950775146484,29.692554473876953,81.52740478515625,0.0,0.0044328943624453365,-22.576200485229492,12
3BP8,13,11.150152206420898,14.467556953430176,41.274383544921875,0.0,0.017106863935764494,-21.422147750854492,16
3BP8,14,19.784440994262695,25.561511993408203,72.12065887451172,0.0,0.005710657587399133,-25.286590576171875,3
1XQS,0,15.27441692352295,13.276487350463867,29.414485931396484,0.0,0.02989125554483538,-39.391578674316406,0
1XQS,1,21.78412437438965,13.387572288513184,41.11372375488281,0.0,0.01779637123511743,-37.40000915527344,2
1XQS,2,21.764087677001953,13.212090492248535,41.83133316040039,0.0,0.017459131732149514,-37.95299530029297,0
1XQS,3,14.410762786865234,14.282236099243164,31.89366912841797,0.0,0.025742507505843965,-37.588008880615234,0
1XQS,4,23.877016067504883,14.988004684448242,44.39308547973633,0.0,0.015093805227002793,-31.198911666870117,1
1XQS,5,21.120712280273438,11.167325973510742,41.55410385131836,0.0,0.01929452595773414,-39.7770881652832,0
1XQS,6,12.005558013916016,13.476720809936523,30.158235549926758,0.0,0.028609469886901797,-32.93705749511719,1
1XQS,7,13.286676406860352,13.321609497070312,29.313806533813477,0.0,0.03002625764167798,-39.4115104675293,0
1XQS,8,24.15216064453125,14.210394859313965,45.54018783569336,0.0,0.014894733190177317,-33.37550735473633,1
1XQS,9,13.811514854431152,11.756744384765625,27.034439086914062,0.0,0.03532673529169545,-30.919782638549805,0
1XQS,10,21.141826629638672,11.140542984008789,41.09636688232422,0.0,0.019610031451731597,-31.813379287719727,4
1XQS,11,20.549083709716797,12.280888557434082,40.184898376464844,0.0,0.01917490314590126,-43.50276184082031,1
1XQS,12,19.294963836669922,14.08121109008789,35.77008056640625,0.0,0.021556507769698568,-29.60395050048828,10
1XQS,13,23.78615951538086,17.028331756591797,45.3876953125,0.0,0.013861182389403747,-29.423343658447266,6
1XQS,14,21.662517547607422,12.485280990600586,39.46786880493164,0.0,0.019518255328475224,-38.326717376708984,1
2J7P,0,12.998480796813965,9.870294570922852,23.26108169555664,0.0,0.04679127779491213,-38.7668342590332,1
2J7P,1,14.21857738494873,10.79047679901123,25.33102798461914,0.0,0.040053645651244106,-44.1400260925293,1
2J7P,2,6.937092304229736,6.058775901794434,13.34237003326416,0.2,0.18214764237585138,-44.0074348449707,0
2J7P,3,8.104691505432129,7.482158660888672,28.085535049438477,0.0,0.04084917725869703,-25.339527130126953,13
2J7P,4,20.064403533935547,14.715069770812988,38.625572204589844,0.0,0.018824781112540694,-28.469087600708008,3
2J7P,5,15.122185707092285,11.58255386352539,32.332794189453125,0.0,0.027046314047950035,-27.220767974853516,4
2J7P,6,15.14004135131836,11.451889038085938,27.218168258666992,0.0,0.0352422970672396,-42.47539138793945,0
2J7P,7,3.661083936691284,2.925240993499756,7.261648654937744,0.066667,0.28431669477066307,-50.31772232055664,0
2J7P,8,5.461405277252197,5.70919942855835,19.135622024536133,0.0,0.07645576768879253,-43.16959762573242,0
2J7P,9,25.003992080688477,19.751447677612305,36.76759338378906,0.0,0.018822657909857262,-46.92051696777344,0
2J7P,10,28.56523323059082,23.995296478271484,70.00123596191406,0.0,0.006140903218740935,-32.85401153564453,0
2J7P,11,19.77200698852539,15.054998397827148,32.641380310058594,0.0,0.02444475597392887,-40.61498260498047,0
2J7P,12,6.3688883781433105,5.853356838226318,21.727806091308594,0.066667,0.08700621259687906,-35.728450775146484,1
2J7P,13,25.125205993652344,20.160022735595703,36.830116271972656,0.0,0.01869192045583023,-42.880470275878906,1
2J7P,14,13.79465103149414,10.543949127197266,26.551698684692383,0.0,0.03759790921061935,-34.339637756347656,3
3HI6,0,7.418725967407227,6.251064777374268,15.726192474365234,0.166667,0.14906743502014058,-31.1048641204834,1
3HI6,1,23.31148338317871,16.907848358154297,69.5177993774414,0.0,0.0075130152629487995,-35.6030387878418,0
3HI6,2,29.68058967590332,24.52534294128418,86.7509765625,0.0,0.0044119528823852285,-39.81660842895508,1
3HI6,3,9.457632064819336,8.685853004455566,21.086570739746094,0.0,0.05624570055017453,-40.49018096923828,0
3HI6,4,41.93181610107422,57.507774353027344,104.46402740478516,0.0,0.0024190145283258776,0.0,0
3HI6,5,5.678958892822266,5.378702163696289,11.519827842712402,0.333333,0.2526691904114903,-32.75428009033203,2
3HI6,6,25.858564376831055,21.22638702392578,69.88294219970703,0.0,0.006515877267446249,-34.06671142578125,4
3HI6,7,34.24502944946289,29.175498962402344,101.28091430664062,0.0,0.0032101566882091776,-38.23933029174805,0
3HI6,8,21.579561233520508,14.657580375671387,58.21202087402344,0.0,0.010413426403442054,-39.556922912597656,0
3HI6,9,20.35211753845215,13.765928268432617,60.65812301635742,0.0,0.010330711152088506,-39.49432373046875,0
3HI6,10,21.495698928833008,19.27756118774414,55.77006149291992,0.0,0.009573329171007781,-41.48609924316406,0
3HI6,11,19.222919464111328,13.179156303405762,56.58993148803711,0.0,0.011617242819610726,-42.839141845703125,0
3HI6,12,9.24763011932373,8.221095085144043,21.817522048950195,0.0,0.05466669110149217,-35.835391998291016,0
3HI6,13,20.774478912353516,12.547391891479492,53.65171432495117,0.0,0.012858435564595344,-29.766389846801758,7
3HI6,14,17.763521194458008,11.503852844238281,49.57638168334961,0.0,0.015091385762546266,-37.18657684326172,0
2MTA,0,8.279056549072266,10.714651107788086,20.306621551513672,0.5,0.22277041398779304,-39.7067756652832,0
2MTA,1,5.123749732971191,5.952078819274902,13.228679656982422,0.0,0.11731150297095384,-39.351619720458984,0
2MTA,2,19.677515029907227,16.267370223999023,57.883487701416016,0.0,0.009846536204045617,-31.343624114990234,3
2MTA,3,25.606369018554688,25.622953414916992,72.60082244873047,0.0,0.005645804213626216,-44.98934555053711,3
2MTA,4,7.202676773071289,9.033523559570312,17.89340591430664,0.0,0.07031475687489024,-36.07001495361328,0
2MTA,5,20.71921157836914,18.522674560546875,60.60357666015625,0.0,0.008602497975549765,-52.44767761230469,0
2MTA,6,8.138561248779297,10.668148040771484,19.709489822387695,0.5,0.2254028112476868,-30.10476303100586,2
2MTA,7,18.75400733947754,16.666278839111328,57.28772735595703,0.0,0.009858624155524869,-47.625755310058594,0
2MTA,8,18.24689292907715,16.292526245117188,53.808353424072266,0.0,0.010917135908606148,-34.04124069213867,0
2MTA,9,8.358277320861816,10.843231201171875,20.537460327148438,1.0,0.3883404350415631,-34.96723937988281,1
2MTA,10,1.7084147930145264,2.0424699783325195,4.37038516998291,0.5,0.5470957215546218,-32.728614807128906,1
2MTA,11,22.627641677856445,21.034902572631836,67.1036376953125,0.0,0.006950411363659609,-59.200584411621094,0
2MTA,12,3.647772789001465,4.392282485961914,9.076021194458008,0.0,0.19056948546644312,-34.436302185058594,2
2MTA,13,19.65230941772461,17.024747848510742,58.79923629760742,0.0,0.009390930647663638,-58.49094009399414,0
2MTA,14,3.7171826362609863,4.324506759643555,9.686501502990723,0.0,0.18080911220050513,-34.05506896972656,1
6EY6,0,29.67691993713379,24.301034927368164,45.16814422607422,0.0,0.012666076325556356,-33.14055633544922,0
6EY6,1,27.942180633544922,21.33332061767578,46.658042907714844,0.0,0.01234724551324389,-20.0660343170166,20
6EY6,2,24.99385643005371,23.536916732788086,47.93646240234375,0.0,0.011509429386654344,-25.190927505493164,3
6EY6,3,16.733928680419922,12.871292114257812,33.1986083984375,0.0,0.024973375740635795,-28.379066467285156,0
6EY6,4,20.333972930908203,15.755803108215332,36.03199005126953,0.0,0.020566033518273064,-21.7928466796875,8
6EY6,5,20.947219848632812,15.876509666442871,35.58790969848633,0.0,0.02093854243811323,-22.27099609375,14
6EY6,6,25.797847747802734,19.840974807739258,43.42546463012695,0.0,0.014194183616454352,-26.356189727783203,9
6EY6,7,20.708772659301758,17.34629249572754,38.57584762573242,0.0,0.01790868351578834,-23.81781005859375,8
6EY6,8,24.797666549682617,17.944400787353516,44.701805114746094,0.0,0.013944662443802732,-24.35866355895996,9
6EY6,9,19.732343673706055,24.01046371459961,54.141300201416016,0.0,0.009314232853052702,-18.666404724121094,10
6EY6,10,25.478477478027344,18.73868751525879,37.65312194824219,0.0,0.018285539291048526,-25.205842971801758,8
6EY6,11,27.656782150268555,22.36079216003418,45.29969787597656,0.0,0.012830265801186123,-17.828571319580078,13
6EY6,12,26.710508346557617,21.940475463867188,42.79578399658203,0.0,0.014201367231940059,-22.197359085083008,13
6EY6,13,28.670455932617188,22.788053512573242,46.57579803466797,0.0,0.012182063820816486,-26.212656021118164,2
6EY6,14,25.26874542236328,18.725828170776367,39.10213088989258,0.0,0.017165760447119278,-26.253511428833008,9
1GL1,0,4.023181915283203,6.02603006362915,12.000304222106934,0.074074,0.15550426368072637,-50.229820251464844,0
1GL1,1,8.955317497253418,10.386261940002441,30.40635871887207,0.0,0.03097120608132926,-46.755733489990234,1
1GL1,2,8.664071083068848,11.481205940246582,28.295249938964844,0.0,0.03318510922334276,-41.87456130981445,6
1GL1,3,6.886006832122803,10.699708938598633,20.70417022705078,0.0,0.05450378276382232,-63.23663330078125,0
1GL1,4,3.6939620971679688,4.979191303253174,12.106821060180664,0.0,0.137791725779057,-57.918087005615234,0
1GL1,5,5.165987014770508,7.00759220123291,17.152185440063477,0.111111,0.11736194971475351,-54.87729263305664,0
1GL1,6,5.905571937561035,8.239014625549316,18.03146743774414,0.0,0.07129893270258188,-57.800724029541016,0
1GL1,7,7.009678363800049,10.546064376831055,21.207063674926758,0.0,0.05274728477177493,-65.96907806396484,0
1GL1,8,11.536506652832031,14.40826416015625,36.572998046875,0.0,0.020656401295055107,-43.27271270751953,6
1GL1,9,4.327879905700684,5.435575485229492,14.39127254486084,0.0,0.10979760493891266,-57.93864822387695,0
1GL1,10,6.9094133377075195,11.206825256347656,20.64004135131836,0.037037,0.06654698572237373,-53.384010314941406,0
1GL1,11,6.325950622558594,9.489327430725098,18.769315719604492,0.0,0.06485435067368236,-52.59382247924805,1
1GL1,12,4.31843376159668,5.981437683105469,14.073346138000488,0.0,0.10881806137682593,-63.379451751708984,0
1GL1,13,4.490978240966797,7.154119491577148,12.946882247924805,0.111111,0.15147455306280394,-46.40174102783203,3
1GL1,14,3.769388198852539,5.40278434753418,11.762763023376465,0.037037,0.15054953947807018,-55.306514739990234,0
1E96,0,19.704967498779297,10.717238426208496,31.25288200378418,0.090909,0.05966581338815577,-42.398414611816406,12
1E96,1,17.32950210571289,13.194478988647461,32.805240631103516,0.0,0.025223633073299837,-46.73567581176758,1
1E96,2,18.83474349975586,12.306681632995605,38.5389404296875,0.0,0.020342310600437646,-46.70207595825195,3
1E96,3,7.650081157684326,4.486333847045898,22.79635238647461,0.363636,0.19541482194583112,-43.564353942871094,10
1E96,4,18.12961769104004,10.2591552734375,42.28486633300781,0.0,0.019922946401192885,-44.50661087036133,9
1E96,5,17.43947982788086,12.796883583068848,32.38655090332031,0.0,0.025998930678845886,-49.14251708984375,1
1E96,6,18.397863388061523,13.332388877868652,32.77519226074219,0.0,0.025173240564937544,-43.76626968383789,4
1E96,7,19.160058975219727,12.729804992675781,33.58901596069336,0.0,0.024626431499942102,-44.086891174316406,2
1E96,8,6.675552845001221,6.630812168121338,30.339670181274414,0.0,0.040486880186110304,-48.8415412902832,1
1E96,9,16.297529220581055,9.430526733398438,31.368024826049805,0.0,0.031026855910916872,-44.425559997558594,3
1E96,10,5.984269618988037,6.1763763427734375,28.356632232666016,0.0,0.046046901771548965,-46.340728759765625,3
1E96,11,18.679012298583984,13.440886497497559,36.239383697509766,0.0,0.021482309349282164,-44.670406341552734,3
1E96,12,19.24610137939453,13.446487426757812,34.79652404785156,0.0,0.02286746747280009,-44.0633544921875,4
1E96,13,18.245485305786133,13.301382064819336,34.845008850097656,0.0,0.022906948660157554,-44.00027084350586,6
1E96,14,19.865785598754883,10.643580436706543,31.6103572845459,0.090909,0.059271514269314124,-42.461204528808594,11
4POU,0,12.648435592651367,10.521730422973633,22.100666046142578,0.0,0.04959277689382292,-42.26327896118164,0
4POU,1,15.920562744140625,12.996092796325684,24.919960021972656,0.0,0.03912169270661432,-42.29832077026367,4
4POU,2,10.279404640197754,8.996526718139648,17.833559036254883,0.0,0.07072269061724115,-41.454010009765625,0
4POU,3,7.444087982177734,6.193857192993164,14.782110214233398,0.076923,0.1269362844091267,-40.68353271484375,0
4POU,4,7.115060329437256,6.398471355438232,15.127074241638184,0.0,0.09735520178771194,-42.47258377075195,0
4POU,5,15.97804069519043,12.402959823608398,24.795421600341797,0.0,0.03985771021258233,-41.70853042602539,2
4POU,6,59.523719787597656,60.59703063964844,123.34483337402344,0.0,0.0017796186069204392,0.0,0
4POU,7,8.768990516662598,6.978145122528076,19.641040802001953,0.0,0.06730324610938103,-41.56678771972656,2
4POU,8,6.7856621742248535,5.555685520172119,13.474638938903809,0.076923,0.14317395585974005,-43.14712905883789,0
4POU,9,10.250168800354004,7.659319877624512,20.448383331298828,0.0,0.06142313608578446,-42.02029800415039,4
4POU,10,6.969570636749268,5.093482971191406,12.84007453918457,0.0,0.1281688905892583,-46.31689453125,1
4POU,11,6.27053165435791,5.296090126037598,11.714164733886719,0.0,0.13972544327360392,-46.371849060058594,0
4POU,12,10.255741119384766,8.502569198608398,18.146194458007812,0.0,0.07003947544148707,-42.68716049194336,0
4POU,13,9.662854194641113,7.278674125671387,17.712522506713867,0.0,0.07597452824570942,-43.661869049072266,3
4POU,14,7.6039862632751465,5.652522087097168,14.492912292480469,0.0,0.10724197437565741,-48.568172454833984,2
1RV6,0,15.684691429138184,18.277816772460938,40.5733642578125,0.0,0.016244546722265104,-40.65317916870117,0
1RV6,1,14.411457061767578,15.585556983947754,44.538307189941406,0.0,0.014773423496122507,-42.98344802856445,0
1RV6,2,23.307655334472656,21.87838363647461,69.5382080078125,0.0,0.0064666736887453,-45.82135009765625,0
1RV6,3,25.346290588378906,25.34299659729004,74.7778549194336,0.0,0.005415678998537308,-32.35995864868164,0
1RV6,4,13.505773544311523,12.852888107299805,28.582155227661133,0.0,0.03156362369693646,-45.02419662475586,0
1RV6,5,15.404311180114746,12.569660186767578,41.865509033203125,0.0,0.017876851439377197,-38.021846771240234,0
1RV6,6,23.870149612426758,23.836612701416016,68.90261840820312,0.0,0.006311516078436025,-42.404579162597656,0
1RV6,7,10.025689125061035,9.450333595275879,18.38254165649414,0.0,0.06690725831614586,-43.106571197509766,0
1RV6,8,13.254129409790039,12.614649772644043,28.171903610229492,0.0,0.032460301403321117,-42.580257415771484,0
1RV6,9,12.386713027954102,11.577704429626465,23.565963745117188,0.0,0.04387625539227256,-43.47644805908203,0
1RV6,10,23.634828567504883,23.770084381103516,69.37629699707031,0.0,0.006251863419226075,-41.528690338134766,0
1RV6,11,25.51753807067871,24.540199279785156,70.16206359863281,0.0,0.006062275307719599,-30.933401107788086,1
1RV6,12,25.87579917907715,28.791399002075195,68.26611328125,0.0,0.00599122667739357,-40.22886276245117,0
1RV6,13,12.281922340393066,12.116544723510742,23.31585693359375,0.0,0.04413549855465124,-45.816978454589844,0
1RV6,14,24.55852508544922,23.66415786743164,68.80442810058594,0.0,0.006344729456358416,-36.63771057128906,0
1AVX,0,19.675580978393555,23.228666305541992,55.74720764160156,0.0,0.008957593645485004,-48.80232238769531,0
1AVX,1,18.002971649169922,20.68790054321289,52.807395935058594,0.0,0.010161398223770338,-44.13642501831055,0
1AVX,2,20.424976348876953,24.337114334106445,60.880279541015625,0.0,0.007634982803715845,-49.3167839050293,0
1AVX,3,21.513900756835938,22.090606689453125,66.83346557617188,0.0,0.006835759565666452,-41.28886413574219,1
1AVX,4,21.881460189819336,23.704940795898438,59.70051574707031,0.0,0.007952224152775944,-47.13662338256836,0
1AVX,5,19.210763931274414,17.905040740966797,70.51553344726562,0.0,0.007097124970841594,-37.92551040649414,1
1AVX,6,23.532726287841797,25.47760009765625,66.60540008544922,0.0,0.006493167458068532,-46.92094802856445,0
1AVX,7,22.135822296142578,23.6967716217041,70.82754516601562,0.0,0.006062913308849876,-34.88123321533203,4
1AVX,8,20.807796478271484,21.215229034423828,56.091705322265625,0.0,0.009140773172657733,-50.79951477050781,0
1AVX,9,21.872066497802734,23.945295333862305,69.38784790039062,0.0,0.006231044274579943,-38.99191665649414,2
1AVX,10,19.336889266967773,17.021385192871094,71.32554626464844,0.0,0.007236379985050399,-40.67317581176758,0
1AVX,11,21.72941780090332,22.487327575683594,68.49303436279297,0.0,0.006532339446413332,-34.74456787109375,4
1AVX,12,21.635478973388672,22.099246978759766,69.68446350097656,0.0,0.006415524116574885,-36.47389221191406,2
1AVX,13,21.190196990966797,21.47935676574707,65.8937759399414,0.0,0.007073557559574356,-37.928104400634766,8
1AVX,14,21.57003402709961,21.178970336914062,59.889739990234375,0.0,0.00824560182799202,-37.12794876098633,3
6CWG,0,24.839590072631836,20.35145378112793,44.11626052856445,0.0,0.013732350723402396,-44.093814849853516,0
6CWG,1,23.36122703552246,19.427030563354492,36.27408981323242,0.0,0.019325814030001595,-41.462650299072266,8
6CWG,2,23.484792709350586,20.063602447509766,48.274749755859375,0.0,0.011876215035404822,-40.65815734863281,16
6CWG,3,23.001121520996094,21.40369415283203,33.45699691772461,0.0,0.021839701812455137,-44.76264572143555,0
6CWG,4,23.63092803955078,22.903547286987305,35.44136428833008,0.0,0.01955402367074279,-44.02466583251953,0
6CWG,5,24.382152557373047,21.772558212280273,55.11553955078125,0.0,0.009318561768787856,-42.3745231628418,1
6CWG,6,23.949983596801758,20.394866943359375,32.6239013671875,0.0,0.022982902801077083,-33.31195831298828,1
6CWG,7,24.387351989746094,23.09650230407715,44.374942779541016,0.0,0.01319758425481834,-47.58837890625,0
6CWG,8,18.527660369873047,16.14946174621582,32.166622161865234,0.0,0.024607757018915113,-39.68355941772461,13
6CWG,9,20.73949432373047,22.085721969604492,43.89909744262695,0.0,0.013575917488729236,-39.351688385009766,0
6CWG,10,23.999753952026367,21.395824432373047,42.533287048339844,0.0,0.014431547888242018,-41.14320755004883,0
6CWG,11,25.023637771606445,21.302268981933594,40.71695327758789,0.0,0.015564638699384702,-37.503814697265625,2
6CWG,12,24.5474910736084,21.346330642700195,35.41981506347656,0.0,0.019789115706632776,-45.98505401611328,0
6CWG,13,21.522335052490234,22.761869430541992,45.51823043823242,0.0,0.012673393534308484,-50.23907470703125,0
6CWG,14,23.16875457763672,22.9538631439209,48.795467376708984,0.0,0.0112343404958817,-40.72154235839844,0
1TMQ,0,12.869453430175781,15.07193374633789,38.026371002197266,0.0,0.019131720458803552,-33.665260314941406,2
1TMQ,1,13.830439567565918,16.03510284423828,40.63722229003906,0.0,0.016863990105586396,-34.57258605957031,2
1TMQ,2,13.554637908935547,15.591684341430664,38.789791107177734,0.0,0.018329451438730108,-33.89041519165039,6
1TMQ,3,8.00724983215332,10.466137886047363,18.26519775390625,0.0,0.06604693309970303,-42.95381164550781,2
1TMQ,4,8.652156829833984,10.53933334350586,20.115385055541992,0.0,0.057119994198202136,-49.86231994628906,1
1TMQ,5,7.64445686340332,9.841354370117188,17.313596725463867,0.0,0.07230623392769066,-43.089481353759766,3
1TMQ,6,8.220602989196777,12.331094741821289,19.920799255371094,0.0,0.05620120635258733,-50.94655990600586,2
1TMQ,7,7.808420658111572,10.49650764465332,17.881925582885742,0.0,0.06810601111745111,-42.31999206542969,7
1TMQ,8,7.7816619873046875,11.079700469970703,17.97201919555664,0.0,0.0669324371506995,-43.49219512939453,2
1TMQ,9,7.243609428405762,9.520343780517578,16.48721694946289,0.0,0.07806808516854609,-39.36481857299805,6
1TMQ,10,8.411514282226562,10.746994018554688,19.15907859802246,0.0,0.06118907451774782,-47.943668365478516,2
1TMQ,11,8.106261253356934,9.576859474182129,19.207046508789062,0.0,0.06257243850534755,-56.929237365722656,0
1TMQ,12,7.7557902336120605,9.893345832824707,17.638084411621094,0.0,0.07031341463585473,-43.37670135498047,5
1TMQ,13,7.881017684936523,9.895774841308594,17.927148818969727,0.0,0.06866904942932002,-41.469207763671875,10
1TMQ,14,7.7097368240356445,9.316452026367188,18.0546875,0.0,0.06889978036235776,-60.904052734375,0
1JMO,0,23.02139663696289,18.49683380126953,63.366031646728516,0.0,0.008069750003858294,-34.02207946777344,3
1JMO,1,22.668588638305664,20.522151947021484,64.44355773925781,0.0,0.007471235663583283,-33.59918212890625,9
1JMO,2,27.944293975830078,19.79842758178711,72.51162719726562,0.0,0.006420744958074382,-39.0372200012207,1
1JMO,3,19.776288986206055,15.729460716247559,58.53604507446289,0.130435,0.05336582005598098,-33.36970138549805,12
1JMO,4,14.511659622192383,13.43548583984375,46.49553298950195,0.021739,0.02212998065618363,-32.71989822387695,4
1JMO,5,24.87590980529785,18.88348388671875,69.40721130371094,0.0,0.007015500384163691,-34.28895568847656,11
1JMO,6,18.739734649658203,16.737258911132812,60.74807357788086,0.0,0.009056693065694043,-35.66435623168945,1
1JMO,7,21.606260299682617,18.41695213317871,65.20677947998047,0.0,0.0077660813102672565,-29.060230255126953,8
1JMO,8,13.656612396240234,12.821093559265137,42.57872772216797,0.0,0.01727594023854077,-44.59938430786133,1
1JMO,9,6.471911907196045,5.984748363494873,14.143324851989746,0.108696,0.14438342676892355,-40.63412094116211,9
1JMO,10,25.260042190551758,19.567087173461914,66.33644104003906,0.0,0.007331869952205164,-43.62664794921875,0
1JMO,11,11.854065895080566,12.145373344421387,37.366241455078125,0.0,0.02140812063591087,-45.496219635009766,2
1JMO,12,24.650793075561523,19.131521224975586,68.51133728027344,0.0,0.007089674082752778,-40.4575080871582,0
1JMO,13,19.43592643737793,15.206188201904297,61.03245162963867,0.0,0.009554667579331795,-34.82241439819336,2
1JMO,14,26.548662185668945,19.170833587646484,67.09431457519531,0.0,0.007293669101987932,-45.252689361572266,0
5O1R,0,7.119132041931152,10.823920249938965,17.629959106445312,0.0,0.06915104651139546,-34.60348892211914,0
5O1R,1,5.0207366943359375,7.486152172088623,12.63701057434082,0.0,0.1166986728838001,-27.219053268432617,9
5O1R,2,21.837533950805664,20.819826126098633,57.71323013305664,0.0,0.008798257671002134,-32.1827507019043,21
5O1R,3,13.476893424987793,13.317985534667969,33.099308013916016,0.0,0.024798083832003104,-25.003299713134766,13
5O1R,4,10.793678283691406,13.191999435424805,25.011890411376953,0.0,0.03876564596125808,-24.945955276489258,7
5O1R,5,5.480486869812012,8.608437538146973,13.467235565185547,0.0,0.10478218600813978,-26.258399963378906,8
5O1R,6,11.590594291687012,13.822385787963867,26.48917579650879,0.0,0.03499818715394946,-30.981149673461914,1
5O1R,7,15.724143028259277,16.353010177612305,43.6556396484375,0.0,0.014956366213794883,-25.462949752807617,16
5O1R,8,16.401193618774414,17.169464111328125,44.81049346923828,0.0,0.0141021518940315,-29.129642486572266,11
5O1R,9,4.769261837005615,7.569516658782959,13.801210403442383,0.0,0.10426298465345994,-24.3333797454834,8
5O1R,10,9.66759204864502,12.856181144714355,24.663606643676758,0.0,0.0398651552456951,-32.26679992675781,0
5O1R,11,9.037161827087402,10.530353546142578,21.406877517700195,0.0,0.05202609905371961,-24.360193252563477,9
5O1R,12,13.011072158813477,14.356490135192871,36.18577575683594,0.0,0.021030278632021195,-31.39011573791504,0
5O1R,13,13.877685546875,14.840991973876953,39.491119384765625,0.0,0.018129476711707334,-25.852100372314453,4
5O1R,14,5.326855659484863,8.231269836425781,15.380452156066895,0.0,0.08870167438804173,-26.188352584838867,5
1PPE,0,8.271659851074219,10.568821907043457,28.705371856689453,0.0,0.03345310579452558,-46.440284729003906,1
1PPE,1,6.687868595123291,8.073149681091309,23.101612091064453,0.0,0.050869118823758136,-60.1661376953125,0
1PPE,2,5.88144588470459,7.05035400390625,20.054655075073242,0.0,0.06519656328152076,-54.797698974609375,0
1PPE,3,13.931482315063477,17.323373794555664,43.88280487060547,0.0,0.014534593427994458,-60.672664642333984,0
1PPE,4,8.745755195617676,11.507546424865723,30.20270347595215,0.0,0.030032681810795273,-65.25182342529297,0
1PPE,5,4.031518459320068,5.833727836608887,13.377100944519043,0.0,0.11654554279280936,-65.99811553955078,0
1PPE,6,9.92457103729248,13.392114639282227,34.0669059753418,0.0,0.02366539483053565,-52.45140075683594,0
1PPE,7,4.403366565704346,7.374875545501709,13.236200332641602,0.0,0.11056904786498963,-52.38118362426758,0
1PPE,8,10.872450828552246,14.400690078735352,36.82942581176758,0.0,0.0204350625656091,-66.05725860595703,0
1PPE,9,7.487457275390625,9.087432861328125,26.075634002685547,0.0,0.04085873765410164,-44.90614318847656,1
1PPE,10,13.43067741394043,16.771196365356445,42.02029037475586,0.0,0.01574862051227526,-50.30422592163086,3
1PPE,11,6.036171913146973,9.117595672607422,20.13521385192871,0.0,0.05920183049661851,-52.50505065917969,0
1PPE,12,6.623732089996338,9.738945007324219,21.655569076538086,0.0,0.05222298323244845,-59.24504470825195,0
1PPE,13,11.31976318359375,14.900585174560547,37.8498649597168,0.0,0.019347751770793155,-46.059112548828125,2
1PPE,14,8.047390937805176,10.880131721496582,27.772239685058594,0.0,0.03476756852500635,-52.28372573852539,0
1SBB,0,23.64113426208496,9.926068305969238,58.97260665893555,0.0,0.014226189229578926,-38.663429260253906,7
1SBB,1,20.991252899169922,18.282089233398438,49.02490234375,0.0,0.011956850499182152,-36.64231491088867,17
1SBB,2,24.20827865600586,11.451090812683105,56.16499328613281,0.0,0.013086773393494478,-36.058433532714844,2
1SBB,3,19.257976531982422,19.27654266357422,48.81563949584961,0.0,0.011815278249247947,-34.79288864135742,12
1SBB,4,20.804100036621094,19.094905853271484,49.7139778137207,0.0,0.011512071777541396,-36.0328483581543,8
1SBB,5,21.62392234802246,8.623679161071777,54.26104736328125,0.0,0.017772679328696805,-34.002994537353516,8
1SBB,6,24.30647850036621,12.786630630493164,54.89965057373047,0.0,0.012328444496303785,-36.78269577026367,19
1SBB,7,22.36792755126953,10.322468757629395,55.590293884277344,0.0,0.014508378560525179,-38.109100341796875,10
1SBB,8,23.78977394104004,16.51654815673828,56.63216781616211,0.0,0.01007051865104755,-34.25497817993164,2
1SBB,9,20.944988250732422,18.509403228759766,48.6666145324707,0.0,0.01204230194465085,-34.00956344604492,14
1SBB,10,23.58527946472168,14.050897598266602,53.155391693115234,0.0,0.012067110797284895,-37.27760314941406,19
1SBB,11,24.554344177246094,15.80347728729248,56.36238479614258,0.0,0.010388800964773633,-34.54737854003906,13
1SBB,12,19.274681091308594,13.919392585754395,56.815799713134766,0.0,0.011123889927672164,-36.54008865356445,16
1SBB,13,23.308841705322266,12.244184494018555,56.66046142578125,0.0,0.012265231065925702,-39.0855598449707,1
1SBB,14,22.56216812133789,13.996801376342773,56.74839401245117,0.0,0.011099126382157556,-36.08705139160156,6
1FQJ,0,20.280227661132812,14.856700897216797,46.539283752441406,0.0,0.014124008955275186,-26.777233123779297,30
1FQJ,1,14.181949615478516,11.762553215026855,32.98354721069336,0.0,0.026092543625399794,-37.906036376953125,0
1FQJ,2,24.155187606811523,19.824161529541016,59.74366760253906,0.0,0.008511019401042477,-30.45956802368164,0
1FQJ,3,17.35658836364746,15.342347145080566,38.16254806518555,0.0,0.018910913252054195,-38.968143463134766,0
1FQJ,4,14.014880180358887,11.196549415588379,34.874027252197266,0.0,0.02456889905740642,-34.96230697631836,2
1FQJ,5,10.414198875427246,12.376798629760742,25.910778045654297,0.0,0.03721184569074032,-31.08353614807129,4
1FQJ,6,22.824756622314453,17.437257766723633,60.47072982788086,0.0,0.008906976129806595,-32.097904205322266,1
1FQJ,7,17.145044326782227,14.906543731689453,37.80848693847656,0.0,0.019378467817548494,-31.55754852294922,2
1FQJ,8,17.00075340270996,13.874682426452637,39.01216125488281,0.0,0.01895781415797637,-33.195064544677734,3
1FQJ,9,16.717147827148438,14.732842445373535,36.47569274902344,0.0,0.020588817567183098,-31.489452362060547,0
1FQJ,10,12.71979808807373,12.552716255187988,30.792070388793945,0.0,0.028294577752703224,-29.84229278564453,6
1FQJ,11,14.067848205566406,13.03341007232666,30.06672477722168,0.0,0.029026457548129197,-22.39249038696289,58
1FQJ,12,17.01097869873047,14.535516738891602,37.946746826171875,0.0,0.01943833148166132,-31.336647033691406,1
1FQJ,13,9.721423149108887,12.797839164733887,24.88551139831543,0.0,0.03934284980857455,-33.15329360961914,0
1FQJ,14,14.676615715026855,15.213683128356934,33.452388763427734,0.0,0.0234249596660229,-30.708194732666016,1
1EFN,0,11.261578559875488,9.48928165435791,36.006736755371094,0.0,0.025721309263025603,-59.6818733215332,0
1EFN,1,14.907533645629883,13.313699722290039,42.55489730834961,0.0,0.016966890486652505,-58.2756462097168,0
1EFN,2,17.181842803955078,14.967310905456543,48.406044006347656,0.0,0.013285381852850308,-44.641414642333984,1
1EFN,3,12.534242630004883,11.085808753967285,31.19942855834961,0.0,0.02902487087543491,-63.55799102783203,0
1EFN,4,10.75985050201416,9.257547378540039,31.323410034179688,0.0,0.03138970726941472,-52.737606048583984,0
1EFN,5,8.568291664123535,9.600113868713379,14.945269584655762,0.0,0.08941354608220696,-53.59049987792969,0
1EFN,6,16.461997985839844,13.704315185546875,45.74557876586914,0.0,0.015070572851161998,-55.36643981933594,0
1EFN,7,11.80062198638916,11.285996437072754,35.32291030883789,0.0,0.02403150839322767,-49.848819732666016,0
1EFN,8,13.09774112701416,14.438414573669434,38.65190124511719,0.0,0.018935992045059243,-49.51008605957031,0
1EFN,9,6.0504631996154785,6.079331874847412,19.072147369384766,0.0,0.07436602236094153,-53.22314453125,0
1EFN,10,11.485824584960938,10.300467491149902,32.95142364501953,0.0,0.027718555492584517,-48.62550354003906,0
1EFN,11,15.158434867858887,13.524106979370117,41.392704010009766,0.0,0.017538222455553486,-48.22274398803711,0
1EFN,12,15.683111190795898,14.147414207458496,47.26565170288086,0.0,0.014147994239938622,-57.52555465698242,0
1EFN,13,10.731565475463867,9.677046775817871,35.46234893798828,0.0,0.025931144034531128,-61.88813400268555,0
1EFN,14,12.34421443939209,9.762393951416016,32.05644989013672,0.0,0.02958463044841313,-63.0500373840332,0
6B0S,0,6.429272651672363,8.466466903686523,19.866931915283203,0.0,0.06172096882682362,-29.40809440612793,5
6B0S,1,15.045581817626953,14.144789695739746,47.86996078491211,0.0,0.013895375679524506,-33.058143615722656,0
6B0S,2,13.532527923583984,9.883508682250977,42.37415313720703,0.0,0.020398799590529967,-35.53847122192383,1
6B0S,3,5.950532913208008,9.356358528137207,17.113264083862305,0.0,0.07431385720056786,-28.130599975585938,2
6B0S,4,8.122332572937012,11.060449600219727,23.753620147705078,0.083333,0.07163577665528788,-27.443490982055664,7
6B0S,5,7.322021484375,10.21400260925293,21.27693748474121,0.0,0.05291392159907976,-31.458208084106445,1
6B0S,6,13.083195686340332,15.257803916931152,40.63239288330078,0.0,0.017166403459210115,-31.410581588745117,1
6B0S,7,14.163097381591797,11.7184476852417,44.0880012512207,0.0,0.017319656903887495,-39.0875244140625,2
6B0S,8,12.963377952575684,14.97124195098877,40.61346435546875,0.0,0.01730097938571245,-31.006916046142578,6
6B0S,9,14.164788246154785,11.670849800109863,44.61178207397461,0.0,0.017093764252001334,-42.992652893066406,1
6B0S,10,13.739633560180664,15.933918952941895,43.388038635253906,0.0,0.015248366867409886,-32.3262939453125,6
6B0S,11,14.475442886352539,12.641656875610352,45.51750564575195,0.0,0.015860282184340175,-36.2124137878418,2
6B0S,12,13.932784080505371,11.98509407043457,43.550785064697266,0.0,0.017372514733190215,-39.18138122558594,2
6B0S,13,12.244333267211914,10.006834983825684,37.26602554321289,0.0,0.023809234984795886,-26.146940231323242,19
6B0S,14,8.060604095458984,9.812411308288574,24.318634033203125,0.083333,0.07167872716793015,-28.76791763305664,1
2OUL,0,13.219205856323242,11.262582778930664,38.22483444213867,0.0,0.0215156024688694,-43.972930908203125,3
2OUL,1,9.765445709228516,8.774176597595215,34.171791076660156,0.0,0.028888022717569767,-63.01642608642578,0
2OUL,2,13.756913185119629,11.978348731994629,40.47203063964844,0.0,0.019228357460495057,-49.42198181152344,5
2OUL,3,7.604848384857178,5.952828407287598,23.19147491455078,0.130435,0.1028542936523291,-43.61281204223633,0
2OUL,4,10.227685928344727,8.652275085449219,38.50925064086914,0.173913,0.08318268892309101,-34.92051696777344,6
2OUL,5,9.58392333984375,8.95856761932373,30.776784896850586,0.043478,0.04720652835384434,-43.80851364135742,1
2OUL,6,11.867674827575684,11.724898338317871,29.742935180664062,0.0,0.03053603690719707,-46.19911575317383,1
2OUL,7,6.94759464263916,6.575545787811279,17.192773818969727,0.217391,0.15442364808986025,-43.398048400878906,3
2OUL,8,12.2366943359375,11.091521263122559,40.280757904052734,0.0,0.020197201158858202,-51.47517776489258,0
2OUL,9,11.345412254333496,9.703091621398926,34.815853118896484,0.086957,0.05551649253168517,-41.672969818115234,1
2OUL,10,21.687326431274414,20.65018653869629,68.81005096435547,0.0,0.006759534526265282,-60.91175079345703,0
2OUL,11,7.790572643280029,6.546481132507324,25.303743362426758,0.043478,0.0649197868427121,-52.69089126586914,0
2OUL,12,11.370347023010254,10.754587173461914,33.64177703857422,0.0,0.026363172065653962,-41.45405960083008,3
2OUL,13,5.875761032104492,5.471708297729492,21.932384490966797,0.304348,0.16827712214803858,-40.18329620361328,2
2OUL,14,11.983619689941406,10.925679206848145,37.9254264831543,0.043478,0.03660241129478487,-36.925167083740234,4
1YVB,0,15.389888763427734,12.303396224975586,47.22316360473633,0.0,0.01534272132416884,-45.861244201660156,3
1YVB,1,10.193384170532227,10.23673152923584,22.44544792175293,0.115385,0.08727619810422155,-52.558223724365234,0
1YVB,2,6.151001453399658,6.423430442810059,15.19886589050293,0.269231,0.1863968772832377,-42.75446701049805,7
1YVB,3,9.719473838806152,8.353402137756348,30.20840072631836,0.192308,0.09897020492107467,-38.91891860961914,4
1YVB,4,5.683577537536621,5.803935527801514,14.53390121459961,0.384615,0.23403036813267283,-41.13484191894531,5
1YVB,5,4.109744071960449,3.125551223754883,15.250244140625,0.307692,0.2439732227597057,-44.52019119262695,0
1YVB,6,11.94359016418457,9.058002471923828,45.69525146484375,0.076923,0.045686182640676205,-36.3642692565918,5
1YVB,7,12.150901794433594,9.124284744262695,44.66090774536133,0.153846,0.07170587680444325,-39.40813446044922,3
1YVB,8,3.9912965297698975,4.14680290222168,14.430570602416992,0.192308,0.18853228886978904,-53.854042053222656,0
1YVB,9,19.27541732788086,16.754810333251953,61.967830657958984,0.0,0.008806282243071636,-49.078224182128906,0
1YVB,10,9.704743385314941,7.138075828552246,37.342002868652344,0.038462,0.04333820678116898,-38.27627182006836,6
1YVB,11,9.386612892150879,9.500093460083008,19.72391700744629,0.192308,0.12442008369078343,-45.24803924560547,2
1YVB,12,12.17657470703125,11.636625289916992,48.259273529052734,0.0,0.015477840360655698,-29.96896743774414,0
1YVB,13,10.254695892333984,9.965412139892578,23.91267967224121,0.0,0.04477747165124333,-48.179988861083984,0
1YVB,14,5.78287410736084,3.876331090927124,18.702945709228516,0.192308,0.1645783628186307,-47.762725830078125,0
2B42,0,20.638917922973633,18.103111267089844,61.354190826416016,0.0,0.008550196822546147,-53.634822845458984,5
2B42,1,21.804296493530273,19.064327239990234,65.67528533935547,0.0,0.007542460106317413,-61.91466522216797,0
2B42,2,12.824358940124512,12.803125381469727,41.056941986083984,0.0,0.01821333309811675,-51.39870834350586,2
2B42,3,21.00719451904297,18.113582611083984,63.50565719604492,0.0,0.008136823286878743,-54.86234664916992,3
2B42,4,10.884360313415527,11.208702087402344,36.15147399902344,0.0,0.023326722479943374,-51.344905853271484,2
2B42,5,22.715309143066406,21.320308685302734,64.11772155761719,0.0,0.00739881004651207,-52.152496337890625,4
2B42,6,13.427541732788086,13.182403564453125,24.437843322753906,0.0,0.040235105209814,-61.16832733154297,0
2B42,7,14.355534553527832,14.650261878967285,25.397348403930664,0.0,0.03703426692480477,-54.641014099121094,2
2B42,8,21.41829490661621,19.25261116027832,61.64143371582031,0.0,0.008231196283409964,-57.8054084777832,0
2B42,9,15.036419868469238,14.390938758850098,44.79383087158203,0.0,0.015168091346051888,-53.50830841064453,4
2B42,10,20.097488403320312,18.487180709838867,64.38909912109375,0.0,0.007889446805480496,-51.61005783081055,2
2B42,11,20.86098861694336,18.613174438476562,64.46305084228516,0.0,0.00784735415732201,-55.320159912109375,2
2B42,12,24.077695846557617,20.69835662841797,62.6156120300293,0.0,0.00777290596189958,-57.23168182373047,2
2B42,13,13.730865478515625,13.504460334777832,24.429616928100586,0.0,0.040058369072930484,-53.14554977416992,5
2B42,14,21.279987335205078,19.316486358642578,65.14047241210938,0.0,0.007578611829502258,-61.05664825439453,0
1MQ8,0,16.270034790039062,13.152610778808594,59.77406692504883,0.0,0.010886697992825716,-47.3714485168457,0
1MQ8,1,14.71010971069336,14.34649658203125,21.553815841674805,0.0,0.04846773315225197,-33.738529205322266,3
1MQ8,2,17.727922439575195,16.33734130859375,37.55420684814453,0.0,0.01903079141479195,-33.83050537109375,4
1MQ8,3,11.433208465576172,7.80328893661499,19.15903091430664,0.0,0.06669787865554817,-38.301605224609375,4
1MQ8,4,12.998300552368164,11.131810188293457,59.119258880615234,0.0,0.01269556085653123,-37.084754943847656,0
1MQ8,5,20.99978256225586,21.243549346923828,56.64246368408203,0.0,0.008994758721522752,-38.056861877441406,1
1MQ8,6,29.446332931518555,37.31698226928711,75.64814758300781,0.0,0.004693667531138718,-38.54765701293945,0
1MQ8,7,16.286636352539062,11.873542785644531,25.271724700927734,0.0,0.03911306091174933,-43.52595138549805,0
1MQ8,8,11.71624755859375,8.877581596374512,59.19247055053711,0.0,0.01598695514499802,-39.68446731567383,0
1MQ8,9,12.053436279296875,9.671979904174805,58.77423858642578,0.0,0.014657972464321198,-36.6601676940918,2
1MQ8,10,13.735030174255371,13.740595817565918,20.430938720703125,0.0,0.05310804809230186,-37.201480865478516,0
1MQ8,11,15.458268165588379,11.889634132385254,42.987022399902344,0.0,0.01776488070468747,-39.28662109375,2
1MQ8,12,18.849842071533203,11.7797212600708,57.08046340942383,0.0,0.012550002555676633,-41.71540832519531,0
1MQ8,13,12.883146286010742,11.075943946838379,60.02614974975586,0.0,0.012556123431464073,-45.151546478271484,0
1MQ8,14,13.457354545593262,10.495448112487793,37.86452102661133,0.0,0.022664221853349528,-44.132057189941406,0
2B4J,0,7.591416358947754,8.378180503845215,16.544641494750977,0.0,0.07996284394719592,-35.96418380737305,5
2B4J,1,9.617280960083008,9.118522644042969,28.106163024902344,0.0,0.03671467671120761,-36.38287353515625,0
2B4J,2,18.466829299926758,13.465558052062988,58.1280403137207,0.0,0.011064019758316048,-33.609649658203125,6
2B4J,3,13.582964897155762,14.033931732177734,44.5202751159668,0.0,0.015488385845711902,-36.04365539550781,3
2B4J,4,17.93990135192871,16.38697624206543,55.62797927856445,0.0,0.010374875693853156,-36.42108917236328,2
2B4J,5,11.019021034240723,8.786593437194824,32.54880905151367,0.0,0.030720537295601005,-38.884246826171875,1
2B4J,6,12.502869606018066,10.286377906799316,38.992279052734375,0.0,0.02206218474019722,-42.05594253540039,1
2B4J,7,17.010936737060547,13.390100479125977,55.17985916137695,0.0,0.01185749254536507,-39.72696304321289,3
2B4J,8,22.3066463470459,16.523975372314453,68.88436889648438,0.0,0.0077237184168956015,-34.73815155029297,1
2B4J,9,23.39476776123047,19.147199630737305,70.08538818359375,0.0,0.006865187105695062,-35.63096237182617,1
2B4J,10,18.37908172607422,15.19619369506836,57.403690338134766,0.0,0.010368313942147689,-34.36671447753906,4
2B4J,11,17.363906860351562,14.360780715942383,55.23783493041992,0.0,0.011307878108323047,-36.47018814086914,5
2B4J,12,23.36003303527832,16.298250198364258,69.630859375,0.0,0.007694013721521895,-33.25756072998047,7
2B4J,13,6.142768383026123,7.041009902954102,13.494750022888184,0.0,0.10915426974985006,-32.87889099121094,4
2B4J,14,18.015480041503906,15.407649993896484,57.409454345703125,0.0,0.010280051155717335,-41.6385498046875,3
3D5S,0,17.54611587524414,17.307008743286133,51.021522521972656,0.0,0.011486848386084348,-62.542572021484375,0
3D5S,1,12.627798080444336,14.903419494628906,33.96659469604492,0.0,0.02298696911742949,-36.074371337890625,34
3D5S,2,17.283266067504883,21.93194580078125,50.20576858520508,0.0,0.010840253551303193,-52.612998962402344,0
3D5S,3,16.386993408203125,19.423877716064453,48.803897857666016,0.0,0.011789719337095864,-61.25596618652344,0
3D5S,4,17.532733917236328,17.85712432861328,51.67411804199219,0.0,0.011117164503526513,-55.80207824707031,0
3D5S,5,16.17354965209961,17.27124786376953,46.39557647705078,0.0,0.013320403660822953,-57.90180969238281,0
3D5S,6,16.349254608154297,14.911227226257324,48.08393478393555,0.0,0.013440084298151292,-48.57534408569336,1
3D5S,7,17.327438354492188,17.509700775146484,51.325801849365234,0.0,0.01132648696632411,-49.14551544189453,1
3D5S,8,17.919124603271484,20.59724998474121,51.261775970458984,0.0,0.010678201077747744,-66.29357147216797,0
3D5S,9,16.404216766357422,20.543819427490234,47.606407165527344,0.0,0.012065719445470581,-47.697994232177734,1
3D5S,10,18.746646881103516,22.806900024414062,53.00283432006836,0.0,0.009793437703939027,-66.61592864990234,0
3D5S,11,14.797904014587402,15.482006072998047,45.58686828613281,0.0,0.014299311300275994,-47.8509407043457,2
3D5S,12,17.939836502075195,22.132490158081055,51.28899002075195,0.0,0.010434567336945208,-63.24237060546875,0
3D5S,13,18.408658981323242,20.820688247680664,51.45199966430664,0.0,0.010576771037682106,-61.62759780883789,0
3D5S,14,18.351896286010742,17.810352325439453,53.61566162109375,0.0,0.01052018150131121,-53.11187744140625,0
1JIW,0,20.458236694335938,19.53071403503418,60.31322479248047,0.0,0.008446236327979353,-42.62181854248047,2
1JIW,1,62.82701873779297,87.5613784790039,173.64511108398438,0.0,0.0008945982689702257,0.0,0
1JIW,2,10.441244125366211,11.953766822814941,31.111370086669922,0.0,0.02832065971071467,-45.046730041503906,0
1JIW,3,15.412520408630371,15.624009132385254,45.505069732666016,0.0,0.014282671818246098,-50.991920471191406,0
1JIW,4,7.56358528137207,9.935619354248047,18.006908416748047,0.0,0.06816820205226982,-43.139041900634766,0
1JIW,5,9.730420112609863,10.983437538146973,29.57178497314453,0.0,0.031541380323385736,-42.230220794677734,0
1JIW,6,15.70996379852295,16.668899536132812,44.48727035522461,0.0,0.014417731525925357,-39.31095886230469,0
1JIW,7,19.37763214111328,20.17860984802246,56.80891036987305,0.0,0.009130912174802434,-46.38996124267578,0
1JIW,8,8.30805778503418,8.260994911193848,26.059080123901367,0.0,0.04269365126494037,-49.28019714355469,0
1JIW,9,11.315058708190918,13.711456298828125,32.90925598144531,0.0,0.02478861111331058,-36.994590759277344,1
1JIW,10,9.609909057617188,11.502509117126465,28.24787712097168,0.0,0.03324968305606944,-49.62299346923828,0
1JIW,11,9.659682273864746,11.633508682250977,28.54288673400879,0.0,0.03260412416727367,-49.94430160522461,0
1JIW,12,12.06830883026123,15.554827690124512,32.581058502197266,0.0,0.024312934546514457,-32.073455810546875,2
1JIW,13,10.197783470153809,12.757987976074219,28.932903289794922,0.0,0.031028749938861195,-38.85850524902344,3
1JIW,14,10.641803741455078,12.916964530944824,31.2081241607666,0.0,0.027455182053964657,-42.22301483154297,0
1OFU,0,23.736141204833984,16.5515079498291,55.35139465332031,0.0,0.010394968363690285,-8.52053165435791,10
1OFU,1,18.480390548706055,13.727514266967773,52.049285888671875,0.0,0.012591766276584903,-8.145965576171875,14
1OFU,2,27.61857032775879,22.230876922607422,94.14241027832031,0.0,0.004206069532846751,-8.701659202575684,2
1OFU,3,29.337242126464844,20.857797622680664,88.56320190429688,0.0,0.004757559009733938,-9.969327926635742,39
1OFU,4,20.90823745727539,20.56155776977539,43.82288360595703,0.0,0.01385040036172061,-16.174671173095703,2
1OFU,5,27.578048706054688,19.579790115356445,92.22219848632812,0.0,0.004752765932063996,-8.293144226074219,3
1OFU,6,10.493497848510742,11.081289291381836,38.809326171875,0.0,0.021255775963775415,-8.022372245788574,2
1OFU,7,19.720531463623047,20.290359497070312,41.45082092285156,0.0,0.015263034601816926,-28.00023078918457,1
1OFU,8,22.012269973754883,16.989276885986328,51.394500732421875,0.0,0.011453236753314798,-10.657532691955566,8
1OFU,9,28.459062576293945,28.2789363861084,86.62606048583984,0.0,0.004113984630339206,-14.265973091125488,4
1OFU,10,30.85002326965332,31.030542373657227,83.18221282958984,0.0,0.004221729610929012,-15.239084243774414,3
1OFU,11,33.05915451049805,32.72892379760742,87.75579833984375,0.0,0.00379689348412119,-10.49300479888916,3
1OFU,12,22.826677322387695,19.24569320678711,54.41675567626953,0.0,0.009951928951882912,-11.360095977783203,11
1OFU,13,20.22223663330078,17.882217407226562,44.027557373046875,0.0,0.014306751817880686,-11.652511596679688,1
1OFU,14,25.46390724182129,15.11296558380127,64.99057006835938,0.0,0.008857614155257149,-14.705350875854492,18
2I9B,0,20.891267776489258,21.843589782714844,51.99983596801758,0.0,0.010239304752320549,-26.44273567199707,11
2I9B,1,14.735827445983887,16.98384666442871,28.509002685546875,0.0,0.02979236916062807,-30.9830322265625,4
2I9B,2,17.800975799560547,12.28455924987793,44.20580291748047,0.0,0.01678159705546094,-29.1386775970459,4
2I9B,3,14.866222381591797,15.292088508605957,29.00897789001465,0.0,0.02953263662461052,-30.587366104125977,3
2I9B,4,26.829984664916992,25.29737663269043,61.63585662841797,0.0,0.0073889554594130215,-34.17934799194336,0
2I9B,5,23.422340393066406,25.626205444335938,59.813018798828125,0.0,0.007736619928201702,-41.79590606689453,0
2I9B,6,18.99339485168457,16.300323486328125,42.030155181884766,0.0,0.015896448167909024,-27.404006958007812,17
2I9B,7,16.581758499145508,16.889541625976562,35.76433181762695,0.0,0.02043048587779082,-29.47820281982422,5
2I9B,8,28.97968292236328,26.40716552734375,67.55130004882812,0.0,0.006267551715883579,-28.37493896484375,2
2I9B,9,14.475743293762207,13.179071426391602,28.514095306396484,0.0,0.03146634007185412,-23.84405517578125,17
2I9B,10,22.50118637084961,22.815109252929688,61.35885238647461,0.0,0.007710985350625103,-37.51226043701172,0
2I9B,11,18.275487899780273,22.14322853088379,42.87961196899414,0.0,0.014125681317518827,-36.85357666015625,0
2I9B,12,17.560773849487305,18.20155906677246,42.53316879272461,0.0,0.015049852841580192,-30.339784622192383,2
2I9B,13,18.225156784057617,20.0064754486084,40.97428894042969,0.0,0.015616239307120798,-25.10640525817871,13
2I9B,14,18.819908142089844,23.41559600830078,44.87067413330078,0.0,0.012909583196300069,-28.454668045043945,4
3H11,0,9.999504089355469,9.63375473022461,19.123931884765625,0.192308,0.1269804310624413,-28.736398696899414,61
3H11,1,10.098666191101074,10.173467636108398,18.234275817871094,0.192308,0.1306982970013136,-28.722158432006836,38
3H11,2,8.691019058227539,8.362724304199219,16.61907196044922,0.153846,0.1307888335477713,-27.908889770507812,57
3H11,3,10.772686004638672,12.029064178466797,20.22241973876953,0.0,0.055152711754927725,-28.577465057373047,42
3H11,4,8.211970329284668,7.923001289367676,15.379733085632324,0.115385,0.1279894355205665,-30.926074981689453,24
3H11,5,6.9105987548828125,6.963173866271973,12.87806510925293,0.115385,0.154394418463705,-29.935209274291992,26
3H11,6,8.668641090393066,8.04953384399414,22.823415756225586,0.0,0.051788382061872994,-32.55624008178711,27
3H11,7,9.977174758911133,10.905606269836426,18.395263671875,0.038462,0.07765859131018972,-28.754413604736328,45
3H11,8,7.807746410369873,7.548480033874512,16.572179794311523,0.269231,0.17183326378758992,-28.017763137817383,43
3H11,9,6.9749298095703125,7.339188575744629,13.038623809814453,0.115385,0.15124025035454416,-32.806365966796875,21
3H11,10,9.763551712036133,10.027846336364746,16.784664154052734,0.076923,0.10097300265330349,-32.42833709716797,22
3H11,11,8.796160697937012,8.353561401367188,17.122379302978516,0.192308,0.14041954650207225,-29.169713973999023,41
3H11,12,9.177791595458984,9.157037734985352,16.444578170776367,0.153846,0.1302732319134675,-28.418254852294922,43
3H11,13,10.416427612304688,10.412334442138672,19.208209991455078,0.153846,0.11264442394515976,-27.526065826416016,51
3H11,14,9.334512710571289,9.042800903320312,17.89295196533203,0.269231,0.1600431127347321,-28.163558959960938,54
1FCC,0,12.354649543762207,16.64358139038086,40.440120697021484,0.0,0.016788855285377543,-34.8075065612793,1
1FCC,1,22.285747528076172,25.289278030395508,69.6369857788086,0.0,0.006062027829007292,-30.671480178833008,0
1FCC,2,14.412267684936523,19.01603889465332,47.26775360107422,0.0,0.01250278259964679,-24.319902420043945,5
1FCC,3,18.833499908447266,22.684139251708984,60.9171257019043,0.0,0.007817135378852013,-52.142940521240234,0
1FCC,4,8.21947956085205,10.607084274291992,27.40139389038086,0.0,0.035795152865285985,-38.179954528808594,0
1FCC,5,20.225204467773438,25.493972778320312,64.62742614746094,0.0,0.006818028360875067,-38.12360382080078,0
1FCC,6,25.14785385131836,29.872312545776367,78.9603042602539,0.0,0.00465687963240895,-44.204429626464844,0
1FCC,7,6.4412150382995605,11.844209671020508,19.27113151550293,0.0,0.059549262311727365,-28.864099502563477,1
1FCC,8,7.403412818908691,10.680792808532715,23.848915100097656,0.0,0.04401749956748324,-27.795164108276367,1
1FCC,9,5.381657600402832,9.25506591796875,15.987945556640625,0.0,0.08198698052537413,-31.858652114868164,0
1FCC,10,14.260411262512207,18.067466735839844,47.253814697265625,0.0,0.012729348054356536,-35.47403335571289,0
1FCC,11,19.37384033203125,23.470497131347656,63.51095962524414,0.0,0.007221513111310279,-37.745269775390625,0
1FCC,12,19.297332763671875,23.218461990356445,61.89910125732422,0.0,0.0075547167320177445,-38.27592849731445,2
1FCC,13,17.619213104248047,19.376827239990234,56.902923583984375,0.0,0.009261150759981402,-43.20378112792969,0
1FCC,14,6.932635307312012,11.06925106048584,23.21040153503418,0.0,0.04542867577919767,-37.731143951416016,0
3RJQ,0,16.678394317626953,15.412744522094727,26.30426788330078,0.0,0.03464347263003915,-34.04449462890625,8
3RJQ,1,22.09648895263672,16.798391342163086,38.62577438354492,0.0,0.018033374932894235,-30.180767059326172,15
3RJQ,2,15.261792182922363,12.497681617736816,29.42238998413086,0.0,0.030410784893155535,-44.42119216918945,0
3RJQ,3,9.979740142822266,11.571102142333984,25.236955642700195,0.0,0.03946967537017835,-32.790855407714844,1
3RJQ,4,12.959006309509277,9.869662284851074,28.762266159057617,0.0,0.03429916871438091,-33.258811950683594,17
3RJQ,5,19.24709701538086,14.756702423095703,27.41306495666504,0.0,0.03264599551737075,-34.31440353393555,17
3RJQ,6,19.95465087890625,14.656172752380371,31.366649627685547,0.0,0.026259037507252933,-33.57520294189453,14
3RJQ,7,19.412965774536133,16.342002868652344,42.36782455444336,0.0,0.015682414076625375,-27.38277244567871,28
3RJQ,8,8.731202125549316,10.65346908569336,19.08291244506836,0.0,0.061665101915284744,-34.180137634277344,4
3RJQ,9,15.497028350830078,15.157509803771973,28.407257080078125,0.0,0.03062439018376749,-33.72692108154297,5
3RJQ,10,16.308300018310547,14.189006805419922,24.494121551513672,0.0,0.03951108474549334,-32.60926818847656,29
3RJQ,11,16.560213088989258,14.466104507446289,33.00634765625,0.0,0.024277460441874194,-34.80839538574219,7
3RJQ,12,14.27881145477295,13.012693405151367,33.771053314208984,0.0,0.024229843737709075,-27.803861618041992,6
3RJQ,13,20.53529167175293,14.467211723327637,29.316627502441406,0.0,0.029393658017647064,-33.799415588378906,9
3RJQ,14,20.444990158081055,16.160598754882812,30.760066986083984,0.0,0.026494688553800636,-33.38654708862305,9
4FP8,0,25.74700164794922,23.801008224487305,56.933345794677734,0.0,0.008586613349284249,-25.48461151123047,32
4FP8,1,16.261730194091797,16.58588409423828,28.44415855407715,0.0,0.030030676549916105,-22.191402435302734,2
4FP8,2,20.232044219970703,14.34570598602295,37.043575286865234,0.0,0.020277622402185867,-17.183290481567383,9
4FP8,3,30.091442108154297,17.61039924621582,65.66846466064453,0.0,0.007893664230908778,-36.436126708984375,0
4FP8,4,21.339418411254883,13.75616455078125,42.858253479003906,0.0,0.01653196812495737,-16.799057006835938,3
4FP8,5,30.27090835571289,18.77094268798828,64.52206420898438,0.0,0.007801341327085968,-29.603254318237305,3
4FP8,6,18.80899429321289,14.283695220947266,33.19956588745117,0.0,0.02414179880248857,-25.844118118286133,0
4FP8,7,22.443525314331055,14.004691123962402,43.85088348388672,0.0,0.0158515356718158,-13.452890396118164,5
4FP8,8,29.55352783203125,13.73912239074707,55.291786193847656,0.0,0.011622177552296685,-13.687838554382324,84
4FP8,9,24.862117767333984,15.907215118408203,47.98126983642578,0.0,0.013080531319365672,-23.484031677246094,2
4FP8,10,25.685094833374023,17.619930267333984,61.125694274902344,0.0,0.008721780979249543,-28.41322898864746,0
4FP8,11,19.553377151489258,14.320477485656738,35.624542236328125,0.0,0.021571931045863278,-13.65466594696045,2
4FP8,12,30.879409790039062,22.359657287597656,68.5030517578125,0.0,0.006547717835659967,-26.961029052734375,12
4FP8,13,16.53021240234375,14.82955265045166,27.974224090576172,0.0,0.03154985372072663,-13.004064559936523,4
4FP8,14,29.905187606811523,17.004638671875,66.57743072509766,0.0,0.007919857624872842,-32.00580978393555,5
2GTP,0,10.705737113952637,10.304788589477539,23.642736434936523,0.0,0.04506943729460109,-33.65464401245117,7
2GTP,1,17.798444747924805,14.673497200012207,53.57970428466797,0.0,0.011630463985751592,-45.82105255126953,0
2GTP,2,9.693942070007324,9.068303108215332,21.247419357299805,0.0,0.05486404755447543,-35.61336898803711,10
2GTP,3,13.817968368530273,11.52377986907959,26.678417205810547,0.0,0.036272611183274794,-33.3429069519043,9
2GTP,4,19.71251678466797,13.482184410095215,52.44457244873047,0.0,0.01260773054654741,-32.67681884765625,7
2GTP,5,9.739421844482422,9.718510627746582,21.9606876373291,0.0,0.051186804637888966,-34.214542388916016,4
2GTP,6,15.996622085571289,15.369290351867676,29.980712890625,0.384615,0.15615034447672604,-39.474708557128906,1
2GTP,7,9.95008659362793,9.776690483093262,22.070720672607422,0.0,0.05072071361518548,-31.482126235961914,39
2GTP,8,15.303690910339355,14.474486351013184,30.031692504882812,0.0,0.02826407547713759,-42.70120620727539,1
2GTP,9,13.011630058288574,10.821233749389648,24.792089462280273,0.0,0.04134510497453766,-31.32145118713379,10
2GTP,10,10.780869483947754,8.547146797180176,28.847057342529297,0.0,0.03658866021974676,-40.48506546020508,1
2GTP,11,24.11045265197754,15.479429244995117,57.04480743408203,0.0,0.010341078769322888,-30.92129135131836,7
2GTP,12,13.694809913635254,11.396747589111328,25.849262237548828,0.0,0.03820192968241606,-37.96194076538086,1
2GTP,13,15.914669036865234,13.703217506408691,49.902992248535156,0.0,0.013344942192137691,-36.17853927612305,2
2GTP,14,14.506867408752441,11.258129119873047,34.42717742919922,0.0,0.02496621002558291,-40.214561462402344,0
1ZM4,0,12.604494094848633,7.005130767822266,36.410823822021484,0.0,0.031840671148849226,-31.03519630432129,2
1ZM4,1,27.379480361938477,26.965351104736328,76.71805572509766,0.0,0.005070515549000203,-30.513959884643555,5
1ZM4,2,25.484025955200195,26.874277114868164,72.81456756591797,0.0,0.005516507636469967,-26.619884490966797,13
1ZM4,3,25.240880966186523,16.638925552368164,70.29810333251953,0.0,0.007490319289064507,-21.458864212036133,17
1ZM4,4,37.093162536621094,36.278255462646484,100.6211166381836,0.0,0.0029307262262149463,-25.366579055786133,29
1ZM4,5,32.24650955200195,34.595428466796875,94.3842544555664,0.0,0.0033071677018844843,-29.009746551513672,3
1ZM4,6,28.124826431274414,18.598430633544922,76.8093032836914,0.0,0.006186996667282069,-27.98305892944336,10
1ZM4,7,27.851778030395508,22.25884437561035,76.298095703125,0.0,0.00559323255884421,-26.089473724365234,27
1ZM4,8,26.240249633789062,18.221439361572266,72.52074432373047,0.0,0.006760860193983111,-29.967960357666016,5
1ZM4,9,30.688390731811523,29.83073616027832,86.10399627685547,0.0,0.004057744137737403,-27.135183334350586,5
1ZM4,10,27.720970153808594,27.67138671875,79.72342681884766,0.0,0.004723204648187847,-23.428272247314453,12
1ZM4,11,25.856721878051758,29.709190368652344,69.20853424072266,0.0,0.005800874216820607,-26.126413345336914,36
1ZM4,12,28.827829360961914,27.967376708984375,82.96162414550781,0.0,0.004418911223611873,-24.257253646850586,7
1ZM4,13,26.866296768188477,27.531850814819336,77.90504455566406,0.0,0.004907957441745178,-23.506900787353516,7
1ZM4,14,29.60931968688965,27.79757308959961,83.3956527709961,0.0,0.004395013406656993,-29.345001220703125,2
1FQ1,0,11.217345237731934,9.565752983093262,22.717838287353516,0.25,0.1322666958958016,-30.656076431274414,9
1FQ1,1,17.095382690429688,15.308487892150879,32.24378204345703,0.0,0.024829307708337273,-31.869308471679688,7
1FQ1,2,9.871132850646973,7.875154972076416,21.299381256103516,0.333333,0.16857419352745853,-32.861053466796875,5
1FQ1,3,19.324804306030273,14.001269340515137,48.27005386352539,0.0,0.013807755424680239,-27.899843215942383,35
1FQ1,4,16.937292098999023,15.01839542388916,31.672048568725586,0.0,0.025687750397667044,-30.308521270751953,10
1FQ1,5,15.174979209899902,13.767189979553223,30.948928833007812,0.0,0.02729053895392317,-31.087284088134766,7
1FQ1,6,17.5526065826416,15.615623474121094,32.38126754760742,0.0,0.02453526539144169,-31.33180809020996,9
1FQ1,7,19.441823959350586,16.54845428466797,34.174705505371094,0.0,0.022135923414386794,-30.5781192779541,18
1FQ1,8,6.758082866668701,6.047125816345215,15.797348022460938,0.083333,0.1219367361821782,-31.441020965576172,1
1FQ1,9,19.235578536987305,17.167980194091797,33.507057189941406,0.0,0.022679215804208012,-31.32555389404297,8
1FQ1,10,17.466922760009766,15.31168270111084,31.926671981811523,0.0,0.02523177588677856,-32.81429672241211,6
1FQ1,11,9.812806129455566,8.233072280883789,20.10687828063965,0.25,0.14458076774685943,-31.8886775970459,2
1FQ1,12,14.368356704711914,9.223190307617188,55.748626708984375,0.333333,0.12727336482540721,-31.818801879882812,25
1FQ1,13,68.20106506347656,85.789306640625,182.1736602783203,0.0,0.0008259777811162163,0.0,0
1FQ1,14,17.032962799072266,14.973764419555664,31.229942321777344,0.0,0.02630173777728338,-29.78406524658203,13
1RKE,0,27.10010528564453,26.74211883544922,66.44496154785156,0.0,0.006412593862837656,-40.87495803833008,0
1RKE,1,27.937849044799805,27.96999168395996,74.6358871459961,0.0,0.005223938808056892,-38.07732391357422,0
1RKE,2,28.840351104736328,27.73270606994629,67.70719146728516,0.0,0.0061442840071392925,-48.24589538574219,0
1RKE,3,25.81328010559082,24.358760833740234,71.03736114501953,0.0,0.005964338418923414,-41.8776969909668,0
1RKE,4,27.12179183959961,26.67102813720703,67.63922882080078,0.0,0.006233221652907909,-42.276180267333984,0
1RKE,5,22.844207763671875,23.0794734954834,72.6154556274414,0.0,0.005907653719504938,-43.249629974365234,0
1RKE,6,28.67461395263672,27.996112823486328,73.02726745605469,0.0,0.005409718994982026,-41.870323181152344,0
1RKE,7,29.3391170501709,29.05338478088379,67.58830261230469,0.0,0.006076053193903682,-43.153194427490234,0
1RKE,8,25.01186180114746,26.097248077392578,67.78712463378906,0.0,0.006257553302503094,-42.11093521118164,0
1RKE,9,4.973671913146973,3.9014523029327393,15.110410690307617,0.0,0.12305180681525485,-39.31824493408203,0
1RKE,10,40.72615051269531,48.769046783447266,108.97540283203125,0.0,0.002330735250940383,0.0,0
1RKE,11,4.085952281951904,3.562169075012207,9.960248947143555,0.0,0.19066717944826816,-37.41132354736328,0
1RKE,12,28.516740798950195,26.889280319213867,73.00748443603516,0.0,0.005492021016554706,-40.70057678222656,0
1RKE,13,24.645238876342773,26.88743782043457,65.4080581665039,0.0,0.0065700277231215826,-44.386470794677734,0
1RKE,14,22.409914016723633,22.99486541748047,72.25707244873047,0.0,0.005962139669518492,-45.117618560791016,0
4M76,0,23.345684051513672,21.154399871826172,70.93521118164062,0.0,0.006386032423387003,-52.473846435546875,0
4M76,1,22.180498123168945,16.260961532592773,75.34513092041016,0.0,0.007001510001226446,-50.692935943603516,0
4M76,2,18.260635375976562,14.252406120300293,69.09432983398438,0.0,0.00862119928077718,-46.226722717285156,4
4M76,3,20.605403900146484,13.832842826843262,73.2168960571289,0.0,0.008306832921996828,-45.49067687988281,4
4M76,4,23.44936752319336,19.31144142150879,69.71971893310547,0.0,0.006881029372545755,-47.07067108154297,1
4M76,5,22.35959243774414,17.804889678955078,62.267826080322266,0.0,0.0084469209710627,-47.27716827392578,4
4M76,6,19.17022132873535,15.758580207824707,72.45735168457031,0.0,0.007517992986713152,-45.342529296875,3
4M76,7,23.558021545410156,18.924640655517578,71.12511444091797,0.0,0.006774729897045,-48.40047836303711,0
4M76,8,21.633682250976562,19.379161834716797,82.31910705566406,0.0,0.005501657238552094,-46.95811462402344,1
4M76,9,21.20867919921875,21.53569793701172,65.35222625732422,0.0,0.007154429996749422,-48.896949768066406,0
4M76,10,23.395689010620117,17.998586654663086,72.7107925415039,0.0,0.00679311507146176,-52.6091194152832,0
4M76,11,20.138200759887695,18.806270599365234,71.93526458740234,0.0,0.006697164315958089,-47.45399856567383,1
4M76,12,20.955297470092773,18.645795822143555,74.53106689453125,0.0,0.006423234270600403,-46.58238983154297,3
4M76,13,23.3304500579834,21.68890380859375,83.51925659179688,0.0,0.005003951756321343,-55.21133041381836,0
4M76,14,23.239879608154297,20.202075958251953,73.28963470458984,0.0,0.00625174060699533,-47.57620620727539,1
2UUY,0,7.230001926422119,5.006653785705566,23.677268981933594,0.136364,0.11096508966925457,-38.90010452270508,3
2UUY,1,12.551219940185547,9.896151542663574,39.94206237792969,0.0,0.02192799278314418,-49.88857650756836,0
2UUY,2,12.190914154052734,8.839938163757324,38.52749252319336,0.0,0.02480057455477171,-59.03179931640625,1
2UUY,3,8.582301139831543,7.779386043548584,21.373966217041016,0.0,0.05746645490587098,-56.22067642211914,0
2UUY,4,13.309090614318848,10.315608024597168,40.11415481567383,0.0,0.02122557193409853,-53.90216827392578,0
2UUY,5,7.991814613342285,5.743160724639893,20.532751083374023,0.0,0.07005342113204305,-60.27882766723633,0
2UUY,6,13.213086128234863,10.364023208618164,41.09188461303711,0.0,0.020516685469066792,-53.84516143798828,1
2UUY,7,10.413453102111816,8.35597038269043,34.04856872558594,0.0,0.029961448636898605,-42.753761291503906,4
2UUY,8,5.413364887237549,5.550895690917969,15.22121524810791,0.0,0.10192268018045088,-62.2739143371582,0
2UUY,9,13.757770538330078,10.561406135559082,42.239444732666016,0.0,0.01956389110902863,-55.379642486572266,0
2UUY,10,9.94985294342041,8.012361526489258,28.745859146118164,0.0,0.03808874472696567,-56.94872283935547,0
2UUY,11,5.0624470710754395,5.2092604637146,15.344542503356934,0.0,0.10378962359213502,-57.01163864135742,1
2UUY,12,12.609650611877441,11.426907539367676,39.02458953857422,0.0,0.020744233468660573,-47.97627258300781,0
2UUY,13,19.699493408203125,14.157867431640625,55.353492736816406,0.0,0.011379136531331435,-40.864749908447266,3
2UUY,14,10.0326566696167,7.732080936431885,30.623519897460938,0.0,0.035933639280907266,-58.22117614746094,0
3HMX,0,30.5301456451416,17.392549514770508,53.39274597167969,0.0,0.010700179692087218,1.1523000001907349,14
3HMX,1,46.19552230834961,27.938709259033203,93.92982482910156,0.0,0.003665567562803738,-9.782505989074707,66
3HMX,2,30.807880401611328,24.993423461914062,54.04609680175781,0.0,0.009242255781681965,-0.12370862811803818,10
3HMX,3,29.574871063232422,18.67670440673828,53.78508758544922,0.0,0.010258636557973473,-1.7806673049926758,11
3HMX,4,45.04636764526367,18.884300231933594,90.10895538330078,0.0,0.005029817240904552,-16.363210678100586,91
3HMX,5,37.535621643066406,36.87627410888672,102.51832580566406,0.0,0.002826438465045472,-15.587250709533691,14
3HMX,6,25.74462890625,24.37022590637207,55.522315979003906,0.0,0.008891496363000724,-12.022255897521973,38
3HMX,7,35.805877685546875,34.11489486694336,95.66699981689453,0.0,0.0032540049639804866,-15.125174522399902,30
3HMX,8,41.13444137573242,15.031575202941895,95.54521179199219,0.0,0.005904045871389146,-16.506155014038086,15
3HMX,9,31.391353607177734,24.385507583618164,56.60832595825195,0.0,0.008606242055502252,-3.9108524322509766,1
3HMX,10,37.433006286621094,13.84676742553711,98.26542663574219,0.0,0.006341902858958398,-15.208749771118164,38
3HMX,11,42.43613052368164,35.240089416503906,103.45469665527344,0.0,0.0028379250607865284,-14.257791519165039,16
3HMX,12,33.654972076416016,20.614513397216797,56.49543762207031,0.0,0.00913409175733035,2.294977903366089,25
3HMX,13,30.612964630126953,24.784090042114258,53.05938720703125,0.0,0.009556950849727776,-2.216735601425171,12
3HMX,14,33.07404708862305,25.73833465576172,60.50312423706055,0.0,0.007579988077155601,-1.6480807065963745,6
1IJK,0,17.700197219848633,16.055570602416992,53.10076904296875,0.0,0.011212005903830808,-44.43933868408203,5
1IJK,1,15.462512969970703,15.778855323791504,54.229583740234375,0.0,0.010978285573214494,-42.391937255859375,3
1IJK,2,18.349620819091797,16.29655647277832,53.37189865112305,0.0,0.011045738118663273,-43.17367172241211,3
1IJK,3,17.74197006225586,15.971349716186523,48.81612777709961,0.0,0.012723355708407694,-45.77202224731445,1
1IJK,4,19.88602638244629,21.713438034057617,65.28997802734375,0.0,0.007138717910675304,-45.84444808959961,0
1IJK,5,15.942390441894531,13.247515678405762,49.853248596191406,0.0,0.013635881502161324,-43.52650451660156,5
1IJK,6,20.839223861694336,16.276273727416992,67.3636245727539,0.0,0.008031260129164821,-43.89931106567383,3
1IJK,7,14.587018966674805,12.181694984436035,44.379791259765625,0.0,0.016773691640253215,-42.622676849365234,0
1IJK,8,13.095964431762695,13.921896934509277,42.03982925415039,0.0,0.016916813545642787,-47.88113784790039,0
1IJK,9,20.08512306213379,19.163755416870117,64.26087951660156,0.0,0.007761565044445477,-50.241153717041016,0
1IJK,10,8.89920425415039,6.365997314453125,17.887020111083984,0.0,0.07893967997187469,-48.81945037841797,1
1IJK,11,10.244324684143066,9.290205001831055,17.49937629699707,0.0,0.07210106205318992,-52.25725555419922,0
1IJK,12,7.610174655914307,6.502352714538574,13.188374519348145,0.0,0.11466922145850232,-44.396812438964844,4
1IJK,13,12.401867866516113,10.474651336669922,21.059146881103516,0.0,0.05339519034560069,-50.035037994384766,0
1IJK,14,13.951021194458008,10.81895637512207,26.656850814819336,0.0,0.03705082812428138,-44.65184020996094,2
1JTG,0,6.847461700439453,6.250689506530762,22.19469451904297,0.0,0.0607868759739758,-39.27481460571289,0
1JTG,1,14.552584648132324,10.805824279785156,39.142730712890625,0.0,0.021312454398303746,-34.48490905761719,10
1JTG,2,19.07505989074707,15.06151008605957,36.79990768432617,0.0,0.02015670485466037,-43.7251091003418,1
1JTG,3,18.67099380493164,15.167116165161133,32.66340255737305,0.0,0.024370237063092742,-36.20851516723633,4
1JTG,4,17.601762771606445,14.924151420593262,30.078353881835938,0.0,0.027984990849577188,-39.07313919067383,5
1JTG,5,10.264167785644531,7.447381496429443,25.551788330078125,0.0,0.0462070278488688,-38.161216735839844,12
1JTG,6,18.15620231628418,14.846806526184082,37.01046371459961,0.0,0.02006915497553647,-36.80386734008789,2
1JTG,7,18.423686981201172,15.349615097045898,31.698198318481445,0.0,0.025514069022404204,-40.30551528930664,0
1JTG,8,18.744909286499023,14.929692268371582,35.579830169677734,0.0,0.02132833311627551,-39.42673873901367,1
1JTG,9,4.668563365936279,3.7714173793792725,13.352596282958984,0.666666,0.3638744202006962,-39.91419982910156,1
1JTG,10,14.88192081451416,10.962668418884277,39.374629974365234,0.0,0.020968273467375318,-42.75498580932617,1
1JTG,11,18.803178787231445,15.847908020019531,32.26884841918945,0.0,0.024587618793094623,-46.55048370361328,0
1JTG,12,9.584440231323242,8.084386825561523,31.95034408569336,0.0,0.033126130139382835,-36.95021057128906,2
1JTG,13,5.2810282707214355,5.5225419998168945,16.459400177001953,0.0,0.09308251625733881,-38.7047004699707,3
1JTG,14,4.979711532592773,3.894733190536499,14.981708526611328,1.0,0.4575601177890052,-38.024600982666016,2
2A9K,0,19.235061645507812,14.839855194091797,39.54135513305664,0.0,0.018094166188190677,-49.596717834472656,2
2A9K,1,16.253341674804688,15.826065063476562,35.2603874206543,0.0,0.021274513645692553,-42.27231979370117,3
2A9K,2,19.298452377319336,17.18358612060547,46.515865325927734,0.0,0.013291629667144804,-39.35395431518555,22
2A9K,3,19.807689666748047,16.28155517578125,43.00017166137695,0.0,0.015340571901831274,-55.93178939819336,0
2A9K,4,14.778006553649902,17.35851287841797,31.425743103027344,0.0,0.025194443809127786,-43.76335906982422,1
2A9K,5,15.52408218383789,16.67673683166504,32.06208038330078,0.0,0.0245645203303122,-45.34247589111328,0
2A9K,6,14.921269416809082,16.973962783813477,33.4651985168457,0.0,0.022784218188213256,-51.64323043823242,0
2A9K,7,16.701425552368164,17.570159912109375,34.00043869018555,0.0,0.022019248668264175,-44.235660552978516,1
2A9K,8,22.56655502319336,14.943696022033691,43.63520431518555,0.0,0.01551118635058106,-43.39116668701172,3
2A9K,9,16.000146865844727,17.150466918945312,34.073707580566406,0.0,0.02205853105815296,-50.2966423034668,0
2A9K,10,22.299121856689453,13.547846794128418,42.713478088378906,0.0,0.01673427650912156,-45.4849739074707,3
2A9K,11,15.202391624450684,17.282901763916016,33.91244125366211,0.0,0.022195351563848973,-46.209617614746094,2
2A9K,12,15.37826156616211,17.438180923461914,30.861907958984375,0.0,0.025950903829062455,-46.86419677734375,1
2A9K,13,16.125486373901367,17.40621566772461,31.661985397338867,0.0,0.02486589438940669,-42.687782287597656,1
2A9K,14,15.829586029052734,17.015140533447266,33.88111877441406,0.0,0.02230808353715429,-49.52504348754883,0
5HGG,0,12.048344612121582,8.607919692993164,32.26842498779297,0.0,0.03145213558862984,-50.89204025268555,5
5HGG,1,9.9615478515625,6.483692646026611,23.806413650512695,0.129032,0.09763454606748649,-52.414207458496094,4
5HGG,2,8.190346717834473,5.579624652862549,20.88017463684082,0.129032,0.11286424641197756,-58.94123077392578,2
5HGG,3,10.600391387939453,7.25842809677124,30.492660522460938,0.0,0.03768656071173095,-53.44590759277344,2
5HGG,4,10.097174644470215,6.239912509918213,26.303869247436523,0.032258,0.06047927974657034,-48.74077606201172,5
5HGG,5,10.521503448486328,6.435207366943359,26.86595344543457,0.096774,0.0797659789509854,-49.43240737915039,7
5HGG,6,9.861494064331055,6.026647090911865,25.40510368347168,0.064516,0.074507961894811,-50.57009506225586,6
5HGG,7,11.01020622253418,7.081265449523926,26.691940307617188,0.096774,0.07726328476989124,-52.57206344604492,4
5HGG,8,10.276525497436523,6.950420379638672,24.399080276489258,0.064516,0.07241606079811652,-55.182960510253906,1
5HGG,9,11.32490348815918,7.026826858520508,30.082733154296875,0.193548,0.10368819991007701,-53.5007209777832,7
5HGG,10,11.38712215423584,7.010968208312988,29.99178123474121,0.193548,0.10388968565911427,-52.05940246582031,7
5HGG,11,30.19298553466797,35.03477478027344,92.97654724121094,0.0,0.0033727481235596595,0.0,0
5HGG,12,11.094440460205078,7.1538190841674805,26.79628562927246,0.225806,0.11978048898312603,-54.74789047241211,6
5HGG,13,11.118562698364258,7.504586696624756,30.58818244934082,0.032258,0.04745299139883119,-53.47038650512695,1
5HGG,14,6.875819683074951,6.362078666687012,13.8970365524292,0.096774,0.14056287862394637,-57.630985260009766,1
3BX7,0,16.423715591430664,16.659482955932617,27.58509635925293,0.0,0.03158565441664941,-43.61198425292969,1
3BX7,1,12.700422286987305,10.940071105957031,30.374849319458008,0.0,0.03035804898225675,-35.935020446777344,2
3BX7,2,17.613832473754883,11.898107528686523,37.99964141845703,0.0,0.021098804510696716,-27.53693199157715,22
3BX7,3,9.815764427185059,7.985013484954834,18.783973693847656,0.0,0.06801681911270381,-44.9615592956543,0
3BX7,4,7.715065956115723,6.839958190917969,14.906168937683105,0.0,0.09708780029409132,-38.11751174926758,4
3BX7,5,6.847945690155029,6.084430694580078,11.25650405883789,0.0,0.14014518974727116,-38.27196502685547,8
3BX7,6,6.9283528327941895,7.615272045135498,12.315679550170898,0.0,0.12000013862001246,-36.91802215576172,7
3BX7,7,13.73759651184082,11.737466812133789,30.842044830322266,0.0,0.02888723900442788,-35.60476303100586,2
3BX7,8,7.414424896240234,7.88211727142334,14.231966018676758,0.0,0.09928984365958667,-37.678916931152344,5
3BX7,9,14.309121131896973,10.47922134399414,25.138225555419922,0.0,0.04089311664399865,-42.6935920715332,4
3BX7,10,13.106430053710938,10.977200508117676,21.528339385986328,0.0,0.05106515950376628,-38.20900344848633,8
3BX7,11,13.901161193847656,11.27501106262207,35.05458068847656,0.0,0.024307416199292525,-37.777244567871094,2
3BX7,12,11.835297584533691,10.101829528808594,20.679821014404297,0.0,0.05536682573069507,-39.79944610595703,3
3BX7,13,10.7914457321167,9.481745719909668,19.709882736206055,0.0,0.06041077284387295,-39.68551254272461,5
3BX7,14,10.527382850646973,8.482629776000977,18.756887435913086,0.0,0.06689796250769783,-45.545448303222656,1
1DQJ,0,11.576767921447754,14.68956470489502,24.570133209228516,0.0,0.03906916025023712,-35.079471588134766,3
1DQJ,1,12.325668334960938,13.310461044311523,26.52322769165039,0.0,0.03522613503722002,-25.127548217773438,54
1DQJ,2,11.889825820922852,13.15756607055664,25.225324630737305,0.0,0.03826542207229585,-26.285696029663086,31
1DQJ,3,13.750284194946289,15.15555191040039,29.734100341796875,0.0,0.028415695758217008,-23.01202392578125,53
1DQJ,4,9.336390495300293,11.493271827697754,19.74997901916504,0.0,0.05767591366751478,-34.5051383972168,4
1DQJ,5,14.877272605895996,13.973686218261719,33.0451545715332,0.0,0.024483222630746412,-22.251754760742188,77
1DQJ,6,12.19530200958252,14.792065620422363,26.134416580200195,0.0,0.03528038711071084,-31.279312133789062,8
1DQJ,7,10.742321014404297,11.935497283935547,24.974531173706055,0.0,0.039786542821236,-22.728775024414062,54
1DQJ,8,11.973115921020508,14.687507629394531,25.346458435058594,0.0,0.03713824950587865,-31.52138900756836,7
1DQJ,9,12.21513557434082,15.155101776123047,26.747905731201172,0.0,0.033808002414009344,-33.42885208129883,2
1DQJ,10,13.745697021484375,14.235034942626953,29.810497283935547,0.0,0.028723466237843998,-21.92148208618164,61
1DQJ,11,13.70115852355957,13.74404239654541,29.96065330505371,0.0,0.02875462231860433,-22.817928314208984,50
1DQJ,12,22.02570343017578,18.828432083129883,51.6387825012207,0.0,0.010895598810175667,-28.951187133789062,72
1DQJ,13,13.04253101348877,14.247358322143555,28.15387535095215,0.0,0.031499830398525136,-24.871213912963867,39
1DQJ,14,11.743471145629883,14.311476707458496,24.982412338256836,0.0,0.03820605136943776,-33.814144134521484,2
1GXD,0,10.50556468963623,11.201432228088379,24.961078643798828,0.0,0.040509180131600715,-21.449207305908203,11
1GXD,1,38.05008316040039,35.162681579589844,99.75514221191406,0.0,0.003008216747916865,-23.607521057128906,14
1GXD,2,19.923057556152344,18.88480567932129,52.64656448364258,0.263158,0.09827751987012945,-19.090648651123047,10
1GXD,3,27.178564071655273,15.64403247833252,67.62838745117188,0.0,0.008220451665775468,-24.950145721435547,31
1GXD,4,14.673673629760742,16.676010131835938,32.735816955566406,0.0,0.02372933432314711,-19.98906707763672,14
1GXD,5,36.46604919433594,35.33135986328125,94.87683868408203,0.0,0.003253876650182221,-23.861297607421875,13
1GXD,6,38.575592041015625,34.23234558105469,102.15860748291016,0.0,0.002930552203752899,-22.82662582397461,9
1GXD,7,27.543865203857422,12.845053672790527,71.72232055664062,0.0,0.009101329575393415,-25.2771053314209,14
1GXD,8,37.98383331298828,34.73590087890625,97.71516418457031,0.0,0.003123767223768385,-23.149517059326172,15
1GXD,9,37.670894622802734,37.226749420166016,99.04788970947266,0.0,0.002977224229435808,-24.095422744750977,6
1GXD,10,39.22928237915039,37.12172317504883,100.7099380493164,0.0,0.002901074654461239,-23.032684326171875,18
1GXD,11,25.606708526611328,16.673818588256836,66.35905456542969,0.0,0.00805684668644091,-27.482473373413086,8
1GXD,12,15.519919395446777,17.007112503051758,35.03245162963867,0.105263,0.05619308292867343,-17.886093139648438,7
1GXD,13,38.19674301147461,32.94075012207031,98.33487701416016,0.0,0.0031618691082382975,-25.053466796875,16
1GXD,14,36.93048095703125,36.211090087890625,96.27283477783203,0.0,0.0031493162561421766,-22.787839889526367,16
2VIS,0,30.373964309692383,18.394987106323242,65.89713287353516,0.0,0.007657112719292957,-32.77987289428711,44
2VIS,1,32.11817169189453,27.931015014648438,70.59284973144531,0.0,0.00572229322598392,-30.78729248046875,29
2VIS,2,19.39772605895996,17.517911911010742,34.49221420288086,0.0,0.02151021275431295,-27.173324584960938,0
2VIS,3,21.856340408325195,19.735431671142578,39.09748840332031,0.0,0.01695851188548746,-27.412805557250977,0
2VIS,4,22.70551109313965,19.193992614746094,42.682220458984375,0.0,0.014738867005802089,-29.813493728637695,0
2VIS,5,20.588544845581055,18.81806182861328,38.902774810791016,0.0,0.01729261296086607,-14.736940383911133,1
2VIS,6,23.017070770263672,21.322996139526367,68.4351806640625,0.0,0.00670560410500353,-24.052865982055664,2
2VIS,7,29.809555053710938,19.943359375,66.12557220458984,0.0,0.007293324395959116,-26.649927139282227,3
2VIS,8,19.745460510253906,17.385921478271484,33.97873306274414,0.0,0.02209383982359782,-20.601375579833984,1
2VIS,9,29.38884925842285,15.842308044433594,52.453033447265625,0.0,0.011491138424078942,-19.330774307250977,66
2VIS,10,27.861207962036133,16.586307525634766,56.57301330566406,0.0,0.010062841915390508,-29.778844833374023,33
2VIS,11,25.723661422729492,17.984464645385742,49.95868682861328,0.0,0.011680601860230897,-35.46870422363281,0
2VIS,12,28.091899871826172,18.877857208251953,58.735496520996094,0.0,0.008929089910472277,-31.456144332885742,3
2VIS,13,17.050098419189453,13.688860893249512,34.5244140625,0.0,0.0230054472351382,-16.33201789855957,3
2VIS,14,22.050687789916992,20.604629516601562,43.473384857177734,0.0,0.014030991301288563,-26.33783721923828,0
2SNI,0,8.81797981262207,8.296582221984863,26.604755401611328,0.058824,0.06103257925524891,-40.23040008544922,4
2SNI,1,7.320030212402344,7.4607038497924805,17.01825714111328,0.147059,0.12852257492501815,-45.4680061340332,1
2SNI,2,2.9477927684783936,2.956242322921753,7.38950777053833,0.205882,0.32672467670383903,-38.77157211303711,2
2SNI,3,2.2957763671875,1.4582903385162354,7.1207709312438965,0.676471,0.5927263293515778,-38.98444366455078,2
2SNI,4,2.036513566970825,2.2972004413604736,5.682199001312256,0.352941,0.4476666723090483,-43.04501724243164,2
2SNI,5,1.637056827545166,1.6985747814178467,4.306089878082275,0.176471,0.4701328180381896,-47.2769775390625,0
2SNI,6,8.0439453125,7.754481315612793,21.247055053710938,0.117647,0.09722636843086634,-37.63890838623047,3
2SNI,7,7.222907543182373,7.285510063171387,16.84363555908203,0.264706,0.16944847946975905,-43.496768951416016,3
2SNI,8,7.839457988739014,7.546864986419678,20.413516998291016,0.205882,0.13054917625598306,-42.67363739013672,2
2SNI,9,7.326010227203369,7.370639801025391,17.38404655456543,0.205882,0.14619944183268777,-41.31294250488281,4
2SNI,10,3.773282766342163,3.3134100437164307,11.431282997131348,0.411765,0.3126313802644444,-48.576438903808594,1
2SNI,11,7.671852111816406,7.524332523345947,19.610750198364258,0.205882,0.13408642040405297,-40.518341064453125,4
2SNI,12,6.783878803253174,6.468261241912842,19.2486515045166,0.235294,0.1498361894327088,-39.3840446472168,5
2SNI,13,2.290407419204712,2.181084632873535,6.827034950256348,0.205882,0.37828321119493924,-47.90803527832031,0
2SNI,14,7.327006816864014,7.45933198928833,17.03188705444336,0.117647,0.11863790968072184,-39.89932632446289,1
3A4S,0,15.665213584899902,17.15399932861328,47.14344787597656,0.0,0.013024377281430695,-40.87959289550781,0
3A4S,1,15.278226852416992,17.469776153564453,44.98220443725586,0.0,0.01393154194867851,-47.516815185546875,0
3A4S,2,14.942137718200684,12.680808067321777,43.73570251464844,0.0,0.016732019063129672,-38.23270034790039,0
3A4S,3,14.618280410766602,14.600994110107422,45.833961486816406,0.0,0.014564241226668266,-38.65346145629883,0
3A4S,4,15.528779983520508,17.534114837646484,48.95473098754883,0.0,0.01217675079363713,-40.653045654296875,0
3A4S,5,14.228981018066406,16.30372428894043,42.25399398803711,0.0,0.015762274572581253,-45.79084396362305,0
3A4S,6,15.412927627563477,16.58551025390625,45.308753967285156,0.0,0.014036990764549243,-48.60342025756836,0
3A4S,7,15.307538032531738,14.920111656188965,47.808319091796875,0.0,0.0135493669234203,-45.61798858642578,0
3A4S,8,14.618973731994629,14.255911827087402,40.88312530517578,0.0,0.017461757666474374,-40.20474624633789,0
3A4S,9,17.617467880249023,19.483806610107422,51.187599182128906,0.0,0.010908889688583327,-38.00920104980469,0
3A4S,10,15.30005168914795,16.47097396850586,45.368099212646484,0.0,0.014045798627291592,-48.2547721862793,0
3A4S,11,15.194535255432129,16.040138244628906,44.791221618652344,0.0,0.0144766339924334,-44.83798599243164,0
3A4S,12,18.197778701782227,19.514904022216797,52.33774185180664,0.0,0.010523849533916885,-43.11478805541992,0
3A4S,13,15.239169120788574,16.2772274017334,44.76836013793945,0.0,0.014405192802285034,-40.88969421386719,0
3A4S,14,11.753312110900879,13.929667472839355,28.508079528808594,0.0,0.03103497986133556,-37.680484771728516,0
4GXU,0,31.223562240600586,22.41994285583496,70.87898254394531,0.0,0.006211285860861827,2.606029987335205,88
4GXU,1,46.579689025878906,30.497541427612305,78.14415740966797,0.0,0.004702180909789386,7.557875156402588,22
4GXU,2,38.47196960449219,29.04225730895996,76.20787811279297,0.0,0.004982717597437565,-3.0495569705963135,116
4GXU,3,51.280941009521484,39.168434143066406,85.35511779785156,0.0,0.003761343353914771,5.853024959564209,65
4GXU,4,38.663761138916016,27.60441780090332,79.20425415039062,0.0,0.004776651609469081,-2.263911247253418,112
4GXU,5,38.70004653930664,26.5533504486084,81.16077423095703,0.0,0.004676809494680034,-0.6471670866012573,121
4GXU,6,34.99209976196289,23.543827056884766,75.62957000732422,0.0,0.005505534569472725,6.666027069091797,46
4GXU,7,30.29159164428711,29.80742835998535,76.38336181640625,0.0,0.00491931623735844,4.739906311035156,59
4GXU,8,40.054866790771484,32.228633880615234,82.38297271728516,0.0,0.004231603494214435,4.2029032707214355,58
4GXU,9,32.39649963378906,23.93107032775879,74.9559326171875,0.0,0.005536564425860979,-3.9885497093200684,83
4GXU,10,34.212276458740234,25.65284538269043,79.08794403076172,0.0,0.004942161597397943,-5.4074907302856445,106
4GXU,11,43.49800491333008,28.5975284576416,90.86442565917969,0.0,0.003806202186028498,7.103732109069824,54
4GXU,12,39.72189712524414,27.148895263671875,76.60064697265625,0.0,0.0050689512345216915,-0.29953697323799133,101
4GXU,13,48.09104537963867,32.390907287597656,86.25257110595703,0.0,0.003919406108059878,9.770337104797363,31
4GXU,14,44.91559600830078,21.541227340698242,90.09396362304688,0.0,0.004549369810909191,-7.324002742767334,122
1FC2,0,7.818173885345459,12.098902702331543,37.792022705078125,0.0,0.0210963153445287,-27.315380096435547,19
1FC2,1,11.531024932861328,17.66887855529785,40.294593811035156,0.0,0.01658607827376992,-23.77859115600586,6
1FC2,2,4.732852935791016,5.945209503173828,15.52486515045166,0.0,0.0968260758100384,-28.608230590820312,14
1FC2,3,8.256660461425781,13.245567321777344,43.56500244140625,0.0,0.016444766969317105,-30.868349075317383,7
1FC2,4,11.967159271240234,14.173749923706055,38.57078552246094,0.0,0.019130415402892547,-36.47377395629883,0
1FC2,5,10.186604499816895,11.850476264953613,30.2376708984375,0.0,0.029667634591587694,-27.997282028198242,11
1FC2,6,7.874129295349121,15.321184158325195,60.66702651977539,0.0,0.009582244448946621,-29.5435791015625,1
1FC2,7,8.772089958190918,14.556925773620605,51.822601318359375,0.0,0.012234856208005955,-26.22770881652832,14
1FC2,8,6.308874130249023,10.194021224975586,40.41065979003906,0.0,0.021187144836347458,-27.398557662963867,16
1FC2,9,19.330751419067383,20.159971237182617,35.17833709716797,0.0,0.02022271844770645,-32.62994384765625,2
1FC2,10,16.0141658782959,15.684112548828125,26.121198654174805,0.0,0.03493801138043814,-35.51388931274414,0
1FC2,11,17.254201889038086,18.02172088623047,38.796932220458984,0.0,0.017560587939910558,-35.210044860839844,7
1FC2,12,59.98982620239258,83.68516540527344,159.59988403320312,0.0,0.001049863253519328,0.0,0
1FC2,13,11.32049560546875,13.215086936950684,34.698028564453125,0.0,0.023111039237328837,-26.267440795898438,9
1FC2,14,14.459676742553711,17.68113136291504,37.66719436645508,0.0,0.01853365602072246,-26.599477767944336,13
1ACB,0,10.594833374023438,10.501375198364258,35.243011474609375,0.0,0.024988754968615027,-44.16664505004883,3
1ACB,1,5.324056148529053,4.562170028686523,14.435486793518066,0.068966,0.14132553907357623,-44.45217514038086,1
1ACB,2,5.954139709472656,6.682638645172119,14.579195976257324,0.034483,0.11204458184067306,-42.953155517578125,2
1ACB,3,10.962425231933594,11.769556999206543,34.38399887084961,0.0,0.02452515813357435,-46.28996658325195,0
1ACB,4,4.802087783813477,4.076779842376709,15.24494743347168,0.275862,0.21074962516647108,-49.94447326660156,1
1ACB,5,4.251452922821045,3.807485342025757,12.06003475189209,0.37931,0.28185002558898853,-50.76678466796875,0
1ACB,6,11.3087739944458,10.241840362548828,34.55696105957031,0.0,0.026016498390042383,-46.99541091918945,1
1ACB,7,11.338271141052246,10.368820190429688,34.81983947753906,0.0,0.025579629122992966,-50.69120788574219,1
1ACB,8,10.37157917022705,11.164724349975586,33.69428634643555,0.0,0.025853997869923945,-54.10145950317383,0
1ACB,9,7.114450454711914,6.404657363891602,21.836414337158203,0.241379,0.14165416497311037,-45.68292236328125,5
1ACB,10,8.33626937866211,8.958525657653809,20.32617950439453,0.068966,0.08169407698003306,-42.64919662475586,4
1ACB,11,8.193039894104004,9.015718460083008,19.1364688873291,0.0,0.06390625791834655,-55.641700744628906,0
1ACB,12,8.471524238586426,7.8218512535095215,28.6590633392334,0.0,0.03877495918362475,-48.57477569580078,0
1ACB,13,4.833645820617676,5.276159286499023,11.145833015441895,0.068966,0.17048988847892096,-42.81211471557617,2
1ACB,14,7.140629291534424,7.347411632537842,17.557090759277344,0.0,0.0766306911152865,-63.813411712646484,0
3H2V,0,18.964590072631836,20.887968063354492,50.91168212890625,0.0,0.010749597271490266,-53.386749267578125,0
3H2V,1,18.838863372802734,21.556730270385742,51.790863037109375,0.0,0.010349323604400109,-50.64885711669922,0
3H2V,2,18.60317611694336,20.365219116210938,49.43407440185547,0.0,0.011370751878224462,-47.433414459228516,0
3H2V,3,14.97907543182373,13.025468826293945,43.98897933959961,0.0,0.016360668079483213,-39.9470100402832,4
3H2V,4,17.101581573486328,14.962982177734375,48.042335510253906,0.0,0.01343422158252998,-42.47435760498047,0
3H2V,5,18.41649055480957,20.149869918823242,49.289283752441406,0.0,0.011463882598012759,-52.28483963012695,0
3H2V,6,13.393815040588379,14.965018272399902,42.967838287353516,0.0,0.015868931185972178,-51.20515823364258,0
3H2V,7,11.366325378417969,13.65996265411377,32.2882080078125,0.0,0.025575216030777694,-42.93855285644531,0
3H2V,8,13.371960639953613,15.28348445892334,42.777099609375,0.0,0.01584143392960195,-52.83185958862305,0
3H2V,9,12.15489673614502,14.920984268188477,40.199745178222656,0.0,0.017600126414437405,-50.12792205810547,0
3H2V,10,13.06379222869873,14.340797424316406,41.39510726928711,0.0,0.0170933389177524,-50.64956283569336,0
3H2V,11,18.707746505737305,20.169565200805664,50.3194694519043,0.0,0.011080995821343234,-54.577632904052734,0
3H2V,12,12.861802101135254,15.033279418945312,41.14625930786133,0.0,0.01692878045936984,-50.11546325683594,0
3H2V,13,14.127739906311035,15.362130165100098,45.390235900878906,0.0,0.014441368805747215,-54.79726791381836,0
3H2V,14,14.36962604522705,13.859402656555176,44.3090934753418,0.0,0.01569074277104445,-48.46335220336914,0
5CBA,0,8.923203468322754,11.68034553527832,21.22606658935547,0.0,0.051474531030490635,-35.482486724853516,1
5CBA,1,9.262571334838867,11.274801254272461,21.61552619934082,0.0,0.05043894754915281,-37.02590560913086,3
5CBA,2,8.345085144042969,10.589710235595703,19.486473083496094,0.0,0.05984134177473736,-44.05636978149414,0
5CBA,3,9.067778587341309,12.35530948638916,20.394437789916992,0.083333,0.08195196911523149,-36.23453903198242,1
5CBA,4,9.304259300231934,12.165802001953125,21.274688720703125,0.0,0.050876500535915144,-41.256404876708984,0
5CBA,5,8.48138427734375,10.190048217773438,20.228532791137695,0.0,0.05709283651223534,-39.75420379638672,0
5CBA,6,8.221941947937012,10.663590431213379,20.176549911499023,0.0,0.056709989911804946,-33.8457145690918,2
5CBA,7,9.449461936950684,13.454120635986328,21.404705047607422,0.0,0.04949747819161691,-35.34621047973633,2
5CBA,8,9.037824630737305,11.413507461547852,21.84124755859375,0.0,0.04950407243676561,-33.030189514160156,3
5CBA,9,9.088726043701172,11.386351585388184,21.344257354736328,0.0,0.05131346462007353,-36.001953125,1
5CBA,10,8.989238739013672,11.590354919433594,21.66339683532715,0.0,0.049961922792067126,-33.74138641357422,3
5CBA,11,11.738568305969238,11.778973579406738,28.361339569091797,0.0,0.0327924508281597,-29.4771728515625,22
5CBA,12,14.387200355529785,14.67574405670166,34.53795623779297,0.0,0.02248265222719954,-26.812742233276367,39
5CBA,13,9.126076698303223,11.812868118286133,20.83432960510254,0.0,0.05285487512193548,-44.197410583496094,0
5CBA,14,8.345450401306152,10.53554630279541,20.16381072998047,0.0,0.05691893447336332,-41.97978973388672,0
6A0Z,0,27.718095779418945,13.467631340026855,52.02188491821289,0.0,0.012752028274611193,-16.150230407714844,103
6A0Z,1,21.75086784362793,18.749032974243164,37.245975494384766,0.0,0.018620925473279107,-22.8606014251709,18
6A0Z,2,37.76810073852539,16.66501808166504,83.6176528930664,0.0,0.0060880586672488685,-28.839780807495117,102
6A0Z,3,25.69814682006836,10.660533905029297,48.390567779541016,0.0,0.016448215527376936,-16.972244262695312,78
6A0Z,4,23.23367691040039,18.176265716552734,39.8393669128418,0.0,0.016767838223757884,-22.839977264404297,1
6A0Z,5,19.316226959228516,16.386436462402344,35.63507080078125,0.0,0.02071433080432075,-18.9376163482666,16
6A0Z,6,22.207033157348633,18.570907592773438,39.688026428222656,0.0,0.016779671790465783,-21.908742904663086,6
6A0Z,7,18.28221321105957,17.350385665893555,33.28287124633789,0.0,0.022882527161351533,-20.38323974609375,10
6A0Z,8,24.055330276489258,23.57851791381836,60.20975875854492,0.0,0.007857084380237212,-31.322410583496094,4
6A0Z,9,28.349197387695312,22.746061325073242,64.30715942382812,0.0,0.00716701254102826,-27.632923126220703,43
6A0Z,10,27.736783981323242,25.53228759765625,63.75464630126953,0.0,0.0069681125441822716,-21.69934844970703,84
6A0Z,11,23.161048889160156,15.810057640075684,43.41215896606445,0.0,0.015280833489215486,-18.08447265625,12
6A0Z,12,23.474876403808594,16.10801124572754,41.132850646972656,0.0,0.016517113783585415,-22.21149253845215,4
6A0Z,13,26.652854919433594,13.222127914428711,48.36568069458008,0.0,0.01422241515655257,-18.294666290283203,63
6A0Z,14,17.95627784729004,14.0818510055542,32.15671920776367,0.0,0.025508913811521414,-21.822805404663086,16
5SV3,0,18.978759765625,16.330711364746094,28.763063430786133,0.0,0.029560938320949498,-39.75804138183594,0
5SV3,1,19.509578704833984,15.757376670837402,28.36701202392578,0.0,0.03045647782047485,-41.47902297973633,5
5SV3,2,13.697269439697266,12.08854866027832,24.067476272583008,0.0,0.042020836714668656,-52.283416748046875,0
5SV3,3,17.592632293701172,16.577444076538086,26.54056739807129,0.0,0.03371615927175262,-51.688079833984375,0
5SV3,4,14.345420837402344,16.20087242126465,37.81700134277344,0.0,0.018863368920510017,-45.65073013305664,8
5SV3,5,17.731645584106445,16.721290588378906,27.870779037475586,0.0,0.03102666794708299,-39.841888427734375,5
5SV3,6,19.61067771911621,17.95680046081543,30.69015884399414,0.0,0.026057488307203207,-41.80255126953125,0
5SV3,7,15.85824966430664,12.741097450256348,27.731952667236328,0.0,0.033182851474122275,-53.114891052246094,0
5SV3,8,10.733755111694336,9.650100708007812,27.075185775756836,0.0,0.03776919849655814,-45.200531005859375,0
5SV3,9,18.879169464111328,17.2933406829834,30.476781845092773,0.0,0.026546383537966928,-47.02084732055664,0
5SV3,10,16.62196159362793,14.921305656433105,27.9865665435791,0.0,0.031486131763859525,-40.1837043762207,4
5SV3,11,18.187702178955078,17.969749450683594,27.875701904296875,0.0,0.030663070409840894,-54.156272888183594,0
5SV3,12,18.663436889648438,14.845834732055664,30.97555923461914,0.0,0.026711084799868817,-44.12395095825195,0
5SV3,13,15.764322280883789,15.781281471252441,22.630847930908203,0.0,0.04419448042857239,-45.8570442199707,0
5SV3,14,9.211024284362793,6.9181365966796875,33.94898223876953,0.125,0.07629689655097628,-48.800052642822266,0
1M10,0,17.058792114257812,16.609474182128906,39.38139343261719,0.222222,0.09160809089832143,-44.06782913208008,5
1M10,1,20.699697494506836,23.810922622680664,52.057350158691406,0.0,0.009973779771285484,-46.27975845336914,0
1M10,2,18.807775497436523,20.501855850219727,43.647979736328125,0.111111,0.050991144757022655,-41.56043243408203,5
1M10,3,8.029281616210938,9.667181968688965,24.76980209350586,0.0,0.042954121378577605,-40.94453430175781,6
1M10,4,17.65381622314453,18.565696716308594,39.84107971191406,0.055556,0.03519231868302011,-44.29222106933594,0
1M10,5,59.31074523925781,73.27753448486328,155.73362731933594,0.0,0.0011296732165468374,0.0,0
1M10,6,18.45581817626953,19.416837692260742,43.20936584472656,0.111111,0.051433091280527,-42.7707633972168,3
1M10,7,18.855684280395508,21.364328384399414,48.57928466796875,0.0,0.011536995476886339,-37.01006317138672,5
1M10,8,7.944427490234375,8.59003734588623,24.871726989746094,0.055556,0.06324235593922438,-36.12882995605469,3
1M10,9,18.636310577392578,17.080528259277344,43.536930084228516,0.055556,0.03330897831737928,-37.59064483642578,23
1M10,10,15.449460983276367,16.19127082824707,44.805973052978516,0.0,0.01441603205081358,-40.860023498535156,3
1M10,11,21.382619857788086,23.181941986083984,47.60795593261719,0.0,0.011687230103947704,-38.546913146972656,0
1M10,12,18.79043197631836,20.269529342651367,44.59270095825195,0.0,0.013502156975542143,-43.356990814208984,1
1M10,13,7.5702009201049805,9.410429000854492,26.4249210357666,0.0,0.039515036949252284,-39.03368377685547,4
1M10,14,19.551992416381836,21.294757843017578,45.15742874145508,0.0,0.013051858840239919,-43.706687927246094,1
2FJU,0,8.135260581970215,9.913137435913086,20.676416397094727,0.0,0.05565057320553177,-32.829532623291016,7
2FJU,1,28.907001495361328,19.6143856048584,78.64791107177734,0.0,0.005786678950355091,-31.089214324951172,25
2FJU,2,18.315853118896484,13.0591402053833,49.98912048339844,0.0,0.013707211405176044,-35.689239501953125,3
2FJU,3,25.592666625976562,24.54001235961914,72.20398712158203,0.0,0.00579712050154664,-30.375755310058594,10
2FJU,4,17.954700469970703,15.908012390136719,53.00905990600586,0.0,0.011293404672972763,-35.07197952270508,4
2FJU,5,22.137367248535156,14.383008003234863,60.788536071777344,0.0,0.009978839422572862,-30.265430450439453,22
2FJU,6,29.39126968383789,18.225370407104492,76.40470123291016,0.0,0.0063177917145202525,-30.124727249145508,40
2FJU,7,20.617328643798828,20.26291275024414,63.25051498413086,0.0,0.007729803775450979,-30.16734504699707,11
2FJU,8,20.684877395629883,19.62462043762207,60.204769134521484,0.0,0.008450634901499039,-27.95713233947754,29
2FJU,9,19.046327590942383,15.482207298278809,52.101192474365234,0.0,0.011741809944877779,-31.18959617614746,16
2FJU,10,18.81130027770996,16.855924606323242,55.46549606323242,0.0,0.01026769841629018,-30.520793914794922,12
2FJU,11,26.795921325683594,15.991655349731445,66.41106414794922,0.0,0.008279698634741645,-19.944292068481445,112
2FJU,12,26.038551330566406,21.573030471801758,72.11080169677734,0.0,0.006171748617840836,-27.348758697509766,31
2FJU,13,19.0930233001709,16.972976684570312,55.10225296020508,0.0,0.010330803293558634,-32.21966552734375,10
2FJU,14,24.954021453857422,17.458093643188477,71.8985366821289,0.0,0.007037327563729362,-28.911657333374023,26
1AHW,0,20.193796157836914,19.41748046875,40.22813415527344,0.0,0.01622321982259028,-25.745454788208008,5
1AHW,1,23.011117935180664,20.222061157226562,48.43783950805664,0.0,0.011782079640772497,-20.993064880371094,8
1AHW,2,18.26956558227539,20.374561309814453,37.70304870605469,0.0,0.017919473908851274,-34.691776275634766,0
1AHW,3,16.183128356933594,15.203716278076172,32.68202590942383,0.0,0.02433229906082872,-27.07790756225586,3
1AHW,4,18.515666961669922,17.1749267578125,36.200443267822266,0.0,0.019940649096861118,-25.44140625,3
1AHW,5,15.562135696411133,16.54648208618164,35.96486282348633,0.0,0.020351184796810754,-29.882740020751953,1
1AHW,6,21.88973617553711,17.232192993164062,44.523380279541016,0.0,0.014228468635911313,-23.404613494873047,21
1AHW,7,19.924108505249023,17.25442123413086,43.451202392578125,0.0,0.014786095354179699,-31.885953903198242,3
1AHW,8,23.2182559967041,21.837806701660156,44.15458679199219,0.0,0.013476676102848277,-36.433692932128906,0
1AHW,9,13.860245704650879,17.39311981201172,32.547828674316406,0.0,0.023743207206831696,-30.403575897216797,0
1AHW,10,16.088600158691406,15.289796829223633,32.23922348022461,0.0,0.024842716142060933,-26.57561683654785,3
1AHW,11,20.01539421081543,22.911264419555664,58.59852600097656,0.0,0.008291778348451592,-25.00367546081543,3
1AHW,12,19.03665542602539,19.902851104736328,36.43667984008789,0.0,0.01908649087310921,-24.003019332885742,5
1AHW,13,18.57646369934082,17.654123306274414,38.11680221557617,0.0,0.01818005216454813,-24.94276237487793,5
1AHW,14,16.326990127563477,15.14457893371582,34.1600227355957,0.0,0.022673479768523897,-33.15568161010742,0
1OC0,0,19.310789108276367,25.720760345458984,69.15933990478516,0.0,0.006090097376807557,-40.3287467956543,2
1OC0,1,10.773469924926758,16.54853057861328,39.907508850097656,0.0,0.01718205628537094,-42.831459045410156,1
1OC0,2,2.1043834686279297,3.807098388671875,7.73714542388916,0.0,0.22708503147138703,-57.22755813598633,0
1OC0,3,10.058523178100586,15.138733863830566,38.85588836669922,0.0,0.018463759761436046,-51.37800598144531,0
1OC0,4,10.492962837219238,14.662516593933105,40.37437438964844,0.0,0.01759960509982381,-44.74973678588867,0
1OC0,5,10.043011665344238,11.12973403930664,38.66452407836914,0.0,0.021313825170942727,-46.33142852783203,0
1OC0,6,10.17720890045166,15.833830833435059,38.025177001953125,0.0,0.01882835204093397,-50.8260383605957,0
1OC0,7,17.41681480407715,22.360164642333984,60.641075134277344,0.0,0.007916273208938372,-43.12932586669922,12
1OC0,8,10.48779010772705,13.90941047668457,39.545597076416016,0.0,0.018551897546784622,-50.34580993652344,0
1OC0,9,18.04522705078125,25.224641799926758,65.15159606933594,0.0,0.006753313176663407,-45.60818862915039,2
1OC0,10,4.182595729827881,8.778165817260742,13.82632827758789,0.0,0.10088354180163762,-70.69364929199219,0
1OC0,11,6.8471455574035645,10.937438011169434,26.163156509399414,0.0,0.0379779538599014,-53.09725570678711,0
1OC0,12,10.578574180603027,14.963163375854492,39.680809020996094,0.0,0.017940612266937005,-49.84194564819336,0
1OC0,13,10.274147987365723,14.558978080749512,38.87896728515625,0.0,0.018706987476735527,-49.08205795288086,0
1OC0,14,4.184484481811523,8.684845924377441,13.86342716217041,0.0,0.10072679446753853,-68.85501098632812,0
2O3B,0,7.236091613769531,7.202404022216797,13.928374290466309,0.0,0.10431087575658765,-44.55093765258789,0
2O3B,1,6.500182628631592,6.717975616455078,12.727255821228027,0.0,0.11864689579284916,-47.53009796142578,0
2O3B,2,11.682910919189453,11.298041343688965,20.456838607788086,0.75,0.3048501827145012,-43.153221130371094,0
2O3B,3,7.542379379272461,7.47817850112915,13.836960792541504,0.0,0.10421709773548511,-33.8311767578125,8
2O3B,4,8.131887435913086,8.207847595214844,15.128196716308594,0.0,0.09075418248125149,-32.077781677246094,9
2O3B,5,4.478731155395508,4.00872278213501,10.147907257080078,1.0,0.5117109117726714,-51.457157135009766,0
2O3B,6,5.498815536499023,5.26069974899292,10.950278282165527,0.0,0.1503931917720611,-33.03254318237305,5
2O3B,7,2.294071912765503,2.058397054672241,5.271058082580566,0.0,0.35636722450704483,-47.42487335205078,0
2O3B,8,4.706888198852539,4.753997325897217,9.72861385345459,0.75,0.42448199460640584,-45.10268020629883,0
2O3B,9,4.388669490814209,3.831530809402466,11.113088607788086,0.25,0.25066236126011127,-45.13652038574219,2
2O3B,10,10.27779769897461,8.860958099365234,27.323823928833008,0.0,0.038697495833646074,-31.59295082092285,2
2O3B,11,9.55607795715332,7.960463047027588,21.57474708557129,0.0,0.0562175150879738,-32.469112396240234,8
2O3B,12,5.502581596374512,5.4113287925720215,10.525139808654785,0.0,0.15536737252491084,-33.549407958984375,3
2O3B,13,10.17446517944336,9.799622535705566,18.219327926635742,0.25,0.1505480014892101,-38.71542739868164,1
2O3B,14,2.577805280685425,2.891916036605835,4.956404685974121,0.0,0.3194206456411544,-39.1611442565918,1
1KXP,0,26.816932678222656,30.396970748901367,85.56575775146484,0.0,0.004066993777972206,-24.8083438873291,10
1KXP,1,22.606712341308594,20.18050765991211,36.670467376708984,0.0,0.018827811572722116,-21.55122947692871,14
1KXP,2,28.080564498901367,30.874372482299805,84.1543197631836,0.0,0.0041512695205948675,-26.2450008392334,4
1KXP,3,32.75442123413086,31.97106170654297,77.82940673828125,0.0,0.004661116105404217,-27.002685546875,3
1KXP,4,7.77337121963501,9.996191024780273,36.55809783935547,0.0,0.02443603153436325,-27.06022834777832,5
1KXP,5,21.51546859741211,23.83234214782715,90.76670837402344,0.0,0.004213077463079495,-24.787425994873047,7
1KXP,6,24.008207321166992,19.23896026611328,80.84388732910156,0.0,0.005658611579961339,-23.735618591308594,28
1KXP,7,9.090531349182129,9.669355392456055,31.33901596069336,0.166667,0.08622999903177188,-23.19461441040039,12
1KXP,8,25.77240562438965,21.69823455810547,64.47407531738281,0.0,0.007280006351420493,-32.348724365234375,5
1KXP,9,15.67046070098877,11.556480407714844,40.2818603515625,0.0,0.019732213313960443,-21.364503860473633,23
1KXP,10,29.274534225463867,21.41162109375,47.66590881347656,0.0,0.011901124486323064,-20.351459503173828,34
1KXP,11,27.82925796508789,28.53469467163086,85.40922546386719,0.0,0.004187667808179091,-24.54789924621582,6
1KXP,12,11.886479377746582,12.555025100708008,43.85777282714844,0.0,0.01675834179793528,-23.602527618408203,19
1KXP,13,25.30217933654785,21.21414566040039,72.70044708251953,0.333333,0.11726439598297599,-24.897178649902344,29
1KXP,14,19.157989501953125,21.179643630981445,84.55940246582031,0.0,0.004998075692244089,-26.472257614135742,13
1UDI,0,7.214768409729004,8.782586097717285,18.824399948120117,0.0,0.06590083962737957,-48.2682991027832,0
1UDI,1,10.365638732910156,11.114569664001465,24.432767868041992,0.0,0.04195031779343427,-46.15556335449219,0
1UDI,2,11.467365264892578,13.374216079711914,26.04648780822754,0.0,0.03622337992819178,-38.001739501953125,1
1UDI,3,12.971403121948242,13.921486854553223,38.58978271484375,0.0,0.019249383842682873,-51.02168273925781,0
1UDI,4,11.947053909301758,14.70155143737793,27.434682846069336,0.0,0.03262933173823033,-37.3209114074707,3
1UDI,5,7.559590816497803,8.263067245483398,19.680335998535156,0.0,0.06303858989087478,-35.08842468261719,0
1UDI,6,10.975143432617188,12.631141662597656,25.067642211914062,0.0,0.03900897177972581,-34.93897247314453,2
1UDI,7,13.06607723236084,13.45034122467041,36.457191467285156,0.0,0.021280223123874852,-45.69514846801758,0
1UDI,8,14.400202751159668,14.991559982299805,41.48002243041992,0.0,0.016737056736072262,-54.069496154785156,0
1UDI,9,8.67044734954834,9.303394317626953,22.084884643554688,0.0,0.05145220354866232,-38.35612869262695,0
1UDI,10,10.753602981567383,12.551352500915527,24.956344604492188,0.0,0.039342596161191686,-38.375526428222656,1
1UDI,11,9.356477737426758,10.506537437438965,22.953514099121094,0.0,0.04685679966244224,-48.86958312988281,0
1UDI,12,14.971649169921875,14.358699798583984,38.345829010009766,0.0,0.019210101579152022,-47.75398635864258,0
1UDI,13,16.44961166381836,14.959367752075195,42.000877380371094,0.0,0.016433075896722656,-51.63309097290039,0
1UDI,14,12.731433868408203,13.57348918914795,31.267642974853516,0.0,0.026960025785875138,-45.386192321777344,0
3SGQ,0,13.23730754852295,12.387775421142578,38.62594985961914,0.0,0.020213183778983398,-58.378597259521484,0
3SGQ,1,11.82347297668457,11.11436939239502,37.509178161621094,0.0,0.02224428017875675,-40.08184814453125,7
3SGQ,2,10.956443786621094,10.853140830993652,33.50117874145508,0.0,0.026408402680760595,-38.764827728271484,4
3SGQ,3,10.333162307739258,10.755664825439453,30.969772338867188,0.0,0.0297101358768083,-58.74996566772461,0
3SGQ,4,8.862455368041992,10.444634437561035,24.665546417236328,0.0,0.04211950738031089,-44.64833068847656,2
3SGQ,5,9.52054500579834,10.4552583694458,25.32781219482422,0.033333,0.05157575779887932,-45.90346908569336,0
3SGQ,6,10.660741806030273,12.076866149902344,30.500377655029297,0.0,0.02908684516002316,-46.41876220703125,0
3SGQ,7,11.235421180725098,10.895570755004883,34.0583381652832,0.0,0.02574488309623968,-40.496864318847656,1
3SGQ,8,9.882862091064453,10.391819953918457,30.637287139892578,0.0,0.0306271548830986,-56.11045837402344,0
3SGQ,9,11.820510864257812,10.902735710144043,37.77811813354492,0.0,0.022253816645323995,-40.934818267822266,1
3SGQ,10,10.835492134094238,11.66030216217041,31.509126663208008,0.0,0.02803828575054922,-43.69924545288086,1
3SGQ,11,9.62431812286377,9.623632431030273,31.402008056640625,0.0,0.030661875693769398,-50.217586517333984,0
3SGQ,12,11.61973762512207,10.57606315612793,37.7016487121582,0.0,0.02269666064887815,-38.25732421875,5
3SGQ,13,9.56097412109375,9.278092384338379,29.987340927124023,0.0,0.03328068158357097,-55.29646301269531,0
3SGQ,14,9.724157333374023,9.36050033569336,31.879169464111328,0.0,0.03047009340633412,-53.6494140625,0
3VLB,0,27.34874153137207,30.718852996826172,79.21339416503906,0.0,0.004587333896244984,-50.15852355957031,0
3VLB,1,27.797853469848633,32.44769287109375,88.76256561279297,0.0,0.0037397839292532824,-40.178592681884766,0
3VLB,2,25.38384246826172,27.02561378479004,82.85225677490234,0.0,0.004495552374151086,-50.07202911376953,0
3VLB,3,14.831862449645996,17.247121810913086,36.13203811645508,0.0,0.019982276571592444,-42.95559310913086,0
3VLB,4,24.65424156188965,28.607046127319336,77.10981750488281,0.0,0.004915718378675905,-44.60089874267578,2
3VLB,5,14.859471321105957,18.23216438293457,36.65372085571289,0.0,0.019252132490121546,-40.23042678833008,0
3VLB,6,27.099506378173828,31.213359832763672,83.9036865234375,0.0,0.00415428844410963,-36.9636344909668,0
3VLB,7,17.882177352905273,24.01473617553711,39.845298767089844,0.0,0.01580435684859025,-42.62435531616211,0
3VLB,8,19.480375289916992,21.747058868408203,40.9248161315918,0.0,0.01536315649938992,-39.7752799987793,0
3VLB,9,26.562837600708008,30.94478416442871,89.34525299072266,0.0,0.003771315254852851,-39.08509826660156,0
3VLB,10,25.81812858581543,27.58224868774414,71.46212768554688,0.0,0.005633035701969974,-39.00764846801758,0
3VLB,11,28.153928756713867,33.09864044189453,91.00170135498047,0.0,0.0035662057192309966,-40.41797637939453,0
3VLB,12,24.62977409362793,27.963287353515625,68.7309799194336,0.0,0.005977733085760807,-45.7475471496582,0
3VLB,13,11.953729629516602,14.93368911743164,29.72256088256836,0.0,0.02852960097471996,-29.886356353759766,0
3VLB,14,27.00771713256836,27.7260684967041,73.82392120361328,0.0,0.005333949427510069,-49.31488037109375,0
1JWH,0,32.33857727050781,21.575542449951172,84.88311004638672,0.0,0.004912742365919108,-20.738412857055664,5
1JWH,1,32.18254470825195,18.278337478637695,82.1829833984375,0.0,0.005757861165854015,-27.469846725463867,16
1JWH,2,32.94032287597656,18.001625061035156,81.704833984375,0.0,0.005867434188222353,-25.198917388916016,15
1JWH,3,25.325876235961914,13.87924861907959,53.73492431640625,0.0,0.011985559925565034,-19.829143524169922,5
1JWH,4,24.531301498413086,14.719491958618164,41.50080871582031,0.0,0.016846146760064063,-22.998828887939453,1
1JWH,5,17.41872787475586,13.895951271057129,31.462326049804688,0.0,0.026513919037681504,-16.313541412353516,9
1JWH,6,22.776363372802734,14.800570487976074,39.75739288330078,0.0,0.017959307708709026,-23.622644424438477,2
1JWH,7,29.92490577697754,22.61545753479004,80.3609619140625,0.0,0.005148001139756688,-25.745235443115234,17
1JWH,8,32.726524353027344,21.82967185974121,86.71512603759766,0.0,0.004738764310835912,-16.55729866027832,7
1JWH,9,32.178531646728516,18.852264404296875,83.97241973876953,0.0,0.0054777491199862124,-20.881650924682617,7
1JWH,10,23.608356475830078,12.33087158203125,46.904598236083984,0.0,0.015459348266848713,-26.9085636138916,0
1JWH,11,24.871898651123047,27.953126907348633,69.48594665527344,0.0,0.005871505226139947,-24.126344680786133,1
1JWH,12,33.0336799621582,18.17290687561035,80.70184326171875,0.0,0.005912889388417848,-27.048667907714844,12
1JWH,13,30.112476348876953,25.987117767333984,82.11953735351562,0.0,0.004640301003733389,-26.67636489868164,8
1JWH,14,35.196571350097656,26.726900100708008,88.24837493896484,0.0,0.0041106696131796225,-17.44969940185547,3
5WHK,0,19.269813537597656,13.926640510559082,32.03208923339844,0.0,0.025750337538486528,-14.76359748840332,13
5WHK,1,27.267330169677734,20.591522216796875,72.30094909667969,0.0,0.0063037881604767225,-26.59126091003418,2
5WHK,2,26.669954299926758,17.858346939086914,47.941646575927734,0.0,0.012494159326879107,-15.117645263671875,4
5WHK,3,27.003686904907227,20.116802215576172,45.929969787597656,0.0,0.012881267962840498,-13.867439270019531,33
5WHK,4,28.16102409362793,19.272241592407227,68.72907257080078,0.0,0.007028735716287061,-13.153013229370117,13
5WHK,5,23.156539916992188,13.243060111999512,48.327701568603516,0.333333,0.1253354375429512,-17.42644500732422,2
5WHK,6,29.551603317260742,13.771721839904785,75.41666412353516,0.0,0.008089265335763087,-14.83349895477295,32
5WHK,7,28.470674514770508,22.1390438079834,72.18373107910156,0.0,0.0060820620213523045,-26.89984703063965,1
5WHK,8,34.5443115234375,26.16301918029785,71.19905090332031,0.0,0.0057761512764125484,-26.81913948059082,25
5WHK,9,32.584251403808594,17.72858238220215,73.01813507080078,0.0,0.006825933695845481,-27.50213050842285,10
5WHK,10,33.06517791748047,17.173580169677734,72.8435287475586,0.0,0.007001470219696185,-32.191165924072266,5
5WHK,11,29.15134048461914,15.763949394226074,67.9314193725586,0.0,0.008129406951423513,-14.014110565185547,41
5WHK,12,30.311601638793945,22.03311538696289,74.50641632080078,0.0,0.0058204618282758904,-19.23802375793457,41
5WHK,13,33.765193939208984,19.31797218322754,72.2137222290039,0.0,0.006552824276027737,-16.64053726196289,10
5WHK,14,23.746967315673828,15.135700225830078,44.44816589355469,0.0,0.01500206450817153,-22.584245681762695,3
2Z0E,0,15.439291954040527,14.31718635559082,45.55084228515625,0.0,0.014835662383243868,-44.8757209777832,0
2Z0E,1,10.34811782836914,10.612669944763184,28.245790481567383,0.0,0.03420823815701385,-49.68936538696289,0
2Z0E,2,24.518400192260742,22.748104095458984,79.791259765625,0.0,0.005183357140013199,-42.44951248168945,2
2Z0E,3,11.23992919921875,11.709136962890625,25.16956329345703,0.0,0.039506100618137176,-34.66883850097656,2
2Z0E,4,8.93299674987793,9.566780090332031,20.99951171875,0.0,0.054923090593783086,-40.075889587402344,1
2Z0E,5,4.491494178771973,5.441490650177002,14.109660148620605,0.0,0.11230010552483992,-36.788429260253906,1
2Z0E,6,15.73114013671875,15.324499130249023,47.207786560058594,0.0,0.013630611460376701,-47.188961029052734,0
2Z0E,7,10.009883880615234,10.711443901062012,22.90904426574707,0.0,0.04674664791527388,-47.67997360229492,0
2Z0E,8,13.923267364501953,13.990741729736328,42.717647552490234,0.0,0.016483220565241607,-50.455928802490234,0
2Z0E,9,6.776893615722656,7.950582981109619,19.5319766998291,0.0,0.06453350615144554,-48.67271041870117,0
2Z0E,10,6.990642070770264,6.9441680908203125,16.26775550842285,0.033333,0.09745813908651586,-50.39226531982422,0
2Z0E,11,6.045267581939697,6.392860412597656,15.004199028015137,0.0,0.09837999943905636,-50.655269622802734,0
2Z0E,12,9.659631729125977,10.26314640045166,22.305940628051758,0.0,0.049237337493371704,-49.702362060546875,0
2Z0E,13,6.231842994689941,6.478735446929932,15.539275169372559,0.0,0.0937263075495847,-48.8698844909668,0
2Z0E,14,11.116473197937012,11.299721717834473,25.352108001708984,0.0,0.03945612918786497,-40.930511474609375,5
2W9E,0,8.112017631530762,9.252483367919922,20.117862701416016,0.0,0.05902791336212413,-37.307289123535156,0
2W9E,1,7.922028541564941,7.603018283843994,19.23647689819336,0.0,0.06693956955148773,-30.14176368713379,4
2W9E,2,19.913305282592773,22.211135864257812,54.41221618652344,0.0,0.009453956358786148,-26.790109634399414,21
2W9E,3,16.398643493652344,16.69732666015625,41.185550689697266,0.0,0.01628650433313798,-23.404569625854492,60
2W9E,4,15.059795379638672,15.628335952758789,39.07052993774414,0.0,0.018106452006922933,-24.767255783081055,39
2W9E,5,9.687277793884277,9.280102729797363,23.452587127685547,0.0,0.047189159999112155,-26.04845428466797,10
2W9E,6,9.602319717407227,9.722386360168457,23.235687255859375,0.0,0.04709234324433204,-31.643394470214844,2
2W9E,7,12.375897407531738,12.797771453857422,31.562715530395508,0.0,0.027057510017380732,-23.06205177307129,46
2W9E,8,8.474064826965332,9.896612167358398,22.302675247192383,0.0,0.049762287820332096,-27.283227920532227,6
2W9E,9,15.779633522033691,17.575349807739258,45.66952896118164,0.0,0.013570720732993298,-27.706560134887695,5
2W9E,10,7.826755523681641,8.016622543334961,19.28508949279785,0.0,0.06549707370259568,-28.766765594482422,8
2W9E,11,7.938449382781982,7.337719440460205,19.656171798706055,0.0,0.06588403303207617,-32.10061264038086,1
2W9E,12,8.103699684143066,10.127246856689453,22.941604614257812,0.0,0.04739069717001851,-28.08929443359375,2
2W9E,13,6.227266788482666,8.067588806152344,16.433740615844727,0.0,0.08149189607850557,-29.387773513793945,6
2W9E,14,7.189392566680908,7.5217156410217285,18.02182960510254,0.0,0.07340717522650925,-29.403282165527344,8
3S9D,0,13.949565887451172,13.257752418518066,28.581405639648438,0.0,0.031298949728220296,-42.914878845214844,0
3S9D,1,22.03114128112793,18.572307586669922,62.121646881103516,0.0,0.008286230737311377,-28.635334014892578,3
3S9D,2,20.528060913085938,16.732940673828125,59.18317413330078,0.0,0.009394089409486177,-38.15487289428711,0
3S9D,3,14.268594741821289,16.378171920776367,32.161373138427734,0.0,0.02453598157359349,-49.01361083984375,0
3S9D,4,16.1735782623291,16.139307022094727,25.96498680114746,0.0,0.03511933944878733,-48.4213752746582,0
3S9D,5,57.149593353271484,69.19470977783203,155.48020935058594,0.0,0.00114984787601866,0.0,0
3S9D,6,16.117189407348633,16.741466522216797,37.282718658447266,0.0,0.01912465569968088,-36.99921417236328,0
3S9D,7,12.512076377868652,9.967267990112305,31.17591094970703,0.0,0.030446335431859123,-44.35544967651367,0
3S9D,8,18.230287551879883,16.950124740600586,38.954429626464844,0.0,0.017739797952865684,-42.29043197631836,0
3S9D,9,13.72260570526123,15.764412879943848,32.59994888305664,0.0,0.02420949881552406,-49.77604293823242,0
3S9D,10,9.815717697143555,8.043200492858887,18.958799362182617,0.0,0.06699254649197732,-48.57959747314453,0
3S9D,11,13.73628044128418,10.141736030578613,25.438901901245117,0.0,0.040613276882287344,-50.91267013549805,0
3S9D,12,15.90250301361084,13.097618103027344,25.284265518188477,0.0,0.03816194399367733,-45.22587966918945,0
3S9D,13,4.982873916625977,5.607337474822998,11.298851013183594,0.222222,0.2168027704417561,-41.063232421875,0
3S9D,14,15.992008209228516,12.622588157653809,25.175682067871094,0.0,0.03875090263520814,-48.7078971862793,0
1AY7,0,11.29659366607666,8.946124076843262,19.5246524810791,0.0,0.06222478870216014,-43.82516098022461,0
1AY7,1,7.390770435333252,5.984760284423828,17.142221450805664,0.0,0.08548436936264998,-44.93808364868164,0
1AY7,2,26.80377960205078,28.872957229614258,76.76995849609375,0.0,0.004934086455076078,0.0,0
1AY7,3,11.019174575805664,8.519477844238281,19.22056007385254,0.0,0.06454918138466602,-36.04570770263672,1
1AY7,4,12.38619613647461,9.588415145874023,19.926437377929688,0.0,0.059278976631022696,-45.93303680419922,0
1AY7,5,7.871337890625,6.23958158493042,17.202375411987305,0.2,0.15029165624145313,-42.67380905151367,0
1AY7,6,3.009366035461426,2.7972052097320557,7.407315731048584,0.4,0.3972358011518609,-44.115234375,0
1AY7,7,12.16745662689209,9.474447250366211,21.062162399291992,0.2,0.12150286760455274,-36.95925521850586,0
1AY7,8,10.205327033996582,8.090662956237793,19.724435806274414,0.2,0.129950657259713,-42.07759094238281,0
1AY7,9,4.325473785400391,4.011538028717041,9.930625915527344,0.0,0.18183634584903083,-48.98736572265625,0
1AY7,10,11.939803123474121,9.437295913696289,21.16472053527832,0.0,0.05451025359114228,-41.205257415771484,0
1AY7,11,10.933013916015625,9.450963973999023,32.89278030395508,0.0,0.029056485602084296,-29.467260360717773,0
1AY7,12,4.401531219482422,4.204403877258301,13.801949501037598,0.0,0.12929825092311079,-38.916263580322266,0
1AY7,13,12.20589828491211,9.714713096618652,21.153907775878906,0.0,0.054099380181727615,-46.26160430908203,0
1AY7,14,4.010544776916504,3.092378616333008,11.595491409301758,0.6,0.38000083134556256,-42.59397888183594,0
1F6M,0,7.250461578369141,7.52943754196167,20.809471130371094,0.214286,0.13181590310567004,-54.49977493286133,0
1F6M,1,19.128995895385742,17.350292205810547,56.71853256225586,0.0,0.009794789923834332,-54.38653564453125,0
1F6M,2,19.9591007232666,19.444686889648438,55.92856979370117,0.0,0.009497331713820443,-35.783016204833984,2
1F6M,3,19.904260635375977,18.650976181030273,58.20583724975586,0.0,0.009102350555273872,-46.149723052978516,1
1F6M,4,19.569015502929688,17.90948486328125,57.609859466552734,0.0,0.00942381147450072,-48.54125213623047,0
1F6M,5,9.231562614440918,10.910264015197754,22.480382919311523,0.0,0.04787809014795554,-45.10572814941406,0
1F6M,6,7.936363220214844,9.684225082397461,19.747358322143555,0.0,0.05991466703016148,-50.872413635253906,0
1F6M,7,19.9351806640625,18.508586883544922,58.097103118896484,0.0,0.009160752862138763,-44.023616790771484,0
1F6M,8,10.851502418518066,13.721901893615723,24.32561683654785,0.071429,0.06401670086008006,-43.35926818847656,4
1F6M,9,23.450420379638672,21.059181213378906,60.8947639465332,0.0,0.0080531391125161,-42.51915740966797,0
1F6M,10,19.28753089904785,17.715675354003906,57.153282165527344,0.0,0.009585986731276665,-51.810951232910156,0
1F6M,11,19.52802276611328,17.724782943725586,57.56848907470703,0.0,0.009482103364561937,-50.62267303466797,0
1F6M,12,7.855879783630371,9.412772178649902,18.355133056640625,0.0,0.0671156391935093,-56.174312591552734,0
1F6M,13,19.42503547668457,17.375329971313477,57.420387268066406,0.0,0.009613638092959759,-46.03606414794922,0
1F6M,14,21.76106071472168,20.751779556274414,62.0343132019043,0.0,0.007875470866578818,-44.47782516479492,0
4FQI,0,18.827367782592773,11.977448463439941,68.33829498291016,0.0,0.010225566041831696,9.333693504333496,58
4FQI,1,40.222259521484375,15.946050643920898,83.89585876464844,0.0,0.006310557737090256,6.530091762542725,82
4FQI,2,12.043804168701172,11.339152336120605,47.75047302246094,0.0,0.015970744505413664,11.626752853393555,27
4FQI,3,24.9423770904541,11.959486961364746,88.44703674316406,0.0,0.008212873098646434,7.563382148742676,37
4FQI,4,20.887540817260742,10.858325004577637,72.24943542480469,0.5,0.17745939239560785,6.47894811630249,83
4FQI,5,35.36226272583008,16.254125595092773,55.11408233642578,0.0,0.010559127995058537,9.494086265563965,26
4FQI,6,18.50279998779297,12.367446899414062,53.5786018371582,0.0,0.01301584937908322,-2.691075086593628,103
4FQI,7,35.990318298339844,16.48950958251953,87.81575775146484,0.0,0.005829699562026898,9.86097526550293,47
4FQI,8,20.650325775146484,13.596869468688965,74.44171905517578,0.0,0.008298027510271483,6.994837284088135,60
4FQI,9,32.88680648803711,9.989623069763184,72.50650787353516,0.0,0.01186879444227524,-8.13419246673584,156
4FQI,10,33.183719635009766,18.619182586669922,64.3835678100586,0.0,0.007859807773585517,10.682562828063965,20
4FQI,11,34.38478088378906,15.298881530761719,85.0752944946289,0.0,0.006468402386644773,-0.36375483870506287,139
4FQI,12,33.647953033447266,13.486770629882812,87.51823425292969,0.0,0.007187807502437447,-0.5167669057846069,147
4FQI,13,40.17929458618164,17.6229190826416,92.1043701171875,0.0,0.005212530645559567,7.824545383453369,62
4FQI,14,35.9668083190918,15.952774047851562,63.76458740234375,0.0,0.008741031034441136,5.288647651672363,59
1Z5Y,0,16.223594665527344,10.815488815307617,55.5765380859375,0.0,0.013909530759074468,-29.16619300842285,7
1Z5Y,1,14.7797269821167,9.851407051086426,43.71884536743164,0.0,0.019694154875272946,-45.9716911315918,0
1Z5Y,2,16.530719757080078,12.872367858886719,62.126060485839844,0.0,0.010590789271408685,-21.616952896118164,8
1Z5Y,3,12.757620811462402,8.697644233703613,41.623348236083984,0.0,0.02297224171124176,-47.15342712402344,0
1Z5Y,4,17.294376373291016,12.02379322052002,54.51587677001953,0.0,0.013019379141054901,-33.53890609741211,2
1Z5Y,5,17.173765182495117,11.127589225769043,56.40635681152344,0.0,0.013350236074071651,-31.876047134399414,2
1Z5Y,6,14.948433876037598,9.896698951721191,56.54793167114258,0.0,0.014850546734837142,-28.07984733581543,10
1Z5Y,7,13.932276725769043,9.47934627532959,42.14753723144531,0.0,0.021170034304823986,-45.35007858276367,0
1Z5Y,8,10.667470932006836,7.444977760314941,34.763221740722656,0.0,0.03180765033012737,-47.7388801574707,0
1Z5Y,9,14.377738952636719,10.659208297729492,29.916318893432617,0.0,0.03137196749900364,-34.23845291137695,1
1Z5Y,10,7.544100284576416,7.028031826019287,19.35329818725586,0.0,0.06842451851374841,-38.860923767089844,1
1Z5Y,11,19.103036880493164,9.344035148620605,48.576778411865234,0.0,0.018277057544497488,-24.390331268310547,37
1Z5Y,12,10.369102478027344,8.133384704589844,20.249719619750977,0.0,0.06089882408849425,-31.892322540283203,5
1Z5Y,13,5.58076286315918,4.930828094482422,23.557004928588867,0.0,0.06663393713473731,-39.978057861328125,1
1Z5Y,14,11.73061752319336,9.517662048339844,23.390697479248047,0.0,0.046962071965457985,-40.31032943725586,0
2FD6,0,18.100473403930664,16.264453887939453,31.970775604248047,0.0,0.024817641309971824,-17.674501419067383,9
2FD6,1,22.35199737548828,23.442615509033203,54.869956970214844,0.0,0.009170923934329025,-38.38541030883789,0
2FD6,2,22.341352462768555,19.69544792175293,46.55073547363281,0.0,0.012677513543680935,-26.083541870117188,1
2FD6,3,17.70625114440918,18.656015396118164,36.6660270690918,0.0,0.01914127037521237,-16.961088180541992,10
2FD6,4,17.331554412841797,16.939945220947266,32.18896484375,0.0,0.02432167474543423,-25.904600143432617,1
2FD6,5,19.213790893554688,19.86536979675293,39.98335647583008,0.0,0.01630295394447123,-18.60856819152832,12
2FD6,6,18.410898208618164,14.649580955505371,34.74388885498047,0.0,0.022282556111072008,-22.439228057861328,5
2FD6,7,21.268526077270508,19.507217407226562,48.339012145996094,0.0,0.011956947895897026,-17.882644653320312,10
2FD6,8,17.72992706298828,16.11861228942871,32.33816909790039,0.0,0.024403248402758673,-18.487272262573242,18
2FD6,9,23.619300842285156,22.190162658691406,54.9484977722168,0.0,0.00930617053846886,-32.7532844543457,17
2FD6,10,18.00235366821289,18.699100494384766,37.87019729614258,0.0,0.01811857211330972,-22.496063232421875,1
2FD6,11,18.74911880493164,14.894424438476562,32.263912200927734,0.0,0.02498094415233303,-21.517059326171875,1
2FD6,12,19.218631744384766,18.075090408325195,35.78369140625,0.0,0.020083521433475412,-21.05763816833496,11
2FD6,13,17.66188621520996,14.516593933105469,31.710323333740234,0.0,0.025866444557619755,-22.775550842285156,6
2FD6,14,21.524059295654297,19.05352210998535,50.39543151855469,0.0,0.011273625406321902,-23.162471771240234,18
1GP2,0,20.640657424926758,17.305227279663086,35.15135955810547,0.0,0.020899932590249037,-39.691253662109375,1
1GP2,1,19.113021850585938,16.04884147644043,33.09027099609375,0.0,0.023519807155330242,-38.91910171508789,3
1GP2,2,7.798234939575195,6.8072829246521,17.914844512939453,0.0,0.07668643663190952,-38.44100570678711,13
1GP2,3,22.64607048034668,17.756330490112305,44.17945861816406,0.0,0.014260369218156188,-28.32667350769043,19
1GP2,4,11.851616859436035,11.591353416442871,24.78055763244629,0.0,0.04058032489462509,-36.22578048706055,20
1GP2,5,20.07436752319336,16.497034072875977,34.824153900146484,0.0,0.021475521391308216,-39.85177993774414,4
1GP2,6,23.265283584594727,26.060693740844727,70.57715606689453,0.0,0.005866441765340052,-19.904123306274414,15
1GP2,7,15.389213562011719,12.608646392822266,28.669631958007812,0.0,0.031584691224929885,-35.61990737915039,13
1GP2,8,18.001893997192383,13.393403053283691,43.34788513183594,0.0,0.01647146789281058,-27.824954986572266,16
1GP2,9,14.499083518981934,12.63436508178711,26.024831771850586,0.0,0.03676388011311706,-34.92461013793945,10
1GP2,10,17.881000518798828,21.053184509277344,53.412994384765625,0.0,0.009916613411109103,-24.801469802856445,6
1GP2,11,8.920999526977539,8.028253555297852,21.146358489990234,0.0,0.057609850707210114,-39.09829330444336,13
1GP2,12,11.828285217285156,12.075569152832031,35.007564544677734,0.0,0.023622530726433593,-28.81825065612793,18
1GP2,13,24.251813888549805,15.964333534240723,61.41957092285156,0.0,0.009181215114173715,-32.35409927368164,12
1GP2,14,5.5304179191589355,5.290457248687744,12.49194049835205,0.444444,0.27844096828908266,-37.58250427246094,13
1AZS,0,25.02408790588379,21.185585021972656,72.87747955322266,0.0,0.006136327783882285,-31.902212142944336,18
1AZS,1,21.392698287963867,16.099260330200195,74.28701782226562,0.0,0.007176432571549149,-33.17290496826172,15
1AZS,2,28.222320556640625,15.176026344299316,67.84361267089844,0.0,0.008376458359729383,-33.46076202392578,10
1AZS,3,23.641921997070312,20.750261306762695,71.7196044921875,0.0,0.006350054829224649,-32.4327507019043,10
1AZS,4,25.690242767333984,14.144087791442871,50.24835205078125,0.0,0.012980265906757918,-25.707115173339844,8
1AZS,5,29.595340728759766,24.392953872680664,76.42190551757812,0.0,0.005328972827080144,-26.634723663330078,31
1AZS,6,22.067523956298828,20.85094451904297,70.14080810546875,0.0,0.006540602605299368,-29.546911239624023,11
1AZS,7,22.98552131652832,12.671636581420898,73.36042785644531,0.0,0.00902202057639781,-27.836925506591797,39
1AZS,8,20.03877830505371,17.061429977416992,65.2889175415039,0.0,0.008112432218738906,-31.025793075561523,25
1AZS,9,17.409746170043945,11.593143463134766,64.13070678710938,0.0,0.011243117805144203,-22.056049346923828,7
1AZS,10,26.61182403564453,16.604156494140625,77.84576416015625,0.0,0.006625694145808739,-24.118480682373047,20
1AZS,11,11.941534042358398,9.077068328857422,23.33526611328125,0.0,0.04790731063666759,-22.033830642700195,4
1AZS,12,17.27058982849121,19.272003173828125,64.27485656738281,0.0,0.007736514452678472,-35.040122985839844,1
1AZS,13,9.998144149780273,9.610994338989258,22.445478439331055,0.0,0.04973409063464981,-25.813392639160156,7
1AZS,14,25.544389724731445,15.2134370803833,74.19676971435547,0.0,0.007527274217956446,-29.41618537902832,16
3CPH,0,17.756832122802734,14.476198196411133,48.33634948730469,0.0,0.013539578214135465,-34.36195755004883,10
3CPH,1,6.643567085266113,6.334766864776611,14.111411094665527,0.0,0.10644065303304866,-38.909568786621094,4
3CPH,2,14.494763374328613,12.367660522460938,27.70600700378418,0.0,0.033507169483875596,-40.87989807128906,6
3CPH,3,22.402009963989258,21.644081115722656,70.28832244873047,0.0,0.006397781562488463,-32.07661437988281,2
3CPH,4,21.45746421813965,18.277830123901367,58.8258171081543,0.0,0.009047166924918594,-36.624778747558594,8
3CPH,5,26.567523956298828,23.496379852294922,76.74193572998047,0.0,0.005392745400863778,-34.65736389160156,4
3CPH,6,14.727104187011719,12.851725578308105,28.029624938964844,0.0,0.03255193761245637,-48.950260162353516,0
3CPH,7,13.31410026550293,11.706246376037598,40.724449157714844,0.0,0.019299720565003974,-33.37034225463867,2
3CPH,8,24.02957534790039,20.302053451538086,67.3761215209961,0.0,0.007031864216582927,-33.053646087646484,10
3CPH,9,24.992883682250977,20.979127883911133,70.21861267089844,0.0,0.006509269940870549,-32.985267639160156,8
3CPH,10,4.352442264556885,5.367733478546143,9.000286102294922,0.0,0.18129016499600384,-39.47197723388672,3
3CPH,11,4.384228229522705,4.956754684448242,9.416644096374512,0.0,0.17762213733570598,-40.98959732055664,8
3CPH,12,23.593690872192383,19.81779670715332,66.11299896240234,0.0,0.0073190516354738585,-34.88166427612305,8
3CPH,13,23.732284545898438,20.06826400756836,66.8392105102539,0.0,0.007156933830741903,-35.67778015136719,5
3CPH,14,16.316059112548828,13.696344375610352,44.65711212158203,0.0,0.015604820901929821,-38.38520812988281,5
1MLC,0,13.256105422973633,12.09406852722168,33.652305603027344,0.0,0.0250406307619587,-38.65902328491211,3
1MLC,1,10.046220779418945,9.722468376159668,25.995960235595703,0.0,0.03994507423812955,-35.932682037353516,1
1MLC,2,6.9864912033081055,8.102604866027832,17.565349578857422,0.0,0.07429075496821737,-29.855358123779297,21
1MLC,3,12.782607078552246,12.544647216796875,28.906055450439453,0.0,0.031227757947559203,-23.033979415893555,53
1MLC,4,6.549263954162598,7.528120517730713,16.991661071777344,0.0,0.07944758047040917,-33.80194854736328,13
1MLC,5,12.326794624328613,11.509180068969727,31.21994972229004,0.0,0.028571115718046408,-37.78805160522461,1
1MLC,6,13.17579460144043,10.2464017868042,34.17387771606445,0.3125,0.13058082278001545,-25.73419952392578,35
1MLC,7,13.274699211120605,12.03430461883545,31.793811798095703,0.0,0.02733508775103032,-28.265588760375977,27
1MLC,8,10.91263198852539,12.131172180175781,23.728578567504883,0.0,0.0429284366379832,-33.553279876708984,5
1MLC,9,7.1354660987854,8.920093536376953,17.326519012451172,0.0,0.07382716844571977,-36.83808135986328,1
1MLC,10,8.890921592712402,9.55636215209961,22.9608211517334,0.25,0.1315241383261523,-29.859169006347656,20
1MLC,11,14.38331127166748,12.732547760009766,32.70538330078125,0.0,0.025653664271603035,-23.791851043701172,68
1MLC,12,12.570106506347656,11.355315208435059,32.2156867980957,0.0,0.02741149334525014,-34.514625549316406,1
1MLC,13,8.58049488067627,9.690629959106445,19.020349502563477,0.0,0.06328815992983343,-41.91907501220703,0
1MLC,14,10.398445129394531,10.307328224182129,27.228578567504883,0.25,0.1198456437190077,-29.74885368347168,16
4G6M,0,22.88129997253418,26.034061431884766,59.70393753051758,0.0,0.007725008437248251,-32.39189529418945,11
4G6M,1,21.21173095703125,23.569612503051758,55.14828109741211,0.0,0.009079550254692708,-34.03675842285156,3
4G6M,2,34.36628723144531,35.17993927001953,87.27024841308594,0.0,0.0037373446627121704,-32.22906494140625,10
4G6M,3,10.695833206176758,15.090282440185547,24.16874122619629,0.0,0.03995259605066694,-30.451356887817383,1
4G6M,4,25.580760955810547,20.51645278930664,65.47969818115234,0.0,0.007296219018993435,-34.96950149536133,11
4G6M,5,10.766047477722168,14.021710395812988,21.93536376953125,0.0,0.047289580922089576,-29.700916290283203,2
4G6M,6,8.406484603881836,11.963018417358398,17.696746826171875,0.0,0.06764462858254838,-25.27190399169922,5
4G6M,7,10.97337818145752,13.384054183959961,22.971921920776367,0.0,0.044276517746894645,-32.82307052612305,1
4G6M,8,10.35330581665039,12.435455322265625,20.745359420776367,0.0,0.05269599761093277,-27.819623947143555,4
4G6M,9,23.0690860748291,25.571672439575195,60.82139205932617,0.0,0.0075286385299688065,-35.09383773803711,2
4G6M,10,12.329947471618652,13.017192840576172,28.208593368530273,0.0,0.03211473551544527,-29.6933536529541,2
4G6M,11,10.966106414794922,14.478838920593262,22.470443725585938,0.0,0.04526615091796482,-30.99696922302246,0
4G6M,12,13.1533842086792,16.83494758605957,35.505435943603516,0.0,0.02069401091357346,-24.290082931518555,5
4G6M,13,21.042240142822266,22.858840942382812,53.881587982177734,0.0,0.009523123913958514,-34.01518630981445,1
4G6M,14,17.730178833007812,19.666902542114258,45.89315414428711,0.0,0.012983191317382648,-28.8859806060791,14
3FN1,0,21.68902587890625,18.935800552368164,57.180938720703125,0.0,0.00928508850359176,-44.41762161254883,1
3FN1,1,19.877586364746094,18.474159240722656,58.479068756103516,0.0,0.00907973754064147,-39.024959564208984,2
3FN1,2,13.804490089416504,14.966105461120605,29.14565658569336,0.0,0.02944385384001126,-42.03169631958008,1
3FN1,3,21.73348045349121,19.668062210083008,56.813140869140625,0.0,0.009225628353814672,-50.82729721069336,0
3FN1,4,21.625808715820312,20.079463958740234,58.56864547729492,0.0,0.008725835331774222,-51.623600006103516,0
3FN1,5,20.292354583740234,18.636125564575195,58.97792434692383,0.0,0.008928388139969004,-48.9700927734375,0
3FN1,6,21.6181583404541,18.975311279296875,56.78330612182617,0.0,0.009375556882417107,-43.02606964111328,1
3FN1,7,21.469541549682617,19.018966674804688,56.6689567565918,0.0,0.009394986745000779,-48.65202713012695,0
3FN1,8,8.332574844360352,8.871787071228027,23.068988800048828,0.0,0.04910881143376445,-41.065738677978516,0
3FN1,9,13.88599967956543,14.625561714172363,29.560527801513672,0.0,0.02892575552723389,-45.46844482421875,1
3FN1,10,21.535030364990234,20.665773391723633,58.774497985839844,0.0,0.008575805803513905,-40.89208984375,0
3FN1,11,21.52044677734375,19.844249725341797,57.829322814941406,0.0,0.008942892219729557,-50.3103141784668,0
3FN1,12,21.88178253173828,21.27278709411621,60.893497467041016,0.0,0.008019944167080434,-37.688472747802734,1
3FN1,13,13.585402488708496,13.646093368530273,29.012195587158203,0.0,0.03033010599203685,-38.03759765625,8
3FN1,14,13.259506225585938,12.455854415893555,30.467466354370117,0.0,0.02883588186660849,-41.242584228515625,0
1EZU,0,27.723886489868164,30.052978515625,72.05130767822266,0.0,0.005403747729372501,-25.925870895385742,16
1EZU,1,24.3024845123291,25.355945587158203,52.54512405395508,0.0,0.009662756965004285,-30.07413673400879,5
1EZU,2,11.574369430541992,11.502012252807617,40.91138458251953,0.216216,0.09143979052190221,-25.518848419189453,11
1EZU,3,24.781475067138672,24.78131866455078,50.02654266357422,0.0,0.01056990990611288,-28.799772262573242,3
1EZU,4,22.7814998626709,24.182706832885742,50.266807556152344,0.0,0.01054394469269427,-25.945085525512695,3
1EZU,5,24.167301177978516,25.43611717224121,52.299781799316406,0.0,0.009733346707261987,-31.817296981811523,2
1EZU,6,15.150984764099121,13.94193172454834,51.273399353027344,0.0,0.012730072342416895,-26.518030166625977,8
1EZU,7,14.711702346801758,13.484615325927734,50.16600036621094,0.0,0.013376823857614953,-35.32183837890625,1
1EZU,8,23.835973739624023,23.09459114074707,51.12938690185547,0.0,0.010364967632731181,-25.189828872680664,4
1EZU,9,23.285873413085938,23.157825469970703,53.8787727355957,0.0,0.009487437135208882,-26.66228675842285,12
1EZU,10,24.780187606811523,24.32421875,46.50486755371094,0.0,0.012038570063699898,-26.87535858154297,7
1EZU,11,14.415493965148926,14.17131519317627,50.2812385559082,0.0,0.012954402536634345,-25.65142059326172,4
1EZU,12,14.445924758911133,13.375067710876465,47.01951599121094,0.297297,0.11378798121568169,-26.301713943481445,8
1EZU,13,24.792190551757812,24.502790451049805,50.30663299560547,0.0,0.010496649757313079,-26.09907341003418,5
1EZU,14,24.82276153564453,22.18705940246582,49.68642807006836,0.0,0.010994564568616543,-23.76629066467285,11
2HQS,0,21.757726669311523,19.211538314819336,59.21957015991211,0.0,0.008748426974266432,-55.802001953125,0
2HQS,1,6.183582305908203,7.822020530700684,14.842780113220215,0.0,0.09414313635066085,-47.34147644042969,0
2HQS,2,8.926660537719727,10.138077735900879,21.17905616760254,0.0,0.05338351940475242,-42.6937141418457,4
2HQS,3,9.95673942565918,10.69005012512207,23.743824005126953,0.0,0.0443020015692047,-51.15384292602539,2
2HQS,4,14.435081481933594,14.911664009094238,43.607967376708984,0.0,0.015540013459941307,-47.50254821777344,1
2HQS,5,8.789398193359375,10.520050048828125,20.935400009155273,0.0,0.05381397004091685,-54.173702239990234,0
2HQS,6,7.518063068389893,8.824920654296875,18.80809211730957,0.0,0.06589427982706582,-39.97209548950195,6
2HQS,7,9.531658172607422,10.627218246459961,23.475099563598633,0.0,0.04514765972257754,-45.60866165161133,0
2HQS,8,22.523365020751953,19.16454315185547,60.072235107421875,0.0,0.008572349016477574,-45.70364761352539,2
2HQS,9,5.867076873779297,7.172255992889404,14.095980644226074,0.0,0.10285463538070927,-49.072669982910156,1
2HQS,10,8.513599395751953,9.637611389160156,20.395933151245117,0.0,0.05721007449037007,-46.67786407470703,0
2HQS,11,24.294334411621094,21.469287872314453,63.89106369018555,0.0,0.00741642073726832,-44.48925018310547,7
2HQS,12,13.237284660339355,14.855030059814453,38.31892776489258,0.0,0.018996943488787596,-49.6021614074707,0
2HQS,13,6.951999664306641,8.021843910217285,16.371231079101562,0.0,0.08203897360467492,-49.07490158081055,0
2HQS,14,9.550787925720215,10.799869537353516,24.56361198425293,0.0,0.041954717831469264,-47.18838119506836,2
1FLE,0,10.345314979553223,10.321823120117188,35.22935104370117,0.038462,0.03805191116624277,-36.33257293701172,4
1FLE,1,10.205611228942871,10.3382568359375,33.74769592285156,0.0,0.026757133405670333,-42.359432220458984,4
1FLE,2,6.439723491668701,8.533205032348633,18.677255630493164,0.0,0.06718411994533441,-43.563140869140625,1
1FLE,3,10.017001152038574,10.510625839233398,33.63583755493164,0.038462,0.03948322046846392,-36.81373977661133,5
1FLE,4,7.36184024810791,7.747574329376221,24.988618850708008,0.038462,0.05943270373575649,-41.14260482788086,2
1FLE,5,8.303226470947266,8.704587936401367,28.062063217163086,0.153846,0.08890762856013718,-35.517120361328125,4
1FLE,6,6.684041500091553,8.323763847351074,20.83260726928711,0.0,0.05805662071819603,-39.49516296386719,3
1FLE,7,11.530455589294434,11.677202224731445,37.950111389160156,0.0,0.021334256184218678,-42.26082992553711,1
1FLE,8,9.429102897644043,8.025961875915527,32.16431427001953,0.0,0.03300966367859312,-48.90495300292969,0
1FLE,9,18.67330551147461,15.112546920776367,52.695289611816406,0.0,0.011704963315771725,-37.65215301513672,5
1FLE,10,5.704195976257324,7.179478645324707,16.67361831665039,0.0,0.08270037342383041,-40.5366096496582,1
1FLE,11,19.095966339111328,16.011268615722656,53.77003479003906,0.0,0.011026855290384002,-38.43625259399414,7
1FLE,12,13.946779251098633,12.270691871643066,45.625450134277344,0.0,0.01608884200509182,-38.470394134521484,5
1FLE,13,9.336756706237793,10.2952880859375,31.69869041442871,0.0,0.029289172402103308,-40.984031677246094,0
1FLE,14,8.915209770202637,7.738275527954102,30.33262062072754,0.0,0.03634106344047421,-44.94643020629883,1
2NZ8,0,17.857696533203125,15.884182929992676,49.94525146484375,0.0,0.01232900120838247,-32.413387298583984,8
2NZ8,1,14.300151824951172,11.219375610351562,24.05901527404785,0.0,0.04284315534295371,-36.60535430908203,16
2NZ8,2,14.13056755065918,11.308700561523438,23.57088279724121,0.0,0.04412241297582178,-37.00750732421875,7
2NZ8,3,19.265207290649414,16.537616729736328,51.76203918457031,0.0,0.011472541058305112,-33.437015533447266,5
2NZ8,4,18.931283950805664,16.964468002319336,51.233585357666016,0.0,0.011515065578130326,-32.74580383300781,6
2NZ8,5,13.471893310546875,11.275003433227539,22.432052612304688,0.0,0.04764859407055307,-38.295963287353516,8
2NZ8,6,20.692163467407227,17.53408432006836,54.981258392333984,0.0,0.010202637667339023,-31.48345375061035,8
2NZ8,7,18.557714462280273,16.289161682128906,50.26726150512695,0.0,0.012069043834221716,-34.0765495300293,3
2NZ8,8,12.902294158935547,11.175146102905273,21.49493980407715,0.0,0.05097532650573583,-37.553524017333984,4
2NZ8,9,19.919790267944336,16.147945404052734,53.778743743896484,0.0,0.010975820228653427,-32.70304489135742,5
2NZ8,10,10.377762794494629,10.795056343078613,21.183155059814453,0.0,0.052541354237824085,-31.63858413696289,0
2NZ8,11,24.582725524902344,23.230897903442383,58.84983444213867,0.0,0.0081957148324585,-33.65070343017578,3
2NZ8,12,27.325775146484375,22.601707458496094,64.5163345336914,0.0,0.00714900459976205,-29.426958084106445,0
2NZ8,13,13.650985717773438,11.219061851501465,22.706085205078125,0.0,0.04682485753830984,-35.63230895996094,11
2NZ8,14,10.17451286315918,8.497300148010254,17.32401466369629,0.0,0.07474887652546915,-41.43376159667969,4
1N2C,0,51.85403060913086,45.54753875732422,132.0922393798828,0.0,0.0017356992395978668,-12.969683647155762,31
1N2C,1,9.239614486694336,9.563700675964355,21.022111892700195,0.122449,0.0956577803747826,-7.9870285987854,66
1N2C,2,51.34074783325195,43.74256896972656,129.00311279296875,0.0,0.0018324127406096791,-10.259551048278809,47
1N2C,3,51.05779266357422,41.12245559692383,125.51937103271484,0.0,0.0019645468871434674,-5.739084243774414,87
1N2C,4,5.789513111114502,5.633419990539551,13.949424743652344,0.510204,0.28239132193456407,-11.879173278808594,27
1N2C,5,18.22231674194336,19.916088104248047,40.351531982421875,0.0,0.016042701232476076,-6.927811145782471,117
1N2C,6,14.353279113769531,15.19336223602295,31.820404052734375,0.22449,0.10024862146095752,-6.16622257232666,46
1N2C,7,17.226673126220703,18.463010787963867,37.54307174682617,0.020408,0.025241908479594944,-11.646090507507324,62
1N2C,8,17.378318786621094,19.682636260986328,37.55266189575195,0.081633,0.045381376782100274,-11.1300687789917,15
1N2C,9,51.91791915893555,45.629180908203125,131.84323120117188,0.0,0.001739585104053424,-12.69023609161377,36
1N2C,10,20.37976837158203,18.526840209960938,46.21324157714844,0.0,0.013078539016264538,-1.273940086364746,271
1N2C,11,2.7602858543395996,3.5020599365234375,6.330756187438965,0.612245,0.470155369581364,-11.895638465881348,22
1N2C,12,51.869415283203125,45.468021392822266,132.67539978027344,0.0,0.0017249543741221925,-12.3406400680542,25
1N2C,13,4.3853068351745605,4.676617622375488,10.678167343139648,0.591837,0.3576629001237161,-10.462663650512695,37
1N2C,14,5.158890247344971,5.2135515213012695,12.539212226867676,0.530612,0.30730047150434453,-10.893797874450684,34
3MJ9,0,12.230321884155273,14.109122276306152,30.074525833129883,0.0,0.028382638914760002,-23.38619613647461,21
3MJ9,1,16.03533172607422,15.590011596679688,34.35637664794922,0.0,0.022284012039799763,-24.15552520751953,7
3MJ9,2,13.246901512145996,14.559741973876953,33.92264938354492,0.0,0.023192887082558813,-21.902156829833984,19
3MJ9,3,18.414573669433594,16.084209442138672,34.790958404541016,0.0,0.02165016766137201,-26.291906356811523,10
3MJ9,4,17.50965118408203,17.802839279174805,43.618309020996094,0.0,0.014544974973149062,-28.37495994567871,5
3MJ9,5,14.315760612487793,14.206249237060547,38.516963958740234,0.0,0.019154899731500016,-26.378589630126953,4
3MJ9,6,13.367120742797852,14.052652359008789,24.18658447265625,0.0,0.04039821052082176,-20.24030113220215,37
3MJ9,7,20.11964225769043,16.23849868774414,41.3803825378418,0.0,0.01631539033313066,-23.50385284423828,14
3MJ9,8,22.1339168548584,17.865503311157227,60.202613830566406,0.0,0.008848337943386493,-37.30891418457031,0
3MJ9,9,18.725555419921875,14.951942443847656,38.50386428833008,0.0,0.018811058472244548,-27.048799514770508,11
3MJ9,10,18.453584671020508,15.620842933654785,52.69441223144531,0.0,0.011498956129419459,-33.022422790527344,0
3MJ9,11,18.221858978271484,16.391408920288086,39.917274475097656,0.0,0.01722717731867765,-27.51417350769043,8
3MJ9,12,17.903301239013672,17.703231811523438,35.922210693359375,0.0,0.020049843686659376,-26.580873489379883,2
3MJ9,13,15.261823654174805,18.53256607055664,30.806337356567383,0.0,0.025750982339534767,-25.000791549682617,10
3MJ9,14,18.3630313873291,14.551989555358887,38.70954895019531,0.0,0.018837572278980596,-19.444875717163086,14
1F51,0,5.3164215087890625,5.495646953582764,15.025270462036133,0.090909,0.134228141119581,-21.356426239013672,4
1F51,1,9.169614791870117,11.313626289367676,21.346351623535156,0.0,0.05137780815456059,-21.63771629333496,5
1F51,2,18.909570693969727,16.498422622680664,52.23701095581055,0.0,0.011331015519002648,-37.35877990722656,0
1F51,3,7.814130783081055,8.268268585205078,21.310266494750977,0.0,0.056374055813185574,-17.669605255126953,5
1F51,4,17.03480339050293,17.83052635192871,51.87672805786133,0.0,0.011057417188752564,-22.10748291015625,0
1F51,5,17.5334529876709,18.280874252319336,49.59617233276367,0.0,0.011740692412524172,-20.802946090698242,5
1F51,6,6.984130859375,8.180998802185059,16.578075408935547,0.0,0.08022938570188617,-23.22476577758789,4
1F51,7,18.000516891479492,19.522647857666016,48.57836151123047,0.0,0.011858514191725131,-23.009925842285156,6
1F51,8,17.489425659179688,17.33030128479004,49.713401794433594,0.0,0.011946545395867023,-21.868839263916016,7
1F51,9,17.642826080322266,18.179523468017578,50.14109420776367,0.0,0.011565579157567325,-23.393802642822266,7
1F51,10,18.293485641479492,19.379167556762695,51.31979751586914,0.0,0.01088523483825817,-19.724214553833008,5
1F51,11,18.16354751586914,18.532520294189453,50.34036636352539,0.0,0.01140955099777947,-22.718576431274414,4
1F51,12,17.936298370361328,19.00881004333496,50.80093002319336,0.0,0.01114061882411141,-18.453872680664062,7
1F51,13,7.7725419998168945,8.94124698638916,19.647157669067383,0.0,0.06167831387248054,-19.09640884399414,7
1F51,14,5.965900897979736,6.804381370544434,14.701493263244629,0.0,0.09895948166736744,-22.389379501342773,7
2OOB,0,7.903732776641846,8.08607292175293,43.91108703613281,0.0,0.023128059688064542,-41.624839782714844,0
2OOB,1,8.078968048095703,8.535229682922363,44.02599334716797,0.0,0.021965216180939134,-35.880008697509766,1
2OOB,2,9.300477981567383,8.332967758178711,33.31078338623047,0.0,0.03083946425436695,-32.19358825683594,4
2OOB,3,9.217456817626953,9.226142883300781,44.98928451538086,0.0,0.02007258781882721,-40.58015060424805,0
2OOB,4,7.896176815032959,8.110509872436523,43.800411224365234,0.0,0.023122251826436332,-42.18769836425781,0
2OOB,5,9.325460433959961,9.177874565124512,43.42379379272461,0.0,0.02097293213069062,-37.79124450683594,1
2OOB,6,8.915010452270508,8.574711799621582,44.02252960205078,0.0,0.02187800282056589,-38.0577507019043,2
2OOB,7,8.120626449584961,8.166666984558105,43.53049850463867,0.0,0.023121050250720532,-37.634559631347656,0
2OOB,8,9.633843421936035,9.20707893371582,42.62670135498047,0.0,0.021366000684109612,-40.67304611206055,0
2OOB,9,9.514710426330566,8.834266662597656,41.235023498535156,0.0,0.022927262476333084,-37.3312873840332,1
2OOB,10,8.696578979492188,8.488114356994629,44.79423522949219,0.0,0.021679829827606953,-39.65727615356445,0
2OOB,11,9.40463924407959,9.380209922790527,43.56306457519531,0.0,0.020536423933034342,-41.52068328857422,0
2OOB,12,9.312434196472168,9.473164558410645,43.683372497558594,0.0,0.02031329358605807,-41.20770263671875,0
2OOB,13,10.127176284790039,9.655248641967773,45.611637115478516,0.0,0.019043205504866823,-44.581871032714844,0
2OOB,14,8.732085227966309,9.065635681152344,39.780460357666016,0.0,0.02343668670167921,-36.063690185546875,2
5WK3,0,6.836658954620361,10.002110481262207,19.74815559387207,0.0,0.05943333733183006,-28.958087921142578,6
5WK3,1,5.978002548217773,8.789436340332031,17.356201171875,0.0,0.07391572794388465,-41.063934326171875,0
5WK3,2,6.317037582397461,9.637758255004883,18.22629165649414,0.0,0.06742964209550208,-34.769405364990234,1
5WK3,3,6.553297519683838,10.549628257751465,18.930116653442383,0.0,0.06253512991791647,-34.767333984375,4
5WK3,4,6.512651443481445,9.754857063293457,19.23117446899414,0.0,0.062175958010207394,-40.34115982055664,1
5WK3,5,18.087749481201172,22.399173736572266,56.90340042114258,0.0,0.008763563667842287,-32.519100189208984,1
5WK3,6,6.46547794342041,10.50928020477295,19.3262939453125,0.0,0.0606832399558554,-34.40529251098633,1
5WK3,7,6.431303024291992,9.519054412841797,18.947999954223633,0.0,0.06391841908247582,-31.005252838134766,8
5WK3,8,17.8345947265625,22.43706703186035,56.29010772705078,0.0,0.00891440747549655,-33.52306365966797,1
5WK3,9,6.6419219970703125,10.245285987854004,19.12421417236328,0.0,0.061981823230030327,-35.92265701293945,1
5WK3,10,22.642534255981445,24.09988784790039,70.9150390625,0.0,0.006007447011247238,-34.21253967285156,13
5WK3,11,6.758458614349365,10.407999992370605,19.55742835998535,0.0,0.05974295317183808,-31.100440979003906,5
5WK3,12,26.757497787475586,31.225765228271484,81.42000579833984,0.0,0.004361161999757729,-32.24575424194336,23
5WK3,13,11.494696617126465,10.486291885375977,35.0977783203125,0.0,0.025151098665635124,-22.905746459960938,29
5WK3,14,6.537108421325684,10.152009963989258,18.925683975219727,0.0,0.06307321053765308,-34.9802131652832,3
1KTZ,0,15.689410209655762,12.20152759552002,36.500282287597656,0.0,0.022109717587377866,-32.09379959106445,1
1KTZ,1,16.086502075195312,11.221899032592773,28.728261947631836,0.0,0.032683013448012097,-28.533823013305664,2
1KTZ,2,22.49455451965332,15.655181884765625,49.42893981933594,0.0,0.012606416537241307,-42.11573791503906,0
1KTZ,3,13.911887168884277,10.860454559326172,22.038143157958984,0.0,0.04940515766168687,-36.21931457519531,1
1KTZ,4,15.651793479919434,10.698817253112793,32.71137237548828,0.0,0.027509418501993958,-38.3010139465332,0
1KTZ,5,14.618678092956543,10.844261169433594,30.70047378540039,0.0,0.02999074783741612,-39.47134780883789,0
1KTZ,6,22.344797134399414,16.083101272583008,50.448421478271484,0.0,0.012076105047598028,-44.78810501098633,0
1KTZ,7,22.776142120361328,26.483339309692383,77.2984619140625,0.0,0.005048412517358005,-32.55104446411133,0
1KTZ,8,22.688539505004883,20.861730575561523,70.2237777709961,0.0,0.006527608698497042,-30.845603942871094,1
1KTZ,9,20.956693649291992,21.66381072998047,59.465965270996094,0.0,0.008264576822948842,-43.47722625732422,0
1KTZ,10,17.526824951171875,11.268110275268555,39.383426666259766,0.0,0.020640035544361415,-35.673892974853516,2
1KTZ,11,13.982747077941895,11.952526092529297,34.30162811279297,0.0,0.024452772498115904,-34.66932678222656,2
1KTZ,12,22.054224014282227,14.367581367492676,51.65324783325195,0.0,0.012382614193479484,-48.170928955078125,0
1KTZ,13,15.707728385925293,13.580726623535156,31.61347770690918,0.0,0.026490320390078936,-38.04702377319336,0
1KTZ,14,23.89432144165039,22.654165267944336,65.97117614746094,0.0,0.006898250245276238,-31.74326515197754,10
2AYO,0,16.839599609375,19.322832107543945,47.25151824951172,0.0,0.012445189357849268,-40.3134765625,0
2AYO,1,14.527849197387695,15.69089126586914,41.37516784667969,0.0,0.016517123795192292,-38.65882110595703,0
2AYO,2,16.47647476196289,18.564199447631836,46.279170989990234,0.0,0.01303982444801345,-40.14876937866211,1
2AYO,3,15.300189971923828,16.411163330078125,43.07647705078125,0.0,0.015254093358192633,-35.613468170166016,1
2AYO,4,7.062867164611816,9.720223426818848,17.188596725463867,0.0,0.0732509376063094,-39.54884338378906,1
2AYO,5,16.16008186340332,19.124601364135742,45.354270935058594,0.16,0.06668203408439617,-32.93047332763672,1
2AYO,6,5.640684127807617,7.563566207885742,13.931927680969238,0.0,0.10303439073435638,-38.67431640625,2
2AYO,7,14.314714431762695,16.709794998168945,41.47099685668945,0.0,0.016103266752257026,-32.87556457519531,2
2AYO,8,21.68224334716797,21.73356056213379,58.965599060058594,0.0,0.008365868177237756,-30.494836807250977,2
2AYO,9,20.515291213989258,23.287677764892578,56.01889419555664,0.0,0.008878983223243654,-37.91429901123047,0
2AYO,10,3.156747341156006,3.8597702980041504,8.785331726074219,0.16,0.2582364332655776,-41.68070983886719,1
2AYO,11,15.227239608764648,16.771270751953125,43.2665901184082,0.0,0.0150322313673931,-45.092281341552734,0
2AYO,12,20.131057739257812,24.28604507446289,56.422237396240234,0.0,0.008663999089611142,-28.37929344177246,1
2AYO,13,16.249666213989258,18.507999420166016,46.387882232666016,0.0,0.013003619045242915,-37.62258529663086,0
2AYO,14,15.811695098876953,16.31113052368164,43.636348724365234,0.0,0.014980919883824648,-37.15138626098633,1
1Z0K,0,11.601313591003418,13.22765827178955,23.890979766845703,0.0,0.04168496099761373,-35.44254684448242,28
1Z0K,1,12.522013664245605,14.506978988647461,26.30276870727539,0.0,0.03504520707442967,-41.161678314208984,4
1Z0K,2,8.560563087463379,10.53610610961914,18.737754821777344,0.0,0.06350901895369192,-58.862205505371094,0
1Z0K,3,10.922586441040039,13.546039581298828,24.1517391204834,0.0,0.0407750247218446,-45.79106140136719,1
1Z0K,4,9.495491027832031,10.659709930419922,18.838857650756836,0.0,0.06285335057461094,-55.91315460205078,0
1Z0K,5,10.392913818359375,13.364598274230957,21.292491912841797,0.0,0.04996568435599597,-57.954410552978516,0
1Z0K,6,10.457610130310059,12.061195373535156,23.639944076538086,0.0,0.043238156560659734,-57.94987487792969,0
1Z0K,7,4.583420753479004,5.07929801940918,12.530349731445312,0.166667,0.1873426116391055,-47.16244888305664,0
1Z0K,8,8.989957809448242,11.703348159790039,19.77051544189453,0.0,0.05738921295660566,-57.36259841918945,0
1Z0K,9,12.323477745056152,14.287099838256836,25.826114654541016,0.0,0.03621281110555249,-43.960899353027344,7
1Z0K,10,10.775546073913574,13.906052589416504,22.757183074951172,0.0,0.0446433693629216,-62.102333068847656,0
1Z0K,11,7.914144515991211,8.251032829284668,17.077856063842773,0.0,0.07684469105223327,-49.10605239868164,0
1Z0K,12,11.425908088684082,13.257258415222168,27.579442977905273,0.0,0.03312924745713027,-52.887123107910156,0
1Z0K,13,9.540711402893066,10.749170303344727,19.14085578918457,0.0,0.06127377327617145,-51.31299591064453,0
1Z0K,14,6.7591471672058105,7.846379280090332,20.16875457763672,0.0,0.062027949164333636,-51.289188385009766,0
1B6C,0,4.957458019256592,5.528045177459717,20.540952682495117,0.142857,0.1192122406147438,-35.99956512451172,8
1B6C,1,8.837940216064453,11.134854316711426,57.9299201965332,0.0,0.012966519824534034,-37.02790069580078,0
1B6C,2,7.827941417694092,10.121180534362793,50.71023178100586,0.0,0.016273564613817765,-32.68810272216797,4
1B6C,3,11.546379089355469,12.176039695739746,31.849245071411133,0.0,0.0271466304497537,-36.15431594848633,7
1B6C,4,14.590900421142578,16.426097869873047,56.97922134399414,0.0,0.010013137423797176,-36.90579605102539,11
1B6C,5,9.12717056274414,11.635420799255371,41.00366973876953,0.0,0.019183310812070028,-37.21636199951172,0
1B6C,6,12.489570617675781,13.9237060546875,73.33671569824219,0.0,0.008242732783302615,-34.94392395019531,2
1B6C,7,13.127063751220703,12.030406951904297,30.22315216064453,0.0,0.029535706792078956,-37.90226364135742,6
1B6C,8,9.574771881103516,11.512588500976562,60.296504974365234,0.0,0.012059332204720418,-33.379310607910156,16
1B6C,9,9.85595417022705,11.069459915161133,68.16264343261719,0.0,0.011114572582671232,-29.90237808227539,10
1B6C,10,12.879677772521973,14.257179260253906,34.603145599365234,0.0,0.022618145808423695,-36.15203857421875,6
1B6C,11,4.7863969802856445,5.926074028015137,16.773948669433594,0.0,0.0881764759489822,-35.1263427734375,7
1B6C,12,8.990194320678711,8.919953346252441,25.215669631958008,0.0,0.04317912414544625,-39.06544494628906,2
1B6C,13,8.921276092529297,9.713630676269531,27.910221099853516,0.0,0.03605598167042152,-37.2345085144043,4
1B6C,14,9.758622169494629,9.172764778137207,31.762535095214844,0.0,0.030958114738301706,-36.67454147338867,5
2FJG,0,17.52587890625,10.921814918518066,45.779747009277344,0.0,0.01727937701343007,-25.064369201660156,6
2FJG,1,17.46627426147461,10.723151206970215,48.10086441040039,0.0,0.0164911959232754,-22.677322387695312,23
2FJG,2,5.774043560028076,4.1002702713012695,14.203132629394531,0.0,0.12724696955005438,-19.99236488342285,5
2FJG,3,18.33881187438965,18.703519821166992,35.863407135009766,0.0,0.019858996020101587,-23.541584014892578,0
2FJG,4,19.867799758911133,17.155677795410156,38.63935852050781,0.0,0.017915190367634778,-25.69701385498047,15
2FJG,5,26.082204818725586,14.186246871948242,59.752220153808594,0.0,0.010297129005489937,-30.021629333496094,0
2FJG,6,16.475130081176758,18.672325134277344,32.41862106323242,0.0,0.0235787159821927,-24.968570709228516,4
2FJG,7,11.60633373260498,8.424394607543945,28.984567642211914,0.0,0.03663992755989475,-25.884296417236328,2
2FJG,8,16.906999588012695,16.794328689575195,37.77078628540039,0.0,0.01870559129258104,-21.104209899902344,13
2FJG,9,12.966511726379395,11.187614440917969,27.767562866210938,0.0,0.0344452453582593,-20.43752098083496,4
2FJG,10,17.38868522644043,17.118513107299805,32.94131851196289,0.0,0.02334833040662695,-24.677640914916992,2
2FJG,11,15.299630165100098,15.162362098693848,30.361774444580078,0.0,0.027457285116197272,-22.950122833251953,0
2FJG,12,24.323184967041016,15.914299011230469,51.62535858154297,0.0,0.01173304663025265,-23.249448776245117,54
2FJG,13,20.932682037353516,19.707033157348633,45.80950164794922,0.0,0.01301446098808985,-20.861309051513672,38
2FJG,14,11.448775291442871,8.463003158569336,26.234542846679688,0.0,0.04182034936520604,-25.494121551513672,2
1JTD,0,10.386775016784668,8.935545921325684,25.561859130859375,0.0,0.04232411097904037,-39.3320198059082,7
1JTD,1,10.998523712158203,9.439709663391113,26.777694702148438,0.0,0.03872191513823565,-38.76066207885742,12
1JTD,2,12.770096778869629,11.238262176513672,27.67287826538086,0.0,0.03457212367505277,-38.91518020629883,10
1JTD,3,8.093022346496582,7.136848449707031,22.627408981323242,0.0,0.0553227890537363,-34.71925354003906,9
1JTD,4,10.440516471862793,9.32053279876709,24.792625427246094,0.0,0.04347506181675207,-38.17201232910156,0
1JTD,5,7.747572422027588,6.458555698394775,21.85441017150879,0.0,0.06085843283582831,-34.72759246826172,17
1JTD,6,7.294310092926025,5.755908012390137,19.45952606201172,0.0,0.07460708383801229,-39.75978469848633,0
1JTD,7,12.925933837890625,11.141531944274902,33.56388473510742,0.0,0.02602410406976804,-39.16286849975586,0
1JTD,8,14.390629768371582,12.65993595123291,29.007539749145508,0.0,0.03097309969504379,-39.795589447021484,6
1JTD,9,10.443302154541016,8.972907066345215,24.18015480041504,0.0,0.04572244563163976,-38.86418914794922,14
1JTD,10,9.600461959838867,8.411252975463867,22.338001251220703,0.0,0.05243410761958375,-39.55044174194336,0
1JTD,11,7.380059719085693,6.151238918304443,19.816579818725586,0.0,0.07050699864297015,-38.29991149902344,19
1JTD,12,12.541704177856445,10.903310775756836,26.734891891479492,0.0,0.03679285039427157,-37.83654022216797,12
1JTD,13,12.119998931884766,10.511143684387207,27.265872955322266,0.0,0.03617836655313422,-37.62611770629883,9
1JTD,14,9.575525283813477,8.012566566467285,22.217124938964844,0.0,0.05384776421236997,-37.04172897338867,17
1HE8,0,10.425864219665527,15.172890663146973,25.098970413208008,0.0,0.03752283503674494,-28.172718048095703,9
1HE8,1,25.71307373046875,24.721933364868164,71.98689270019531,0.0,0.005806138099896105,-38.6973991394043,1
1HE8,2,4.292723655700684,4.764889717102051,11.92335033416748,0.0,0.1423755417841157,-28.617238998413086,4
1HE8,3,30.44649887084961,28.66071891784668,85.55416107177734,0.0,0.004168670764452857,-27.932937622070312,5
1HE8,4,22.957504272460938,24.656328201293945,67.57545471191406,0.0,0.006420973427488346,-34.94979476928711,5
1HE8,5,26.46935272216797,23.443572998046875,72.95417785644531,0.0,0.005823434493849614,-37.89078140258789,5
1HE8,6,25.877613067626953,23.526674270629883,71.71944427490234,0.0,0.005966783578979656,-37.371944427490234,3
1HE8,7,25.695228576660156,24.148656845092773,71.21817016601562,0.0,0.0059627357434960575,-34.36420822143555,3
1HE8,8,25.874204635620117,23.765769958496094,71.76033782958984,0.0,0.005934685591238019,-37.06904220581055,2
1HE8,9,25.970346450805664,24.18539047241211,72.25550079345703,0.0,0.005827227009391214,-41.76791000366211,1
1HE8,10,32.05010223388672,33.18806076049805,89.0119400024414,0.0,0.0036916919926966853,-26.36773681640625,8
1HE8,11,25.855079650878906,22.597021102905273,71.7071533203125,0.0,0.006081171240183129,-35.93635940551758,8
1HE8,12,26.299951553344727,23.623743057250977,72.86149597167969,0.0,0.005814078527297095,-40.21198272705078,3
1HE8,13,32.49807357788086,32.9483642578125,91.90135192871094,0.0,0.00351674664355483,-33.59339141845703,1
1HE8,14,34.919837951660156,37.91862106323242,99.40030670166016,0.0,0.002940593301773981,-30.13726806640625,5
3K75,0,17.4627628326416,8.01132583618164,35.7383918762207,0.0,0.02913619700512929,-45.07046890258789,5
3K75,1,20.916515350341797,10.493094444274902,42.46195983886719,0.0,0.019517877084801738,-43.195289611816406,21
3K75,2,15.389275550842285,6.962006568908691,31.932138442993164,0.0,0.03684332444486774,-46.47146987915039,2
3K75,3,14.906436920166016,9.510883331298828,35.41815185546875,0.0,0.026242884630614003,-55.6993293762207,0
3K75,4,15.623445510864258,7.475025177001953,33.17631149291992,0.0,0.03343584607568543,-48.91841506958008,1
3K75,5,17.25912094116211,11.132726669311523,39.48146438598633,0.0,0.020709197597095597,-55.419921875,0
3K75,6,20.1239070892334,14.15162467956543,57.535133361816406,0.0,0.010823258504851394,-39.99949645996094,3
3K75,7,15.604207992553711,7.928564071655273,31.493515014648438,0.0,0.03415135709685324,-38.21565628051758,1
3K75,8,16.948925018310547,10.512346267700195,38.5888671875,0.0,0.02207600803373273,-46.98682403564453,1
3K75,9,15.883933067321777,7.909301280975342,32.51102066040039,0.0,0.03290028828937869,-40.357418060302734,1
3K75,10,14.31604290008545,8.46739673614502,31.945390701293945,0.0,0.032181462347025604,-44.535621643066406,0
3K75,11,14.518059730529785,8.29086685180664,33.56451416015625,0.0,0.03065418356774093,-56.604312896728516,0
3K75,12,17.625789642333984,12.733926773071289,48.79364776611328,0.0,0.014379593203088945,-49.82612991333008,0
3K75,13,11.086322784423828,6.942759990692139,20.449615478515625,0.166667,0.11952719433015298,-41.49778366088867,1
3K75,14,15.441054344177246,7.911702632904053,31.58843421936035,0.166667,0.0896278246748274,-38.18782043457031,2
5O14,0,15.035404205322266,10.43061351776123,37.886470794677734,0.0,0.022728104669018673,-31.118894577026367,3
5O14,1,21.65843963623047,17.43081283569336,54.89348602294922,0.0,0.010255526513389132,-45.388954162597656,1
5O14,2,24.36408042907715,18.442977905273438,56.42361831665039,0.0,0.009587348356373177,-35.81224060058594,8
5O14,3,13.636469841003418,10.127002716064453,29.819849014282227,0.0,0.03220442794946841,-34.29058074951172,0
5O14,4,24.180774688720703,19.814516067504883,58.70307159423828,0.0,0.008744543874451073,-38.51258850097656,10
5O14,5,16.623065948486328,14.09384822845459,35.12669372558594,0.0,0.02217208077627274,-35.20568084716797,0
5O14,6,32.31302261352539,30.692731857299805,89.83133697509766,0.0,0.0037521874311111387,-36.75846862792969,1
5O14,7,12.638524055480957,8.67167854309082,30.409238815307617,0.0,0.03384039972517933,-34.25907516479492,1
5O14,8,25.81119155883789,16.715106964111328,63.18673324584961,0.0,0.008587760043183602,-37.73269271850586,11
5O14,9,13.966293334960938,10.100629806518555,30.66116714477539,0.0,0.030982040978315212,-35.25651931762695,0
5O14,10,23.334712982177734,22.200883865356445,58.23780822753906,0.0,0.008467435599036016,-41.912269592285156,4
5O14,11,15.695014953613281,11.097758293151855,39.08566665649414,0.0,0.02103302697198264,-37.25896072387695,0
5O14,12,23.615427017211914,20.51236915588379,58.80658721923828,0.0,0.00859459511410908,-40.729156494140625,4
5O14,13,22.36855125427246,20.34260368347168,55.9439697265625,0.0,0.009323967787233394,-40.562408447265625,10
5O14,14,21.16322135925293,12.955276489257812,51.869930267333984,0.0,0.013126643769753414,-34.98215103149414,3
1R8S,0,6.856490135192871,6.256526470184326,16.05155372619629,0.285714,0.1863579076410744,-37.258052825927734,3
1R8S,1,9.301065444946289,8.89133071899414,24.616941452026367,0.071429,0.06854247707830859,-35.30652618408203,1
1R8S,2,13.539142608642578,12.392346382141113,29.40883445739746,0.071429,0.05432194897374454,-32.05765151977539,3
1R8S,3,17.06896209716797,16.318307876586914,38.25755310058594,0.0,0.01847328207664436,-31.827367782592773,5
1R8S,4,9.681316375732422,9.298972129821777,25.673675537109375,0.071429,0.06519142041878316,-35.34315490722656,0
1R8S,5,8.763175010681152,8.186521530151367,19.4727725982666,0.071429,0.08798493859097484,-33.11733627319336,0
1R8S,6,7.980127334594727,7.58342981338501,20.69609260559082,0.071429,0.0844712282180693,-34.38524627685547,1
1R8S,7,11.071063041687012,11.181803703308105,28.70513916015625,0.0,0.03276406585120425,-35.29484939575195,0
1R8S,8,12.497723579406738,13.514939308166504,34.95742416381836,0.0,0.02266380421691443,-31.879220962524414,1
1R8S,9,13.194358825683594,12.092148780822754,29.363454818725586,0.071429,0.05463358213254641,-32.484413146972656,2
1R8S,10,9.535649299621582,9.146951675415039,24.257930755615234,0.071429,0.06899044250050482,-34.23527145385742,2
1R8S,11,8.744372367858887,8.051926612854004,21.249221801757812,0.142857,0.10477900735514256,-34.61821746826172,1
1R8S,12,9.150518417358398,8.583335876464844,24.573143005371094,0.142857,0.09311886837456944,-33.44427490234375,0
1R8S,13,11.837824821472168,13.694345474243164,41.724525451660156,0.0,0.01723416721253318,-39.724456787109375,0
1R8S,14,8.595993995666504,8.281309127807617,23.499284744262695,0.142857,0.09677398218046725,-34.0392951965332,2
1K74,0,25.81682586669922,26.756242752075195,61.59737014770508,0.0,0.007273094411489367,-33.60248565673828,42
1K74,1,24.409515380859375,24.58355712890625,61.33021545410156,0.0,0.007518494390011392,-33.172035217285156,20
1K74,2,26.348615646362305,27.858369827270508,63.50712585449219,0.0,0.006829840956392434,-33.767398834228516,26
1K74,3,21.97469139099121,25.15387535095215,69.12503814697266,0.0,0.0061462653952075825,-32.720455169677734,10
1K74,4,20.501110076904297,20.276870727539062,66.43205261230469,0.0,0.007183408209036621,-33.47389221191406,15
1K74,5,22.70701026916504,24.989892959594727,68.22586059570312,0.0,0.0062914851619041146,-33.178096771240234,13
1K74,6,21.376604080200195,22.608198165893555,73.00080871582031,0.0,0.00591965130839613,-32.452125549316406,5
1K74,7,22.309200286865234,24.290367126464844,69.03179168701172,0.0,0.006244634762848647,-32.75929641723633,16
1K74,8,22.8771915435791,23.199209213256836,47.71306228637695,0.0,0.01164124646274813,-32.3229866027832,3
1K74,9,23.649152755737305,24.7210750579834,52.995548248291016,0.0,0.009582739724471321,-30.244979858398438,5
1K74,10,23.26525115966797,25.0681209564209,63.94290542602539,0.0,0.006977176827780546,-32.6900634765625,27
1K74,11,20.756061553955078,21.90709686279297,44.65374755859375,0.0,0.01321128242906708,-34.36044692993164,8
1K74,12,23.00215721130371,25.009319305419922,68.13497161865234,0.0,0.0063030266616643195,-33.919673919677734,8
1K74,13,21.798480987548828,22.59554100036621,65.0227279663086,0.0,0.007063042331215556,-33.34278869628906,6
1K74,14,22.754623413085938,24.4696102142334,67.86491394042969,0.0,0.0063962209257747,-33.867286682128906,4
3V6Z,0,19.401552200317383,19.467214584350586,43.80115509033203,0.0,0.014064723177410978,-18.079816818237305,75
3V6Z,1,13.167569160461426,13.017803192138672,26.974220275878906,0.0,0.03447723812719774,-27.036590576171875,3
3V6Z,2,9.971209526062012,9.635677337646484,22.30666732788086,0.266667,0.13903926169421651,-16.572628021240234,29
3V6Z,3,14.125104904174805,12.585236549377441,29.43913459777832,0.0,0.03031911616560179,-18.318359375,12
3V6Z,4,8.687947273254395,10.224112510681152,18.767940521240234,0.066667,0.08598129525133336,-20.470035552978516,5
3V6Z,5,9.833944320678711,9.987732887268066,22.4410400390625,0.133333,0.09361914151878466,-22.237184524536133,8
3V6Z,6,10.177498817443848,9.871609687805176,24.056379318237305,0.0,0.04451934322520731,-21.424280166625977,3
3V6Z,7,12.611662864685059,9.678909301757812,33.095672607421875,0.0,0.028444919430538545,-22.191638946533203,3
3V6Z,8,6.83506441116333,6.3990583419799805,15.594542503356934,0.0,0.09371037611949938,-19.873769760131836,9
3V6Z,9,10.848184585571289,10.17087173461914,23.79168128967285,0.0,0.04482655818986803,-28.02938461303711,1
3V6Z,10,9.521013259887695,11.521173477172852,20.154996871948242,0.066667,0.07811204662438447,-22.189544677734375,4
3V6Z,11,9.616430282592773,11.774060249328613,20.900882720947266,0.133333,0.09707406100962114,-21.005544662475586,5
3V6Z,12,12.894121170043945,13.032304763793945,26.99053955078125,0.0,0.03443453531712074,-25.60527229309082,0
3V6Z,13,6.821536540985107,5.586331367492676,19.528545379638672,0.333333,0.1866198876056138,-17.189289093017578,12
3V6Z,14,13.124507904052734,12.003897666931152,28.428646087646484,0.0,0.032478738646293887,-23.578550338745117,10
5HYS,0,20.75623321533203,16.59848403930664,36.34136199951172,0.0,0.019989688781794305,-16.681955337524414,30
5HYS,1,14.452446937561035,9.913908004760742,43.604949951171875,0.0,0.019662531380704344,-19.93195152282715,31
5HYS,2,27.783069610595703,16.396785736083984,67.1190185546875,0.0,0.008028031932260099,-16.46906089782715,10
5HYS,3,17.43848419189453,17.629179000854492,32.18553161621094,0.0,0.024128628224364335,-17.05552864074707,34
5HYS,4,11.52479362487793,10.098498344421387,33.93435287475586,0.0,0.02687494529568164,-17.737342834472656,21
5HYS,5,26.590009689331055,17.781715393066406,40.50822067260742,0.0,0.016413029843813893,-20.159984588623047,6
5HYS,6,6.545777797698975,7.585637092590332,12.93785572052002,0.0,0.11304226865565097,-15.67360782623291,12
5HYS,7,8.636752128601074,9.044910430908203,17.041717529296875,0.0,0.07532777016275828,-15.555489540100098,13
5HYS,8,10.626556396484375,8.032618522644043,22.88127899169922,0.0,0.05165373461078528,-17.686954498291016,11
5HYS,9,26.456932067871094,18.25222396850586,42.176666259765625,0.0,0.01524631143231834,-22.558494567871094,2
5HYS,10,18.252132415771484,16.92168617248535,32.693328857421875,0.0,0.023704108240284533,-18.831270217895508,28
5HYS,11,22.824676513671875,13.754471778869629,43.1878547668457,0.0,0.016348256114951668,-20.883808135986328,17
5HYS,12,8.580240249633789,9.203359603881836,25.478652954101562,0.0,0.042009081975437707,-16.491989135742188,22
5HYS,13,21.33142852783203,14.559100151062012,53.06584548950195,0.0,0.01183954504329251,-17.562475204467773,31
5HYS,14,25.027559280395508,17.994447708129883,40.181846618652344,0.0,0.016577526442901964,-15.929611206054688,15
1DE4,0,10.70823860168457,9.501708030700684,23.319255828857422,0.0,0.04719919244053026,-7.535439968109131,18
1DE4,1,38.229732513427734,23.92733383178711,56.26411056518555,0.0,0.008742824042176342,-5.995687484741211,20
1DE4,2,20.8547306060791,15.586400985717773,70.66557312011719,0.0,0.007812937480090626,-3.7665257453918457,50
1DE4,3,22.470537185668945,17.778743743896484,50.56202697753906,0.0,0.011517468583321117,-10.273941040039062,6
1DE4,4,39.034263610839844,21.694400787353516,58.183929443359375,0.0,0.00855126178433779,-9.200773239135742,37
1DE4,5,5.983535289764404,6.502298831939697,12.856093406677246,0.0,0.11823368921614692,-11.278055191040039,21
1DE4,6,18.090961456298828,20.289716720581055,74.85124969482422,0.0,0.006055722338712881,-7.85965633392334,49
1DE4,7,15.28669548034668,13.886491775512695,52.51772689819336,0.0,0.012353409314473677,-8.122490882873535,20
1DE4,8,16.309995651245117,16.311796188354492,86.7994155883789,0.0,0.00596131918769626,-8.790304183959961,17
1DE4,9,27.034774780273438,23.388504028320312,66.97746276855469,0.0,0.006648926387504968,-17.947277069091797,3
1DE4,10,7.83252477645874,6.576465606689453,27.079700469970703,0.0,0.04637993294550946,-7.54014253616333,19
1DE4,11,25.28294563293457,15.719096183776855,48.77085494995117,0.0,0.012834478782907588,-12.387735366821289,103
1DE4,12,40.0290641784668,21.62438201904297,60.378353118896484,0.0,0.008074060026699522,-4.094202041625977,22
1DE4,13,20.73017120361328,17.626779556274414,66.83001708984375,0.0,0.007702974078664416,-4.338710784912109,29
1DE4,14,38.92186737060547,26.108381271362305,50.4597053527832,0.0,0.010294272413360148,-7.013286113739014,16
1CGI,0,9.447361946105957,10.911711692810059,26.782398223876953,0.16129,0.09044829159462227,-53.67620849609375,0
1CGI,1,5.888719081878662,7.088546276092529,14.859559059143066,0.225806,0.17173489566131073,-45.099205017089844,6
1CGI,2,4.238314151763916,5.065767765045166,11.554200172424316,0.129032,0.1869325257018071,-50.4594612121582,1
1CGI,3,5.4129958152771,6.252363681793213,13.709759712219238,0.0,0.11069567041301943,-47.49765396118164,4
1CGI,4,6.048518657684326,6.430610179901123,14.174086570739746,0.0,0.10536811800697338,-59.90702438354492,0
1CGI,5,6.978525638580322,9.045792579650879,17.409395217895508,0.032258,0.08383768112654812,-50.70391845703125,0
1CGI,6,5.3805832862854,6.15798282623291,14.24991512298584,0.0,0.10614742122834797,-65.46981811523438,0
1CGI,7,8.741368293762207,10.139607429504395,25.36815643310547,0.032258,0.051536983771238,-45.071998596191406,7
1CGI,8,4.8599467277526855,5.855639934539795,11.900999069213867,0.322581,0.24065337622390945,-52.79999542236328,3
1CGI,9,6.561070919036865,8.407672882080078,15.689005851745605,0.193548,0.1504383902439843,-48.89833068847656,2
1CGI,10,4.022533416748047,4.773324489593506,10.943880081176758,0.064516,0.17688577430158392,-50.370418548583984,1
1CGI,11,3.77972412109375,3.6571261882781982,11.746601104736328,0.129032,0.2055676168658923,-48.066375732421875,2
1CGI,12,8.461085319519043,8.859286308288574,20.965023040771484,0.0,0.05634720568494014,-36.13361740112305,35
1CGI,13,5.494457244873047,6.757768630981445,13.267622947692871,0.0,0.11265269130285001,-46.588623046875,2
1CGI,14,5.615060329437256,7.083080768585205,13.351226806640625,0.225806,0.18571520738867475,-48.379615783691406,1
2CFH,0,7.4495697021484375,6.620822429656982,18.42759132385254,0.090909,0.1050565463505438,-47.9804801940918,0
2CFH,1,7.660396575927734,6.629963397979736,16.554487228393555,0.0,0.08577601297480292,-52.53676986694336,0
2CFH,2,4.642478942871094,3.671231746673584,11.445209503173828,0.272727,0.2570902009152735,-58.341064453125,0
2CFH,3,4.797828674316406,3.817559242248535,13.007391929626465,0.363636,0.265539614779467,-45.06831741333008,2
2CFH,4,71.80162048339844,77.67499542236328,171.42393493652344,0.0,0.0009417981946499019,0.0,0
2CFH,5,11.574563026428223,13.242388725280762,33.82715606689453,0.0,0.02401951622998127,-43.36260223388672,0
2CFH,6,19.800661087036133,21.109338760375977,47.2527961730957,0.0,0.012122605141695107,-38.48025131225586,3
2CFH,7,5.1183977127075195,4.26085090637207,12.6893310546875,0.363636,0.2612106634745313,-50.02350997924805,2
2CFH,8,15.167840003967285,13.874900817871094,23.851036071777344,0.0,0.04141519452180655,-39.149085998535156,2
2CFH,9,7.015006065368652,7.893113136291504,23.79387855529785,0.0,0.04934327679781664,-36.688175201416016,1
2CFH,10,15.988616943359375,15.353182792663574,31.91179084777832,0.0,0.025234049496721523,-40.07881164550781,5
2CFH,11,6.110877513885498,5.123554706573486,14.663808822631836,0.181818,0.17075409586836554,-39.61394119262695,1
2CFH,12,6.464433193206787,5.498534202575684,15.803391456604004,0.454545,0.24939699139633956,-45.48533248901367,2
2CFH,13,16.301380157470703,14.660171508789062,24.51784896850586,0.0,0.039218623579681915,-41.609127044677734,3
2CFH,14,4.9436163902282715,4.127717971801758,12.553388595581055,0.181818,0.20427431567010576,-47.07789993286133,0
1DFJ,0,12.09660816192627,17.071557998657227,71.99268341064453,0.0,0.007136495238318551,-37.219947814941406,0
1DFJ,1,10.525257110595703,14.017439842224121,51.366573333740234,0.0,0.012658099618151683,-39.21080780029297,1
1DFJ,2,8.775136947631836,11.68364143371582,43.929317474365234,0.0,0.017434541250111995,-38.13490295410156,1
1DFJ,3,10.121696472167969,13.694910049438477,53.45264434814453,0.0,0.012172668710156173,-35.544857025146484,0
1DFJ,4,6.237239837646484,7.919750690460205,24.93779945373535,0.0,0.04623837233402734,-26.65154266357422,6
1DFJ,5,6.606804847717285,8.120022773742676,22.23302459716797,0.0,0.05350772169439932,-27.930683135986328,1
1DFJ,6,10.280385971069336,13.128093719482422,48.14874267578125,0.0,0.014369994418208519,-30.78928565979004,2
1DFJ,7,12.47099494934082,18.342477798461914,72.48379516601562,0.0,0.006736086625894133,-32.91721725463867,0
1DFJ,8,10.087833404541016,13.923970222473145,57.459266662597656,0.0,0.010962357708856807,-27.273561477661133,2
1DFJ,9,4.557476997375488,5.153420925140381,11.257426261901855,0.0,0.1470688183760289,-35.48007583618164,1
1DFJ,10,7.775053024291992,10.021745681762695,41.969749450683594,0.0,0.02043752925077064,-37.209293365478516,0
1DFJ,11,9.289045333862305,13.434292793273926,53.71397399902344,0.0,0.01224771270406158,-29.092041015625,3
1DFJ,12,8.368605613708496,10.904723167419434,43.855316162109375,0.0,0.01825859627135547,-36.586029052734375,2
1DFJ,13,11.126708984375,14.633624076843262,48.040184020996094,0.0,0.013584499934354552,-35.94536590576172,1
1DFJ,14,8.213357925415039,9.020828247070312,40.85905838012695,0.0,0.022795959271734636,-33.26876449584961,6
6DBG,0,7.204225540161133,4.412049293518066,25.0892276763916,0.0,0.0688569261901178,-45.345706939697266,0
6DBG,1,9.991852760314941,8.444803237915039,43.249271392822266,0.0,0.02259162723313488,-47.15402603149414,0
6DBG,2,10.02604866027832,9.246855735778809,46.71003723144531,0.0,0.019230926679317754,-41.822261810302734,0
6DBG,3,10.328337669372559,8.78482437133789,45.85497283935547,0.0,0.020516252640454806,-33.779022216796875,1
6DBG,4,9.750460624694824,9.549009323120117,46.41101837158203,0.0,0.018845069689728183,-45.115440368652344,0
6DBG,5,9.866025924682617,9.21837329864502,46.04756164550781,0.0,0.019581892171359045,-38.107391357421875,0
6DBG,6,5.865523338317871,6.371328353881836,28.762784957885742,0.0,0.04427815092112939,-42.19559097290039,0
6DBG,7,8.403557777404785,7.571532249450684,38.972347259521484,0.0,0.0277248555181831,-41.14266586303711,0
6DBG,8,5.901509761810303,5.438991069793701,23.36665153503418,0.0,0.06251474600696755,-47.55268859863281,0
6DBG,9,9.275798797607422,9.112383842468262,43.57017517089844,0.0,0.02101524492721959,-41.11391830444336,0
6DBG,10,10.823287963867188,9.1295747756958,46.84288024902344,0.0,0.019387526572558402,-37.96350860595703,0
6DBG,11,7.5027971267700195,5.948224067687988,28.331937789916992,0.0,0.04745560415835214,-31.454076766967773,4
6DBG,12,4.679383277893066,4.240787029266357,21.126630783081055,0.0,0.08350633741626336,-38.62836837768555,0
6DBG,13,9.262510299682617,9.138467788696289,43.58814239501953,0.0,0.020956726153213756,-45.00381851196289,0
6DBG,14,6.544187545776367,4.195485591888428,24.30615997314453,0.0,0.07410200683076547,-46.92705154418945,0
4HX3,0,16.033668518066406,16.847217559814453,47.644508361816406,0.0,0.012903795581889107,-38.23699188232422,0
4HX3,1,19.595840454101562,19.265670776367188,56.04339599609375,0.0,0.009503812462875303,-26.793474197387695,0
4HX3,2,18.694194793701172,18.308815002441406,52.54339599609375,0.0,0.01072329249293341,-31.019067764282227,0
4HX3,3,21.364601135253906,17.636648178100586,62.39479446411133,0.0,0.008467289959200987,-32.762672424316406,1
4HX3,4,21.366464614868164,21.436128616333008,67.25784301757812,0.0,0.006864443736741437,-25.156408309936523,0
4HX3,5,15.86247730255127,17.069793701171875,48.92241287231445,0.0,0.012321783057520514,-36.85420608520508,0
4HX3,6,21.34464454650879,19.717809677124023,66.80333709716797,0.0,0.007228575174275143,-32.353851318359375,0
4HX3,7,22.757099151611328,19.2662410736084,66.52591705322266,0.0,0.007362659107684445,-29.258792877197266,0
4HX3,8,20.56810760498047,20.652244567871094,52.75431823730469,0.0,0.010183910345039878,-23.437358856201172,1
4HX3,9,22.905363082885742,19.607954025268555,65.11125946044922,0.0,0.007524921743428929,-41.11315155029297,0
4HX3,10,22.137222290039062,20.995738983154297,66.92562866210938,0.0,0.006984271069521736,-29.754640579223633,0
4HX3,11,22.818498611450195,19.353361129760742,64.77791595458984,0.0,0.007632633749810419,-37.05683517456055,0
4HX3,12,16.771495819091797,17.511503219604492,53.07303237915039,0.0,0.01076417581090384,-20.627504348754883,2
4HX3,13,22.915592193603516,18.984262466430664,65.15863800048828,0.0,0.007645656517539068,-33.765750885009766,0
4HX3,14,22.09361457824707,20.607540130615234,59.322845458984375,0.0,0.008462507457542276,-35.29486083984375,0
1ZHI,0,18.11191177368164,19.622394561767578,43.0870475769043,0.0,0.014423080656510899,-27.981721878051758,6
1ZHI,1,21.275428771972656,16.27267837524414,46.407432556152344,0.0,0.013628056749888791,-24.816560745239258,23
1ZHI,2,23.23880386352539,24.442729949951172,59.975406646728516,0.0,0.007814100593726244,-27.70750617980957,4
1ZHI,3,15.958320617675781,16.648317337036133,37.26854705810547,0.0,0.019166113269545676,-29.69257164001465,10
1ZHI,4,15.33342456817627,16.345951080322266,36.362735748291016,0.0,0.02005379608478412,-33.61228561401367,3
1ZHI,5,15.989459037780762,16.69409942626953,35.808834075927734,0.0,0.020449523161455672,-31.95380973815918,5
1ZHI,6,23.186771392822266,26.325210571289062,60.52058410644531,0.0,0.007526752365575564,-27.199508666992188,6
1ZHI,7,13.980300903320312,14.643634796142578,28.203086853027344,0.0,0.03121774570663585,-47.74576950073242,0
1ZHI,8,13.757793426513672,13.664185523986816,35.66380310058594,0.0,0.02188615051596778,-31.826745986938477,1
1ZHI,9,18.301998138427734,14.571988105773926,35.68267822265625,0.0,0.021394114014167288,-28.253684997558594,17
1ZHI,10,16.489938735961914,19.137929916381836,39.94203567504883,0.0,0.01647699304176586,-34.50990676879883,1
1ZHI,11,16.022506713867188,17.375078201293945,39.31394577026367,0.0,0.017352079550172154,-30.35337257385254,1
1ZHI,12,25.065797805786133,24.305429458618164,60.043392181396484,0.0,0.00781365326517264,-28.033153533935547,5
1ZHI,13,22.665191650390625,23.563138961791992,48.8117790222168,0.0,0.011155912256140854,-30.76678466796875,10
1ZHI,14,24.514127731323242,25.194704055786133,62.52442169189453,0.0,0.007226079405842605,-22.773265838623047,19
1GRN,0,7.973446369171143,7.193169593811035,24.898189544677734,0.2,0.11535165861812278,-41.587074279785156,0
1GRN,1,20.159990310668945,13.814067840576172,36.407203674316406,0.0,0.021114694488006205,-48.48357391357422,0
1GRN,2,15.105074882507324,14.567309379577637,54.21268081665039,0.0,0.011494959554252088,-41.2982292175293,0
1GRN,3,8.139671325683594,8.152799606323242,23.79277801513672,0.0,0.048641842500343424,-41.88796615600586,0
1GRN,4,8.611891746520996,8.258487701416016,22.139060974121094,0.2,0.12013545885357702,-40.29665756225586,0
1GRN,5,8.13718032836914,7.638653755187988,22.292097091674805,0.2,0.12135487008257136,-40.722633361816406,1
1GRN,6,9.482710838317871,8.574013710021973,33.87902069091797,0.0,0.029639019914638798,-37.99245834350586,2
1GRN,7,18.884952545166016,16.474851608276367,55.08500671386719,0.0,0.010492811952699327,-39.18886947631836,0
1GRN,8,6.851373672485352,6.246268272399902,24.289812088012695,0.0,0.054541027397494383,-47.81874465942383,0
1GRN,9,16.205533981323242,14.937347412109375,53.75994110107422,0.0,0.011457517698803226,-42.13998794555664,0
1GRN,10,12.908563613891602,10.781953811645508,28.927955627441406,0.0,0.03282116888672761,-38.04423141479492,1
1GRN,11,20.045732498168945,13.94691276550293,35.43083953857422,0.0,0.021952207664639452,-37.6439208984375,0
1GRN,12,53.58726501464844,62.17990493774414,150.77719116210938,0.0,0.0012498771811143147,0.0,0
1GRN,13,9.148072242736816,8.539406776428223,23.811416625976562,0.2,0.11431918319367629,-35.834632873535156,1
1GRN,14,13.333685874938965,11.209375381469727,31.812711715698242,0.0,0.02807493015389682,-35.789100646972656,1
1H1V,0,25.735380172729492,19.238271713256836,69.96338653564453,0.0,0.006862719294892137,-38.746891021728516,10
1H1V,1,21.348665237426758,20.203662872314453,75.09131622314453,0.0,0.00604435698445798,-34.33575439453125,28
1H1V,2,16.27381706237793,14.232973098754883,32.10296630859375,0.0,0.025498969237385167,-30.993919372558594,20
1H1V,3,20.78907012939453,18.512659072875977,69.51277160644531,0.0,0.007084792509962891,-31.31635284423828,48
1H1V,4,22.295673370361328,19.8173885345459,66.13973236083984,0.0,0.007314819752743962,-34.7960205078125,69
1H1V,5,20.41139030456543,19.38329315185547,73.62598419189453,0.0,0.006368665796292059,-30.669279098510742,30
1H1V,6,24.990087509155273,21.707304000854492,76.23237609863281,0.0,0.005677374392123832,-29.238040924072266,17
1H1V,7,21.930004119873047,16.29156494140625,37.459495544433594,0.0,0.0191245601219188,-41.92245101928711,2
1H1V,8,23.627443313598633,17.07516098022461,52.22690200805664,0.0,0.011154160183871746,-34.85002899169922,7
1H1V,9,22.54465103149414,19.859067916870117,69.84252166748047,0.0,0.006756014741753036,-32.76719665527344,27
1H1V,10,27.936355590820312,24.780174255371094,74.30378723144531,0.0,0.005522670512181817,-30.290855407714844,26
1H1V,11,12.368971824645996,12.806386947631836,23.9871768951416,0.0,0.04169778575094535,-33.02863311767578,19
1H1V,12,15.379969596862793,14.541036605834961,39.48771286010742,0.0,0.01827092880187962,-35.11292266845703,17
1H1V,13,14.731701850891113,12.817265510559082,23.927825927734375,0.0,0.041854243482550624,-32.588470458984375,50
1H1V,14,24.72188949584961,21.717742919921875,74.03961181640625,0.0,0.005918702822420257,-34.19575881958008,23
2VXT,0,12.281468391418457,11.346749305725098,24.193824768066406,0.0,0.042348813089508434,-33.72739028930664,3
2VXT,1,11.8566312789917,11.644318580627441,25.225740432739258,0.0,0.03942886632789928,-32.07528305053711,4
2VXT,2,17.442354202270508,13.77563762664795,49.74140930175781,0.0,0.013363461872954369,-37.35017013549805,5
2VXT,3,9.704610824584961,8.75960636138916,21.180631637573242,0.133333,0.10017714349583666,-30.981735229492188,4
2VXT,4,17.71485137939453,14.665745735168457,50.378753662109375,0.0,0.012677288599483763,-33.981536865234375,2
2VXT,5,10.372529029846191,7.487929821014404,29.30179214477539,0.0,0.03873283116546562,-27.79234504699707,4
2VXT,6,12.360814094543457,12.08302116394043,25.56237030029297,0.066667,0.060468420766962135,-35.50138473510742,3
2VXT,7,5.973860263824463,6.265368938446045,18.243738174438477,0.0,0.07752287044478783,-33.02621841430664,2
2VXT,8,9.571924209594727,6.627799034118652,27.248796463012695,0.2,0.11246754704907568,-29.72188377380371,4
2VXT,9,15.250686645507812,12.343094825744629,37.89292907714844,0.0,0.020820232842150323,-29.729244232177734,6
2VXT,10,22.609310150146484,17.559694290161133,57.37073516845703,0.0,0.009574614958356103,-37.7935791015625,5
2VXT,11,24.2537784576416,18.22623634338379,62.39963912963867,0.0,0.008315019353802666,-36.113853454589844,0
2VXT,12,15.683177947998047,8.658280372619629,38.974884033203125,0.066667,0.04706982548183793,-26.852428436279297,15
2VXT,13,8.8302583694458,8.225244522094727,19.557083129882812,0.0,0.06369078940093056,-30.29507064819336,2
2VXT,14,12.084916114807129,11.662518501281738,23.79559326171875,0.0,0.04314416979216958,-40.449310302734375,3
6A77,0,10.002066612243652,13.277998924255371,29.50287437438965,0.0,0.029748391550152655,-40.41426467895508,0
6A77,1,7.607156276702881,11.206650733947754,18.84959602355957,0.0,0.062194490005803627,-30.800827026367188,0
6A77,2,9.401737213134766,11.889382362365723,22.75030517578125,0.0,0.04605379572997303,-40.52377700805664,0
6A77,3,6.91959810256958,9.291487693786621,18.025562286376953,0.0,0.06910396167681855,-34.950008392333984,2
6A77,4,7.290619373321533,9.555602073669434,18.629911422729492,0.0,0.06545005204960597,-41.64277648925781,0
6A77,5,14.887657165527344,17.668943405151367,42.70156478881836,0.0,0.015089547753927466,-26.30047607421875,9
6A77,6,10.723304748535156,14.002381324768066,32.24504470825195,0.0,0.025439642082214654,-29.73834991455078,2
6A77,7,7.324550151824951,9.591832160949707,18.522602081298828,0.0,0.06594235726399238,-34.60417556762695,0
6A77,8,7.752666473388672,10.007135391235352,19.079469680786133,0.0,0.06252677469530865,-31.402132034301758,5
6A77,9,31.313676834106445,30.766193389892578,82.26821899414062,0.0,0.004311260635480942,-37.3856315612793,4
6A77,10,7.347483158111572,9.580629348754883,18.664587020874023,0.0,0.06523264276044591,-33.18999481201172,1
6A77,11,8.721372604370117,11.38232421875,21.17371368408203,0.0,0.051952968820468244,-32.13754653930664,3
6A77,12,9.251068115234375,10.930434226989746,22.44927215576172,0.0,0.04795685231989022,-30.799253463745117,2
6A77,13,30.284542083740234,32.28965759277344,82.80008697509766,0.0,0.0041939706103664735,-30.694766998291016,9
6A77,14,6.721643447875977,8.695825576782227,16.892383575439453,0.0,0.07697839582067734,-31.638324737548828,5
1K5D,0,19.39687156677246,17.86026382446289,72.99330139160156,0.0,0.006794361989245348,-27.864795684814453,5
1K5D,1,27.41572380065918,14.931845664978027,48.79905319213867,0.0,0.013145743717047048,-47.07050323486328,0
1K5D,2,11.447122573852539,7.7086052894592285,26.9278507232666,0.5,0.20903153136967248,-38.46204376220703,1
1K5D,3,10.583863258361816,8.43806266784668,36.97563934326172,0.0,0.026941854247130494,-37.55381393432617,0
1K5D,4,8.555291175842285,7.523153305053711,29.732620239257812,0.0,0.037929162955992336,-37.799903869628906,0
1K5D,5,27.19744300842285,14.594522476196289,57.046875,0.125,0.052390618687530956,-39.15918731689453,8
1K5D,6,17.717437744140625,15.284687995910645,56.77946472167969,0.0,0.010486182072113241,-34.45821762084961,19
1K5D,7,6.267520904541016,5.417830944061279,21.984561920166016,0.0625,0.08791413631985028,-35.60320281982422,0
1K5D,8,7.264893531799316,7.878164768218994,28.70342445373535,0.0,0.03853589101634603,-39.91046905517578,0
1K5D,9,28.533538818359375,15.007913589477539,43.24562454223633,0.0,0.015695418267136503,-40.914913177490234,0
1K5D,10,29.305334091186523,15.303314208984375,46.575618743896484,0.0625,0.034749476170581224,-41.852901458740234,0
1K5D,11,7.796658039093018,6.105334281921387,27.053136825561523,0.0,0.04892512301069996,-37.74604415893555,1
1K5D,12,10.749715805053711,9.096433639526367,38.19577407836914,0.0,0.024552779678071693,-36.651187896728516,0
1K5D,13,28.347002029418945,15.004326820373535,46.91849899291992,0.0,0.013891065549119883,-41.07551193237305,0
1K5D,14,29.224205017089844,14.777447700500488,45.623374938964844,0.0,0.014581551435807296,-46.94416427612305,0
1I2M,0,13.24532699584961,15.76025104522705,56.28230667114258,0.0,0.010425639950405408,-42.90475082397461,1
1I2M,1,10.101329803466797,11.62719440460205,44.891929626464844,0.444444,0.16514159196657804,-51.55105209350586,0
1I2M,2,10.99388313293457,11.052427291870117,48.10587692260742,0.0,0.01612044323373703,-43.75142288208008,6
1I2M,3,8.446989059448242,9.898641586303711,41.02713394165039,0.0,0.021201536082824463,-45.78255081176758,0
1I2M,4,12.00344181060791,12.668266296386719,46.2844352722168,0.0,0.015484017322664578,-55.081478118896484,0
1I2M,5,9.53264045715332,9.749159812927246,46.096153259277344,0.0,0.01866981901050365,-44.71721267700195,0
1I2M,6,11.82730770111084,13.77612018585205,46.35393142700195,0.777778,0.27400871452279024,-43.15636444091797,1
1I2M,7,15.318387985229492,20.134164810180664,62.293426513671875,0.0,0.007932732414174045,-42.47667694091797,4
1I2M,8,12.295647621154785,15.70583438873291,53.242000579833984,0.0,0.011297689690276969,-43.1759033203125,1
1I2M,9,12.14686107635498,12.740140914916992,48.83470153808594,0.0,0.014359190204583738,-47.34439468383789,0
1I2M,10,12.505788803100586,13.82833480834961,46.55230712890625,0.0,0.014631038808214722,-45.05847930908203,1
1I2M,11,12.127964973449707,13.2975492477417,46.583309173583984,0.0,0.014928870573079947,-47.97270584106445,0
1I2M,12,12.83442211151123,13.916936874389648,48.29029083251953,0.0,0.013845058620143041,-46.2225456237793,0
1I2M,13,7.776027679443359,8.085787773132324,39.39768981933594,0.0,0.025915490800505953,-39.12057876586914,3
1I2M,14,13.667731285095215,15.111592292785645,51.47079086303711,0.0,0.012101552466615378,-40.16239547729492,3
1ZHH,0,16.98065948486328,20.920867919921875,35.64126205444336,0.0,0.019643312141992452,-31.95583724975586,2
1ZHH,1,14.35855770111084,15.264893531799316,31.89369773864746,0.0,0.025293661929052576,-29.262115478515625,3
1ZHH,2,27.691232681274414,28.083824157714844,67.38325500488281,0.0,0.006169257840990009,-29.861909866333008,7
1ZHH,3,13.9672212600708,14.138964653015137,28.449676513671875,0.0,0.03102662601639818,-27.827714920043945,4
1ZHH,4,14.642961502075195,16.453163146972656,32.08232879638672,0.0,0.02461130194440969,-33.33753967285156,0
1ZHH,5,27.643335342407227,28.940616607666016,72.39116668701172,0.0,0.005426196109437584,-36.996864318847656,0
1ZHH,6,14.118180274963379,15.659502983093262,30.09013557434082,0.0,0.02766416132387009,-32.168609619140625,2
1ZHH,7,25.382844924926758,27.793729782104492,68.58092498779297,0.0,0.006011068384959752,-35.125118255615234,1
1ZHH,8,21.690189361572266,21.631418228149414,56.74631881713867,0.0,0.008910011467973636,-29.294694900512695,3
1ZHH,9,20.893535614013672,21.63257598876953,42.05308532714844,0.0,0.0146787090972076,-49.005184173583984,0
1ZHH,10,16.285036087036133,16.010526657104492,36.84560012817383,0.0,0.019743657473666677,-32.170989990234375,3
1ZHH,11,22.7620792388916,24.11458396911621,62.54758834838867,0.0,0.007329097052985202,-36.46095275878906,0
1ZHH,12,15.730184555053711,16.04612922668457,36.8253059387207,0.0,0.019748542878362512,-40.21895217895508,0
1ZHH,13,18.79863739013672,23.841896057128906,56.28696823120117,0.0,0.008746250856641264,-32.19291687011719,1
1ZHH,14,14.600114822387695,16.573232650756836,29.516565322875977,0.0,0.0282344742510682,-45.044803619384766,0
3DAW,0,17.404088973999023,16.363019943237305,46.07007598876953,0.0,0.013751190136656532,-52.90409851074219,0
3DAW,1,22.507766723632812,18.545658111572266,67.9476547241211,0.0,0.007302419094438572,-47.314029693603516,2
3DAW,2,25.34705352783203,22.522441864013672,77.61541748046875,0.0,0.005422418255221669,-57.96086502075195,0
3DAW,3,14.414908409118652,15.02707290649414,34.40598678588867,0.0,0.022462859866851467,-49.21669387817383,0
3DAW,4,27.497817993164062,23.817686080932617,80.84500885009766,0.0,0.004961351282655662,-47.52871322631836,0
3DAW,5,24.28942108154297,20.602296829223633,71.5024642944336,0.0,0.006402597059986728,-44.68764877319336,0
3DAW,6,28.1350040435791,24.27968406677246,78.70307159423828,0.0,0.005110654821847526,-47.005088806152344,0
3DAW,7,27.901884078979492,24.430801391601562,78.63627624511719,0.0,0.005101539082679081,-49.44972610473633,2
3DAW,8,25.016536712646484,20.49899673461914,70.0033187866211,0.0,0.006618416554950795,-48.49753189086914,0
3DAW,9,9.349363327026367,9.24007797241211,31.067567825317383,0.0,0.03177291598261293,-47.87160873413086,0
3DAW,10,26.07161521911621,22.873138427734375,78.08202362060547,0.0,0.005331296139609097,-57.04022979736328,0
3DAW,11,25.183870315551758,21.05902099609375,68.94617462158203,0.0,0.00667313518187882,-54.51734161376953,0
3DAW,12,25.10207176208496,20.35552215576172,69.74369812011719,0.0,0.006678990790396033,-45.02269744873047,2
3DAW,13,13.128600120544434,15.049970626831055,27.710792541503906,0.0,0.03194459008872589,-48.10725021362305,3
3DAW,14,14.515786170959473,15.006063461303711,39.89362335205078,0.0,0.01777301136883293,-40.41944122314453,1
2X9A,0,16.134923934936523,17.19236946105957,50.26151657104492,0.0,0.011786510019670208,-44.933284759521484,0
2X9A,1,12.398193359375,12.676395416259766,29.331518173217773,0.0,0.030427088095977824,-34.22748947143555,0
2X9A,2,9.787239074707031,10.529791831970215,25.73354721069336,0.0,0.03942003290945602,-35.470298767089844,1
2X9A,3,13.088817596435547,14.058856010437012,40.09165573120117,0.0,0.018090658534007778,-35.06031799316406,0
2X9A,4,12.7456636428833,13.191205024719238,49.20931625366211,0.0,0.013912385703210026,-43.82328796386719,0
2X9A,5,14.346596717834473,14.3638916015625,38.402992248535156,0.0,0.019163256140454974,-46.51911544799805,0
2X9A,6,9.82677936553955,10.28028678894043,18.50465965270996,0.0,0.06502664286593644,-38.5605583190918,0
2X9A,7,14.748040199279785,16.033723831176758,51.188629150390625,0.0,0.011836578316247496,-43.39862823486328,0
2X9A,8,12.45690631866455,11.692419052124023,31.92328453063965,0.0,0.027464682083354886,-39.13747787475586,0
2X9A,9,9.201375961303711,10.031292915344238,32.29185104370117,0.0,0.028889408545510867,-43.33134841918945,0
2X9A,10,14.528946876525879,14.246352195739746,40.31638717651367,0.0,0.017841003022446816,-39.61858367919922,0
2X9A,11,13.312418937683105,13.469032287597656,49.24519729614258,0.0,0.013727121607076476,-45.51661682128906,0
2X9A,12,14.381549835205078,14.430724143981934,36.510894775390625,0.0,0.020700575374102175,-50.816341400146484,0
2X9A,13,11.376684188842773,11.864567756652832,25.84149742126465,0.0,0.037787690581890326,-39.21219253540039,0
2X9A,14,11.221002578735352,9.076582908630371,29.507734298706055,0.277778,0.12699455709880117,-34.79592514038086,10
1XU1,0,8.487874984741211,12.563094139099121,31.498794555664062,0.0,0.027310812650655453,-36.58492660522461,12
1XU1,1,5.272647380828857,9.336549758911133,19.60828971862793,0.666667,0.2833389429259132,-37.82079315185547,4
1XU1,2,4.884134769439697,6.364377975463867,18.942577362060547,0.166667,0.12896591809336042,-37.09684371948242,7
1XU1,3,8.456958770751953,13.267151832580566,32.51809310913086,0.0,0.025525954739602074,-40.19953155517578,6
1XU1,4,8.575584411621094,10.135586738586426,33.13737487792969,0.0,0.027722352635678457,-43.403419494628906,1
1XU1,5,3.3495166301727295,5.946634769439697,11.795008659362793,0.666667,0.3561005515286264,-41.6938362121582,2
1XU1,6,9.667920112609863,13.098593711853027,36.41379165649414,0.0,0.021539081613267175,-43.649620056152344,1
1XU1,7,6.109975337982178,8.34633731842041,24.136314392089844,0.0,0.04720853113888335,-38.172386169433594,7
1XU1,8,8.976839065551758,12.47025203704834,33.86875534057617,0.0,0.024505221865534155,-37.241214752197266,9
1XU1,9,10.289554595947266,15.219164848327637,36.5902214050293,0.0,0.020274001408802297,-29.8260498046875,28
1XU1,10,4.64361572265625,7.776636123657227,15.971905708312988,0.333333,0.196637945002322,-41.375572204589844,2
1XU1,11,6.640383720397949,10.91294002532959,25.03586769104004,0.5,0.2072993107796585,-50.993003845214844,0
1XU1,12,8.739919662475586,13.545509338378906,33.21699905395508,0.0,0.024523763376775854,-38.087711334228516,5
1XU1,13,8.402502059936523,9.826488494873047,32.528961181640625,0.0,0.028895791566501083,-41.74980163574219,3
1XU1,14,4.244834899902344,7.007635116577148,14.824841499328613,0.166667,0.1526291844517833,-39.070106506347656,4
4LW4,0,25.448816299438477,26.292997360229492,76.54792785644531,0.0,0.0051413728384893855,-34.29228591918945,2
4LW4,1,7.045964241027832,7.619426727294922,23.101537704467773,0.0,0.05218263961418613,-31.56939697265625,3
4LW4,2,10.505590438842773,13.148977279663086,30.368013381958008,0.0,0.028499497844454897,-32.28744888305664,4
4LW4,3,25.855031967163086,25.38761329650879,76.96247863769531,0.0,0.005176508533365153,-32.67998504638672,5
4LW4,4,9.22154426574707,9.392243385314941,29.389625549316406,0.0,0.03402062362948487,-27.28216552734375,10
4LW4,5,26.02168083190918,25.53322982788086,77.28517150878906,0.0,0.005130291271149906,-27.126693725585938,10
4LW4,6,25.763675689697266,26.050649642944336,76.8808822631836,0.0,0.005126853091218307,-32.096683502197266,5
4LW4,7,10.873464584350586,13.468379974365234,31.889333724975586,0.0,0.026195359633758613,-31.836505889892578,6
4LW4,8,10.179981231689453,10.583775520324707,32.973777770996094,0.0,0.02733370315444777,-30.18499755859375,7
4LW4,9,7.722890377044678,8.588067054748535,22.984037399291992,0.125,0.09163885282409094,-30.249589920043945,12
4LW4,10,25.58953094482422,25.42255401611328,76.75737762451172,0.0,0.005194569544963854,-29.09418296813965,6
4LW4,11,9.444416999816895,9.792959213256836,31.710784912109375,0.0,0.029985610690525924,-30.39862823486328,7
4LW4,12,25.889699935913086,24.759315490722656,77.06640625,0.0,0.005225192696661964,-32.536888122558594,2
4LW4,13,7.9777750968933105,10.769063949584961,21.300960540771484,0.125,0.09379808963646064,-28.231670379638672,11
4LW4,14,9.887409210205078,11.851028442382812,29.321338653564453,0.0,0.031096635158284532,-30.8466739654541,4
3EO1,0,38.23468780517578,48.68462371826172,108.90986633300781,0.0,0.002334239691837515,-21.85201072692871,16
3EO1,1,18.80341148376465,13.860910415649414,45.762794494628906,0.0,0.014974849216000452,-32.13533020019531,0
3EO1,2,23.246288299560547,16.05531120300293,49.24726867675781,0.0,0.012527168496405545,-20.702455520629883,24
3EO1,3,21.337236404418945,16.484838485717773,47.75930404663086,0.0,0.012971513287913341,-32.26325988769531,0
3EO1,4,19.681076049804688,14.27717399597168,47.24999237060547,0.0,0.014088381474115312,-30.852575302124023,0
3EO1,5,18.959117889404297,13.117652893066406,45.685523986816406,0.0,0.01545506380030081,-20.130229949951172,21
3EO1,6,22.172306060791016,16.872865676879883,49.74972915649414,0.0,0.012068262768834,-32.01416015625,0
3EO1,7,38.51031494140625,35.68962097167969,92.92139434814453,0.0,0.0033538642598134358,-29.07805061340332,38
3EO1,8,17.674673080444336,18.491239547729492,39.243804931640625,0.0,0.01711612827597225,-19.969331741333008,3
3EO1,9,16.367645263671875,14.14051342010498,39.76449203491211,0.0,0.018274497080285876,-28.26304817199707,0
3EO1,10,20.723949432373047,21.988161087036133,49.995670318603516,0.0,0.010908396169023176,-28.96455955505371,1
3EO1,11,19.219186782836914,19.786930084228516,43.597354888916016,0.0,0.014111234103385828,-20.755475997924805,6
3EO1,12,16.18336296081543,14.929987907409668,36.59073257446289,0.0,0.020397725435919528,-26.48813819885254,0
3EO1,13,19.308134078979492,15.451433181762695,45.78546905517578,0.0,0.014217758856731664,-21.127824783325195,34
3EO1,14,35.364505767822266,29.1429386138916,76.75653839111328,0.0,0.004918977685309891,-30.799455642700195,71
1AK4,0,13.539737701416016,10.878130912780762,27.418598175048828,0.0,0.03544604348999496,-34.592193603515625,41
1AK4,1,15.170426368713379,6.651249885559082,35.6886100769043,0.384615,0.16223129821107635,-41.9447021484375,6
1AK4,2,8.853397369384766,7.826834201812744,19.98546600341797,0.0,0.06286912198785016,-40.158443450927734,16
1AK4,3,15.208847045898438,8.582133293151855,36.85735321044922,0.0,0.026714112181220617,-40.68524169921875,7
1AK4,4,17.060758590698242,9.535039901733398,29.86266326904297,0.0,0.03303203012949083,-39.53432846069336,13
1AK4,5,15.872939109802246,8.156639099121094,33.731048583984375,0.230769,0.10773023989900025,-40.886962890625,11
1AK4,6,12.58212661743164,7.7278289794921875,34.210079193115234,0.0,0.031484483107401574,-41.352603912353516,7
1AK4,7,15.265830993652344,7.084014415740967,33.32521057128906,0.384615,0.16286984905030222,-38.76567459106445,8
1AK4,8,14.683908462524414,6.608395576477051,35.87439727783203,0.538461,0.2135378997062567,-42.26955032348633,4
1AK4,9,14.308435440063477,7.48903226852417,33.84111785888672,0.0,0.032638081259056574,-42.66337203979492,2
1AK4,10,12.53036117553711,7.800814151763916,30.456769943237305,0.0,0.035971975556333635,-40.149993896484375,6
1AK4,11,12.797030448913574,6.953677177429199,33.637386322021484,0.230769,0.1117514311894698,-46.9764289855957,3
1AK4,12,15.320993423461914,8.774651527404785,37.05020523071289,0.0,0.026131417241342523,-40.21619415283203,4
1AK4,13,13.940004348754883,8.630090713500977,35.313167572021484,0.0,0.02802977733453683,-40.432472229003906,14
1AK4,14,11.768935203552246,8.00575065612793,30.13943099975586,0.0,0.03586395741501148,-41.23628616333008,23
1E6E,0,6.450388431549072,5.0585761070251465,17.794673919677734,0.3,0.1888671720683965,-33.07052993774414,5
1E6E,1,4.889608383178711,5.395059108734131,11.931051254272461,0.0,0.13614266323777013,-34.91059494018555,3
1E6E,2,5.879403591156006,5.101095676422119,15.542867660522461,0.2,0.16993533362246463,-32.07787322998047,8
1E6E,3,6.87920618057251,7.211123943328857,17.065824508666992,0.0,0.080080209515815,-35.70392990112305,3
1E6E,4,7.0632829666137695,5.71666145324707,19.572031021118164,0.3,0.17436523440541493,-35.39737319946289,8
1E6E,5,6.311535358428955,6.715005397796631,15.983263969421387,0.0,0.08933111723818266,-30.83155632019043,9
1E6E,6,5.918548107147217,4.737929821014404,16.223539352416992,0.3,0.20216027347397714,-29.654211044311523,8
1E6E,7,5.7793779373168945,6.995767593383789,13.63547134399414,0.0,0.10793367046810519,-28.38378143310547,9
1E6E,8,8.027467727661133,6.649351596832275,21.990325927734375,0.2,0.1261372679736088,-33.524375915527344,6
1E6E,9,9.556214332580566,12.548893928527832,22.1038761138916,0.0,0.04763778139320537,-44.135345458984375,1
1E6E,10,7.113131046295166,6.257373332977295,18.775772094726562,0.1,0.10814327596677903,-32.72152328491211,4
1E6E,11,7.157233238220215,7.630429744720459,17.535554885864258,0.0,0.07582177169486413,-44.50456619262695,0
1E6E,12,12.008837699890137,10.631539344787598,34.18417739868164,0.0,0.02591531546997487,-25.833480834960938,55
1E6E,13,9.857320785522461,10.649298667907715,24.130922317504883,0.0,0.04327830689131152,-21.63932228088379,38
1E6E,14,5.245726585388184,4.76846981048584,13.373810768127441,0.5,0.29258866485068025,-28.83750343322754,12
2G77,0,8.670279502868652,7.664277076721191,16.84062385559082,0.0,0.07997393882502404,-43.811546325683594,0
2G77,1,22.505081176757812,17.597307205200195,60.80614471435547,0.0,0.008793266354962996,-36.289608001708984,3
2G77,2,11.299189567565918,9.478761672973633,20.963518142700195,0.25,0.13854050958671948,-42.48134994506836,0
2G77,3,21.6896915435791,17.540830612182617,61.1888427734375,0.0,0.008730504952941441,-33.864784240722656,1
2G77,4,4.845837593078613,4.752368927001953,10.979568481445312,0.0,0.15511225877265158,-52.427635192871094,0
2G77,5,21.52442169189453,17.124027252197266,53.01241683959961,0.0,0.01089304664031957,-43.25936508178711,1
2G77,6,18.81993865966797,15.5037841796875,51.57775115966797,0.0,0.011904904117388135,-41.18072509765625,0
2G77,7,3.68334698677063,3.9273300170898438,7.454913139343262,0.0,0.23084296083371472,-56.37034606933594,0
2G77,8,3.4044132232666016,4.507350921630859,6.931763172149658,0.0,0.23343058555743323,-41.26771545410156,3
2G77,9,19.141292572021484,15.591499328613281,50.96077346801758,0.0,0.012079429682334941,-39.67367935180664,0
2G77,10,22.9527530670166,19.335058212280273,63.791133880615234,0.0,0.007809220619342424,-33.07610321044922,0
2G77,11,4.4193902015686035,4.716583251953125,13.062283515930176,0.0,0.12977713643877223,-39.912841796875,3
2G77,12,17.316980361938477,14.569287300109863,51.95534896850586,0.0,0.012185572222855308,-37.679054260253906,1
2G77,13,6.94754695892334,5.993638038635254,14.025492668151855,0.25,0.1925213247732168,-38.79314041137695,3
2G77,14,22.411169052124023,17.836427688598633,61.50155258178711,0.0,0.008588709255525432,-34.79496383666992,3
3SZK,0,21.145992279052734,14.16675090789795,64.5322494506836,0.0,0.009380056902509646,-42.685707092285156,2
3SZK,1,18.855571746826172,13.318683624267578,49.39226150512695,0.0,0.013762982613511596,-40.332672119140625,2
3SZK,2,15.821874618530273,14.636406898498535,53.481910705566406,0.0,0.011676991787725547,-54.0023307800293,0
3SZK,3,19.034860610961914,13.66011905670166,50.504642486572266,0.0,0.013153137504304918,-44.33859634399414,1
3SZK,4,21.406097412109375,18.30184555053711,68.67088317871094,0.0,0.007254148262353627,-47.336875915527344,0
3SZK,5,19.52839469909668,15.457810401916504,57.67644119262695,0.0,0.01019531997025149,-53.5763053894043,0
3SZK,6,22.42417335510254,13.696968078613281,59.753692626953125,0.0,0.010561641630992496,-43.64985656738281,0
3SZK,7,20.88833236694336,15.888588905334473,66.63636016845703,0.0,0.00828151651944859,-43.38863754272461,0
3SZK,8,18.2163143157959,13.506562232971191,47.63228225708008,0.0,0.014348395547958831,-37.94960403442383,1
3SZK,9,19.36318016052246,15.641563415527344,53.76112747192383,0.0,0.011166933418789216,-48.70817184448242,0
3SZK,10,16.753746032714844,13.102227210998535,53.47660827636719,0.0,0.012526335746414428,-47.63065719604492,0
3SZK,11,21.087932586669922,18.044923782348633,69.0473861694336,0.0,0.007263606699135505,-59.33340835571289,0
3SZK,12,17.045228958129883,12.260643005371094,42.25906753540039,0.0,0.017877084526112804,-45.18836212158203,0
3SZK,13,18.530920028686523,12.05815601348877,47.199737548828125,0.0,0.01555032769930527,-38.745670318603516,1
3SZK,14,16.72483253479004,12.15953540802002,38.12302017211914,0.0,0.020782512725746067,-36.1652717590332,5
4IZ7,0,15.385859489440918,19.845678329467773,52.29212188720703,0.0,0.010474065950674348,-31.514009475708008,0
4IZ7,1,9.44024658203125,12.68063735961914,22.17401695251465,0.0,0.04730557036295274,-34.60717010498047,1
4IZ7,2,14.305375099182129,19.18364715576172,45.82755661010742,0.0,0.013111563906188615,-36.302886962890625,0
4IZ7,3,11.469619750976562,17.831295013427734,32.19639205932617,0.0,0.024061297398216618,-38.85013198852539,0
4IZ7,4,17.49092674255371,26.217344284057617,51.294925689697266,0.0,0.009996059359056342,-38.91826629638672,0
4IZ7,5,14.165518760681152,18.762210845947266,45.38385009765625,0.0,0.013413446152407233,-35.43983840942383,0
4IZ7,6,12.884581565856934,17.163982391357422,34.59529495239258,0.0,0.021503444473299143,-42.83356857299805,0
4IZ7,7,14.23865032196045,19.504568099975586,46.795257568359375,0.0,0.012606574365700618,-34.05225372314453,0
4IZ7,8,13.760153770446777,20.750431060791016,40.219093322753906,0.0,0.015984745313099995,-40.22813415527344,0
4IZ7,9,12.277252197265625,16.60234260559082,40.163272857666016,0.0,0.016988840038580016,-36.86481475830078,0
4IZ7,10,10.105803489685059,14.295156478881836,25.76498031616211,0.0,0.03634835374067904,-39.5545654296875,0
4IZ7,11,13.913732528686523,18.43074607849121,44.856632232666016,0.0,0.013747616567438595,-37.60504150390625,0
4IZ7,12,11.595780372619629,17.092084884643555,32.880340576171875,0.0,0.023428543420878026,-39.6221809387207,0
4IZ7,13,9.606180191040039,10.616411209106445,22.707178115844727,0.0,0.04749150155610684,-47.24230194091797,0
4IZ7,14,9.89177131652832,13.8199462890625,24.514970779418945,0.0,0.039653780746329303,-41.16168212890625,0
1US7,0,26.60930061340332,28.342891693115234,67.06884002685547,0.0,0.0062003417106893804,-27.808164596557617,4
1US7,1,66.39258575439453,78.28629302978516,173.28985595703125,0.0,0.000922396843945246,0.0,0
1US7,2,22.077539443969727,20.70182991027832,44.22196960449219,0.0,0.013617274650081402,-39.47407531738281,0
1US7,3,24.136520385742188,21.876754760742188,48.40345764160156,0.0,0.011531559845137136,-27.615367889404297,7
1US7,4,25.571184158325195,25.54871368408203,61.97595977783203,0.0,0.007299335304609315,-29.830411911010742,18
1US7,5,35.48316955566406,33.073768615722656,61.05609893798828,0.0,0.007021786211134283,-20.738073348999023,18
1US7,6,28.046499252319336,21.331892013549805,60.046112060546875,0.0,0.008188387091036928,-25.89598274230957,11
1US7,7,23.35149383544922,24.94902801513672,49.9486083984375,0.0,0.01058205231314985,-38.798763275146484,0
1US7,8,24.606597900390625,19.96202850341797,45.994388580322266,0.0,0.01287991963328001,-28.285282135009766,13
1US7,9,24.836360931396484,18.306167602539062,49.546974182128906,0.0,0.011752935661090412,-26.457185745239258,6
1US7,10,23.650230407714844,20.08672332763672,45.50289535522461,0.0,0.013087916232105054,-27.482267379760742,13
1US7,11,24.46229362487793,24.486572265625,51.155967712402344,0.0,0.010201805680002096,-26.886089324951172,2
1US7,12,33.481788635253906,28.591249465942383,72.42955017089844,0.0,0.005443356371163595,-24.603816986083984,26
1US7,13,23.692564010620117,23.63892936706543,52.99150085449219,0.0,0.009698036503955806,-26.26624870300293,3
1US7,14,23.379667282104492,18.794713973999023,44.16047286987305,0.0,0.014018065727741775,-27.79987907409668,13
4DN4,0,8.765181541442871,11.507767677307129,27.002653121948242,0.0,0.035620637188739875,-27.973350524902344,5
4DN4,1,6.052675247192383,8.254854202270508,18.976192474365234,0.0,0.06635838381127378,-29.460683822631836,5
4DN4,2,7.074548244476318,8.748271942138672,21.29802131652832,0.0,0.0553182772951778,-41.320247650146484,0
4DN4,3,5.162977695465088,5.1763529777526855,15.236237525939941,0.0,0.1049415551561962,-34.117042541503906,2
4DN4,4,5.380049228668213,7.203535556793213,17.165613174438477,0.0,0.07949130394093587,-34.586639404296875,1
4DN4,5,8.586743354797363,11.641966819763184,26.737295150756836,0.0,0.03603951887255594,-36.37819290161133,0
4DN4,6,5.198380947113037,7.839460849761963,17.06906509399414,0.0,0.07800786640517472,-37.031246185302734,1
4DN4,7,7.105956077575684,7.127190589904785,22.324907302856445,0.999999,0.3896746721612334,-32.12932205200195,1
4DN4,8,4.875622749328613,6.91475248336792,15.014252662658691,0.0,0.0958849173339561,-28.507755279541016,4
4DN4,9,6.572603225708008,7.455963611602783,19.940217971801758,0.0,0.06422264511690774,-32.59511184692383,1
4DN4,10,6.891659736633301,8.803990364074707,20.016407012939453,0.0,0.0603293801686024,-33.735694885253906,1
4DN4,11,8.278470993041992,7.43146276473999,26.646018981933594,0.0,0.043835632250927625,-28.801687240600586,11
4DN4,12,4.732330799102783,6.6091389656066895,14.944291114807129,0.0,0.09780665863966077,-33.22968673706055,3
4DN4,13,7.1744794845581055,7.8673529624938965,21.603382110595703,0.0,0.05637736239736613,-28.413820266723633,6
4DN4,14,6.706348896026611,9.49648380279541,21.870826721191406,0.0,0.051855475204227064,-33.427452087402344,0
1VFB,0,16.9050235748291,10.515511512756348,32.637062072753906,0.0,0.027820909727544373,-29.349706649780273,64
1VFB,1,14.312106132507324,10.032960891723633,28.08169174194336,0.1,0.06859806244263887,-44.15861892700195,0
1VFB,2,13.267271041870117,10.998371124267578,23.027976989746094,0.0,0.046056797224829776,-42.631351470947266,2
1VFB,3,15.768458366394043,11.421074867248535,27.542757034301758,0.0,0.03463849022195297,-37.184547424316406,32
1VFB,4,14.776948928833008,12.588176727294922,25.07346534729004,0.0,0.039025906257249915,-44.49615478515625,2
1VFB,5,11.018174171447754,9.710415840148926,19.743684768676758,0.0,0.05988993513193674,-37.70745849609375,29
1VFB,6,16.900402069091797,10.457399368286133,30.49324607849121,0.0,0.03075314722516175,-35.201210021972656,46
1VFB,7,14.130753517150879,12.174654960632324,23.931804656982422,0.0,0.04232389396613884,-51.30369186401367,0
1VFB,8,17.41240692138672,11.145538330078125,31.718618392944336,0.0,0.02826422741224899,-32.20066452026367,57
1VFB,9,15.264504432678223,12.245589256286621,27.502330780029297,0.0,0.03399168302217604,-35.41419982910156,44
1VFB,10,14.537614822387695,12.833767890930176,26.036848068237305,0.0,0.03659615540414209,-48.09296798706055,1
1VFB,11,15.776545524597168,12.27875804901123,28.155349731445312,0.0,0.032744237188284786,-38.09272766113281,20
1VFB,12,11.936308860778809,9.0501708984375,22.071901321411133,0.0,0.05196269424089453,-34.865074157714844,31
1VFB,13,17.208301544189453,10.689618110656738,30.85125160217285,0.0,0.02995451547613105,-32.97847366333008,42
1VFB,14,16.52509880065918,11.324318885803223,29.67664337158203,0.0,0.031019874022084785,-31.696269989013672,53
2H7V,0,23.219053268432617,26.440868377685547,54.84097671508789,0.0,0.008889152163389768,-34.05859375,1
2H7V,1,24.26327896118164,28.949052810668945,60.85112380981445,0.0,0.007272047157887699,-31.578733444213867,1
2H7V,2,27.492645263671875,30.525312423706055,63.22459411621094,0.0,0.006720822972953469,-29.884143829345703,3
2H7V,3,36.4665641784668,42.06180191040039,106.24433898925781,0.0,0.002543374416989152,-28.169160842895508,0
2H7V,4,32.156822204589844,38.22701644897461,86.68250274658203,0.0,0.0036871142391068142,-34.04573059082031,1
2H7V,5,35.08763885498047,38.93303298950195,95.13055419921875,0.0,0.0031341774971846426,-41.92584228515625,0
2H7V,6,6.262792110443115,4.029604434967041,13.812498092651367,0.0,0.13212687520730435,-35.89462661743164,0
2H7V,7,35.0108642578125,41.26177215576172,106.14058685302734,0.0,0.0025640499364039666,-41.89035415649414,0
2H7V,8,28.603492736816406,34.00518798828125,72.6030044555664,0.0,0.005154410216917364,-28.589984893798828,1
2H7V,9,33.929039001464844,37.241600036621094,93.10521697998047,0.0,0.0032951522307102347,-36.65620040893555,0
2H7V,10,36.25669860839844,40.755374908447266,107.36487579345703,0.0,0.002527169141664027,-29.64580535888672,2
2H7V,11,36.961524963378906,39.53206253051758,100.1961441040039,0.0,0.0028609952770553525,-41.793373107910156,0
2H7V,12,19.12314224243164,14.71225357055664,39.90976333618164,0.0,0.01789347277338325,-26.373497009277344,3
2H7V,13,35.46632766723633,38.395503997802734,106.3758316040039,0.0,0.002622756803626395,-31.54113006591797,2
2H7V,14,16.623409271240234,15.561649322509766,29.347171783447266,0.0,0.02886733738487546,-30.267581939697266,1
4CPA,0,5.603030204772949,9.2509183883667,18.630281448364258,0.0,0.06597115024832499,-51.000083923339844,3
4CPA,1,5.125051498413086,8.69711685180664,16.60504913330078,0.0,0.07883840793570931,-53.55264663696289,1
4CPA,2,5.522038459777832,8.131561279296875,19.358842849731445,0.0,0.06484527615871401,-59.230010986328125,2
4CPA,3,8.990741729736328,12.275735855102539,31.88227653503418,0.0,0.02702434927375973,-58.14592361450195,3
4CPA,4,5.715352535247803,9.44154167175293,19.03452491760254,0.0,0.0636259853178434,-54.81043243408203,0
4CPA,5,6.949150085449219,8.481910705566406,25.166988372802734,0.111111,0.08127618389951498,-51.12669372558594,5
4CPA,6,6.6788763999938965,10.282337188720703,22.972232818603516,0.0,0.047086621591982826,-54.33970642089844,1
4CPA,7,7.988755702972412,11.32064437866211,27.568622589111328,0.222222,0.10876183777685354,-52.30562973022461,8
4CPA,8,8.470807075500488,10.945794105529785,30.493453979492188,0.0,0.030177345196786526,-60.4758415222168,1
4CPA,9,8.401739120483398,10.332752227783203,29.840349197387695,0.0,0.031896277982899034,-55.26891326904297,3
4CPA,10,7.658939361572266,11.268383979797363,27.026037216186523,0.0,0.035808290021365936,-61.00653076171875,0
4CPA,11,8.988744735717773,11.724411010742188,32.18705368041992,0.0,0.02709902438587812,-60.501251220703125,0
4CPA,12,7.405447483062744,10.925139427185059,25.774169921875,0.0,0.038864461562006576,-52.43075180053711,1
4CPA,13,5.830745697021484,8.255404472351074,20.732158660888672,0.0,0.05862100064938138,-67.5533676147461,0
4CPA,14,7.809401988983154,11.64958381652832,27.486539840698242,0.0,0.03453083697613176,-56.44145965576172,0
1RLB,0,22.763734817504883,19.65816307067871,69.52523040771484,0.0,0.006838488857220596,-28.445222854614258,10
1RLB,1,28.83282470703125,18.78898048400879,77.62753295898438,0.0,0.006060234531585544,-37.522640228271484,1
1RLB,2,28.70450210571289,20.780338287353516,77.26715850830078,0.0,0.005713503166218439,-29.366641998291016,3
1RLB,3,27.035568237304688,18.069602966308594,74.46751403808594,0.0,0.0065683707473024695,-25.616472244262695,10
1RLB,4,29.21370506286621,20.51775360107422,77.83844757080078,0.0,0.005700171052803313,-32.187618255615234,1
1RLB,5,10.673916816711426,8.623738288879395,24.760011672973633,0.3,0.14493105282104593,-29.024213790893555,3
1RLB,6,10.170148849487305,8.27392864227295,23.451709747314453,0.5,0.21597839184287704,-26.5248966217041,8
1RLB,7,20.11713981628418,15.22452163696289,56.06862258911133,0.0,0.010693371741636723,-28.031232833862305,11
1RLB,8,13.160898208618164,11.466085433959961,28.772991180419922,0.0,0.03236393322916985,-29.427101135253906,3
1RLB,9,17.492084503173828,17.850122451782227,48.319095611572266,0.0,0.012342946900843888,-32.05818557739258,9
1RLB,10,12.490275382995605,11.707242965698242,28.557573318481445,0.0,0.03251113362833117,-30.091480255126953,5
1RLB,11,10.828034400939941,10.577386856079102,24.96302032470703,0.0,0.04120361671592566,-32.64268493652344,2
1RLB,12,16.31052589416504,14.089707374572754,44.01557922363281,0.0,0.01571963686133401,-28.74506378173828,9
1RLB,13,11.05515193939209,10.998725891113281,25.3852596282959,0.0,0.03969147469019865,-37.28582000732422,1
1RLB,14,9.020511627197266,6.533365249633789,24.160205841064453,0.1,0.08673848699238346,-30.143171310424805,2
3SE8,0,12.351316452026367,9.100761413574219,27.517404556274414,0.0,0.03785090922270745,-26.27886199951172,0
3SE8,1,18.586580276489258,16.21200942993164,35.69563293457031,0.266667,0.10960517315962165,-19.74663543701172,6
3SE8,2,28.908952713012695,19.759878158569336,62.048641204833984,0.0,0.008049971419953806,-29.026323318481445,12
3SE8,3,28.793045043945312,21.550493240356445,61.73138427734375,0.0,0.007809345502731338,-27.954666137695312,20
3SE8,4,24.310407638549805,23.929107666015625,51.62259292602539,0.0,0.01010339822897085,-15.587430000305176,11
3SE8,5,24.559099197387695,25.694242477416992,47.81777572631836,0.0,0.01134220947930492,-15.006119728088379,13
3SE8,6,18.701250076293945,20.37077522277832,37.38457489013672,0.0,0.01818243940268392,-23.11278533935547,8
3SE8,7,25.936681747436523,23.25156593322754,56.846797943115234,0.0,0.00867107435944038,-20.959959030151367,19
3SE8,8,29.246999740600586,20.189865112304688,68.4830322265625,0.0,0.006887013185419431,-28.736875534057617,35
3SE8,9,17.957904815673828,23.26103973388672,33.396728515625,0.0,0.02165952641754311,-37.57341384887695,0
3SE8,10,26.608386993408203,19.450578689575195,63.082088470458984,0.0,0.007914856085582981,-28.846416473388672,11
3SE8,11,24.10167694091797,23.557165145874023,54.6749153137207,0.0,0.00921230651399972,-16.10738754272461,28
3SE8,12,27.417808532714844,20.840211868286133,63.67007064819336,0.0,0.007554747363426627,-25.039918899536133,15
3SE8,13,23.86600685119629,15.320945739746094,54.53093338012695,0.0,0.01107168019005064,-24.966384887695312,3
3SE8,14,27.363147735595703,17.614822387695312,62.050018310546875,0.0,0.008539617106789882,-33.772193908691406,5
3EOA,0,10.999983787536621,11.435359001159668,21.940603256225586,0.0,0.04913834095061719,-33.722389221191406,0
3EOA,1,19.144365310668945,13.880565643310547,49.335628509521484,0.0,0.013457024177957973,-41.28745651245117,0
3EOA,2,8.908700942993164,9.71382999420166,20.0267276763916,0.0,0.05864502677452978,-28.301036834716797,1
3EOA,3,13.369919776916504,12.284313201904297,27.728622436523438,0.0,0.03352925749759617,-27.5426025390625,1
3EOA,4,12.232038497924805,11.736638069152832,24.8365535736084,0.0,0.040305938062648435,-25.5390567779541,4
3EOA,5,12.551533699035645,10.600855827331543,26.224658966064453,0.1,0.07156554536130544,-27.728052139282227,2
3EOA,6,24.128368377685547,28.334810256958008,73.0536117553711,0.0,0.005383937797790881,-34.32106399536133,1
3EOA,7,10.448488235473633,11.090027809143066,21.777267456054688,0.0,0.05005692711263914,-27.535932540893555,4
3EOA,8,12.489501953125,12.27501392364502,26.080982208251953,0.0,0.036910140213292066,-31.04497528076172,1
3EOA,9,19.65369987487793,14.903667449951172,53.07692337036133,0.0,0.01167773879294525,-41.15019989013672,0
3EOA,10,11.16247844696045,12.595096588134766,26.11736488342285,0.0,0.03658690447726654,-31.285356521606445,2
3EOA,11,19.22972297668457,13.191786766052246,50.171112060546875,0.0,0.013555531255789746,-38.820281982421875,0
3EOA,12,16.71912384033203,15.15850830078125,46.73625183105469,0.0,0.013905077585715716,-44.04039764404297,0
3EOA,13,18.279945373535156,13.054784774780273,49.085418701171875,0.0,0.014048008797082111,-42.576011657714844,0
3EOA,14,18.942760467529297,12.996054649353027,48.31571578979492,0.0,0.014389146197418311,-35.81037902832031,1
1WDW,0,34.209739685058594,31.84880256652832,96.84242248535156,0.0,0.0032860668605297107,-28.297643661499023,10
1WDW,1,33.9511604309082,34.72531509399414,100.42892456054688,0.0,0.0029916332601791196,-32.40589904785156,5
1WDW,2,33.17216873168945,34.577369689941406,100.32069396972656,0.0,0.0030020289064615117,-33.36207962036133,8
1WDW,3,1.624834418296814,1.7530874013900757,3.774583578109741,0.875,0.7109844536534955,-37.1412239074707,2
1WDW,4,2.7512168884277344,2.9807088375091553,6.034717082977295,0.5625,0.47648088824612705,-39.04208755493164,4
1WDW,5,11.97724437713623,13.099949836730957,25.413818359375,0.125,0.07951752293156751,-33.2081413269043,2
1WDW,6,35.03400802612305,34.3120002746582,99.22894287109375,0.0,0.003063918444626886,-32.46307373046875,4
1WDW,7,4.667593955993652,4.989365577697754,14.37444019317627,0.125,0.1556563451945409,-34.791141510009766,0
1WDW,8,7.057452201843262,7.300282955169678,15.364619255065918,0.0,0.09161387627250019,-38.56535720825195,1
1WDW,9,35.17194747924805,34.9917106628418,100.82723999023438,0.0,0.0029636710959808897,-33.73227310180664,2
1WDW,10,3.5304977893829346,4.563917636871338,8.572407722473145,0.1875,0.26024954494883673,-32.955631256103516,5
1WDW,11,12.11142349243164,12.95937728881836,25.62485694885254,0.0,0.03744811022296189,-29.650959014892578,12
1WDW,12,33.514503479003906,33.798065185546875,93.74629211425781,0.0,0.0033732939070351283,-31.332304000854492,11
1WDW,13,9.738533973693848,10.45756721496582,20.93325424194336,0.0,0.0539002726521273,-29.05787467956543,11
1WDW,14,35.21088409423828,35.60197067260742,104.2054672241211,0.0,0.002793875482277198,-28.810060501098633,7
2I25,0,17.552284240722656,14.339006423950195,30.318775177001953,0.0,0.027898580507405932,-57.564788818359375,0
2I25,1,10.97911548614502,7.342224597930908,35.87934494018555,0.0,0.031068951882987538,-50.400936126708984,2
2I25,2,8.694826126098633,6.285938739776611,29.021421432495117,0.0,0.0442936468613058,-55.217864990234375,0
2I25,3,16.29026985168457,12.741026878356934,31.112394332885742,0.0,0.027708857129428065,-51.86651611328125,2
2I25,4,17.08763885498047,14.311057090759277,33.461708068847656,0.0,0.023827427398520406,-46.060813903808594,2
2I25,5,5.915477275848389,4.896241188049316,23.048110961914062,0.0,0.06850904276753843,-60.01395034790039,0
2I25,6,10.250292778015137,5.802271842956543,30.40041732788086,0.0,0.04505133820544921,-57.245765686035156,0
2I25,7,9.05945873260498,6.10664701461792,31.997846603393555,0.0,0.0409391830002832,-62.042606353759766,0
2I25,8,15.470985412597656,13.264636039733887,33.59034729003906,0.0,0.02426879992456177,-56.13441467285156,0
2I25,9,7.588237762451172,5.491729736328125,25.987945556640625,0.0,0.05535484365968015,-57.892906188964844,0
2I25,10,7.381310939788818,5.312987804412842,26.93562889099121,0.0,0.05479605351534004,-49.502567291259766,3
2I25,11,4.477422714233398,3.8860485553741455,16.942617416381836,0.0,0.1102522992533634,-58.19486618041992,0
2I25,12,10.221566200256348,6.699171543121338,32.65349578857422,0.0,0.03706735257899021,-62.843116760253906,0
2I25,13,10.95466136932373,7.7019124031066895,36.0499153137207,0.0,0.02973678041211834,-50.84123611450195,1
2I25,14,16.772497177124023,13.892492294311523,27.853252410888672,0.0,0.03223956269129239,-44.06172180175781,2
1GCQ,0,10.075132369995117,11.873697280883789,22.755876541137695,0.0,0.04604984253206399,-50.411128997802734,0
1GCQ,1,13.301836967468262,13.689496040344238,36.979347229003906,0.0,0.02068237032429726,-54.98056411743164,0
1GCQ,2,13.28498649597168,12.99539566040039,30.138927459716797,0.0,0.028942294576466243,-44.25582504272461,1
1GCQ,3,12.3610200881958,13.013116836547852,27.217056274414062,0.0,0.03399298810750723,-42.7900505065918,0
1GCQ,4,13.582685470581055,12.765894889831543,31.831201553344727,0.0,0.026726354374702773,-56.19956970214844,0
1GCQ,5,13.106819152832031,13.871618270874023,34.9561882019043,0.0,0.022461516893330702,-46.35387420654297,0
1GCQ,6,12.878442764282227,13.616039276123047,37.213043212890625,0.0,0.02052558757007009,-42.079933166503906,0
1GCQ,7,11.797102928161621,14.327150344848633,42.62309265136719,0.0,0.016363555948635894,-41.5458869934082,0
1GCQ,8,49.179710388183594,57.444480895996094,120.21997833251953,0.0,0.001885177103435653,0.0,0
1GCQ,9,13.033468246459961,12.909735679626465,40.44114685058594,0.0,0.018542689990711042,-43.15361785888672,0
1GCQ,10,13.452253341674805,12.866047859191895,27.77247428894043,0.0,0.033019628989327816,-45.44196701049805,0
1GCQ,11,11.471707344055176,12.345279693603516,25.394596099853516,0.0,0.038432155872305314,-44.68394470214844,0
1GCQ,12,11.904091835021973,13.961308479309082,40.8233757019043,0.0,0.017654424274362993,-45.51815414428711,0
1GCQ,13,12.36871337890625,13.071710586547852,33.189300537109375,0.0,0.024850027861678264,-55.07841873168945,0
1GCQ,14,14.726350784301758,15.444215774536133,39.63285827636719,0.0,0.01777298247672591,-41.88897705078125,2
1ZLI,0,13.3667573928833,16.94384002685547,36.77271270751953,0.0,0.01949879868712106,-39.88265609741211,10
1ZLI,1,12.107332229614258,14.404552459716797,35.16645050048828,0.0,0.021975099516878326,-47.34296417236328,2
1ZLI,2,7.490772247314453,9.784520149230957,17.90802574157715,0.0,0.06894304112014894,-53.81450653076172,0
1ZLI,3,9.272201538085938,11.113389015197754,27.265047073364258,0.0,0.03549103943716703,-45.42223358154297,5
1ZLI,4,8.773587226867676,10.694642066955566,21.856569290161133,0.0,0.05022194158331957,-48.18199920654297,3
1ZLI,5,4.210925102233887,4.89302921295166,11.017232894897461,0.0,0.15301346905952562,-55.72583770751953,0
1ZLI,6,11.236474990844727,12.884119987487793,31.909025192260742,0.0,0.026543606878651173,-54.74243927001953,0
1ZLI,7,11.425026893615723,15.740351676940918,27.485210418701172,0.157895,0.08472872059390359,-40.31212615966797,6
1ZLI,8,11.407126426696777,15.447676658630371,26.171783447265625,0.0,0.03491883546449243,-55.492313385009766,0
1ZLI,9,6.958602428436279,9.65829086303711,16.28951644897461,0.0,0.07918796196294242,-40.17645263671875,15
1ZLI,10,8.715673446655273,12.291722297668457,21.05370330810547,0.0,0.05160883838063687,-37.690513610839844,15
1ZLI,11,11.658519744873047,16.788637161254883,27.02823257446289,0.0,0.032639928548042964,-56.66218566894531,0
1ZLI,12,11.519407272338867,16.69208526611328,26.450969696044922,0.0,0.033870135799843076,-61.91257858276367,0
1ZLI,13,11.446480751037598,15.988585472106934,27.384380340576172,0.0,0.032201235438087984,-47.545475006103516,0
1ZLI,14,11.679840087890625,16.781553268432617,27.516321182250977,0.0,0.03167917684798995,-47.336891174316406,0
3L89,0,28.281532287597656,27.341032028198242,74.71329498291016,0.0,0.0052595660714218895,-24.730083465576172,0
3L89,1,17.326923370361328,19.233182907104492,48.46900177001953,0.0,0.01196088350774048,-28.173633575439453,23
3L89,2,17.905210494995117,17.764911651611328,42.434364318847656,0.0,0.015218335160918417,-30.197093963623047,4
3L89,3,21.57267951965332,20.139297485351562,59.15460205078125,0.0,0.008582117056034268,-20.776552200317383,9
3L89,4,17.01956558227539,16.684690475463867,40.87197494506836,0.0,0.016491578839992263,-30.641889572143555,3
3L89,5,21.333694458007812,18.1766414642334,55.423648834228516,0.0,0.009914705892132246,-26.00026512145996,29
3L89,6,23.04376220703125,22.757652282714844,64.2439956665039,0.0,0.007176615736922254,-27.823333740234375,3
3L89,7,21.350513458251953,24.257226943969727,60.15180969238281,0.0,0.007795541110913514,-27.474088668823242,7
3L89,8,23.24171257019043,22.449148178100586,61.57157516479492,0.0,0.0077154478328958125,-22.711658477783203,5
3L89,9,29.51829719543457,28.346393585205078,76.25331115722656,0.0,0.0050218506566478685,-27.480121612548828,6
3L89,10,24.774206161499023,23.954235076904297,65.50343322753906,0.0,0.006821923924354648,-29.302766799926758,4
3L89,11,28.718280792236328,30.576885223388672,79.22176361083984,0.0,0.004593903513880213,-31.244125366210938,1
3L89,12,20.401840209960938,19.051124572753906,57.22783660888672,0.0,0.009248602077722858,-23.2175235748291,14
3L89,13,18.207735061645508,15.936262130737305,43.58755111694336,0.0,0.01513910736015093,-25.832313537597656,34
3L89,14,25.49567413330078,26.576984405517578,71.51734924316406,0.0,0.0057014804170515965,-34.962623596191406,1
1H9D,0,12.383713722229004,11.143321990966797,47.5869140625,0.0,0.01623870917432697,-56.69655227661133,0
1H9D,1,13.501079559326172,11.599385261535645,42.85599136352539,0.0,0.018099060490607544,-46.43904495239258,1
1H9D,2,15.115047454833984,14.268348693847656,54.0289421081543,0.0,0.011694601401585064,-42.26097869873047,2
1H9D,3,11.704940795898438,10.761712074279785,45.1136360168457,0.0,0.017779957809199685,-48.0860481262207,0
1H9D,4,9.784453392028809,8.493175506591797,21.135805130004883,0.0,0.0564886296491296,-43.81024932861328,0
1H9D,5,6.5345845222473145,5.613466739654541,12.84591293334961,0.0,0.1237178596575893,-51.23153305053711,0
1H9D,6,14.051562309265137,12.851700782775879,42.39254379272461,0.0,0.017362927497183323,-56.34205627441406,0
1H9D,7,14.38518238067627,12.209248542785645,40.097904205322266,0.030303,0.029392056175225962,-47.14710235595703,1
1H9D,8,14.795220375061035,12.49111270904541,39.994205474853516,0.030303,0.02924524840878351,-47.217445373535156,0
1H9D,9,10.942971229553223,9.497601509094238,39.18717956542969,0.060606,0.04329237229676983,-61.20048141479492,0
1H9D,10,19.548534393310547,16.116710662841797,44.413543701171875,0.0,0.014640382198592232,-49.57576370239258,0
1H9D,11,9.355806350708008,7.937341690063477,21.126174926757812,0.0,0.057936248912007826,-41.42007827758789,1
1H9D,12,15.0156831741333,12.86505126953125,26.46836280822754,0.0,0.03563344109418277,-45.58792495727539,0
1H9D,13,13.825458526611328,12.18372917175293,43.24370193481445,0.0,0.017376592637494335,-49.48689270019531,0
1H9D,14,14.823444366455078,13.049321174621582,43.80336380004883,0.0,0.016443141749677197,-51.01130676269531,0
1GHQ,0,18.237728118896484,15.99569320678711,39.33169174194336,0.0,0.017779019503668215,-38.47368621826172,5
1GHQ,1,21.997020721435547,21.306400299072266,56.86983108520508,0.0,0.00892776258169551,-44.99422073364258,0
1GHQ,2,24.554365158081055,25.533843994140625,66.34156799316406,0.0,0.006530001549324211,-37.05340576171875,10
1GHQ,3,23.61566734313965,22.187883377075195,61.790409088134766,0.0,0.007707126956114241,-42.057464599609375,2
1GHQ,4,18.251501083374023,13.411698341369629,54.16796875,0.0,0.012128719373934302,-45.14179611206055,0
1GHQ,5,17.632694244384766,13.910889625549316,51.91585159301758,0.0,0.012533346502108132,-42.526268005371094,1
1GHQ,6,21.217884063720703,23.231136322021484,55.36814880371094,0.0,0.00905895663034501,-45.741458892822266,1
1GHQ,7,23.724397659301758,21.957181930541992,63.44868469238281,0.0,0.007425281153072678,-51.47451400756836,0
1GHQ,8,22.290538787841797,21.194734573364258,56.32411575317383,0.0,0.009083713006553312,-40.348655700683594,11
1GHQ,9,20.681865692138672,19.67327117919922,59.18552017211914,0.0,0.008662861663180662,-40.28614044189453,2
1GHQ,10,23.568750381469727,23.794517517089844,64.23716735839844,0.0,0.007055377862173058,-50.39945983886719,0
1GHQ,11,19.279184341430664,21.103862762451172,51.363338470458984,0.0,0.010560904930697843,-38.537445068359375,1
1GHQ,12,23.677072525024414,22.24335289001465,61.73086929321289,0.0,0.007711332103859755,-55.43455123901367,0
1GHQ,13,21.872175216674805,21.932390213012695,59.485145568847656,0.0,0.00822182622067467,-57.4725456237793,0
1GHQ,14,15.293976783752441,17.65538787841797,45.49749755859375,0.0,0.013630775840590184,-44.141353607177734,1
5Y9J,0,12.522354125976562,12.361228942871094,24.21902084350586,0.0,0.04139290626636326,-29.316896438598633,7
5Y9J,1,10.061633110046387,11.224749565124512,16.25847816467285,0.0,0.07739952962993533,-27.27939224243164,11
5Y9J,2,18.042070388793945,16.581470489501953,32.47124099731445,0.0,0.024082081933205362,-27.858659744262695,7
5Y9J,3,12.171477317810059,13.357955932617188,22.052900314331055,0.0,0.047266119195882444,-26.320764541625977,13
5Y9J,4,13.074869155883789,13.782748222351074,22.817951202392578,0.0,0.04452084206792511,-28.352094650268555,9
5Y9J,5,18.24026107788086,15.108171463012695,34.74822998046875,0.0,0.022073369074461863,-27.385377883911133,13
5Y9J,6,16.83761215209961,15.66645336151123,30.996614456176758,0.0,0.026341072979132112,-27.976316452026367,11
5Y9J,7,22.30223274230957,17.704347610473633,55.60121536254883,0.0,0.009988004961784062,-32.82855987548828,17
5Y9J,8,17.73937225341797,13.607160568237305,43.181175231933594,0.0,0.016436221392656294,-28.6016845703125,20
5Y9J,9,29.058250427246094,22.464935302734375,71.99431610107422,0.0,0.0060620742683997675,-31.510356903076172,8
5Y9J,10,26.406471252441406,21.50394058227539,48.64167785644531,0.0,0.011491301311437595,-28.634241104125977,23
5Y9J,11,22.368520736694336,17.715280532836914,68.47633361816406,0.0,0.007430994988136584,-33.679481506347656,15
5Y9J,12,27.91208267211914,24.772716522216797,69.81781005859375,0.0,0.006086146229456535,-35.68855285644531,26
5Y9J,13,21.665843963623047,17.67797088623047,69.09445190429688,0.0,0.007352196601965691,-32.88396072387695,9
5Y9J,14,26.34320068359375,19.345731735229492,59.807884216308594,0.0,0.008591553358703274,-31.965192794799805,11
4ETQ,0,24.211647033691406,25.329727172851562,64.1551742553711,0.0,0.006915246381791408,-28.143848419189453,5
4ETQ,1,25.204917907714844,22.72012710571289,64.79081726074219,0.0,0.007086600897165336,-28.877824783325195,7
4ETQ,2,17.36516571044922,14.152454376220703,42.97207260131836,0.0,0.01625386297185625,-28.70158576965332,8
4ETQ,3,10.226401329040527,12.440129280090332,21.779541015625,0.0,0.04883724233636175,-28.399599075317383,4
4ETQ,4,9.45566177368164,11.148954391479492,20.206819534301758,0.0,0.05604111354971778,-24.886106491088867,4
4ETQ,5,7.83333683013916,12.0311279296875,16.42234992980957,0.0,0.07553283176695245,-28.024967193603516,5
4ETQ,6,14.604613304138184,16.946086883544922,27.00065040588379,0.0,0.03264727572884933,-32.39560317993164,3
4ETQ,7,10.214044570922852,7.954945087432861,25.103235244750977,0.0,0.045731049946016844,-28.465938568115234,8
4ETQ,8,23.003774642944336,19.99004364013672,52.737945556640625,0.0,0.010306166079775067,-28.312175750732422,11
4ETQ,9,24.3095645904541,21.867225646972656,66.31768035888672,0.0,0.006948543103346493,-33.2861213684082,2
4ETQ,10,10.659150123596191,10.768855094909668,24.420326232910156,0.0,0.042364613385236095,-25.142578125,8
4ETQ,11,18.381103515625,16.3608455657959,39.83345413208008,0.0,0.01729570535975489,-28.14841651916504,10
4ETQ,12,17.544313430786133,16.999820709228516,33.673431396484375,0.0,0.022542274482307636,-29.239133834838867,3
4ETQ,13,19.17481231689453,16.71286392211914,44.58799362182617,0.0,0.014352651675659163,-29.12986183166504,4
4ETQ,14,16.488117218017578,17.450580596923828,32.37809753417969,0.0,0.023936438032411942,-32.11043930053711,6
5JMO,0,11.844717979431152,10.229887962341309,39.407264709472656,0.0,0.021834711269409408,-45.5554313659668,1
5JMO,1,13.008471488952637,15.205209732055664,40.43486785888672,0.0,0.017319385247573326,-39.60116958618164,4
5JMO,2,15.582883834838867,11.91424560546875,51.8609504699707,0.0,0.013921269193036495,-33.9951286315918,1
5JMO,3,14.03639030456543,14.19112777709961,41.718021392822266,0.0,0.016969309986434967,-42.29682922363281,4
5JMO,4,9.863866806030273,13.422351837158203,58.145442962646484,0.0,0.011085950861881409,-35.69812774658203,2
5JMO,5,13.68231201171875,17.483089447021484,39.983482360839844,0.0,0.016848930242863058,-42.08434295654297,2
5JMO,6,11.306037902832031,10.02346134185791,28.477907180786133,0.0,0.03456841272361862,-41.71778106689453,1
5JMO,7,10.382222175598145,12.077225685119629,23.90706443786621,0.0,0.04247205476853453,-48.825862884521484,3
5JMO,8,12.29699420928955,10.999171257019043,27.93044090270996,0.0,0.03434099306839981,-41.44130325317383,9
5JMO,9,9.782072067260742,8.914342880249023,28.038911819458008,0.0,0.03723325827895963,-51.07106018066406,1
5JMO,10,13.033259391784668,16.472957611083984,32.38515090942383,0.0,0.02422401895796975,-42.17523956298828,1
5JMO,11,12.72451114654541,13.28946304321289,25.773218154907227,0.0,0.03689254404616635,-44.661476135253906,4
5JMO,12,8.802470207214355,11.78963565826416,38.41831970214844,0.0,0.02086542872470838,-48.5953254699707,0
5JMO,13,13.633272171020508,15.595671653747559,41.530799865722656,0.0,0.01645683989923027,-46.39866638183594,0
5JMO,14,9.966972351074219,9.771224021911621,27.760372161865234,0.0,0.03624684563123309,-47.822052001953125,0
1GPW,0,5.584918022155762,5.9482245445251465,10.7603178024292,0.0,0.1480095521871386,-43.14029312133789,4
1GPW,1,5.291257858276367,5.5285868644714355,10.832165718078613,0.0,0.14988651630160227,-41.490657806396484,4
1GPW,2,11.580860137939453,10.58764934539795,20.471357345581055,0.0,0.055575873883921136,-50.36638259887695,0
1GPW,3,3.911236524581909,3.792037010192871,7.809667110443115,0.0,0.22585075772609423,-47.27458572387695,1
1GPW,4,6.42600679397583,6.615427494049072,12.570660591125488,0.0,0.12088611298946739,-48.5954475402832,0
1GPW,5,18.15130043029785,18.45009994506836,63.18428039550781,0.0,0.008114066154306048,-40.83979034423828,7
1GPW,6,10.04244613647461,11.229246139526367,30.625158309936523,0.0,0.0296849165996734,-45.131534576416016,1
1GPW,7,10.74370002746582,9.969096183776855,20.027938842773438,0.0,0.05825602127836435,-48.0968017578125,1
1GPW,8,6.866877555847168,7.465914726257324,12.676025390625,0.0,0.11632557948125033,-57.56299591064453,0
1GPW,9,5.401233196258545,5.6605095863342285,10.156083106994629,0.0,0.15917971252826071,-43.99283218383789,2
1GPW,10,17.01422691345215,16.512304306030273,61.00188446044922,0.0,0.00907681569179384,-42.72532272338867,1
1GPW,11,19.675457000732422,19.310056686401367,62.922119140625,0.0,0.007973190112137875,-43.97679138183594,1
1GPW,12,8.95055103302002,8.356281280517578,16.88315773010254,0.0,0.07781084622247043,-47.510677337646484,1
1GPW,13,5.197372913360596,4.922911167144775,10.31505012512207,0.0,0.1631250136104281,-43.17621612548828,4
1GPW,14,10.315957069396973,10.06895637512207,19.142059326171875,0.0,0.06213800982641243,-51.38063430786133,0
2C0L,0,10.696979522705078,10.80767822265625,21.72849464416504,0.0,0.05053969662343576,-44.527366638183594,0
2C0L,1,9.977649688720703,10.479460716247559,23.05023193359375,0.0,0.04659422502160717,-44.758995056152344,0
2C0L,2,7.19002628326416,6.7749528884887695,15.600844383239746,0.0,0.09187721595703213,-36.164554595947266,3
2C0L,3,14.14879035949707,13.282439231872559,39.98316192626953,0.0,0.018610969949929015,-36.7426872253418,2
2C0L,4,11.108931541442871,10.83012866973877,22.18773078918457,0.0,0.04893365496526364,-39.255035400390625,2
2C0L,5,11.221656799316406,10.356474876403809,22.577451705932617,0.0,0.04822981860636532,-43.85019302368164,1
2C0L,6,15.91455078125,17.661090850830078,41.82863235473633,0.0,0.015606200637819175,-35.30915832519531,1
2C0L,7,11.163570404052734,11.078543663024902,22.61107063293457,0.0,0.047273939830224515,-43.30255889892578,0
2C0L,8,11.771610260009766,10.22054672241211,22.984445571899414,0.0,0.04713157043103291,-44.20036315917969,0
2C0L,9,11.35178279876709,10.467126846313477,22.419837951660156,0.0,0.0485991697701895,-46.4964599609375,0
2C0L,10,10.561434745788574,10.379955291748047,21.243669509887695,0.0,0.05281922176160909,-38.33562469482422,5
2C0L,11,8.027384757995605,6.8942461013793945,19.690431594848633,0.0,0.06742537422030498,-33.74143981933594,9
2C0L,12,11.950214385986328,10.606703758239746,23.462148666381836,0.0,0.045210091733310136,-48.349098205566406,0
2C0L,13,11.039363861083984,10.213603019714355,22.226320266723633,0.0,0.04956835415520147,-41.840511322021484,1
2C0L,14,11.450185775756836,10.434698104858398,22.646005630493164,0.0,0.04791032316165645,-45.4017333984375,0
1NW9,0,11.79448413848877,12.269989013671875,36.84296417236328,0.0,0.021753860124872012,-37.81028366088867,4
1NW9,1,17.164011001586914,21.45524024963379,51.33492660522461,0.0,0.010516314033565606,-36.5852165222168,6
1NW9,2,11.38735580444336,13.48767375946045,28.33216667175293,0.074074,0.05628873188794111,-49.35419845581055,1
1NW9,3,16.34963035583496,20.592632293701172,51.19807434082031,0.0,0.010700599808276165,-39.66207504272461,1
1NW9,4,7.778799057006836,7.891429424285889,21.022754669189453,0.259259,0.14487907378873213,-45.44227981567383,4
1NW9,5,14.720338821411133,15.465343475341797,38.60831832885742,0.0,0.018516390433172766,-46.841922760009766,0
1NW9,6,11.510937690734863,12.041178703308105,28.867441177368164,0.0,0.031688123869651835,-42.66136932373047,0
1NW9,7,12.667304039001465,15.03205680847168,31.461528778076172,0.259259,0.11238175134781088,-45.17146301269531,3
1NW9,8,10.365767478942871,11.108930587768555,25.40083122253418,0.148148,0.088919088376061,-43.95520782470703,4
1NW9,9,11.959507942199707,13.337176322937012,31.24919891357422,0.111111,0.06416422690502198,-46.52305603027344,2
1NW9,10,16.6630802154541,18.1486873626709,51.785369873046875,0.0,0.011006528488957239,-45.205604553222656,0
1NW9,11,11.259092330932617,12.627337455749512,29.011232376098633,0.185185,0.09271877920545152,-43.52267837524414,0
1NW9,12,14.21534252166748,17.173280715942383,43.70022964477539,0.0,0.01467506528003995,-49.08134078979492,0
1NW9,13,18.496339797973633,22.03075408935547,53.49142837524414,0.0,0.009747661789490063,-36.00471878051758,3
1NW9,14,17.937206268310547,22.656049728393555,51.96817398071289,0.0,0.010139889228397014,-36.73154067993164,7
1WQ1,0,12.738656997680664,11.118634223937988,22.25717544555664,0.0,0.04838607169206365,-41.82231521606445,2
1WQ1,1,12.591843605041504,11.046060562133789,22.006837844848633,0.0,0.04930793787160448,-42.244415283203125,5
1WQ1,2,11.184174537658691,10.038208961486816,22.01156997680664,0.0,0.05053672963102163,-40.8276252746582,20
1WQ1,3,4.289317607879639,4.220591068267822,7.900059223175049,0.166667,0.27178143251051184,-41.811824798583984,3
1WQ1,4,9.214069366455078,7.928874969482422,16.981651306152344,0.0,0.07829965186048049,-44.69639205932617,7
1WQ1,5,3.8191375732421875,3.6879026889801025,7.2152581214904785,0.333333,0.3521639106552552,-42.19465637207031,8
1WQ1,6,21.768375396728516,17.469161987304688,54.059146881103516,0.0,0.010481788994254454,-31.249170303344727,14
1WQ1,7,11.575642585754395,10.048761367797852,20.446182250976562,0.0,0.05638544885797112,-45.34391403198242,3
1WQ1,8,12.351011276245117,10.808290481567383,21.669673919677734,0.0,0.05074742601066807,-43.37773895263672,3
1WQ1,9,5.987572193145752,5.1597723960876465,11.224233627319336,0.0,0.14746537256136275,-41.5617561340332,7
1WQ1,10,5.501707553863525,5.069530010223389,10.074349403381348,0.0,0.16544858574281665,-46.14348220825195,3
1WQ1,11,9.135293960571289,8.193585395812988,16.416336059570312,0.0,0.08128070066333389,-47.36775207519531,4
1WQ1,12,4.779746055603027,4.598362922668457,8.589722633361816,0.0,0.1969748960467208,-44.45384216308594,6
1WQ1,13,12.789267539978027,11.222232818603516,22.290058135986328,0.0,0.0481692847446774,-43.3214111328125,2
1WQ1,14,14.021469116210938,12.658699989318848,24.1889591217041,0.0,0.04125227437891138,-43.59164047241211,4
1ATN,0,21.074260711669922,23.100296020507812,58.42098617553711,0.0,0.008309633938117815,-47.439064025878906,1
1ATN,1,19.65997314453125,11.696226119995117,44.6851806640625,0.0,0.01703367440501106,-48.91535186767578,1
1ATN,2,17.60456657409668,15.12097454071045,29.499393463134766,0.0,0.028801824138959,-48.1011962890625,6
1ATN,3,17.47824478149414,18.586027145385742,36.99215316772461,0.0,0.018873857559248426,-51.89029312133789,1
1ATN,4,19.485931396484375,16.363494873046875,35.86592483520508,0.0,0.020504025374455125,-46.502681732177734,8
1ATN,5,18.433399200439453,21.69927215576172,44.90436935424805,0.0,0.013115821132358535,-45.69045639038086,6
1ATN,6,28.084733963012695,31.986804962158203,85.4225845336914,0.0,0.003999494586013262,-45.501502990722656,2
1ATN,7,17.7866268157959,18.87828826904297,35.056880950927734,0.0,0.02059929466591943,-45.562870025634766,8
1ATN,8,16.890647888183594,17.109113693237305,32.225345611572266,0.0,0.024225191864311105,-46.06973648071289,9
1ATN,9,26.056888580322266,28.34898567199707,80.12478637695312,0.0,0.004640181010967148,-44.14461135864258,0
1ATN,10,17.68630599975586,14.406449317932129,29.354534149169922,0.0,0.029361751631506755,-47.41221618652344,3
1ATN,11,18.707489013671875,19.30565071105957,34.17272186279297,0.0,0.02142187593406314,-45.88226318359375,4
1ATN,12,29.21672821044922,30.904874801635742,84.39555358886719,0.0,0.004130700563436646,-45.02841567993164,2
1ATN,13,17.80359649658203,17.406291961669922,30.298891067504883,0.0,0.026777069347499922,-49.63489532470703,4
1ATN,14,14.046873092651367,13.196102142333984,26.914060592651367,0.0,0.03448403461839845,-46.380279541015625,7
5C7X,0,21.103416442871094,21.24729347229004,61.75623321533203,0.0,0.007850413556129155,-39.29825973510742,0
5C7X,1,8.016016960144043,10.308368682861328,20.22992515563965,0.0,0.05692896870282097,-28.370834350585938,4
5C7X,2,8.376762390136719,10.20948314666748,20.2244815826416,0.176471,0.11590721485644889,-42.487953186035156,0
5C7X,3,9.30165958404541,11.07475757598877,21.817686080932617,0.0,0.04993152467980703,-43.10942077636719,0
5C7X,4,4.5566582679748535,5.9753289222717285,10.83393669128418,0.0,0.14676607390658392,-34.06056213378906,4
5C7X,5,11.810606002807617,8.463590621948242,33.74922561645508,0.0,0.030034145074679858,-32.97929382324219,3
5C7X,6,4.89492654800415,6.456003189086914,11.448708534240723,0.0,0.13552130933401874,-34.709861755371094,2
5C7X,7,13.191644668579102,13.629819869995117,36.32254409790039,0.0,0.021295396826126387,-33.9544677734375,2
5C7X,8,9.834746360778809,11.95541763305664,22.338729858398438,0.0,0.04732354606686776,-37.208717346191406,0
5C7X,9,19.782344818115234,19.248939514160156,57.876197814941406,0.0,0.009049946997202553,-33.74592590332031,1
5C7X,10,8.197872161865234,9.869256019592285,21.076129913330078,0.0,0.054158340081073696,-31.025318145751953,6
5C7X,11,10.641695976257324,13.788877487182617,23.709692001342773,0.0,0.04186087985519479,-30.795299530029297,7
5C7X,12,6.665640830993652,8.795825958251953,17.014955520629883,0.0,0.0759930703032584,-33.1858024597168,3
5C7X,13,20.277332305908203,19.313030242919922,57.57158660888672,0.0,0.009109775672757748,-31.28223419189453,4
5C7X,14,5.387829780578613,6.4649176597595215,13.19866943359375,0.176471,0.17357068240705087,-31.963109970092773,4
1E4K,0,17.345840454101562,18.697519302368164,44.68352127075195,0.0,0.01377243862323344,-37.62766647338867,1
1E4K,1,15.019021034240723,12.698922157287598,32.03942108154297,0.0,0.026505160186093668,-41.161643981933594,0
1E4K,2,14.26990032196045,18.46988296508789,43.95470428466797,0.0,0.014200163598068367,-30.75170135498047,0
1E4K,3,27.517621994018555,31.61479949951172,76.36479187011719,0.0,0.004827964961144632,-21.83754539489746,0
1E4K,4,24.569862365722656,26.181819915771484,70.59700775146484,0.0,0.005853672921631761,-30.004188537597656,1
1E4K,5,23.570234298706055,19.90958023071289,55.67982864379883,0.0,0.00947268542451765,-39.83717346191406,0
1E4K,6,19.54217529296875,26.41123390197754,53.5032844543457,0.0,0.009277710122676319,-32.816951751708984,0
1E4K,7,14.69252872467041,14.425890922546387,28.75880241394043,0.0,0.030344909700810427,-41.66663360595703,0
1E4K,8,10.032998085021973,6.0835418701171875,27.028749465942383,0.0,0.04910271169660499,-39.26333999633789,2
1E4K,9,32.40167236328125,24.07636070251465,83.15760040283203,0.0,0.004735496626532319,-27.411516189575195,0
1E4K,10,24.350255966186523,32.919960021972656,66.54766845703125,0.0,0.006041474854460706,-26.72773551940918,1
1E4K,11,32.83587646484375,29.440563201904297,85.96604919433594,0.0,0.004090349777727688,-16.2623348236084,0
1E4K,12,24.18820571899414,29.500532150268555,63.35920333862305,0.0,0.006752756777148601,-40.17601776123047,0
1E4K,13,25.62224006652832,27.42013168334961,67.91746520996094,0.0,0.006135029279177421,-32.588775634765625,0
1E4K,14,21.59737777709961,26.034225463867188,58.850894927978516,0.0,0.007914409102744045,-34.61030578613281,0
2OT3,0,5.337172508239746,5.169792175292969,12.915078163146973,0.0,0.12662914596726002,-41.68480682373047,5
2OT3,1,10.635520935058594,9.32267951965332,20.91327667236328,0.0,0.05566950605695512,-40.9646110534668,5
2OT3,2,8.495050430297852,8.112752914428711,19.448040008544922,0.1,0.09781386421550488,-46.3818359375,2
2OT3,3,5.511139392852783,5.779921054840088,12.675710678100586,0.0,0.1244292811451736,-39.88076400756836,5
2OT3,4,22.24550437927246,17.192543029785156,58.09223175048828,0.0,0.009505023326244819,-34.93718338012695,1
2OT3,5,17.785602569580078,16.514724731445312,55.6037712097168,0.0,0.01033901258469092,-33.51974868774414,1
2OT3,6,17.173189163208008,16.882448196411133,51.06002426147461,0.0,0.01159922199747427,-33.80141830444336,3
2OT3,7,14.47223949432373,14.211811065673828,34.33238220214844,0.0,0.02292425305252374,-36.54502487182617,2
2OT3,8,13.111655235290527,11.948872566223145,23.962890625,0.0,0.04242509275789006,-44.18358612060547,4
2OT3,9,18.91573715209961,16.814720153808594,56.695091247558594,0.0,0.009959491094906391,-31.635068893432617,5
2OT3,10,19.04134178161621,17.356891632080078,59.48640823364258,0.0,0.009140727052196948,-35.038204193115234,1
2OT3,11,24.964387893676758,22.136791229248047,60.4001350402832,0.0,0.007996772405416177,-33.637115478515625,1
2OT3,12,18.75179100036621,17.587188720703125,58.188209533691406,0.0,0.009371536707036698,-37.96479797363281,0
2OT3,13,20.273357391357422,20.74068260192871,57.572628021240234,0.0,0.008845220935632933,-31.660558700561523,4
2OT3,14,23.34355354309082,19.809711456298828,64.35830688476562,0.0,0.0076150483100490855,-28.338361740112305,3
1R6Q,0,9.65994930267334,9.934743881225586,29.533161163330078,0.0,0.03292912867380806,-42.5918083190918,0
1R6Q,1,13.587179183959961,14.836833953857422,45.228981018066406,0.0,0.014743849916459287,-46.39210510253906,0
1R6Q,2,9.176066398620605,10.395380020141602,19.401472091674805,0.0,0.060476287978028426,-51.24629211425781,0
1R6Q,3,15.448521614074707,20.074569702148438,30.7141170501709,0.0,0.025564003756867296,-45.73143768310547,0
1R6Q,4,10.884989738464355,11.534777641296387,27.894935607910156,0.0,0.03386395021089419,-46.959266662597656,0
1R6Q,5,9.938467025756836,11.112149238586426,20.798309326171875,0.0,0.05367197453349837,-49.695159912109375,0
1R6Q,6,8.961931228637695,9.74614429473877,20.522863388061523,0.0,0.05652030752868947,-49.74015808105469,0
1R6Q,7,15.692025184631348,19.209333419799805,34.7884407043457,0.0,0.020798848535732602,-38.77411651611328,0
1R6Q,8,16.368961334228516,17.6368465423584,50.641700744628906,0.0,0.01152724321769242,-34.59994125366211,1
1R6Q,9,13.476120948791504,14.867048263549805,45.54576873779297,0.0,0.014577966381042673,-45.029998779296875,0
1R6Q,10,10.682769775390625,11.462904930114746,25.64141845703125,0.0,0.038614716645786536,-45.10240936279297,0
1R6Q,11,16.062070846557617,20.446842193603516,34.42294692993164,0.0,0.020940830175527687,-41.63108825683594,0
1R6Q,12,13.476061820983887,14.550625801086426,46.7828369140625,0.0,0.014157329006718325,-43.03960037231445,0
1R6Q,13,16.566011428833008,15.638080596923828,56.02505111694336,0.0,0.010539031150514737,-31.927608489990234,1
1R6Q,14,10.589883804321289,11.488970756530762,24.562789916992188,0.0,0.0412350868741908,-45.08958053588867,0
1Y64,0,39.03225326538086,37.781455993652344,81.34654998779297,0.0,0.0041247532223063505,-13.467032432556152,4
1Y64,1,21.314464569091797,18.14545440673828,35.6545295715332,0.0,0.020188268125190263,-31.534568786621094,3
1Y64,2,19.840253829956055,17.487144470214844,33.800804138183594,0.0,0.02226051288619504,-30.063175201416016,13
1Y64,3,10.741265296936035,8.73488712310791,19.62615966796875,0.0,0.06219678521606536,-26.170406341552734,8
1Y64,4,18.558507919311523,18.636995315551758,29.86481285095215,0.0,0.02712402667416154,-27.18771743774414,9
1Y64,5,37.170196533203125,40.75227355957031,75.26152801513672,0.0,0.004649220531667345,-15.919708251953125,7
1Y64,6,19.44135284423828,17.174583435058594,32.54877471923828,0.0,0.02380459652226885,-28.324365615844727,21
1Y64,7,29.909549713134766,22.96038246154785,56.226741790771484,0.0,0.00886423722469376,-6.9641947746276855,7
1Y64,8,38.66191482543945,39.049625396728516,82.63739776611328,0.0,0.003980856056662123,-25.195932388305664,1
1Y64,9,21.010854721069336,18.943836212158203,35.22893142700195,0.0,0.020414521477178017,-18.024656295776367,7
1Y64,10,39.342254638671875,39.26598358154297,83.30081176757812,0.0,0.0039206734306832525,-12.060572624206543,12
1Y64,11,20.722126007080078,18.18445587158203,34.62677764892578,0.0,0.02119716716426681,-38.924625396728516,3
1Y64,12,37.44790267944336,36.94163131713867,81.127197265625,0.0,0.004168119479596614,-16.094402313232422,5
1Y64,13,18.659555435180664,17.1968936920166,30.138158798217773,0.0,0.027077750681202387,-27.360149383544922,11
1Y64,14,21.553203582763672,17.489151000976562,35.8932991027832,0.0,0.020134911910019638,-30.843679428100586,4
3AAD,0,23.040569305419922,18.818998336791992,66.0601806640625,0.0,0.007533172921694284,-37.285030364990234,0
3AAD,1,21.42719078063965,18.09261131286621,65.78152465820312,0.0,0.007749694573708218,-31.13803482055664,0
3AAD,2,16.422204971313477,15.804117202758789,36.928466796875,0.0,0.019747524144230758,-22.964740753173828,0
3AAD,3,23.004552841186523,18.21299171447754,47.32749938964844,0.0,0.012661783345613646,-38.98423767089844,0
3AAD,4,19.545408248901367,20.409530639648438,58.66513442993164,0.0,0.008644670173202565,-39.421199798583984,0
3AAD,5,21.306739807128906,17.33089256286621,65.79280090332031,0.0,0.00795075139458429,-37.43366622924805,0
3AAD,6,20.571565628051758,15.918193817138672,62.898292541503906,0.0,0.008912145564590702,-36.307865142822266,0
3AAD,7,23.11126708984375,19.79595375061035,70.35856628417969,0.0,0.006697940912964519,-32.582645416259766,0
3AAD,8,21.23242950439453,18.60455894470215,64.4625244140625,0.0,0.007849425248456695,-32.168739318847656,0
3AAD,9,20.77748680114746,19.008071899414062,60.09182357788086,0.0,0.008601512465706255,-32.96664047241211,0
3AAD,10,19.356185913085938,18.3250675201416,46.605709075927734,0.0,0.012949240799045712,-33.616432189941406,0
3AAD,11,18.513057708740234,18.170429229736328,53.16861343383789,0.0,0.010563247632788222,-38.23331069946289,0
3AAD,12,21.242565155029297,16.064651489257812,63.78089141845703,0.0,0.00869791199538389,-35.39707946777344,0
3AAD,13,22.16987419128418,19.373313903808594,67.8379898071289,0.0,0.007138708391149042,-26.43392562866211,0
3AAD,14,22.09458351135254,18.665382385253906,67.21886444091797,0.0,0.007385104666483342,-24.99462127685547,3
1F34,0,17.786441802978516,15.949997901916504,45.529380798339844,0.108696,0.05038098780291828,-36.26911544799805,2
1F34,1,20.233552932739258,18.308086395263672,54.42911148071289,0.0,0.01015842397361732,-35.828033447265625,4
1F34,2,18.790517807006836,17.053382873535156,44.020530700683594,0.0,0.014540551563129276,-54.19865036010742,0
1F34,3,17.22968864440918,16.51386260986328,47.26742172241211,0.0,0.013169383501230232,-49.07931900024414,0
1F34,4,18.26205062866211,16.511245727539062,44.95566940307617,0.0,0.014233718291884587,-54.410579681396484,0
1F34,5,15.954282760620117,15.683248519897461,43.71768569946289,0.0,0.015163505011220421,-46.257633209228516,0
1F34,6,18.0217342376709,16.525440216064453,43.72227096557617,0.0,0.014863371690740932,-47.76304626464844,0
1F34,7,19.794607162475586,17.646446228027344,47.6237907409668,0.0,0.012682034209388125,-52.270225524902344,0
1F34,8,14.375081062316895,14.278573989868164,44.64974594116211,0.0,0.01529635519526161,-49.924598693847656,0
1F34,9,19.087440490722656,17.51163673400879,44.65279006958008,0.0,0.014084211605496008,-49.09174346923828,0
1F34,10,18.392520904541016,16.631025314331055,44.25240707397461,0.0,0.014550345343828888,-54.42725372314453,0
1F34,11,20.326520919799805,18.728191375732422,49.951332092285156,0.0,0.01150516452341632,-46.31517028808594,0
1F34,12,17.183361053466797,16.83763313293457,47.836307525634766,0.0,0.012826989159454226,-52.967342376708984,0
1F34,13,15.605365753173828,15.33151626586914,43.128910064697266,0.0,0.015623701471771367,-48.4528694152832,0
1F34,14,18.663251876831055,17.297109603881836,43.73662185668945,0.0,0.014619850523228178,-50.59828186035156,0
1MAH,0,8.675662994384766,11.15524673461914,32.04569625854492,0.0,0.027830323396901252,-56.39391326904297,0
1MAH,1,7.750357627868652,12.684305191040039,24.822168350219727,0.0,0.03958224460078535,-36.864952087402344,26
1MAH,2,6.403964996337891,11.588132858276367,21.16419219970703,0.0,0.051791800665807096,-45.938873291015625,5
1MAH,3,6.159421920776367,11.83454418182373,20.45018768310547,0.0,0.05437386179127785,-44.86865234375,2
1MAH,4,3.1085007190704346,5.467872142791748,10.795502662658691,0.0,0.1508947126607134,-46.79200744628906,0
1MAH,5,5.638427257537842,11.155590057373047,17.73972511291504,0.0,0.06815884915220972,-44.07731246948242,1
1MAH,6,7.184188365936279,13.080732345581055,23.114748001098633,0.0,0.044032357702275614,-35.3915901184082,19
1MAH,7,6.030918121337891,11.528559684753418,19.09935188293457,0.0,0.06065523238813361,-39.37001037597656,12
1MAH,8,1.7331154346466064,3.0282816886901855,5.826448440551758,0.166667,0.3480058236430302,-45.22060012817383,1
1MAH,9,4.734303951263428,7.7018208503723145,16.692626953125,0.0,0.08081589661744143,-47.55571746826172,2
1MAH,10,5.0339131355285645,9.778076171875,15.986021995544434,0.0,0.08113289470554683,-47.462947845458984,1
1MAH,11,1.7366052865982056,3.1689560413360596,5.950825214385986,0.166667,0.3402627992968201,-41.55129623413086,4
1MAH,12,5.420547008514404,10.589194297790527,17.377355575561523,0.0,0.07091268622978691,-47.6028938293457,6
1MAH,13,3.0744035243988037,5.6777424812316895,9.704389572143555,0.166667,0.222012818664754,-47.10746765136719,1
1MAH,14,1.2922347784042358,2.462224245071411,4.545901298522949,0.222222,0.4234959049222726,-42.101715087890625,4
4DW2,0,14.437100410461426,13.05451774597168,29.278974533081055,0.0,0.03025328928548074,-42.444454193115234,10
4DW2,1,10.117755889892578,9.812609672546387,19.867969512939453,0.0,0.059183159774375466,-43.523719787597656,16
4DW2,2,12.84540843963623,11.405652046203613,23.109548568725586,0.0,0.04538899693162212,-46.25155258178711,6
4DW2,3,13.853036880493164,13.652910232543945,28.422903060913086,0.0,0.031339534603252846,-46.582035064697266,3
4DW2,4,15.913511276245117,10.074819564819336,40.35952377319336,0.0,0.021385940446728657,-43.07048797607422,7
4DW2,5,10.661306381225586,8.207279205322266,20.765470504760742,0.0,0.058610543344337636,-41.679744720458984,4
4DW2,6,22.507951736450195,16.59128761291504,51.7322883605957,0.0,0.011464919969430401,-42.44520568847656,47
4DW2,7,21.84966278076172,13.899271011352539,50.607173919677734,0.0,0.012983060271450714,-45.776817321777344,2
4DW2,8,10.9925537109375,9.283267974853516,20.14435386657715,0.111111,0.0958971749095684,-43.58834457397461,8
4DW2,9,10.556307792663574,9.197297096252441,21.555789947509766,0.0,0.053492645641174334,-46.16854476928711,0
4DW2,10,21.78288459777832,13.518534660339355,50.30556106567383,0.0,0.013306539260820363,-45.61608123779297,4
4DW2,11,22.749780654907227,14.115968704223633,52.28548812866211,0.0,0.012304619734942934,-45.05168914794922,6
4DW2,12,14.13577938079834,12.793879508972168,26.627735137939453,0.0,0.03534512222054979,-43.076351165771484,10
4DW2,13,14.179337501525879,13.064970970153809,28.061542510986328,0.0,0.032350319964648384,-45.53727340698242,6
4DW2,14,14.160974502563477,12.595565795898438,27.03053092956543,0.0,0.03465677827101078,-43.165321350097656,15
1S1Q,0,13.65782356262207,14.568723678588867,36.7982177734375,0.0,0.02038102515977027,-37.62533950805664,2
1S1Q,1,18.71505355834961,20.73548698425293,61.33928680419922,0.0,0.008015540335028387,-35.354209899902344,0
1S1Q,2,12.532800674438477,13.315454483032227,36.22957229614258,0.0,0.021567877513979854,-47.046485900878906,0
1S1Q,3,14.063191413879395,15.512989044189453,37.79277801513672,0.0,0.01913738854721254,-45.14552307128906,0
1S1Q,4,14.492822647094727,16.42087173461914,38.359336853027344,0.0,0.018359576551336344,-39.0092658996582,2
1S1Q,5,13.856161117553711,15.8833646774292,37.672786712646484,0.0,0.019093768884223577,-47.83938217163086,0
1S1Q,6,12.591588973999023,14.233468055725098,32.22665023803711,0.0,0.025342299783047664,-45.40900421142578,0
1S1Q,7,15.561823844909668,16.76394271850586,52.580501556396484,0.0,0.011136695755987141,-38.51004409790039,0
1S1Q,8,14.172545433044434,16.467376708984375,37.8504524230957,0.0,0.018746194010460487,-45.90407943725586,0
1S1Q,9,13.405954360961914,14.101035118103027,37.52058029174805,0.0,0.02000172763714997,-39.353153228759766,1
1S1Q,10,10.414868354797363,10.020575523376465,35.115631103515625,0.0,0.02575513826381626,-49.34341049194336,0
1S1Q,11,14.324723243713379,16.4404296875,38.954952239990234,0.0,0.017901156486739817,-46.07413864135742,0
1S1Q,12,18.627307891845703,19.173917770385742,56.46779251098633,0.0,0.009413208261491801,-44.44569396972656,0
1S1Q,13,11.851850509643555,13.013081550598145,38.14122009277344,0.0,0.020142514656665386,-39.612648010253906,0
1S1Q,14,17.431177139282227,17.906478881835938,52.16478729248047,0.0,0.010944224389838676,-45.89207077026367,0
1GLA,0,15.068577766418457,9.44804859161377,47.4203987121582,0.0,0.018571846086170494,-40.733489990234375,3
1GLA,1,18.346853256225586,13.1424560546875,49.55589294433594,0.0,0.01381284479092891,-37.327030181884766,8
1GLA,2,17.67935562133789,13.126773834228516,52.67586135864258,0.0,0.012755670623799372,-43.864112854003906,2
1GLA,3,26.92476463317871,21.328536987304688,78.47378540039062,0.0,0.005506040785710829,-36.092140197753906,0
1GLA,4,29.886205673217773,18.00933074951172,73.87676239013672,0.0,0.006651498160646627,-26.745996475219727,45
1GLA,5,28.129308700561523,21.66347312927246,80.21688079833984,0.0,0.005291622467135871,-37.706687927246094,1
1GLA,6,27.409255981445312,21.440479278564453,79.38565826416016,0.0,0.005401746120669033,-43.97527313232422,0
1GLA,7,17.9697208404541,11.40673542022705,55.6496467590332,0.0,0.013265553819883721,-39.62760543823242,4
1GLA,8,16.250473022460938,13.409337043762207,54.31565475463867,0.0,0.012087688693514306,-42.14502716064453,2
1GLA,9,18.045719146728516,12.395933151245117,49.3573112487793,0.0,0.014411589561670908,-37.04100799560547,4
1GLA,10,17.115530014038086,11.258193969726562,52.80677032470703,0.0,0.014232468224809372,-45.47715759277344,0
1GLA,11,16.648595809936523,12.876714706420898,54.621055603027344,0.0,0.01234411824084417,-47.71763610839844,0
1GLA,12,28.682802200317383,21.819543838500977,79.6932601928711,0.0,0.005317305015693521,-52.50142288208008,0
1GLA,13,26.205249786376953,21.315595626831055,78.0181884765625,0.0,0.005552770068070297,-38.755104064941406,3
1GLA,14,15.630374908447266,9.779203414916992,42.90107345581055,0.0,0.020253155968225446,-34.237491607666016,6
1KLU,0,18.118797302246094,12.501096725463867,41.24495315551758,0.0,0.018311388692263137,-31.098234176635742,2
1KLU,1,29.217885971069336,18.006668090820312,75.08692169189453,0.0,0.0065146881881316095,-49.26231002807617,0
1KLU,2,30.001384735107422,20.762298583984375,77.92842102050781,0.0,0.005649929179594949,-48.38791275024414,0
1KLU,3,24.20084571838379,23.85852813720703,75.14093017578125,0.0,0.005523927446842876,-46.33420181274414,0
1KLU,4,26.660255432128906,18.003562927246094,79.3331298828125,0.0,0.0060810683732185076,-41.01173782348633,5
1KLU,5,25.641464233398438,20.99785614013672,73.95327758789062,0.0,0.0060385141516463335,-36.77875518798828,5
1KLU,6,8.536921501159668,6.620486259460449,28.27507972717285,0.0,0.04390279711429703,-30.201671600341797,3
1KLU,7,16.194091796875,12.884965896606445,36.571720123291016,0.0,0.021540580104972968,-29.588308334350586,4
1KLU,8,29.92073631286621,18.486013412475586,72.19121551513672,0.0,0.0067382806557867705,-42.45447540283203,3
1KLU,9,19.383502960205078,16.268310546875,42.365150451660156,0.0,0.015709053265926656,-34.39442443847656,1
1KLU,10,19.67073631286621,15.043318748474121,41.62270736694336,0.0,0.016626323610106717,-41.509342193603516,1
1KLU,11,18.721782684326172,16.657976150512695,48.255611419677734,0.0,0.012712231193472116,-35.096656799316406,8
1KLU,12,22.09200668334961,23.247417449951172,68.27326202392578,0.0,0.006469859888776565,-30.702180862426758,0
1KLU,13,9.000910758972168,9.410527229309082,26.253894805908203,0.0,0.03988465284532857,-39.907405853271484,1
1KLU,14,30.207490921020508,17.42576026916504,75.30744934082031,0.0,0.006644898226671674,-51.65766525268555,0
6AL0,0,18.75151824951172,10.108534812927246,36.747047424316406,0.0,0.024110824594008092,-26.652013778686523,4
6AL0,1,18.29326057434082,15.14742374420166,39.42513656616211,0.0,0.018043034928574588,-24.92710304260254,4
6AL0,2,11.499030113220215,10.289194107055664,23.999183654785156,0.0,0.04409044693684173,-23.589324951171875,6
6AL0,3,21.705821990966797,13.847537994384766,45.868526458740234,0.0,0.014932728516342532,-20.851341247558594,49
6AL0,4,20.213132858276367,11.785801887512207,48.59881591796875,0.0,0.015207466954542762,-18.83551597595215,66
6AL0,5,9.353371620178223,8.228983879089355,20.556987762451172,0.0,0.05938842042800155,-27.193464279174805,8
6AL0,6,13.940781593322754,10.253827095031738,28.56121826171875,0.0,0.034104906308203724,-27.093996047973633,2
6AL0,7,20.52665901184082,10.46267032623291,41.77564239501953,0.0,0.019964499203809452,-19.056243896484375,61
6AL0,8,9.904767036437988,5.695847511291504,23.337196350097656,0.05,0.07732594208468067,-24.430789947509766,9
6AL0,9,17.799274444580078,9.56290340423584,38.17455291748047,0.0,0.023749751848143718,-23.43974494934082,5
6AL0,10,11.565635681152344,9.892606735229492,27.879640579223633,0.0,0.03584068149398809,-23.65273094177246,8
6AL0,11,10.752983093261719,8.257292747497559,23.258607864379883,0.0,0.049922455254225784,-22.486860275268555,11
6AL0,12,18.672876358032227,12.628246307373047,38.37368392944336,0.0,0.020227611517451262,-23.987293243408203,6
6AL0,13,11.960023880004883,10.193239212036133,25.912235260009766,0.0,0.03944872534396041,-22.148054122924805,14
6AL0,14,18.009323120117188,10.08504867553711,36.67854309082031,0.0,0.024203658199867892,-24.03927230834961,5
1KAC,0,16.432579040527344,17.795331954956055,37.7147216796875,0.0,0.01846468148409736,-52.728271484375,0
1KAC,1,12.721137046813965,15.097237586975098,30.538169860839844,0.0,0.027225942250360572,-52.68358612060547,0
1KAC,2,15.313085556030273,17.402435302734375,33.134586334228516,0.0,0.02303964535535215,-55.73371124267578,0
1KAC,3,13.31993293762207,11.54090404510498,43.59303283691406,0.0,0.017746320001677574,-45.48588943481445,3
1KAC,4,9.242776870727539,9.139883041381836,22.71693992614746,0.0,0.04967904858753824,-53.959346771240234,0
1KAC,5,8.499979972839355,8.809191703796387,27.634136199951172,0.0,0.03820380952921583,-58.44580841064453,0
1KAC,6,10.929666519165039,10.573535919189453,34.18967056274414,0.0,0.02597960508386365,-49.424991607666016,0
1KAC,7,16.23548698425293,13.659676551818848,44.96394348144531,0.0,0.015472764421431298,-57.626708984375,0
1KAC,8,12.254805564880371,11.31308650970459,41.14243698120117,0.0,0.019404113314732536,-45.20991516113281,2
1KAC,9,15.821060180664062,15.156609535217285,27.761398315429688,0.0,0.031803597708710836,-53.15580749511719,0
1KAC,10,15.135580062866211,12.783878326416016,45.2722282409668,0.0,0.01587715960176161,-58.76022720336914,0
1KAC,11,6.329104900360107,5.446566581726074,23.57831573486328,0.0,0.06183769988564589,-57.703460693359375,0
1KAC,12,10.849933624267578,10.680927276611328,38.962677001953125,0.0,0.021590564189347686,-54.316986083984375,0
1KAC,13,8.177261352539062,7.657120227813721,22.858638763427734,0.0,0.05281103725157744,-52.94132614135742,0
1KAC,14,16.35166358947754,14.552078247070312,41.24406433105469,0.0,0.01708536772590227,-48.86606979370117,0
4G6J,0,22.43998146057129,19.950607299804688,57.070682525634766,0.0,0.009107428738503105,-41.57589340209961,3
4G6J,1,12.65070915222168,17.085145950317383,27.17757797241211,0.0,0.03225028272158277,-31.189165115356445,3
4G6J,2,12.634387016296387,17.22099494934082,27.21442985534668,0.0,0.032137278224930156,-31.47312355041504,6
4G6J,3,34.322059631347656,33.183837890625,88.29485321044922,0.0,0.0037405386787109575,-34.11029815673828,3
4G6J,4,12.32345199584961,16.88992691040039,25.43378257751465,0.0,0.036098184055145435,-31.890024185180664,7
4G6J,5,34.17869567871094,32.188133239746094,86.87352752685547,0.0,0.0038831660330712406,-33.075279235839844,4
4G6J,6,12.737369537353516,17.293533325195312,27.444795608520508,0.0,0.03166448979646736,-30.454143524169922,8
4G6J,7,21.20911407470703,24.92134666442871,54.9771842956543,0.0,0.008985247043121024,-34.2025146484375,0
4G6J,8,20.247615814208984,20.266748428344727,51.50322723388672,0.0,0.01065448384499699,-32.80557632446289,5
4G6J,9,22.668190002441406,25.177642822265625,60.54521942138672,0.0,0.007621826659320722,-39.33313751220703,0
4G6J,10,10.649931907653809,11.60152530670166,21.429447174072266,0.0,0.0507951026254092,-29.193817138671875,6
4G6J,11,13.768579483032227,17.431859970092773,34.02811813354492,0.0,0.022027375872948358,-26.2596492767334,15
4G6J,12,11.999281883239746,16.624290466308594,23.87078857421875,0.0,0.04020107607303567,-30.759286880493164,3
4G6J,13,9.92740535736084,11.493976593017578,20.195112228393555,0.0,0.055745894276458964,-29.794910430908203,1
4G6J,14,18.666656494140625,20.691341400146484,47.448974609375,0.0,0.012107057364516336,-29.86238670349121,5
2GAF,0,15.644044876098633,18.779104232788086,45.52753448486328,0.0,0.013340870773335475,-33.75526809692383,5
2GAF,1,21.518625259399414,18.82550811767578,56.39619827270508,0.0,0.009506823967345377,-36.215518951416016,2
2GAF,2,18.419370651245117,18.047502517700195,30.914579391479492,0.0,0.0257150987661398,-40.51516342163086,4
2GAF,3,12.207569122314453,12.902417182922363,23.24984359741211,0.111111,0.08078231572857368,-38.08759689331055,11
2GAF,4,17.565868377685547,16.476245880126953,29.853734970092773,0.0,0.02773585200299911,-46.489898681640625,4
2GAF,5,17.84217643737793,17.031248092651367,30.30463218688965,0.0,0.02687709533015012,-45.31890869140625,1
2GAF,6,26.27045249938965,26.761873245239258,68.70113372802734,0.0,0.006069553986425886,-39.064029693603516,1
2GAF,7,17.72533416748047,16.536752700805664,29.587444305419922,0.0,0.028133498814920697,-45.942440032958984,1
2GAF,8,17.169830322265625,17.08629035949707,31.650508880615234,0.0,0.024973223314421724,-34.32709884643555,5
2GAF,9,15.82991886138916,15.437240600585938,27.692161560058594,0.0,0.031818933691104744,-46.52810287475586,1
2GAF,10,18.48705291748047,18.621837615966797,34.503353118896484,0.0,0.021221268746952102,-32.86137771606445,8
2GAF,11,24.64019775390625,24.33599281311035,64.52032470703125,0.0,0.006948157687036198,-38.46747970581055,1
2GAF,12,19.602479934692383,18.03133773803711,52.59940719604492,0.0,0.010774112165515375,-32.72090148925781,4
2GAF,13,19.502729415893555,21.041635513305664,44.79716873168945,0.0,0.01326928416052721,-30.611549377441406,8
2GAF,14,18.58516502380371,17.353435516357422,38.62416458129883,0.0,0.017869853220658444,-37.15439224243164,2
1PVH,0,9.384093284606934,9.349180221557617,14.716086387634277,0.0,0.09175243063982526,-31.305870056152344,3
1PVH,1,10.372390747070312,9.025259971618652,19.55208396911621,0.0,0.061944674237511044,-29.73682403564453,2
1PVH,2,28.184368133544922,21.622583389282227,72.14888000488281,0.0,0.0061596869329013934,-37.98725128173828,0
1PVH,3,23.7072696685791,12.623669624328613,51.6265983581543,0.0,0.013438272903590088,-42.32194137573242,0
1PVH,4,18.293350219726562,12.991336822509766,32.11112594604492,0.0,0.026212310041067083,-30.45703887939453,0
1PVH,5,8.473149299621582,9.289453506469727,12.983633041381836,0.0,0.10847394385024689,-40.965614318847656,0
1PVH,6,9.003572463989258,9.740985870361328,13.846689224243164,0.0,0.09895245084130722,-43.771209716796875,0
1PVH,7,7.465813159942627,8.372701644897461,11.734612464904785,0.0,0.12507520379241008,-45.8377685546875,0
1PVH,8,17.25478172302246,11.097229957580566,27.939804077148438,0.333333,0.14532950188520158,-30.746301651000977,3
1PVH,9,18.151771545410156,14.894264221191406,57.46499252319336,0.0,0.010483794785429846,-35.719547271728516,7
1PVH,10,23.17597007751465,12.49899673461914,54.837833404541016,0.0,0.012553301235953399,-34.54103469848633,5
1PVH,11,10.382952690124512,10.15971851348877,19.81578826904297,0.0,0.05891256692638552,-29.723413467407227,0
1PVH,12,12.308619499206543,10.233084678649902,31.106515884399414,0.0,0.03017162260184837,-27.543380737304688,12
1PVH,13,8.99831771850586,9.723906517028809,14.549637794494629,0.0,0.0925653884768815,-39.51246643066406,0
1PVH,14,9.065068244934082,8.967315673828125,14.959362983703613,0.0,0.09042667943689281,-36.248748779296875,1
1OPH,0,21.81980323791504,11.235026359558105,56.142948150634766,0.0,0.013307040865978151,-39.931949615478516,11
1OPH,1,18.26240348815918,13.250205039978027,39.78318405151367,0.0,0.01877008474554164,-43.68856430053711,10
1OPH,2,13.87489128112793,10.465130805969238,35.008522033691406,0.0,0.025266649473862934,-43.99660873413086,9
1OPH,3,17.973827362060547,13.213190078735352,40.77543640136719,0.0,0.01812295465498306,-44.760379791259766,6
1OPH,4,13.358133316040039,9.474199295043945,36.496891021728516,0.0,0.025301283763540555,-43.721317291259766,0
1OPH,5,30.880441665649414,29.140615463256836,98.4636459350586,0.0,0.0033465761176008336,-37.813758850097656,5
1OPH,6,8.548603057861328,8.084437370300293,21.382612228393555,0.0,0.056579412659235745,-45.90945053100586,5
1OPH,7,21.74216651916504,17.689598083496094,66.30445861816406,0.0,0.007769195152118468,-53.180397033691406,0
1OPH,8,9.51224422454834,6.826479911804199,31.897655487060547,0.0,0.03745353416698761,-43.64004135131836,6
1OPH,9,18.220287322998047,12.338379859924316,38.290252685546875,0.0,0.020509680372422467,-43.80705261230469,11
1OPH,10,7.752860069274902,6.3866729736328125,16.29142951965332,0.129032,0.13176055152949065,-42.43827819824219,9
1OPH,11,23.762704849243164,15.628296852111816,65.20915222167969,0.0,0.00861174037228818,-41.85307693481445,8
1OPH,12,18.657638549804688,14.016558647155762,42.2985954284668,0.0,0.01671241312832831,-44.90465545654297,13
1OPH,13,18.25542449951172,13.778773307800293,40.575321197509766,0.0,0.01791741283392862,-47.17021560668945,10
1OPH,14,13.01502513885498,9.544656753540039,37.40848159790039,0.0,0.02439915137832843,-45.681983947753906,0
1J2J,0,8.735307693481445,9.679678916931152,24.04132652282715,0.0,0.04485475174733252,-42.52140426635742,0
1J2J,1,4.948174476623535,5.177696704864502,15.495838165283203,0.0,0.10290845843059639,-65.2937240600586,0
1J2J,2,3.5810840129852295,3.9387824535369873,12.12362289428711,0.0,0.15207327167740936,-64.83419799804688,0
1J2J,3,7.1440935134887695,7.014398574829102,18.608556747436523,0.2,0.1387863110808757,-66.24674987792969,0
1J2J,4,4.098746299743652,4.102475166320801,12.939223289489746,0.0,0.1397914754304476,-60.620121002197266,0
1J2J,5,9.665238380432129,10.81562614440918,22.350461959838867,0.0,0.048409441798119596,-59.01609802246094,0
1J2J,6,5.824336528778076,5.69943904876709,16.30794906616211,0.2,0.15947008475803268,-67.40996551513672,0
1J2J,7,5.078507900238037,5.411189079284668,15.964821815490723,0.0,0.09740721416883273,-64.65354919433594,0
1J2J,8,6.476767063140869,6.543059349060059,17.074907302856445,0.0,0.08284280298948385,-66.08427429199219,0
1J2J,9,3.3081624507904053,3.540252447128296,10.772688865661621,0.0,0.1786308042187735,-65.15534973144531,0
1J2J,10,5.608492851257324,5.516887664794922,16.018129348754883,0.0,0.09618492984447162,-61.96029281616211,0
1J2J,11,6.377442359924316,6.434526443481445,19.7177791595459,0.0,0.06941777752559898,-64.93304443359375,0
1J2J,12,5.432079792022705,5.244830131530762,15.950581550598145,0.0,0.09892660091673343,-63.36053466796875,0
1J2J,13,9.333727836608887,8.355494499206543,22.709627151489258,0.6,0.2513670145215073,-30.877857208251953,28
1J2J,14,5.66148567199707,5.806149959564209,15.507190704345703,0.2,0.1645340951621137,-66.91414642333984,0
4FZA,0,20.662307739257812,15.732770919799805,31.176589965820312,0.0,0.026066012793137545,-34.08377456665039,11
4FZA,1,21.87912940979004,19.37175178527832,39.80992889404297,0.0,0.016520270656123087,-33.12297821044922,8
4FZA,2,9.940252304077148,8.035541534423828,21.42330551147461,0.0,0.05656111250387272,-31.42898941040039,10
4FZA,3,17.95556640625,13.251566886901855,28.763336181640625,0.0,0.03098870877143325,-35.35279846191406,11
4FZA,4,20.446237564086914,14.939079284667969,31.354291915893555,0.0,0.026147447408025784,-35.83246612548828,9
4FZA,5,20.63689613342285,16.2167911529541,31.7435245513916,0.0,0.025129108178663994,-34.098148345947266,3
4FZA,6,20.352649688720703,15.566977500915527,30.81656265258789,0.0,0.02663343990459717,-35.459617614746094,4
4FZA,7,21.20745277404785,17.385820388793945,33.11640930175781,0.0,0.023065514280933647,-37.03969955444336,9
4FZA,8,8.616754531860352,7.950237274169922,17.571025848388672,0.0,0.07467038122069451,-32.08723068237305,16
4FZA,9,12.713550567626953,7.926080703735352,31.736173629760742,0.0,0.03383662139189246,-32.904563903808594,10
4FZA,10,8.52088451385498,6.488565444946289,19.037750244140625,0.0,0.07231435663625091,-31.302637100219727,9
4FZA,11,13.338622093200684,12.228015899658203,24.735803604125977,0.0,0.04014543694813251,-33.3913459777832,23
4FZA,12,20.715173721313477,15.694769859313965,38.65555191040039,0.0,0.018391147641589018,-28.97736167907715,3
4FZA,13,20.565549850463867,15.664012908935547,31.635332107543945,0.0,0.025472874254858124,-36.175193786621094,10
4FZA,14,16.21012306213379,12.666611671447754,37.538265228271484,0.0,0.02086736649910669,-31.517335891723633,32
2PCC,0,15.42379093170166,12.922966957092285,50.45159912109375,0.0,0.013631725356027628,-62.161128997802734,0
2PCC,1,17.179014205932617,18.317996978759766,51.32148361206055,0.0,0.011119754692009745,-43.939273834228516,4
2PCC,2,24.646936416625977,21.90692710876465,66.43017578125,0.0,0.006924978827152889,-49.57571029663086,1
2PCC,3,11.622036933898926,11.710112571716309,27.612850189208984,0.0,0.03423310660103384,-48.05124282836914,0
2PCC,4,17.75760841369629,17.860883712768555,51.7191047668457,0.0,0.01110131955178117,-44.930416107177734,1
2PCC,5,15.842812538146973,12.327752113342285,49.1978759765625,0.0,0.014524691663381778,-55.84228515625,0
2PCC,6,24.414281845092773,19.15618133544922,67.24313354492188,0.0,0.007273839953098496,-49.91217041015625,1
2PCC,7,15.876331329345703,12.352086067199707,49.62857437133789,0.0,0.014343618420010975,-52.844058990478516,0
2PCC,8,18.080097198486328,18.402429580688477,53.167686462402344,0.0,0.010507373247827183,-44.92057418823242,1
2PCC,9,17.985265731811523,14.247218132019043,54.048805236816406,0.0,0.011699525386285789,-55.5333366394043,0
2PCC,10,6.259461402893066,5.466236591339111,14.170395851135254,1.0,0.4448773366829162,-44.97918701171875,5
2PCC,11,24.119760513305664,21.12989044189453,64.59405517578125,0.0,0.0073452322074970865,-46.73735046386719,3
2PCC,12,18.142641067504883,14.05283260345459,54.279476165771484,0.0,0.01173357585582955,-50.06846237182617,0
2PCC,13,16.81138038635254,13.365707397460938,52.370052337646484,0.0,0.012701863335540312,-60.76519775390625,0
2PCC,14,24.78256607055664,24.959211349487305,66.36639404296875,0.0,0.006579241440557171,-44.6290168762207,3
4JCV,0,22.0564022064209,25.75026512145996,53.72584533691406,0.0,0.009267057586564901,-17.016502380371094,21
4JCV,1,33.017337799072266,25.030221939086914,79.2269287109375,0.0,0.00498597509775246,-36.44404983520508,1
4JCV,2,25.530820846557617,23.29349708557129,63.9885368347168,0.0,0.007156397317459026,-20.381486892700195,13
4JCV,3,33.27222442626953,25.29131507873535,80.15031433105469,0.0,0.004875630586433504,-22.45186996459961,2
4JCV,4,29.999170303344727,30.628143310546875,72.8218765258789,0.0,0.005277979993686455,-17.94883918762207,12
4JCV,5,21.61460304260254,21.309043884277344,54.62466812133789,0.0,0.009523966949850178,-31.270328521728516,0
4JCV,6,11.050854682922363,12.413525581359863,25.005746841430664,0.0,0.039323290828641715,-18.637306213378906,7
4JCV,7,30.593324661254883,31.426870346069336,74.3487319946289,0.0,0.0050582612458523225,-17.358652114868164,7
4JCV,8,26.13779640197754,26.062124252319336,66.2712173461914,0.0,0.0064954006831844865,-25.105134963989258,5
4JCV,9,34.17361068725586,32.34571838378906,84.74669647216797,0.0,0.004035202417187162,-13.801095008850098,14
4JCV,10,26.28682518005371,28.07053565979004,67.01331329345703,0.0,0.006227041726834033,-18.501789093017578,18
4JCV,11,33.1895751953125,39.54247283935547,83.10643005371094,0.0,0.0039298348158466195,-15.390162467956543,11
4JCV,12,33.95658874511719,27.796062469482422,82.5004653930664,0.0,0.004469111696425381,-29.889846801757812,0
4JCV,13,21.676530838012695,21.042619705200195,54.62615203857422,0.0,0.009565219552101168,-22.955875396728516,2
4JCV,14,21.893381118774414,25.08832359313965,52.960235595703125,0.0,0.009558203284319073,-18.455081939697266,12
1JZD,0,11.538642883300781,13.723942756652832,29.04572105407715,0.333333,0.14134061930585154,-26.761568069458008,5
1JZD,1,25.725772857666016,23.15357208251953,62.08367919921875,0.0,0.0075265060140643604,-23.658464431762695,8
1JZD,2,26.13616180419922,26.033687591552734,62.43877029418945,0.0,0.007167968690756118,-24.323734283447266,3
1JZD,3,12.255361557006836,16.721168518066406,28.79326820373535,0.0,0.029381608453368055,-24.31719207763672,16
1JZD,4,24.40803337097168,27.64877700805664,59.21001052856445,0.0,0.007709018773362907,-28.758817672729492,2
1JZD,5,23.44646453857422,22.12201690673828,57.45315170288086,0.0,0.00866531716247155,-35.09415817260742,0
1JZD,6,24.569257736206055,26.980867385864258,60.935874938964844,0.0,0.007389203200970439,-27.328229904174805,2
1JZD,7,8.708794593811035,11.325088500976562,20.577604293823242,0.0,0.05433247968954824,-41.21529006958008,0
1JZD,8,9.081953048706055,11.928197860717773,20.389360427856445,0.0,0.05454268393253205,-31.07337188720703,2
1JZD,9,12.138442039489746,13.708477020263672,32.94425582885742,0.0,0.024748796701352438,-26.362438201904297,5
1JZD,10,9.635563850402832,12.61073112487793,22.19915771484375,0.0,0.04727168261048118,-40.802459716796875,0
1JZD,11,10.232507705688477,12.11984634399414,25.85879135131836,0.0,0.037533132028394305,-28.29163360595703,6
1JZD,12,12.71209716796875,16.995656967163086,29.38399314880371,0.1,0.06164890441318838,-36.936527252197266,0
1JZD,13,25.680097579956055,25.990367889404297,62.66451644897461,0.0,0.007128804940602958,-23.98092269897461,4
1JZD,14,10.1044921875,13.98758602142334,22.60947608947754,0.133333,0.08951235592095674,-33.39884567260742,0
1I4D,0,23.21986198425293,13.603974342346191,62.05699920654297,0.0,0.0101423906608176,-20.359233856201172,3
1I4D,1,18.970964431762695,18.122047424316406,48.857147216796875,0.0,0.01206107606984491,-23.59204864501953,2
1I4D,2,15.930712699890137,13.412884712219238,35.91698455810547,0.0,0.021796060179681363,-23.91034698486328,2
1I4D,3,24.905054092407227,16.83490753173828,61.90217590332031,0.0,0.008794143232766049,-19.22787857055664,3
1I4D,4,24.260915756225586,18.545988082885742,55.965145111083984,0.0,0.009682185609062725,-22.119384765625,1
1I4D,5,24.44023323059082,16.125402450561523,61.20808029174805,0.0,0.009166272945662208,-16.518526077270508,11
1I4D,6,19.27849769592285,17.105051040649414,50.56798553466797,0.0,0.011703165897931097,-27.539602279663086,2
1I4D,7,16.75364112854004,18.113025665283203,41.63888931274414,0.0,0.015605276380325576,-22.98334312438965,9
1I4D,8,23.85676383972168,23.658870697021484,50.33222961425781,0.0,0.010577509990664346,-29.914012908935547,0
1I4D,9,22.83852767944336,17.667083740234375,52.471466064453125,0.0,0.010909230269137697,-20.694622039794922,9
1I4D,10,23.304058074951172,13.170166015625,60.959388732910156,0.0,0.010625858191627174,-20.065876007080078,7
1I4D,11,20.665653228759766,17.50287437438965,48.16105651855469,0.0,0.012499714467528428,-22.29343032836914,7
1I4D,12,22.637054443359375,22.47517204284668,47.77094268798828,0.0,0.01170762503996286,-26.577686309814453,2
1I4D,13,8.507179260253906,6.056797027587891,19.66375732421875,0.0,0.07174202035529541,-28.411584854125977,0
1I4D,14,18.382631301879883,17.45545768737793,46.383419036865234,0.0,0.013273886748325333,-27.150432586669922,6
2DD8,0,16.14447021484375,14.486555099487305,31.431182861328125,0.0,0.02625239505542819,-22.65144157409668,25
2DD8,1,14.337634086608887,11.22115707397461,33.889041900634766,0.0,0.025580700387024157,-41.052345275878906,0
2DD8,2,10.970341682434082,9.13592529296875,22.835718154907227,0.0,0.04931336513027968,-22.572242736816406,21
2DD8,3,9.393875122070312,7.4527459144592285,19.07482147216797,0.0,0.06820174260169144,-31.00534439086914,4
2DD8,4,18.580486297607422,16.152273178100586,34.67557144165039,0.0,0.02174427543268001,-29.280406951904297,4
2DD8,5,10.814188957214355,8.281579971313477,23.920467376708984,0.4,0.1812924035688507,-29.6137638092041,3
2DD8,6,14.103378295898438,13.538729667663574,27.176830291748047,0.0,0.03374416915411116,-23.257888793945312,12
2DD8,7,16.440153121948242,14.32918643951416,31.83639144897461,0.066667,0.04801562261272487,-22.756847381591797,17
2DD8,8,12.463591575622559,11.610587120056152,25.441598892211914,0.0,0.03894338425647372,-46.99230194091797,0
2DD8,9,11.4232816696167,13.264039039611816,22.09658432006836,0.0,0.047176010429180314,-36.7969970703125,0
2DD8,10,17.78324317932129,16.374099731445312,34.440330505371094,0.0,0.021912333560595246,-27.992097854614258,2
2DD8,11,22.809694290161133,21.07868194580078,54.88823699951172,0.0,0.00948617301155519,-32.156715393066406,12
2DD8,12,9.500991821289062,7.757577896118164,21.767866134643555,0.0,0.05611485218466266,-31.820751190185547,4
2DD8,13,18.24186897277832,16.56821632385254,34.354881286621094,0.0,0.021938059837899107,-31.476375579833984,0
2DD8,14,12.967745780944824,13.284984588623047,25.545726776123047,0.0,0.0374220110321664,-27.80477523803711,6
3AAA,0,18.154693603515625,20.03521728515625,54.52871322631836,0.0,0.009765502783375115,-35.280296325683594,2
3AAA,1,19.525232315063477,18.195730209350586,55.726192474365234,0.0,0.009828947203004642,-39.41656494140625,0
3AAA,2,26.52625274658203,24.019458770751953,70.07474517822266,0.0,0.006128295262375966,-33.02165985107422,2
3AAA,3,14.652448654174805,12.87392520904541,42.812156677246094,0.0,0.017105907964575708,-38.02018737792969,1
3AAA,4,20.820531845092773,18.014232635498047,59.25726318359375,0.0,0.009015537234607896,-37.85191345214844,0
3AAA,5,26.852693557739258,24.060150146484375,70.77473449707031,0.0,0.006030153577011552,-33.790706634521484,2
3AAA,6,22.58696174621582,19.746444702148438,64.67987823486328,0.0,0.0075714539107025365,-34.77521514892578,0
3AAA,7,28.192604064941406,23.535879135131836,74.65792083740234,0.0,0.005613980936774392,-38.476287841796875,1
3AAA,8,27.81662940979004,22.667163848876953,73.16641998291016,0.0,0.005892200279652734,-39.395755767822266,1
3AAA,9,12.011527061462402,13.86251449584961,32.0826301574707,0.0,0.025720869902788185,-43.566917419433594,0
3AAA,10,21.25918197631836,17.925077438354492,61.69865798950195,0.0,0.00852665993780429,-44.448143005371094,1
3AAA,11,29.195507049560547,25.551862716674805,75.51707458496094,0.0,0.005314997490172055,-31.015886306762695,3
3AAA,12,10.172499656677246,13.026382446289062,24.294490814208984,0.0,0.04071579412834731,-42.661861419677734,0
3AAA,13,16.113521575927734,16.78421974182129,46.903099060058594,0.0,0.013240572403695363,-42.51953125,0
3AAA,14,16.0936279296875,16.591182708740234,49.29859924316406,0.0,0.01232585161289393,-38.500431060791016,1
1QA9,0,10.512579917907715,11.220717430114746,36.83582305908203,0.0,0.02270408062399583,-38.53559875488281,4
1QA9,1,8.97120475769043,8.46883773803711,33.020870208740234,0.0,0.030853646800838755,-46.09328842163086,0
1QA9,2,14.55481243133545,11.259048461914062,51.80646896362305,0.0,0.01455122661888523,-41.64606475830078,3
1QA9,3,6.871189117431641,7.3583526611328125,15.773177146911621,0.0,0.08831485215069561,-42.11605453491211,0
1QA9,4,12.659963607788086,10.34748363494873,34.38361740112305,0.125,0.0677250466089588,-48.662574768066406,0
1QA9,5,10.779332160949707,10.610737800598145,29.82378387451172,0.0,0.03157320208856156,-36.376564025878906,3
1QA9,6,10.155200004577637,9.012650489807129,37.883888244628906,0.0,0.024960740954002802,-51.73741912841797,0
1QA9,7,6.460295677185059,7.031365394592285,12.519599914550781,0.0,0.11968136011851614,-43.975746154785156,0
1QA9,8,6.9523844718933105,8.398722648620605,10.929667472839355,0.0,0.13592914385429783,-50.9393310546875,0
1QA9,9,8.545149803161621,9.529212951660156,15.182116508483887,0.0,0.087609131308922,-41.28624725341797,2
1QA9,10,11.899730682373047,9.357425689697266,43.14654541015625,0.0,0.020804242960692176,-44.89789962768555,1
1QA9,11,6.489604949951172,6.879213809967041,10.831904411315918,0.0,0.142164123559719,-51.11662292480469,0
1QA9,12,15.904494285583496,15.0709867477417,49.56708908081055,0.0,0.01279193446589811,-42.191444396972656,2
1QA9,13,11.38528823852539,11.592147827148438,33.87439727783203,0.0,0.025234253568852602,-40.39527893066406,2
1QA9,14,14.69271183013916,16.31342124938965,48.760093688964844,0.0,0.012625316440965609,-39.7501106262207,1
1M27,0,11.939430236816406,10.705960273742676,30.715471267700195,0.0,0.03012881833003368,-42.99612045288086,0
1M27,1,18.165462493896484,9.84613037109375,38.61197280883789,0.0,0.02296784452705772,-35.1868896484375,17
1M27,2,10.156614303588867,10.857930183410645,28.581117630004883,0.0,0.033328869458737545,-51.23542785644531,0
1M27,3,15.334752082824707,11.139925003051758,44.75295639038086,0.0,0.01754198408714412,-42.03281784057617,0
1M27,4,14.446270942687988,11.518098831176758,43.918758392333984,0.0,0.01759399300178398,-41.006492614746094,0
1M27,5,14.692268371582031,11.266868591308594,42.954376220703125,0.0,0.01836617877097106,-52.25958251953125,0
1M27,6,8.348267555236816,9.396512031555176,27.217754364013672,0.0,0.037903975862013176,-47.56058120727539,0
1M27,7,11.581972122192383,8.387638092041016,33.307212829589844,0.0,0.03071184227724354,-47.71637725830078,0
1M27,8,16.336406707763672,11.807857513427734,45.75860595703125,0.0,0.01641207997735242,-47.468406677246094,0
1M27,9,8.73859691619873,5.848355293273926,22.12184715270996,0.0,0.0634557255527917,-44.044952392578125,0
1M27,10,11.422686576843262,7.995456218719482,34.51888656616211,0.0,0.030389419894199826,-43.257171630859375,0
1M27,11,15.051709175109863,11.029772758483887,41.93214416503906,0.0,0.019209284624608036,-40.77650451660156,5
1M27,12,12.6594820022583,12.136149406433105,43.439300537109375,0.0,0.01730779959231438,-45.10043716430664,0
1M27,13,10.254671096801758,10.442843437194824,29.102468490600586,0.0,0.03293857856247138,-48.32048034667969,0
1M27,14,11.385082244873047,8.227883338928223,31.830846786499023,0.0,0.03290960201635338,-40.95813751220703,0
1KKL,0,24.45464324951172,28.531362533569336,73.19304656982422,0.0,0.005354460238443464,-21.976041793823242,11
1KKL,1,12.858552932739258,14.088834762573242,40.95094680786133,0.0,0.017504040474704687,-31.289304733276367,1
1KKL,2,16.813213348388672,20.857166290283203,53.098411560058594,0.0,0.01004364125966025,-46.97124481201172,0
1KKL,3,5.761982440948486,6.908206939697266,19.15079689025879,0.0,0.06986715898640271,-29.39583396911621,2
1KKL,4,22.090953826904297,25.28200340270996,65.86377716064453,0.0,0.0066299807458250525,-30.98586082458496,1
1KKL,5,4.939631462097168,7.66771936416626,13.533905029296875,0.0,0.10657664105351533,-39.72820281982422,1
1KKL,6,17.465255737304688,22.999103546142578,54.13104248046875,0.0,0.009433182194476641,-43.476722717285156,0
1KKL,7,17.033823013305664,21.390499114990234,53.417449951171875,0.0,0.009862853262775275,-42.210758209228516,0
1KKL,8,19.607580184936523,23.11832046508789,59.71397399902344,0.0,0.008017333059681718,-21.02154541015625,11
1KKL,9,17.21174430847168,21.162899017333984,54.45675277709961,0.0,0.009594146579839117,-47.515438079833984,0
1KKL,10,20.947519302368164,22.072355270385742,62.5245475769043,0.0,0.007581071239026123,-28.644845962524414,0
1KKL,11,7.7678542137146,12.397577285766602,21.31586265563965,0.0,0.05054148371076673,-37.55586624145508,0
1KKL,12,11.540632247924805,12.670321464538574,36.4124641418457,0.0,0.02183278880814204,-27.26877784729004,5
1KKL,13,11.671299934387207,12.898736953735352,36.87973403930664,0.0,0.021261362510930252,-23.271638870239258,2
1KKL,14,16.915803909301758,21.06719398498535,53.57327651977539,0.0,0.009866404086904257,-50.991573333740234,0
1XD3,0,7.809855937957764,7.320443153381348,22.376140594482422,0.0,0.05546602888785094,-46.3149528503418,0
1XD3,1,8.0400972366333,8.448907852172852,16.816633224487305,0.272727,0.1689254898206326,-46.71595001220703,1
1XD3,2,18.077777862548828,15.237577438354492,52.22684097290039,0.0,0.011800717275736394,-44.580291748046875,4
1XD3,3,8.115097045898438,8.859437942504883,16.85111427307129,0.0,0.07689903794449197,-54.837486267089844,0
1XD3,4,4.767785549163818,5.1750712394714355,10.707662582397461,0.090909,0.18499113265925807,-50.55690383911133,0
1XD3,5,7.230108737945557,7.802992343902588,15.13926887512207,0.0,0.09177129585612455,-45.77089309692383,1
1XD3,6,8.605311393737793,9.620097160339355,25.04935073852539,0.0,0.04233023442414493,-41.75145721435547,0
1XD3,7,19.357929229736328,16.86764144897461,53.23773193359375,0.0,0.010901368881159779,-48.076263427734375,2
1XD3,8,19.674158096313477,17.494640350341797,52.342926025390625,0.0,0.0109969856294685,-48.68592834472656,0
1XD3,9,7.674041748046875,8.394953727722168,16.08382225036621,0.0,0.08308543922432325,-47.035186767578125,0
1XD3,10,4.806797504425049,4.841359615325928,11.130739212036133,0.045455,0.16713165611574435,-47.606170654296875,0
1XD3,11,3.662749767303467,4.628869533538818,8.087311744689941,0.0,0.20663185673924148,-53.21560287475586,0
1XD3,12,3.6416776180267334,3.6698598861694336,9.197015762329102,0.0,0.20127469802195722,-56.060726165771484,0
1XD3,13,19.609783172607422,17.626482009887695,53.02804946899414,0.0,0.01074662531832663,-49.87920379638672,0
1XD3,14,6.689404010772705,6.689318656921387,17.298851013183594,0.045455,0.09593737131453804,-44.849239349365234,3
1CLV,0,3.629495143890381,7.987785816192627,15.013711929321289,0.0,0.09226266903691761,-60.79142761230469,0
1CLV,1,4.533197402954102,9.687057495117188,19.075239181518555,0.0,0.0630277263190106,-46.54576873779297,1
1CLV,2,8.861628532409668,16.565664291381836,37.62465286254883,0.0,0.018897308410720487,-30.027807235717773,6
1CLV,3,6.061278820037842,12.652588844299316,26.036108016967773,0.0,0.03672558260850164,-43.096954345703125,7
1CLV,4,10.872719764709473,20.411409378051758,44.85284423828125,0.0,0.013346656325891715,-39.35499572753906,26
1CLV,5,3.953028440475464,8.400982856750488,16.11499786376953,0.0,0.08285103005687658,-51.827728271484375,0
1CLV,6,5.592701435089111,10.886222839355469,24.159103393554688,0.0,0.04292798199047845,-40.847110748291016,5
1CLV,7,9.898520469665527,18.310585021972656,41.09212112426758,0.0,0.015899439624674768,-38.64240646362305,10
1CLV,8,8.847043991088867,17.346250534057617,37.453243255615234,0.0,0.018801818924696432,-34.13718032836914,4
1CLV,9,4.900964736938477,10.615860939025879,20.6173152923584,0.0,0.05495064634230265,-43.42924880981445,2
1CLV,10,3.62868332862854,7.466325283050537,15.602567672729492,0.0,0.08921981446186879,-42.33686828613281,2
1CLV,11,10.150325775146484,19.169361114501953,42.069923400878906,0.0,0.0151022377798377,-37.335693359375,21
1CLV,12,6.505604267120361,13.297189712524414,27.73661231994629,0.0,0.03280557681928406,-42.29039764404297,3
1CLV,13,8.669262886047363,15.955224990844727,35.942222595214844,0.0,0.020575536601309084,-36.33616256713867,8
1CLV,14,3.9536023139953613,8.5855131149292,16.501243591308594,0.0,0.07977323533368504,-41.773712158203125,5
1PXV,0,15.202199935913086,14.225998878479004,40.36592483520508,0.0,0.01781803325411963,-39.71110534667969,0
1PXV,1,14.02584457397461,13.117887496948242,30.69599723815918,0.0,0.028041461652418834,-34.98358917236328,3
1PXV,2,14.600457191467285,13.504562377929688,37.222007751464844,0.0,0.02058347289735391,-42.275203704833984,0
1PXV,3,15.991681098937988,15.486719131469727,34.50669860839844,0.0,0.022166966721534367,-32.110931396484375,5
1PXV,4,7.44095516204834,5.928243160247803,22.28379249572754,0.297297,0.16149496197788585,-36.87395095825195,7
1PXV,5,17.063894271850586,15.2504301071167,36.85694122314453,0.0,0.02002729803579831,-37.28519821166992,0
1PXV,6,14.387484550476074,12.839554786682129,29.980194091796875,0.0,0.029289242856045016,-46.02766418457031,0
1PXV,7,18.818721771240234,18.340299606323242,51.567352294921875,0.0,0.011031971603914482,-44.368412017822266,0
1PXV,8,14.753219604492188,13.257791519165039,31.985164642333984,0.0,0.026200905029670207,-43.63374328613281,0
1PXV,9,9.083562850952148,9.246696472167969,24.490720748901367,0.0,0.044382745057458504,-35.69206237792969,1
1PXV,10,16.063640594482422,15.066022872924805,36.75776672363281,0.0,0.020191530421284014,-36.677757263183594,0
1PXV,11,15.634769439697266,13.958913803100586,34.06643295288086,0.0,0.023341071253264244,-44.00401306152344,0
1PXV,12,15.243942260742188,13.180346488952637,32.310333251953125,0.027027,0.03484708649512266,-53.92229080200195,0
1PXV,13,15.102909088134766,13.996413230895996,35.79513168334961,0.0,0.02157784959187826,-41.7558708190918,0
1PXV,14,10.528043746948242,8.92454719543457,29.779916763305664,0.0,0.034268302122240614,-49.48988723754883,0
6OC3,0,15.056374549865723,10.89038372039795,27.75126075744629,0.0,0.03479556406186889,-23.004854202270508,4
6OC3,1,12.096232414245605,9.90986156463623,25.70741081237793,0.0,0.04031642518466868,-29.171140670776367,0
6OC3,2,15.2625732421875,7.526437282562256,39.479740142822266,0.111111,0.06453793799070415,-26.657072067260742,7
6OC3,3,23.64311408996582,15.593905448913574,61.603797912597656,0.0,0.009283450888081426,-25.709535598754883,13
6OC3,4,15.525806427001953,11.45312786102295,35.18417739868164,0.0,0.024002921343217336,-29.550201416015625,2
6OC3,5,10.377361297607422,6.97730016708374,26.188762664794922,0.0,0.04649327137727577,-23.573049545288086,6
6OC3,6,18.963783264160156,10.295842170715332,52.73054504394531,0.0,0.015370242784671001,-29.33026123046875,5
6OC3,7,9.422266960144043,8.20494556427002,20.078468322753906,0.0,0.0614399720823193,-26.114566802978516,3
6OC3,8,12.73222541809082,11.688155174255371,29.854564666748047,0.0,0.030395515172438364,-35.3029670715332,0
6OC3,9,11.563591003417969,7.903513431549072,28.406021118164062,0.0,0.03898300292864764,-24.976665496826172,3
6OC3,10,13.777105331420898,10.629197120666504,37.88051223754883,0.0,0.022487766282473332,-24.396385192871094,14
6OC3,11,18.76352310180664,10.663700103759766,49.49656295776367,0.0,0.016016191202815985,-36.96886444091797,0
6OC3,12,14.517658233642578,9.207266807556152,34.95917510986328,0.0,0.027224212125334102,-28.91568374633789,2
6OC3,13,17.049863815307617,11.999136924743652,44.16371536254883,0.0,0.01703555473438671,-34.250404357910156,1
6OC3,14,9.883000373840332,9.87714672088623,23.462480545043945,0.0,0.04618772579653029,-23.650684356689453,0
3WD5,0,21.897092819213867,15.182259559631348,33.17173385620117,0.166667,0.07931615506843313,-28.064388275146484,35
3WD5,1,27.801586151123047,21.625978469848633,63.85204315185547,0.0,0.007400117509768718,-30.41119956970215,7
3WD5,2,29.470388412475586,19.49688148498535,69.35470581054688,0.0,0.006894166858373563,-31.682466506958008,34
3WD5,3,26.77637481689453,18.887174606323242,70.14142608642578,0.0,0.006913598231337264,-35.18464660644531,11
3WD5,4,29.66603660583496,17.08744239807129,62.04513168334961,0.0,0.00868983227016159,-34.48408508300781,14
3WD5,5,28.77764320373535,18.582550048828125,62.255035400390625,0.0,0.008258122227494795,-33.785518646240234,10
3WD5,6,24.735021591186523,16.651294708251953,67.22232055664062,0.0,0.007928880680951725,-34.13987731933594,17
3WD5,7,55.976585388183594,71.0582504272461,148.99240112304688,0.0,0.0012298470962531214,0.0,0
3WD5,8,25.609718322753906,16.606306076049805,66.14483642578125,0.0,0.008112815308471666,-35.12466812133789,10
3WD5,9,27.053625106811523,18.27126121520996,71.6251449584961,0.0,0.006860815385008376,-36.21766662597656,6
3WD5,10,30.894672393798828,17.438480377197266,68.62715911865234,0.0,0.007484488829154051,-34.43915939331055,18
3WD5,11,16.888879776000977,13.024310111999512,37.81917190551758,0.0,0.020391858681222248,-29.941373825073242,4
3WD5,12,26.956647872924805,18.056241989135742,70.2398910522461,0.0,0.007095646961866472,-36.25834274291992,9
3WD5,13,28.909143447875977,22.90717124938965,69.07015991210938,0.0,0.006396058669891599,-37.934024810791016,4
3WD5,14,11.926308631896973,9.585848808288574,23.836179733276367,0.0,0.04557289852377042,-27.92152214050293,16
4M5Z,0,9.257055282592773,8.759939193725586,19.01455307006836,0.0,0.06501201155327548,-20.46462631225586,3
4M5Z,1,13.597503662109375,13.134602546691895,27.07097816467285,0.0,0.0342053281822399,-18.32686996459961,5
4M5Z,2,12.275531768798828,13.311163902282715,22.1119327545166,0.0,0.047094682331382844,-27.21016502380371,0
4M5Z,3,8.787254333496094,8.953639030456543,21.349483489990234,0.0,0.05470800866244128,-22.27043914794922,1
4M5Z,4,13.553227424621582,13.207348823547363,24.730928421020508,0.0,0.039461170567644976,-18.91782569885254,3
4M5Z,5,12.68984603881836,11.922330856323242,23.37449836730957,0.0,0.04412511071398812,-20.75039291381836,8
4M5Z,6,10.337632179260254,11.122852325439453,21.45627784729004,0.0,0.05117046998116485,-18.197261810302734,8
4M5Z,7,13.522114753723145,13.833599090576172,24.772600173950195,0.0,0.0389839921098824,-16.66020393371582,8
4M5Z,8,23.150638580322266,10.56284236907959,57.52378845214844,0.0,0.01371178238396858,-24.617427825927734,17
4M5Z,9,25.25037956237793,12.767781257629395,62.97690963745117,0.0,0.010501801821095705,-26.39610481262207,8
4M5Z,10,16.76910972595215,13.472923278808594,44.663063049316406,0.0,0.01573232154738051,-27.30240249633789,1
4M5Z,11,19.287988662719727,13.341428756713867,49.698184967041016,0.0,0.013634605162175002,-23.24254035949707,3
4M5Z,12,11.687070846557617,9.616649627685547,27.112688064575195,0.090909,0.06805042452771753,-16.944377899169922,6
4M5Z,13,22.138208389282227,16.960744857788086,65.3112564086914,0.0,0.008138904929078586,-27.494922637939453,3
4M5Z,14,23.41829490661621,12.901223182678223,56.7760009765625,0.0,0.011753343303085388,-26.293424606323242,13
1HE1,0,13.138113021850586,9.995633125305176,25.57071876525879,0.0,0.04050876682420581,-38.19642639160156,4
1HE1,1,13.181130409240723,12.09812068939209,42.88743209838867,0.0,0.01764525411504954,-33.88854217529297,5
1HE1,2,10.801464080810547,10.708708763122559,28.634117126464844,0.0,0.033408618979405946,-36.05646514892578,3
1HE1,3,17.10477066040039,14.56658935546875,39.372962951660156,0.0,0.018341084570769012,-36.22585678100586,3
1HE1,4,7.982960224151611,7.336343765258789,20.965036392211914,0.0,0.06043340191363242,-37.699337005615234,8
1HE1,5,14.610048294067383,11.104903221130371,28.880245208740234,0.0,0.03254551993777661,-39.49619674682617,1
1HE1,6,11.847387313842773,9.394993782043457,31.91438865661621,0.0,0.03036487426468799,-37.7553825378418,7
1HE1,7,14.110206604003906,13.22780990600586,44.92020034790039,0.0,0.015754625481544816,-32.28202438354492,4
1HE1,8,7.106049537658691,5.469517230987549,16.715608596801758,0.222222,0.16587522650325673,-31.911977767944336,5
1HE1,9,10.43022346496582,9.842074394226074,22.392492294311523,0.0,0.04954774925944,-37.58076477050781,2
1HE1,10,14.509298324584961,12.45995807647705,34.08551025390625,0.0,0.02427722674858662,-37.32365036010742,2
1HE1,11,11.057535171508789,9.820188522338867,23.35546112060547,0.0,0.04658683613895289,-38.036705017089844,3
1HE1,12,4.9733076095581055,5.401641845703125,12.881025314331055,0.0,0.12498217539822654,-44.405914306640625,0
1HE1,13,9.645308494567871,8.635098457336426,16.532201766967773,0.0,0.07945661962641314,-41.94218444824219,1
1HE1,14,8.42730712890625,6.315168857574463,16.666337966918945,0.0,0.08660768456090966,-35.32883071899414,4
1EAW,0,5.727005481719971,7.410852432250977,15.193041801452637,0.0,0.09258095669121748,-53.0195426940918,2
1EAW,1,5.38341760635376,5.64754056930542,17.04921531677246,0.0,0.0883241778890345,-54.72200393676758,1
1EAW,2,8.031794548034668,7.963658332824707,26.1762752532959,0.0,0.04321615318572325,-59.828147888183594,2
1EAW,3,7.773345947265625,8.071517944335938,24.79274559020996,0.0,0.04618705367866855,-51.91099166870117,2
1EAW,4,6.91073751449585,6.409914016723633,22.65803337097168,0.0,0.058429578080768325,-63.798439025878906,0
1EAW,5,6.5605902671813965,5.894671440124512,21.552473068237305,0.0,0.06513987988051567,-52.9333381652832,1
1EAW,6,6.639288902282715,6.143373012542725,21.430023193359375,0.0,0.06406656478671864,-52.12983322143555,1
1EAW,7,6.591518402099609,6.2150139808654785,20.360158920288086,0.0,0.06782215875678027,-46.490848541259766,8
1EAW,8,6.288480281829834,7.121657371520996,17.30547523498535,0.0,0.07894674967219971,-54.03553771972656,0
1EAW,9,4.849760055541992,5.226509094238281,15.033735275268555,0.0,0.10611187457470189,-57.184513092041016,0
1EAW,10,7.69654655456543,7.135708808898926,25.266616821289062,0.0,0.04799520972728636,-63.259490966796875,0
1EAW,11,5.538412570953369,6.029470443725586,14.723845481872559,0.0,0.10274911219871631,-61.285064697265625,0
1EAW,12,8.07703971862793,7.220305442810059,26.074262619018555,0.0,0.045811842410959265,-52.3453369140625,1
1EAW,13,8.210465431213379,7.580185890197754,26.974111557006836,0.0,0.04267058540873437,-58.082706451416016,1
1EAW,14,7.1360392570495605,8.887957572937012,19.407821655273438,0.0,0.06287929137592359,-60.101375579833984,0
1AKJ,0,24.64984130859375,31.625097274780273,59.7900505065918,0.0,0.007351626531065151,-39.51504898071289,6
1AKJ,1,26.109182357788086,33.0740966796875,64.0178451538086,0.0,0.006458855024477146,-41.46257019042969,3
1AKJ,2,24.96714973449707,30.72490692138672,61.77499771118164,0.0,0.006986220931218263,-43.96861267089844,0
1AKJ,3,19.66851234436035,18.482635498046875,35.863548278808594,0.0,0.019909749798413014,-48.51726531982422,0
1AKJ,4,24.977794647216797,31.639480590820312,61.73706817626953,0.0,0.006948634460672347,-46.36576461791992,1
1AKJ,5,28.079784393310547,30.866601943969727,63.28727722167969,0.0,0.00669169690886938,-36.754486083984375,3
1AKJ,6,19.734111785888672,18.552631378173828,34.46095657348633,0.0,0.0212814905216042,-44.417991638183594,1
1AKJ,7,12.962447166442871,14.931402206420898,29.58620262145996,0.0,0.02874568186599767,-39.921058654785156,4
1AKJ,8,26.160612106323242,32.14745330810547,64.31770324707031,0.0,0.006445984597871951,-33.82632064819336,5
1AKJ,9,18.16514778137207,21.601102828979492,37.72005081176758,0.0,0.01770832291176293,-39.8317756652832,4
1AKJ,10,28.85943031311035,31.62258529663086,65.72783660888672,0.0,0.0062312825957842365,-35.923465728759766,6
1AKJ,11,28.399744033813477,30.65580940246582,64.15165710449219,0.0,0.006547143687087577,-37.57721710205078,6
1AKJ,12,16.964792251586914,16.42733383178711,33.86920928955078,0.0,0.02250684785946098,-31.358917236328125,37
1AKJ,13,14.554534912109375,16.373573303222656,34.564693450927734,0.0,0.021782879524636187,-37.77458572387695,3
1AKJ,14,26.078163146972656,32.519832611083984,63.22825622558594,0.0,0.006624877915245116,-48.76104736328125,2
3L5W,0,7.676994323730469,9.96102523803711,18.06934356689453,0.0,0.06778809570517583,-31.5228328704834,0
3L5W,1,13.28622817993164,8.880437850952148,33.08851623535156,0.0,0.029881648192623844,-20.36274528503418,49
3L5W,2,14.098526000976562,13.365775108337402,35.942718505859375,0.0,0.021800808643179747,-19.969165802001953,67
3L5W,3,9.584447860717773,11.909497261047363,22.36644744873047,0.0,0.04727159219766488,-29.69137954711914,0
3L5W,4,19.310598373413086,8.418553352355957,48.305728912353516,0.0,0.02026779886151323,-21.818225860595703,62
3L5W,5,9.49876594543457,8.758112907409668,22.240463256835938,0.0,0.05198252794637812,-26.90837860107422,6
3L5W,6,9.455617904663086,11.739028930664062,21.99536895751953,0.0,0.04866679119674194,-24.94198989868164,3
3L5W,7,9.444029808044434,12.371514320373535,21.93273162841797,0.0,0.04835636084663744,-24.358516693115234,5
3L5W,8,16.966552734375,18.047515869140625,47.11869812011719,0.0,0.012792474096375336,-25.087440490722656,10
3L5W,9,9.640978813171387,11.799898147583008,22.401260375976562,0.0,0.04725298687398524,-27.40936279296875,3
3L5W,10,9.3120698928833,11.032432556152344,21.70260238647461,0.0,0.05038182785507824,-25.047119140625,1
3L5W,11,9.439149856567383,12.38280963897705,21.939401626586914,0.0,0.04832467349016716,-27.139894485473633,3
3L5W,12,14.97028636932373,13.830269813537598,38.07589340209961,0.0,0.01969867290815024,-22.752681732177734,45
3L5W,13,10.396367073059082,13.677170753479004,25.9935245513916,0.0,0.03616235247009949,-31.7044677734375,2
3L5W,14,9.149946212768555,9.752269744873047,21.41521644592285,0.0,0.053070134881747714,-26.37137794494629,5
2O8V,0,22.154678344726562,20.827537536621094,70.26587677001953,0.0,0.00652753087138015,-33.68880844116211,3
2O8V,1,22.97517204284668,20.35366439819336,69.2726821899414,0.0,0.006744900600061159,-37.7314453125,1
2O8V,2,17.149085998535156,15.155333518981934,53.74685287475586,0.0,0.01136726101667051,-36.2330207824707,0
2O8V,3,19.67510223388672,20.011245727539062,63.287353515625,0.0,0.007768769047040404,-35.92921829223633,1
2O8V,4,21.18603515625,20.55719566345215,62.5716552734375,0.0,0.0078051009408074135,-36.04862976074219,1
2O8V,5,16.059112548828125,13.63697624206543,44.537113189697266,0.0,0.015699557443747614,-48.37781524658203,0
2O8V,6,21.677316665649414,20.419771194458008,63.10776901245117,0.0,0.007728452704319822,-35.98161315917969,2
2O8V,7,20.310531616210938,20.338558197021484,62.693572998046875,0.0,0.00782000873444797,-34.14796829223633,3
2O8V,8,20.946226119995117,20.338104248046875,64.3143539428711,0.0,0.007525796575156268,-35.34248733520508,2
2O8V,9,15.57299518585205,14.18286418914795,42.982994079589844,0.0,0.01623203907825917,-38.876155853271484,3
2O8V,10,14.638060569763184,14.086982727050781,38.66873550415039,0.0,0.019101010713226046,-47.290618896484375,1
2O8V,11,20.220054626464844,19.70037078857422,63.367584228515625,0.0,0.00781298760785863,-38.18801498413086,0
2O8V,12,8.311063766479492,8.920915603637695,26.60671615600586,0.0,0.04003448194847735,-37.76382064819336,1
2O8V,13,3.926398992538452,3.8110721111297607,9.11225414276123,0.0,0.19980433160611122,-44.16795349121094,0
2O8V,14,14.455803871154785,10.434723854064941,42.28314971923828,0.0,0.019695872374040527,-44.34381103515625,0
3PC8,0,9.41345500946045,10.628883361816406,30.748334884643555,0.0,0.030173345345181842,-48.35931396484375,0
3PC8,1,6.162729263305664,4.697901725769043,18.399906158447266,0.0,0.08946297197369257,-57.797576904296875,0
3PC8,2,4.886341094970703,3.879631757736206,12.200922966003418,0.2,0.2189343059516351,-53.16386795043945,0
3PC8,3,16.873790740966797,13.376988410949707,50.518253326416016,0.0,0.013316110851069603,-37.805667877197266,3
3PC8,4,4.310489177703857,3.4812891483306885,11.498117446899414,0.2,0.23665285588131324,-55.10381317138672,0
3PC8,5,8.612948417663574,6.724827289581299,18.13309669494629,0.2,0.14251434336174693,-46.25656509399414,2
3PC8,6,4.609105587005615,3.679919481277466,12.315784454345703,0.2,0.22170883497771068,-49.28328323364258,0
3PC8,7,5.211904525756836,4.348947525024414,15.730253219604492,0.0,0.11077182467362345,-55.291744232177734,0
3PC8,8,13.029019355773926,11.894322395324707,36.837318420410156,0.0,0.022068772843640425,-42.13441467285156,1
3PC8,9,15.920942306518555,14.59278678894043,54.82276153564453,0.0,0.011310030324976024,-42.66233444213867,0
3PC8,10,8.372684478759766,6.650640964508057,18.572021484375,0.0,0.0738658808801669,-42.81612014770508,1
3PC8,11,9.109649658203125,9.201589584350586,20.15900230407715,0.0,0.05894535830725526,-41.96533203125,1
3PC8,12,3.972898483276367,3.5623576641082764,9.068737983703613,0.6,0.40608672892548464,-51.96352005004883,0
3PC8,13,5.17160177230835,3.995140314102173,14.052835464477539,0.0,0.13046966391184553,-49.98516845703125,0
3PC8,14,15.07823371887207,13.005906105041504,54.04831314086914,0.0,0.01242092682702226,-41.60548782348633,0
1JPS,0,19.463207244873047,16.222732543945312,42.42007827758789,0.0,0.015692636001754103,-18.935293197631836,59
1JPS,1,16.333112716674805,16.15679359436035,33.64286804199219,0.0,0.022849779349733673,-25.423015594482422,8
1JPS,2,19.09587287902832,18.305700302124023,36.12137985229492,0.0,0.01971287920525012,-23.947389602661133,8
1JPS,3,21.410701751708984,20.159997940063477,48.623619079589844,0.0,0.011719568126085829,-35.89598846435547,1
1JPS,4,24.69251251220703,26.90262794494629,52.04391860961914,0.0,0.009693572545371303,-34.57215881347656,0
1JPS,5,15.896051406860352,16.382394790649414,31.406702041625977,0.0,0.025520790533307986,-22.913942337036133,11
1JPS,6,24.078706741333008,20.319604873657227,52.51007843017578,0.0,0.010317975470625755,-30.35981559753418,9
1JPS,7,27.126541137695312,27.04094696044922,59.08908462524414,0.0,0.007780371690351464,-24.976316452026367,13
1JPS,8,22.660457611083984,19.44911766052246,41.57579803466797,0.0,0.015344704689943374,-25.932201385498047,2
1JPS,9,16.89276885986328,19.358285903930664,35.629024505615234,0.0,0.019939592757722707,-29.592144012451172,2
1JPS,10,25.025693893432617,20.557701110839844,47.154361724853516,0.0,0.012255494026814806,-19.01476287841797,33
1JPS,11,18.0296573638916,16.548999786376953,34.535621643066406,0.0,0.021755039100221998,-25.96580696105957,9
1JPS,12,14.486516952514648,16.5488224029541,34.6993522644043,0.0,0.021585996526996627,-24.104711532592773,2
1JPS,13,22.640790939331055,18.127239227294922,51.888221740722656,0.0,0.010978118426517821,-31.9323673248291,10
1JPS,14,16.697927474975586,19.37693214416504,35.91310119628906,0.0,0.019667940490368584,-34.68885040283203,0
4M3K,0,14.98941421508789,13.279922485351562,28.778966903686523,0.0,0.030944205877294486,-40.226531982421875,3
4M3K,1,13.73060417175293,13.797075271606445,31.19712257385254,0.0,0.02692889321673538,-43.72072219848633,12
4M3K,2,15.426012992858887,13.454567909240723,30.876052856445312,0.0,0.027574834843468284,-43.61555862426758,8
4M3K,3,16.848522186279297,13.189297676086426,27.27338981628418,0.0,0.03376705761455723,-38.765830993652344,6
4M3K,4,12.892036437988281,11.77403736114502,27.543529510498047,0.0,0.03430853102169753,-40.17176818847656,4
4M3K,5,8.701883316040039,10.090479850769043,26.4899959564209,0.0,0.03832346969701272,-41.146461486816406,2
4M3K,6,15.154561042785645,13.709985733032227,31.925983428955078,0.0,0.026006998486844627,-39.47433090209961,3
4M3K,7,14.875299453735352,13.625062942504883,31.842634201049805,0.0,0.026163677560319818,-42.68453598022461,6
4M3K,8,11.081948280334473,11.618480682373047,28.06401252746582,0.0,0.033474041225917135,-38.54063034057617,3
4M3K,9,12.841071128845215,13.644618034362793,37.07526397705078,0.0,0.020625992170574415,-49.73501205444336,0
4M3K,10,13.721879959106445,11.739906311035156,24.303943634033203,0.0,0.041682789270847925,-36.604248046875,7
4M3K,11,14.895018577575684,14.00390338897705,34.90486145019531,0.0,0.022441598052082738,-42.74732208251953,11
4M3K,12,13.270634651184082,13.407120704650879,37.49504470825195,0.0,0.020413986037900025,-50.01572036743164,0
4M3K,13,10.201315879821777,10.452046394348145,30.628646850585938,0.0,0.030563036322911758,-44.15666580200195,1
4M3K,14,11.848971366882324,13.3041410446167,48.73847198486328,0.0,0.014023310837326136,-32.78760528564453,7
1HCF,0,10.938202857971191,13.015514373779297,28.096174240112305,0.0,0.03231967669989102,-24.172462463378906,7
1HCF,1,17.879051208496094,19.250322341918945,47.42295455932617,0.0,0.012387108517559428,-24.04239273071289,14
1HCF,2,18.748319625854492,16.923789978027344,51.80598831176758,0.0,0.011336330226072203,-25.03171730041504,7
1HCF,3,12.57548713684082,14.353135108947754,28.48740577697754,0.444444,0.17899952559873808,-22.873291015625,7
1HCF,4,9.63207721710205,9.750420570373535,28.778064727783203,0.0,0.034453048824478506,-23.54422950744629,12
1HCF,5,20.47464942932129,20.987207412719727,55.29890060424805,0.0,0.009387919098777784,-22.829326629638672,15
1HCF,6,23.909372329711914,26.31018829345703,67.31456756591797,0.0,0.006311476507526101,-7.925011157989502,0
1HCF,7,9.394991874694824,8.983241081237793,23.442699432373047,0.444444,0.19592074839023702,-24.129552841186523,10
1HCF,8,3.838735580444336,4.076312065124512,9.289365768432617,0.888889,0.487954478983846,-25.714622497558594,9
1HCF,9,12.830554962158203,13.949785232543945,32.73488998413086,0.0,0.024865197254089987,-24.4838924407959,11
1HCF,10,19.144306182861328,17.40621566772461,53.567405700683594,0.0,0.01064402177079269,-27.78790855407715,5
1HCF,11,22.410490036010742,18.775278091430664,54.28586196899414,0.0,0.010090812969154933,-25.291519165039062,17
1HCF,12,23.856708526611328,19.988412857055664,57.69044494628906,0.0,0.008949084447373088,-24.369504928588867,19
1HCF,13,10.849266052246094,11.24789047241211,26.832590103149414,0.333333,0.14733468054420165,-26.516860961914062,6
1HCF,14,9.595444679260254,11.20692253112793,26.17059898376465,0.0,0.037674339246280046,-24.893335342407227,8
1A2K,0,17.338268280029297,17.46027183532715,33.69373321533203,0.0,0.022386610877202947,-32.961063385009766,7
1A2K,1,16.42886734008789,16.954444885253906,33.40999984741211,0.0,0.022852867653922127,-34.21921157836914,5
1A2K,2,18.60575294494629,17.016447067260742,34.013309478759766,0.0,0.022163572956059887,-33.22623825073242,8
1A2K,3,18.940763473510742,17.77606964111328,36.67230987548828,0.0,0.01935142381140652,-32.50983810424805,8
1A2K,4,16.052953720092773,16.11679458618164,31.163951873779297,0.0,0.025943249209864825,-35.51091384887695,4
1A2K,5,18.701799392700195,16.94057846069336,34.33888626098633,0.0,0.02183803537240653,-36.71302795410156,2
1A2K,6,18.809785842895508,15.327178955078125,34.924049377441406,0.0,0.021803484209451263,-40.34353256225586,1
1A2K,7,16.590044021606445,16.430055618286133,32.223060607910156,0.0,0.02444081092826544,-31.36260414123535,7
1A2K,8,18.052873611450195,14.548233985900879,33.45298767089844,0.0,0.023721414747419,-33.59071731567383,4
1A2K,9,16.960481643676758,17.56399917602539,33.13383483886719,0.0,0.02299583039671382,-31.36745834350586,8
1A2K,10,18.9967098236084,16.00922203063965,34.795806884765625,0.0,0.021671982903962498,-34.062870025634766,9
1A2K,11,16.875642776489258,16.92080307006836,33.08488464355469,0.0,0.023238524734232588,-33.003807067871094,4
1A2K,12,17.2026309967041,16.92867660522461,33.75335693359375,0.0,0.022474978678904658,-32.4426383972168,5
1A2K,13,16.441116333007812,16.558210372924805,30.18351936340332,0.0,0.02720570408970772,-31.551137924194336,3
1A2K,14,18.593082427978516,14.429779052734375,34.66745376586914,0.0,0.022465971708507188,-39.836830139160156,2
6BPC,0,16.2526798248291,14.594164848327637,29.947887420654297,0.0,0.02833505897004743,-30.782461166381836,0
6BPC,1,17.107973098754883,16.360122680664062,36.939727783203125,0.0,0.01954063116681001,-27.593324661254883,0
6BPC,2,20.412023544311523,16.741870880126953,35.06825637817383,0.0,0.02115120975393972,-31.86671257019043,0
6BPC,3,19.703170776367188,12.517964363098145,43.1351318359375,0.0,0.017178238083660955,-19.818662643432617,6
6BPC,4,23.080942153930664,15.21869945526123,42.12342071533203,0.0,0.016248820255384412,-23.509044647216797,2
6BPC,5,22.38572120666504,16.484577178955078,45.26560974121094,0.0,0.014090813564774476,-20.746212005615234,4
6BPC,6,18.97058868408203,18.308921813964844,33.87455749511719,0.0,0.02196715756610208,-20.449766159057617,2
6BPC,7,21.43694496154785,15.85280704498291,42.68442153930664,0.0,0.0156720468533717,-22.337465286254883,3
6BPC,8,17.951852798461914,13.304986000061035,31.48240852355957,0.0,0.026831224031997263,-21.992799758911133,2
6BPC,9,19.629547119140625,15.935503959655762,36.510440826416016,0.0,0.02006547461369897,-27.493770599365234,0
6BPC,10,16.069658279418945,11.740569114685059,34.0906867980957,0.0,0.02486342380324835,-31.404504776000977,0
6BPC,11,26.32421112060547,22.03239631652832,43.82420349121094,0.0,0.013623012502224521,-18.508787155151367,20
6BPC,12,22.382898330688477,18.157941818237305,37.26825714111328,0.0,0.018741494257864234,-17.715360641479492,14
6BPC,13,21.969316482543945,20.149023056030273,36.4933967590332,0.0,0.0189903368533732,-17.658817291259766,9
6BPC,14,23.2880802154541,16.107276916503906,43.91926956176758,0.0,0.014900671840627705,-20.621583938598633,4
1FFW,0,12.598264694213867,10.000417709350586,43.002891540527344,0.0,0.01986798356803916,-41.062156677246094,0
1FFW,1,15.144649505615234,13.649853706359863,43.0467643737793,0.0,0.0164863768685852,-45.468223571777344,0
1FFW,2,15.382905006408691,12.482439041137695,44.352813720703125,0.0,0.01655389589224209,-39.98078918457031,1
1FFW,3,11.476507186889648,8.704697608947754,39.109230041503906,0.0,0.024648041765212302,-41.303985595703125,0
1FFW,4,4.5169596672058105,4.468580722808838,15.921724319458008,0.0,0.1076877447336952,-55.182716369628906,0
1FFW,5,8.017166137695312,8.473498344421387,27.07777214050293,0.0,0.04002852435144443,-57.04347610473633,0
1FFW,6,14.668115615844727,11.725068092346191,43.707489013671875,0.0,0.017514982887268698,-38.6630973815918,0
1FFW,7,14.81455135345459,12.906227111816406,52.119361877441406,0.0,0.01307869478495103,-38.354000091552734,1
1FFW,8,5.744856357574463,5.426780700683594,13.152412414550781,0.0,0.12186408584507402,-46.445167541503906,0
1FFW,9,12.4186429977417,9.361124992370605,39.60696792602539,0.0,0.02302074913826732,-47.45121383666992,0
1FFW,10,4.017266273498535,4.047427177429199,10.221593856811523,0.0,0.176525193700346,-51.473018646240234,0
1FFW,11,12.765970230102539,9.68099594116211,40.945953369140625,0.0,0.021585987009214467,-42.54489517211914,0
1FFW,12,11.831140518188477,10.960785865783691,41.21855926513672,0.0,0.01972504427664515,-47.876617431640625,0
1FFW,13,12.729085922241211,9.875283241271973,42.430179595947266,0.0,0.020378309394284397,-47.41450881958008,0
1FFW,14,3.9405808448791504,4.492363452911377,9.15614128112793,0.0,0.18773172516614692,-39.451622009277344,0
1SYX,0,18.659643173217773,14.088172912597656,52.67299270629883,0.0,0.012196530911163649,-47.319766998291016,0
1SYX,1,9.260549545288086,7.5643157958984375,30.467876434326172,0.0,0.036681939009049876,-58.802223205566406,0
1SYX,2,10.451253890991211,8.815420150756836,31.519651412963867,0.0,0.03197728854963856,-42.686439514160156,3
1SYX,3,3.5166451930999756,3.373523712158203,8.602065086364746,0.5,0.38636707685826366,-57.572696685791016,0
1SYX,4,18.765043258666992,16.313148498535156,56.948543548583984,0.0,0.010058771616592648,-62.84081268310547,0
1SYX,5,7.757122039794922,9.740580558776855,22.95001220703125,0.0,0.04793074653592214,-41.29962158203125,4
1SYX,6,10.92293930053711,8.203226089477539,34.481632232666016,0.0,0.02987977834272447,-60.41122055053711,0
1SYX,7,18.091663360595703,14.87080192565918,58.05976104736328,0.0,0.010351837071862513,-60.161468505859375,0
1SYX,8,6.388832092285156,5.861258506774902,21.57796859741211,0.0,0.06526568507701022,-46.39609909057617,0
1SYX,9,4.872981548309326,5.665365695953369,15.773201942443848,0.0,0.09685207120374129,-59.97196960449219,0
1SYX,10,15.210287094116211,12.558719635009766,42.62602233886719,0.0,0.017436049793635788,-58.21186828613281,0
1SYX,11,11.628144264221191,10.421248435974121,31.674667358398438,0.0,0.0291577184153413,-43.99556350708008,1
1SYX,12,15.417405128479004,11.846786499023438,49.146907806396484,0.0,0.014940687729565047,-57.884422302246094,0
1SYX,13,18.493623733520508,15.803563117980957,59.032527923583984,0.0,0.009746676515224291,-55.67863082885742,0
1SYX,14,11.56322956085205,10.083085060119629,30.16565704345703,0.0,0.03173655150362913,-40.14400863647461,16
2A1A,0,12.12154769897461,12.13280963897705,25.383298873901367,0.0,0.038627796778947,-38.12507629394531,2
2A1A,1,15.048829078674316,11.813009262084961,33.45944595336914,0.0,0.025497036171575792,-48.4647331237793,0
2A1A,2,14.319975852966309,11.547330856323242,33.34597396850586,0.0,0.025868496161088366,-39.85564422607422,1
2A1A,3,10.884383201599121,10.589018821716309,24.009706497192383,0.0,0.043681861165011715,-35.80741882324219,3
2A1A,4,13.748458862304688,12.496021270751953,29.48615074157715,0.0,0.030309607433698597,-38.85026168823242,2
2A1A,5,11.92587661743164,10.617956161499023,28.65384292602539,0.0,0.03348243103596137,-37.689537048339844,1
2A1A,6,8.51513385772705,8.845623016357422,19.219402313232422,0.0,0.06384950274682326,-40.002872467041016,0
2A1A,7,9.215407371520996,9.669025421142578,22.496753692626953,0.0,0.04947488054391223,-38.58136749267578,0
2A1A,8,12.798075675964355,10.010863304138184,32.186119079589844,0.0,0.029051413224759803,-36.21464157104492,1
2A1A,9,10.924829483032227,10.488134384155273,25.76776695251465,0.0,0.03939325218827078,-43.70579528808594,0
2A1A,10,14.742398262023926,11.997305870056152,35.381771087646484,0.0,0.023318657225054176,-40.19512939453125,0
2A1A,11,14.403024673461914,12.272317886352539,45.30009841918945,0.0,0.01624326404727124,-35.56896209716797,2
2A1A,12,10.855566024780273,11.406962394714355,24.273897171020508,0.0,0.04207468008477524,-40.83898162841797,0
2A1A,13,13.130558013916016,11.07676887512207,29.9916934967041,0.0,0.03078607379106255,-37.42295837402344,2
2A1A,14,11.083690643310547,11.558890342712402,24.484655380249023,0.0,0.04137219151985487,-40.61177062988281,0
3R9A,0,12.782674789428711,13.216756820678711,29.267051696777344,0.0,0.030168127635825315,-26.107685089111328,60
3R9A,1,36.63919448852539,26.342134475708008,89.42780303955078,0.0,0.004061800170583254,-27.156742095947266,39
3R9A,2,34.441219329833984,24.03563117980957,91.62345123291016,0.0,0.0041375294644054265,-30.499889373779297,11
3R9A,3,14.170116424560547,12.180124282836914,32.12748336791992,0.0,0.026786115427456163,-29.32918357849121,37
3R9A,4,15.091262817382812,11.28749942779541,35.35548782348633,0.0,0.023998222398630132,-43.09002685546875,0
3R9A,5,16.587703704833984,10.562209129333496,39.922889709472656,0.0,0.021044941826909132,-31.937824249267578,12
3R9A,6,21.055830001831055,17.452369689941406,64.44083404541016,0.0,0.008144679965423953,-27.75394058227539,14
3R9A,7,35.72959899902344,26.67941665649414,92.5263442993164,0.0,0.0038399214752420532,-27.39602279663086,23
3R9A,8,26.088735580444336,15.357742309570312,71.88477325439453,0.0,0.007746146315422617,-30.63243865966797,7
3R9A,9,28.0956974029541,16.015045166015625,73.1036605834961,0.0,0.007345132747994439,-29.09341049194336,9
3R9A,10,17.776811599731445,13.961297988891602,39.23051834106445,0.0,0.01875054167771906,-21.330129623413086,84
3R9A,11,35.17311477661133,24.548175811767578,92.47322082519531,0.0,0.004032691481842329,-29.54901123046875,12
3R9A,12,28.947561264038086,14.739846229553223,71.82508087158203,0.0,0.008020535464971489,-26.942161560058594,18
3R9A,13,16.67171287536621,12.548365592956543,39.54540252685547,0.0,0.019416032392453823,-30.85139274597168,11
3R9A,14,23.117067337036133,17.542272567749023,67.70684051513672,0.0,0.007591519880894036,-27.71103858947754,11
3LVK,0,24.06735610961914,28.952421188354492,85.4292221069336,0.0,0.004159907675975531,-32.68639373779297,0
3LVK,1,20.047527313232422,25.870784759521484,72.72574615478516,0.0,0.005608906436069059,-39.07265090942383,0
3LVK,2,6.797943115234375,10.732870101928711,24.109800338745117,0.0,0.04323700759088513,-34.20646667480469,0
3LVK,3,21.474674224853516,25.31978416442871,76.56072998046875,0.0,0.005224461070273584,-39.0794792175293,0
3LVK,4,21.362642288208008,26.593080520629883,76.11885833740234,0.0,0.005162517786850088,-44.2938232421875,0
3LVK,5,4.852016448974609,9.49891185760498,17.14940071105957,0.0,0.07384816410827402,-40.957942962646484,0
3LVK,6,6.7144389152526855,10.649006843566895,24.011995315551758,0.0,0.04360333687348896,-25.36430549621582,1
3LVK,7,21.038408279418945,25.13698959350586,75.2738037109375,0.0,0.005379620512832862,-38.163639068603516,0
3LVK,8,6.647178649902344,11.165506362915039,23.544179916381836,0.0,0.04434556686228524,-29.617612838745117,1
3LVK,9,21.037944793701172,25.178211212158203,75.35708618164062,0.0,0.0053666096761334605,-43.453285217285156,0
3LVK,10,7.053747653961182,11.656320571899414,25.17868423461914,0.0,0.03953199827162734,-34.57088088989258,0
3LVK,11,21.429105758666992,24.98934555053711,76.23822021484375,0.0,0.005289373204051676,-34.33804702758789,1
3LVK,12,5.96962833404541,10.088186264038086,21.320453643798828,0.0,0.052925303040651565,-28.658933639526367,0
3LVK,13,21.557586669921875,26.211904525756836,76.7578125,0.0,0.0051261479676072644,-34.731239318847656,0
3LVK,14,4.630560398101807,7.889848232269287,17.248050689697266,0.0,0.07676289605272558,-43.705379486083984,0
2OZA,0,23.295446395874023,19.41399574279785,37.458335876464844,0.018182,0.02436227098807743,-28.563304901123047,14
2OZA,1,10.600639343261719,11.771524429321289,34.00333023071289,0.0,0.0249302223582014,-26.3799991607666,15
2OZA,2,9.1322603225708,8.748658180236816,17.249393463134766,0.0,0.07464586962891197,-22.587438583374023,51
2OZA,3,11.886699676513672,12.619501113891602,36.029293060302734,0.0,0.022218368702449105,-25.12557601928711,14
2OZA,4,16.566102981567383,16.018535614013672,54.232242584228516,0.0,0.010889620483835655,-26.03584861755371,20
2OZA,5,21.20319366455078,18.732057571411133,43.800025939941406,0.0,0.014221772672621806,-30.483642578125,10
2OZA,6,8.924225807189941,10.059804916381836,27.07007598876953,0.0,0.03716563635780044,-28.858016967773438,8
2OZA,7,10.823162078857422,11.495162963867188,34.655723571777344,0.0,0.02449538897022995,-29.356430053710938,4
2OZA,8,20.50921058654785,17.499242782592773,41.017547607421875,0.0,0.0161564547825919,-32.056270599365234,8
2OZA,9,24.95262908935547,21.100772857666016,40.272247314453125,0.0,0.01589197711833323,-28.742799758911133,21
2OZA,10,21.029159545898438,17.492904663085938,45.068336486816406,0.0,0.013882765866215821,-27.235742568969727,19
2OZA,11,13.144208908081055,12.900400161743164,42.1245231628418,0.0,0.01748764499695951,-28.5635929107666,26
2OZA,12,9.130349159240723,10.7943115234375,29.46725082397461,0.0,0.03191994851971424,-28.92486572265625,10
2OZA,13,19.213211059570312,21.309778213500977,61.78074645996094,0.0,0.007835955509573231,-23.25431251525879,6
2OZA,14,21.98977279663086,17.39810562133789,38.60105514526367,0.0,0.01787485810323725,-28.40045166015625,16
1R0R,0,3.0330557823181152,3.3080928325653076,8.318437576293945,0.15625,0.2791943287067075,-43.47764205932617,1
1R0R,1,4.659138202667236,5.424856662750244,12.510536193847656,0.03125,0.13936771543218027,-43.292633056640625,1
1R0R,2,8.929469108581543,9.72965145111084,29.229774475097656,0.0,0.03372889590526107,-49.03985595703125,0
1R0R,3,3.36592698097229,3.365401268005371,10.319413185119629,0.09375,0.221234106711487,-50.91754913330078,0
1R0R,4,2.594639301300049,3.2748963832855225,6.836638450622559,0.25,0.3435356386398167,-45.67682647705078,1
1R0R,5,2.5319578647613525,3.2615716457366943,6.815073013305664,0.25,0.34442829733982583,-42.490516662597656,1
1R0R,6,1.4855366945266724,1.8836297988891602,4.208468437194824,0.375,0.5220615690653961,-44.27818298339844,3
1R0R,7,8.711050033569336,11.272384643554688,27.538328170776367,0.0,0.03479448862580977,-44.207611083984375,2
1R0R,8,7.360118865966797,7.114369869232178,23.956453323364258,0.0625,0.07229198751027209,-52.2515754699707,0
1R0R,9,3.2480647563934326,3.169466018676758,10.97196102142334,0.34375,0.30060242943395615,-44.99285125732422,2
1R0R,10,3.3974010944366455,4.142393112182617,8.785772323608398,0.125,0.24146512614846607,-41.08802795410156,4
1R0R,11,6.36260986328125,6.640384674072266,22.179033279418945,0.0,0.05887194910641163,-40.19064712524414,7
1R0R,12,4.2358503341674805,5.421853542327881,11.645523071289062,0.1875,0.20205797282435048,-43.62492370605469,3
1R0R,13,6.819309234619141,8.025863647460938,21.94492530822754,0.0,0.05473545227470736,-41.02573013305664,4
1R0R,14,4.817358493804932,6.217669486999512,13.561888694763184,0.09375,0.14359450816903477,-44.008514404296875,1
2ABZ,0,8.534245491027832,9.80204963684082,24.406763076782227,0.0,0.043683491721172835,-50.34886169433594,5
2ABZ,1,7.714926242828369,9.337603569030762,22.43816566467285,0.0,0.05021701559438763,-53.977725982666016,5
2ABZ,2,7.865328311920166,9.733692169189453,23.099884033203125,0.0,0.047483385199925614,-52.8554573059082,3
2ABZ,3,6.172721862792969,7.386354923248291,20.2762508392334,0.0,0.06302546245035608,-48.91740036010742,5
2ABZ,4,8.366837501525879,9.761947631835938,24.918996810913086,0.0,0.042430647307760576,-52.48769760131836,1
2ABZ,5,5.4887919425964355,7.716715335845947,17.07411003112793,0.0,0.07834025882769792,-55.420162200927734,1
2ABZ,6,7.112146854400635,8.115790367126465,19.80864715576172,0.0,0.06284369962379942,-54.28470230102539,0
2ABZ,7,7.6460113525390625,10.061809539794922,23.106904983520508,0.0,0.04697681122645731,-48.115665435791016,2
2ABZ,8,8.303516387939453,9.119587898254395,24.38580322265625,0.0,0.04489188408184668,-50.29301071166992,2
2ABZ,9,8.550973892211914,9.851760864257812,24.98394012451172,0.0,0.04213259150729406,-50.66183090209961,1
2ABZ,10,8.074553489685059,7.82707405090332,22.92329216003418,0.0,0.05210009453282908,-49.87250518798828,3
2ABZ,11,7.796101093292236,8.342337608337402,22.880170822143555,0.0,0.050864282277030715,-49.74488067626953,0
2ABZ,12,7.579480171203613,9.421406745910645,23.4083194732666,0.25,0.13040551893562605,-49.35789108276367,3
2ABZ,13,5.927310466766357,8.528680801391602,18.067455291748047,0.0,0.07040878051191407,-56.05778121948242,0
2ABZ,14,7.239001750946045,7.94298791885376,21.340131759643555,0.0,0.05712075830484448,-44.01618957519531,27
1JK9,0,22.544252395629883,22.705617904663086,56.70964431762695,0.0,0.008772543497972176,-48.23299789428711,0
1JK9,1,21.63639259338379,20.217618942260742,53.8110466003418,0.0,0.009939470303943437,-34.602317810058594,2
1JK9,2,18.327295303344727,17.825559616088867,45.934242248535156,0.0,0.013379985563028824,-42.88957977294922,0
1JK9,3,14.13754940032959,12.850067138671875,24.772274017333984,0.088235,0.06900386509668464,-42.681907653808594,0
1JK9,4,14.21882152557373,13.412569046020508,23.73825454711914,0.147059,0.09101870504654787,-40.297882080078125,12
1JK9,5,18.414567947387695,17.441932678222656,40.30764389038086,0.0,0.01663929100985915,-43.029598236083984,2
1JK9,6,14.879822731018066,14.18205451965332,24.830469131469727,0.058824,0.05825974347352384,-41.732421875,9
1JK9,7,14.93461799621582,14.095653533935547,25.070751190185547,0.088235,0.06751002315880363,-40.5917854309082,5
1JK9,8,12.281041145324707,10.609712600708008,23.246932983398438,0.088235,0.07525268176367182,-39.935523986816406,17
1JK9,9,14.317914009094238,13.095898628234863,24.262414932250977,0.117647,0.07997154278751169,-41.64351272583008,5
1JK9,10,14.717691421508789,13.95142936706543,24.58629035949707,0.058824,0.059004691274653374,-43.268699645996094,4
1JK9,11,20.952564239501953,20.932626724243164,53.68507766723633,0.0,0.009854756782127322,-46.139793395996094,0
1JK9,12,14.50577163696289,13.562326431274414,24.417509078979492,0.117647,0.07927170985845385,-39.330665588378906,4
1JK9,13,18.29315948486328,16.87090301513672,39.600921630859375,0.0,0.01729499327677859,-43.2449951171875,9
1JK9,14,12.130684852600098,11.126603126525879,21.174488067626953,0.088235,0.0816215552398326,-40.13895797729492,6
1EWY,0,18.249103546142578,13.493667602539062,48.02928161621094,0.0,0.014191848045120853,-26.472475051879883,22
1EWY,1,8.875690460205078,7.127288818359375,22.100021362304688,0.0,0.05709332762684471,-42.34288024902344,0
1EWY,2,9.139479637145996,9.767242431640625,23.52351951599121,0.0,0.04617657768588904,-32.17524719238281,8
1EWY,3,18.83049774169922,15.711568832397461,52.8288688659668,0.0,0.011422310694126706,-30.433536529541016,8
1EWY,4,10.864717483520508,8.480547904968262,31.526596069335938,0.0,0.03270045718394526,-37.40134811401367,6
1EWY,5,9.936155319213867,10.163948059082031,23.77110481262207,0.0,0.04489396278301244,-32.12157440185547,5
1EWY,6,17.917253494262695,11.70193099975586,43.30978775024414,0.0,0.01775168980009151,-24.13750648498535,31
1EWY,7,8.894342422485352,9.269450187683105,20.851362228393555,0.0,0.05600493154137201,-30.960430145263672,8
1EWY,8,7.827814102172852,8.897466659545898,17.294179916381836,0.0,0.07406751478327306,-34.66462707519531,3
1EWY,9,14.523879051208496,10.222776412963867,33.912696838378906,0.1,0.06006170801388141,-21.813032150268555,62
1EWY,10,14.474656105041504,12.68062973022461,41.722591400146484,0.0,0.017883373354549165,-29.309221267700195,8
1EWY,11,5.42181396484375,4.720753192901611,12.633898735046387,0.2,0.20110233957460166,-35.221710205078125,8
1EWY,12,10.512702941894531,10.093862533569336,24.8051815032959,0.0,0.04223002299273513,-31.623111724853516,26
1EWY,13,14.123811721801758,14.946943283081055,37.31315612792969,0.0,0.01976807290810679,-37.69374465942383,7
1EWY,14,7.506747245788574,6.855368614196777,16.79920768737793,0.0,0.08317271787596431,-38.51166915893555,2
